questionCode,sourceItemId,lessonCode,unit,lesson,pdfPage,printedPageNumber,pdfPageIndex,section,printedQuestionNumber,mainSkillId,subSkillId,imageFileName,imageHash,cropStatus,cropQa,cropRule
TAH-BIO-BIO26-L01-Q001,BIO26-PDF005-L01-S1-Q001,BIO26-L01,أحياء 1,دراسة الحياة,5,5,4,1,1,BIO26-M01,BIO26-S01-01,,,NOT_STARTED,NOT_RUN,ONE_QUESTION_ONE_IMAGE_ONE_CODE; exclude number/year/stars/badge/next-question/header; preserve full biological figure/labels/arrows/table/options
TAH-BIO-BIO26-L01-Q002,BIO26-PDF005-L01-S1-Q002,BIO26-L01,أحياء 1,دراسة الحياة,5,5,4,1,2,BIO26-M01,BIO26-S01-01,,,NOT_STARTED,NOT_RUN,ONE_QUESTION_ONE_IMAGE_ONE_CODE; exclude number/year/stars/badge/next-question/header; preserve full biological figure/labels/arrows/table/options
TAH-BIO-BIO26-L01-Q003,BIO26-PDF005-L01-S1-Q003,BIO26-L01,أحياء 1,دراسة الحياة,5,5,4,1,3,BIO26-M01,BIO26-S01-02,,,NOT_STARTED,NOT_RUN,ONE_QUESTION_ONE_IMAGE_ONE_CODE; exclude number/year/stars/badge/next-question/header; preserve full biological figure/labels/arrows/table/options
TAH-BIO-BIO26-L01-Q004,BIO26-PDF005-L01-S1-Q004,BIO26-L01,أحياء 1,دراسة الحياة,5,5,4,1,4,BIO26-M01,BIO26-S01-02,,,NOT_STARTED,NOT_RUN,ONE_QUESTION_ONE_IMAGE_ONE_CODE; exclude number/year/stars/badge/next-question/header; preserve full biological figure/labels/arrows/table/options
TAH-BIO-BIO26-L01-Q005,BIO26-PDF005-L01-S1-Q005,BIO26-L01,أحياء 1,دراسة الحياة,5,5,4,1,5,BIO26-M01,BIO26-S01-02,,,NOT_STARTED,NOT_RUN,ONE_QUESTION_ONE_IMAGE_ONE_CODE; exclude number/year/stars/badge/next-question/header; preserve full biological figure/labels/arrows/table/options
TAH-BIO-BIO26-L01-Q006,BIO26-PDF005-L01-S1-Q006,BIO26-L01,أحياء 1,دراسة الحياة,5,5,4,1,6,BIO26-M01,BIO26-S01-03,,,NOT_STARTED,NOT_RUN,ONE_QUESTION_ONE_IMAGE_ONE_CODE; exclude number/year/stars/badge/next-question/header; preserve full biological figure/labels/arrows/table/options
TAH-BIO-BIO26-L01-Q007,BIO26-PDF005-L01-S1-Q007,BIO26-L01,أحياء 1,دراسة الحياة,5,5,4,1,7,BIO26-M01,BIO26-S01-03,,,NOT_STARTED,NOT_RUN,ONE_QUESTION_ONE_IMAGE_ONE_CODE; exclude number/year/stars/badge/next-question/header; preserve full biological figure/labels/arrows/table/options
TAH-BIO-BIO26-L01-Q008,BIO26-PDF005-L01-S1-Q008,BIO26-L01,أحياء 1,دراسة الحياة,5,5,4,1,8,BIO26-M01,BIO26-S01-03,,,NOT_STARTED,NOT_RUN,ONE_QUESTION_ONE_IMAGE_ONE_CODE; exclude number/year/stars/badge/next-question/header; preserve full biological figure/labels/arrows/table/options
TAH-BIO-BIO26-L01-Q009,BIO26-PDF005-L01-S1-Q009,BIO26-L01,أحياء 1,دراسة الحياة,5,5,4,1,9,BIO26-M01,BIO26-S01-03,,,NOT_STARTED,NOT_RUN,ONE_QUESTION_ONE_IMAGE_ONE_CODE; exclude number/year/stars/badge/next-question/header; preserve full biological figure/labels/arrows/table/options
TAH-BIO-BIO26-L01-Q010,BIO26-PDF005-L01-S1-Q010,BIO26-L01,أحياء 1,دراسة الحياة,5,5,4,1,10,BIO26-M01,BIO26-S01-03,,,NOT_STARTED,NOT_RUN,ONE_QUESTION_ONE_IMAGE_ONE_CODE; exclude number/year/stars/badge/next-question/header; preserve full biological figure/labels/arrows/table/options
TAH-BIO-BIO26-L01-Q011,BIO26-PDF005-L01-S1-Q011,BIO26-L01,أحياء 1,دراسة الحياة,5,5,4,1,11,BIO26-M01,BIO26-S01-03,,,NOT_STARTED,NOT_RUN,ONE_QUESTION_ONE_IMAGE_ONE_CODE; exclude number/year/stars/badge/next-question/header; preserve full biological figure/labels/arrows/table/options
TAH-BIO-BIO26-L01-Q012,BIO26-PDF005-L01-S1-Q012,BIO26-L01,أحياء 1,دراسة الحياة,5,5,4,1,12,BIO26-M01,BIO26-S01-03,,,NOT_STARTED,NOT_RUN,ONE_QUESTION_ONE_IMAGE_ONE_CODE; exclude number/year/stars/badge/next-question/header; preserve full biological figure/labels/arrows/table/options
TAH-BIO-BIO26-L01-Q013,BIO26-PDF005-L01-S1-Q013,BIO26-L01,أحياء 1,دراسة الحياة,5,5,4,1,13,BIO26-M01,BIO26-S01-03,,,NOT_STARTED,NOT_RUN,ONE_QUESTION_ONE_IMAGE_ONE_CODE; exclude number/year/stars/badge/next-question/header; preserve full biological figure/labels/arrows/table/options
TAH-BIO-BIO26-L01-Q014,BIO26-PDF005-L01-S1-Q014,BIO26-L01,أحياء 1,دراسة الحياة,5,5,4,1,14,BIO26-M01,BIO26-S01-03,,,NOT_STARTED,NOT_RUN,ONE_QUESTION_ONE_IMAGE_ONE_CODE; exclude number/year/stars/badge/next-question/header; preserve full biological figure/labels/arrows/table/options
TAH-BIO-BIO26-L01-Q015,BIO26-PDF005-L01-S1-Q015,BIO26-L01,أحياء 1,دراسة الحياة,5,5,4,1,15,BIO26-M01,BIO26-S01-03,,,NOT_STARTED,NOT_RUN,ONE_QUESTION_ONE_IMAGE_ONE_CODE; exclude number/year/stars/badge/next-question/header; preserve full biological figure/labels/arrows/table/options
TAH-BIO-BIO26-L01-Q016,BIO26-PDF006-L01-S1-Q016,BIO26-L01,أحياء 1,دراسة الحياة,6,6,5,1,16,BIO26-M01,BIO26-S01-03,,,NOT_STARTED,NOT_RUN,ONE_QUESTION_ONE_IMAGE_ONE_CODE; exclude number/year/stars/badge/next-question/header; preserve full biological figure/labels/arrows/table/options
TAH-BIO-BIO26-L01-Q017,BIO26-PDF006-L01-S1-Q017,BIO26-L01,أحياء 1,دراسة الحياة,6,6,5,1,17,BIO26-M01,BIO26-S01-03,,,NOT_STARTED,NOT_RUN,ONE_QUESTION_ONE_IMAGE_ONE_CODE; exclude number/year/stars/badge/next-question/header; preserve full biological figure/labels/arrows/table/options
TAH-BIO-BIO26-L01-Q018,BIO26-PDF006-L01-S1-Q018,BIO26-L01,أحياء 1,دراسة الحياة,6,6,5,1,18,BIO26-M01,BIO26-S01-03,,,NOT_STARTED,NOT_RUN,ONE_QUESTION_ONE_IMAGE_ONE_CODE; exclude number/year/stars/badge/next-question/header; preserve full biological figure/labels/arrows/table/options
TAH-BIO-BIO26-L01-Q019,BIO26-PDF006-L01-S1-Q019,BIO26-L01,أحياء 1,دراسة الحياة,6,6,5,1,19,BIO26-M01,BIO26-S01-03,,,NOT_STARTED,NOT_RUN,ONE_QUESTION_ONE_IMAGE_ONE_CODE; exclude number/year/stars/badge/next-question/header; preserve full biological figure/labels/arrows/table/options
TAH-BIO-BIO26-L01-Q020,BIO26-PDF006-L01-S1-Q020,BIO26-L01,أحياء 1,دراسة الحياة,6,6,5,1,20,BIO26-M01,BIO26-S01-03,,,NOT_STARTED,NOT_RUN,ONE_QUESTION_ONE_IMAGE_ONE_CODE; exclude number/year/stars/badge/next-question/header; preserve full biological figure/labels/arrows/table/options
TAH-BIO-BIO26-L01-Q021,BIO26-PDF006-L01-S1-Q021,BIO26-L01,أحياء 1,دراسة الحياة,6,6,5,1,21,BIO26-M01,BIO26-S01-03,,,NOT_STARTED,NOT_RUN,ONE_QUESTION_ONE_IMAGE_ONE_CODE; exclude number/year/stars/badge/next-question/header; preserve full biological figure/labels/arrows/table/options
TAH-BIO-BIO26-L01-Q022,BIO26-PDF006-L01-S1-Q022,BIO26-L01,أحياء 1,دراسة الحياة,6,6,5,1,22,BIO26-M01,BIO26-S01-02,,,NOT_STARTED,NOT_RUN,ONE_QUESTION_ONE_IMAGE_ONE_CODE; exclude number/year/stars/badge/next-question/header; preserve full biological figure/labels/arrows/table/options
TAH-BIO-BIO26-L01-Q023,BIO26-PDF006-L01-S1-Q023,BIO26-L01,أحياء 1,دراسة الحياة,6,6,5,1,23,BIO26-M01,BIO26-S01-04,,,NOT_STARTED,NOT_RUN,ONE_QUESTION_ONE_IMAGE_ONE_CODE; exclude number/year/stars/badge/next-question/header; preserve full biological figure/labels/arrows/table/options
TAH-BIO-BIO26-L01-Q024,BIO26-PDF006-L01-S1-Q024,BIO26-L01,أحياء 1,دراسة الحياة,6,6,5,1,24,BIO26-M01,BIO26-S01-02,,,NOT_STARTED,NOT_RUN,ONE_QUESTION_ONE_IMAGE_ONE_CODE; exclude number/year/stars/badge/next-question/header; preserve full biological figure/labels/arrows/table/options
TAH-BIO-BIO26-L01-Q025,BIO26-PDF006-L01-S1-Q025,BIO26-L01,أحياء 1,دراسة الحياة,6,6,5,1,25,BIO26-M01,BIO26-S01-02,,,NOT_STARTED,NOT_RUN,ONE_QUESTION_ONE_IMAGE_ONE_CODE; exclude number/year/stars/badge/next-question/header; preserve full biological figure/labels/arrows/table/options
TAH-BIO-BIO26-L01-Q026,BIO26-PDF006-L01-S1-Q026,BIO26-L01,أحياء 1,دراسة الحياة,6,6,5,1,26,BIO26-M01,BIO26-S01-03,,,NOT_STARTED,NOT_RUN,ONE_QUESTION_ONE_IMAGE_ONE_CODE; exclude number/year/stars/badge/next-question/header; preserve full biological figure/labels/arrows/table/options
TAH-BIO-BIO26-L01-Q027,BIO26-PDF006-L01-S1-Q027,BIO26-L01,أحياء 1,دراسة الحياة,6,6,5,1,27,BIO26-M01,BIO26-S01-02,,,NOT_STARTED,NOT_RUN,ONE_QUESTION_ONE_IMAGE_ONE_CODE; exclude number/year/stars/badge/next-question/header; preserve full biological figure/labels/arrows/table/options
TAH-BIO-BIO26-L01-Q028,BIO26-PDF006-L01-S1-Q028,BIO26-L01,أحياء 1,دراسة الحياة,6,6,5,1,28,BIO26-M01,BIO26-S01-02,,,NOT_STARTED,NOT_RUN,ONE_QUESTION_ONE_IMAGE_ONE_CODE; exclude number/year/stars/badge/next-question/header; preserve full biological figure/labels/arrows/table/options
TAH-BIO-BIO26-L01-Q029,BIO26-PDF007-L01-S1-Q029,BIO26-L01,أحياء 1,دراسة الحياة,7,7,6,1,29,BIO26-M01,BIO26-S01-03,,,NOT_STARTED,NOT_RUN,ONE_QUESTION_ONE_IMAGE_ONE_CODE; exclude number/year/stars/badge/next-question/header; preserve full biological figure/labels/arrows/table/options
TAH-BIO-BIO26-L01-Q030,BIO26-PDF007-L01-S1-Q030,BIO26-L01,أحياء 1,دراسة الحياة,7,7,6,1,30,BIO26-M01,BIO26-S01-02,,,NOT_STARTED,NOT_RUN,ONE_QUESTION_ONE_IMAGE_ONE_CODE; exclude number/year/stars/badge/next-question/header; preserve full biological figure/labels/arrows/table/options
TAH-BIO-BIO26-L01-Q031,BIO26-PDF007-L01-S1-Q031,BIO26-L01,أحياء 1,دراسة الحياة,7,7,6,1,31,BIO26-M01,BIO26-S01-03,,,NOT_STARTED,NOT_RUN,ONE_QUESTION_ONE_IMAGE_ONE_CODE; exclude number/year/stars/badge/next-question/header; preserve full biological figure/labels/arrows/table/options
TAH-BIO-BIO26-L01-Q032,BIO26-PDF008-L01-S2-Q032,BIO26-L01,أحياء 1,دراسة الحياة,8,8,7,2,32,BIO26-M01,BIO26-S01-01,,,NOT_STARTED,NOT_RUN,ONE_QUESTION_ONE_IMAGE_ONE_CODE; exclude number/year/stars/badge/next-question/header; preserve full biological figure/labels/arrows/table/options
TAH-BIO-BIO26-L01-Q033,BIO26-PDF008-L01-S2-Q033,BIO26-L01,أحياء 1,دراسة الحياة,8,8,7,2,33,BIO26-M01,BIO26-S01-01,,,NOT_STARTED,NOT_RUN,ONE_QUESTION_ONE_IMAGE_ONE_CODE; exclude number/year/stars/badge/next-question/header; preserve full biological figure/labels/arrows/table/options
TAH-BIO-BIO26-L01-Q034,BIO26-PDF008-L01-S2-Q034,BIO26-L01,أحياء 1,دراسة الحياة,8,8,7,2,34,BIO26-M01,BIO26-S01-01,,,NOT_STARTED,NOT_RUN,ONE_QUESTION_ONE_IMAGE_ONE_CODE; exclude number/year/stars/badge/next-question/header; preserve full biological figure/labels/arrows/table/options
TAH-BIO-BIO26-L01-Q035,BIO26-PDF008-L01-S2-Q035,BIO26-L01,أحياء 1,دراسة الحياة,8,8,7,2,35,BIO26-M01,BIO26-S01-01,,,NOT_STARTED,NOT_RUN,ONE_QUESTION_ONE_IMAGE_ONE_CODE; exclude number/year/stars/badge/next-question/header; preserve full biological figure/labels/arrows/table/options
TAH-BIO-BIO26-L01-Q036,BIO26-PDF008-L01-S2-Q036,BIO26-L01,أحياء 1,دراسة الحياة,8,8,7,2,36,BIO26-M01,BIO26-S01-01,,,NOT_STARTED,NOT_RUN,ONE_QUESTION_ONE_IMAGE_ONE_CODE; exclude number/year/stars/badge/next-question/header; preserve full biological figure/labels/arrows/table/options
TAH-BIO-BIO26-L01-Q037,BIO26-PDF008-L01-S2-Q037,BIO26-L01,أحياء 1,دراسة الحياة,8,8,7,2,37,BIO26-M01,BIO26-S01-02,,,NOT_STARTED,NOT_RUN,ONE_QUESTION_ONE_IMAGE_ONE_CODE; exclude number/year/stars/badge/next-question/header; preserve full biological figure/labels/arrows/table/options
TAH-BIO-BIO26-L01-Q038,BIO26-PDF008-L01-S2-Q038,BIO26-L01,أحياء 1,دراسة الحياة,8,8,7,2,38,BIO26-M01,BIO26-S01-02,,,NOT_STARTED,NOT_RUN,ONE_QUESTION_ONE_IMAGE_ONE_CODE; exclude number/year/stars/badge/next-question/header; preserve full biological figure/labels/arrows/table/options
TAH-BIO-BIO26-L01-Q039,BIO26-PDF008-L01-S2-Q039,BIO26-L01,أحياء 1,دراسة الحياة,8,8,7,2,39,BIO26-M01,BIO26-S01-02,,,NOT_STARTED,NOT_RUN,ONE_QUESTION_ONE_IMAGE_ONE_CODE; exclude number/year/stars/badge/next-question/header; preserve full biological figure/labels/arrows/table/options
TAH-BIO-BIO26-L01-Q040,BIO26-PDF008-L01-S2-Q040,BIO26-L01,أحياء 1,دراسة الحياة,8,8,7,2,40,BIO26-M01,BIO26-S01-02,,,NOT_STARTED,NOT_RUN,ONE_QUESTION_ONE_IMAGE_ONE_CODE; exclude number/year/stars/badge/next-question/header; preserve full biological figure/labels/arrows/table/options
TAH-BIO-BIO26-L01-Q041,BIO26-PDF008-L01-S2-Q041,BIO26-L01,أحياء 1,دراسة الحياة,8,8,7,2,41,BIO26-M01,BIO26-S01-02,,,NOT_STARTED,NOT_RUN,ONE_QUESTION_ONE_IMAGE_ONE_CODE; exclude number/year/stars/badge/next-question/header; preserve full biological figure/labels/arrows/table/options
TAH-BIO-BIO26-L01-Q042,BIO26-PDF008-L01-S2-Q042,BIO26-L01,أحياء 1,دراسة الحياة,8,8,7,2,42,BIO26-M01,BIO26-S01-02,,,NOT_STARTED,NOT_RUN,ONE_QUESTION_ONE_IMAGE_ONE_CODE; exclude number/year/stars/badge/next-question/header; preserve full biological figure/labels/arrows/table/options
TAH-BIO-BIO26-L01-Q043,BIO26-PDF008-L01-S2-Q043,BIO26-L01,أحياء 1,دراسة الحياة,8,8,7,2,43,BIO26-M01,BIO26-S01-02,,,NOT_STARTED,NOT_RUN,ONE_QUESTION_ONE_IMAGE_ONE_CODE; exclude number/year/stars/badge/next-question/header; preserve full biological figure/labels/arrows/table/options
TAH-BIO-BIO26-L01-Q044,BIO26-PDF008-L01-S2-Q044,BIO26-L01,أحياء 1,دراسة الحياة,8,8,7,2,44,BIO26-M01,BIO26-S01-02,,,NOT_STARTED,NOT_RUN,ONE_QUESTION_ONE_IMAGE_ONE_CODE; exclude number/year/stars/badge/next-question/header; preserve full biological figure/labels/arrows/table/options
TAH-BIO-BIO26-L01-Q045,BIO26-PDF008-L01-S2-Q045,BIO26-L01,أحياء 1,دراسة الحياة,8,8,7,2,45,BIO26-M01,BIO26-S01-02,,,NOT_STARTED,NOT_RUN,ONE_QUESTION_ONE_IMAGE_ONE_CODE; exclude number/year/stars/badge/next-question/header; preserve full biological figure/labels/arrows/table/options
TAH-BIO-BIO26-L01-Q046,BIO26-PDF008-L01-S2-Q046,BIO26-L01,أحياء 1,دراسة الحياة,8,8,7,2,46,BIO26-M01,BIO26-S01-03,,,NOT_STARTED,NOT_RUN,ONE_QUESTION_ONE_IMAGE_ONE_CODE; exclude number/year/stars/badge/next-question/header; preserve full biological figure/labels/arrows/table/options
TAH-BIO-BIO26-L01-Q047,BIO26-PDF008-L01-S2-Q047,BIO26-L01,أحياء 1,دراسة الحياة,8,8,7,2,47,BIO26-M01,BIO26-S01-03,,,NOT_STARTED,NOT_RUN,ONE_QUESTION_ONE_IMAGE_ONE_CODE; exclude number/year/stars/badge/next-question/header; preserve full biological figure/labels/arrows/table/options
TAH-BIO-BIO26-L01-Q048,BIO26-PDF008-L01-S2-Q048,BIO26-L01,أحياء 1,دراسة الحياة,8,8,7,2,48,BIO26-M01,BIO26-S01-03,,,NOT_STARTED,NOT_RUN,ONE_QUESTION_ONE_IMAGE_ONE_CODE; exclude number/year/stars/badge/next-question/header; preserve full biological figure/labels/arrows/table/options
TAH-BIO-BIO26-L01-Q049,BIO26-PDF008-L01-S2-Q049,BIO26-L01,أحياء 1,دراسة الحياة,8,8,7,2,49,BIO26-M01,BIO26-S01-03,,,NOT_STARTED,NOT_RUN,ONE_QUESTION_ONE_IMAGE_ONE_CODE; exclude number/year/stars/badge/next-question/header; preserve full biological figure/labels/arrows/table/options
TAH-BIO-BIO26-L01-Q050,BIO26-PDF008-L01-S2-Q050,BIO26-L01,أحياء 1,دراسة الحياة,8,8,7,2,50,BIO26-M01,BIO26-S01-03,,,NOT_STARTED,NOT_RUN,ONE_QUESTION_ONE_IMAGE_ONE_CODE; exclude number/year/stars/badge/next-question/header; preserve full biological figure/labels/arrows/table/options
TAH-BIO-BIO26-L01-Q051,BIO26-PDF009-L01-S2-Q051,BIO26-L01,أحياء 1,دراسة الحياة,9,9,8,2,51,BIO26-M01,BIO26-S01-03,,,NOT_STARTED,NOT_RUN,ONE_QUESTION_ONE_IMAGE_ONE_CODE; exclude number/year/stars/badge/next-question/header; preserve full biological figure/labels/arrows/table/options
TAH-BIO-BIO26-L01-Q052,BIO26-PDF009-L01-S2-Q052,BIO26-L01,أحياء 1,دراسة الحياة,9,9,8,2,52,BIO26-M01,BIO26-S01-03,,,NOT_STARTED,NOT_RUN,ONE_QUESTION_ONE_IMAGE_ONE_CODE; exclude number/year/stars/badge/next-question/header; preserve full biological figure/labels/arrows/table/options
TAH-BIO-BIO26-L01-Q053,BIO26-PDF009-L01-S2-Q053,BIO26-L01,أحياء 1,دراسة الحياة,9,9,8,2,53,BIO26-M01,BIO26-S01-03,,,NOT_STARTED,NOT_RUN,ONE_QUESTION_ONE_IMAGE_ONE_CODE; exclude number/year/stars/badge/next-question/header; preserve full biological figure/labels/arrows/table/options
TAH-BIO-BIO26-L01-Q054,BIO26-PDF009-L01-S2-Q054,BIO26-L01,أحياء 1,دراسة الحياة,9,9,8,2,54,BIO26-M01,BIO26-S01-03,,,NOT_STARTED,NOT_RUN,ONE_QUESTION_ONE_IMAGE_ONE_CODE; exclude number/year/stars/badge/next-question/header; preserve full biological figure/labels/arrows/table/options
TAH-BIO-BIO26-L01-Q055,BIO26-PDF009-L01-S2-Q055,BIO26-L01,أحياء 1,دراسة الحياة,9,9,8,2,55,BIO26-M01,BIO26-S01-03,,,NOT_STARTED,NOT_RUN,ONE_QUESTION_ONE_IMAGE_ONE_CODE; exclude number/year/stars/badge/next-question/header; preserve full biological figure/labels/arrows/table/options
TAH-BIO-BIO26-L01-Q056,BIO26-PDF009-L01-S2-Q056,BIO26-L01,أحياء 1,دراسة الحياة,9,9,8,2,56,BIO26-M01,BIO26-S01-04,,,NOT_STARTED,NOT_RUN,ONE_QUESTION_ONE_IMAGE_ONE_CODE; exclude number/year/stars/badge/next-question/header; preserve full biological figure/labels/arrows/table/options
TAH-BIO-BIO26-L01-Q057,BIO26-PDF009-L01-S2-Q057,BIO26-L01,أحياء 1,دراسة الحياة,9,9,8,2,57,BIO26-M01,BIO26-S01-04,,,NOT_STARTED,NOT_RUN,ONE_QUESTION_ONE_IMAGE_ONE_CODE; exclude number/year/stars/badge/next-question/header; preserve full biological figure/labels/arrows/table/options
TAH-BIO-BIO26-L01-Q058,BIO26-PDF009-L01-S2-Q058,BIO26-L01,أحياء 1,دراسة الحياة,9,9,8,2,58,BIO26-M01,BIO26-S01-04,,,NOT_STARTED,NOT_RUN,ONE_QUESTION_ONE_IMAGE_ONE_CODE; exclude number/year/stars/badge/next-question/header; preserve full biological figure/labels/arrows/table/options
TAH-BIO-BIO26-L01-Q059,BIO26-PDF009-L01-S2-Q059,BIO26-L01,أحياء 1,دراسة الحياة,9,9,8,2,59,BIO26-M01,BIO26-S01-04,,,NOT_STARTED,NOT_RUN,ONE_QUESTION_ONE_IMAGE_ONE_CODE; exclude number/year/stars/badge/next-question/header; preserve full biological figure/labels/arrows/table/options
TAH-BIO-BIO26-L02-Q001,BIO26-PDF010-L02-S1-Q001,BIO26-L02,أحياء 1,تنظيم تنوع الحياة,10,10,9,1,1,BIO26-M02,BIO26-S02-01,,,NOT_STARTED,NOT_RUN,ONE_QUESTION_ONE_IMAGE_ONE_CODE; exclude number/year/stars/badge/next-question/header; preserve full biological figure/labels/arrows/table/options
TAH-BIO-BIO26-L02-Q002,BIO26-PDF010-L02-S1-Q002,BIO26-L02,أحياء 1,تنظيم تنوع الحياة,10,10,9,1,2,BIO26-M02,BIO26-S02-01,,,NOT_STARTED,NOT_RUN,ONE_QUESTION_ONE_IMAGE_ONE_CODE; exclude number/year/stars/badge/next-question/header; preserve full biological figure/labels/arrows/table/options
TAH-BIO-BIO26-L02-Q003,BIO26-PDF010-L02-S1-Q003,BIO26-L02,أحياء 1,تنظيم تنوع الحياة,10,10,9,1,3,BIO26-M02,BIO26-S02-01,,,NOT_STARTED,NOT_RUN,ONE_QUESTION_ONE_IMAGE_ONE_CODE; exclude number/year/stars/badge/next-question/header; preserve full biological figure/labels/arrows/table/options
TAH-BIO-BIO26-L02-Q004,BIO26-PDF010-L02-S1-Q004,BIO26-L02,أحياء 1,تنظيم تنوع الحياة,10,10,9,1,4,BIO26-M02,BIO26-S02-01,,,NOT_STARTED,NOT_RUN,ONE_QUESTION_ONE_IMAGE_ONE_CODE; exclude number/year/stars/badge/next-question/header; preserve full biological figure/labels/arrows/table/options
TAH-BIO-BIO26-L02-Q005,BIO26-PDF010-L02-S1-Q005,BIO26-L02,أحياء 1,تنظيم تنوع الحياة,10,10,9,1,5,BIO26-M02,BIO26-S02-01,,,NOT_STARTED,NOT_RUN,ONE_QUESTION_ONE_IMAGE_ONE_CODE; exclude number/year/stars/badge/next-question/header; preserve full biological figure/labels/arrows/table/options
TAH-BIO-BIO26-L02-Q006,BIO26-PDF010-L02-S1-Q006,BIO26-L02,أحياء 1,تنظيم تنوع الحياة,10,10,9,1,6,BIO26-M02,BIO26-S02-02,,,NOT_STARTED,NOT_RUN,ONE_QUESTION_ONE_IMAGE_ONE_CODE; exclude number/year/stars/badge/next-question/header; preserve full biological figure/labels/arrows/table/options
TAH-BIO-BIO26-L02-Q007,BIO26-PDF010-L02-S1-Q007,BIO26-L02,أحياء 1,تنظيم تنوع الحياة,10,10,9,1,7,BIO26-M02,BIO26-S02-02,,,NOT_STARTED,NOT_RUN,ONE_QUESTION_ONE_IMAGE_ONE_CODE; exclude number/year/stars/badge/next-question/header; preserve full biological figure/labels/arrows/table/options
TAH-BIO-BIO26-L02-Q008,BIO26-PDF010-L02-S1-Q008,BIO26-L02,أحياء 1,تنظيم تنوع الحياة,10,10,9,1,8,BIO26-M02,BIO26-S02-02,,,NOT_STARTED,NOT_RUN,ONE_QUESTION_ONE_IMAGE_ONE_CODE; exclude number/year/stars/badge/next-question/header; preserve full biological figure/labels/arrows/table/options
TAH-BIO-BIO26-L02-Q009,BIO26-PDF010-L02-S1-Q009,BIO26-L02,أحياء 1,تنظيم تنوع الحياة,10,10,9,1,9,BIO26-M02,BIO26-S02-02,,,NOT_STARTED,NOT_RUN,ONE_QUESTION_ONE_IMAGE_ONE_CODE; exclude number/year/stars/badge/next-question/header; preserve full biological figure/labels/arrows/table/options
TAH-BIO-BIO26-L02-Q010,BIO26-PDF010-L02-S1-Q010,BIO26-L02,أحياء 1,تنظيم تنوع الحياة,10,10,9,1,10,BIO26-M02,BIO26-S02-02,,,NOT_STARTED,NOT_RUN,ONE_QUESTION_ONE_IMAGE_ONE_CODE; exclude number/year/stars/badge/next-question/header; preserve full biological figure/labels/arrows/table/options
TAH-BIO-BIO26-L02-Q011,BIO26-PDF010-L02-S1-Q011,BIO26-L02,أحياء 1,تنظيم تنوع الحياة,10,10,9,1,11,BIO26-M02,BIO26-S02-02,,,NOT_STARTED,NOT_RUN,ONE_QUESTION_ONE_IMAGE_ONE_CODE; exclude number/year/stars/badge/next-question/header; preserve full biological figure/labels/arrows/table/options
TAH-BIO-BIO26-L02-Q012,BIO26-PDF010-L02-S1-Q012,BIO26-L02,أحياء 1,تنظيم تنوع الحياة,10,10,9,1,12,BIO26-M02,BIO26-S02-02,,,NOT_STARTED,NOT_RUN,ONE_QUESTION_ONE_IMAGE_ONE_CODE; exclude number/year/stars/badge/next-question/header; preserve full biological figure/labels/arrows/table/options
TAH-BIO-BIO26-L02-Q013,BIO26-PDF010-L02-S1-Q013,BIO26-L02,أحياء 1,تنظيم تنوع الحياة,10,10,9,1,13,BIO26-M02,BIO26-S02-02,,,NOT_STARTED,NOT_RUN,ONE_QUESTION_ONE_IMAGE_ONE_CODE; exclude number/year/stars/badge/next-question/header; preserve full biological figure/labels/arrows/table/options
TAH-BIO-BIO26-L02-Q014,BIO26-PDF010-L02-S1-Q014,BIO26-L02,أحياء 1,تنظيم تنوع الحياة,10,10,9,1,14,BIO26-M02,BIO26-S02-02,,,NOT_STARTED,NOT_RUN,ONE_QUESTION_ONE_IMAGE_ONE_CODE; exclude number/year/stars/badge/next-question/header; preserve full biological figure/labels/arrows/table/options
TAH-BIO-BIO26-L02-Q015,BIO26-PDF010-L02-S1-Q015,BIO26-L02,أحياء 1,تنظيم تنوع الحياة,10,10,9,1,15,BIO26-M02,BIO26-S02-02,,,NOT_STARTED,NOT_RUN,ONE_QUESTION_ONE_IMAGE_ONE_CODE; exclude number/year/stars/badge/next-question/header; preserve full biological figure/labels/arrows/table/options
TAH-BIO-BIO26-L02-Q016,BIO26-PDF010-L02-S1-Q016,BIO26-L02,أحياء 1,تنظيم تنوع الحياة,10,10,9,1,16,BIO26-M02,BIO26-S02-02,,,NOT_STARTED,NOT_RUN,ONE_QUESTION_ONE_IMAGE_ONE_CODE; exclude number/year/stars/badge/next-question/header; preserve full biological figure/labels/arrows/table/options
TAH-BIO-BIO26-L02-Q017,BIO26-PDF010-L02-S1-Q017,BIO26-L02,أحياء 1,تنظيم تنوع الحياة,10,10,9,1,17,BIO26-M02,BIO26-S02-03,,,NOT_STARTED,NOT_RUN,ONE_QUESTION_ONE_IMAGE_ONE_CODE; exclude number/year/stars/badge/next-question/header; preserve full biological figure/labels/arrows/table/options
TAH-BIO-BIO26-L02-Q018,BIO26-PDF011-L02-S1-Q018,BIO26-L02,أحياء 1,تنظيم تنوع الحياة,11,11,10,1,18,BIO26-M02,BIO26-S02-03,,,NOT_STARTED,NOT_RUN,ONE_QUESTION_ONE_IMAGE_ONE_CODE; exclude number/year/stars/badge/next-question/header; preserve full biological figure/labels/arrows/table/options
TAH-BIO-BIO26-L02-Q019,BIO26-PDF011-L02-S1-Q019,BIO26-L02,أحياء 1,تنظيم تنوع الحياة,11,11,10,1,19,BIO26-M02,BIO26-S02-03,,,NOT_STARTED,NOT_RUN,ONE_QUESTION_ONE_IMAGE_ONE_CODE; exclude number/year/stars/badge/next-question/header; preserve full biological figure/labels/arrows/table/options
TAH-BIO-BIO26-L02-Q020,BIO26-PDF011-L02-S1-Q020,BIO26-L02,أحياء 1,تنظيم تنوع الحياة,11,11,10,1,20,BIO26-M02,BIO26-S02-03,,,NOT_STARTED,NOT_RUN,ONE_QUESTION_ONE_IMAGE_ONE_CODE; exclude number/year/stars/badge/next-question/header; preserve full biological figure/labels/arrows/table/options
TAH-BIO-BIO26-L02-Q021,BIO26-PDF011-L02-S1-Q021,BIO26-L02,أحياء 1,تنظيم تنوع الحياة,11,11,10,1,21,BIO26-M02,BIO26-S02-03,,,NOT_STARTED,NOT_RUN,ONE_QUESTION_ONE_IMAGE_ONE_CODE; exclude number/year/stars/badge/next-question/header; preserve full biological figure/labels/arrows/table/options
TAH-BIO-BIO26-L02-Q022,BIO26-PDF011-L02-S1-Q022,BIO26-L02,أحياء 1,تنظيم تنوع الحياة,11,11,10,1,22,BIO26-M02,BIO26-S02-03,,,NOT_STARTED,NOT_RUN,ONE_QUESTION_ONE_IMAGE_ONE_CODE; exclude number/year/stars/badge/next-question/header; preserve full biological figure/labels/arrows/table/options
TAH-BIO-BIO26-L02-Q023,BIO26-PDF011-L02-S1-Q023,BIO26-L02,أحياء 1,تنظيم تنوع الحياة,11,11,10,1,23,BIO26-M02,BIO26-S02-03,,,NOT_STARTED,NOT_RUN,ONE_QUESTION_ONE_IMAGE_ONE_CODE; exclude number/year/stars/badge/next-question/header; preserve full biological figure/labels/arrows/table/options
TAH-BIO-BIO26-L02-Q024,BIO26-PDF011-L02-S1-Q024,BIO26-L02,أحياء 1,تنظيم تنوع الحياة,11,11,10,1,24,BIO26-M02,BIO26-S02-03,,,NOT_STARTED,NOT_RUN,ONE_QUESTION_ONE_IMAGE_ONE_CODE; exclude number/year/stars/badge/next-question/header; preserve full biological figure/labels/arrows/table/options
TAH-BIO-BIO26-L02-Q025,BIO26-PDF011-L02-S1-Q025,BIO26-L02,أحياء 1,تنظيم تنوع الحياة,11,11,10,1,25,BIO26-M02,BIO26-S02-03,,,NOT_STARTED,NOT_RUN,ONE_QUESTION_ONE_IMAGE_ONE_CODE; exclude number/year/stars/badge/next-question/header; preserve full biological figure/labels/arrows/table/options
TAH-BIO-BIO26-L02-Q026,BIO26-PDF011-L02-S1-Q026,BIO26-L02,أحياء 1,تنظيم تنوع الحياة,11,11,10,1,26,BIO26-M02,BIO26-S02-03,,,NOT_STARTED,NOT_RUN,ONE_QUESTION_ONE_IMAGE_ONE_CODE; exclude number/year/stars/badge/next-question/header; preserve full biological figure/labels/arrows/table/options
TAH-BIO-BIO26-L02-Q027,BIO26-PDF012-L02-S2-Q027,BIO26-L02,أحياء 1,تنظيم تنوع الحياة,12,12,11,2,27,BIO26-M02,BIO26-S02-01,,,NOT_STARTED,NOT_RUN,ONE_QUESTION_ONE_IMAGE_ONE_CODE; exclude number/year/stars/badge/next-question/header; preserve full biological figure/labels/arrows/table/options
TAH-BIO-BIO26-L02-Q028,BIO26-PDF012-L02-S2-Q028,BIO26-L02,أحياء 1,تنظيم تنوع الحياة,12,12,11,2,28,BIO26-M02,BIO26-S02-01,,,NOT_STARTED,NOT_RUN,ONE_QUESTION_ONE_IMAGE_ONE_CODE; exclude number/year/stars/badge/next-question/header; preserve full biological figure/labels/arrows/table/options
TAH-BIO-BIO26-L02-Q029,BIO26-PDF012-L02-S2-Q029,BIO26-L02,أحياء 1,تنظيم تنوع الحياة,12,12,11,2,29,BIO26-M02,BIO26-S02-02,,,NOT_STARTED,NOT_RUN,ONE_QUESTION_ONE_IMAGE_ONE_CODE; exclude number/year/stars/badge/next-question/header; preserve full biological figure/labels/arrows/table/options
TAH-BIO-BIO26-L02-Q030,BIO26-PDF012-L02-S2-Q030,BIO26-L02,أحياء 1,تنظيم تنوع الحياة,12,12,11,2,30,BIO26-M02,BIO26-S02-02,,,NOT_STARTED,NOT_RUN,ONE_QUESTION_ONE_IMAGE_ONE_CODE; exclude number/year/stars/badge/next-question/header; preserve full biological figure/labels/arrows/table/options
TAH-BIO-BIO26-L02-Q031,BIO26-PDF012-L02-S2-Q031,BIO26-L02,أحياء 1,تنظيم تنوع الحياة,12,12,11,2,31,BIO26-M02,BIO26-S02-02,,,NOT_STARTED,NOT_RUN,ONE_QUESTION_ONE_IMAGE_ONE_CODE; exclude number/year/stars/badge/next-question/header; preserve full biological figure/labels/arrows/table/options
TAH-BIO-BIO26-L02-Q032,BIO26-PDF012-L02-S2-Q032,BIO26-L02,أحياء 1,تنظيم تنوع الحياة,12,12,11,2,32,BIO26-M02,BIO26-S02-02,,,NOT_STARTED,NOT_RUN,ONE_QUESTION_ONE_IMAGE_ONE_CODE; exclude number/year/stars/badge/next-question/header; preserve full biological figure/labels/arrows/table/options
TAH-BIO-BIO26-L02-Q033,BIO26-PDF012-L02-S2-Q033,BIO26-L02,أحياء 1,تنظيم تنوع الحياة,12,12,11,2,33,BIO26-M02,BIO26-S02-02,,,NOT_STARTED,NOT_RUN,ONE_QUESTION_ONE_IMAGE_ONE_CODE; exclude number/year/stars/badge/next-question/header; preserve full biological figure/labels/arrows/table/options
TAH-BIO-BIO26-L02-Q034,BIO26-PDF012-L02-S2-Q034,BIO26-L02,أحياء 1,تنظيم تنوع الحياة,12,12,11,2,34,BIO26-M02,BIO26-S02-02,,,NOT_STARTED,NOT_RUN,ONE_QUESTION_ONE_IMAGE_ONE_CODE; exclude number/year/stars/badge/next-question/header; preserve full biological figure/labels/arrows/table/options
TAH-BIO-BIO26-L02-Q035,BIO26-PDF012-L02-S2-Q035,BIO26-L02,أحياء 1,تنظيم تنوع الحياة,12,12,11,2,35,BIO26-M02,BIO26-S02-02,,,NOT_STARTED,NOT_RUN,ONE_QUESTION_ONE_IMAGE_ONE_CODE; exclude number/year/stars/badge/next-question/header; preserve full biological figure/labels/arrows/table/options
TAH-BIO-BIO26-L02-Q036,BIO26-PDF012-L02-S2-Q036,BIO26-L02,أحياء 1,تنظيم تنوع الحياة,12,12,11,2,36,BIO26-M02,BIO26-S02-02,,,NOT_STARTED,NOT_RUN,ONE_QUESTION_ONE_IMAGE_ONE_CODE; exclude number/year/stars/badge/next-question/header; preserve full biological figure/labels/arrows/table/options
TAH-BIO-BIO26-L02-Q037,BIO26-PDF012-L02-S2-Q037,BIO26-L02,أحياء 1,تنظيم تنوع الحياة,12,12,11,2,37,BIO26-M02,BIO26-S02-02,,,NOT_STARTED,NOT_RUN,ONE_QUESTION_ONE_IMAGE_ONE_CODE; exclude number/year/stars/badge/next-question/header; preserve full biological figure/labels/arrows/table/options
TAH-BIO-BIO26-L02-Q038,BIO26-PDF012-L02-S2-Q038,BIO26-L02,أحياء 1,تنظيم تنوع الحياة,12,12,11,2,38,BIO26-M02,BIO26-S02-02,,,NOT_STARTED,NOT_RUN,ONE_QUESTION_ONE_IMAGE_ONE_CODE; exclude number/year/stars/badge/next-question/header; preserve full biological figure/labels/arrows/table/options
TAH-BIO-BIO26-L02-Q039,BIO26-PDF012-L02-S2-Q039,BIO26-L02,أحياء 1,تنظيم تنوع الحياة,12,12,11,2,39,BIO26-M02,BIO26-S02-02,,,NOT_STARTED,NOT_RUN,ONE_QUESTION_ONE_IMAGE_ONE_CODE; exclude number/year/stars/badge/next-question/header; preserve full biological figure/labels/arrows/table/options
TAH-BIO-BIO26-L02-Q040,BIO26-PDF012-L02-S2-Q040,BIO26-L02,أحياء 1,تنظيم تنوع الحياة,12,12,11,2,40,BIO26-M02,BIO26-S02-03,,,NOT_STARTED,NOT_RUN,ONE_QUESTION_ONE_IMAGE_ONE_CODE; exclude number/year/stars/badge/next-question/header; preserve full biological figure/labels/arrows/table/options
TAH-BIO-BIO26-L02-Q041,BIO26-PDF012-L02-S2-Q041,BIO26-L02,أحياء 1,تنظيم تنوع الحياة,12,12,11,2,41,BIO26-M02,BIO26-S02-03,,,NOT_STARTED,NOT_RUN,ONE_QUESTION_ONE_IMAGE_ONE_CODE; exclude number/year/stars/badge/next-question/header; preserve full biological figure/labels/arrows/table/options
TAH-BIO-BIO26-L02-Q042,BIO26-PDF012-L02-S2-Q042,BIO26-L02,أحياء 1,تنظيم تنوع الحياة,12,12,11,2,42,BIO26-M02,BIO26-S02-03,,,NOT_STARTED,NOT_RUN,ONE_QUESTION_ONE_IMAGE_ONE_CODE; exclude number/year/stars/badge/next-question/header; preserve full biological figure/labels/arrows/table/options
TAH-BIO-BIO26-L02-Q043,BIO26-PDF012-L02-S2-Q043,BIO26-L02,أحياء 1,تنظيم تنوع الحياة,12,12,11,2,43,BIO26-M02,BIO26-S02-03,,,NOT_STARTED,NOT_RUN,ONE_QUESTION_ONE_IMAGE_ONE_CODE; exclude number/year/stars/badge/next-question/header; preserve full biological figure/labels/arrows/table/options
TAH-BIO-BIO26-L02-Q044,BIO26-PDF013-L02-S2-Q044,BIO26-L02,أحياء 1,تنظيم تنوع الحياة,13,13,12,2,44,BIO26-M02,BIO26-S02-03,,,NOT_STARTED,NOT_RUN,ONE_QUESTION_ONE_IMAGE_ONE_CODE; exclude number/year/stars/badge/next-question/header; preserve full biological figure/labels/arrows/table/options
TAH-BIO-BIO26-L02-Q045,BIO26-PDF013-L02-S2-Q045,BIO26-L02,أحياء 1,تنظيم تنوع الحياة,13,13,12,2,45,BIO26-M02,BIO26-S02-03,,,NOT_STARTED,NOT_RUN,ONE_QUESTION_ONE_IMAGE_ONE_CODE; exclude number/year/stars/badge/next-question/header; preserve full biological figure/labels/arrows/table/options
TAH-BIO-BIO26-L02-Q046,BIO26-PDF013-L02-S2-Q046,BIO26-L02,أحياء 1,تنظيم تنوع الحياة,13,13,12,2,46,BIO26-M02,BIO26-S02-03,,,NOT_STARTED,NOT_RUN,ONE_QUESTION_ONE_IMAGE_ONE_CODE; exclude number/year/stars/badge/next-question/header; preserve full biological figure/labels/arrows/table/options
TAH-BIO-BIO26-L02-Q047,BIO26-PDF013-L02-S2-Q047,BIO26-L02,أحياء 1,تنظيم تنوع الحياة,13,13,12,2,47,BIO26-M02,BIO26-S02-03,,,NOT_STARTED,NOT_RUN,ONE_QUESTION_ONE_IMAGE_ONE_CODE; exclude number/year/stars/badge/next-question/header; preserve full biological figure/labels/arrows/table/options
TAH-BIO-BIO26-L03-Q001,BIO26-PDF014-L03-S1-Q001,BIO26-L03,أحياء 1,البكتيريا والفيروسات,14,14,13,1,1,BIO26-M03,BIO26-S03-01,,,NOT_STARTED,NOT_RUN,ONE_QUESTION_ONE_IMAGE_ONE_CODE; exclude number/year/stars/badge/next-question/header; preserve full biological figure/labels/arrows/table/options
TAH-BIO-BIO26-L03-Q002,BIO26-PDF014-L03-S1-Q002,BIO26-L03,أحياء 1,البكتيريا والفيروسات,14,14,13,1,2,BIO26-M03,BIO26-S03-01,,,NOT_STARTED,NOT_RUN,ONE_QUESTION_ONE_IMAGE_ONE_CODE; exclude number/year/stars/badge/next-question/header; preserve full biological figure/labels/arrows/table/options
TAH-BIO-BIO26-L03-Q003,BIO26-PDF014-L03-S1-Q003,BIO26-L03,أحياء 1,البكتيريا والفيروسات,14,14,13,1,3,BIO26-M03,BIO26-S03-01,,,NOT_STARTED,NOT_RUN,ONE_QUESTION_ONE_IMAGE_ONE_CODE; exclude number/year/stars/badge/next-question/header; preserve full biological figure/labels/arrows/table/options
TAH-BIO-BIO26-L03-Q004,BIO26-PDF014-L03-S1-Q004,BIO26-L03,أحياء 1,البكتيريا والفيروسات,14,14,13,1,4,BIO26-M03,BIO26-S03-01,,,NOT_STARTED,NOT_RUN,ONE_QUESTION_ONE_IMAGE_ONE_CODE; exclude number/year/stars/badge/next-question/header; preserve full biological figure/labels/arrows/table/options
TAH-BIO-BIO26-L03-Q005,BIO26-PDF014-L03-S1-Q005,BIO26-L03,أحياء 1,البكتيريا والفيروسات,14,14,13,1,5,BIO26-M03,BIO26-S03-01,,,NOT_STARTED,NOT_RUN,ONE_QUESTION_ONE_IMAGE_ONE_CODE; exclude number/year/stars/badge/next-question/header; preserve full biological figure/labels/arrows/table/options
TAH-BIO-BIO26-L03-Q006,BIO26-PDF014-L03-S1-Q006,BIO26-L03,أحياء 1,البكتيريا والفيروسات,14,14,13,1,6,BIO26-M03,BIO26-S03-01,,,NOT_STARTED,NOT_RUN,ONE_QUESTION_ONE_IMAGE_ONE_CODE; exclude number/year/stars/badge/next-question/header; preserve full biological figure/labels/arrows/table/options
TAH-BIO-BIO26-L03-Q007,BIO26-PDF014-L03-S1-Q007,BIO26-L03,أحياء 1,البكتيريا والفيروسات,14,14,13,1,7,BIO26-M03,BIO26-S03-01,,,NOT_STARTED,NOT_RUN,ONE_QUESTION_ONE_IMAGE_ONE_CODE; exclude number/year/stars/badge/next-question/header; preserve full biological figure/labels/arrows/table/options
TAH-BIO-BIO26-L03-Q008,BIO26-PDF014-L03-S1-Q008,BIO26-L03,أحياء 1,البكتيريا والفيروسات,14,14,13,1,8,BIO26-M03,BIO26-S03-01,,,NOT_STARTED,NOT_RUN,ONE_QUESTION_ONE_IMAGE_ONE_CODE; exclude number/year/stars/badge/next-question/header; preserve full biological figure/labels/arrows/table/options
TAH-BIO-BIO26-L03-Q009,BIO26-PDF014-L03-S1-Q009,BIO26-L03,أحياء 1,البكتيريا والفيروسات,14,14,13,1,9,BIO26-M03,BIO26-S03-02,,,NOT_STARTED,NOT_RUN,ONE_QUESTION_ONE_IMAGE_ONE_CODE; exclude number/year/stars/badge/next-question/header; preserve full biological figure/labels/arrows/table/options
TAH-BIO-BIO26-L03-Q010,BIO26-PDF014-L03-S1-Q010,BIO26-L03,أحياء 1,البكتيريا والفيروسات,14,14,13,1,10,BIO26-M03,BIO26-S03-03,,,NOT_STARTED,NOT_RUN,ONE_QUESTION_ONE_IMAGE_ONE_CODE; exclude number/year/stars/badge/next-question/header; preserve full biological figure/labels/arrows/table/options
TAH-BIO-BIO26-L03-Q011,BIO26-PDF014-L03-S1-Q011,BIO26-L03,أحياء 1,البكتيريا والفيروسات,14,14,13,1,11,BIO26-M03,BIO26-S03-03,,,NOT_STARTED,NOT_RUN,ONE_QUESTION_ONE_IMAGE_ONE_CODE; exclude number/year/stars/badge/next-question/header; preserve full biological figure/labels/arrows/table/options
TAH-BIO-BIO26-L03-Q012,BIO26-PDF014-L03-S1-Q012,BIO26-L03,أحياء 1,البكتيريا والفيروسات,14,14,13,1,12,BIO26-M03,BIO26-S03-03,,,NOT_STARTED,NOT_RUN,ONE_QUESTION_ONE_IMAGE_ONE_CODE; exclude number/year/stars/badge/next-question/header; preserve full biological figure/labels/arrows/table/options
TAH-BIO-BIO26-L03-Q013,BIO26-PDF014-L03-S1-Q013,BIO26-L03,أحياء 1,البكتيريا والفيروسات,14,14,13,1,13,BIO26-M03,BIO26-S03-03,,,NOT_STARTED,NOT_RUN,ONE_QUESTION_ONE_IMAGE_ONE_CODE; exclude number/year/stars/badge/next-question/header; preserve full biological figure/labels/arrows/table/options
TAH-BIO-BIO26-L03-Q014,BIO26-PDF014-L03-S1-Q014,BIO26-L03,أحياء 1,البكتيريا والفيروسات,14,14,13,1,14,BIO26-M03,BIO26-S03-03,,,NOT_STARTED,NOT_RUN,ONE_QUESTION_ONE_IMAGE_ONE_CODE; exclude number/year/stars/badge/next-question/header; preserve full biological figure/labels/arrows/table/options
TAH-BIO-BIO26-L03-Q015,BIO26-PDF015-L03-S1-Q015,BIO26-L03,أحياء 1,البكتيريا والفيروسات,15,15,14,1,15,BIO26-M03,BIO26-S03-04,,,NOT_STARTED,NOT_RUN,ONE_QUESTION_ONE_IMAGE_ONE_CODE; exclude number/year/stars/badge/next-question/header; preserve full biological figure/labels/arrows/table/options
TAH-BIO-BIO26-L03-Q016,BIO26-PDF015-L03-S1-Q016,BIO26-L03,أحياء 1,البكتيريا والفيروسات,15,15,14,1,16,BIO26-M03,BIO26-S03-04,,,NOT_STARTED,NOT_RUN,ONE_QUESTION_ONE_IMAGE_ONE_CODE; exclude number/year/stars/badge/next-question/header; preserve full biological figure/labels/arrows/table/options
TAH-BIO-BIO26-L03-Q017,BIO26-PDF015-L03-S1-Q017,BIO26-L03,أحياء 1,البكتيريا والفيروسات,15,15,14,1,17,BIO26-M03,BIO26-S03-04,,,NOT_STARTED,NOT_RUN,ONE_QUESTION_ONE_IMAGE_ONE_CODE; exclude number/year/stars/badge/next-question/header; preserve full biological figure/labels/arrows/table/options
TAH-BIO-BIO26-L03-Q018,BIO26-PDF015-L03-S1-Q018,BIO26-L03,أحياء 1,البكتيريا والفيروسات,15,15,14,1,18,BIO26-M03,BIO26-S03-04,,,NOT_STARTED,NOT_RUN,ONE_QUESTION_ONE_IMAGE_ONE_CODE; exclude number/year/stars/badge/next-question/header; preserve full biological figure/labels/arrows/table/options
TAH-BIO-BIO26-L03-Q019,BIO26-PDF015-L03-S1-Q019,BIO26-L03,أحياء 1,البكتيريا والفيروسات,15,15,14,1,19,BIO26-M03,BIO26-S03-04,,,NOT_STARTED,NOT_RUN,ONE_QUESTION_ONE_IMAGE_ONE_CODE; exclude number/year/stars/badge/next-question/header; preserve full biological figure/labels/arrows/table/options
TAH-BIO-BIO26-L03-Q020,BIO26-PDF015-L03-S1-Q020,BIO26-L03,أحياء 1,البكتيريا والفيروسات,15,15,14,1,20,BIO26-M03,BIO26-S03-04,,,NOT_STARTED,NOT_RUN,ONE_QUESTION_ONE_IMAGE_ONE_CODE; exclude number/year/stars/badge/next-question/header; preserve full biological figure/labels/arrows/table/options
TAH-BIO-BIO26-L03-Q021,BIO26-PDF015-L03-S1-Q021,BIO26-L03,أحياء 1,البكتيريا والفيروسات,15,15,14,1,21,BIO26-M03,BIO26-S03-04,,,NOT_STARTED,NOT_RUN,ONE_QUESTION_ONE_IMAGE_ONE_CODE; exclude number/year/stars/badge/next-question/header; preserve full biological figure/labels/arrows/table/options
TAH-BIO-BIO26-L03-Q022,BIO26-PDF015-L03-S1-Q022,BIO26-L03,أحياء 1,البكتيريا والفيروسات,15,15,14,1,22,BIO26-M03,BIO26-S03-04,,,NOT_STARTED,NOT_RUN,ONE_QUESTION_ONE_IMAGE_ONE_CODE; exclude number/year/stars/badge/next-question/header; preserve full biological figure/labels/arrows/table/options
TAH-BIO-BIO26-L03-Q023,BIO26-PDF015-L03-S1-Q023,BIO26-L03,أحياء 1,البكتيريا والفيروسات,15,15,14,1,23,BIO26-M04,BIO26-S04-01,,,NOT_STARTED,NOT_RUN,ONE_QUESTION_ONE_IMAGE_ONE_CODE; exclude number/year/stars/badge/next-question/header; preserve full biological figure/labels/arrows/table/options
TAH-BIO-BIO26-L03-Q024,BIO26-PDF015-L03-S1-Q024,BIO26-L03,أحياء 1,البكتيريا والفيروسات,15,15,14,1,24,BIO26-M04,BIO26-S04-01,,,NOT_STARTED,NOT_RUN,ONE_QUESTION_ONE_IMAGE_ONE_CODE; exclude number/year/stars/badge/next-question/header; preserve full biological figure/labels/arrows/table/options
TAH-BIO-BIO26-L03-Q025,BIO26-PDF015-L03-S1-Q025,BIO26-L03,أحياء 1,البكتيريا والفيروسات,15,15,14,1,25,BIO26-M04,BIO26-S04-01,,,NOT_STARTED,NOT_RUN,ONE_QUESTION_ONE_IMAGE_ONE_CODE; exclude number/year/stars/badge/next-question/header; preserve full biological figure/labels/arrows/table/options
TAH-BIO-BIO26-L03-Q026,BIO26-PDF015-L03-S1-Q026,BIO26-L03,أحياء 1,البكتيريا والفيروسات,15,15,14,1,26,BIO26-M04,BIO26-S04-01,,,NOT_STARTED,NOT_RUN,ONE_QUESTION_ONE_IMAGE_ONE_CODE; exclude number/year/stars/badge/next-question/header; preserve full biological figure/labels/arrows/table/options
TAH-BIO-BIO26-L03-Q027,BIO26-PDF015-L03-S1-Q027,BIO26-L03,أحياء 1,البكتيريا والفيروسات,15,15,14,1,27,BIO26-M04,BIO26-S04-01,,,NOT_STARTED,NOT_RUN,ONE_QUESTION_ONE_IMAGE_ONE_CODE; exclude number/year/stars/badge/next-question/header; preserve full biological figure/labels/arrows/table/options
TAH-BIO-BIO26-L03-Q028,BIO26-PDF015-L03-S1-Q028,BIO26-L03,أحياء 1,البكتيريا والفيروسات,15,15,14,1,28,BIO26-M04,BIO26-S04-01,,,NOT_STARTED,NOT_RUN,ONE_QUESTION_ONE_IMAGE_ONE_CODE; exclude number/year/stars/badge/next-question/header; preserve full biological figure/labels/arrows/table/options
TAH-BIO-BIO26-L03-Q029,BIO26-PDF015-L03-S1-Q029,BIO26-L03,أحياء 1,البكتيريا والفيروسات,15,15,14,1,29,BIO26-M04,BIO26-S04-02,,,NOT_STARTED,NOT_RUN,ONE_QUESTION_ONE_IMAGE_ONE_CODE; exclude number/year/stars/badge/next-question/header; preserve full biological figure/labels/arrows/table/options
TAH-BIO-BIO26-L03-Q030,BIO26-PDF015-L03-S1-Q030,BIO26-L03,أحياء 1,البكتيريا والفيروسات,15,15,14,1,30,BIO26-M04,BIO26-S04-02,,,NOT_STARTED,NOT_RUN,ONE_QUESTION_ONE_IMAGE_ONE_CODE; exclude number/year/stars/badge/next-question/header; preserve full biological figure/labels/arrows/table/options
TAH-BIO-BIO26-L03-Q031,BIO26-PDF015-L03-S1-Q031,BIO26-L03,أحياء 1,البكتيريا والفيروسات,15,15,14,1,31,BIO26-M04,BIO26-S04-02,,,NOT_STARTED,NOT_RUN,ONE_QUESTION_ONE_IMAGE_ONE_CODE; exclude number/year/stars/badge/next-question/header; preserve full biological figure/labels/arrows/table/options
TAH-BIO-BIO26-L03-Q032,BIO26-PDF015-L03-S1-Q032,BIO26-L03,أحياء 1,البكتيريا والفيروسات,15,15,14,1,32,BIO26-M04,BIO26-S04-02,,,NOT_STARTED,NOT_RUN,ONE_QUESTION_ONE_IMAGE_ONE_CODE; exclude number/year/stars/badge/next-question/header; preserve full biological figure/labels/arrows/table/options
TAH-BIO-BIO26-L03-Q033,BIO26-PDF016-L03-S1-Q033,BIO26-L03,أحياء 1,البكتيريا والفيروسات,16,16,15,1,33,BIO26-M04,BIO26-S04-02,,,NOT_STARTED,NOT_RUN,ONE_QUESTION_ONE_IMAGE_ONE_CODE; exclude number/year/stars/badge/next-question/header; preserve full biological figure/labels/arrows/table/options
TAH-BIO-BIO26-L03-Q034,BIO26-PDF016-L03-S1-Q034,BIO26-L03,أحياء 1,البكتيريا والفيروسات,16,16,15,1,34,BIO26-M04,BIO26-S04-02,,,NOT_STARTED,NOT_RUN,ONE_QUESTION_ONE_IMAGE_ONE_CODE; exclude number/year/stars/badge/next-question/header; preserve full biological figure/labels/arrows/table/options
TAH-BIO-BIO26-L03-Q035,BIO26-PDF016-L03-S1-Q035,BIO26-L03,أحياء 1,البكتيريا والفيروسات,16,16,15,1,35,BIO26-M04,BIO26-S04-02,,,NOT_STARTED,NOT_RUN,ONE_QUESTION_ONE_IMAGE_ONE_CODE; exclude number/year/stars/badge/next-question/header; preserve full biological figure/labels/arrows/table/options
TAH-BIO-BIO26-L03-Q036,BIO26-PDF016-L03-S1-Q036,BIO26-L03,أحياء 1,البكتيريا والفيروسات,16,16,15,1,36,BIO26-M04,BIO26-S04-02,,,NOT_STARTED,NOT_RUN,ONE_QUESTION_ONE_IMAGE_ONE_CODE; exclude number/year/stars/badge/next-question/header; preserve full biological figure/labels/arrows/table/options
TAH-BIO-BIO26-L03-Q037,BIO26-PDF016-L03-S1-Q037,BIO26-L03,أحياء 1,البكتيريا والفيروسات,16,16,15,1,37,BIO26-M04,BIO26-S04-03,,,NOT_STARTED,NOT_RUN,ONE_QUESTION_ONE_IMAGE_ONE_CODE; exclude number/year/stars/badge/next-question/header; preserve full biological figure/labels/arrows/table/options
TAH-BIO-BIO26-L03-Q038,BIO26-PDF016-L03-S1-Q038,BIO26-L03,أحياء 1,البكتيريا والفيروسات,16,16,15,1,38,BIO26-M04,BIO26-S04-03,,,NOT_STARTED,NOT_RUN,ONE_QUESTION_ONE_IMAGE_ONE_CODE; exclude number/year/stars/badge/next-question/header; preserve full biological figure/labels/arrows/table/options
TAH-BIO-BIO26-L03-Q039,BIO26-PDF016-L03-S1-Q039,BIO26-L03,أحياء 1,البكتيريا والفيروسات,16,16,15,1,39,BIO26-M04,BIO26-S04-03,,,NOT_STARTED,NOT_RUN,ONE_QUESTION_ONE_IMAGE_ONE_CODE; exclude number/year/stars/badge/next-question/header; preserve full biological figure/labels/arrows/table/options
TAH-BIO-BIO26-L03-Q040,BIO26-PDF016-L03-S1-Q040,BIO26-L03,أحياء 1,البكتيريا والفيروسات,16,16,15,1,40,BIO26-M04,BIO26-S04-03,,,NOT_STARTED,NOT_RUN,ONE_QUESTION_ONE_IMAGE_ONE_CODE; exclude number/year/stars/badge/next-question/header; preserve full biological figure/labels/arrows/table/options
TAH-BIO-BIO26-L03-Q041,BIO26-PDF016-L03-S1-Q041,BIO26-L03,أحياء 1,البكتيريا والفيروسات,16,16,15,1,41,BIO26-M04,BIO26-S04-03,,,NOT_STARTED,NOT_RUN,ONE_QUESTION_ONE_IMAGE_ONE_CODE; exclude number/year/stars/badge/next-question/header; preserve full biological figure/labels/arrows/table/options
TAH-BIO-BIO26-L03-Q042,BIO26-PDF016-L03-S1-Q042,BIO26-L03,أحياء 1,البكتيريا والفيروسات,16,16,15,1,42,BIO26-M04,BIO26-S04-03,,,NOT_STARTED,NOT_RUN,ONE_QUESTION_ONE_IMAGE_ONE_CODE; exclude number/year/stars/badge/next-question/header; preserve full biological figure/labels/arrows/table/options
TAH-BIO-BIO26-L03-Q043,BIO26-PDF016-L03-S1-Q043,BIO26-L03,أحياء 1,البكتيريا والفيروسات,16,16,15,1,43,BIO26-M04,BIO26-S04-03,,,NOT_STARTED,NOT_RUN,ONE_QUESTION_ONE_IMAGE_ONE_CODE; exclude number/year/stars/badge/next-question/header; preserve full biological figure/labels/arrows/table/options
TAH-BIO-BIO26-L03-Q044,BIO26-PDF016-L03-S1-Q044,BIO26-L03,أحياء 1,البكتيريا والفيروسات,16,16,15,1,44,BIO26-M04,BIO26-S04-03,,,NOT_STARTED,NOT_RUN,ONE_QUESTION_ONE_IMAGE_ONE_CODE; exclude number/year/stars/badge/next-question/header; preserve full biological figure/labels/arrows/table/options
TAH-BIO-BIO26-L03-Q045,BIO26-PDF017-L03-S1-Q045,BIO26-L03,أحياء 1,البكتيريا والفيروسات,17,17,16,1,45,BIO26-M04,BIO26-S04-03,,,NOT_STARTED,NOT_RUN,ONE_QUESTION_ONE_IMAGE_ONE_CODE; exclude number/year/stars/badge/next-question/header; preserve full biological figure/labels/arrows/table/options
TAH-BIO-BIO26-L03-Q046,BIO26-PDF017-L03-S1-Q046,BIO26-L03,أحياء 1,البكتيريا والفيروسات,17,17,16,1,46,BIO26-M04,BIO26-S04-03,,,NOT_STARTED,NOT_RUN,ONE_QUESTION_ONE_IMAGE_ONE_CODE; exclude number/year/stars/badge/next-question/header; preserve full biological figure/labels/arrows/table/options
TAH-BIO-BIO26-L03-Q047,BIO26-PDF017-L03-S1-Q047,BIO26-L03,أحياء 1,البكتيريا والفيروسات,17,17,16,1,47,BIO26-M04,BIO26-S04-03,,,NOT_STARTED,NOT_RUN,ONE_QUESTION_ONE_IMAGE_ONE_CODE; exclude number/year/stars/badge/next-question/header; preserve full biological figure/labels/arrows/table/options
TAH-BIO-BIO26-L03-Q048,BIO26-PDF017-L03-S1-Q048,BIO26-L03,أحياء 1,البكتيريا والفيروسات,17,17,16,1,48,BIO26-M04,BIO26-S04-03,,,NOT_STARTED,NOT_RUN,ONE_QUESTION_ONE_IMAGE_ONE_CODE; exclude number/year/stars/badge/next-question/header; preserve full biological figure/labels/arrows/table/options
TAH-BIO-BIO26-L03-Q049,BIO26-PDF017-L03-S1-Q049,BIO26-L03,أحياء 1,البكتيريا والفيروسات,17,17,16,1,49,BIO26-M04,BIO26-S04-03,,,NOT_STARTED,NOT_RUN,ONE_QUESTION_ONE_IMAGE_ONE_CODE; exclude number/year/stars/badge/next-question/header; preserve full biological figure/labels/arrows/table/options
TAH-BIO-BIO26-L03-Q050,BIO26-PDF017-L03-S1-Q050,BIO26-L03,أحياء 1,البكتيريا والفيروسات,17,17,16,1,50,BIO26-M04,BIO26-S04-03,,,NOT_STARTED,NOT_RUN,ONE_QUESTION_ONE_IMAGE_ONE_CODE; exclude number/year/stars/badge/next-question/header; preserve full biological figure/labels/arrows/table/options
TAH-BIO-BIO26-L03-Q051,BIO26-PDF017-L03-S1-Q051,BIO26-L03,أحياء 1,البكتيريا والفيروسات,17,17,16,1,51,BIO26-M04,BIO26-S04-03,,,NOT_STARTED,NOT_RUN,ONE_QUESTION_ONE_IMAGE_ONE_CODE; exclude number/year/stars/badge/next-question/header; preserve full biological figure/labels/arrows/table/options
TAH-BIO-BIO26-L03-Q052,BIO26-PDF017-L03-S1-Q052,BIO26-L03,أحياء 1,البكتيريا والفيروسات,17,17,16,1,52,BIO26-M04,BIO26-S04-03,,,NOT_STARTED,NOT_RUN,ONE_QUESTION_ONE_IMAGE_ONE_CODE; exclude number/year/stars/badge/next-question/header; preserve full biological figure/labels/arrows/table/options
TAH-BIO-BIO26-L03-Q053,BIO26-PDF018-L03-S2-Q053,BIO26-L03,أحياء 1,البكتيريا والفيروسات,18,18,17,2,53,BIO26-M03,BIO26-S03-01,,,NOT_STARTED,NOT_RUN,ONE_QUESTION_ONE_IMAGE_ONE_CODE; exclude number/year/stars/badge/next-question/header; preserve full biological figure/labels/arrows/table/options
TAH-BIO-BIO26-L03-Q054,BIO26-PDF018-L03-S2-Q054,BIO26-L03,أحياء 1,البكتيريا والفيروسات,18,18,17,2,54,BIO26-M03,BIO26-S03-01,,,NOT_STARTED,NOT_RUN,ONE_QUESTION_ONE_IMAGE_ONE_CODE; exclude number/year/stars/badge/next-question/header; preserve full biological figure/labels/arrows/table/options
TAH-BIO-BIO26-L03-Q055,BIO26-PDF018-L03-S2-Q055,BIO26-L03,أحياء 1,البكتيريا والفيروسات,18,18,17,2,55,BIO26-M03,BIO26-S03-01,,,NOT_STARTED,NOT_RUN,ONE_QUESTION_ONE_IMAGE_ONE_CODE; exclude number/year/stars/badge/next-question/header; preserve full biological figure/labels/arrows/table/options
TAH-BIO-BIO26-L03-Q056,BIO26-PDF018-L03-S2-Q056,BIO26-L03,أحياء 1,البكتيريا والفيروسات,18,18,17,2,56,BIO26-M03,BIO26-S03-01,,,NOT_STARTED,NOT_RUN,ONE_QUESTION_ONE_IMAGE_ONE_CODE; exclude number/year/stars/badge/next-question/header; preserve full biological figure/labels/arrows/table/options
TAH-BIO-BIO26-L03-Q057,BIO26-PDF018-L03-S2-Q057,BIO26-L03,أحياء 1,البكتيريا والفيروسات,18,18,17,2,57,BIO26-M03,BIO26-S03-01,,,NOT_STARTED,NOT_RUN,ONE_QUESTION_ONE_IMAGE_ONE_CODE; exclude number/year/stars/badge/next-question/header; preserve full biological figure/labels/arrows/table/options
TAH-BIO-BIO26-L03-Q058,BIO26-PDF018-L03-S2-Q058,BIO26-L03,أحياء 1,البكتيريا والفيروسات,18,18,17,2,58,BIO26-M03,BIO26-S03-01,,,NOT_STARTED,NOT_RUN,ONE_QUESTION_ONE_IMAGE_ONE_CODE; exclude number/year/stars/badge/next-question/header; preserve full biological figure/labels/arrows/table/options
TAH-BIO-BIO26-L03-Q059,BIO26-PDF018-L03-S2-Q059,BIO26-L03,أحياء 1,البكتيريا والفيروسات,18,18,17,2,59,BIO26-M03,BIO26-S03-01,,,NOT_STARTED,NOT_RUN,ONE_QUESTION_ONE_IMAGE_ONE_CODE; exclude number/year/stars/badge/next-question/header; preserve full biological figure/labels/arrows/table/options
TAH-BIO-BIO26-L03-Q060,BIO26-PDF018-L03-S2-Q060,BIO26-L03,أحياء 1,البكتيريا والفيروسات,18,18,17,2,60,BIO26-M03,BIO26-S03-01,,,NOT_STARTED,NOT_RUN,ONE_QUESTION_ONE_IMAGE_ONE_CODE; exclude number/year/stars/badge/next-question/header; preserve full biological figure/labels/arrows/table/options
TAH-BIO-BIO26-L03-Q061,BIO26-PDF018-L03-S2-Q061,BIO26-L03,أحياء 1,البكتيريا والفيروسات,18,18,17,2,61,BIO26-M03,BIO26-S03-01,,,NOT_STARTED,NOT_RUN,ONE_QUESTION_ONE_IMAGE_ONE_CODE; exclude number/year/stars/badge/next-question/header; preserve full biological figure/labels/arrows/table/options
TAH-BIO-BIO26-L03-Q062,BIO26-PDF018-L03-S2-Q062,BIO26-L03,أحياء 1,البكتيريا والفيروسات,18,18,17,2,62,BIO26-M03,BIO26-S03-01,,,NOT_STARTED,NOT_RUN,ONE_QUESTION_ONE_IMAGE_ONE_CODE; exclude number/year/stars/badge/next-question/header; preserve full biological figure/labels/arrows/table/options
TAH-BIO-BIO26-L03-Q063,BIO26-PDF018-L03-S2-Q063,BIO26-L03,أحياء 1,البكتيريا والفيروسات,18,18,17,2,63,BIO26-M03,BIO26-S03-01,,,NOT_STARTED,NOT_RUN,ONE_QUESTION_ONE_IMAGE_ONE_CODE; exclude number/year/stars/badge/next-question/header; preserve full biological figure/labels/arrows/table/options
TAH-BIO-BIO26-L03-Q064,BIO26-PDF018-L03-S2-Q064,BIO26-L03,أحياء 1,البكتيريا والفيروسات,18,18,17,2,64,BIO26-M03,BIO26-S03-01,,,NOT_STARTED,NOT_RUN,ONE_QUESTION_ONE_IMAGE_ONE_CODE; exclude number/year/stars/badge/next-question/header; preserve full biological figure/labels/arrows/table/options
TAH-BIO-BIO26-L03-Q065,BIO26-PDF018-L03-S2-Q065,BIO26-L03,أحياء 1,البكتيريا والفيروسات,18,18,17,2,65,BIO26-M03,BIO26-S03-01,,,NOT_STARTED,NOT_RUN,ONE_QUESTION_ONE_IMAGE_ONE_CODE; exclude number/year/stars/badge/next-question/header; preserve full biological figure/labels/arrows/table/options
TAH-BIO-BIO26-L03-Q066,BIO26-PDF018-L03-S2-Q066,BIO26-L03,أحياء 1,البكتيريا والفيروسات,18,18,17,2,66,BIO26-M03,BIO26-S03-01,,,NOT_STARTED,NOT_RUN,ONE_QUESTION_ONE_IMAGE_ONE_CODE; exclude number/year/stars/badge/next-question/header; preserve full biological figure/labels/arrows/table/options
TAH-BIO-BIO26-L03-Q067,BIO26-PDF018-L03-S2-Q067,BIO26-L03,أحياء 1,البكتيريا والفيروسات,18,18,17,2,67,BIO26-M03,BIO26-S03-02,,,NOT_STARTED,NOT_RUN,ONE_QUESTION_ONE_IMAGE_ONE_CODE; exclude number/year/stars/badge/next-question/header; preserve full biological figure/labels/arrows/table/options
TAH-BIO-BIO26-L03-Q068,BIO26-PDF018-L03-S2-Q068,BIO26-L03,أحياء 1,البكتيريا والفيروسات,18,18,17,2,68,BIO26-M03,BIO26-S03-02,,,NOT_STARTED,NOT_RUN,ONE_QUESTION_ONE_IMAGE_ONE_CODE; exclude number/year/stars/badge/next-question/header; preserve full biological figure/labels/arrows/table/options
TAH-BIO-BIO26-L03-Q069,BIO26-PDF018-L03-S2-Q069,BIO26-L03,أحياء 1,البكتيريا والفيروسات,18,18,17,2,69,BIO26-M03,BIO26-S03-03,,,NOT_STARTED,NOT_RUN,ONE_QUESTION_ONE_IMAGE_ONE_CODE; exclude number/year/stars/badge/next-question/header; preserve full biological figure/labels/arrows/table/options
TAH-BIO-BIO26-L03-Q070,BIO26-PDF019-L03-S2-Q070,BIO26-L03,أحياء 1,البكتيريا والفيروسات,19,19,18,2,70,BIO26-M03,BIO26-S03-03,,,NOT_STARTED,NOT_RUN,ONE_QUESTION_ONE_IMAGE_ONE_CODE; exclude number/year/stars/badge/next-question/header; preserve full biological figure/labels/arrows/table/options
TAH-BIO-BIO26-L03-Q071,BIO26-PDF019-L03-S2-Q071,BIO26-L03,أحياء 1,البكتيريا والفيروسات,19,19,18,2,71,BIO26-M03,BIO26-S03-03,,,NOT_STARTED,NOT_RUN,ONE_QUESTION_ONE_IMAGE_ONE_CODE; exclude number/year/stars/badge/next-question/header; preserve full biological figure/labels/arrows/table/options
TAH-BIO-BIO26-L03-Q072,BIO26-PDF019-L03-S2-Q072,BIO26-L03,أحياء 1,البكتيريا والفيروسات,19,19,18,2,72,BIO26-M03,BIO26-S03-03,,,NOT_STARTED,NOT_RUN,ONE_QUESTION_ONE_IMAGE_ONE_CODE; exclude number/year/stars/badge/next-question/header; preserve full biological figure/labels/arrows/table/options
TAH-BIO-BIO26-L03-Q073,BIO26-PDF019-L03-S2-Q073,BIO26-L03,أحياء 1,البكتيريا والفيروسات,19,19,18,2,73,BIO26-M03,BIO26-S03-03,,,NOT_STARTED,NOT_RUN,ONE_QUESTION_ONE_IMAGE_ONE_CODE; exclude number/year/stars/badge/next-question/header; preserve full biological figure/labels/arrows/table/options
TAH-BIO-BIO26-L03-Q074,BIO26-PDF019-L03-S2-Q074,BIO26-L03,أحياء 1,البكتيريا والفيروسات,19,19,18,2,74,BIO26-M03,BIO26-S03-03,,,NOT_STARTED,NOT_RUN,ONE_QUESTION_ONE_IMAGE_ONE_CODE; exclude number/year/stars/badge/next-question/header; preserve full biological figure/labels/arrows/table/options
TAH-BIO-BIO26-L03-Q075,BIO26-PDF019-L03-S2-Q075,BIO26-L03,أحياء 1,البكتيريا والفيروسات,19,19,18,2,75,BIO26-M03,BIO26-S03-04,,,NOT_STARTED,NOT_RUN,ONE_QUESTION_ONE_IMAGE_ONE_CODE; exclude number/year/stars/badge/next-question/header; preserve full biological figure/labels/arrows/table/options
TAH-BIO-BIO26-L03-Q076,BIO26-PDF019-L03-S2-Q076,BIO26-L03,أحياء 1,البكتيريا والفيروسات,19,19,18,2,76,BIO26-M03,BIO26-S03-04,,,NOT_STARTED,NOT_RUN,ONE_QUESTION_ONE_IMAGE_ONE_CODE; exclude number/year/stars/badge/next-question/header; preserve full biological figure/labels/arrows/table/options
TAH-BIO-BIO26-L03-Q077,BIO26-PDF019-L03-S2-Q077,BIO26-L03,أحياء 1,البكتيريا والفيروسات,19,19,18,2,77,BIO26-M03,BIO26-S03-04,,,NOT_STARTED,NOT_RUN,ONE_QUESTION_ONE_IMAGE_ONE_CODE; exclude number/year/stars/badge/next-question/header; preserve full biological figure/labels/arrows/table/options
TAH-BIO-BIO26-L03-Q078,BIO26-PDF019-L03-S2-Q078,BIO26-L03,أحياء 1,البكتيريا والفيروسات,19,19,18,2,78,BIO26-M03,BIO26-S03-04,,,NOT_STARTED,NOT_RUN,ONE_QUESTION_ONE_IMAGE_ONE_CODE; exclude number/year/stars/badge/next-question/header; preserve full biological figure/labels/arrows/table/options
TAH-BIO-BIO26-L03-Q079,BIO26-PDF019-L03-S2-Q079,BIO26-L03,أحياء 1,البكتيريا والفيروسات,19,19,18,2,79,BIO26-M03,BIO26-S03-04,,,NOT_STARTED,NOT_RUN,ONE_QUESTION_ONE_IMAGE_ONE_CODE; exclude number/year/stars/badge/next-question/header; preserve full biological figure/labels/arrows/table/options
TAH-BIO-BIO26-L03-Q080,BIO26-PDF019-L03-S2-Q080,BIO26-L03,أحياء 1,البكتيريا والفيروسات,19,19,18,2,80,BIO26-M03,BIO26-S03-04,,,NOT_STARTED,NOT_RUN,ONE_QUESTION_ONE_IMAGE_ONE_CODE; exclude number/year/stars/badge/next-question/header; preserve full biological figure/labels/arrows/table/options
TAH-BIO-BIO26-L03-Q081,BIO26-PDF019-L03-S2-Q081,BIO26-L03,أحياء 1,البكتيريا والفيروسات,19,19,18,2,81,BIO26-M04,BIO26-S04-01,,,NOT_STARTED,NOT_RUN,ONE_QUESTION_ONE_IMAGE_ONE_CODE; exclude number/year/stars/badge/next-question/header; preserve full biological figure/labels/arrows/table/options
TAH-BIO-BIO26-L03-Q082,BIO26-PDF019-L03-S2-Q082,BIO26-L03,أحياء 1,البكتيريا والفيروسات,19,19,18,2,82,BIO26-M04,BIO26-S04-01,,,NOT_STARTED,NOT_RUN,ONE_QUESTION_ONE_IMAGE_ONE_CODE; exclude number/year/stars/badge/next-question/header; preserve full biological figure/labels/arrows/table/options
TAH-BIO-BIO26-L03-Q083,BIO26-PDF019-L03-S2-Q083,BIO26-L03,أحياء 1,البكتيريا والفيروسات,19,19,18,2,83,BIO26-M04,BIO26-S04-01,,,NOT_STARTED,NOT_RUN,ONE_QUESTION_ONE_IMAGE_ONE_CODE; exclude number/year/stars/badge/next-question/header; preserve full biological figure/labels/arrows/table/options
TAH-BIO-BIO26-L03-Q084,BIO26-PDF019-L03-S2-Q084,BIO26-L03,أحياء 1,البكتيريا والفيروسات,19,19,18,2,84,BIO26-M04,BIO26-S04-02,,,NOT_STARTED,NOT_RUN,ONE_QUESTION_ONE_IMAGE_ONE_CODE; exclude number/year/stars/badge/next-question/header; preserve full biological figure/labels/arrows/table/options
TAH-BIO-BIO26-L03-Q085,BIO26-PDF019-L03-S2-Q085,BIO26-L03,أحياء 1,البكتيريا والفيروسات,19,19,18,2,85,BIO26-M04,BIO26-S04-02,,,NOT_STARTED,NOT_RUN,ONE_QUESTION_ONE_IMAGE_ONE_CODE; exclude number/year/stars/badge/next-question/header; preserve full biological figure/labels/arrows/table/options
TAH-BIO-BIO26-L03-Q086,BIO26-PDF020-L03-S2-Q086,BIO26-L03,أحياء 1,البكتيريا والفيروسات,20,20,19,2,86,BIO26-M04,BIO26-S04-02,,,NOT_STARTED,NOT_RUN,ONE_QUESTION_ONE_IMAGE_ONE_CODE; exclude number/year/stars/badge/next-question/header; preserve full biological figure/labels/arrows/table/options
TAH-BIO-BIO26-L03-Q087,BIO26-PDF020-L03-S2-Q087,BIO26-L03,أحياء 1,البكتيريا والفيروسات,20,20,19,2,87,BIO26-M04,BIO26-S04-02,,,NOT_STARTED,NOT_RUN,ONE_QUESTION_ONE_IMAGE_ONE_CODE; exclude number/year/stars/badge/next-question/header; preserve full biological figure/labels/arrows/table/options
TAH-BIO-BIO26-L03-Q088,BIO26-PDF020-L03-S2-Q088,BIO26-L03,أحياء 1,البكتيريا والفيروسات,20,20,19,2,88,BIO26-M04,BIO26-S04-02,,,NOT_STARTED,NOT_RUN,ONE_QUESTION_ONE_IMAGE_ONE_CODE; exclude number/year/stars/badge/next-question/header; preserve full biological figure/labels/arrows/table/options
TAH-BIO-BIO26-L03-Q089,BIO26-PDF020-L03-S2-Q089,BIO26-L03,أحياء 1,البكتيريا والفيروسات,20,20,19,2,89,BIO26-M04,BIO26-S04-02,,,NOT_STARTED,NOT_RUN,ONE_QUESTION_ONE_IMAGE_ONE_CODE; exclude number/year/stars/badge/next-question/header; preserve full biological figure/labels/arrows/table/options
TAH-BIO-BIO26-L03-Q090,BIO26-PDF020-L03-S2-Q090,BIO26-L03,أحياء 1,البكتيريا والفيروسات,20,20,19,2,90,BIO26-M04,BIO26-S04-02,,,NOT_STARTED,NOT_RUN,ONE_QUESTION_ONE_IMAGE_ONE_CODE; exclude number/year/stars/badge/next-question/header; preserve full biological figure/labels/arrows/table/options
TAH-BIO-BIO26-L03-Q091,BIO26-PDF020-L03-S2-Q091,BIO26-L03,أحياء 1,البكتيريا والفيروسات,20,20,19,2,91,BIO26-M04,BIO26-S04-02,,,NOT_STARTED,NOT_RUN,ONE_QUESTION_ONE_IMAGE_ONE_CODE; exclude number/year/stars/badge/next-question/header; preserve full biological figure/labels/arrows/table/options
TAH-BIO-BIO26-L03-Q092,BIO26-PDF020-L03-S2-Q092,BIO26-L03,أحياء 1,البكتيريا والفيروسات,20,20,19,2,92,BIO26-M04,BIO26-S04-02,,,NOT_STARTED,NOT_RUN,ONE_QUESTION_ONE_IMAGE_ONE_CODE; exclude number/year/stars/badge/next-question/header; preserve full biological figure/labels/arrows/table/options
TAH-BIO-BIO26-L03-Q093,BIO26-PDF020-L03-S2-Q093,BIO26-L03,أحياء 1,البكتيريا والفيروسات,20,20,19,2,93,BIO26-M04,BIO26-S04-02,,,NOT_STARTED,NOT_RUN,ONE_QUESTION_ONE_IMAGE_ONE_CODE; exclude number/year/stars/badge/next-question/header; preserve full biological figure/labels/arrows/table/options
TAH-BIO-BIO26-L03-Q094,BIO26-PDF020-L03-S2-Q094,BIO26-L03,أحياء 1,البكتيريا والفيروسات,20,20,19,2,94,BIO26-M04,BIO26-S04-02,,,NOT_STARTED,NOT_RUN,ONE_QUESTION_ONE_IMAGE_ONE_CODE; exclude number/year/stars/badge/next-question/header; preserve full biological figure/labels/arrows/table/options
TAH-BIO-BIO26-L03-Q095,BIO26-PDF020-L03-S2-Q095,BIO26-L03,أحياء 1,البكتيريا والفيروسات,20,20,19,2,95,BIO26-M04,BIO26-S04-02,,,NOT_STARTED,NOT_RUN,ONE_QUESTION_ONE_IMAGE_ONE_CODE; exclude number/year/stars/badge/next-question/header; preserve full biological figure/labels/arrows/table/options
TAH-BIO-BIO26-L03-Q096,BIO26-PDF020-L03-S2-Q096,BIO26-L03,أحياء 1,البكتيريا والفيروسات,20,20,19,2,96,BIO26-M04,BIO26-S04-02,,,NOT_STARTED,NOT_RUN,ONE_QUESTION_ONE_IMAGE_ONE_CODE; exclude number/year/stars/badge/next-question/header; preserve full biological figure/labels/arrows/table/options
TAH-BIO-BIO26-L03-Q097,BIO26-PDF020-L03-S2-Q097,BIO26-L03,أحياء 1,البكتيريا والفيروسات,20,20,19,2,97,BIO26-M04,BIO26-S04-02,,,NOT_STARTED,NOT_RUN,ONE_QUESTION_ONE_IMAGE_ONE_CODE; exclude number/year/stars/badge/next-question/header; preserve full biological figure/labels/arrows/table/options
TAH-BIO-BIO26-L03-Q098,BIO26-PDF020-L03-S2-Q098,BIO26-L03,أحياء 1,البكتيريا والفيروسات,20,20,19,2,98,BIO26-M04,BIO26-S04-02,,,NOT_STARTED,NOT_RUN,ONE_QUESTION_ONE_IMAGE_ONE_CODE; exclude number/year/stars/badge/next-question/header; preserve full biological figure/labels/arrows/table/options
TAH-BIO-BIO26-L03-Q099,BIO26-PDF020-L03-S2-Q099,BIO26-L03,أحياء 1,البكتيريا والفيروسات,20,20,19,2,99,BIO26-M04,BIO26-S04-02,,,NOT_STARTED,NOT_RUN,ONE_QUESTION_ONE_IMAGE_ONE_CODE; exclude number/year/stars/badge/next-question/header; preserve full biological figure/labels/arrows/table/options
TAH-BIO-BIO26-L03-Q100,BIO26-PDF020-L03-S2-Q100,BIO26-L03,أحياء 1,البكتيريا والفيروسات,20,20,19,2,100,BIO26-M04,BIO26-S04-02,,,NOT_STARTED,NOT_RUN,ONE_QUESTION_ONE_IMAGE_ONE_CODE; exclude number/year/stars/badge/next-question/header; preserve full biological figure/labels/arrows/table/options
TAH-BIO-BIO26-L03-Q101,BIO26-PDF020-L03-S2-Q101,BIO26-L03,أحياء 1,البكتيريا والفيروسات,20,20,19,2,101,BIO26-M04,BIO26-S04-02,,,NOT_STARTED,NOT_RUN,ONE_QUESTION_ONE_IMAGE_ONE_CODE; exclude number/year/stars/badge/next-question/header; preserve full biological figure/labels/arrows/table/options
TAH-BIO-BIO26-L03-Q102,BIO26-PDF020-L03-S2-Q102,BIO26-L03,أحياء 1,البكتيريا والفيروسات,20,20,19,2,102,BIO26-M04,BIO26-S04-02,,,NOT_STARTED,NOT_RUN,ONE_QUESTION_ONE_IMAGE_ONE_CODE; exclude number/year/stars/badge/next-question/header; preserve full biological figure/labels/arrows/table/options
TAH-BIO-BIO26-L03-Q103,BIO26-PDF020-L03-S2-Q103,BIO26-L03,أحياء 1,البكتيريا والفيروسات,20,20,19,2,103,BIO26-M04,BIO26-S04-02,,,NOT_STARTED,NOT_RUN,ONE_QUESTION_ONE_IMAGE_ONE_CODE; exclude number/year/stars/badge/next-question/header; preserve full biological figure/labels/arrows/table/options
TAH-BIO-BIO26-L03-Q104,BIO26-PDF020-L03-S2-Q104,BIO26-L03,أحياء 1,البكتيريا والفيروسات,20,20,19,2,104,BIO26-M04,BIO26-S04-02,,,NOT_STARTED,NOT_RUN,ONE_QUESTION_ONE_IMAGE_ONE_CODE; exclude number/year/stars/badge/next-question/header; preserve full biological figure/labels/arrows/table/options
TAH-BIO-BIO26-L03-Q105,BIO26-PDF020-L03-S2-Q105,BIO26-L03,أحياء 1,البكتيريا والفيروسات,20,20,19,2,105,BIO26-M04,BIO26-S04-02,,,NOT_STARTED,NOT_RUN,ONE_QUESTION_ONE_IMAGE_ONE_CODE; exclude number/year/stars/badge/next-question/header; preserve full biological figure/labels/arrows/table/options
TAH-BIO-BIO26-L03-Q106,BIO26-PDF021-L03-S2-Q106,BIO26-L03,أحياء 1,البكتيريا والفيروسات,21,21,20,2,106,BIO26-M04,BIO26-S04-03,,,NOT_STARTED,NOT_RUN,ONE_QUESTION_ONE_IMAGE_ONE_CODE; exclude number/year/stars/badge/next-question/header; preserve full biological figure/labels/arrows/table/options
TAH-BIO-BIO26-L03-Q107,BIO26-PDF021-L03-S2-Q107,BIO26-L03,أحياء 1,البكتيريا والفيروسات,21,21,20,2,107,BIO26-M04,BIO26-S04-03,,,NOT_STARTED,NOT_RUN,ONE_QUESTION_ONE_IMAGE_ONE_CODE; exclude number/year/stars/badge/next-question/header; preserve full biological figure/labels/arrows/table/options
TAH-BIO-BIO26-L03-Q108,BIO26-PDF021-L03-S2-Q108,BIO26-L03,أحياء 1,البكتيريا والفيروسات,21,21,20,2,108,BIO26-M04,BIO26-S04-03,,,NOT_STARTED,NOT_RUN,ONE_QUESTION_ONE_IMAGE_ONE_CODE; exclude number/year/stars/badge/next-question/header; preserve full biological figure/labels/arrows/table/options
TAH-BIO-BIO26-L03-Q109,BIO26-PDF021-L03-S2-Q109,BIO26-L03,أحياء 1,البكتيريا والفيروسات,21,21,20,2,109,BIO26-M04,BIO26-S04-03,,,NOT_STARTED,NOT_RUN,ONE_QUESTION_ONE_IMAGE_ONE_CODE; exclude number/year/stars/badge/next-question/header; preserve full biological figure/labels/arrows/table/options
TAH-BIO-BIO26-L03-Q110,BIO26-PDF021-L03-S2-Q110,BIO26-L03,أحياء 1,البكتيريا والفيروسات,21,21,20,2,110,BIO26-M04,BIO26-S04-03,,,NOT_STARTED,NOT_RUN,ONE_QUESTION_ONE_IMAGE_ONE_CODE; exclude number/year/stars/badge/next-question/header; preserve full biological figure/labels/arrows/table/options
TAH-BIO-BIO26-L03-Q111,BIO26-PDF021-L03-S2-Q111,BIO26-L03,أحياء 1,البكتيريا والفيروسات,21,21,20,2,111,BIO26-M04,BIO26-S04-03,,,NOT_STARTED,NOT_RUN,ONE_QUESTION_ONE_IMAGE_ONE_CODE; exclude number/year/stars/badge/next-question/header; preserve full biological figure/labels/arrows/table/options
TAH-BIO-BIO26-L04-Q001,BIO26-PDF022-L04-S1-Q001,BIO26-L04,أحياء 1,الطلائعيات,22,22,21,1,1,BIO26-M05,BIO26-S05-01,,,NOT_STARTED,NOT_RUN,ONE_QUESTION_ONE_IMAGE_ONE_CODE; exclude number/year/stars/badge/next-question/header; preserve full biological figure/labels/arrows/table/options
TAH-BIO-BIO26-L04-Q002,BIO26-PDF022-L04-S1-Q002,BIO26-L04,أحياء 1,الطلائعيات,22,22,21,1,2,BIO26-M05,BIO26-S05-01,,,NOT_STARTED,NOT_RUN,ONE_QUESTION_ONE_IMAGE_ONE_CODE; exclude number/year/stars/badge/next-question/header; preserve full biological figure/labels/arrows/table/options
TAH-BIO-BIO26-L04-Q003,BIO26-PDF022-L04-S1-Q003,BIO26-L04,أحياء 1,الطلائعيات,22,22,21,1,3,BIO26-M05,BIO26-S05-01,,,NOT_STARTED,NOT_RUN,ONE_QUESTION_ONE_IMAGE_ONE_CODE; exclude number/year/stars/badge/next-question/header; preserve full biological figure/labels/arrows/table/options
TAH-BIO-BIO26-L04-Q004,BIO26-PDF022-L04-S1-Q004,BIO26-L04,أحياء 1,الطلائعيات,22,22,21,1,4,BIO26-M05,BIO26-S05-01,,,NOT_STARTED,NOT_RUN,ONE_QUESTION_ONE_IMAGE_ONE_CODE; exclude number/year/stars/badge/next-question/header; preserve full biological figure/labels/arrows/table/options
TAH-BIO-BIO26-L04-Q005,BIO26-PDF022-L04-S1-Q005,BIO26-L04,أحياء 1,الطلائعيات,22,22,21,1,5,BIO26-M05,BIO26-S05-01,,,NOT_STARTED,NOT_RUN,ONE_QUESTION_ONE_IMAGE_ONE_CODE; exclude number/year/stars/badge/next-question/header; preserve full biological figure/labels/arrows/table/options
TAH-BIO-BIO26-L04-Q006,BIO26-PDF022-L04-S1-Q006,BIO26-L04,أحياء 1,الطلائعيات,22,22,21,1,6,BIO26-M05,BIO26-S05-01,,,NOT_STARTED,NOT_RUN,ONE_QUESTION_ONE_IMAGE_ONE_CODE; exclude number/year/stars/badge/next-question/header; preserve full biological figure/labels/arrows/table/options
TAH-BIO-BIO26-L04-Q007,BIO26-PDF022-L04-S1-Q007,BIO26-L04,أحياء 1,الطلائعيات,22,22,21,1,7,BIO26-M05,BIO26-S05-01,,,NOT_STARTED,NOT_RUN,ONE_QUESTION_ONE_IMAGE_ONE_CODE; exclude number/year/stars/badge/next-question/header; preserve full biological figure/labels/arrows/table/options
TAH-BIO-BIO26-L04-Q008,BIO26-PDF022-L04-S1-Q008,BIO26-L04,أحياء 1,الطلائعيات,22,22,21,1,8,BIO26-M05,BIO26-S05-01,,,NOT_STARTED,NOT_RUN,ONE_QUESTION_ONE_IMAGE_ONE_CODE; exclude number/year/stars/badge/next-question/header; preserve full biological figure/labels/arrows/table/options
TAH-BIO-BIO26-L04-Q009,BIO26-PDF022-L04-S1-Q009,BIO26-L04,أحياء 1,الطلائعيات,22,22,21,1,9,BIO26-M05,BIO26-S05-01,,,NOT_STARTED,NOT_RUN,ONE_QUESTION_ONE_IMAGE_ONE_CODE; exclude number/year/stars/badge/next-question/header; preserve full biological figure/labels/arrows/table/options
TAH-BIO-BIO26-L04-Q010,BIO26-PDF022-L04-S1-Q010,BIO26-L04,أحياء 1,الطلائعيات,22,22,21,1,10,BIO26-M05,BIO26-S05-01,,,NOT_STARTED,NOT_RUN,ONE_QUESTION_ONE_IMAGE_ONE_CODE; exclude number/year/stars/badge/next-question/header; preserve full biological figure/labels/arrows/table/options
TAH-BIO-BIO26-L04-Q011,BIO26-PDF022-L04-S1-Q011,BIO26-L04,أحياء 1,الطلائعيات,22,22,21,1,11,BIO26-M05,BIO26-S05-01,,,NOT_STARTED,NOT_RUN,ONE_QUESTION_ONE_IMAGE_ONE_CODE; exclude number/year/stars/badge/next-question/header; preserve full biological figure/labels/arrows/table/options
TAH-BIO-BIO26-L04-Q012,BIO26-PDF022-L04-S1-Q012,BIO26-L04,أحياء 1,الطلائعيات,22,22,21,1,12,BIO26-M05,BIO26-S05-01,,,NOT_STARTED,NOT_RUN,ONE_QUESTION_ONE_IMAGE_ONE_CODE; exclude number/year/stars/badge/next-question/header; preserve full biological figure/labels/arrows/table/options
TAH-BIO-BIO26-L04-Q013,BIO26-PDF022-L04-S1-Q013,BIO26-L04,أحياء 1,الطلائعيات,22,22,21,1,13,BIO26-M05,BIO26-S05-01,,,NOT_STARTED,NOT_RUN,ONE_QUESTION_ONE_IMAGE_ONE_CODE; exclude number/year/stars/badge/next-question/header; preserve full biological figure/labels/arrows/table/options
TAH-BIO-BIO26-L04-Q014,BIO26-PDF022-L04-S1-Q014,BIO26-L04,أحياء 1,الطلائعيات,22,22,21,1,14,BIO26-M05,BIO26-S05-01,,,NOT_STARTED,NOT_RUN,ONE_QUESTION_ONE_IMAGE_ONE_CODE; exclude number/year/stars/badge/next-question/header; preserve full biological figure/labels/arrows/table/options
TAH-BIO-BIO26-L04-Q015,BIO26-PDF022-L04-S1-Q015,BIO26-L04,أحياء 1,الطلائعيات,22,22,21,1,15,BIO26-M05,BIO26-S05-01,,,NOT_STARTED,NOT_RUN,ONE_QUESTION_ONE_IMAGE_ONE_CODE; exclude number/year/stars/badge/next-question/header; preserve full biological figure/labels/arrows/table/options
TAH-BIO-BIO26-L04-Q016,BIO26-PDF022-L04-S1-Q016,BIO26-L04,أحياء 1,الطلائعيات,22,22,21,1,16,BIO26-M05,BIO26-S05-01,,,NOT_STARTED,NOT_RUN,ONE_QUESTION_ONE_IMAGE_ONE_CODE; exclude number/year/stars/badge/next-question/header; preserve full biological figure/labels/arrows/table/options
TAH-BIO-BIO26-L04-Q017,BIO26-PDF022-L04-S1-Q017,BIO26-L04,أحياء 1,الطلائعيات,22,22,21,1,17,BIO26-M05,BIO26-S05-01,,,NOT_STARTED,NOT_RUN,ONE_QUESTION_ONE_IMAGE_ONE_CODE; exclude number/year/stars/badge/next-question/header; preserve full biological figure/labels/arrows/table/options
TAH-BIO-BIO26-L04-Q018,BIO26-PDF023-L04-S1-Q018,BIO26-L04,أحياء 1,الطلائعيات,23,23,22,1,18,BIO26-M05,BIO26-S05-01,,,NOT_STARTED,NOT_RUN,ONE_QUESTION_ONE_IMAGE_ONE_CODE; exclude number/year/stars/badge/next-question/header; preserve full biological figure/labels/arrows/table/options
TAH-BIO-BIO26-L04-Q019,BIO26-PDF023-L04-S1-Q019,BIO26-L04,أحياء 1,الطلائعيات,23,23,22,1,19,BIO26-M05,BIO26-S05-01,,,NOT_STARTED,NOT_RUN,ONE_QUESTION_ONE_IMAGE_ONE_CODE; exclude number/year/stars/badge/next-question/header; preserve full biological figure/labels/arrows/table/options
TAH-BIO-BIO26-L04-Q020,BIO26-PDF023-L04-S1-Q020,BIO26-L04,أحياء 1,الطلائعيات,23,23,22,1,20,BIO26-M05,BIO26-S05-01,,,NOT_STARTED,NOT_RUN,ONE_QUESTION_ONE_IMAGE_ONE_CODE; exclude number/year/stars/badge/next-question/header; preserve full biological figure/labels/arrows/table/options
TAH-BIO-BIO26-L04-Q021,BIO26-PDF023-L04-S1-Q021,BIO26-L04,أحياء 1,الطلائعيات,23,23,22,1,21,BIO26-M05,BIO26-S05-01,,,NOT_STARTED,NOT_RUN,ONE_QUESTION_ONE_IMAGE_ONE_CODE; exclude number/year/stars/badge/next-question/header; preserve full biological figure/labels/arrows/table/options
TAH-BIO-BIO26-L04-Q022,BIO26-PDF023-L04-S1-Q022,BIO26-L04,أحياء 1,الطلائعيات,23,23,22,1,22,BIO26-M05,BIO26-S05-01,,,NOT_STARTED,NOT_RUN,ONE_QUESTION_ONE_IMAGE_ONE_CODE; exclude number/year/stars/badge/next-question/header; preserve full biological figure/labels/arrows/table/options
TAH-BIO-BIO26-L04-Q023,BIO26-PDF023-L04-S1-Q023,BIO26-L04,أحياء 1,الطلائعيات,23,23,22,1,23,BIO26-M05,BIO26-S05-01,,,NOT_STARTED,NOT_RUN,ONE_QUESTION_ONE_IMAGE_ONE_CODE; exclude number/year/stars/badge/next-question/header; preserve full biological figure/labels/arrows/table/options
TAH-BIO-BIO26-L04-Q024,BIO26-PDF023-L04-S1-Q024,BIO26-L04,أحياء 1,الطلائعيات,23,23,22,1,24,BIO26-M05,BIO26-S05-01,,,NOT_STARTED,NOT_RUN,ONE_QUESTION_ONE_IMAGE_ONE_CODE; exclude number/year/stars/badge/next-question/header; preserve full biological figure/labels/arrows/table/options
TAH-BIO-BIO26-L04-Q025,BIO26-PDF023-L04-S1-Q025,BIO26-L04,أحياء 1,الطلائعيات,23,23,22,1,25,BIO26-M05,BIO26-S05-01,,,NOT_STARTED,NOT_RUN,ONE_QUESTION_ONE_IMAGE_ONE_CODE; exclude number/year/stars/badge/next-question/header; preserve full biological figure/labels/arrows/table/options
TAH-BIO-BIO26-L04-Q026,BIO26-PDF023-L04-S1-Q026,BIO26-L04,أحياء 1,الطلائعيات,23,23,22,1,26,BIO26-M05,BIO26-S05-01,,,NOT_STARTED,NOT_RUN,ONE_QUESTION_ONE_IMAGE_ONE_CODE; exclude number/year/stars/badge/next-question/header; preserve full biological figure/labels/arrows/table/options
TAH-BIO-BIO26-L04-Q027,BIO26-PDF023-L04-S1-Q027,BIO26-L04,أحياء 1,الطلائعيات,23,23,22,1,27,BIO26-M05,BIO26-S05-01,,,NOT_STARTED,NOT_RUN,ONE_QUESTION_ONE_IMAGE_ONE_CODE; exclude number/year/stars/badge/next-question/header; preserve full biological figure/labels/arrows/table/options
TAH-BIO-BIO26-L04-Q028,BIO26-PDF023-L04-S1-Q028,BIO26-L04,أحياء 1,الطلائعيات,23,23,22,1,28,BIO26-M05,BIO26-S05-01,,,NOT_STARTED,NOT_RUN,ONE_QUESTION_ONE_IMAGE_ONE_CODE; exclude number/year/stars/badge/next-question/header; preserve full biological figure/labels/arrows/table/options
TAH-BIO-BIO26-L04-Q029,BIO26-PDF023-L04-S1-Q029,BIO26-L04,أحياء 1,الطلائعيات,23,23,22,1,29,BIO26-M05,BIO26-S05-01,,,NOT_STARTED,NOT_RUN,ONE_QUESTION_ONE_IMAGE_ONE_CODE; exclude number/year/stars/badge/next-question/header; preserve full biological figure/labels/arrows/table/options
TAH-BIO-BIO26-L04-Q030,BIO26-PDF023-L04-S1-Q030,BIO26-L04,أحياء 1,الطلائعيات,23,23,22,1,30,BIO26-M05,BIO26-S05-01,,,NOT_STARTED,NOT_RUN,ONE_QUESTION_ONE_IMAGE_ONE_CODE; exclude number/year/stars/badge/next-question/header; preserve full biological figure/labels/arrows/table/options
TAH-BIO-BIO26-L04-Q031,BIO26-PDF023-L04-S1-Q031,BIO26-L04,أحياء 1,الطلائعيات,23,23,22,1,31,BIO26-M05,BIO26-S05-01,,,NOT_STARTED,NOT_RUN,ONE_QUESTION_ONE_IMAGE_ONE_CODE; exclude number/year/stars/badge/next-question/header; preserve full biological figure/labels/arrows/table/options
TAH-BIO-BIO26-L04-Q032,BIO26-PDF023-L04-S1-Q032,BIO26-L04,أحياء 1,الطلائعيات,23,23,22,1,32,BIO26-M05,BIO26-S05-01,,,NOT_STARTED,NOT_RUN,ONE_QUESTION_ONE_IMAGE_ONE_CODE; exclude number/year/stars/badge/next-question/header; preserve full biological figure/labels/arrows/table/options
TAH-BIO-BIO26-L04-Q033,BIO26-PDF023-L04-S1-Q033,BIO26-L04,أحياء 1,الطلائعيات,23,23,22,1,33,BIO26-M05,BIO26-S05-01,,,NOT_STARTED,NOT_RUN,ONE_QUESTION_ONE_IMAGE_ONE_CODE; exclude number/year/stars/badge/next-question/header; preserve full biological figure/labels/arrows/table/options
TAH-BIO-BIO26-L04-Q034,BIO26-PDF023-L04-S1-Q034,BIO26-L04,أحياء 1,الطلائعيات,23,23,22,1,34,BIO26-M05,BIO26-S05-01,,,NOT_STARTED,NOT_RUN,ONE_QUESTION_ONE_IMAGE_ONE_CODE; exclude number/year/stars/badge/next-question/header; preserve full biological figure/labels/arrows/table/options
TAH-BIO-BIO26-L04-Q035,BIO26-PDF023-L04-S1-Q035,BIO26-L04,أحياء 1,الطلائعيات,23,23,22,1,35,BIO26-M05,BIO26-S05-01,,,NOT_STARTED,NOT_RUN,ONE_QUESTION_ONE_IMAGE_ONE_CODE; exclude number/year/stars/badge/next-question/header; preserve full biological figure/labels/arrows/table/options
TAH-BIO-BIO26-L04-Q036,BIO26-PDF024-L04-S1-Q036,BIO26-L04,أحياء 1,الطلائعيات,24,24,23,1,36,BIO26-M05,BIO26-S05-02,,,NOT_STARTED,NOT_RUN,ONE_QUESTION_ONE_IMAGE_ONE_CODE; exclude number/year/stars/badge/next-question/header; preserve full biological figure/labels/arrows/table/options
TAH-BIO-BIO26-L04-Q037,BIO26-PDF024-L04-S1-Q037,BIO26-L04,أحياء 1,الطلائعيات,24,24,23,1,37,BIO26-M05,BIO26-S05-02,,,NOT_STARTED,NOT_RUN,ONE_QUESTION_ONE_IMAGE_ONE_CODE; exclude number/year/stars/badge/next-question/header; preserve full biological figure/labels/arrows/table/options
TAH-BIO-BIO26-L04-Q038,BIO26-PDF024-L04-S1-Q038,BIO26-L04,أحياء 1,الطلائعيات,24,24,23,1,38,BIO26-M05,BIO26-S05-02,,,NOT_STARTED,NOT_RUN,ONE_QUESTION_ONE_IMAGE_ONE_CODE; exclude number/year/stars/badge/next-question/header; preserve full biological figure/labels/arrows/table/options
TAH-BIO-BIO26-L04-Q039,BIO26-PDF024-L04-S1-Q039,BIO26-L04,أحياء 1,الطلائعيات,24,24,23,1,39,BIO26-M05,BIO26-S05-02,,,NOT_STARTED,NOT_RUN,ONE_QUESTION_ONE_IMAGE_ONE_CODE; exclude number/year/stars/badge/next-question/header; preserve full biological figure/labels/arrows/table/options
TAH-BIO-BIO26-L04-Q040,BIO26-PDF024-L04-S1-Q040,BIO26-L04,أحياء 1,الطلائعيات,24,24,23,1,40,BIO26-M05,BIO26-S05-02,,,NOT_STARTED,NOT_RUN,ONE_QUESTION_ONE_IMAGE_ONE_CODE; exclude number/year/stars/badge/next-question/header; preserve full biological figure/labels/arrows/table/options
TAH-BIO-BIO26-L04-Q041,BIO26-PDF024-L04-S1-Q041,BIO26-L04,أحياء 1,الطلائعيات,24,24,23,1,41,BIO26-M05,BIO26-S05-02,,,NOT_STARTED,NOT_RUN,ONE_QUESTION_ONE_IMAGE_ONE_CODE; exclude number/year/stars/badge/next-question/header; preserve full biological figure/labels/arrows/table/options
TAH-BIO-BIO26-L04-Q042,BIO26-PDF024-L04-S1-Q042,BIO26-L04,أحياء 1,الطلائعيات,24,24,23,1,42,BIO26-M05,BIO26-S05-02,,,NOT_STARTED,NOT_RUN,ONE_QUESTION_ONE_IMAGE_ONE_CODE; exclude number/year/stars/badge/next-question/header; preserve full biological figure/labels/arrows/table/options
TAH-BIO-BIO26-L04-Q043,BIO26-PDF024-L04-S1-Q043,BIO26-L04,أحياء 1,الطلائعيات,24,24,23,1,43,BIO26-M05,BIO26-S05-02,,,NOT_STARTED,NOT_RUN,ONE_QUESTION_ONE_IMAGE_ONE_CODE; exclude number/year/stars/badge/next-question/header; preserve full biological figure/labels/arrows/table/options
TAH-BIO-BIO26-L04-Q044,BIO26-PDF024-L04-S1-Q044,BIO26-L04,أحياء 1,الطلائعيات,24,24,23,1,44,BIO26-M05,BIO26-S05-02,,,NOT_STARTED,NOT_RUN,ONE_QUESTION_ONE_IMAGE_ONE_CODE; exclude number/year/stars/badge/next-question/header; preserve full biological figure/labels/arrows/table/options
TAH-BIO-BIO26-L04-Q045,BIO26-PDF024-L04-S1-Q045,BIO26-L04,أحياء 1,الطلائعيات,24,24,23,1,45,BIO26-M05,BIO26-S05-02,,,NOT_STARTED,NOT_RUN,ONE_QUESTION_ONE_IMAGE_ONE_CODE; exclude number/year/stars/badge/next-question/header; preserve full biological figure/labels/arrows/table/options
TAH-BIO-BIO26-L04-Q046,BIO26-PDF024-L04-S1-Q046,BIO26-L04,أحياء 1,الطلائعيات,24,24,23,1,46,BIO26-M05,BIO26-S05-02,,,NOT_STARTED,NOT_RUN,ONE_QUESTION_ONE_IMAGE_ONE_CODE; exclude number/year/stars/badge/next-question/header; preserve full biological figure/labels/arrows/table/options
TAH-BIO-BIO26-L04-Q047,BIO26-PDF024-L04-S1-Q047,BIO26-L04,أحياء 1,الطلائعيات,24,24,23,1,47,BIO26-M05,BIO26-S05-02,,,NOT_STARTED,NOT_RUN,ONE_QUESTION_ONE_IMAGE_ONE_CODE; exclude number/year/stars/badge/next-question/header; preserve full biological figure/labels/arrows/table/options
TAH-BIO-BIO26-L04-Q048,BIO26-PDF024-L04-S1-Q048,BIO26-L04,أحياء 1,الطلائعيات,24,24,23,1,48,BIO26-M05,BIO26-S05-02,,,NOT_STARTED,NOT_RUN,ONE_QUESTION_ONE_IMAGE_ONE_CODE; exclude number/year/stars/badge/next-question/header; preserve full biological figure/labels/arrows/table/options
TAH-BIO-BIO26-L04-Q049,BIO26-PDF024-L04-S1-Q049,BIO26-L04,أحياء 1,الطلائعيات,24,24,23,1,49,BIO26-M05,BIO26-S05-02,,,NOT_STARTED,NOT_RUN,ONE_QUESTION_ONE_IMAGE_ONE_CODE; exclude number/year/stars/badge/next-question/header; preserve full biological figure/labels/arrows/table/options
TAH-BIO-BIO26-L04-Q050,BIO26-PDF024-L04-S1-Q050,BIO26-L04,أحياء 1,الطلائعيات,24,24,23,1,50,BIO26-M05,BIO26-S05-02,,,NOT_STARTED,NOT_RUN,ONE_QUESTION_ONE_IMAGE_ONE_CODE; exclude number/year/stars/badge/next-question/header; preserve full biological figure/labels/arrows/table/options
TAH-BIO-BIO26-L04-Q051,BIO26-PDF024-L04-S1-Q051,BIO26-L04,أحياء 1,الطلائعيات,24,24,23,1,51,BIO26-M05,BIO26-S05-02,,,NOT_STARTED,NOT_RUN,ONE_QUESTION_ONE_IMAGE_ONE_CODE; exclude number/year/stars/badge/next-question/header; preserve full biological figure/labels/arrows/table/options
TAH-BIO-BIO26-L04-Q052,BIO26-PDF024-L04-S1-Q052,BIO26-L04,أحياء 1,الطلائعيات,24,24,23,1,52,BIO26-M05,BIO26-S05-02,,,NOT_STARTED,NOT_RUN,ONE_QUESTION_ONE_IMAGE_ONE_CODE; exclude number/year/stars/badge/next-question/header; preserve full biological figure/labels/arrows/table/options
TAH-BIO-BIO26-L04-Q053,BIO26-PDF024-L04-S1-Q053,BIO26-L04,أحياء 1,الطلائعيات,24,24,23,1,53,BIO26-M05,BIO26-S05-02,,,NOT_STARTED,NOT_RUN,ONE_QUESTION_ONE_IMAGE_ONE_CODE; exclude number/year/stars/badge/next-question/header; preserve full biological figure/labels/arrows/table/options
TAH-BIO-BIO26-L04-Q054,BIO26-PDF025-L04-S1-Q054,BIO26-L04,أحياء 1,الطلائعيات,25,25,24,1,54,BIO26-M05,BIO26-S05-02,,,NOT_STARTED,NOT_RUN,ONE_QUESTION_ONE_IMAGE_ONE_CODE; exclude number/year/stars/badge/next-question/header; preserve full biological figure/labels/arrows/table/options
TAH-BIO-BIO26-L04-Q055,BIO26-PDF025-L04-S1-Q055,BIO26-L04,أحياء 1,الطلائعيات,25,25,24,1,55,BIO26-M05,BIO26-S05-02,,,NOT_STARTED,NOT_RUN,ONE_QUESTION_ONE_IMAGE_ONE_CODE; exclude number/year/stars/badge/next-question/header; preserve full biological figure/labels/arrows/table/options
TAH-BIO-BIO26-L04-Q056,BIO26-PDF025-L04-S1-Q056,BIO26-L04,أحياء 1,الطلائعيات,25,25,24,1,56,BIO26-M05,BIO26-S05-02,,,NOT_STARTED,NOT_RUN,ONE_QUESTION_ONE_IMAGE_ONE_CODE; exclude number/year/stars/badge/next-question/header; preserve full biological figure/labels/arrows/table/options
TAH-BIO-BIO26-L04-Q057,BIO26-PDF025-L04-S1-Q057,BIO26-L04,أحياء 1,الطلائعيات,25,25,24,1,57,BIO26-M05,BIO26-S05-02,,,NOT_STARTED,NOT_RUN,ONE_QUESTION_ONE_IMAGE_ONE_CODE; exclude number/year/stars/badge/next-question/header; preserve full biological figure/labels/arrows/table/options
TAH-BIO-BIO26-L04-Q058,BIO26-PDF025-L04-S1-Q058,BIO26-L04,أحياء 1,الطلائعيات,25,25,24,1,58,BIO26-M05,BIO26-S05-03,,,NOT_STARTED,NOT_RUN,ONE_QUESTION_ONE_IMAGE_ONE_CODE; exclude number/year/stars/badge/next-question/header; preserve full biological figure/labels/arrows/table/options
TAH-BIO-BIO26-L04-Q059,BIO26-PDF025-L04-S1-Q059,BIO26-L04,أحياء 1,الطلائعيات,25,25,24,1,59,BIO26-M05,BIO26-S05-03,,,NOT_STARTED,NOT_RUN,ONE_QUESTION_ONE_IMAGE_ONE_CODE; exclude number/year/stars/badge/next-question/header; preserve full biological figure/labels/arrows/table/options
TAH-BIO-BIO26-L04-Q060,BIO26-PDF025-L04-S1-Q060,BIO26-L04,أحياء 1,الطلائعيات,25,25,24,1,60,BIO26-M05,BIO26-S05-03,,,NOT_STARTED,NOT_RUN,ONE_QUESTION_ONE_IMAGE_ONE_CODE; exclude number/year/stars/badge/next-question/header; preserve full biological figure/labels/arrows/table/options
TAH-BIO-BIO26-L04-Q061,BIO26-PDF025-L04-S1-Q061,BIO26-L04,أحياء 1,الطلائعيات,25,25,24,1,61,BIO26-M05,BIO26-S05-03,,,NOT_STARTED,NOT_RUN,ONE_QUESTION_ONE_IMAGE_ONE_CODE; exclude number/year/stars/badge/next-question/header; preserve full biological figure/labels/arrows/table/options
TAH-BIO-BIO26-L04-Q062,BIO26-PDF025-L04-S1-Q062,BIO26-L04,أحياء 1,الطلائعيات,25,25,24,1,62,BIO26-M05,BIO26-S05-03,,,NOT_STARTED,NOT_RUN,ONE_QUESTION_ONE_IMAGE_ONE_CODE; exclude number/year/stars/badge/next-question/header; preserve full biological figure/labels/arrows/table/options
TAH-BIO-BIO26-L04-Q063,BIO26-PDF025-L04-S1-Q063,BIO26-L04,أحياء 1,الطلائعيات,25,25,24,1,63,BIO26-M05,BIO26-S05-03,,,NOT_STARTED,NOT_RUN,ONE_QUESTION_ONE_IMAGE_ONE_CODE; exclude number/year/stars/badge/next-question/header; preserve full biological figure/labels/arrows/table/options
TAH-BIO-BIO26-L04-Q064,BIO26-PDF025-L04-S1-Q064,BIO26-L04,أحياء 1,الطلائعيات,25,25,24,1,64,BIO26-M05,BIO26-S05-03,,,NOT_STARTED,NOT_RUN,ONE_QUESTION_ONE_IMAGE_ONE_CODE; exclude number/year/stars/badge/next-question/header; preserve full biological figure/labels/arrows/table/options
TAH-BIO-BIO26-L04-Q065,BIO26-PDF025-L04-S1-Q065,BIO26-L04,أحياء 1,الطلائعيات,25,25,24,1,65,BIO26-M05,BIO26-S05-03,,,NOT_STARTED,NOT_RUN,ONE_QUESTION_ONE_IMAGE_ONE_CODE; exclude number/year/stars/badge/next-question/header; preserve full biological figure/labels/arrows/table/options
TAH-BIO-BIO26-L04-Q066,BIO26-PDF025-L04-S1-Q066,BIO26-L04,أحياء 1,الطلائعيات,25,25,24,1,66,BIO26-M05,BIO26-S05-03,,,NOT_STARTED,NOT_RUN,ONE_QUESTION_ONE_IMAGE_ONE_CODE; exclude number/year/stars/badge/next-question/header; preserve full biological figure/labels/arrows/table/options
TAH-BIO-BIO26-L04-Q067,BIO26-PDF025-L04-S1-Q067,BIO26-L04,أحياء 1,الطلائعيات,25,25,24,1,67,BIO26-M05,BIO26-S05-03,,,NOT_STARTED,NOT_RUN,ONE_QUESTION_ONE_IMAGE_ONE_CODE; exclude number/year/stars/badge/next-question/header; preserve full biological figure/labels/arrows/table/options
TAH-BIO-BIO26-L04-Q068,BIO26-PDF026-L04-S2-Q068,BIO26-L04,أحياء 1,الطلائعيات,26,26,25,2,68,BIO26-M05,BIO26-S05-01,,,NOT_STARTED,NOT_RUN,ONE_QUESTION_ONE_IMAGE_ONE_CODE; exclude number/year/stars/badge/next-question/header; preserve full biological figure/labels/arrows/table/options
TAH-BIO-BIO26-L04-Q069,BIO26-PDF026-L04-S2-Q069,BIO26-L04,أحياء 1,الطلائعيات,26,26,25,2,69,BIO26-M05,BIO26-S05-01,,,NOT_STARTED,NOT_RUN,ONE_QUESTION_ONE_IMAGE_ONE_CODE; exclude number/year/stars/badge/next-question/header; preserve full biological figure/labels/arrows/table/options
TAH-BIO-BIO26-L04-Q070,BIO26-PDF026-L04-S2-Q070,BIO26-L04,أحياء 1,الطلائعيات,26,26,25,2,70,BIO26-M05,BIO26-S05-01,,,NOT_STARTED,NOT_RUN,ONE_QUESTION_ONE_IMAGE_ONE_CODE; exclude number/year/stars/badge/next-question/header; preserve full biological figure/labels/arrows/table/options
TAH-BIO-BIO26-L04-Q071,BIO26-PDF026-L04-S2-Q071,BIO26-L04,أحياء 1,الطلائعيات,26,26,25,2,71,BIO26-M05,BIO26-S05-01,,,NOT_STARTED,NOT_RUN,ONE_QUESTION_ONE_IMAGE_ONE_CODE; exclude number/year/stars/badge/next-question/header; preserve full biological figure/labels/arrows/table/options
TAH-BIO-BIO26-L04-Q072,BIO26-PDF026-L04-S2-Q072,BIO26-L04,أحياء 1,الطلائعيات,26,26,25,2,72,BIO26-M05,BIO26-S05-01,,,NOT_STARTED,NOT_RUN,ONE_QUESTION_ONE_IMAGE_ONE_CODE; exclude number/year/stars/badge/next-question/header; preserve full biological figure/labels/arrows/table/options
TAH-BIO-BIO26-L04-Q073,BIO26-PDF026-L04-S2-Q073,BIO26-L04,أحياء 1,الطلائعيات,26,26,25,2,73,BIO26-M05,BIO26-S05-01,,,NOT_STARTED,NOT_RUN,ONE_QUESTION_ONE_IMAGE_ONE_CODE; exclude number/year/stars/badge/next-question/header; preserve full biological figure/labels/arrows/table/options
TAH-BIO-BIO26-L04-Q074,BIO26-PDF026-L04-S2-Q074,BIO26-L04,أحياء 1,الطلائعيات,26,26,25,2,74,BIO26-M05,BIO26-S05-01,,,NOT_STARTED,NOT_RUN,ONE_QUESTION_ONE_IMAGE_ONE_CODE; exclude number/year/stars/badge/next-question/header; preserve full biological figure/labels/arrows/table/options
TAH-BIO-BIO26-L04-Q075,BIO26-PDF026-L04-S2-Q075,BIO26-L04,أحياء 1,الطلائعيات,26,26,25,2,75,BIO26-M05,BIO26-S05-01,,,NOT_STARTED,NOT_RUN,ONE_QUESTION_ONE_IMAGE_ONE_CODE; exclude number/year/stars/badge/next-question/header; preserve full biological figure/labels/arrows/table/options
TAH-BIO-BIO26-L04-Q076,BIO26-PDF026-L04-S2-Q076,BIO26-L04,أحياء 1,الطلائعيات,26,26,25,2,76,BIO26-M05,BIO26-S05-01,,,NOT_STARTED,NOT_RUN,ONE_QUESTION_ONE_IMAGE_ONE_CODE; exclude number/year/stars/badge/next-question/header; preserve full biological figure/labels/arrows/table/options
TAH-BIO-BIO26-L04-Q077,BIO26-PDF026-L04-S2-Q077,BIO26-L04,أحياء 1,الطلائعيات,26,26,25,2,77,BIO26-M05,BIO26-S05-01,,,NOT_STARTED,NOT_RUN,ONE_QUESTION_ONE_IMAGE_ONE_CODE; exclude number/year/stars/badge/next-question/header; preserve full biological figure/labels/arrows/table/options
TAH-BIO-BIO26-L04-Q078,BIO26-PDF026-L04-S2-Q078,BIO26-L04,أحياء 1,الطلائعيات,26,26,25,2,78,BIO26-M05,BIO26-S05-01,,,NOT_STARTED,NOT_RUN,ONE_QUESTION_ONE_IMAGE_ONE_CODE; exclude number/year/stars/badge/next-question/header; preserve full biological figure/labels/arrows/table/options
TAH-BIO-BIO26-L04-Q079,BIO26-PDF026-L04-S2-Q079,BIO26-L04,أحياء 1,الطلائعيات,26,26,25,2,79,BIO26-M05,BIO26-S05-01,,,NOT_STARTED,NOT_RUN,ONE_QUESTION_ONE_IMAGE_ONE_CODE; exclude number/year/stars/badge/next-question/header; preserve full biological figure/labels/arrows/table/options
TAH-BIO-BIO26-L04-Q080,BIO26-PDF026-L04-S2-Q080,BIO26-L04,أحياء 1,الطلائعيات,26,26,25,2,80,BIO26-M05,BIO26-S05-02,,,NOT_STARTED,NOT_RUN,ONE_QUESTION_ONE_IMAGE_ONE_CODE; exclude number/year/stars/badge/next-question/header; preserve full biological figure/labels/arrows/table/options
TAH-BIO-BIO26-L04-Q081,BIO26-PDF026-L04-S2-Q081,BIO26-L04,أحياء 1,الطلائعيات,26,26,25,2,81,BIO26-M05,BIO26-S05-02,,,NOT_STARTED,NOT_RUN,ONE_QUESTION_ONE_IMAGE_ONE_CODE; exclude number/year/stars/badge/next-question/header; preserve full biological figure/labels/arrows/table/options
TAH-BIO-BIO26-L04-Q082,BIO26-PDF026-L04-S2-Q082,BIO26-L04,أحياء 1,الطلائعيات,26,26,25,2,82,BIO26-M05,BIO26-S05-02,,,NOT_STARTED,NOT_RUN,ONE_QUESTION_ONE_IMAGE_ONE_CODE; exclude number/year/stars/badge/next-question/header; preserve full biological figure/labels/arrows/table/options
TAH-BIO-BIO26-L04-Q083,BIO26-PDF026-L04-S2-Q083,BIO26-L04,أحياء 1,الطلائعيات,26,26,25,2,83,BIO26-M05,BIO26-S05-02,,,NOT_STARTED,NOT_RUN,ONE_QUESTION_ONE_IMAGE_ONE_CODE; exclude number/year/stars/badge/next-question/header; preserve full biological figure/labels/arrows/table/options
TAH-BIO-BIO26-L04-Q084,BIO26-PDF027-L04-S2-Q084,BIO26-L04,أحياء 1,الطلائعيات,27,27,26,2,84,BIO26-M05,BIO26-S05-02,,,NOT_STARTED,NOT_RUN,ONE_QUESTION_ONE_IMAGE_ONE_CODE; exclude number/year/stars/badge/next-question/header; preserve full biological figure/labels/arrows/table/options
TAH-BIO-BIO26-L04-Q085,BIO26-PDF027-L04-S2-Q085,BIO26-L04,أحياء 1,الطلائعيات,27,27,26,2,85,BIO26-M05,BIO26-S05-02,,,NOT_STARTED,NOT_RUN,ONE_QUESTION_ONE_IMAGE_ONE_CODE; exclude number/year/stars/badge/next-question/header; preserve full biological figure/labels/arrows/table/options
TAH-BIO-BIO26-L04-Q086,BIO26-PDF027-L04-S2-Q086,BIO26-L04,أحياء 1,الطلائعيات,27,27,26,2,86,BIO26-M05,BIO26-S05-02,,,NOT_STARTED,NOT_RUN,ONE_QUESTION_ONE_IMAGE_ONE_CODE; exclude number/year/stars/badge/next-question/header; preserve full biological figure/labels/arrows/table/options
TAH-BIO-BIO26-L04-Q087,BIO26-PDF027-L04-S2-Q087,BIO26-L04,أحياء 1,الطلائعيات,27,27,26,2,87,BIO26-M05,BIO26-S05-02,,,NOT_STARTED,NOT_RUN,ONE_QUESTION_ONE_IMAGE_ONE_CODE; exclude number/year/stars/badge/next-question/header; preserve full biological figure/labels/arrows/table/options
TAH-BIO-BIO26-L04-Q088,BIO26-PDF027-L04-S2-Q088,BIO26-L04,أحياء 1,الطلائعيات,27,27,26,2,88,BIO26-M05,BIO26-S05-02,,,NOT_STARTED,NOT_RUN,ONE_QUESTION_ONE_IMAGE_ONE_CODE; exclude number/year/stars/badge/next-question/header; preserve full biological figure/labels/arrows/table/options
TAH-BIO-BIO26-L04-Q089,BIO26-PDF027-L04-S2-Q089,BIO26-L04,أحياء 1,الطلائعيات,27,27,26,2,89,BIO26-M05,BIO26-S05-02,,,NOT_STARTED,NOT_RUN,ONE_QUESTION_ONE_IMAGE_ONE_CODE; exclude number/year/stars/badge/next-question/header; preserve full biological figure/labels/arrows/table/options
TAH-BIO-BIO26-L04-Q090,BIO26-PDF027-L04-S2-Q090,BIO26-L04,أحياء 1,الطلائعيات,27,27,26,2,90,BIO26-M05,BIO26-S05-02,,,NOT_STARTED,NOT_RUN,ONE_QUESTION_ONE_IMAGE_ONE_CODE; exclude number/year/stars/badge/next-question/header; preserve full biological figure/labels/arrows/table/options
TAH-BIO-BIO26-L04-Q091,BIO26-PDF027-L04-S2-Q091,BIO26-L04,أحياء 1,الطلائعيات,27,27,26,2,91,BIO26-M05,BIO26-S05-02,,,NOT_STARTED,NOT_RUN,ONE_QUESTION_ONE_IMAGE_ONE_CODE; exclude number/year/stars/badge/next-question/header; preserve full biological figure/labels/arrows/table/options
TAH-BIO-BIO26-L04-Q092,BIO26-PDF027-L04-S2-Q092,BIO26-L04,أحياء 1,الطلائعيات,27,27,26,2,92,BIO26-M05,BIO26-S05-02,,,NOT_STARTED,NOT_RUN,ONE_QUESTION_ONE_IMAGE_ONE_CODE; exclude number/year/stars/badge/next-question/header; preserve full biological figure/labels/arrows/table/options
TAH-BIO-BIO26-L04-Q093,BIO26-PDF027-L04-S2-Q093,BIO26-L04,أحياء 1,الطلائعيات,27,27,26,2,93,BIO26-M05,BIO26-S05-03,,,NOT_STARTED,NOT_RUN,ONE_QUESTION_ONE_IMAGE_ONE_CODE; exclude number/year/stars/badge/next-question/header; preserve full biological figure/labels/arrows/table/options
TAH-BIO-BIO26-L04-Q094,BIO26-PDF027-L04-S2-Q094,BIO26-L04,أحياء 1,الطلائعيات,27,27,26,2,94,BIO26-M05,BIO26-S05-03,,,NOT_STARTED,NOT_RUN,ONE_QUESTION_ONE_IMAGE_ONE_CODE; exclude number/year/stars/badge/next-question/header; preserve full biological figure/labels/arrows/table/options
TAH-BIO-BIO26-L05-Q001,BIO26-PDF028-L05-S1-Q001,BIO26-L05,أحياء 1,الفطريات,28,28,27,1,1,BIO26-M06,BIO26-S06-01,,,NOT_STARTED,NOT_RUN,ONE_QUESTION_ONE_IMAGE_ONE_CODE; exclude number/year/stars/badge/next-question/header; preserve full biological figure/labels/arrows/table/options
TAH-BIO-BIO26-L05-Q002,BIO26-PDF028-L05-S1-Q002,BIO26-L05,أحياء 1,الفطريات,28,28,27,1,2,BIO26-M06,BIO26-S06-01,,,NOT_STARTED,NOT_RUN,ONE_QUESTION_ONE_IMAGE_ONE_CODE; exclude number/year/stars/badge/next-question/header; preserve full biological figure/labels/arrows/table/options
TAH-BIO-BIO26-L05-Q003,BIO26-PDF028-L05-S1-Q003,BIO26-L05,أحياء 1,الفطريات,28,28,27,1,3,BIO26-M06,BIO26-S06-01,,,NOT_STARTED,NOT_RUN,ONE_QUESTION_ONE_IMAGE_ONE_CODE; exclude number/year/stars/badge/next-question/header; preserve full biological figure/labels/arrows/table/options
TAH-BIO-BIO26-L05-Q004,BIO26-PDF028-L05-S1-Q004,BIO26-L05,أحياء 1,الفطريات,28,28,27,1,4,BIO26-M06,BIO26-S06-01,,,NOT_STARTED,NOT_RUN,ONE_QUESTION_ONE_IMAGE_ONE_CODE; exclude number/year/stars/badge/next-question/header; preserve full biological figure/labels/arrows/table/options
TAH-BIO-BIO26-L05-Q005,BIO26-PDF028-L05-S1-Q005,BIO26-L05,أحياء 1,الفطريات,28,28,27,1,5,BIO26-M06,BIO26-S06-01,,,NOT_STARTED,NOT_RUN,ONE_QUESTION_ONE_IMAGE_ONE_CODE; exclude number/year/stars/badge/next-question/header; preserve full biological figure/labels/arrows/table/options
TAH-BIO-BIO26-L05-Q006,BIO26-PDF028-L05-S1-Q006,BIO26-L05,أحياء 1,الفطريات,28,28,27,1,6,BIO26-M06,BIO26-S06-01,,,NOT_STARTED,NOT_RUN,ONE_QUESTION_ONE_IMAGE_ONE_CODE; exclude number/year/stars/badge/next-question/header; preserve full biological figure/labels/arrows/table/options
TAH-BIO-BIO26-L05-Q007,BIO26-PDF028-L05-S1-Q007,BIO26-L05,أحياء 1,الفطريات,28,28,27,1,7,BIO26-M06,BIO26-S06-01,,,NOT_STARTED,NOT_RUN,ONE_QUESTION_ONE_IMAGE_ONE_CODE; exclude number/year/stars/badge/next-question/header; preserve full biological figure/labels/arrows/table/options
TAH-BIO-BIO26-L05-Q008,BIO26-PDF028-L05-S1-Q008,BIO26-L05,أحياء 1,الفطريات,28,28,27,1,8,BIO26-M06,BIO26-S06-01,,,NOT_STARTED,NOT_RUN,ONE_QUESTION_ONE_IMAGE_ONE_CODE; exclude number/year/stars/badge/next-question/header; preserve full biological figure/labels/arrows/table/options
TAH-BIO-BIO26-L05-Q009,BIO26-PDF028-L05-S1-Q009,BIO26-L05,أحياء 1,الفطريات,28,28,27,1,9,BIO26-M06,BIO26-S06-01,,,NOT_STARTED,NOT_RUN,ONE_QUESTION_ONE_IMAGE_ONE_CODE; exclude number/year/stars/badge/next-question/header; preserve full biological figure/labels/arrows/table/options
TAH-BIO-BIO26-L05-Q010,BIO26-PDF028-L05-S1-Q010,BIO26-L05,أحياء 1,الفطريات,28,28,27,1,10,BIO26-M06,BIO26-S06-02,,,NOT_STARTED,NOT_RUN,ONE_QUESTION_ONE_IMAGE_ONE_CODE; exclude number/year/stars/badge/next-question/header; preserve full biological figure/labels/arrows/table/options
TAH-BIO-BIO26-L05-Q011,BIO26-PDF028-L05-S1-Q011,BIO26-L05,أحياء 1,الفطريات,28,28,27,1,11,BIO26-M06,BIO26-S06-02,,,NOT_STARTED,NOT_RUN,ONE_QUESTION_ONE_IMAGE_ONE_CODE; exclude number/year/stars/badge/next-question/header; preserve full biological figure/labels/arrows/table/options
TAH-BIO-BIO26-L05-Q012,BIO26-PDF028-L05-S1-Q012,BIO26-L05,أحياء 1,الفطريات,28,28,27,1,12,BIO26-M06,BIO26-S06-02,,,NOT_STARTED,NOT_RUN,ONE_QUESTION_ONE_IMAGE_ONE_CODE; exclude number/year/stars/badge/next-question/header; preserve full biological figure/labels/arrows/table/options
TAH-BIO-BIO26-L05-Q013,BIO26-PDF028-L05-S1-Q013,BIO26-L05,أحياء 1,الفطريات,28,28,27,1,13,BIO26-M06,BIO26-S06-02,,,NOT_STARTED,NOT_RUN,ONE_QUESTION_ONE_IMAGE_ONE_CODE; exclude number/year/stars/badge/next-question/header; preserve full biological figure/labels/arrows/table/options
TAH-BIO-BIO26-L05-Q014,BIO26-PDF028-L05-S1-Q014,BIO26-L05,أحياء 1,الفطريات,28,28,27,1,14,BIO26-M06,BIO26-S06-02,,,NOT_STARTED,NOT_RUN,ONE_QUESTION_ONE_IMAGE_ONE_CODE; exclude number/year/stars/badge/next-question/header; preserve full biological figure/labels/arrows/table/options
TAH-BIO-BIO26-L05-Q015,BIO26-PDF028-L05-S1-Q015,BIO26-L05,أحياء 1,الفطريات,28,28,27,1,15,BIO26-M06,BIO26-S06-02,,,NOT_STARTED,NOT_RUN,ONE_QUESTION_ONE_IMAGE_ONE_CODE; exclude number/year/stars/badge/next-question/header; preserve full biological figure/labels/arrows/table/options
TAH-BIO-BIO26-L05-Q016,BIO26-PDF028-L05-S1-Q016,BIO26-L05,أحياء 1,الفطريات,28,28,27,1,16,BIO26-M06,BIO26-S06-02,,,NOT_STARTED,NOT_RUN,ONE_QUESTION_ONE_IMAGE_ONE_CODE; exclude number/year/stars/badge/next-question/header; preserve full biological figure/labels/arrows/table/options
TAH-BIO-BIO26-L05-Q017,BIO26-PDF028-L05-S1-Q017,BIO26-L05,أحياء 1,الفطريات,28,28,27,1,17,BIO26-M06,BIO26-S06-03,,,NOT_STARTED,NOT_RUN,ONE_QUESTION_ONE_IMAGE_ONE_CODE; exclude number/year/stars/badge/next-question/header; preserve full biological figure/labels/arrows/table/options
TAH-BIO-BIO26-L05-Q018,BIO26-PDF029-L05-S1-Q018,BIO26-L05,أحياء 1,الفطريات,29,29,28,1,18,BIO26-M06,BIO26-S06-03,,,NOT_STARTED,NOT_RUN,ONE_QUESTION_ONE_IMAGE_ONE_CODE; exclude number/year/stars/badge/next-question/header; preserve full biological figure/labels/arrows/table/options
TAH-BIO-BIO26-L05-Q019,BIO26-PDF029-L05-S1-Q019,BIO26-L05,أحياء 1,الفطريات,29,29,28,1,19,BIO26-M06,BIO26-S06-03,,,NOT_STARTED,NOT_RUN,ONE_QUESTION_ONE_IMAGE_ONE_CODE; exclude number/year/stars/badge/next-question/header; preserve full biological figure/labels/arrows/table/options
TAH-BIO-BIO26-L05-Q020,BIO26-PDF029-L05-S1-Q020,BIO26-L05,أحياء 1,الفطريات,29,29,28,1,20,BIO26-M06,BIO26-S06-03,,,NOT_STARTED,NOT_RUN,ONE_QUESTION_ONE_IMAGE_ONE_CODE; exclude number/year/stars/badge/next-question/header; preserve full biological figure/labels/arrows/table/options
TAH-BIO-BIO26-L05-Q021,BIO26-PDF029-L05-S1-Q021,BIO26-L05,أحياء 1,الفطريات,29,29,28,1,21,BIO26-M06,BIO26-S06-03,,,NOT_STARTED,NOT_RUN,ONE_QUESTION_ONE_IMAGE_ONE_CODE; exclude number/year/stars/badge/next-question/header; preserve full biological figure/labels/arrows/table/options
TAH-BIO-BIO26-L05-Q022,BIO26-PDF029-L05-S1-Q022,BIO26-L05,أحياء 1,الفطريات,29,29,28,1,22,BIO26-M06,BIO26-S06-03,,,NOT_STARTED,NOT_RUN,ONE_QUESTION_ONE_IMAGE_ONE_CODE; exclude number/year/stars/badge/next-question/header; preserve full biological figure/labels/arrows/table/options
TAH-BIO-BIO26-L05-Q023,BIO26-PDF029-L05-S1-Q023,BIO26-L05,أحياء 1,الفطريات,29,29,28,1,23,BIO26-M06,BIO26-S06-03,,,NOT_STARTED,NOT_RUN,ONE_QUESTION_ONE_IMAGE_ONE_CODE; exclude number/year/stars/badge/next-question/header; preserve full biological figure/labels/arrows/table/options
TAH-BIO-BIO26-L05-Q024,BIO26-PDF029-L05-S1-Q024,BIO26-L05,أحياء 1,الفطريات,29,29,28,1,24,BIO26-M06,BIO26-S06-03,,,NOT_STARTED,NOT_RUN,ONE_QUESTION_ONE_IMAGE_ONE_CODE; exclude number/year/stars/badge/next-question/header; preserve full biological figure/labels/arrows/table/options
TAH-BIO-BIO26-L05-Q025,BIO26-PDF029-L05-S1-Q025,BIO26-L05,أحياء 1,الفطريات,29,29,28,1,25,BIO26-M06,BIO26-S06-03,,,NOT_STARTED,NOT_RUN,ONE_QUESTION_ONE_IMAGE_ONE_CODE; exclude number/year/stars/badge/next-question/header; preserve full biological figure/labels/arrows/table/options
TAH-BIO-BIO26-L05-Q026,BIO26-PDF029-L05-S1-Q026,BIO26-L05,أحياء 1,الفطريات,29,29,28,1,26,BIO26-M06,BIO26-S06-03,,,NOT_STARTED,NOT_RUN,ONE_QUESTION_ONE_IMAGE_ONE_CODE; exclude number/year/stars/badge/next-question/header; preserve full biological figure/labels/arrows/table/options
TAH-BIO-BIO26-L05-Q027,BIO26-PDF029-L05-S1-Q027,BIO26-L05,أحياء 1,الفطريات,29,29,28,1,27,BIO26-M06,BIO26-S06-03,,,NOT_STARTED,NOT_RUN,ONE_QUESTION_ONE_IMAGE_ONE_CODE; exclude number/year/stars/badge/next-question/header; preserve full biological figure/labels/arrows/table/options
TAH-BIO-BIO26-L05-Q028,BIO26-PDF030-L05-S2-Q028,BIO26-L05,أحياء 1,الفطريات,30,30,29,2,28,BIO26-M06,BIO26-S06-01,,,NOT_STARTED,NOT_RUN,ONE_QUESTION_ONE_IMAGE_ONE_CODE; exclude number/year/stars/badge/next-question/header; preserve full biological figure/labels/arrows/table/options
TAH-BIO-BIO26-L05-Q029,BIO26-PDF030-L05-S2-Q029,BIO26-L05,أحياء 1,الفطريات,30,30,29,2,29,BIO26-M06,BIO26-S06-01,,,NOT_STARTED,NOT_RUN,ONE_QUESTION_ONE_IMAGE_ONE_CODE; exclude number/year/stars/badge/next-question/header; preserve full biological figure/labels/arrows/table/options
TAH-BIO-BIO26-L05-Q030,BIO26-PDF030-L05-S2-Q030,BIO26-L05,أحياء 1,الفطريات,30,30,29,2,30,BIO26-M06,BIO26-S06-01,,,NOT_STARTED,NOT_RUN,ONE_QUESTION_ONE_IMAGE_ONE_CODE; exclude number/year/stars/badge/next-question/header; preserve full biological figure/labels/arrows/table/options
TAH-BIO-BIO26-L05-Q031,BIO26-PDF030-L05-S2-Q031,BIO26-L05,أحياء 1,الفطريات,30,30,29,2,31,BIO26-M06,BIO26-S06-01,,,NOT_STARTED,NOT_RUN,ONE_QUESTION_ONE_IMAGE_ONE_CODE; exclude number/year/stars/badge/next-question/header; preserve full biological figure/labels/arrows/table/options
TAH-BIO-BIO26-L05-Q032,BIO26-PDF030-L05-S2-Q032,BIO26-L05,أحياء 1,الفطريات,30,30,29,2,32,BIO26-M06,BIO26-S06-01,,,NOT_STARTED,NOT_RUN,ONE_QUESTION_ONE_IMAGE_ONE_CODE; exclude number/year/stars/badge/next-question/header; preserve full biological figure/labels/arrows/table/options
TAH-BIO-BIO26-L05-Q033,BIO26-PDF030-L05-S2-Q033,BIO26-L05,أحياء 1,الفطريات,30,30,29,2,33,BIO26-M06,BIO26-S06-01,,,NOT_STARTED,NOT_RUN,ONE_QUESTION_ONE_IMAGE_ONE_CODE; exclude number/year/stars/badge/next-question/header; preserve full biological figure/labels/arrows/table/options
TAH-BIO-BIO26-L05-Q034,BIO26-PDF030-L05-S2-Q034,BIO26-L05,أحياء 1,الفطريات,30,30,29,2,34,BIO26-M06,BIO26-S06-01,,,NOT_STARTED,NOT_RUN,ONE_QUESTION_ONE_IMAGE_ONE_CODE; exclude number/year/stars/badge/next-question/header; preserve full biological figure/labels/arrows/table/options
TAH-BIO-BIO26-L05-Q035,BIO26-PDF030-L05-S2-Q035,BIO26-L05,أحياء 1,الفطريات,30,30,29,2,35,BIO26-M06,BIO26-S06-01,,,NOT_STARTED,NOT_RUN,ONE_QUESTION_ONE_IMAGE_ONE_CODE; exclude number/year/stars/badge/next-question/header; preserve full biological figure/labels/arrows/table/options
TAH-BIO-BIO26-L05-Q036,BIO26-PDF030-L05-S2-Q036,BIO26-L05,أحياء 1,الفطريات,30,30,29,2,36,BIO26-M06,BIO26-S06-01,,,NOT_STARTED,NOT_RUN,ONE_QUESTION_ONE_IMAGE_ONE_CODE; exclude number/year/stars/badge/next-question/header; preserve full biological figure/labels/arrows/table/options
TAH-BIO-BIO26-L05-Q037,BIO26-PDF030-L05-S2-Q037,BIO26-L05,أحياء 1,الفطريات,30,30,29,2,37,BIO26-M06,BIO26-S06-01,,,NOT_STARTED,NOT_RUN,ONE_QUESTION_ONE_IMAGE_ONE_CODE; exclude number/year/stars/badge/next-question/header; preserve full biological figure/labels/arrows/table/options
TAH-BIO-BIO26-L05-Q038,BIO26-PDF030-L05-S2-Q038,BIO26-L05,أحياء 1,الفطريات,30,30,29,2,38,BIO26-M06,BIO26-S06-01,,,NOT_STARTED,NOT_RUN,ONE_QUESTION_ONE_IMAGE_ONE_CODE; exclude number/year/stars/badge/next-question/header; preserve full biological figure/labels/arrows/table/options
TAH-BIO-BIO26-L05-Q039,BIO26-PDF030-L05-S2-Q039,BIO26-L05,أحياء 1,الفطريات,30,30,29,2,39,BIO26-M06,BIO26-S06-01,,,NOT_STARTED,NOT_RUN,ONE_QUESTION_ONE_IMAGE_ONE_CODE; exclude number/year/stars/badge/next-question/header; preserve full biological figure/labels/arrows/table/options
TAH-BIO-BIO26-L05-Q040,BIO26-PDF030-L05-S2-Q040,BIO26-L05,أحياء 1,الفطريات,30,30,29,2,40,BIO26-M06,BIO26-S06-01,,,NOT_STARTED,NOT_RUN,ONE_QUESTION_ONE_IMAGE_ONE_CODE; exclude number/year/stars/badge/next-question/header; preserve full biological figure/labels/arrows/table/options
TAH-BIO-BIO26-L05-Q041,BIO26-PDF030-L05-S2-Q041,BIO26-L05,أحياء 1,الفطريات,30,30,29,2,41,BIO26-M06,BIO26-S06-01,,,NOT_STARTED,NOT_RUN,ONE_QUESTION_ONE_IMAGE_ONE_CODE; exclude number/year/stars/badge/next-question/header; preserve full biological figure/labels/arrows/table/options
TAH-BIO-BIO26-L05-Q042,BIO26-PDF030-L05-S2-Q042,BIO26-L05,أحياء 1,الفطريات,30,30,29,2,42,BIO26-M06,BIO26-S06-01,,,NOT_STARTED,NOT_RUN,ONE_QUESTION_ONE_IMAGE_ONE_CODE; exclude number/year/stars/badge/next-question/header; preserve full biological figure/labels/arrows/table/options
TAH-BIO-BIO26-L05-Q043,BIO26-PDF030-L05-S2-Q043,BIO26-L05,أحياء 1,الفطريات,30,30,29,2,43,BIO26-M06,BIO26-S06-02,,,NOT_STARTED,NOT_RUN,ONE_QUESTION_ONE_IMAGE_ONE_CODE; exclude number/year/stars/badge/next-question/header; preserve full biological figure/labels/arrows/table/options
TAH-BIO-BIO26-L05-Q044,BIO26-PDF030-L05-S2-Q044,BIO26-L05,أحياء 1,الفطريات,30,30,29,2,44,BIO26-M06,BIO26-S06-02,,,NOT_STARTED,NOT_RUN,ONE_QUESTION_ONE_IMAGE_ONE_CODE; exclude number/year/stars/badge/next-question/header; preserve full biological figure/labels/arrows/table/options
TAH-BIO-BIO26-L05-Q045,BIO26-PDF030-L05-S2-Q045,BIO26-L05,أحياء 1,الفطريات,30,30,29,2,45,BIO26-M06,BIO26-S06-02,,,NOT_STARTED,NOT_RUN,ONE_QUESTION_ONE_IMAGE_ONE_CODE; exclude number/year/stars/badge/next-question/header; preserve full biological figure/labels/arrows/table/options
TAH-BIO-BIO26-L05-Q046,BIO26-PDF031-L05-S2-Q046,BIO26-L05,أحياء 1,الفطريات,31,31,30,2,46,BIO26-M06,BIO26-S06-02,,,NOT_STARTED,NOT_RUN,ONE_QUESTION_ONE_IMAGE_ONE_CODE; exclude number/year/stars/badge/next-question/header; preserve full biological figure/labels/arrows/table/options
TAH-BIO-BIO26-L05-Q047,BIO26-PDF031-L05-S2-Q047,BIO26-L05,أحياء 1,الفطريات,31,31,30,2,47,BIO26-M06,BIO26-S06-02,,,NOT_STARTED,NOT_RUN,ONE_QUESTION_ONE_IMAGE_ONE_CODE; exclude number/year/stars/badge/next-question/header; preserve full biological figure/labels/arrows/table/options
TAH-BIO-BIO26-L05-Q048,BIO26-PDF031-L05-S2-Q048,BIO26-L05,أحياء 1,الفطريات,31,31,30,2,48,BIO26-M06,BIO26-S06-02,,,NOT_STARTED,NOT_RUN,ONE_QUESTION_ONE_IMAGE_ONE_CODE; exclude number/year/stars/badge/next-question/header; preserve full biological figure/labels/arrows/table/options
TAH-BIO-BIO26-L05-Q049,BIO26-PDF031-L05-S2-Q049,BIO26-L05,أحياء 1,الفطريات,31,31,30,2,49,BIO26-M06,BIO26-S06-02,,,NOT_STARTED,NOT_RUN,ONE_QUESTION_ONE_IMAGE_ONE_CODE; exclude number/year/stars/badge/next-question/header; preserve full biological figure/labels/arrows/table/options
TAH-BIO-BIO26-L05-Q050,BIO26-PDF031-L05-S2-Q050,BIO26-L05,أحياء 1,الفطريات,31,31,30,2,50,BIO26-M06,BIO26-S06-02,,,NOT_STARTED,NOT_RUN,ONE_QUESTION_ONE_IMAGE_ONE_CODE; exclude number/year/stars/badge/next-question/header; preserve full biological figure/labels/arrows/table/options
TAH-BIO-BIO26-L05-Q051,BIO26-PDF031-L05-S2-Q051,BIO26-L05,أحياء 1,الفطريات,31,31,30,2,51,BIO26-M06,BIO26-S06-02,,,NOT_STARTED,NOT_RUN,ONE_QUESTION_ONE_IMAGE_ONE_CODE; exclude number/year/stars/badge/next-question/header; preserve full biological figure/labels/arrows/table/options
TAH-BIO-BIO26-L05-Q052,BIO26-PDF031-L05-S2-Q052,BIO26-L05,أحياء 1,الفطريات,31,31,30,2,52,BIO26-M06,BIO26-S06-02,,,NOT_STARTED,NOT_RUN,ONE_QUESTION_ONE_IMAGE_ONE_CODE; exclude number/year/stars/badge/next-question/header; preserve full biological figure/labels/arrows/table/options
TAH-BIO-BIO26-L05-Q053,BIO26-PDF031-L05-S2-Q053,BIO26-L05,أحياء 1,الفطريات,31,31,30,2,53,BIO26-M06,BIO26-S06-01,,,NOT_STARTED,NOT_RUN,ONE_QUESTION_ONE_IMAGE_ONE_CODE; exclude number/year/stars/badge/next-question/header; preserve full biological figure/labels/arrows/table/options
TAH-BIO-BIO26-L05-Q054,BIO26-PDF031-L05-S2-Q054,BIO26-L05,أحياء 1,الفطريات,31,31,30,2,54,BIO26-M06,BIO26-S06-01,,,NOT_STARTED,NOT_RUN,ONE_QUESTION_ONE_IMAGE_ONE_CODE; exclude number/year/stars/badge/next-question/header; preserve full biological figure/labels/arrows/table/options
TAH-BIO-BIO26-L05-Q055,BIO26-PDF031-L05-S2-Q055,BIO26-L05,أحياء 1,الفطريات,31,31,30,2,55,BIO26-M06,BIO26-S06-01,,,NOT_STARTED,NOT_RUN,ONE_QUESTION_ONE_IMAGE_ONE_CODE; exclude number/year/stars/badge/next-question/header; preserve full biological figure/labels/arrows/table/options
TAH-BIO-BIO26-L05-Q056,BIO26-PDF031-L05-S2-Q056,BIO26-L05,أحياء 1,الفطريات,31,31,30,2,56,BIO26-M06,BIO26-S06-01,,,NOT_STARTED,NOT_RUN,ONE_QUESTION_ONE_IMAGE_ONE_CODE; exclude number/year/stars/badge/next-question/header; preserve full biological figure/labels/arrows/table/options
TAH-BIO-BIO26-L05-Q057,BIO26-PDF031-L05-S2-Q057,BIO26-L05,أحياء 1,الفطريات,31,31,30,2,57,BIO26-M06,BIO26-S06-01,,,NOT_STARTED,NOT_RUN,ONE_QUESTION_ONE_IMAGE_ONE_CODE; exclude number/year/stars/badge/next-question/header; preserve full biological figure/labels/arrows/table/options
TAH-BIO-BIO26-L05-Q058,BIO26-PDF031-L05-S2-Q058,BIO26-L05,أحياء 1,الفطريات,31,31,30,2,58,BIO26-M06,BIO26-S06-03,,,NOT_STARTED,NOT_RUN,ONE_QUESTION_ONE_IMAGE_ONE_CODE; exclude number/year/stars/badge/next-question/header; preserve full biological figure/labels/arrows/table/options
TAH-BIO-BIO26-L05-Q059,BIO26-PDF031-L05-S2-Q059,BIO26-L05,أحياء 1,الفطريات,31,31,30,2,59,BIO26-M06,BIO26-S06-03,,,NOT_STARTED,NOT_RUN,ONE_QUESTION_ONE_IMAGE_ONE_CODE; exclude number/year/stars/badge/next-question/header; preserve full biological figure/labels/arrows/table/options
TAH-BIO-BIO26-L06-Q001,BIO26-PDF032-L06-S1-Q001,BIO26-L06,أحياء 1,مدخل إلى الحيوانات,32,32,31,1,1,BIO26-M07,BIO26-S07-01,,,NOT_STARTED,NOT_RUN,ONE_QUESTION_ONE_IMAGE_ONE_CODE; exclude number/year/stars/badge/next-question/header; preserve full biological figure/labels/arrows/table/options
TAH-BIO-BIO26-L06-Q002,BIO26-PDF032-L06-S1-Q002,BIO26-L06,أحياء 1,مدخل إلى الحيوانات,32,32,31,1,2,BIO26-M07,BIO26-S07-01,,,NOT_STARTED,NOT_RUN,ONE_QUESTION_ONE_IMAGE_ONE_CODE; exclude number/year/stars/badge/next-question/header; preserve full biological figure/labels/arrows/table/options
TAH-BIO-BIO26-L06-Q003,BIO26-PDF032-L06-S1-Q003,BIO26-L06,أحياء 1,مدخل إلى الحيوانات,32,32,31,1,3,BIO26-M07,BIO26-S07-01,,,NOT_STARTED,NOT_RUN,ONE_QUESTION_ONE_IMAGE_ONE_CODE; exclude number/year/stars/badge/next-question/header; preserve full biological figure/labels/arrows/table/options
TAH-BIO-BIO26-L06-Q004,BIO26-PDF032-L06-S1-Q004,BIO26-L06,أحياء 1,مدخل إلى الحيوانات,32,32,31,1,4,BIO26-M07,BIO26-S07-01,,,NOT_STARTED,NOT_RUN,ONE_QUESTION_ONE_IMAGE_ONE_CODE; exclude number/year/stars/badge/next-question/header; preserve full biological figure/labels/arrows/table/options
TAH-BIO-BIO26-L06-Q005,BIO26-PDF032-L06-S1-Q005,BIO26-L06,أحياء 1,مدخل إلى الحيوانات,32,32,31,1,5,BIO26-M07,BIO26-S07-01,,,NOT_STARTED,NOT_RUN,ONE_QUESTION_ONE_IMAGE_ONE_CODE; exclude number/year/stars/badge/next-question/header; preserve full biological figure/labels/arrows/table/options
TAH-BIO-BIO26-L06-Q006,BIO26-PDF032-L06-S1-Q006,BIO26-L06,أحياء 1,مدخل إلى الحيوانات,32,32,31,1,6,BIO26-M07,BIO26-S07-01,,,NOT_STARTED,NOT_RUN,ONE_QUESTION_ONE_IMAGE_ONE_CODE; exclude number/year/stars/badge/next-question/header; preserve full biological figure/labels/arrows/table/options
TAH-BIO-BIO26-L06-Q007,BIO26-PDF032-L06-S1-Q007,BIO26-L06,أحياء 1,مدخل إلى الحيوانات,32,32,31,1,7,BIO26-M07,BIO26-S07-01,,,NOT_STARTED,NOT_RUN,ONE_QUESTION_ONE_IMAGE_ONE_CODE; exclude number/year/stars/badge/next-question/header; preserve full biological figure/labels/arrows/table/options
TAH-BIO-BIO26-L06-Q008,BIO26-PDF032-L06-S1-Q008,BIO26-L06,أحياء 1,مدخل إلى الحيوانات,32,32,31,1,8,BIO26-M07,BIO26-S07-01,,,NOT_STARTED,NOT_RUN,ONE_QUESTION_ONE_IMAGE_ONE_CODE; exclude number/year/stars/badge/next-question/header; preserve full biological figure/labels/arrows/table/options
TAH-BIO-BIO26-L06-Q009,BIO26-PDF032-L06-S1-Q009,BIO26-L06,أحياء 1,مدخل إلى الحيوانات,32,32,31,1,9,BIO26-M07,BIO26-S07-01,,,NOT_STARTED,NOT_RUN,ONE_QUESTION_ONE_IMAGE_ONE_CODE; exclude number/year/stars/badge/next-question/header; preserve full biological figure/labels/arrows/table/options
TAH-BIO-BIO26-L06-Q010,BIO26-PDF032-L06-S1-Q010,BIO26-L06,أحياء 1,مدخل إلى الحيوانات,32,32,31,1,10,BIO26-M07,BIO26-S07-01,,,NOT_STARTED,NOT_RUN,ONE_QUESTION_ONE_IMAGE_ONE_CODE; exclude number/year/stars/badge/next-question/header; preserve full biological figure/labels/arrows/table/options
TAH-BIO-BIO26-L06-Q011,BIO26-PDF032-L06-S1-Q011,BIO26-L06,أحياء 1,مدخل إلى الحيوانات,32,32,31,1,11,BIO26-M07,BIO26-S07-01,,,NOT_STARTED,NOT_RUN,ONE_QUESTION_ONE_IMAGE_ONE_CODE; exclude number/year/stars/badge/next-question/header; preserve full biological figure/labels/arrows/table/options
TAH-BIO-BIO26-L06-Q012,BIO26-PDF032-L06-S1-Q012,BIO26-L06,أحياء 1,مدخل إلى الحيوانات,32,32,31,1,12,BIO26-M07,BIO26-S07-01,,,NOT_STARTED,NOT_RUN,ONE_QUESTION_ONE_IMAGE_ONE_CODE; exclude number/year/stars/badge/next-question/header; preserve full biological figure/labels/arrows/table/options
TAH-BIO-BIO26-L06-Q013,BIO26-PDF032-L06-S1-Q013,BIO26-L06,أحياء 1,مدخل إلى الحيوانات,32,32,31,1,13,BIO26-M07,BIO26-S07-02,,,NOT_STARTED,NOT_RUN,ONE_QUESTION_ONE_IMAGE_ONE_CODE; exclude number/year/stars/badge/next-question/header; preserve full biological figure/labels/arrows/table/options
TAH-BIO-BIO26-L06-Q014,BIO26-PDF032-L06-S1-Q014,BIO26-L06,أحياء 1,مدخل إلى الحيوانات,32,32,31,1,14,BIO26-M07,BIO26-S07-02,,,NOT_STARTED,NOT_RUN,ONE_QUESTION_ONE_IMAGE_ONE_CODE; exclude number/year/stars/badge/next-question/header; preserve full biological figure/labels/arrows/table/options
TAH-BIO-BIO26-L06-Q015,BIO26-PDF032-L06-S1-Q015,BIO26-L06,أحياء 1,مدخل إلى الحيوانات,32,32,31,1,15,BIO26-M07,BIO26-S07-02,,,NOT_STARTED,NOT_RUN,ONE_QUESTION_ONE_IMAGE_ONE_CODE; exclude number/year/stars/badge/next-question/header; preserve full biological figure/labels/arrows/table/options
TAH-BIO-BIO26-L06-Q016,BIO26-PDF033-L06-S1-Q016,BIO26-L06,أحياء 1,مدخل إلى الحيوانات,33,33,32,1,16,BIO26-M07,BIO26-S07-02,,,NOT_STARTED,NOT_RUN,ONE_QUESTION_ONE_IMAGE_ONE_CODE; exclude number/year/stars/badge/next-question/header; preserve full biological figure/labels/arrows/table/options
TAH-BIO-BIO26-L06-Q017,BIO26-PDF033-L06-S1-Q017,BIO26-L06,أحياء 1,مدخل إلى الحيوانات,33,33,32,1,17,BIO26-M07,BIO26-S07-03,,,NOT_STARTED,NOT_RUN,ONE_QUESTION_ONE_IMAGE_ONE_CODE; exclude number/year/stars/badge/next-question/header; preserve full biological figure/labels/arrows/table/options
TAH-BIO-BIO26-L06-Q018,BIO26-PDF033-L06-S1-Q018,BIO26-L06,أحياء 1,مدخل إلى الحيوانات,33,33,32,1,18,BIO26-M07,BIO26-S07-03,,,NOT_STARTED,NOT_RUN,ONE_QUESTION_ONE_IMAGE_ONE_CODE; exclude number/year/stars/badge/next-question/header; preserve full biological figure/labels/arrows/table/options
TAH-BIO-BIO26-L06-Q019,BIO26-PDF033-L06-S1-Q019,BIO26-L06,أحياء 1,مدخل إلى الحيوانات,33,33,32,1,19,BIO26-M07,BIO26-S07-03,,,NOT_STARTED,NOT_RUN,ONE_QUESTION_ONE_IMAGE_ONE_CODE; exclude number/year/stars/badge/next-question/header; preserve full biological figure/labels/arrows/table/options
TAH-BIO-BIO26-L06-Q020,BIO26-PDF033-L06-S1-Q020,BIO26-L06,أحياء 1,مدخل إلى الحيوانات,33,33,32,1,20,BIO26-M07,BIO26-S07-03,,,NOT_STARTED,NOT_RUN,ONE_QUESTION_ONE_IMAGE_ONE_CODE; exclude number/year/stars/badge/next-question/header; preserve full biological figure/labels/arrows/table/options
TAH-BIO-BIO26-L06-Q021,BIO26-PDF033-L06-S1-Q021,BIO26-L06,أحياء 1,مدخل إلى الحيوانات,33,33,32,1,21,BIO26-M07,BIO26-S07-03,,,NOT_STARTED,NOT_RUN,ONE_QUESTION_ONE_IMAGE_ONE_CODE; exclude number/year/stars/badge/next-question/header; preserve full biological figure/labels/arrows/table/options
TAH-BIO-BIO26-L06-Q022,BIO26-PDF033-L06-S1-Q022,BIO26-L06,أحياء 1,مدخل إلى الحيوانات,33,33,32,1,22,BIO26-M07,BIO26-S07-03,,,NOT_STARTED,NOT_RUN,ONE_QUESTION_ONE_IMAGE_ONE_CODE; exclude number/year/stars/badge/next-question/header; preserve full biological figure/labels/arrows/table/options
TAH-BIO-BIO26-L06-Q023,BIO26-PDF033-L06-S1-Q023,BIO26-L06,أحياء 1,مدخل إلى الحيوانات,33,33,32,1,23,BIO26-M07,BIO26-S07-03,,,NOT_STARTED,NOT_RUN,ONE_QUESTION_ONE_IMAGE_ONE_CODE; exclude number/year/stars/badge/next-question/header; preserve full biological figure/labels/arrows/table/options
TAH-BIO-BIO26-L06-Q024,BIO26-PDF033-L06-S1-Q024,BIO26-L06,أحياء 1,مدخل إلى الحيوانات,33,33,32,1,24,BIO26-M07,BIO26-S07-03,,,NOT_STARTED,NOT_RUN,ONE_QUESTION_ONE_IMAGE_ONE_CODE; exclude number/year/stars/badge/next-question/header; preserve full biological figure/labels/arrows/table/options
TAH-BIO-BIO26-L06-Q025,BIO26-PDF033-L06-S1-Q025,BIO26-L06,أحياء 1,مدخل إلى الحيوانات,33,33,32,1,25,BIO26-M07,BIO26-S07-03,,,NOT_STARTED,NOT_RUN,ONE_QUESTION_ONE_IMAGE_ONE_CODE; exclude number/year/stars/badge/next-question/header; preserve full biological figure/labels/arrows/table/options
TAH-BIO-BIO26-L06-Q026,BIO26-PDF033-L06-S1-Q026,BIO26-L06,أحياء 1,مدخل إلى الحيوانات,33,33,32,1,26,BIO26-M07,BIO26-S07-03,,,NOT_STARTED,NOT_RUN,ONE_QUESTION_ONE_IMAGE_ONE_CODE; exclude number/year/stars/badge/next-question/header; preserve full biological figure/labels/arrows/table/options
TAH-BIO-BIO26-L06-Q027,BIO26-PDF033-L06-S1-Q027,BIO26-L06,أحياء 1,مدخل إلى الحيوانات,33,33,32,1,27,BIO26-M07,BIO26-S07-03,,,NOT_STARTED,NOT_RUN,ONE_QUESTION_ONE_IMAGE_ONE_CODE; exclude number/year/stars/badge/next-question/header; preserve full biological figure/labels/arrows/table/options
TAH-BIO-BIO26-L06-Q028,BIO26-PDF034-L06-S1-Q028,BIO26-L06,أحياء 1,مدخل إلى الحيوانات,34,34,33,1,28,BIO26-M07,BIO26-S07-03,,,NOT_STARTED,NOT_RUN,ONE_QUESTION_ONE_IMAGE_ONE_CODE; exclude number/year/stars/badge/next-question/header; preserve full biological figure/labels/arrows/table/options
TAH-BIO-BIO26-L06-Q029,BIO26-PDF034-L06-S1-Q029,BIO26-L06,أحياء 1,مدخل إلى الحيوانات,34,34,33,1,29,BIO26-M07,BIO26-S07-03,,,NOT_STARTED,NOT_RUN,ONE_QUESTION_ONE_IMAGE_ONE_CODE; exclude number/year/stars/badge/next-question/header; preserve full biological figure/labels/arrows/table/options
TAH-BIO-BIO26-L06-Q030,BIO26-PDF034-L06-S1-Q030,BIO26-L06,أحياء 1,مدخل إلى الحيوانات,34,34,33,1,30,BIO26-M07,BIO26-S07-03,,,NOT_STARTED,NOT_RUN,ONE_QUESTION_ONE_IMAGE_ONE_CODE; exclude number/year/stars/badge/next-question/header; preserve full biological figure/labels/arrows/table/options
TAH-BIO-BIO26-L06-Q031,BIO26-PDF034-L06-S1-Q031,BIO26-L06,أحياء 1,مدخل إلى الحيوانات,34,34,33,1,31,BIO26-M07,BIO26-S07-03,,,NOT_STARTED,NOT_RUN,ONE_QUESTION_ONE_IMAGE_ONE_CODE; exclude number/year/stars/badge/next-question/header; preserve full biological figure/labels/arrows/table/options
TAH-BIO-BIO26-L06-Q032,BIO26-PDF034-L06-S1-Q032,BIO26-L06,أحياء 1,مدخل إلى الحيوانات,34,34,33,1,32,BIO26-M07,BIO26-S07-03,,,NOT_STARTED,NOT_RUN,ONE_QUESTION_ONE_IMAGE_ONE_CODE; exclude number/year/stars/badge/next-question/header; preserve full biological figure/labels/arrows/table/options
TAH-BIO-BIO26-L06-Q033,BIO26-PDF034-L06-S1-Q033,BIO26-L06,أحياء 1,مدخل إلى الحيوانات,34,34,33,1,33,BIO26-M07,BIO26-S07-03,,,NOT_STARTED,NOT_RUN,ONE_QUESTION_ONE_IMAGE_ONE_CODE; exclude number/year/stars/badge/next-question/header; preserve full biological figure/labels/arrows/table/options
TAH-BIO-BIO26-L06-Q034,BIO26-PDF034-L06-S1-Q034,BIO26-L06,أحياء 1,مدخل إلى الحيوانات,34,34,33,1,34,BIO26-M07,BIO26-S07-03,,,NOT_STARTED,NOT_RUN,ONE_QUESTION_ONE_IMAGE_ONE_CODE; exclude number/year/stars/badge/next-question/header; preserve full biological figure/labels/arrows/table/options
TAH-BIO-BIO26-L06-Q035,BIO26-PDF034-L06-S1-Q035,BIO26-L06,أحياء 1,مدخل إلى الحيوانات,34,34,33,1,35,BIO26-M07,BIO26-S07-03,,,NOT_STARTED,NOT_RUN,ONE_QUESTION_ONE_IMAGE_ONE_CODE; exclude number/year/stars/badge/next-question/header; preserve full biological figure/labels/arrows/table/options
TAH-BIO-BIO26-L06-Q036,BIO26-PDF034-L06-S1-Q036,BIO26-L06,أحياء 1,مدخل إلى الحيوانات,34,34,33,1,36,BIO26-M07,BIO26-S07-03,,,NOT_STARTED,NOT_RUN,ONE_QUESTION_ONE_IMAGE_ONE_CODE; exclude number/year/stars/badge/next-question/header; preserve full biological figure/labels/arrows/table/options
TAH-BIO-BIO26-L06-Q037,BIO26-PDF035-L06-S1-Q037,BIO26-L06,أحياء 1,مدخل إلى الحيوانات,35,35,34,1,37,BIO26-M07,BIO26-S07-03,,,NOT_STARTED,NOT_RUN,ONE_QUESTION_ONE_IMAGE_ONE_CODE; exclude number/year/stars/badge/next-question/header; preserve full biological figure/labels/arrows/table/options
TAH-BIO-BIO26-L06-Q038,BIO26-PDF035-L06-S1-Q038,BIO26-L06,أحياء 1,مدخل إلى الحيوانات,35,35,34,1,38,BIO26-M07,BIO26-S07-03,,,NOT_STARTED,NOT_RUN,ONE_QUESTION_ONE_IMAGE_ONE_CODE; exclude number/year/stars/badge/next-question/header; preserve full biological figure/labels/arrows/table/options
TAH-BIO-BIO26-L06-Q039,BIO26-PDF036-L06-S2-Q039,BIO26-L06,أحياء 1,مدخل إلى الحيوانات,36,36,35,2,39,BIO26-M07,BIO26-S07-01,,,NOT_STARTED,NOT_RUN,ONE_QUESTION_ONE_IMAGE_ONE_CODE; exclude number/year/stars/badge/next-question/header; preserve full biological figure/labels/arrows/table/options
TAH-BIO-BIO26-L06-Q040,BIO26-PDF036-L06-S2-Q040,BIO26-L06,أحياء 1,مدخل إلى الحيوانات,36,36,35,2,40,BIO26-M07,BIO26-S07-01,,,NOT_STARTED,NOT_RUN,ONE_QUESTION_ONE_IMAGE_ONE_CODE; exclude number/year/stars/badge/next-question/header; preserve full biological figure/labels/arrows/table/options
TAH-BIO-BIO26-L06-Q041,BIO26-PDF036-L06-S2-Q041,BIO26-L06,أحياء 1,مدخل إلى الحيوانات,36,36,35,2,41,BIO26-M07,BIO26-S07-01,,,NOT_STARTED,NOT_RUN,ONE_QUESTION_ONE_IMAGE_ONE_CODE; exclude number/year/stars/badge/next-question/header; preserve full biological figure/labels/arrows/table/options
TAH-BIO-BIO26-L06-Q042,BIO26-PDF036-L06-S2-Q042,BIO26-L06,أحياء 1,مدخل إلى الحيوانات,36,36,35,2,42,BIO26-M07,BIO26-S07-01,,,NOT_STARTED,NOT_RUN,ONE_QUESTION_ONE_IMAGE_ONE_CODE; exclude number/year/stars/badge/next-question/header; preserve full biological figure/labels/arrows/table/options
TAH-BIO-BIO26-L06-Q043,BIO26-PDF036-L06-S2-Q043,BIO26-L06,أحياء 1,مدخل إلى الحيوانات,36,36,35,2,43,BIO26-M07,BIO26-S07-01,,,NOT_STARTED,NOT_RUN,ONE_QUESTION_ONE_IMAGE_ONE_CODE; exclude number/year/stars/badge/next-question/header; preserve full biological figure/labels/arrows/table/options
TAH-BIO-BIO26-L06-Q044,BIO26-PDF036-L06-S2-Q044,BIO26-L06,أحياء 1,مدخل إلى الحيوانات,36,36,35,2,44,BIO26-M07,BIO26-S07-01,,,NOT_STARTED,NOT_RUN,ONE_QUESTION_ONE_IMAGE_ONE_CODE; exclude number/year/stars/badge/next-question/header; preserve full biological figure/labels/arrows/table/options
TAH-BIO-BIO26-L06-Q045,BIO26-PDF036-L06-S2-Q045,BIO26-L06,أحياء 1,مدخل إلى الحيوانات,36,36,35,2,45,BIO26-M07,BIO26-S07-01,,,NOT_STARTED,NOT_RUN,ONE_QUESTION_ONE_IMAGE_ONE_CODE; exclude number/year/stars/badge/next-question/header; preserve full biological figure/labels/arrows/table/options
TAH-BIO-BIO26-L06-Q046,BIO26-PDF036-L06-S2-Q046,BIO26-L06,أحياء 1,مدخل إلى الحيوانات,36,36,35,2,46,BIO26-M07,BIO26-S07-01,,,NOT_STARTED,NOT_RUN,ONE_QUESTION_ONE_IMAGE_ONE_CODE; exclude number/year/stars/badge/next-question/header; preserve full biological figure/labels/arrows/table/options
TAH-BIO-BIO26-L06-Q047,BIO26-PDF036-L06-S2-Q047,BIO26-L06,أحياء 1,مدخل إلى الحيوانات,36,36,35,2,47,BIO26-M07,BIO26-S07-01,,,NOT_STARTED,NOT_RUN,ONE_QUESTION_ONE_IMAGE_ONE_CODE; exclude number/year/stars/badge/next-question/header; preserve full biological figure/labels/arrows/table/options
TAH-BIO-BIO26-L06-Q048,BIO26-PDF036-L06-S2-Q048,BIO26-L06,أحياء 1,مدخل إلى الحيوانات,36,36,35,2,48,BIO26-M07,BIO26-S07-01,,,NOT_STARTED,NOT_RUN,ONE_QUESTION_ONE_IMAGE_ONE_CODE; exclude number/year/stars/badge/next-question/header; preserve full biological figure/labels/arrows/table/options
TAH-BIO-BIO26-L06-Q049,BIO26-PDF036-L06-S2-Q049,BIO26-L06,أحياء 1,مدخل إلى الحيوانات,36,36,35,2,49,BIO26-M07,BIO26-S07-01,,,NOT_STARTED,NOT_RUN,ONE_QUESTION_ONE_IMAGE_ONE_CODE; exclude number/year/stars/badge/next-question/header; preserve full biological figure/labels/arrows/table/options
TAH-BIO-BIO26-L06-Q050,BIO26-PDF036-L06-S2-Q050,BIO26-L06,أحياء 1,مدخل إلى الحيوانات,36,36,35,2,50,BIO26-M07,BIO26-S07-01,,,NOT_STARTED,NOT_RUN,ONE_QUESTION_ONE_IMAGE_ONE_CODE; exclude number/year/stars/badge/next-question/header; preserve full biological figure/labels/arrows/table/options
TAH-BIO-BIO26-L06-Q051,BIO26-PDF036-L06-S2-Q051,BIO26-L06,أحياء 1,مدخل إلى الحيوانات,36,36,35,2,51,BIO26-M07,BIO26-S07-01,,,NOT_STARTED,NOT_RUN,ONE_QUESTION_ONE_IMAGE_ONE_CODE; exclude number/year/stars/badge/next-question/header; preserve full biological figure/labels/arrows/table/options
TAH-BIO-BIO26-L06-Q052,BIO26-PDF036-L06-S2-Q052,BIO26-L06,أحياء 1,مدخل إلى الحيوانات,36,36,35,2,52,BIO26-M07,BIO26-S07-01,,,NOT_STARTED,NOT_RUN,ONE_QUESTION_ONE_IMAGE_ONE_CODE; exclude number/year/stars/badge/next-question/header; preserve full biological figure/labels/arrows/table/options
TAH-BIO-BIO26-L06-Q053,BIO26-PDF036-L06-S2-Q053,BIO26-L06,أحياء 1,مدخل إلى الحيوانات,36,36,35,2,53,BIO26-M07,BIO26-S07-01,,,NOT_STARTED,NOT_RUN,ONE_QUESTION_ONE_IMAGE_ONE_CODE; exclude number/year/stars/badge/next-question/header; preserve full biological figure/labels/arrows/table/options
TAH-BIO-BIO26-L06-Q054,BIO26-PDF036-L06-S2-Q054,BIO26-L06,أحياء 1,مدخل إلى الحيوانات,36,36,35,2,54,BIO26-M07,BIO26-S07-01,,,NOT_STARTED,NOT_RUN,ONE_QUESTION_ONE_IMAGE_ONE_CODE; exclude number/year/stars/badge/next-question/header; preserve full biological figure/labels/arrows/table/options
TAH-BIO-BIO26-L06-Q055,BIO26-PDF036-L06-S2-Q055,BIO26-L06,أحياء 1,مدخل إلى الحيوانات,36,36,35,2,55,BIO26-M07,BIO26-S07-01,,,NOT_STARTED,NOT_RUN,ONE_QUESTION_ONE_IMAGE_ONE_CODE; exclude number/year/stars/badge/next-question/header; preserve full biological figure/labels/arrows/table/options
TAH-BIO-BIO26-L06-Q056,BIO26-PDF036-L06-S2-Q056,BIO26-L06,أحياء 1,مدخل إلى الحيوانات,36,36,35,2,56,BIO26-M07,BIO26-S07-01,,,NOT_STARTED,NOT_RUN,ONE_QUESTION_ONE_IMAGE_ONE_CODE; exclude number/year/stars/badge/next-question/header; preserve full biological figure/labels/arrows/table/options
TAH-BIO-BIO26-L06-Q057,BIO26-PDF037-L06-S2-Q057,BIO26-L06,أحياء 1,مدخل إلى الحيوانات,37,37,36,2,57,BIO26-M07,BIO26-S07-01,,,NOT_STARTED,NOT_RUN,ONE_QUESTION_ONE_IMAGE_ONE_CODE; exclude number/year/stars/badge/next-question/header; preserve full biological figure/labels/arrows/table/options
TAH-BIO-BIO26-L06-Q058,BIO26-PDF037-L06-S2-Q058,BIO26-L06,أحياء 1,مدخل إلى الحيوانات,37,37,36,2,58,BIO26-M07,BIO26-S07-01,,,NOT_STARTED,NOT_RUN,ONE_QUESTION_ONE_IMAGE_ONE_CODE; exclude number/year/stars/badge/next-question/header; preserve full biological figure/labels/arrows/table/options
TAH-BIO-BIO26-L06-Q059,BIO26-PDF037-L06-S2-Q059,BIO26-L06,أحياء 1,مدخل إلى الحيوانات,37,37,36,2,59,BIO26-M07,BIO26-S07-01,,,NOT_STARTED,NOT_RUN,ONE_QUESTION_ONE_IMAGE_ONE_CODE; exclude number/year/stars/badge/next-question/header; preserve full biological figure/labels/arrows/table/options
TAH-BIO-BIO26-L06-Q060,BIO26-PDF037-L06-S2-Q060,BIO26-L06,أحياء 1,مدخل إلى الحيوانات,37,37,36,2,60,BIO26-M07,BIO26-S07-01,,,NOT_STARTED,NOT_RUN,ONE_QUESTION_ONE_IMAGE_ONE_CODE; exclude number/year/stars/badge/next-question/header; preserve full biological figure/labels/arrows/table/options
TAH-BIO-BIO26-L06-Q061,BIO26-PDF037-L06-S2-Q061,BIO26-L06,أحياء 1,مدخل إلى الحيوانات,37,37,36,2,61,BIO26-M07,BIO26-S07-02,,,NOT_STARTED,NOT_RUN,ONE_QUESTION_ONE_IMAGE_ONE_CODE; exclude number/year/stars/badge/next-question/header; preserve full biological figure/labels/arrows/table/options
TAH-BIO-BIO26-L06-Q062,BIO26-PDF037-L06-S2-Q062,BIO26-L06,أحياء 1,مدخل إلى الحيوانات,37,37,36,2,62,BIO26-M07,BIO26-S07-02,,,NOT_STARTED,NOT_RUN,ONE_QUESTION_ONE_IMAGE_ONE_CODE; exclude number/year/stars/badge/next-question/header; preserve full biological figure/labels/arrows/table/options
TAH-BIO-BIO26-L06-Q063,BIO26-PDF037-L06-S2-Q063,BIO26-L06,أحياء 1,مدخل إلى الحيوانات,37,37,36,2,63,BIO26-M07,BIO26-S07-02,,,NOT_STARTED,NOT_RUN,ONE_QUESTION_ONE_IMAGE_ONE_CODE; exclude number/year/stars/badge/next-question/header; preserve full biological figure/labels/arrows/table/options
TAH-BIO-BIO26-L06-Q064,BIO26-PDF037-L06-S2-Q064,BIO26-L06,أحياء 1,مدخل إلى الحيوانات,37,37,36,2,64,BIO26-M07,BIO26-S07-02,,,NOT_STARTED,NOT_RUN,ONE_QUESTION_ONE_IMAGE_ONE_CODE; exclude number/year/stars/badge/next-question/header; preserve full biological figure/labels/arrows/table/options
TAH-BIO-BIO26-L06-Q065,BIO26-PDF037-L06-S2-Q065,BIO26-L06,أحياء 1,مدخل إلى الحيوانات,37,37,36,2,65,BIO26-M07,BIO26-S07-02,,,NOT_STARTED,NOT_RUN,ONE_QUESTION_ONE_IMAGE_ONE_CODE; exclude number/year/stars/badge/next-question/header; preserve full biological figure/labels/arrows/table/options
TAH-BIO-BIO26-L06-Q066,BIO26-PDF037-L06-S2-Q066,BIO26-L06,أحياء 1,مدخل إلى الحيوانات,37,37,36,2,66,BIO26-M07,BIO26-S07-03,,,NOT_STARTED,NOT_RUN,ONE_QUESTION_ONE_IMAGE_ONE_CODE; exclude number/year/stars/badge/next-question/header; preserve full biological figure/labels/arrows/table/options
TAH-BIO-BIO26-L06-Q067,BIO26-PDF037-L06-S2-Q067,BIO26-L06,أحياء 1,مدخل إلى الحيوانات,37,37,36,2,67,BIO26-M07,BIO26-S07-03,,,NOT_STARTED,NOT_RUN,ONE_QUESTION_ONE_IMAGE_ONE_CODE; exclude number/year/stars/badge/next-question/header; preserve full biological figure/labels/arrows/table/options
TAH-BIO-BIO26-L06-Q068,BIO26-PDF037-L06-S2-Q068,BIO26-L06,أحياء 1,مدخل إلى الحيوانات,37,37,36,2,68,BIO26-M07,BIO26-S07-03,,,NOT_STARTED,NOT_RUN,ONE_QUESTION_ONE_IMAGE_ONE_CODE; exclude number/year/stars/badge/next-question/header; preserve full biological figure/labels/arrows/table/options
TAH-BIO-BIO26-L06-Q069,BIO26-PDF037-L06-S2-Q069,BIO26-L06,أحياء 1,مدخل إلى الحيوانات,37,37,36,2,69,BIO26-M07,BIO26-S07-03,,,NOT_STARTED,NOT_RUN,ONE_QUESTION_ONE_IMAGE_ONE_CODE; exclude number/year/stars/badge/next-question/header; preserve full biological figure/labels/arrows/table/options
TAH-BIO-BIO26-L06-Q070,BIO26-PDF037-L06-S2-Q070,BIO26-L06,أحياء 1,مدخل إلى الحيوانات,37,37,36,2,70,BIO26-M07,BIO26-S07-03,,,NOT_STARTED,NOT_RUN,ONE_QUESTION_ONE_IMAGE_ONE_CODE; exclude number/year/stars/badge/next-question/header; preserve full biological figure/labels/arrows/table/options
TAH-BIO-BIO26-L06-Q071,BIO26-PDF037-L06-S2-Q071,BIO26-L06,أحياء 1,مدخل إلى الحيوانات,37,37,36,2,71,BIO26-M07,BIO26-S07-03,,,NOT_STARTED,NOT_RUN,ONE_QUESTION_ONE_IMAGE_ONE_CODE; exclude number/year/stars/badge/next-question/header; preserve full biological figure/labels/arrows/table/options
TAH-BIO-BIO26-L06-Q072,BIO26-PDF037-L06-S2-Q072,BIO26-L06,أحياء 1,مدخل إلى الحيوانات,37,37,36,2,72,BIO26-M07,BIO26-S07-03,,,NOT_STARTED,NOT_RUN,ONE_QUESTION_ONE_IMAGE_ONE_CODE; exclude number/year/stars/badge/next-question/header; preserve full biological figure/labels/arrows/table/options
TAH-BIO-BIO26-L06-Q073,BIO26-PDF037-L06-S2-Q073,BIO26-L06,أحياء 1,مدخل إلى الحيوانات,37,37,36,2,73,BIO26-M07,BIO26-S07-03,,,NOT_STARTED,NOT_RUN,ONE_QUESTION_ONE_IMAGE_ONE_CODE; exclude number/year/stars/badge/next-question/header; preserve full biological figure/labels/arrows/table/options
TAH-BIO-BIO26-L06-Q074,BIO26-PDF037-L06-S2-Q074,BIO26-L06,أحياء 1,مدخل إلى الحيوانات,37,37,36,2,74,BIO26-M07,BIO26-S07-03,,,NOT_STARTED,NOT_RUN,ONE_QUESTION_ONE_IMAGE_ONE_CODE; exclude number/year/stars/badge/next-question/header; preserve full biological figure/labels/arrows/table/options
TAH-BIO-BIO26-L07-Q001,BIO26-PDF038-L07-S1-Q001,BIO26-L07,أحياء 1,الديدان والرخويات,38,38,37,1,1,BIO26-M08,BIO26-S08-01,,,NOT_STARTED,NOT_RUN,ONE_QUESTION_ONE_IMAGE_ONE_CODE; exclude number/year/stars/badge/next-question/header; preserve full biological figure/labels/arrows/table/options
TAH-BIO-BIO26-L07-Q002,BIO26-PDF038-L07-S1-Q002,BIO26-L07,أحياء 1,الديدان والرخويات,38,38,37,1,2,BIO26-M08,BIO26-S08-01,,,NOT_STARTED,NOT_RUN,ONE_QUESTION_ONE_IMAGE_ONE_CODE; exclude number/year/stars/badge/next-question/header; preserve full biological figure/labels/arrows/table/options
TAH-BIO-BIO26-L07-Q003,BIO26-PDF038-L07-S1-Q003,BIO26-L07,أحياء 1,الديدان والرخويات,38,38,37,1,3,BIO26-M08,BIO26-S08-01,,,NOT_STARTED,NOT_RUN,ONE_QUESTION_ONE_IMAGE_ONE_CODE; exclude number/year/stars/badge/next-question/header; preserve full biological figure/labels/arrows/table/options
TAH-BIO-BIO26-L07-Q004,BIO26-PDF038-L07-S1-Q004,BIO26-L07,أحياء 1,الديدان والرخويات,38,38,37,1,4,BIO26-M08,BIO26-S08-01,,,NOT_STARTED,NOT_RUN,ONE_QUESTION_ONE_IMAGE_ONE_CODE; exclude number/year/stars/badge/next-question/header; preserve full biological figure/labels/arrows/table/options
TAH-BIO-BIO26-L07-Q005,BIO26-PDF038-L07-S1-Q005,BIO26-L07,أحياء 1,الديدان والرخويات,38,38,37,1,5,BIO26-M08,BIO26-S08-01,,,NOT_STARTED,NOT_RUN,ONE_QUESTION_ONE_IMAGE_ONE_CODE; exclude number/year/stars/badge/next-question/header; preserve full biological figure/labels/arrows/table/options
TAH-BIO-BIO26-L07-Q006,BIO26-PDF038-L07-S1-Q006,BIO26-L07,أحياء 1,الديدان والرخويات,38,38,37,1,6,BIO26-M08,BIO26-S08-01,,,NOT_STARTED,NOT_RUN,ONE_QUESTION_ONE_IMAGE_ONE_CODE; exclude number/year/stars/badge/next-question/header; preserve full biological figure/labels/arrows/table/options
TAH-BIO-BIO26-L07-Q007,BIO26-PDF038-L07-S1-Q007,BIO26-L07,أحياء 1,الديدان والرخويات,38,38,37,1,7,BIO26-M08,BIO26-S08-01,,,NOT_STARTED,NOT_RUN,ONE_QUESTION_ONE_IMAGE_ONE_CODE; exclude number/year/stars/badge/next-question/header; preserve full biological figure/labels/arrows/table/options
TAH-BIO-BIO26-L07-Q008,BIO26-PDF038-L07-S1-Q008,BIO26-L07,أحياء 1,الديدان والرخويات,38,38,37,1,8,BIO26-M08,BIO26-S08-01,,,NOT_STARTED,NOT_RUN,ONE_QUESTION_ONE_IMAGE_ONE_CODE; exclude number/year/stars/badge/next-question/header; preserve full biological figure/labels/arrows/table/options
TAH-BIO-BIO26-L07-Q009,BIO26-PDF038-L07-S1-Q009,BIO26-L07,أحياء 1,الديدان والرخويات,38,38,37,1,9,BIO26-M08,BIO26-S08-01,,,NOT_STARTED,NOT_RUN,ONE_QUESTION_ONE_IMAGE_ONE_CODE; exclude number/year/stars/badge/next-question/header; preserve full biological figure/labels/arrows/table/options
TAH-BIO-BIO26-L07-Q010,BIO26-PDF038-L07-S1-Q010,BIO26-L07,أحياء 1,الديدان والرخويات,38,38,37,1,10,BIO26-M08,BIO26-S08-01,,,NOT_STARTED,NOT_RUN,ONE_QUESTION_ONE_IMAGE_ONE_CODE; exclude number/year/stars/badge/next-question/header; preserve full biological figure/labels/arrows/table/options
TAH-BIO-BIO26-L07-Q011,BIO26-PDF038-L07-S1-Q011,BIO26-L07,أحياء 1,الديدان والرخويات,38,38,37,1,11,BIO26-M08,BIO26-S08-01,,,NOT_STARTED,NOT_RUN,ONE_QUESTION_ONE_IMAGE_ONE_CODE; exclude number/year/stars/badge/next-question/header; preserve full biological figure/labels/arrows/table/options
TAH-BIO-BIO26-L07-Q012,BIO26-PDF038-L07-S1-Q012,BIO26-L07,أحياء 1,الديدان والرخويات,38,38,37,1,12,BIO26-M08,BIO26-S08-01,,,NOT_STARTED,NOT_RUN,ONE_QUESTION_ONE_IMAGE_ONE_CODE; exclude number/year/stars/badge/next-question/header; preserve full biological figure/labels/arrows/table/options
TAH-BIO-BIO26-L07-Q013,BIO26-PDF038-L07-S1-Q013,BIO26-L07,أحياء 1,الديدان والرخويات,38,38,37,1,13,BIO26-M08,BIO26-S08-01,,,NOT_STARTED,NOT_RUN,ONE_QUESTION_ONE_IMAGE_ONE_CODE; exclude number/year/stars/badge/next-question/header; preserve full biological figure/labels/arrows/table/options
TAH-BIO-BIO26-L07-Q014,BIO26-PDF038-L07-S1-Q014,BIO26-L07,أحياء 1,الديدان والرخويات,38,38,37,1,14,BIO26-M08,BIO26-S08-01,,,NOT_STARTED,NOT_RUN,ONE_QUESTION_ONE_IMAGE_ONE_CODE; exclude number/year/stars/badge/next-question/header; preserve full biological figure/labels/arrows/table/options
TAH-BIO-BIO26-L07-Q015,BIO26-PDF038-L07-S1-Q015,BIO26-L07,أحياء 1,الديدان والرخويات,38,38,37,1,15,BIO26-M08,BIO26-S08-01,,,NOT_STARTED,NOT_RUN,ONE_QUESTION_ONE_IMAGE_ONE_CODE; exclude number/year/stars/badge/next-question/header; preserve full biological figure/labels/arrows/table/options
TAH-BIO-BIO26-L07-Q016,BIO26-PDF038-L07-S1-Q016,BIO26-L07,أحياء 1,الديدان والرخويات,38,38,37,1,16,BIO26-M08,BIO26-S08-01,,,NOT_STARTED,NOT_RUN,ONE_QUESTION_ONE_IMAGE_ONE_CODE; exclude number/year/stars/badge/next-question/header; preserve full biological figure/labels/arrows/table/options
TAH-BIO-BIO26-L07-Q017,BIO26-PDF039-L07-S1-Q017,BIO26-L07,أحياء 1,الديدان والرخويات,39,39,38,1,17,BIO26-M08,BIO26-S08-01,,,NOT_STARTED,NOT_RUN,ONE_QUESTION_ONE_IMAGE_ONE_CODE; exclude number/year/stars/badge/next-question/header; preserve full biological figure/labels/arrows/table/options
TAH-BIO-BIO26-L07-Q018,BIO26-PDF039-L07-S1-Q018,BIO26-L07,أحياء 1,الديدان والرخويات,39,39,38,1,18,BIO26-M08,BIO26-S08-01,,,NOT_STARTED,NOT_RUN,ONE_QUESTION_ONE_IMAGE_ONE_CODE; exclude number/year/stars/badge/next-question/header; preserve full biological figure/labels/arrows/table/options
TAH-BIO-BIO26-L07-Q019,BIO26-PDF039-L07-S1-Q019,BIO26-L07,أحياء 1,الديدان والرخويات,39,39,38,1,19,BIO26-M08,BIO26-S08-01,,,NOT_STARTED,NOT_RUN,ONE_QUESTION_ONE_IMAGE_ONE_CODE; exclude number/year/stars/badge/next-question/header; preserve full biological figure/labels/arrows/table/options
TAH-BIO-BIO26-L07-Q020,BIO26-PDF039-L07-S1-Q020,BIO26-L07,أحياء 1,الديدان والرخويات,39,39,38,1,20,BIO26-M08,BIO26-S08-01,,,NOT_STARTED,NOT_RUN,ONE_QUESTION_ONE_IMAGE_ONE_CODE; exclude number/year/stars/badge/next-question/header; preserve full biological figure/labels/arrows/table/options
TAH-BIO-BIO26-L07-Q021,BIO26-PDF039-L07-S1-Q021,BIO26-L07,أحياء 1,الديدان والرخويات,39,39,38,1,21,BIO26-M08,BIO26-S08-01,,,NOT_STARTED,NOT_RUN,ONE_QUESTION_ONE_IMAGE_ONE_CODE; exclude number/year/stars/badge/next-question/header; preserve full biological figure/labels/arrows/table/options
TAH-BIO-BIO26-L07-Q022,BIO26-PDF039-L07-S1-Q022,BIO26-L07,أحياء 1,الديدان والرخويات,39,39,38,1,22,BIO26-M08,BIO26-S08-01,,,NOT_STARTED,NOT_RUN,ONE_QUESTION_ONE_IMAGE_ONE_CODE; exclude number/year/stars/badge/next-question/header; preserve full biological figure/labels/arrows/table/options
TAH-BIO-BIO26-L07-Q023,BIO26-PDF039-L07-S1-Q023,BIO26-L07,أحياء 1,الديدان والرخويات,39,39,38,1,23,BIO26-M08,BIO26-S08-01,,,NOT_STARTED,NOT_RUN,ONE_QUESTION_ONE_IMAGE_ONE_CODE; exclude number/year/stars/badge/next-question/header; preserve full biological figure/labels/arrows/table/options
TAH-BIO-BIO26-L07-Q024,BIO26-PDF039-L07-S1-Q024,BIO26-L07,أحياء 1,الديدان والرخويات,39,39,38,1,24,BIO26-M08,BIO26-S08-01,,,NOT_STARTED,NOT_RUN,ONE_QUESTION_ONE_IMAGE_ONE_CODE; exclude number/year/stars/badge/next-question/header; preserve full biological figure/labels/arrows/table/options
TAH-BIO-BIO26-L07-Q025,BIO26-PDF039-L07-S1-Q025,BIO26-L07,أحياء 1,الديدان والرخويات,39,39,38,1,25,BIO26-M08,BIO26-S08-03,,,NOT_STARTED,NOT_RUN,ONE_QUESTION_ONE_IMAGE_ONE_CODE; exclude number/year/stars/badge/next-question/header; preserve full biological figure/labels/arrows/table/options
TAH-BIO-BIO26-L07-Q026,BIO26-PDF039-L07-S1-Q026,BIO26-L07,أحياء 1,الديدان والرخويات,39,39,38,1,26,BIO26-M08,BIO26-S08-03,,,NOT_STARTED,NOT_RUN,ONE_QUESTION_ONE_IMAGE_ONE_CODE; exclude number/year/stars/badge/next-question/header; preserve full biological figure/labels/arrows/table/options
TAH-BIO-BIO26-L07-Q027,BIO26-PDF039-L07-S1-Q027,BIO26-L07,أحياء 1,الديدان والرخويات,39,39,38,1,27,BIO26-M08,BIO26-S08-03,,,NOT_STARTED,NOT_RUN,ONE_QUESTION_ONE_IMAGE_ONE_CODE; exclude number/year/stars/badge/next-question/header; preserve full biological figure/labels/arrows/table/options
TAH-BIO-BIO26-L07-Q028,BIO26-PDF039-L07-S1-Q028,BIO26-L07,أحياء 1,الديدان والرخويات,39,39,38,1,28,BIO26-M08,BIO26-S08-03,,,NOT_STARTED,NOT_RUN,ONE_QUESTION_ONE_IMAGE_ONE_CODE; exclude number/year/stars/badge/next-question/header; preserve full biological figure/labels/arrows/table/options
TAH-BIO-BIO26-L07-Q029,BIO26-PDF039-L07-S1-Q029,BIO26-L07,أحياء 1,الديدان والرخويات,39,39,38,1,29,BIO26-M08,BIO26-S08-03,,,NOT_STARTED,NOT_RUN,ONE_QUESTION_ONE_IMAGE_ONE_CODE; exclude number/year/stars/badge/next-question/header; preserve full biological figure/labels/arrows/table/options
TAH-BIO-BIO26-L07-Q030,BIO26-PDF039-L07-S1-Q030,BIO26-L07,أحياء 1,الديدان والرخويات,39,39,38,1,30,BIO26-M08,BIO26-S08-03,,,NOT_STARTED,NOT_RUN,ONE_QUESTION_ONE_IMAGE_ONE_CODE; exclude number/year/stars/badge/next-question/header; preserve full biological figure/labels/arrows/table/options
TAH-BIO-BIO26-L07-Q031,BIO26-PDF039-L07-S1-Q031,BIO26-L07,أحياء 1,الديدان والرخويات,39,39,38,1,31,BIO26-M08,BIO26-S08-03,,,NOT_STARTED,NOT_RUN,ONE_QUESTION_ONE_IMAGE_ONE_CODE; exclude number/year/stars/badge/next-question/header; preserve full biological figure/labels/arrows/table/options
TAH-BIO-BIO26-L07-Q032,BIO26-PDF040-L07-S1-Q032,BIO26-L07,أحياء 1,الديدان والرخويات,40,40,39,1,32,BIO26-M08,BIO26-S08-02,,,NOT_STARTED,NOT_RUN,ONE_QUESTION_ONE_IMAGE_ONE_CODE; exclude number/year/stars/badge/next-question/header; preserve full biological figure/labels/arrows/table/options
TAH-BIO-BIO26-L07-Q033,BIO26-PDF040-L07-S1-Q033,BIO26-L07,أحياء 1,الديدان والرخويات,40,40,39,1,33,BIO26-M08,BIO26-S08-02,,,NOT_STARTED,NOT_RUN,ONE_QUESTION_ONE_IMAGE_ONE_CODE; exclude number/year/stars/badge/next-question/header; preserve full biological figure/labels/arrows/table/options
TAH-BIO-BIO26-L07-Q034,BIO26-PDF040-L07-S1-Q034,BIO26-L07,أحياء 1,الديدان والرخويات,40,40,39,1,34,BIO26-M08,BIO26-S08-02,,,NOT_STARTED,NOT_RUN,ONE_QUESTION_ONE_IMAGE_ONE_CODE; exclude number/year/stars/badge/next-question/header; preserve full biological figure/labels/arrows/table/options
TAH-BIO-BIO26-L07-Q035,BIO26-PDF040-L07-S1-Q035,BIO26-L07,أحياء 1,الديدان والرخويات,40,40,39,1,35,BIO26-M08,BIO26-S08-02,,,NOT_STARTED,NOT_RUN,ONE_QUESTION_ONE_IMAGE_ONE_CODE; exclude number/year/stars/badge/next-question/header; preserve full biological figure/labels/arrows/table/options
TAH-BIO-BIO26-L07-Q036,BIO26-PDF040-L07-S1-Q036,BIO26-L07,أحياء 1,الديدان والرخويات,40,40,39,1,36,BIO26-M08,BIO26-S08-02,,,NOT_STARTED,NOT_RUN,ONE_QUESTION_ONE_IMAGE_ONE_CODE; exclude number/year/stars/badge/next-question/header; preserve full biological figure/labels/arrows/table/options
TAH-BIO-BIO26-L07-Q037,BIO26-PDF040-L07-S1-Q037,BIO26-L07,أحياء 1,الديدان والرخويات,40,40,39,1,37,BIO26-M08,BIO26-S08-02,,,NOT_STARTED,NOT_RUN,ONE_QUESTION_ONE_IMAGE_ONE_CODE; exclude number/year/stars/badge/next-question/header; preserve full biological figure/labels/arrows/table/options
TAH-BIO-BIO26-L07-Q038,BIO26-PDF040-L07-S1-Q038,BIO26-L07,أحياء 1,الديدان والرخويات,40,40,39,1,38,BIO26-M08,BIO26-S08-02,,,NOT_STARTED,NOT_RUN,ONE_QUESTION_ONE_IMAGE_ONE_CODE; exclude number/year/stars/badge/next-question/header; preserve full biological figure/labels/arrows/table/options
TAH-BIO-BIO26-L07-Q039,BIO26-PDF040-L07-S1-Q039,BIO26-L07,أحياء 1,الديدان والرخويات,40,40,39,1,39,BIO26-M08,BIO26-S08-02,,,NOT_STARTED,NOT_RUN,ONE_QUESTION_ONE_IMAGE_ONE_CODE; exclude number/year/stars/badge/next-question/header; preserve full biological figure/labels/arrows/table/options
TAH-BIO-BIO26-L07-Q040,BIO26-PDF040-L07-S1-Q040,BIO26-L07,أحياء 1,الديدان والرخويات,40,40,39,1,40,BIO26-M08,BIO26-S08-02,,,NOT_STARTED,NOT_RUN,ONE_QUESTION_ONE_IMAGE_ONE_CODE; exclude number/year/stars/badge/next-question/header; preserve full biological figure/labels/arrows/table/options
TAH-BIO-BIO26-L07-Q041,BIO26-PDF041-L07-S2-Q041,BIO26-L07,أحياء 1,الديدان والرخويات,41,41,40,2,41,BIO26-M08,BIO26-S08-02,,,NOT_STARTED,NOT_RUN,ONE_QUESTION_ONE_IMAGE_ONE_CODE; exclude number/year/stars/badge/next-question/header; preserve full biological figure/labels/arrows/table/options
TAH-BIO-BIO26-L07-Q042,BIO26-PDF041-L07-S2-Q042,BIO26-L07,أحياء 1,الديدان والرخويات,41,41,40,2,42,BIO26-M08,BIO26-S08-02,,,NOT_STARTED,NOT_RUN,ONE_QUESTION_ONE_IMAGE_ONE_CODE; exclude number/year/stars/badge/next-question/header; preserve full biological figure/labels/arrows/table/options
TAH-BIO-BIO26-L07-Q043,BIO26-PDF041-L07-S2-Q043,BIO26-L07,أحياء 1,الديدان والرخويات,41,41,40,2,43,BIO26-M08,BIO26-S08-02,,,NOT_STARTED,NOT_RUN,ONE_QUESTION_ONE_IMAGE_ONE_CODE; exclude number/year/stars/badge/next-question/header; preserve full biological figure/labels/arrows/table/options
TAH-BIO-BIO26-L07-Q044,BIO26-PDF041-L07-S2-Q044,BIO26-L07,أحياء 1,الديدان والرخويات,41,41,40,2,44,BIO26-M08,BIO26-S08-02,,,NOT_STARTED,NOT_RUN,ONE_QUESTION_ONE_IMAGE_ONE_CODE; exclude number/year/stars/badge/next-question/header; preserve full biological figure/labels/arrows/table/options
TAH-BIO-BIO26-L07-Q045,BIO26-PDF041-L07-S2-Q045,BIO26-L07,أحياء 1,الديدان والرخويات,41,41,40,2,45,BIO26-M08,BIO26-S08-02,,,NOT_STARTED,NOT_RUN,ONE_QUESTION_ONE_IMAGE_ONE_CODE; exclude number/year/stars/badge/next-question/header; preserve full biological figure/labels/arrows/table/options
TAH-BIO-BIO26-L07-Q046,BIO26-PDF041-L07-S2-Q046,BIO26-L07,أحياء 1,الديدان والرخويات,41,41,40,2,46,BIO26-M08,BIO26-S08-02,,,NOT_STARTED,NOT_RUN,ONE_QUESTION_ONE_IMAGE_ONE_CODE; exclude number/year/stars/badge/next-question/header; preserve full biological figure/labels/arrows/table/options
TAH-BIO-BIO26-L07-Q047,BIO26-PDF041-L07-S2-Q047,BIO26-L07,أحياء 1,الديدان والرخويات,41,41,40,2,47,BIO26-M08,BIO26-S08-02,,,NOT_STARTED,NOT_RUN,ONE_QUESTION_ONE_IMAGE_ONE_CODE; exclude number/year/stars/badge/next-question/header; preserve full biological figure/labels/arrows/table/options
TAH-BIO-BIO26-L07-Q048,BIO26-PDF041-L07-S2-Q048,BIO26-L07,أحياء 1,الديدان والرخويات,41,41,40,2,48,BIO26-M08,BIO26-S08-02,,,NOT_STARTED,NOT_RUN,ONE_QUESTION_ONE_IMAGE_ONE_CODE; exclude number/year/stars/badge/next-question/header; preserve full biological figure/labels/arrows/table/options
TAH-BIO-BIO26-L07-Q049,BIO26-PDF041-L07-S2-Q049,BIO26-L07,أحياء 1,الديدان والرخويات,41,41,40,2,49,BIO26-M08,BIO26-S08-02,,,NOT_STARTED,NOT_RUN,ONE_QUESTION_ONE_IMAGE_ONE_CODE; exclude number/year/stars/badge/next-question/header; preserve full biological figure/labels/arrows/table/options
TAH-BIO-BIO26-L07-Q050,BIO26-PDF041-L07-S2-Q050,BIO26-L07,أحياء 1,الديدان والرخويات,41,41,40,2,50,BIO26-M08,BIO26-S08-02,,,NOT_STARTED,NOT_RUN,ONE_QUESTION_ONE_IMAGE_ONE_CODE; exclude number/year/stars/badge/next-question/header; preserve full biological figure/labels/arrows/table/options
TAH-BIO-BIO26-L07-Q051,BIO26-PDF041-L07-S2-Q051,BIO26-L07,أحياء 1,الديدان والرخويات,41,41,40,2,51,BIO26-M08,BIO26-S08-02,,,NOT_STARTED,NOT_RUN,ONE_QUESTION_ONE_IMAGE_ONE_CODE; exclude number/year/stars/badge/next-question/header; preserve full biological figure/labels/arrows/table/options
TAH-BIO-BIO26-L07-Q052,BIO26-PDF041-L07-S2-Q052,BIO26-L07,أحياء 1,الديدان والرخويات,41,41,40,2,52,BIO26-M08,BIO26-S08-02,,,NOT_STARTED,NOT_RUN,ONE_QUESTION_ONE_IMAGE_ONE_CODE; exclude number/year/stars/badge/next-question/header; preserve full biological figure/labels/arrows/table/options
TAH-BIO-BIO26-L07-Q053,BIO26-PDF041-L07-S2-Q053,BIO26-L07,أحياء 1,الديدان والرخويات,41,41,40,2,53,BIO26-M08,BIO26-S08-02,,,NOT_STARTED,NOT_RUN,ONE_QUESTION_ONE_IMAGE_ONE_CODE; exclude number/year/stars/badge/next-question/header; preserve full biological figure/labels/arrows/table/options
TAH-BIO-BIO26-L07-Q054,BIO26-PDF041-L07-S2-Q054,BIO26-L07,أحياء 1,الديدان والرخويات,41,41,40,2,54,BIO26-M08,BIO26-S08-02,,,NOT_STARTED,NOT_RUN,ONE_QUESTION_ONE_IMAGE_ONE_CODE; exclude number/year/stars/badge/next-question/header; preserve full biological figure/labels/arrows/table/options
TAH-BIO-BIO26-L07-Q055,BIO26-PDF041-L07-S2-Q055,BIO26-L07,أحياء 1,الديدان والرخويات,41,41,40,2,55,BIO26-M08,BIO26-S08-02,,,NOT_STARTED,NOT_RUN,ONE_QUESTION_ONE_IMAGE_ONE_CODE; exclude number/year/stars/badge/next-question/header; preserve full biological figure/labels/arrows/table/options
TAH-BIO-BIO26-L07-Q056,BIO26-PDF041-L07-S2-Q056,BIO26-L07,أحياء 1,الديدان والرخويات,41,41,40,2,56,BIO26-M08,BIO26-S08-02,,,NOT_STARTED,NOT_RUN,ONE_QUESTION_ONE_IMAGE_ONE_CODE; exclude number/year/stars/badge/next-question/header; preserve full biological figure/labels/arrows/table/options
TAH-BIO-BIO26-L07-Q057,BIO26-PDF041-L07-S2-Q057,BIO26-L07,أحياء 1,الديدان والرخويات,41,41,40,2,57,BIO26-M08,BIO26-S08-02,,,NOT_STARTED,NOT_RUN,ONE_QUESTION_ONE_IMAGE_ONE_CODE; exclude number/year/stars/badge/next-question/header; preserve full biological figure/labels/arrows/table/options
TAH-BIO-BIO26-L07-Q058,BIO26-PDF041-L07-S2-Q058,BIO26-L07,أحياء 1,الديدان والرخويات,41,41,40,2,58,BIO26-M08,BIO26-S08-02,,,NOT_STARTED,NOT_RUN,ONE_QUESTION_ONE_IMAGE_ONE_CODE; exclude number/year/stars/badge/next-question/header; preserve full biological figure/labels/arrows/table/options
TAH-BIO-BIO26-L07-Q059,BIO26-PDF042-L07-S2-Q059,BIO26-L07,أحياء 1,الديدان والرخويات,42,42,41,2,59,BIO26-M08,BIO26-S08-01,,,NOT_STARTED,NOT_RUN,ONE_QUESTION_ONE_IMAGE_ONE_CODE; exclude number/year/stars/badge/next-question/header; preserve full biological figure/labels/arrows/table/options
TAH-BIO-BIO26-L07-Q060,BIO26-PDF042-L07-S2-Q060,BIO26-L07,أحياء 1,الديدان والرخويات,42,42,41,2,60,BIO26-M08,BIO26-S08-01,,,NOT_STARTED,NOT_RUN,ONE_QUESTION_ONE_IMAGE_ONE_CODE; exclude number/year/stars/badge/next-question/header; preserve full biological figure/labels/arrows/table/options
TAH-BIO-BIO26-L07-Q061,BIO26-PDF042-L07-S2-Q061,BIO26-L07,أحياء 1,الديدان والرخويات,42,42,41,2,61,BIO26-M08,BIO26-S08-01,,,NOT_STARTED,NOT_RUN,ONE_QUESTION_ONE_IMAGE_ONE_CODE; exclude number/year/stars/badge/next-question/header; preserve full biological figure/labels/arrows/table/options
TAH-BIO-BIO26-L07-Q062,BIO26-PDF042-L07-S2-Q062,BIO26-L07,أحياء 1,الديدان والرخويات,42,42,41,2,62,BIO26-M08,BIO26-S08-01,,,NOT_STARTED,NOT_RUN,ONE_QUESTION_ONE_IMAGE_ONE_CODE; exclude number/year/stars/badge/next-question/header; preserve full biological figure/labels/arrows/table/options
TAH-BIO-BIO26-L07-Q063,BIO26-PDF042-L07-S2-Q063,BIO26-L07,أحياء 1,الديدان والرخويات,42,42,41,2,63,BIO26-M08,BIO26-S08-01,,,NOT_STARTED,NOT_RUN,ONE_QUESTION_ONE_IMAGE_ONE_CODE; exclude number/year/stars/badge/next-question/header; preserve full biological figure/labels/arrows/table/options
TAH-BIO-BIO26-L07-Q064,BIO26-PDF042-L07-S2-Q064,BIO26-L07,أحياء 1,الديدان والرخويات,42,42,41,2,64,BIO26-M08,BIO26-S08-01,,,NOT_STARTED,NOT_RUN,ONE_QUESTION_ONE_IMAGE_ONE_CODE; exclude number/year/stars/badge/next-question/header; preserve full biological figure/labels/arrows/table/options
TAH-BIO-BIO26-L07-Q065,BIO26-PDF042-L07-S2-Q065,BIO26-L07,أحياء 1,الديدان والرخويات,42,42,41,2,65,BIO26-M08,BIO26-S08-01,,,NOT_STARTED,NOT_RUN,ONE_QUESTION_ONE_IMAGE_ONE_CODE; exclude number/year/stars/badge/next-question/header; preserve full biological figure/labels/arrows/table/options
TAH-BIO-BIO26-L07-Q066,BIO26-PDF042-L07-S2-Q066,BIO26-L07,أحياء 1,الديدان والرخويات,42,42,41,2,66,BIO26-M08,BIO26-S08-01,,,NOT_STARTED,NOT_RUN,ONE_QUESTION_ONE_IMAGE_ONE_CODE; exclude number/year/stars/badge/next-question/header; preserve full biological figure/labels/arrows/table/options
TAH-BIO-BIO26-L07-Q067,BIO26-PDF042-L07-S2-Q067,BIO26-L07,أحياء 1,الديدان والرخويات,42,42,41,2,67,BIO26-M08,BIO26-S08-01,,,NOT_STARTED,NOT_RUN,ONE_QUESTION_ONE_IMAGE_ONE_CODE; exclude number/year/stars/badge/next-question/header; preserve full biological figure/labels/arrows/table/options
TAH-BIO-BIO26-L07-Q068,BIO26-PDF042-L07-S2-Q068,BIO26-L07,أحياء 1,الديدان والرخويات,42,42,41,2,68,BIO26-M08,BIO26-S08-03,,,NOT_STARTED,NOT_RUN,ONE_QUESTION_ONE_IMAGE_ONE_CODE; exclude number/year/stars/badge/next-question/header; preserve full biological figure/labels/arrows/table/options
TAH-BIO-BIO26-L07-Q069,BIO26-PDF042-L07-S2-Q069,BIO26-L07,أحياء 1,الديدان والرخويات,42,42,41,2,69,BIO26-M08,BIO26-S08-03,,,NOT_STARTED,NOT_RUN,ONE_QUESTION_ONE_IMAGE_ONE_CODE; exclude number/year/stars/badge/next-question/header; preserve full biological figure/labels/arrows/table/options
TAH-BIO-BIO26-L07-Q070,BIO26-PDF042-L07-S2-Q070,BIO26-L07,أحياء 1,الديدان والرخويات,42,42,41,2,70,BIO26-M08,BIO26-S08-03,,,NOT_STARTED,NOT_RUN,ONE_QUESTION_ONE_IMAGE_ONE_CODE; exclude number/year/stars/badge/next-question/header; preserve full biological figure/labels/arrows/table/options
TAH-BIO-BIO26-L07-Q071,BIO26-PDF042-L07-S2-Q071,BIO26-L07,أحياء 1,الديدان والرخويات,42,42,41,2,71,BIO26-M08,BIO26-S08-03,,,NOT_STARTED,NOT_RUN,ONE_QUESTION_ONE_IMAGE_ONE_CODE; exclude number/year/stars/badge/next-question/header; preserve full biological figure/labels/arrows/table/options
TAH-BIO-BIO26-L07-Q072,BIO26-PDF042-L07-S2-Q072,BIO26-L07,أحياء 1,الديدان والرخويات,42,42,41,2,72,BIO26-M08,BIO26-S08-03,,,NOT_STARTED,NOT_RUN,ONE_QUESTION_ONE_IMAGE_ONE_CODE; exclude number/year/stars/badge/next-question/header; preserve full biological figure/labels/arrows/table/options
TAH-BIO-BIO26-L07-Q073,BIO26-PDF042-L07-S2-Q073,BIO26-L07,أحياء 1,الديدان والرخويات,42,42,41,2,73,BIO26-M08,BIO26-S08-03,,,NOT_STARTED,NOT_RUN,ONE_QUESTION_ONE_IMAGE_ONE_CODE; exclude number/year/stars/badge/next-question/header; preserve full biological figure/labels/arrows/table/options
TAH-BIO-BIO26-L07-Q074,BIO26-PDF042-L07-S2-Q074,BIO26-L07,أحياء 1,الديدان والرخويات,42,42,41,2,74,BIO26-M08,BIO26-S08-03,,,NOT_STARTED,NOT_RUN,ONE_QUESTION_ONE_IMAGE_ONE_CODE; exclude number/year/stars/badge/next-question/header; preserve full biological figure/labels/arrows/table/options
TAH-BIO-BIO26-L07-Q075,BIO26-PDF042-L07-S2-Q075,BIO26-L07,أحياء 1,الديدان والرخويات,42,42,41,2,75,BIO26-M08,BIO26-S08-03,,,NOT_STARTED,NOT_RUN,ONE_QUESTION_ONE_IMAGE_ONE_CODE; exclude number/year/stars/badge/next-question/header; preserve full biological figure/labels/arrows/table/options
TAH-BIO-BIO26-L07-Q076,BIO26-PDF042-L07-S2-Q076,BIO26-L07,أحياء 1,الديدان والرخويات,42,42,41,2,76,BIO26-M08,BIO26-S08-03,,,NOT_STARTED,NOT_RUN,ONE_QUESTION_ONE_IMAGE_ONE_CODE; exclude number/year/stars/badge/next-question/header; preserve full biological figure/labels/arrows/table/options
TAH-BIO-BIO26-L07-Q077,BIO26-PDF043-L07-S2-Q077,BIO26-L07,أحياء 1,الديدان والرخويات,43,43,42,2,77,BIO26-M08,BIO26-S08-02,,,NOT_STARTED,NOT_RUN,ONE_QUESTION_ONE_IMAGE_ONE_CODE; exclude number/year/stars/badge/next-question/header; preserve full biological figure/labels/arrows/table/options
TAH-BIO-BIO26-L07-Q078,BIO26-PDF043-L07-S2-Q078,BIO26-L07,أحياء 1,الديدان والرخويات,43,43,42,2,78,BIO26-M08,BIO26-S08-02,,,NOT_STARTED,NOT_RUN,ONE_QUESTION_ONE_IMAGE_ONE_CODE; exclude number/year/stars/badge/next-question/header; preserve full biological figure/labels/arrows/table/options
TAH-BIO-BIO26-L07-Q079,BIO26-PDF043-L07-S2-Q079,BIO26-L07,أحياء 1,الديدان والرخويات,43,43,42,2,79,BIO26-M08,BIO26-S08-02,,,NOT_STARTED,NOT_RUN,ONE_QUESTION_ONE_IMAGE_ONE_CODE; exclude number/year/stars/badge/next-question/header; preserve full biological figure/labels/arrows/table/options
TAH-BIO-BIO26-L07-Q080,BIO26-PDF043-L07-S2-Q080,BIO26-L07,أحياء 1,الديدان والرخويات,43,43,42,2,80,BIO26-M08,BIO26-S08-02,,,NOT_STARTED,NOT_RUN,ONE_QUESTION_ONE_IMAGE_ONE_CODE; exclude number/year/stars/badge/next-question/header; preserve full biological figure/labels/arrows/table/options
TAH-BIO-BIO26-L07-Q081,BIO26-PDF043-L07-S2-Q081,BIO26-L07,أحياء 1,الديدان والرخويات,43,43,42,2,81,BIO26-M08,BIO26-S08-02,,,NOT_STARTED,NOT_RUN,ONE_QUESTION_ONE_IMAGE_ONE_CODE; exclude number/year/stars/badge/next-question/header; preserve full biological figure/labels/arrows/table/options
TAH-BIO-BIO26-L07-Q082,BIO26-PDF043-L07-S2-Q082,BIO26-L07,أحياء 1,الديدان والرخويات,43,43,42,2,82,BIO26-M08,BIO26-S08-02,,,NOT_STARTED,NOT_RUN,ONE_QUESTION_ONE_IMAGE_ONE_CODE; exclude number/year/stars/badge/next-question/header; preserve full biological figure/labels/arrows/table/options
TAH-BIO-BIO26-L07-Q083,BIO26-PDF043-L07-S2-Q083,BIO26-L07,أحياء 1,الديدان والرخويات,43,43,42,2,83,BIO26-M08,BIO26-S08-02,,,NOT_STARTED,NOT_RUN,ONE_QUESTION_ONE_IMAGE_ONE_CODE; exclude number/year/stars/badge/next-question/header; preserve full biological figure/labels/arrows/table/options
TAH-BIO-BIO26-L07-Q084,BIO26-PDF043-L07-S2-Q084,BIO26-L07,أحياء 1,الديدان والرخويات,43,43,42,2,84,BIO26-M08,BIO26-S08-03,,,NOT_STARTED,NOT_RUN,ONE_QUESTION_ONE_IMAGE_ONE_CODE; exclude number/year/stars/badge/next-question/header; preserve full biological figure/labels/arrows/table/options
TAH-BIO-BIO26-L07-Q085,BIO26-PDF043-L07-S2-Q085,BIO26-L07,أحياء 1,الديدان والرخويات,43,43,42,2,85,BIO26-M08,BIO26-S08-03,,,NOT_STARTED,NOT_RUN,ONE_QUESTION_ONE_IMAGE_ONE_CODE; exclude number/year/stars/badge/next-question/header; preserve full biological figure/labels/arrows/table/options
TAH-BIO-BIO26-L07-Q086,BIO26-PDF043-L07-S2-Q086,BIO26-L07,أحياء 1,الديدان والرخويات,43,43,42,2,86,BIO26-M08,BIO26-S08-03,,,NOT_STARTED,NOT_RUN,ONE_QUESTION_ONE_IMAGE_ONE_CODE; exclude number/year/stars/badge/next-question/header; preserve full biological figure/labels/arrows/table/options
TAH-BIO-BIO26-L07-Q087,BIO26-PDF043-L07-S2-Q087,BIO26-L07,أحياء 1,الديدان والرخويات,43,43,42,2,87,BIO26-M08,BIO26-S08-03,,,NOT_STARTED,NOT_RUN,ONE_QUESTION_ONE_IMAGE_ONE_CODE; exclude number/year/stars/badge/next-question/header; preserve full biological figure/labels/arrows/table/options
TAH-BIO-BIO26-L07-Q088,BIO26-PDF043-L07-S2-Q088,BIO26-L07,أحياء 1,الديدان والرخويات,43,43,42,2,88,BIO26-M08,BIO26-S08-03,,,NOT_STARTED,NOT_RUN,ONE_QUESTION_ONE_IMAGE_ONE_CODE; exclude number/year/stars/badge/next-question/header; preserve full biological figure/labels/arrows/table/options
TAH-BIO-BIO26-L07-Q089,BIO26-PDF043-L07-S2-Q089,BIO26-L07,أحياء 1,الديدان والرخويات,43,43,42,2,89,BIO26-M08,BIO26-S08-03,,,NOT_STARTED,NOT_RUN,ONE_QUESTION_ONE_IMAGE_ONE_CODE; exclude number/year/stars/badge/next-question/header; preserve full biological figure/labels/arrows/table/options
TAH-BIO-BIO26-L07-Q090,BIO26-PDF043-L07-S2-Q090,BIO26-L07,أحياء 1,الديدان والرخويات,43,43,42,2,90,BIO26-M08,BIO26-S08-03,,,NOT_STARTED,NOT_RUN,ONE_QUESTION_ONE_IMAGE_ONE_CODE; exclude number/year/stars/badge/next-question/header; preserve full biological figure/labels/arrows/table/options
TAH-BIO-BIO26-L08-Q001,BIO26-PDF044-L08-S1-Q001,BIO26-L08,أحياء 1,المفصليات,44,44,43,1,1,BIO26-M09,BIO26-S09-01,,,NOT_STARTED,NOT_RUN,ONE_QUESTION_ONE_IMAGE_ONE_CODE; exclude number/year/stars/badge/next-question/header; preserve full biological figure/labels/arrows/table/options
TAH-BIO-BIO26-L08-Q002,BIO26-PDF044-L08-S1-Q002,BIO26-L08,أحياء 1,المفصليات,44,44,43,1,2,BIO26-M09,BIO26-S09-01,,,NOT_STARTED,NOT_RUN,ONE_QUESTION_ONE_IMAGE_ONE_CODE; exclude number/year/stars/badge/next-question/header; preserve full biological figure/labels/arrows/table/options
TAH-BIO-BIO26-L08-Q003,BIO26-PDF044-L08-S1-Q003,BIO26-L08,أحياء 1,المفصليات,44,44,43,1,3,BIO26-M09,BIO26-S09-01,,,NOT_STARTED,NOT_RUN,ONE_QUESTION_ONE_IMAGE_ONE_CODE; exclude number/year/stars/badge/next-question/header; preserve full biological figure/labels/arrows/table/options
TAH-BIO-BIO26-L08-Q004,BIO26-PDF044-L08-S1-Q004,BIO26-L08,أحياء 1,المفصليات,44,44,43,1,4,BIO26-M09,BIO26-S09-01,,,NOT_STARTED,NOT_RUN,ONE_QUESTION_ONE_IMAGE_ONE_CODE; exclude number/year/stars/badge/next-question/header; preserve full biological figure/labels/arrows/table/options
TAH-BIO-BIO26-L08-Q005,BIO26-PDF044-L08-S1-Q005,BIO26-L08,أحياء 1,المفصليات,44,44,43,1,5,BIO26-M09,BIO26-S09-01,,,NOT_STARTED,NOT_RUN,ONE_QUESTION_ONE_IMAGE_ONE_CODE; exclude number/year/stars/badge/next-question/header; preserve full biological figure/labels/arrows/table/options
TAH-BIO-BIO26-L08-Q006,BIO26-PDF044-L08-S1-Q006,BIO26-L08,أحياء 1,المفصليات,44,44,43,1,6,BIO26-M09,BIO26-S09-01,,,NOT_STARTED,NOT_RUN,ONE_QUESTION_ONE_IMAGE_ONE_CODE; exclude number/year/stars/badge/next-question/header; preserve full biological figure/labels/arrows/table/options
TAH-BIO-BIO26-L08-Q007,BIO26-PDF044-L08-S1-Q007,BIO26-L08,أحياء 1,المفصليات,44,44,43,1,7,BIO26-M09,BIO26-S09-01,,,NOT_STARTED,NOT_RUN,ONE_QUESTION_ONE_IMAGE_ONE_CODE; exclude number/year/stars/badge/next-question/header; preserve full biological figure/labels/arrows/table/options
TAH-BIO-BIO26-L08-Q008,BIO26-PDF044-L08-S1-Q008,BIO26-L08,أحياء 1,المفصليات,44,44,43,1,8,BIO26-M09,BIO26-S09-01,,,NOT_STARTED,NOT_RUN,ONE_QUESTION_ONE_IMAGE_ONE_CODE; exclude number/year/stars/badge/next-question/header; preserve full biological figure/labels/arrows/table/options
TAH-BIO-BIO26-L08-Q009,BIO26-PDF044-L08-S1-Q009,BIO26-L08,أحياء 1,المفصليات,44,44,43,1,9,BIO26-M09,BIO26-S09-01,,,NOT_STARTED,NOT_RUN,ONE_QUESTION_ONE_IMAGE_ONE_CODE; exclude number/year/stars/badge/next-question/header; preserve full biological figure/labels/arrows/table/options
TAH-BIO-BIO26-L08-Q010,BIO26-PDF044-L08-S1-Q010,BIO26-L08,أحياء 1,المفصليات,44,44,43,1,10,BIO26-M09,BIO26-S09-01,,,NOT_STARTED,NOT_RUN,ONE_QUESTION_ONE_IMAGE_ONE_CODE; exclude number/year/stars/badge/next-question/header; preserve full biological figure/labels/arrows/table/options
TAH-BIO-BIO26-L08-Q011,BIO26-PDF044-L08-S1-Q011,BIO26-L08,أحياء 1,المفصليات,44,44,43,1,11,BIO26-M09,BIO26-S09-01,,,NOT_STARTED,NOT_RUN,ONE_QUESTION_ONE_IMAGE_ONE_CODE; exclude number/year/stars/badge/next-question/header; preserve full biological figure/labels/arrows/table/options
TAH-BIO-BIO26-L08-Q012,BIO26-PDF044-L08-S1-Q012,BIO26-L08,أحياء 1,المفصليات,44,44,43,1,12,BIO26-M09,BIO26-S09-01,,,NOT_STARTED,NOT_RUN,ONE_QUESTION_ONE_IMAGE_ONE_CODE; exclude number/year/stars/badge/next-question/header; preserve full biological figure/labels/arrows/table/options
TAH-BIO-BIO26-L08-Q013,BIO26-PDF044-L08-S1-Q013,BIO26-L08,أحياء 1,المفصليات,44,44,43,1,13,BIO26-M09,BIO26-S09-01,,,NOT_STARTED,NOT_RUN,ONE_QUESTION_ONE_IMAGE_ONE_CODE; exclude number/year/stars/badge/next-question/header; preserve full biological figure/labels/arrows/table/options
TAH-BIO-BIO26-L08-Q014,BIO26-PDF044-L08-S1-Q014,BIO26-L08,أحياء 1,المفصليات,44,44,43,1,14,BIO26-M09,BIO26-S09-01,,,NOT_STARTED,NOT_RUN,ONE_QUESTION_ONE_IMAGE_ONE_CODE; exclude number/year/stars/badge/next-question/header; preserve full biological figure/labels/arrows/table/options
TAH-BIO-BIO26-L08-Q015,BIO26-PDF044-L08-S1-Q015,BIO26-L08,أحياء 1,المفصليات,44,44,43,1,15,BIO26-M09,BIO26-S09-01,,,NOT_STARTED,NOT_RUN,ONE_QUESTION_ONE_IMAGE_ONE_CODE; exclude number/year/stars/badge/next-question/header; preserve full biological figure/labels/arrows/table/options
TAH-BIO-BIO26-L08-Q016,BIO26-PDF044-L08-S1-Q016,BIO26-L08,أحياء 1,المفصليات,44,44,43,1,16,BIO26-M09,BIO26-S09-01,,,NOT_STARTED,NOT_RUN,ONE_QUESTION_ONE_IMAGE_ONE_CODE; exclude number/year/stars/badge/next-question/header; preserve full biological figure/labels/arrows/table/options
TAH-BIO-BIO26-L08-Q017,BIO26-PDF044-L08-S1-Q017,BIO26-L08,أحياء 1,المفصليات,44,44,43,1,17,BIO26-M09,BIO26-S09-01,,,NOT_STARTED,NOT_RUN,ONE_QUESTION_ONE_IMAGE_ONE_CODE; exclude number/year/stars/badge/next-question/header; preserve full biological figure/labels/arrows/table/options
TAH-BIO-BIO26-L08-Q018,BIO26-PDF045-L08-S1-Q018,BIO26-L08,أحياء 1,المفصليات,45,45,44,1,18,BIO26-M09,BIO26-S09-01,,,NOT_STARTED,NOT_RUN,ONE_QUESTION_ONE_IMAGE_ONE_CODE; exclude number/year/stars/badge/next-question/header; preserve full biological figure/labels/arrows/table/options
TAH-BIO-BIO26-L08-Q019,BIO26-PDF045-L08-S1-Q019,BIO26-L08,أحياء 1,المفصليات,45,45,44,1,19,BIO26-M09,BIO26-S09-01,,,NOT_STARTED,NOT_RUN,ONE_QUESTION_ONE_IMAGE_ONE_CODE; exclude number/year/stars/badge/next-question/header; preserve full biological figure/labels/arrows/table/options
TAH-BIO-BIO26-L08-Q020,BIO26-PDF045-L08-S1-Q020,BIO26-L08,أحياء 1,المفصليات,45,45,44,1,20,BIO26-M09,BIO26-S09-01,,,NOT_STARTED,NOT_RUN,ONE_QUESTION_ONE_IMAGE_ONE_CODE; exclude number/year/stars/badge/next-question/header; preserve full biological figure/labels/arrows/table/options
TAH-BIO-BIO26-L08-Q021,BIO26-PDF045-L08-S1-Q021,BIO26-L08,أحياء 1,المفصليات,45,45,44,1,21,BIO26-M09,BIO26-S09-01,,,NOT_STARTED,NOT_RUN,ONE_QUESTION_ONE_IMAGE_ONE_CODE; exclude number/year/stars/badge/next-question/header; preserve full biological figure/labels/arrows/table/options
TAH-BIO-BIO26-L08-Q022,BIO26-PDF045-L08-S1-Q022,BIO26-L08,أحياء 1,المفصليات,45,45,44,1,22,BIO26-M09,BIO26-S09-01,,,NOT_STARTED,NOT_RUN,ONE_QUESTION_ONE_IMAGE_ONE_CODE; exclude number/year/stars/badge/next-question/header; preserve full biological figure/labels/arrows/table/options
TAH-BIO-BIO26-L08-Q023,BIO26-PDF045-L08-S1-Q023,BIO26-L08,أحياء 1,المفصليات,45,45,44,1,23,BIO26-M09,BIO26-S09-01,,,NOT_STARTED,NOT_RUN,ONE_QUESTION_ONE_IMAGE_ONE_CODE; exclude number/year/stars/badge/next-question/header; preserve full biological figure/labels/arrows/table/options
TAH-BIO-BIO26-L08-Q024,BIO26-PDF045-L08-S1-Q024,BIO26-L08,أحياء 1,المفصليات,45,45,44,1,24,BIO26-M09,BIO26-S09-01,,,NOT_STARTED,NOT_RUN,ONE_QUESTION_ONE_IMAGE_ONE_CODE; exclude number/year/stars/badge/next-question/header; preserve full biological figure/labels/arrows/table/options
TAH-BIO-BIO26-L08-Q025,BIO26-PDF045-L08-S1-Q025,BIO26-L08,أحياء 1,المفصليات,45,45,44,1,25,BIO26-M09,BIO26-S09-01,,,NOT_STARTED,NOT_RUN,ONE_QUESTION_ONE_IMAGE_ONE_CODE; exclude number/year/stars/badge/next-question/header; preserve full biological figure/labels/arrows/table/options
TAH-BIO-BIO26-L08-Q026,BIO26-PDF045-L08-S1-Q026,BIO26-L08,أحياء 1,المفصليات,45,45,44,1,26,BIO26-M09,BIO26-S09-01,,,NOT_STARTED,NOT_RUN,ONE_QUESTION_ONE_IMAGE_ONE_CODE; exclude number/year/stars/badge/next-question/header; preserve full biological figure/labels/arrows/table/options
TAH-BIO-BIO26-L08-Q027,BIO26-PDF045-L08-S1-Q027,BIO26-L08,أحياء 1,المفصليات,45,45,44,1,27,BIO26-M09,BIO26-S09-01,,,NOT_STARTED,NOT_RUN,ONE_QUESTION_ONE_IMAGE_ONE_CODE; exclude number/year/stars/badge/next-question/header; preserve full biological figure/labels/arrows/table/options
TAH-BIO-BIO26-L08-Q028,BIO26-PDF045-L08-S1-Q028,BIO26-L08,أحياء 1,المفصليات,45,45,44,1,28,BIO26-M09,BIO26-S09-01,,,NOT_STARTED,NOT_RUN,ONE_QUESTION_ONE_IMAGE_ONE_CODE; exclude number/year/stars/badge/next-question/header; preserve full biological figure/labels/arrows/table/options
TAH-BIO-BIO26-L08-Q029,BIO26-PDF045-L08-S1-Q029,BIO26-L08,أحياء 1,المفصليات,45,45,44,1,29,BIO26-M09,BIO26-S09-01,,,NOT_STARTED,NOT_RUN,ONE_QUESTION_ONE_IMAGE_ONE_CODE; exclude number/year/stars/badge/next-question/header; preserve full biological figure/labels/arrows/table/options
TAH-BIO-BIO26-L08-Q030,BIO26-PDF046-L08-S1-Q030,BIO26-L08,أحياء 1,المفصليات,46,46,45,1,30,BIO26-M09,BIO26-S09-01,,,NOT_STARTED,NOT_RUN,ONE_QUESTION_ONE_IMAGE_ONE_CODE; exclude number/year/stars/badge/next-question/header; preserve full biological figure/labels/arrows/table/options
TAH-BIO-BIO26-L08-Q031,BIO26-PDF046-L08-S1-Q031,BIO26-L08,أحياء 1,المفصليات,46,46,45,1,31,BIO26-M09,BIO26-S09-01,,,NOT_STARTED,NOT_RUN,ONE_QUESTION_ONE_IMAGE_ONE_CODE; exclude number/year/stars/badge/next-question/header; preserve full biological figure/labels/arrows/table/options
TAH-BIO-BIO26-L08-Q032,BIO26-PDF046-L08-S1-Q032,BIO26-L08,أحياء 1,المفصليات,46,46,45,1,32,BIO26-M09,BIO26-S09-01,,,NOT_STARTED,NOT_RUN,ONE_QUESTION_ONE_IMAGE_ONE_CODE; exclude number/year/stars/badge/next-question/header; preserve full biological figure/labels/arrows/table/options
TAH-BIO-BIO26-L08-Q033,BIO26-PDF046-L08-S1-Q033,BIO26-L08,أحياء 1,المفصليات,46,46,45,1,33,BIO26-M09,BIO26-S09-01,,,NOT_STARTED,NOT_RUN,ONE_QUESTION_ONE_IMAGE_ONE_CODE; exclude number/year/stars/badge/next-question/header; preserve full biological figure/labels/arrows/table/options
TAH-BIO-BIO26-L08-Q034,BIO26-PDF046-L08-S1-Q034,BIO26-L08,أحياء 1,المفصليات,46,46,45,1,34,BIO26-M09,BIO26-S09-01,,,NOT_STARTED,NOT_RUN,ONE_QUESTION_ONE_IMAGE_ONE_CODE; exclude number/year/stars/badge/next-question/header; preserve full biological figure/labels/arrows/table/options
TAH-BIO-BIO26-L08-Q035,BIO26-PDF046-L08-S1-Q035,BIO26-L08,أحياء 1,المفصليات,46,46,45,1,35,BIO26-M09,BIO26-S09-01,,,NOT_STARTED,NOT_RUN,ONE_QUESTION_ONE_IMAGE_ONE_CODE; exclude number/year/stars/badge/next-question/header; preserve full biological figure/labels/arrows/table/options
TAH-BIO-BIO26-L08-Q036,BIO26-PDF046-L08-S1-Q036,BIO26-L08,أحياء 1,المفصليات,46,46,45,1,36,BIO26-M09,BIO26-S09-01,,,NOT_STARTED,NOT_RUN,ONE_QUESTION_ONE_IMAGE_ONE_CODE; exclude number/year/stars/badge/next-question/header; preserve full biological figure/labels/arrows/table/options
TAH-BIO-BIO26-L08-Q037,BIO26-PDF047-L08-S2-Q037,BIO26-L08,أحياء 1,المفصليات,47,47,46,2,37,BIO26-M09,BIO26-S09-01,,,NOT_STARTED,NOT_RUN,ONE_QUESTION_ONE_IMAGE_ONE_CODE; exclude number/year/stars/badge/next-question/header; preserve full biological figure/labels/arrows/table/options
TAH-BIO-BIO26-L08-Q038,BIO26-PDF047-L08-S2-Q038,BIO26-L08,أحياء 1,المفصليات,47,47,46,2,38,BIO26-M09,BIO26-S09-01,,,NOT_STARTED,NOT_RUN,ONE_QUESTION_ONE_IMAGE_ONE_CODE; exclude number/year/stars/badge/next-question/header; preserve full biological figure/labels/arrows/table/options
TAH-BIO-BIO26-L08-Q039,BIO26-PDF047-L08-S2-Q039,BIO26-L08,أحياء 1,المفصليات,47,47,46,2,39,BIO26-M09,BIO26-S09-01,,,NOT_STARTED,NOT_RUN,ONE_QUESTION_ONE_IMAGE_ONE_CODE; exclude number/year/stars/badge/next-question/header; preserve full biological figure/labels/arrows/table/options
TAH-BIO-BIO26-L08-Q040,BIO26-PDF047-L08-S2-Q040,BIO26-L08,أحياء 1,المفصليات,47,47,46,2,40,BIO26-M09,BIO26-S09-01,,,NOT_STARTED,NOT_RUN,ONE_QUESTION_ONE_IMAGE_ONE_CODE; exclude number/year/stars/badge/next-question/header; preserve full biological figure/labels/arrows/table/options
TAH-BIO-BIO26-L08-Q041,BIO26-PDF047-L08-S2-Q041,BIO26-L08,أحياء 1,المفصليات,47,47,46,2,41,BIO26-M09,BIO26-S09-01,,,NOT_STARTED,NOT_RUN,ONE_QUESTION_ONE_IMAGE_ONE_CODE; exclude number/year/stars/badge/next-question/header; preserve full biological figure/labels/arrows/table/options
TAH-BIO-BIO26-L08-Q042,BIO26-PDF047-L08-S2-Q042,BIO26-L08,أحياء 1,المفصليات,47,47,46,2,42,BIO26-M09,BIO26-S09-01,,,NOT_STARTED,NOT_RUN,ONE_QUESTION_ONE_IMAGE_ONE_CODE; exclude number/year/stars/badge/next-question/header; preserve full biological figure/labels/arrows/table/options
TAH-BIO-BIO26-L08-Q043,BIO26-PDF047-L08-S2-Q043,BIO26-L08,أحياء 1,المفصليات,47,47,46,2,43,BIO26-M09,BIO26-S09-01,,,NOT_STARTED,NOT_RUN,ONE_QUESTION_ONE_IMAGE_ONE_CODE; exclude number/year/stars/badge/next-question/header; preserve full biological figure/labels/arrows/table/options
TAH-BIO-BIO26-L08-Q044,BIO26-PDF047-L08-S2-Q044,BIO26-L08,أحياء 1,المفصليات,47,47,46,2,44,BIO26-M09,BIO26-S09-01,,,NOT_STARTED,NOT_RUN,ONE_QUESTION_ONE_IMAGE_ONE_CODE; exclude number/year/stars/badge/next-question/header; preserve full biological figure/labels/arrows/table/options
TAH-BIO-BIO26-L08-Q045,BIO26-PDF047-L08-S2-Q045,BIO26-L08,أحياء 1,المفصليات,47,47,46,2,45,BIO26-M09,BIO26-S09-01,,,NOT_STARTED,NOT_RUN,ONE_QUESTION_ONE_IMAGE_ONE_CODE; exclude number/year/stars/badge/next-question/header; preserve full biological figure/labels/arrows/table/options
TAH-BIO-BIO26-L08-Q046,BIO26-PDF047-L08-S2-Q046,BIO26-L08,أحياء 1,المفصليات,47,47,46,2,46,BIO26-M09,BIO26-S09-01,,,NOT_STARTED,NOT_RUN,ONE_QUESTION_ONE_IMAGE_ONE_CODE; exclude number/year/stars/badge/next-question/header; preserve full biological figure/labels/arrows/table/options
TAH-BIO-BIO26-L08-Q047,BIO26-PDF047-L08-S2-Q047,BIO26-L08,أحياء 1,المفصليات,47,47,46,2,47,BIO26-M09,BIO26-S09-01,,,NOT_STARTED,NOT_RUN,ONE_QUESTION_ONE_IMAGE_ONE_CODE; exclude number/year/stars/badge/next-question/header; preserve full biological figure/labels/arrows/table/options
TAH-BIO-BIO26-L08-Q048,BIO26-PDF047-L08-S2-Q048,BIO26-L08,أحياء 1,المفصليات,47,47,46,2,48,BIO26-M09,BIO26-S09-01,,,NOT_STARTED,NOT_RUN,ONE_QUESTION_ONE_IMAGE_ONE_CODE; exclude number/year/stars/badge/next-question/header; preserve full biological figure/labels/arrows/table/options
TAH-BIO-BIO26-L08-Q049,BIO26-PDF047-L08-S2-Q049,BIO26-L08,أحياء 1,المفصليات,47,47,46,2,49,BIO26-M09,BIO26-S09-01,,,NOT_STARTED,NOT_RUN,ONE_QUESTION_ONE_IMAGE_ONE_CODE; exclude number/year/stars/badge/next-question/header; preserve full biological figure/labels/arrows/table/options
TAH-BIO-BIO26-L08-Q050,BIO26-PDF047-L08-S2-Q050,BIO26-L08,أحياء 1,المفصليات,47,47,46,2,50,BIO26-M09,BIO26-S09-01,,,NOT_STARTED,NOT_RUN,ONE_QUESTION_ONE_IMAGE_ONE_CODE; exclude number/year/stars/badge/next-question/header; preserve full biological figure/labels/arrows/table/options
TAH-BIO-BIO26-L08-Q051,BIO26-PDF047-L08-S2-Q051,BIO26-L08,أحياء 1,المفصليات,47,47,46,2,51,BIO26-M09,BIO26-S09-01,,,NOT_STARTED,NOT_RUN,ONE_QUESTION_ONE_IMAGE_ONE_CODE; exclude number/year/stars/badge/next-question/header; preserve full biological figure/labels/arrows/table/options
TAH-BIO-BIO26-L08-Q052,BIO26-PDF047-L08-S2-Q052,BIO26-L08,أحياء 1,المفصليات,47,47,46,2,52,BIO26-M09,BIO26-S09-01,,,NOT_STARTED,NOT_RUN,ONE_QUESTION_ONE_IMAGE_ONE_CODE; exclude number/year/stars/badge/next-question/header; preserve full biological figure/labels/arrows/table/options
TAH-BIO-BIO26-L08-Q053,BIO26-PDF047-L08-S2-Q053,BIO26-L08,أحياء 1,المفصليات,47,47,46,2,53,BIO26-M09,BIO26-S09-01,,,NOT_STARTED,NOT_RUN,ONE_QUESTION_ONE_IMAGE_ONE_CODE; exclude number/year/stars/badge/next-question/header; preserve full biological figure/labels/arrows/table/options
TAH-BIO-BIO26-L08-Q054,BIO26-PDF047-L08-S2-Q054,BIO26-L08,أحياء 1,المفصليات,47,47,46,2,54,BIO26-M09,BIO26-S09-01,,,NOT_STARTED,NOT_RUN,ONE_QUESTION_ONE_IMAGE_ONE_CODE; exclude number/year/stars/badge/next-question/header; preserve full biological figure/labels/arrows/table/options
TAH-BIO-BIO26-L08-Q055,BIO26-PDF048-L08-S2-Q055,BIO26-L08,أحياء 1,المفصليات,48,48,47,2,55,BIO26-M09,BIO26-S09-01,,,NOT_STARTED,NOT_RUN,ONE_QUESTION_ONE_IMAGE_ONE_CODE; exclude number/year/stars/badge/next-question/header; preserve full biological figure/labels/arrows/table/options
TAH-BIO-BIO26-L08-Q056,BIO26-PDF048-L08-S2-Q056,BIO26-L08,أحياء 1,المفصليات,48,48,47,2,56,BIO26-M09,BIO26-S09-01,,,NOT_STARTED,NOT_RUN,ONE_QUESTION_ONE_IMAGE_ONE_CODE; exclude number/year/stars/badge/next-question/header; preserve full biological figure/labels/arrows/table/options
TAH-BIO-BIO26-L08-Q057,BIO26-PDF048-L08-S2-Q057,BIO26-L08,أحياء 1,المفصليات,48,48,47,2,57,BIO26-M09,BIO26-S09-01,,,NOT_STARTED,NOT_RUN,ONE_QUESTION_ONE_IMAGE_ONE_CODE; exclude number/year/stars/badge/next-question/header; preserve full biological figure/labels/arrows/table/options
TAH-BIO-BIO26-L08-Q058,BIO26-PDF048-L08-S2-Q058,BIO26-L08,أحياء 1,المفصليات,48,48,47,2,58,BIO26-M09,BIO26-S09-01,,,NOT_STARTED,NOT_RUN,ONE_QUESTION_ONE_IMAGE_ONE_CODE; exclude number/year/stars/badge/next-question/header; preserve full biological figure/labels/arrows/table/options
TAH-BIO-BIO26-L08-Q059,BIO26-PDF048-L08-S2-Q059,BIO26-L08,أحياء 1,المفصليات,48,48,47,2,59,BIO26-M09,BIO26-S09-01,,,NOT_STARTED,NOT_RUN,ONE_QUESTION_ONE_IMAGE_ONE_CODE; exclude number/year/stars/badge/next-question/header; preserve full biological figure/labels/arrows/table/options
TAH-BIO-BIO26-L08-Q060,BIO26-PDF048-L08-S2-Q060,BIO26-L08,أحياء 1,المفصليات,48,48,47,2,60,BIO26-M09,BIO26-S09-01,,,NOT_STARTED,NOT_RUN,ONE_QUESTION_ONE_IMAGE_ONE_CODE; exclude number/year/stars/badge/next-question/header; preserve full biological figure/labels/arrows/table/options
TAH-BIO-BIO26-L08-Q061,BIO26-PDF048-L08-S2-Q061,BIO26-L08,أحياء 1,المفصليات,48,48,47,2,61,BIO26-M09,BIO26-S09-01,,,NOT_STARTED,NOT_RUN,ONE_QUESTION_ONE_IMAGE_ONE_CODE; exclude number/year/stars/badge/next-question/header; preserve full biological figure/labels/arrows/table/options
TAH-BIO-BIO26-L08-Q062,BIO26-PDF048-L08-S2-Q062,BIO26-L08,أحياء 1,المفصليات,48,48,47,2,62,BIO26-M09,BIO26-S09-01,,,NOT_STARTED,NOT_RUN,ONE_QUESTION_ONE_IMAGE_ONE_CODE; exclude number/year/stars/badge/next-question/header; preserve full biological figure/labels/arrows/table/options
TAH-BIO-BIO26-L08-Q063,BIO26-PDF048-L08-S2-Q063,BIO26-L08,أحياء 1,المفصليات,48,48,47,2,63,BIO26-M09,BIO26-S09-01,,,NOT_STARTED,NOT_RUN,ONE_QUESTION_ONE_IMAGE_ONE_CODE; exclude number/year/stars/badge/next-question/header; preserve full biological figure/labels/arrows/table/options
TAH-BIO-BIO26-L08-Q064,BIO26-PDF048-L08-S2-Q064,BIO26-L08,أحياء 1,المفصليات,48,48,47,2,64,BIO26-M09,BIO26-S09-01,,,NOT_STARTED,NOT_RUN,ONE_QUESTION_ONE_IMAGE_ONE_CODE; exclude number/year/stars/badge/next-question/header; preserve full biological figure/labels/arrows/table/options
TAH-BIO-BIO26-L08-Q065,BIO26-PDF048-L08-S2-Q065,BIO26-L08,أحياء 1,المفصليات,48,48,47,2,65,BIO26-M09,BIO26-S09-01,,,NOT_STARTED,NOT_RUN,ONE_QUESTION_ONE_IMAGE_ONE_CODE; exclude number/year/stars/badge/next-question/header; preserve full biological figure/labels/arrows/table/options
TAH-BIO-BIO26-L08-Q066,BIO26-PDF048-L08-S2-Q066,BIO26-L08,أحياء 1,المفصليات,48,48,47,2,66,BIO26-M09,BIO26-S09-01,,,NOT_STARTED,NOT_RUN,ONE_QUESTION_ONE_IMAGE_ONE_CODE; exclude number/year/stars/badge/next-question/header; preserve full biological figure/labels/arrows/table/options
TAH-BIO-BIO26-L08-Q067,BIO26-PDF048-L08-S2-Q067,BIO26-L08,أحياء 1,المفصليات,48,48,47,2,67,BIO26-M09,BIO26-S09-01,,,NOT_STARTED,NOT_RUN,ONE_QUESTION_ONE_IMAGE_ONE_CODE; exclude number/year/stars/badge/next-question/header; preserve full biological figure/labels/arrows/table/options
TAH-BIO-BIO26-L08-Q068,BIO26-PDF048-L08-S2-Q068,BIO26-L08,أحياء 1,المفصليات,48,48,47,2,68,BIO26-M09,BIO26-S09-01,,,NOT_STARTED,NOT_RUN,ONE_QUESTION_ONE_IMAGE_ONE_CODE; exclude number/year/stars/badge/next-question/header; preserve full biological figure/labels/arrows/table/options
TAH-BIO-BIO26-L08-Q069,BIO26-PDF048-L08-S2-Q069,BIO26-L08,أحياء 1,المفصليات,48,48,47,2,69,BIO26-M09,BIO26-S09-02,,,NOT_STARTED,NOT_RUN,ONE_QUESTION_ONE_IMAGE_ONE_CODE; exclude number/year/stars/badge/next-question/header; preserve full biological figure/labels/arrows/table/options
TAH-BIO-BIO26-L08-Q070,BIO26-PDF048-L08-S2-Q070,BIO26-L08,أحياء 1,المفصليات,48,48,47,2,70,BIO26-M09,BIO26-S09-02,,,NOT_STARTED,NOT_RUN,ONE_QUESTION_ONE_IMAGE_ONE_CODE; exclude number/year/stars/badge/next-question/header; preserve full biological figure/labels/arrows/table/options
TAH-BIO-BIO26-L08-Q071,BIO26-PDF048-L08-S2-Q071,BIO26-L08,أحياء 1,المفصليات,48,48,47,2,71,BIO26-M09,BIO26-S09-02,,,NOT_STARTED,NOT_RUN,ONE_QUESTION_ONE_IMAGE_ONE_CODE; exclude number/year/stars/badge/next-question/header; preserve full biological figure/labels/arrows/table/options
TAH-BIO-BIO26-L08-Q072,BIO26-PDF048-L08-S2-Q072,BIO26-L08,أحياء 1,المفصليات,48,48,47,2,72,BIO26-M09,BIO26-S09-02,,,NOT_STARTED,NOT_RUN,ONE_QUESTION_ONE_IMAGE_ONE_CODE; exclude number/year/stars/badge/next-question/header; preserve full biological figure/labels/arrows/table/options
TAH-BIO-BIO26-L08-Q073,BIO26-PDF048-L08-S2-Q073,BIO26-L08,أحياء 1,المفصليات,48,48,47,2,73,BIO26-M09,BIO26-S09-02,,,NOT_STARTED,NOT_RUN,ONE_QUESTION_ONE_IMAGE_ONE_CODE; exclude number/year/stars/badge/next-question/header; preserve full biological figure/labels/arrows/table/options
TAH-BIO-BIO26-L08-Q074,BIO26-PDF048-L08-S2-Q074,BIO26-L08,أحياء 1,المفصليات,48,48,47,2,74,BIO26-M09,BIO26-S09-02,,,NOT_STARTED,NOT_RUN,ONE_QUESTION_ONE_IMAGE_ONE_CODE; exclude number/year/stars/badge/next-question/header; preserve full biological figure/labels/arrows/table/options
TAH-BIO-BIO26-L08-Q075,BIO26-PDF049-L08-S2-Q075,BIO26-L08,أحياء 1,المفصليات,49,49,48,2,75,BIO26-M09,BIO26-S09-02,,,NOT_STARTED,NOT_RUN,ONE_QUESTION_ONE_IMAGE_ONE_CODE; exclude number/year/stars/badge/next-question/header; preserve full biological figure/labels/arrows/table/options
TAH-BIO-BIO26-L08-Q076,BIO26-PDF049-L08-S2-Q076,BIO26-L08,أحياء 1,المفصليات,49,49,48,2,76,BIO26-M09,BIO26-S09-02,,,NOT_STARTED,NOT_RUN,ONE_QUESTION_ONE_IMAGE_ONE_CODE; exclude number/year/stars/badge/next-question/header; preserve full biological figure/labels/arrows/table/options
TAH-BIO-BIO26-L08-Q077,BIO26-PDF049-L08-S2-Q077,BIO26-L08,أحياء 1,المفصليات,49,49,48,2,77,BIO26-M09,BIO26-S09-02,,,NOT_STARTED,NOT_RUN,ONE_QUESTION_ONE_IMAGE_ONE_CODE; exclude number/year/stars/badge/next-question/header; preserve full biological figure/labels/arrows/table/options
TAH-BIO-BIO26-L08-Q078,BIO26-PDF049-L08-S2-Q078,BIO26-L08,أحياء 1,المفصليات,49,49,48,2,78,BIO26-M09,BIO26-S09-02,,,NOT_STARTED,NOT_RUN,ONE_QUESTION_ONE_IMAGE_ONE_CODE; exclude number/year/stars/badge/next-question/header; preserve full biological figure/labels/arrows/table/options
TAH-BIO-BIO26-L08-Q079,BIO26-PDF049-L08-S2-Q079,BIO26-L08,أحياء 1,المفصليات,49,49,48,2,79,BIO26-M09,BIO26-S09-02,,,NOT_STARTED,NOT_RUN,ONE_QUESTION_ONE_IMAGE_ONE_CODE; exclude number/year/stars/badge/next-question/header; preserve full biological figure/labels/arrows/table/options
TAH-BIO-BIO26-L09-Q001,BIO26-PDF051-L09-S1-Q001,BIO26-L09,أحياء 2,شوكيات الجلد واللافقاريات الحبلية,51,51,50,1,1,BIO26-M09,BIO26-S09-03,,,NOT_STARTED,NOT_RUN,ONE_QUESTION_ONE_IMAGE_ONE_CODE; exclude number/year/stars/badge/next-question/header; preserve full biological figure/labels/arrows/table/options
TAH-BIO-BIO26-L09-Q002,BIO26-PDF051-L09-S1-Q002,BIO26-L09,أحياء 2,شوكيات الجلد واللافقاريات الحبلية,51,51,50,1,2,BIO26-M09,BIO26-S09-03,,,NOT_STARTED,NOT_RUN,ONE_QUESTION_ONE_IMAGE_ONE_CODE; exclude number/year/stars/badge/next-question/header; preserve full biological figure/labels/arrows/table/options
TAH-BIO-BIO26-L09-Q003,BIO26-PDF051-L09-S1-Q003,BIO26-L09,أحياء 2,شوكيات الجلد واللافقاريات الحبلية,51,51,50,1,3,BIO26-M09,BIO26-S09-03,,,NOT_STARTED,NOT_RUN,ONE_QUESTION_ONE_IMAGE_ONE_CODE; exclude number/year/stars/badge/next-question/header; preserve full biological figure/labels/arrows/table/options
TAH-BIO-BIO26-L09-Q004,BIO26-PDF051-L09-S1-Q004,BIO26-L09,أحياء 2,شوكيات الجلد واللافقاريات الحبلية,51,51,50,1,4,BIO26-M09,BIO26-S09-03,,,NOT_STARTED,NOT_RUN,ONE_QUESTION_ONE_IMAGE_ONE_CODE; exclude number/year/stars/badge/next-question/header; preserve full biological figure/labels/arrows/table/options
TAH-BIO-BIO26-L09-Q005,BIO26-PDF051-L09-S1-Q005,BIO26-L09,أحياء 2,شوكيات الجلد واللافقاريات الحبلية,51,51,50,1,5,BIO26-M09,BIO26-S09-03,,,NOT_STARTED,NOT_RUN,ONE_QUESTION_ONE_IMAGE_ONE_CODE; exclude number/year/stars/badge/next-question/header; preserve full biological figure/labels/arrows/table/options
TAH-BIO-BIO26-L09-Q006,BIO26-PDF051-L09-S1-Q006,BIO26-L09,أحياء 2,شوكيات الجلد واللافقاريات الحبلية,51,51,50,1,6,BIO26-M09,BIO26-S09-03,,,NOT_STARTED,NOT_RUN,ONE_QUESTION_ONE_IMAGE_ONE_CODE; exclude number/year/stars/badge/next-question/header; preserve full biological figure/labels/arrows/table/options
TAH-BIO-BIO26-L09-Q007,BIO26-PDF051-L09-S1-Q007,BIO26-L09,أحياء 2,شوكيات الجلد واللافقاريات الحبلية,51,51,50,1,7,BIO26-M09,BIO26-S09-03,,,NOT_STARTED,NOT_RUN,ONE_QUESTION_ONE_IMAGE_ONE_CODE; exclude number/year/stars/badge/next-question/header; preserve full biological figure/labels/arrows/table/options
TAH-BIO-BIO26-L09-Q008,BIO26-PDF051-L09-S1-Q008,BIO26-L09,أحياء 2,شوكيات الجلد واللافقاريات الحبلية,51,51,50,1,8,BIO26-M09,BIO26-S09-03,,,NOT_STARTED,NOT_RUN,ONE_QUESTION_ONE_IMAGE_ONE_CODE; exclude number/year/stars/badge/next-question/header; preserve full biological figure/labels/arrows/table/options
TAH-BIO-BIO26-L09-Q009,BIO26-PDF051-L09-S1-Q009,BIO26-L09,أحياء 2,شوكيات الجلد واللافقاريات الحبلية,51,51,50,1,9,BIO26-M09,BIO26-S09-03,,,NOT_STARTED,NOT_RUN,ONE_QUESTION_ONE_IMAGE_ONE_CODE; exclude number/year/stars/badge/next-question/header; preserve full biological figure/labels/arrows/table/options
TAH-BIO-BIO26-L09-Q010,BIO26-PDF051-L09-S1-Q010,BIO26-L09,أحياء 2,شوكيات الجلد واللافقاريات الحبلية,51,51,50,1,10,BIO26-M09,BIO26-S09-03,,,NOT_STARTED,NOT_RUN,ONE_QUESTION_ONE_IMAGE_ONE_CODE; exclude number/year/stars/badge/next-question/header; preserve full biological figure/labels/arrows/table/options
TAH-BIO-BIO26-L09-Q011,BIO26-PDF051-L09-S1-Q011,BIO26-L09,أحياء 2,شوكيات الجلد واللافقاريات الحبلية,51,51,50,1,11,BIO26-M09,BIO26-S09-03,,,NOT_STARTED,NOT_RUN,ONE_QUESTION_ONE_IMAGE_ONE_CODE; exclude number/year/stars/badge/next-question/header; preserve full biological figure/labels/arrows/table/options
TAH-BIO-BIO26-L09-Q012,BIO26-PDF051-L09-S1-Q012,BIO26-L09,أحياء 2,شوكيات الجلد واللافقاريات الحبلية,51,51,50,1,12,BIO26-M09,BIO26-S09-03,,,NOT_STARTED,NOT_RUN,ONE_QUESTION_ONE_IMAGE_ONE_CODE; exclude number/year/stars/badge/next-question/header; preserve full biological figure/labels/arrows/table/options
TAH-BIO-BIO26-L09-Q013,BIO26-PDF051-L09-S1-Q013,BIO26-L09,أحياء 2,شوكيات الجلد واللافقاريات الحبلية,51,51,50,1,13,BIO26-M09,BIO26-S09-03,,,NOT_STARTED,NOT_RUN,ONE_QUESTION_ONE_IMAGE_ONE_CODE; exclude number/year/stars/badge/next-question/header; preserve full biological figure/labels/arrows/table/options
TAH-BIO-BIO26-L09-Q014,BIO26-PDF051-L09-S1-Q014,BIO26-L09,أحياء 2,شوكيات الجلد واللافقاريات الحبلية,51,51,50,1,14,BIO26-M09,BIO26-S09-03,,,NOT_STARTED,NOT_RUN,ONE_QUESTION_ONE_IMAGE_ONE_CODE; exclude number/year/stars/badge/next-question/header; preserve full biological figure/labels/arrows/table/options
TAH-BIO-BIO26-L09-Q015,BIO26-PDF051-L09-S1-Q015,BIO26-L09,أحياء 2,شوكيات الجلد واللافقاريات الحبلية,51,51,50,1,15,BIO26-M09,BIO26-S09-03,,,NOT_STARTED,NOT_RUN,ONE_QUESTION_ONE_IMAGE_ONE_CODE; exclude number/year/stars/badge/next-question/header; preserve full biological figure/labels/arrows/table/options
TAH-BIO-BIO26-L09-Q016,BIO26-PDF051-L09-S1-Q016,BIO26-L09,أحياء 2,شوكيات الجلد واللافقاريات الحبلية,51,51,50,1,16,BIO26-M09,BIO26-S09-03,,,NOT_STARTED,NOT_RUN,ONE_QUESTION_ONE_IMAGE_ONE_CODE; exclude number/year/stars/badge/next-question/header; preserve full biological figure/labels/arrows/table/options
TAH-BIO-BIO26-L09-Q017,BIO26-PDF051-L09-S1-Q017,BIO26-L09,أحياء 2,شوكيات الجلد واللافقاريات الحبلية,51,51,50,1,17,BIO26-M09,BIO26-S09-03,,,NOT_STARTED,NOT_RUN,ONE_QUESTION_ONE_IMAGE_ONE_CODE; exclude number/year/stars/badge/next-question/header; preserve full biological figure/labels/arrows/table/options
TAH-BIO-BIO26-L09-Q018,BIO26-PDF051-L09-S1-Q018,BIO26-L09,أحياء 2,شوكيات الجلد واللافقاريات الحبلية,51,51,50,1,18,BIO26-M09,BIO26-S09-03,,,NOT_STARTED,NOT_RUN,ONE_QUESTION_ONE_IMAGE_ONE_CODE; exclude number/year/stars/badge/next-question/header; preserve full biological figure/labels/arrows/table/options
TAH-BIO-BIO26-L09-Q019,BIO26-PDF052-L09-S1-Q019,BIO26-L09,أحياء 2,شوكيات الجلد واللافقاريات الحبلية,52,52,51,1,19,BIO26-M09,BIO26-S09-03,,,NOT_STARTED,NOT_RUN,ONE_QUESTION_ONE_IMAGE_ONE_CODE; exclude number/year/stars/badge/next-question/header; preserve full biological figure/labels/arrows/table/options
TAH-BIO-BIO26-L09-Q020,BIO26-PDF052-L09-S1-Q020,BIO26-L09,أحياء 2,شوكيات الجلد واللافقاريات الحبلية,52,52,51,1,20,BIO26-M09,BIO26-S09-03,,,NOT_STARTED,NOT_RUN,ONE_QUESTION_ONE_IMAGE_ONE_CODE; exclude number/year/stars/badge/next-question/header; preserve full biological figure/labels/arrows/table/options
TAH-BIO-BIO26-L09-Q021,BIO26-PDF052-L09-S1-Q021,BIO26-L09,أحياء 2,شوكيات الجلد واللافقاريات الحبلية,52,52,51,1,21,BIO26-M09,BIO26-S09-03,,,NOT_STARTED,NOT_RUN,ONE_QUESTION_ONE_IMAGE_ONE_CODE; exclude number/year/stars/badge/next-question/header; preserve full biological figure/labels/arrows/table/options
TAH-BIO-BIO26-L09-Q022,BIO26-PDF052-L09-S1-Q022,BIO26-L09,أحياء 2,شوكيات الجلد واللافقاريات الحبلية,52,52,51,1,22,BIO26-M09,BIO26-S09-03,,,NOT_STARTED,NOT_RUN,ONE_QUESTION_ONE_IMAGE_ONE_CODE; exclude number/year/stars/badge/next-question/header; preserve full biological figure/labels/arrows/table/options
TAH-BIO-BIO26-L09-Q023,BIO26-PDF052-L09-S1-Q023,BIO26-L09,أحياء 2,شوكيات الجلد واللافقاريات الحبلية,52,52,51,1,23,BIO26-M09,BIO26-S09-03,,,NOT_STARTED,NOT_RUN,ONE_QUESTION_ONE_IMAGE_ONE_CODE; exclude number/year/stars/badge/next-question/header; preserve full biological figure/labels/arrows/table/options
TAH-BIO-BIO26-L09-Q024,BIO26-PDF052-L09-S1-Q024,BIO26-L09,أحياء 2,شوكيات الجلد واللافقاريات الحبلية,52,52,51,1,24,BIO26-M09,BIO26-S09-03,,,NOT_STARTED,NOT_RUN,ONE_QUESTION_ONE_IMAGE_ONE_CODE; exclude number/year/stars/badge/next-question/header; preserve full biological figure/labels/arrows/table/options
TAH-BIO-BIO26-L09-Q025,BIO26-PDF052-L09-S1-Q025,BIO26-L09,أحياء 2,شوكيات الجلد واللافقاريات الحبلية,52,52,51,1,25,BIO26-M09,BIO26-S09-03,,,NOT_STARTED,NOT_RUN,ONE_QUESTION_ONE_IMAGE_ONE_CODE; exclude number/year/stars/badge/next-question/header; preserve full biological figure/labels/arrows/table/options
TAH-BIO-BIO26-L09-Q026,BIO26-PDF053-L09-S2-Q026,BIO26-L09,أحياء 2,شوكيات الجلد واللافقاريات الحبلية,53,53,52,2,26,BIO26-M09,BIO26-S09-03,,,NOT_STARTED,NOT_RUN,ONE_QUESTION_ONE_IMAGE_ONE_CODE; exclude number/year/stars/badge/next-question/header; preserve full biological figure/labels/arrows/table/options
TAH-BIO-BIO26-L09-Q027,BIO26-PDF053-L09-S2-Q027,BIO26-L09,أحياء 2,شوكيات الجلد واللافقاريات الحبلية,53,53,52,2,27,BIO26-M09,BIO26-S09-03,,,NOT_STARTED,NOT_RUN,ONE_QUESTION_ONE_IMAGE_ONE_CODE; exclude number/year/stars/badge/next-question/header; preserve full biological figure/labels/arrows/table/options
TAH-BIO-BIO26-L09-Q028,BIO26-PDF053-L09-S2-Q028,BIO26-L09,أحياء 2,شوكيات الجلد واللافقاريات الحبلية,53,53,52,2,28,BIO26-M09,BIO26-S09-03,,,NOT_STARTED,NOT_RUN,ONE_QUESTION_ONE_IMAGE_ONE_CODE; exclude number/year/stars/badge/next-question/header; preserve full biological figure/labels/arrows/table/options
TAH-BIO-BIO26-L09-Q029,BIO26-PDF053-L09-S2-Q029,BIO26-L09,أحياء 2,شوكيات الجلد واللافقاريات الحبلية,53,53,52,2,29,BIO26-M09,BIO26-S09-03,,,NOT_STARTED,NOT_RUN,ONE_QUESTION_ONE_IMAGE_ONE_CODE; exclude number/year/stars/badge/next-question/header; preserve full biological figure/labels/arrows/table/options
TAH-BIO-BIO26-L09-Q030,BIO26-PDF053-L09-S2-Q030,BIO26-L09,أحياء 2,شوكيات الجلد واللافقاريات الحبلية,53,53,52,2,30,BIO26-M09,BIO26-S09-03,,,NOT_STARTED,NOT_RUN,ONE_QUESTION_ONE_IMAGE_ONE_CODE; exclude number/year/stars/badge/next-question/header; preserve full biological figure/labels/arrows/table/options
TAH-BIO-BIO26-L09-Q031,BIO26-PDF053-L09-S2-Q031,BIO26-L09,أحياء 2,شوكيات الجلد واللافقاريات الحبلية,53,53,52,2,31,BIO26-M09,BIO26-S09-03,,,NOT_STARTED,NOT_RUN,ONE_QUESTION_ONE_IMAGE_ONE_CODE; exclude number/year/stars/badge/next-question/header; preserve full biological figure/labels/arrows/table/options
TAH-BIO-BIO26-L09-Q032,BIO26-PDF053-L09-S2-Q032,BIO26-L09,أحياء 2,شوكيات الجلد واللافقاريات الحبلية,53,53,52,2,32,BIO26-M09,BIO26-S09-03,,,NOT_STARTED,NOT_RUN,ONE_QUESTION_ONE_IMAGE_ONE_CODE; exclude number/year/stars/badge/next-question/header; preserve full biological figure/labels/arrows/table/options
TAH-BIO-BIO26-L09-Q033,BIO26-PDF053-L09-S2-Q033,BIO26-L09,أحياء 2,شوكيات الجلد واللافقاريات الحبلية,53,53,52,2,33,BIO26-M09,BIO26-S09-03,,,NOT_STARTED,NOT_RUN,ONE_QUESTION_ONE_IMAGE_ONE_CODE; exclude number/year/stars/badge/next-question/header; preserve full biological figure/labels/arrows/table/options
TAH-BIO-BIO26-L09-Q034,BIO26-PDF053-L09-S2-Q034,BIO26-L09,أحياء 2,شوكيات الجلد واللافقاريات الحبلية,53,53,52,2,34,BIO26-M09,BIO26-S09-03,,,NOT_STARTED,NOT_RUN,ONE_QUESTION_ONE_IMAGE_ONE_CODE; exclude number/year/stars/badge/next-question/header; preserve full biological figure/labels/arrows/table/options
TAH-BIO-BIO26-L09-Q035,BIO26-PDF053-L09-S2-Q035,BIO26-L09,أحياء 2,شوكيات الجلد واللافقاريات الحبلية,53,53,52,2,35,BIO26-M09,BIO26-S09-03,,,NOT_STARTED,NOT_RUN,ONE_QUESTION_ONE_IMAGE_ONE_CODE; exclude number/year/stars/badge/next-question/header; preserve full biological figure/labels/arrows/table/options
TAH-BIO-BIO26-L09-Q036,BIO26-PDF053-L09-S2-Q036,BIO26-L09,أحياء 2,شوكيات الجلد واللافقاريات الحبلية,53,53,52,2,36,BIO26-M09,BIO26-S09-03,,,NOT_STARTED,NOT_RUN,ONE_QUESTION_ONE_IMAGE_ONE_CODE; exclude number/year/stars/badge/next-question/header; preserve full biological figure/labels/arrows/table/options
TAH-BIO-BIO26-L09-Q037,BIO26-PDF053-L09-S2-Q037,BIO26-L09,أحياء 2,شوكيات الجلد واللافقاريات الحبلية,53,53,52,2,37,BIO26-M09,BIO26-S09-03,,,NOT_STARTED,NOT_RUN,ONE_QUESTION_ONE_IMAGE_ONE_CODE; exclude number/year/stars/badge/next-question/header; preserve full biological figure/labels/arrows/table/options
TAH-BIO-BIO26-L09-Q038,BIO26-PDF053-L09-S2-Q038,BIO26-L09,أحياء 2,شوكيات الجلد واللافقاريات الحبلية,53,53,52,2,38,BIO26-M09,BIO26-S09-03,,,NOT_STARTED,NOT_RUN,ONE_QUESTION_ONE_IMAGE_ONE_CODE; exclude number/year/stars/badge/next-question/header; preserve full biological figure/labels/arrows/table/options
TAH-BIO-BIO26-L09-Q039,BIO26-PDF053-L09-S2-Q039,BIO26-L09,أحياء 2,شوكيات الجلد واللافقاريات الحبلية,53,53,52,2,39,BIO26-M09,BIO26-S09-03,,,NOT_STARTED,NOT_RUN,ONE_QUESTION_ONE_IMAGE_ONE_CODE; exclude number/year/stars/badge/next-question/header; preserve full biological figure/labels/arrows/table/options
TAH-BIO-BIO26-L09-Q040,BIO26-PDF053-L09-S2-Q040,BIO26-L09,أحياء 2,شوكيات الجلد واللافقاريات الحبلية,53,53,52,2,40,BIO26-M09,BIO26-S09-03,,,NOT_STARTED,NOT_RUN,ONE_QUESTION_ONE_IMAGE_ONE_CODE; exclude number/year/stars/badge/next-question/header; preserve full biological figure/labels/arrows/table/options
TAH-BIO-BIO26-L09-Q041,BIO26-PDF053-L09-S2-Q041,BIO26-L09,أحياء 2,شوكيات الجلد واللافقاريات الحبلية,53,53,52,2,41,BIO26-M09,BIO26-S09-03,,,NOT_STARTED,NOT_RUN,ONE_QUESTION_ONE_IMAGE_ONE_CODE; exclude number/year/stars/badge/next-question/header; preserve full biological figure/labels/arrows/table/options
TAH-BIO-BIO26-L09-Q042,BIO26-PDF054-L09-S2-Q042,BIO26-L09,أحياء 2,شوكيات الجلد واللافقاريات الحبلية,54,54,53,2,42,BIO26-M09,BIO26-S09-03,,,NOT_STARTED,NOT_RUN,ONE_QUESTION_ONE_IMAGE_ONE_CODE; exclude number/year/stars/badge/next-question/header; preserve full biological figure/labels/arrows/table/options
TAH-BIO-BIO26-L09-Q043,BIO26-PDF054-L09-S2-Q043,BIO26-L09,أحياء 2,شوكيات الجلد واللافقاريات الحبلية,54,54,53,2,43,BIO26-M09,BIO26-S09-03,,,NOT_STARTED,NOT_RUN,ONE_QUESTION_ONE_IMAGE_ONE_CODE; exclude number/year/stars/badge/next-question/header; preserve full biological figure/labels/arrows/table/options
TAH-BIO-BIO26-L09-Q044,BIO26-PDF054-L09-S2-Q044,BIO26-L09,أحياء 2,شوكيات الجلد واللافقاريات الحبلية,54,54,53,2,44,BIO26-M09,BIO26-S09-03,,,NOT_STARTED,NOT_RUN,ONE_QUESTION_ONE_IMAGE_ONE_CODE; exclude number/year/stars/badge/next-question/header; preserve full biological figure/labels/arrows/table/options
TAH-BIO-BIO26-L09-Q045,BIO26-PDF054-L09-S2-Q045,BIO26-L09,أحياء 2,شوكيات الجلد واللافقاريات الحبلية,54,54,53,2,45,BIO26-M09,BIO26-S09-03,,,NOT_STARTED,NOT_RUN,ONE_QUESTION_ONE_IMAGE_ONE_CODE; exclude number/year/stars/badge/next-question/header; preserve full biological figure/labels/arrows/table/options
TAH-BIO-BIO26-L09-Q046,BIO26-PDF054-L09-S2-Q046,BIO26-L09,أحياء 2,شوكيات الجلد واللافقاريات الحبلية,54,54,53,2,46,BIO26-M09,BIO26-S09-03,,,NOT_STARTED,NOT_RUN,ONE_QUESTION_ONE_IMAGE_ONE_CODE; exclude number/year/stars/badge/next-question/header; preserve full biological figure/labels/arrows/table/options
TAH-BIO-BIO26-L09-Q047,BIO26-PDF054-L09-S2-Q047,BIO26-L09,أحياء 2,شوكيات الجلد واللافقاريات الحبلية,54,54,53,2,47,BIO26-M09,BIO26-S09-03,,,NOT_STARTED,NOT_RUN,ONE_QUESTION_ONE_IMAGE_ONE_CODE; exclude number/year/stars/badge/next-question/header; preserve full biological figure/labels/arrows/table/options
TAH-BIO-BIO26-L09-Q048,BIO26-PDF054-L09-S2-Q048,BIO26-L09,أحياء 2,شوكيات الجلد واللافقاريات الحبلية,54,54,53,2,48,BIO26-M09,BIO26-S09-03,,,NOT_STARTED,NOT_RUN,ONE_QUESTION_ONE_IMAGE_ONE_CODE; exclude number/year/stars/badge/next-question/header; preserve full biological figure/labels/arrows/table/options
TAH-BIO-BIO26-L09-Q049,BIO26-PDF054-L09-S2-Q049,BIO26-L09,أحياء 2,شوكيات الجلد واللافقاريات الحبلية,54,54,53,2,49,BIO26-M09,BIO26-S09-03,,,NOT_STARTED,NOT_RUN,ONE_QUESTION_ONE_IMAGE_ONE_CODE; exclude number/year/stars/badge/next-question/header; preserve full biological figure/labels/arrows/table/options
TAH-BIO-BIO26-L09-Q050,BIO26-PDF054-L09-S2-Q050,BIO26-L09,أحياء 2,شوكيات الجلد واللافقاريات الحبلية,54,54,53,2,50,BIO26-M09,BIO26-S09-03,,,NOT_STARTED,NOT_RUN,ONE_QUESTION_ONE_IMAGE_ONE_CODE; exclude number/year/stars/badge/next-question/header; preserve full biological figure/labels/arrows/table/options
TAH-BIO-BIO26-L09-Q051,BIO26-PDF054-L09-S2-Q051,BIO26-L09,أحياء 2,شوكيات الجلد واللافقاريات الحبلية,54,54,53,2,51,BIO26-M09,BIO26-S09-03,,,NOT_STARTED,NOT_RUN,ONE_QUESTION_ONE_IMAGE_ONE_CODE; exclude number/year/stars/badge/next-question/header; preserve full biological figure/labels/arrows/table/options
TAH-BIO-BIO26-L09-Q052,BIO26-PDF054-L09-S2-Q052,BIO26-L09,أحياء 2,شوكيات الجلد واللافقاريات الحبلية,54,54,53,2,52,BIO26-M09,BIO26-S09-03,,,NOT_STARTED,NOT_RUN,ONE_QUESTION_ONE_IMAGE_ONE_CODE; exclude number/year/stars/badge/next-question/header; preserve full biological figure/labels/arrows/table/options
TAH-BIO-BIO26-L09-Q053,BIO26-PDF054-L09-S2-Q053,BIO26-L09,أحياء 2,شوكيات الجلد واللافقاريات الحبلية,54,54,53,2,53,BIO26-M09,BIO26-S09-03,,,NOT_STARTED,NOT_RUN,ONE_QUESTION_ONE_IMAGE_ONE_CODE; exclude number/year/stars/badge/next-question/header; preserve full biological figure/labels/arrows/table/options
TAH-BIO-BIO26-L09-Q054,BIO26-PDF054-L09-S2-Q054,BIO26-L09,أحياء 2,شوكيات الجلد واللافقاريات الحبلية,54,54,53,2,54,BIO26-M09,BIO26-S09-03,,,NOT_STARTED,NOT_RUN,ONE_QUESTION_ONE_IMAGE_ONE_CODE; exclude number/year/stars/badge/next-question/header; preserve full biological figure/labels/arrows/table/options
TAH-BIO-BIO26-L09-Q055,BIO26-PDF054-L09-S2-Q055,BIO26-L09,أحياء 2,شوكيات الجلد واللافقاريات الحبلية,54,54,53,2,55,BIO26-M09,BIO26-S09-03,,,NOT_STARTED,NOT_RUN,ONE_QUESTION_ONE_IMAGE_ONE_CODE; exclude number/year/stars/badge/next-question/header; preserve full biological figure/labels/arrows/table/options
TAH-BIO-BIO26-L09-Q056,BIO26-PDF054-L09-S2-Q056,BIO26-L09,أحياء 2,شوكيات الجلد واللافقاريات الحبلية,54,54,53,2,56,BIO26-M09,BIO26-S09-03,,,NOT_STARTED,NOT_RUN,ONE_QUESTION_ONE_IMAGE_ONE_CODE; exclude number/year/stars/badge/next-question/header; preserve full biological figure/labels/arrows/table/options
TAH-BIO-BIO26-L09-Q057,BIO26-PDF054-L09-S2-Q057,BIO26-L09,أحياء 2,شوكيات الجلد واللافقاريات الحبلية,54,54,53,2,57,BIO26-M09,BIO26-S09-03,,,NOT_STARTED,NOT_RUN,ONE_QUESTION_ONE_IMAGE_ONE_CODE; exclude number/year/stars/badge/next-question/header; preserve full biological figure/labels/arrows/table/options
TAH-BIO-BIO26-L10-Q001,BIO26-PDF055-L10-S1-Q001,BIO26-L10,أحياء 2,الأسماك,55,55,54,1,1,BIO26-M10,BIO26-S10-01,,,NOT_STARTED,NOT_RUN,ONE_QUESTION_ONE_IMAGE_ONE_CODE; exclude number/year/stars/badge/next-question/header; preserve full biological figure/labels/arrows/table/options
TAH-BIO-BIO26-L10-Q002,BIO26-PDF055-L10-S1-Q002,BIO26-L10,أحياء 2,الأسماك,55,55,54,1,2,BIO26-M10,BIO26-S10-01,,,NOT_STARTED,NOT_RUN,ONE_QUESTION_ONE_IMAGE_ONE_CODE; exclude number/year/stars/badge/next-question/header; preserve full biological figure/labels/arrows/table/options
TAH-BIO-BIO26-L10-Q003,BIO26-PDF055-L10-S1-Q003,BIO26-L10,أحياء 2,الأسماك,55,55,54,1,3,BIO26-M10,BIO26-S10-01,,,NOT_STARTED,NOT_RUN,ONE_QUESTION_ONE_IMAGE_ONE_CODE; exclude number/year/stars/badge/next-question/header; preserve full biological figure/labels/arrows/table/options
TAH-BIO-BIO26-L10-Q004,BIO26-PDF055-L10-S1-Q004,BIO26-L10,أحياء 2,الأسماك,55,55,54,1,4,BIO26-M10,BIO26-S10-01,,,NOT_STARTED,NOT_RUN,ONE_QUESTION_ONE_IMAGE_ONE_CODE; exclude number/year/stars/badge/next-question/header; preserve full biological figure/labels/arrows/table/options
TAH-BIO-BIO26-L10-Q005,BIO26-PDF055-L10-S1-Q005,BIO26-L10,أحياء 2,الأسماك,55,55,54,1,5,BIO26-M10,BIO26-S10-01,,,NOT_STARTED,NOT_RUN,ONE_QUESTION_ONE_IMAGE_ONE_CODE; exclude number/year/stars/badge/next-question/header; preserve full biological figure/labels/arrows/table/options
TAH-BIO-BIO26-L10-Q006,BIO26-PDF055-L10-S1-Q006,BIO26-L10,أحياء 2,الأسماك,55,55,54,1,6,BIO26-M10,BIO26-S10-01,,,NOT_STARTED,NOT_RUN,ONE_QUESTION_ONE_IMAGE_ONE_CODE; exclude number/year/stars/badge/next-question/header; preserve full biological figure/labels/arrows/table/options
TAH-BIO-BIO26-L10-Q007,BIO26-PDF055-L10-S1-Q007,BIO26-L10,أحياء 2,الأسماك,55,55,54,1,7,BIO26-M10,BIO26-S10-01,,,NOT_STARTED,NOT_RUN,ONE_QUESTION_ONE_IMAGE_ONE_CODE; exclude number/year/stars/badge/next-question/header; preserve full biological figure/labels/arrows/table/options
TAH-BIO-BIO26-L10-Q008,BIO26-PDF055-L10-S1-Q008,BIO26-L10,أحياء 2,الأسماك,55,55,54,1,8,BIO26-M10,BIO26-S10-01,,,NOT_STARTED,NOT_RUN,ONE_QUESTION_ONE_IMAGE_ONE_CODE; exclude number/year/stars/badge/next-question/header; preserve full biological figure/labels/arrows/table/options
TAH-BIO-BIO26-L10-Q009,BIO26-PDF055-L10-S1-Q009,BIO26-L10,أحياء 2,الأسماك,55,55,54,1,9,BIO26-M10,BIO26-S10-01,,,NOT_STARTED,NOT_RUN,ONE_QUESTION_ONE_IMAGE_ONE_CODE; exclude number/year/stars/badge/next-question/header; preserve full biological figure/labels/arrows/table/options
TAH-BIO-BIO26-L10-Q010,BIO26-PDF055-L10-S1-Q010,BIO26-L10,أحياء 2,الأسماك,55,55,54,1,10,BIO26-M10,BIO26-S10-01,,,NOT_STARTED,NOT_RUN,ONE_QUESTION_ONE_IMAGE_ONE_CODE; exclude number/year/stars/badge/next-question/header; preserve full biological figure/labels/arrows/table/options
TAH-BIO-BIO26-L10-Q011,BIO26-PDF055-L10-S1-Q011,BIO26-L10,أحياء 2,الأسماك,55,55,54,1,11,BIO26-M10,BIO26-S10-01,,,NOT_STARTED,NOT_RUN,ONE_QUESTION_ONE_IMAGE_ONE_CODE; exclude number/year/stars/badge/next-question/header; preserve full biological figure/labels/arrows/table/options
TAH-BIO-BIO26-L10-Q012,BIO26-PDF055-L10-S1-Q012,BIO26-L10,أحياء 2,الأسماك,55,55,54,1,12,BIO26-M10,BIO26-S10-01,,,NOT_STARTED,NOT_RUN,ONE_QUESTION_ONE_IMAGE_ONE_CODE; exclude number/year/stars/badge/next-question/header; preserve full biological figure/labels/arrows/table/options
TAH-BIO-BIO26-L10-Q013,BIO26-PDF055-L10-S1-Q013,BIO26-L10,أحياء 2,الأسماك,55,55,54,1,13,BIO26-M10,BIO26-S10-01,,,NOT_STARTED,NOT_RUN,ONE_QUESTION_ONE_IMAGE_ONE_CODE; exclude number/year/stars/badge/next-question/header; preserve full biological figure/labels/arrows/table/options
TAH-BIO-BIO26-L10-Q014,BIO26-PDF055-L10-S1-Q014,BIO26-L10,أحياء 2,الأسماك,55,55,54,1,14,BIO26-M10,BIO26-S10-01,,,NOT_STARTED,NOT_RUN,ONE_QUESTION_ONE_IMAGE_ONE_CODE; exclude number/year/stars/badge/next-question/header; preserve full biological figure/labels/arrows/table/options
TAH-BIO-BIO26-L10-Q015,BIO26-PDF055-L10-S1-Q015,BIO26-L10,أحياء 2,الأسماك,55,55,54,1,15,BIO26-M10,BIO26-S10-01,,,NOT_STARTED,NOT_RUN,ONE_QUESTION_ONE_IMAGE_ONE_CODE; exclude number/year/stars/badge/next-question/header; preserve full biological figure/labels/arrows/table/options
TAH-BIO-BIO26-L10-Q016,BIO26-PDF055-L10-S1-Q016,BIO26-L10,أحياء 2,الأسماك,55,55,54,1,16,BIO26-M10,BIO26-S10-01,,,NOT_STARTED,NOT_RUN,ONE_QUESTION_ONE_IMAGE_ONE_CODE; exclude number/year/stars/badge/next-question/header; preserve full biological figure/labels/arrows/table/options
TAH-BIO-BIO26-L10-Q017,BIO26-PDF055-L10-S1-Q017,BIO26-L10,أحياء 2,الأسماك,55,55,54,1,17,BIO26-M10,BIO26-S10-01,,,NOT_STARTED,NOT_RUN,ONE_QUESTION_ONE_IMAGE_ONE_CODE; exclude number/year/stars/badge/next-question/header; preserve full biological figure/labels/arrows/table/options
TAH-BIO-BIO26-L10-Q018,BIO26-PDF056-L10-S1-Q018,BIO26-L10,أحياء 2,الأسماك,56,56,55,1,18,BIO26-M10,BIO26-S10-01,,,NOT_STARTED,NOT_RUN,ONE_QUESTION_ONE_IMAGE_ONE_CODE; exclude number/year/stars/badge/next-question/header; preserve full biological figure/labels/arrows/table/options
TAH-BIO-BIO26-L10-Q019,BIO26-PDF056-L10-S1-Q019,BIO26-L10,أحياء 2,الأسماك,56,56,55,1,19,BIO26-M10,BIO26-S10-01,,,NOT_STARTED,NOT_RUN,ONE_QUESTION_ONE_IMAGE_ONE_CODE; exclude number/year/stars/badge/next-question/header; preserve full biological figure/labels/arrows/table/options
TAH-BIO-BIO26-L10-Q020,BIO26-PDF056-L10-S1-Q020,BIO26-L10,أحياء 2,الأسماك,56,56,55,1,20,BIO26-M10,BIO26-S10-01,,,NOT_STARTED,NOT_RUN,ONE_QUESTION_ONE_IMAGE_ONE_CODE; exclude number/year/stars/badge/next-question/header; preserve full biological figure/labels/arrows/table/options
TAH-BIO-BIO26-L10-Q021,BIO26-PDF056-L10-S1-Q021,BIO26-L10,أحياء 2,الأسماك,56,56,55,1,21,BIO26-M10,BIO26-S10-01,,,NOT_STARTED,NOT_RUN,ONE_QUESTION_ONE_IMAGE_ONE_CODE; exclude number/year/stars/badge/next-question/header; preserve full biological figure/labels/arrows/table/options
TAH-BIO-BIO26-L10-Q022,BIO26-PDF056-L10-S1-Q022,BIO26-L10,أحياء 2,الأسماك,56,56,55,1,22,BIO26-M10,BIO26-S10-01,,,NOT_STARTED,NOT_RUN,ONE_QUESTION_ONE_IMAGE_ONE_CODE; exclude number/year/stars/badge/next-question/header; preserve full biological figure/labels/arrows/table/options
TAH-BIO-BIO26-L10-Q023,BIO26-PDF056-L10-S1-Q023,BIO26-L10,أحياء 2,الأسماك,56,56,55,1,23,BIO26-M10,BIO26-S10-01,,,NOT_STARTED,NOT_RUN,ONE_QUESTION_ONE_IMAGE_ONE_CODE; exclude number/year/stars/badge/next-question/header; preserve full biological figure/labels/arrows/table/options
TAH-BIO-BIO26-L10-Q024,BIO26-PDF056-L10-S1-Q024,BIO26-L10,أحياء 2,الأسماك,56,56,55,1,24,BIO26-M10,BIO26-S10-01,,,NOT_STARTED,NOT_RUN,ONE_QUESTION_ONE_IMAGE_ONE_CODE; exclude number/year/stars/badge/next-question/header; preserve full biological figure/labels/arrows/table/options
TAH-BIO-BIO26-L10-Q025,BIO26-PDF056-L10-S1-Q025,BIO26-L10,أحياء 2,الأسماك,56,56,55,1,25,BIO26-M10,BIO26-S10-01,,,NOT_STARTED,NOT_RUN,ONE_QUESTION_ONE_IMAGE_ONE_CODE; exclude number/year/stars/badge/next-question/header; preserve full biological figure/labels/arrows/table/options
TAH-BIO-BIO26-L10-Q026,BIO26-PDF056-L10-S1-Q026,BIO26-L10,أحياء 2,الأسماك,56,56,55,1,26,BIO26-M10,BIO26-S10-01,,,NOT_STARTED,NOT_RUN,ONE_QUESTION_ONE_IMAGE_ONE_CODE; exclude number/year/stars/badge/next-question/header; preserve full biological figure/labels/arrows/table/options
TAH-BIO-BIO26-L10-Q027,BIO26-PDF056-L10-S1-Q027,BIO26-L10,أحياء 2,الأسماك,56,56,55,1,27,BIO26-M10,BIO26-S10-01,,,NOT_STARTED,NOT_RUN,ONE_QUESTION_ONE_IMAGE_ONE_CODE; exclude number/year/stars/badge/next-question/header; preserve full biological figure/labels/arrows/table/options
TAH-BIO-BIO26-L10-Q028,BIO26-PDF056-L10-S1-Q028,BIO26-L10,أحياء 2,الأسماك,56,56,55,1,28,BIO26-M10,BIO26-S10-01,,,NOT_STARTED,NOT_RUN,ONE_QUESTION_ONE_IMAGE_ONE_CODE; exclude number/year/stars/badge/next-question/header; preserve full biological figure/labels/arrows/table/options
TAH-BIO-BIO26-L10-Q029,BIO26-PDF056-L10-S1-Q029,BIO26-L10,أحياء 2,الأسماك,56,56,55,1,29,BIO26-M10,BIO26-S10-01,,,NOT_STARTED,NOT_RUN,ONE_QUESTION_ONE_IMAGE_ONE_CODE; exclude number/year/stars/badge/next-question/header; preserve full biological figure/labels/arrows/table/options
TAH-BIO-BIO26-L10-Q030,BIO26-PDF056-L10-S1-Q030,BIO26-L10,أحياء 2,الأسماك,56,56,55,1,30,BIO26-M10,BIO26-S10-01,,,NOT_STARTED,NOT_RUN,ONE_QUESTION_ONE_IMAGE_ONE_CODE; exclude number/year/stars/badge/next-question/header; preserve full biological figure/labels/arrows/table/options
TAH-BIO-BIO26-L10-Q031,BIO26-PDF057-L10-S1-Q031,BIO26-L10,أحياء 2,الأسماك,57,57,56,1,31,BIO26-M10,BIO26-S10-01,,,NOT_STARTED,NOT_RUN,ONE_QUESTION_ONE_IMAGE_ONE_CODE; exclude number/year/stars/badge/next-question/header; preserve full biological figure/labels/arrows/table/options
TAH-BIO-BIO26-L10-Q032,BIO26-PDF057-L10-S1-Q032,BIO26-L10,أحياء 2,الأسماك,57,57,56,1,32,BIO26-M10,BIO26-S10-01,,,NOT_STARTED,NOT_RUN,ONE_QUESTION_ONE_IMAGE_ONE_CODE; exclude number/year/stars/badge/next-question/header; preserve full biological figure/labels/arrows/table/options
TAH-BIO-BIO26-L10-Q033,BIO26-PDF057-L10-S1-Q033,BIO26-L10,أحياء 2,الأسماك,57,57,56,1,33,BIO26-M10,BIO26-S10-01,,,NOT_STARTED,NOT_RUN,ONE_QUESTION_ONE_IMAGE_ONE_CODE; exclude number/year/stars/badge/next-question/header; preserve full biological figure/labels/arrows/table/options
TAH-BIO-BIO26-L10-Q034,BIO26-PDF057-L10-S1-Q034,BIO26-L10,أحياء 2,الأسماك,57,57,56,1,34,BIO26-M10,BIO26-S10-01,,,NOT_STARTED,NOT_RUN,ONE_QUESTION_ONE_IMAGE_ONE_CODE; exclude number/year/stars/badge/next-question/header; preserve full biological figure/labels/arrows/table/options
TAH-BIO-BIO26-L10-Q035,BIO26-PDF057-L10-S1-Q035,BIO26-L10,أحياء 2,الأسماك,57,57,56,1,35,BIO26-M10,BIO26-S10-01,,,NOT_STARTED,NOT_RUN,ONE_QUESTION_ONE_IMAGE_ONE_CODE; exclude number/year/stars/badge/next-question/header; preserve full biological figure/labels/arrows/table/options
TAH-BIO-BIO26-L10-Q036,BIO26-PDF057-L10-S1-Q036,BIO26-L10,أحياء 2,الأسماك,57,57,56,1,36,BIO26-M10,BIO26-S10-01,,,NOT_STARTED,NOT_RUN,ONE_QUESTION_ONE_IMAGE_ONE_CODE; exclude number/year/stars/badge/next-question/header; preserve full biological figure/labels/arrows/table/options
TAH-BIO-BIO26-L10-Q037,BIO26-PDF057-L10-S1-Q037,BIO26-L10,أحياء 2,الأسماك,57,57,56,1,37,BIO26-M10,BIO26-S10-01,,,NOT_STARTED,NOT_RUN,ONE_QUESTION_ONE_IMAGE_ONE_CODE; exclude number/year/stars/badge/next-question/header; preserve full biological figure/labels/arrows/table/options
TAH-BIO-BIO26-L10-Q038,BIO26-PDF057-L10-S1-Q038,BIO26-L10,أحياء 2,الأسماك,57,57,56,1,38,BIO26-M10,BIO26-S10-01,,,NOT_STARTED,NOT_RUN,ONE_QUESTION_ONE_IMAGE_ONE_CODE; exclude number/year/stars/badge/next-question/header; preserve full biological figure/labels/arrows/table/options
TAH-BIO-BIO26-L10-Q039,BIO26-PDF057-L10-S1-Q039,BIO26-L10,أحياء 2,الأسماك,57,57,56,1,39,BIO26-M10,BIO26-S10-01,,,NOT_STARTED,NOT_RUN,ONE_QUESTION_ONE_IMAGE_ONE_CODE; exclude number/year/stars/badge/next-question/header; preserve full biological figure/labels/arrows/table/options
TAH-BIO-BIO26-L10-Q040,BIO26-PDF058-L10-S2-Q040,BIO26-L10,أحياء 2,الأسماك,58,58,57,2,40,BIO26-M10,BIO26-S10-01,,,NOT_STARTED,NOT_RUN,ONE_QUESTION_ONE_IMAGE_ONE_CODE; exclude number/year/stars/badge/next-question/header; preserve full biological figure/labels/arrows/table/options
TAH-BIO-BIO26-L10-Q041,BIO26-PDF058-L10-S2-Q041,BIO26-L10,أحياء 2,الأسماك,58,58,57,2,41,BIO26-M10,BIO26-S10-01,,,NOT_STARTED,NOT_RUN,ONE_QUESTION_ONE_IMAGE_ONE_CODE; exclude number/year/stars/badge/next-question/header; preserve full biological figure/labels/arrows/table/options
TAH-BIO-BIO26-L10-Q042,BIO26-PDF058-L10-S2-Q042,BIO26-L10,أحياء 2,الأسماك,58,58,57,2,42,BIO26-M10,BIO26-S10-01,,,NOT_STARTED,NOT_RUN,ONE_QUESTION_ONE_IMAGE_ONE_CODE; exclude number/year/stars/badge/next-question/header; preserve full biological figure/labels/arrows/table/options
TAH-BIO-BIO26-L10-Q043,BIO26-PDF058-L10-S2-Q043,BIO26-L10,أحياء 2,الأسماك,58,58,57,2,43,BIO26-M10,BIO26-S10-01,,,NOT_STARTED,NOT_RUN,ONE_QUESTION_ONE_IMAGE_ONE_CODE; exclude number/year/stars/badge/next-question/header; preserve full biological figure/labels/arrows/table/options
TAH-BIO-BIO26-L10-Q044,BIO26-PDF058-L10-S2-Q044,BIO26-L10,أحياء 2,الأسماك,58,58,57,2,44,BIO26-M10,BIO26-S10-01,,,NOT_STARTED,NOT_RUN,ONE_QUESTION_ONE_IMAGE_ONE_CODE; exclude number/year/stars/badge/next-question/header; preserve full biological figure/labels/arrows/table/options
TAH-BIO-BIO26-L10-Q045,BIO26-PDF058-L10-S2-Q045,BIO26-L10,أحياء 2,الأسماك,58,58,57,2,45,BIO26-M10,BIO26-S10-01,,,NOT_STARTED,NOT_RUN,ONE_QUESTION_ONE_IMAGE_ONE_CODE; exclude number/year/stars/badge/next-question/header; preserve full biological figure/labels/arrows/table/options
TAH-BIO-BIO26-L10-Q046,BIO26-PDF058-L10-S2-Q046,BIO26-L10,أحياء 2,الأسماك,58,58,57,2,46,BIO26-M10,BIO26-S10-01,,,NOT_STARTED,NOT_RUN,ONE_QUESTION_ONE_IMAGE_ONE_CODE; exclude number/year/stars/badge/next-question/header; preserve full biological figure/labels/arrows/table/options
TAH-BIO-BIO26-L10-Q047,BIO26-PDF058-L10-S2-Q047,BIO26-L10,أحياء 2,الأسماك,58,58,57,2,47,BIO26-M10,BIO26-S10-01,,,NOT_STARTED,NOT_RUN,ONE_QUESTION_ONE_IMAGE_ONE_CODE; exclude number/year/stars/badge/next-question/header; preserve full biological figure/labels/arrows/table/options
TAH-BIO-BIO26-L10-Q048,BIO26-PDF058-L10-S2-Q048,BIO26-L10,أحياء 2,الأسماك,58,58,57,2,48,BIO26-M10,BIO26-S10-01,,,NOT_STARTED,NOT_RUN,ONE_QUESTION_ONE_IMAGE_ONE_CODE; exclude number/year/stars/badge/next-question/header; preserve full biological figure/labels/arrows/table/options
TAH-BIO-BIO26-L10-Q049,BIO26-PDF058-L10-S2-Q049,BIO26-L10,أحياء 2,الأسماك,58,58,57,2,49,BIO26-M10,BIO26-S10-01,,,NOT_STARTED,NOT_RUN,ONE_QUESTION_ONE_IMAGE_ONE_CODE; exclude number/year/stars/badge/next-question/header; preserve full biological figure/labels/arrows/table/options
TAH-BIO-BIO26-L10-Q050,BIO26-PDF058-L10-S2-Q050,BIO26-L10,أحياء 2,الأسماك,58,58,57,2,50,BIO26-M10,BIO26-S10-01,,,NOT_STARTED,NOT_RUN,ONE_QUESTION_ONE_IMAGE_ONE_CODE; exclude number/year/stars/badge/next-question/header; preserve full biological figure/labels/arrows/table/options
TAH-BIO-BIO26-L10-Q051,BIO26-PDF058-L10-S2-Q051,BIO26-L10,أحياء 2,الأسماك,58,58,57,2,51,BIO26-M10,BIO26-S10-01,,,NOT_STARTED,NOT_RUN,ONE_QUESTION_ONE_IMAGE_ONE_CODE; exclude number/year/stars/badge/next-question/header; preserve full biological figure/labels/arrows/table/options
TAH-BIO-BIO26-L10-Q052,BIO26-PDF058-L10-S2-Q052,BIO26-L10,أحياء 2,الأسماك,58,58,57,2,52,BIO26-M10,BIO26-S10-01,,,NOT_STARTED,NOT_RUN,ONE_QUESTION_ONE_IMAGE_ONE_CODE; exclude number/year/stars/badge/next-question/header; preserve full biological figure/labels/arrows/table/options
TAH-BIO-BIO26-L10-Q053,BIO26-PDF058-L10-S2-Q053,BIO26-L10,أحياء 2,الأسماك,58,58,57,2,53,BIO26-M10,BIO26-S10-01,,,NOT_STARTED,NOT_RUN,ONE_QUESTION_ONE_IMAGE_ONE_CODE; exclude number/year/stars/badge/next-question/header; preserve full biological figure/labels/arrows/table/options
TAH-BIO-BIO26-L10-Q054,BIO26-PDF058-L10-S2-Q054,BIO26-L10,أحياء 2,الأسماك,58,58,57,2,54,BIO26-M10,BIO26-S10-01,,,NOT_STARTED,NOT_RUN,ONE_QUESTION_ONE_IMAGE_ONE_CODE; exclude number/year/stars/badge/next-question/header; preserve full biological figure/labels/arrows/table/options
TAH-BIO-BIO26-L10-Q055,BIO26-PDF058-L10-S2-Q055,BIO26-L10,أحياء 2,الأسماك,58,58,57,2,55,BIO26-M10,BIO26-S10-01,,,NOT_STARTED,NOT_RUN,ONE_QUESTION_ONE_IMAGE_ONE_CODE; exclude number/year/stars/badge/next-question/header; preserve full biological figure/labels/arrows/table/options
TAH-BIO-BIO26-L10-Q056,BIO26-PDF059-L10-S2-Q056,BIO26-L10,أحياء 2,الأسماك,59,59,58,2,56,BIO26-M10,BIO26-S10-01,,,NOT_STARTED,NOT_RUN,ONE_QUESTION_ONE_IMAGE_ONE_CODE; exclude number/year/stars/badge/next-question/header; preserve full biological figure/labels/arrows/table/options
TAH-BIO-BIO26-L10-Q057,BIO26-PDF059-L10-S2-Q057,BIO26-L10,أحياء 2,الأسماك,59,59,58,2,57,BIO26-M10,BIO26-S10-01,,,NOT_STARTED,NOT_RUN,ONE_QUESTION_ONE_IMAGE_ONE_CODE; exclude number/year/stars/badge/next-question/header; preserve full biological figure/labels/arrows/table/options
TAH-BIO-BIO26-L10-Q058,BIO26-PDF059-L10-S2-Q058,BIO26-L10,أحياء 2,الأسماك,59,59,58,2,58,BIO26-M10,BIO26-S10-01,,,NOT_STARTED,NOT_RUN,ONE_QUESTION_ONE_IMAGE_ONE_CODE; exclude number/year/stars/badge/next-question/header; preserve full biological figure/labels/arrows/table/options
TAH-BIO-BIO26-L10-Q059,BIO26-PDF059-L10-S2-Q059,BIO26-L10,أحياء 2,الأسماك,59,59,58,2,59,BIO26-M10,BIO26-S10-01,,,NOT_STARTED,NOT_RUN,ONE_QUESTION_ONE_IMAGE_ONE_CODE; exclude number/year/stars/badge/next-question/header; preserve full biological figure/labels/arrows/table/options
TAH-BIO-BIO26-L10-Q060,BIO26-PDF059-L10-S2-Q060,BIO26-L10,أحياء 2,الأسماك,59,59,58,2,60,BIO26-M10,BIO26-S10-01,,,NOT_STARTED,NOT_RUN,ONE_QUESTION_ONE_IMAGE_ONE_CODE; exclude number/year/stars/badge/next-question/header; preserve full biological figure/labels/arrows/table/options
TAH-BIO-BIO26-L10-Q061,BIO26-PDF059-L10-S2-Q061,BIO26-L10,أحياء 2,الأسماك,59,59,58,2,61,BIO26-M10,BIO26-S10-01,,,NOT_STARTED,NOT_RUN,ONE_QUESTION_ONE_IMAGE_ONE_CODE; exclude number/year/stars/badge/next-question/header; preserve full biological figure/labels/arrows/table/options
TAH-BIO-BIO26-L11-Q001,BIO26-PDF060-L11-S1-Q001,BIO26-L11,أحياء 2,البرمائيات,60,60,59,1,1,BIO26-M10,BIO26-S10-02,,,NOT_STARTED,NOT_RUN,ONE_QUESTION_ONE_IMAGE_ONE_CODE; exclude number/year/stars/badge/next-question/header; preserve full biological figure/labels/arrows/table/options
TAH-BIO-BIO26-L11-Q002,BIO26-PDF060-L11-S1-Q002,BIO26-L11,أحياء 2,البرمائيات,60,60,59,1,2,BIO26-M10,BIO26-S10-02,,,NOT_STARTED,NOT_RUN,ONE_QUESTION_ONE_IMAGE_ONE_CODE; exclude number/year/stars/badge/next-question/header; preserve full biological figure/labels/arrows/table/options
TAH-BIO-BIO26-L11-Q003,BIO26-PDF060-L11-S1-Q003,BIO26-L11,أحياء 2,البرمائيات,60,60,59,1,3,BIO26-M10,BIO26-S10-02,,,NOT_STARTED,NOT_RUN,ONE_QUESTION_ONE_IMAGE_ONE_CODE; exclude number/year/stars/badge/next-question/header; preserve full biological figure/labels/arrows/table/options
TAH-BIO-BIO26-L11-Q004,BIO26-PDF060-L11-S1-Q004,BIO26-L11,أحياء 2,البرمائيات,60,60,59,1,4,BIO26-M10,BIO26-S10-02,,,NOT_STARTED,NOT_RUN,ONE_QUESTION_ONE_IMAGE_ONE_CODE; exclude number/year/stars/badge/next-question/header; preserve full biological figure/labels/arrows/table/options
TAH-BIO-BIO26-L11-Q005,BIO26-PDF060-L11-S1-Q005,BIO26-L11,أحياء 2,البرمائيات,60,60,59,1,5,BIO26-M10,BIO26-S10-02,,,NOT_STARTED,NOT_RUN,ONE_QUESTION_ONE_IMAGE_ONE_CODE; exclude number/year/stars/badge/next-question/header; preserve full biological figure/labels/arrows/table/options
TAH-BIO-BIO26-L11-Q006,BIO26-PDF060-L11-S1-Q006,BIO26-L11,أحياء 2,البرمائيات,60,60,59,1,6,BIO26-M10,BIO26-S10-02,,,NOT_STARTED,NOT_RUN,ONE_QUESTION_ONE_IMAGE_ONE_CODE; exclude number/year/stars/badge/next-question/header; preserve full biological figure/labels/arrows/table/options
TAH-BIO-BIO26-L11-Q007,BIO26-PDF060-L11-S1-Q007,BIO26-L11,أحياء 2,البرمائيات,60,60,59,1,7,BIO26-M10,BIO26-S10-02,,,NOT_STARTED,NOT_RUN,ONE_QUESTION_ONE_IMAGE_ONE_CODE; exclude number/year/stars/badge/next-question/header; preserve full biological figure/labels/arrows/table/options
TAH-BIO-BIO26-L11-Q008,BIO26-PDF060-L11-S1-Q008,BIO26-L11,أحياء 2,البرمائيات,60,60,59,1,8,BIO26-M10,BIO26-S10-02,,,NOT_STARTED,NOT_RUN,ONE_QUESTION_ONE_IMAGE_ONE_CODE; exclude number/year/stars/badge/next-question/header; preserve full biological figure/labels/arrows/table/options
TAH-BIO-BIO26-L11-Q009,BIO26-PDF060-L11-S1-Q009,BIO26-L11,أحياء 2,البرمائيات,60,60,59,1,9,BIO26-M10,BIO26-S10-02,,,NOT_STARTED,NOT_RUN,ONE_QUESTION_ONE_IMAGE_ONE_CODE; exclude number/year/stars/badge/next-question/header; preserve full biological figure/labels/arrows/table/options
TAH-BIO-BIO26-L11-Q010,BIO26-PDF060-L11-S1-Q010,BIO26-L11,أحياء 2,البرمائيات,60,60,59,1,10,BIO26-M10,BIO26-S10-02,,,NOT_STARTED,NOT_RUN,ONE_QUESTION_ONE_IMAGE_ONE_CODE; exclude number/year/stars/badge/next-question/header; preserve full biological figure/labels/arrows/table/options
TAH-BIO-BIO26-L11-Q011,BIO26-PDF060-L11-S1-Q011,BIO26-L11,أحياء 2,البرمائيات,60,60,59,1,11,BIO26-M10,BIO26-S10-02,,,NOT_STARTED,NOT_RUN,ONE_QUESTION_ONE_IMAGE_ONE_CODE; exclude number/year/stars/badge/next-question/header; preserve full biological figure/labels/arrows/table/options
TAH-BIO-BIO26-L11-Q012,BIO26-PDF060-L11-S1-Q012,BIO26-L11,أحياء 2,البرمائيات,60,60,59,1,12,BIO26-M10,BIO26-S10-02,,,NOT_STARTED,NOT_RUN,ONE_QUESTION_ONE_IMAGE_ONE_CODE; exclude number/year/stars/badge/next-question/header; preserve full biological figure/labels/arrows/table/options
TAH-BIO-BIO26-L11-Q013,BIO26-PDF060-L11-S1-Q013,BIO26-L11,أحياء 2,البرمائيات,60,60,59,1,13,BIO26-M10,BIO26-S10-02,,,NOT_STARTED,NOT_RUN,ONE_QUESTION_ONE_IMAGE_ONE_CODE; exclude number/year/stars/badge/next-question/header; preserve full biological figure/labels/arrows/table/options
TAH-BIO-BIO26-L11-Q014,BIO26-PDF060-L11-S1-Q014,BIO26-L11,أحياء 2,البرمائيات,60,60,59,1,14,BIO26-M10,BIO26-S10-02,,,NOT_STARTED,NOT_RUN,ONE_QUESTION_ONE_IMAGE_ONE_CODE; exclude number/year/stars/badge/next-question/header; preserve full biological figure/labels/arrows/table/options
TAH-BIO-BIO26-L11-Q015,BIO26-PDF060-L11-S1-Q015,BIO26-L11,أحياء 2,البرمائيات,60,60,59,1,15,BIO26-M10,BIO26-S10-02,,,NOT_STARTED,NOT_RUN,ONE_QUESTION_ONE_IMAGE_ONE_CODE; exclude number/year/stars/badge/next-question/header; preserve full biological figure/labels/arrows/table/options
TAH-BIO-BIO26-L11-Q016,BIO26-PDF061-L11-S1-Q016,BIO26-L11,أحياء 2,البرمائيات,61,61,60,1,16,BIO26-M10,BIO26-S10-02,,,NOT_STARTED,NOT_RUN,ONE_QUESTION_ONE_IMAGE_ONE_CODE; exclude number/year/stars/badge/next-question/header; preserve full biological figure/labels/arrows/table/options
TAH-BIO-BIO26-L11-Q017,BIO26-PDF061-L11-S1-Q017,BIO26-L11,أحياء 2,البرمائيات,61,61,60,1,17,BIO26-M10,BIO26-S10-02,,,NOT_STARTED,NOT_RUN,ONE_QUESTION_ONE_IMAGE_ONE_CODE; exclude number/year/stars/badge/next-question/header; preserve full biological figure/labels/arrows/table/options
TAH-BIO-BIO26-L11-Q018,BIO26-PDF061-L11-S1-Q018,BIO26-L11,أحياء 2,البرمائيات,61,61,60,1,18,BIO26-M10,BIO26-S10-02,,,NOT_STARTED,NOT_RUN,ONE_QUESTION_ONE_IMAGE_ONE_CODE; exclude number/year/stars/badge/next-question/header; preserve full biological figure/labels/arrows/table/options
TAH-BIO-BIO26-L11-Q019,BIO26-PDF061-L11-S1-Q019,BIO26-L11,أحياء 2,البرمائيات,61,61,60,1,19,BIO26-M10,BIO26-S10-02,,,NOT_STARTED,NOT_RUN,ONE_QUESTION_ONE_IMAGE_ONE_CODE; exclude number/year/stars/badge/next-question/header; preserve full biological figure/labels/arrows/table/options
TAH-BIO-BIO26-L11-Q020,BIO26-PDF061-L11-S1-Q020,BIO26-L11,أحياء 2,البرمائيات,61,61,60,1,20,BIO26-M10,BIO26-S10-02,,,NOT_STARTED,NOT_RUN,ONE_QUESTION_ONE_IMAGE_ONE_CODE; exclude number/year/stars/badge/next-question/header; preserve full biological figure/labels/arrows/table/options
TAH-BIO-BIO26-L11-Q021,BIO26-PDF061-L11-S1-Q021,BIO26-L11,أحياء 2,البرمائيات,61,61,60,1,21,BIO26-M10,BIO26-S10-02,,,NOT_STARTED,NOT_RUN,ONE_QUESTION_ONE_IMAGE_ONE_CODE; exclude number/year/stars/badge/next-question/header; preserve full biological figure/labels/arrows/table/options
TAH-BIO-BIO26-L11-Q022,BIO26-PDF061-L11-S1-Q022,BIO26-L11,أحياء 2,البرمائيات,61,61,60,1,22,BIO26-M10,BIO26-S10-02,,,NOT_STARTED,NOT_RUN,ONE_QUESTION_ONE_IMAGE_ONE_CODE; exclude number/year/stars/badge/next-question/header; preserve full biological figure/labels/arrows/table/options
TAH-BIO-BIO26-L11-Q023,BIO26-PDF062-L11-S2-Q023,BIO26-L11,أحياء 2,البرمائيات,62,62,61,2,23,BIO26-M10,BIO26-S10-02,,,NOT_STARTED,NOT_RUN,ONE_QUESTION_ONE_IMAGE_ONE_CODE; exclude number/year/stars/badge/next-question/header; preserve full biological figure/labels/arrows/table/options
TAH-BIO-BIO26-L11-Q024,BIO26-PDF062-L11-S2-Q024,BIO26-L11,أحياء 2,البرمائيات,62,62,61,2,24,BIO26-M10,BIO26-S10-02,,,NOT_STARTED,NOT_RUN,ONE_QUESTION_ONE_IMAGE_ONE_CODE; exclude number/year/stars/badge/next-question/header; preserve full biological figure/labels/arrows/table/options
TAH-BIO-BIO26-L11-Q025,BIO26-PDF062-L11-S2-Q025,BIO26-L11,أحياء 2,البرمائيات,62,62,61,2,25,BIO26-M10,BIO26-S10-02,,,NOT_STARTED,NOT_RUN,ONE_QUESTION_ONE_IMAGE_ONE_CODE; exclude number/year/stars/badge/next-question/header; preserve full biological figure/labels/arrows/table/options
TAH-BIO-BIO26-L11-Q026,BIO26-PDF062-L11-S2-Q026,BIO26-L11,أحياء 2,البرمائيات,62,62,61,2,26,BIO26-M10,BIO26-S10-02,,,NOT_STARTED,NOT_RUN,ONE_QUESTION_ONE_IMAGE_ONE_CODE; exclude number/year/stars/badge/next-question/header; preserve full biological figure/labels/arrows/table/options
TAH-BIO-BIO26-L11-Q027,BIO26-PDF062-L11-S2-Q027,BIO26-L11,أحياء 2,البرمائيات,62,62,61,2,27,BIO26-M10,BIO26-S10-02,,,NOT_STARTED,NOT_RUN,ONE_QUESTION_ONE_IMAGE_ONE_CODE; exclude number/year/stars/badge/next-question/header; preserve full biological figure/labels/arrows/table/options
TAH-BIO-BIO26-L11-Q028,BIO26-PDF062-L11-S2-Q028,BIO26-L11,أحياء 2,البرمائيات,62,62,61,2,28,BIO26-M10,BIO26-S10-02,,,NOT_STARTED,NOT_RUN,ONE_QUESTION_ONE_IMAGE_ONE_CODE; exclude number/year/stars/badge/next-question/header; preserve full biological figure/labels/arrows/table/options
TAH-BIO-BIO26-L11-Q029,BIO26-PDF062-L11-S2-Q029,BIO26-L11,أحياء 2,البرمائيات,62,62,61,2,29,BIO26-M10,BIO26-S10-02,,,NOT_STARTED,NOT_RUN,ONE_QUESTION_ONE_IMAGE_ONE_CODE; exclude number/year/stars/badge/next-question/header; preserve full biological figure/labels/arrows/table/options
TAH-BIO-BIO26-L11-Q030,BIO26-PDF062-L11-S2-Q030,BIO26-L11,أحياء 2,البرمائيات,62,62,61,2,30,BIO26-M10,BIO26-S10-02,,,NOT_STARTED,NOT_RUN,ONE_QUESTION_ONE_IMAGE_ONE_CODE; exclude number/year/stars/badge/next-question/header; preserve full biological figure/labels/arrows/table/options
TAH-BIO-BIO26-L11-Q031,BIO26-PDF062-L11-S2-Q031,BIO26-L11,أحياء 2,البرمائيات,62,62,61,2,31,BIO26-M10,BIO26-S10-02,,,NOT_STARTED,NOT_RUN,ONE_QUESTION_ONE_IMAGE_ONE_CODE; exclude number/year/stars/badge/next-question/header; preserve full biological figure/labels/arrows/table/options
TAH-BIO-BIO26-L11-Q032,BIO26-PDF062-L11-S2-Q032,BIO26-L11,أحياء 2,البرمائيات,62,62,61,2,32,BIO26-M10,BIO26-S10-02,,,NOT_STARTED,NOT_RUN,ONE_QUESTION_ONE_IMAGE_ONE_CODE; exclude number/year/stars/badge/next-question/header; preserve full biological figure/labels/arrows/table/options
TAH-BIO-BIO26-L11-Q033,BIO26-PDF062-L11-S2-Q033,BIO26-L11,أحياء 2,البرمائيات,62,62,61,2,33,BIO26-M10,BIO26-S10-02,,,NOT_STARTED,NOT_RUN,ONE_QUESTION_ONE_IMAGE_ONE_CODE; exclude number/year/stars/badge/next-question/header; preserve full biological figure/labels/arrows/table/options
TAH-BIO-BIO26-L11-Q034,BIO26-PDF062-L11-S2-Q034,BIO26-L11,أحياء 2,البرمائيات,62,62,61,2,34,BIO26-M10,BIO26-S10-02,,,NOT_STARTED,NOT_RUN,ONE_QUESTION_ONE_IMAGE_ONE_CODE; exclude number/year/stars/badge/next-question/header; preserve full biological figure/labels/arrows/table/options
TAH-BIO-BIO26-L11-Q035,BIO26-PDF062-L11-S2-Q035,BIO26-L11,أحياء 2,البرمائيات,62,62,61,2,35,BIO26-M10,BIO26-S10-02,,,NOT_STARTED,NOT_RUN,ONE_QUESTION_ONE_IMAGE_ONE_CODE; exclude number/year/stars/badge/next-question/header; preserve full biological figure/labels/arrows/table/options
TAH-BIO-BIO26-L11-Q036,BIO26-PDF062-L11-S2-Q036,BIO26-L11,أحياء 2,البرمائيات,62,62,61,2,36,BIO26-M10,BIO26-S10-02,,,NOT_STARTED,NOT_RUN,ONE_QUESTION_ONE_IMAGE_ONE_CODE; exclude number/year/stars/badge/next-question/header; preserve full biological figure/labels/arrows/table/options
TAH-BIO-BIO26-L11-Q037,BIO26-PDF062-L11-S2-Q037,BIO26-L11,أحياء 2,البرمائيات,62,62,61,2,37,BIO26-M10,BIO26-S10-02,,,NOT_STARTED,NOT_RUN,ONE_QUESTION_ONE_IMAGE_ONE_CODE; exclude number/year/stars/badge/next-question/header; preserve full biological figure/labels/arrows/table/options
TAH-BIO-BIO26-L11-Q038,BIO26-PDF062-L11-S2-Q038,BIO26-L11,أحياء 2,البرمائيات,62,62,61,2,38,BIO26-M10,BIO26-S10-02,,,NOT_STARTED,NOT_RUN,ONE_QUESTION_ONE_IMAGE_ONE_CODE; exclude number/year/stars/badge/next-question/header; preserve full biological figure/labels/arrows/table/options
TAH-BIO-BIO26-L11-Q039,BIO26-PDF062-L11-S2-Q039,BIO26-L11,أحياء 2,البرمائيات,62,62,61,2,39,BIO26-M10,BIO26-S10-02,,,NOT_STARTED,NOT_RUN,ONE_QUESTION_ONE_IMAGE_ONE_CODE; exclude number/year/stars/badge/next-question/header; preserve full biological figure/labels/arrows/table/options
TAH-BIO-BIO26-L12-Q001,BIO26-PDF063-L12-S1-Q001,BIO26-L12,أحياء 2,الزواحف,63,63,62,1,1,BIO26-M10,BIO26-S10-02,,,NOT_STARTED,NOT_RUN,ONE_QUESTION_ONE_IMAGE_ONE_CODE; exclude number/year/stars/badge/next-question/header; preserve full biological figure/labels/arrows/table/options
TAH-BIO-BIO26-L12-Q002,BIO26-PDF063-L12-S1-Q002,BIO26-L12,أحياء 2,الزواحف,63,63,62,1,2,BIO26-M10,BIO26-S10-02,,,NOT_STARTED,NOT_RUN,ONE_QUESTION_ONE_IMAGE_ONE_CODE; exclude number/year/stars/badge/next-question/header; preserve full biological figure/labels/arrows/table/options
TAH-BIO-BIO26-L12-Q003,BIO26-PDF063-L12-S1-Q003,BIO26-L12,أحياء 2,الزواحف,63,63,62,1,3,BIO26-M10,BIO26-S10-02,,,NOT_STARTED,NOT_RUN,ONE_QUESTION_ONE_IMAGE_ONE_CODE; exclude number/year/stars/badge/next-question/header; preserve full biological figure/labels/arrows/table/options
TAH-BIO-BIO26-L12-Q004,BIO26-PDF063-L12-S1-Q004,BIO26-L12,أحياء 2,الزواحف,63,63,62,1,4,BIO26-M10,BIO26-S10-02,,,NOT_STARTED,NOT_RUN,ONE_QUESTION_ONE_IMAGE_ONE_CODE; exclude number/year/stars/badge/next-question/header; preserve full biological figure/labels/arrows/table/options
TAH-BIO-BIO26-L12-Q005,BIO26-PDF063-L12-S1-Q005,BIO26-L12,أحياء 2,الزواحف,63,63,62,1,5,BIO26-M10,BIO26-S10-02,,,NOT_STARTED,NOT_RUN,ONE_QUESTION_ONE_IMAGE_ONE_CODE; exclude number/year/stars/badge/next-question/header; preserve full biological figure/labels/arrows/table/options
TAH-BIO-BIO26-L12-Q006,BIO26-PDF063-L12-S1-Q006,BIO26-L12,أحياء 2,الزواحف,63,63,62,1,6,BIO26-M10,BIO26-S10-02,,,NOT_STARTED,NOT_RUN,ONE_QUESTION_ONE_IMAGE_ONE_CODE; exclude number/year/stars/badge/next-question/header; preserve full biological figure/labels/arrows/table/options
TAH-BIO-BIO26-L12-Q007,BIO26-PDF063-L12-S1-Q007,BIO26-L12,أحياء 2,الزواحف,63,63,62,1,7,BIO26-M10,BIO26-S10-02,,,NOT_STARTED,NOT_RUN,ONE_QUESTION_ONE_IMAGE_ONE_CODE; exclude number/year/stars/badge/next-question/header; preserve full biological figure/labels/arrows/table/options
TAH-BIO-BIO26-L12-Q008,BIO26-PDF063-L12-S1-Q008,BIO26-L12,أحياء 2,الزواحف,63,63,62,1,8,BIO26-M10,BIO26-S10-02,,,NOT_STARTED,NOT_RUN,ONE_QUESTION_ONE_IMAGE_ONE_CODE; exclude number/year/stars/badge/next-question/header; preserve full biological figure/labels/arrows/table/options
TAH-BIO-BIO26-L12-Q009,BIO26-PDF063-L12-S1-Q009,BIO26-L12,أحياء 2,الزواحف,63,63,62,1,9,BIO26-M10,BIO26-S10-02,,,NOT_STARTED,NOT_RUN,ONE_QUESTION_ONE_IMAGE_ONE_CODE; exclude number/year/stars/badge/next-question/header; preserve full biological figure/labels/arrows/table/options
TAH-BIO-BIO26-L12-Q010,BIO26-PDF063-L12-S1-Q010,BIO26-L12,أحياء 2,الزواحف,63,63,62,1,10,BIO26-M10,BIO26-S10-02,,,NOT_STARTED,NOT_RUN,ONE_QUESTION_ONE_IMAGE_ONE_CODE; exclude number/year/stars/badge/next-question/header; preserve full biological figure/labels/arrows/table/options
TAH-BIO-BIO26-L12-Q011,BIO26-PDF063-L12-S1-Q011,BIO26-L12,أحياء 2,الزواحف,63,63,62,1,11,BIO26-M10,BIO26-S10-02,,,NOT_STARTED,NOT_RUN,ONE_QUESTION_ONE_IMAGE_ONE_CODE; exclude number/year/stars/badge/next-question/header; preserve full biological figure/labels/arrows/table/options
TAH-BIO-BIO26-L12-Q012,BIO26-PDF063-L12-S1-Q012,BIO26-L12,أحياء 2,الزواحف,63,63,62,1,12,BIO26-M10,BIO26-S10-02,,,NOT_STARTED,NOT_RUN,ONE_QUESTION_ONE_IMAGE_ONE_CODE; exclude number/year/stars/badge/next-question/header; preserve full biological figure/labels/arrows/table/options
TAH-BIO-BIO26-L12-Q013,BIO26-PDF063-L12-S1-Q013,BIO26-L12,أحياء 2,الزواحف,63,63,62,1,13,BIO26-M10,BIO26-S10-02,,,NOT_STARTED,NOT_RUN,ONE_QUESTION_ONE_IMAGE_ONE_CODE; exclude number/year/stars/badge/next-question/header; preserve full biological figure/labels/arrows/table/options
TAH-BIO-BIO26-L12-Q014,BIO26-PDF063-L12-S1-Q014,BIO26-L12,أحياء 2,الزواحف,63,63,62,1,14,BIO26-M10,BIO26-S10-02,,,NOT_STARTED,NOT_RUN,ONE_QUESTION_ONE_IMAGE_ONE_CODE; exclude number/year/stars/badge/next-question/header; preserve full biological figure/labels/arrows/table/options
TAH-BIO-BIO26-L12-Q015,BIO26-PDF063-L12-S1-Q015,BIO26-L12,أحياء 2,الزواحف,63,63,62,1,15,BIO26-M10,BIO26-S10-02,,,NOT_STARTED,NOT_RUN,ONE_QUESTION_ONE_IMAGE_ONE_CODE; exclude number/year/stars/badge/next-question/header; preserve full biological figure/labels/arrows/table/options
TAH-BIO-BIO26-L12-Q016,BIO26-PDF064-L12-S1-Q016,BIO26-L12,أحياء 2,الزواحف,64,64,63,1,16,BIO26-M10,BIO26-S10-02,,,NOT_STARTED,NOT_RUN,ONE_QUESTION_ONE_IMAGE_ONE_CODE; exclude number/year/stars/badge/next-question/header; preserve full biological figure/labels/arrows/table/options
TAH-BIO-BIO26-L12-Q017,BIO26-PDF064-L12-S1-Q017,BIO26-L12,أحياء 2,الزواحف,64,64,63,1,17,BIO26-M10,BIO26-S10-02,,,NOT_STARTED,NOT_RUN,ONE_QUESTION_ONE_IMAGE_ONE_CODE; exclude number/year/stars/badge/next-question/header; preserve full biological figure/labels/arrows/table/options
TAH-BIO-BIO26-L12-Q018,BIO26-PDF064-L12-S1-Q018,BIO26-L12,أحياء 2,الزواحف,64,64,63,1,18,BIO26-M10,BIO26-S10-02,,,NOT_STARTED,NOT_RUN,ONE_QUESTION_ONE_IMAGE_ONE_CODE; exclude number/year/stars/badge/next-question/header; preserve full biological figure/labels/arrows/table/options
TAH-BIO-BIO26-L12-Q019,BIO26-PDF064-L12-S1-Q019,BIO26-L12,أحياء 2,الزواحف,64,64,63,1,19,BIO26-M10,BIO26-S10-02,,,NOT_STARTED,NOT_RUN,ONE_QUESTION_ONE_IMAGE_ONE_CODE; exclude number/year/stars/badge/next-question/header; preserve full biological figure/labels/arrows/table/options
TAH-BIO-BIO26-L12-Q020,BIO26-PDF064-L12-S1-Q020,BIO26-L12,أحياء 2,الزواحف,64,64,63,1,20,BIO26-M10,BIO26-S10-02,,,NOT_STARTED,NOT_RUN,ONE_QUESTION_ONE_IMAGE_ONE_CODE; exclude number/year/stars/badge/next-question/header; preserve full biological figure/labels/arrows/table/options
TAH-BIO-BIO26-L12-Q021,BIO26-PDF065-L12-S2-Q021,BIO26-L12,أحياء 2,الزواحف,65,65,64,2,21,BIO26-M10,BIO26-S10-02,,,NOT_STARTED,NOT_RUN,ONE_QUESTION_ONE_IMAGE_ONE_CODE; exclude number/year/stars/badge/next-question/header; preserve full biological figure/labels/arrows/table/options
TAH-BIO-BIO26-L12-Q022,BIO26-PDF065-L12-S2-Q022,BIO26-L12,أحياء 2,الزواحف,65,65,64,2,22,BIO26-M10,BIO26-S10-02,,,NOT_STARTED,NOT_RUN,ONE_QUESTION_ONE_IMAGE_ONE_CODE; exclude number/year/stars/badge/next-question/header; preserve full biological figure/labels/arrows/table/options
TAH-BIO-BIO26-L12-Q023,BIO26-PDF065-L12-S2-Q023,BIO26-L12,أحياء 2,الزواحف,65,65,64,2,23,BIO26-M10,BIO26-S10-02,,,NOT_STARTED,NOT_RUN,ONE_QUESTION_ONE_IMAGE_ONE_CODE; exclude number/year/stars/badge/next-question/header; preserve full biological figure/labels/arrows/table/options
TAH-BIO-BIO26-L12-Q024,BIO26-PDF065-L12-S2-Q024,BIO26-L12,أحياء 2,الزواحف,65,65,64,2,24,BIO26-M10,BIO26-S10-02,,,NOT_STARTED,NOT_RUN,ONE_QUESTION_ONE_IMAGE_ONE_CODE; exclude number/year/stars/badge/next-question/header; preserve full biological figure/labels/arrows/table/options
TAH-BIO-BIO26-L12-Q025,BIO26-PDF065-L12-S2-Q025,BIO26-L12,أحياء 2,الزواحف,65,65,64,2,25,BIO26-M10,BIO26-S10-02,,,NOT_STARTED,NOT_RUN,ONE_QUESTION_ONE_IMAGE_ONE_CODE; exclude number/year/stars/badge/next-question/header; preserve full biological figure/labels/arrows/table/options
TAH-BIO-BIO26-L12-Q026,BIO26-PDF065-L12-S2-Q026,BIO26-L12,أحياء 2,الزواحف,65,65,64,2,26,BIO26-M10,BIO26-S10-02,,,NOT_STARTED,NOT_RUN,ONE_QUESTION_ONE_IMAGE_ONE_CODE; exclude number/year/stars/badge/next-question/header; preserve full biological figure/labels/arrows/table/options
TAH-BIO-BIO26-L12-Q027,BIO26-PDF065-L12-S2-Q027,BIO26-L12,أحياء 2,الزواحف,65,65,64,2,27,BIO26-M10,BIO26-S10-02,,,NOT_STARTED,NOT_RUN,ONE_QUESTION_ONE_IMAGE_ONE_CODE; exclude number/year/stars/badge/next-question/header; preserve full biological figure/labels/arrows/table/options
TAH-BIO-BIO26-L12-Q028,BIO26-PDF065-L12-S2-Q028,BIO26-L12,أحياء 2,الزواحف,65,65,64,2,28,BIO26-M10,BIO26-S10-02,,,NOT_STARTED,NOT_RUN,ONE_QUESTION_ONE_IMAGE_ONE_CODE; exclude number/year/stars/badge/next-question/header; preserve full biological figure/labels/arrows/table/options
TAH-BIO-BIO26-L12-Q029,BIO26-PDF065-L12-S2-Q029,BIO26-L12,أحياء 2,الزواحف,65,65,64,2,29,BIO26-M10,BIO26-S10-02,,,NOT_STARTED,NOT_RUN,ONE_QUESTION_ONE_IMAGE_ONE_CODE; exclude number/year/stars/badge/next-question/header; preserve full biological figure/labels/arrows/table/options
TAH-BIO-BIO26-L12-Q030,BIO26-PDF065-L12-S2-Q030,BIO26-L12,أحياء 2,الزواحف,65,65,64,2,30,BIO26-M10,BIO26-S10-02,,,NOT_STARTED,NOT_RUN,ONE_QUESTION_ONE_IMAGE_ONE_CODE; exclude number/year/stars/badge/next-question/header; preserve full biological figure/labels/arrows/table/options
TAH-BIO-BIO26-L12-Q031,BIO26-PDF065-L12-S2-Q031,BIO26-L12,أحياء 2,الزواحف,65,65,64,2,31,BIO26-M10,BIO26-S10-02,,,NOT_STARTED,NOT_RUN,ONE_QUESTION_ONE_IMAGE_ONE_CODE; exclude number/year/stars/badge/next-question/header; preserve full biological figure/labels/arrows/table/options
TAH-BIO-BIO26-L12-Q032,BIO26-PDF065-L12-S2-Q032,BIO26-L12,أحياء 2,الزواحف,65,65,64,2,32,BIO26-M10,BIO26-S10-02,,,NOT_STARTED,NOT_RUN,ONE_QUESTION_ONE_IMAGE_ONE_CODE; exclude number/year/stars/badge/next-question/header; preserve full biological figure/labels/arrows/table/options
TAH-BIO-BIO26-L12-Q033,BIO26-PDF065-L12-S2-Q033,BIO26-L12,أحياء 2,الزواحف,65,65,64,2,33,BIO26-M10,BIO26-S10-02,,,NOT_STARTED,NOT_RUN,ONE_QUESTION_ONE_IMAGE_ONE_CODE; exclude number/year/stars/badge/next-question/header; preserve full biological figure/labels/arrows/table/options
TAH-BIO-BIO26-L12-Q034,BIO26-PDF065-L12-S2-Q034,BIO26-L12,أحياء 2,الزواحف,65,65,64,2,34,BIO26-M10,BIO26-S10-02,,,NOT_STARTED,NOT_RUN,ONE_QUESTION_ONE_IMAGE_ONE_CODE; exclude number/year/stars/badge/next-question/header; preserve full biological figure/labels/arrows/table/options
TAH-BIO-BIO26-L12-Q035,BIO26-PDF065-L12-S2-Q035,BIO26-L12,أحياء 2,الزواحف,65,65,64,2,35,BIO26-M10,BIO26-S10-02,,,NOT_STARTED,NOT_RUN,ONE_QUESTION_ONE_IMAGE_ONE_CODE; exclude number/year/stars/badge/next-question/header; preserve full biological figure/labels/arrows/table/options
TAH-BIO-BIO26-L12-Q036,BIO26-PDF065-L12-S2-Q036,BIO26-L12,أحياء 2,الزواحف,65,65,64,2,36,BIO26-M10,BIO26-S10-02,,,NOT_STARTED,NOT_RUN,ONE_QUESTION_ONE_IMAGE_ONE_CODE; exclude number/year/stars/badge/next-question/header; preserve full biological figure/labels/arrows/table/options
TAH-BIO-BIO26-L12-Q037,BIO26-PDF065-L12-S2-Q037,BIO26-L12,أحياء 2,الزواحف,65,65,64,2,37,BIO26-M10,BIO26-S10-02,,,NOT_STARTED,NOT_RUN,ONE_QUESTION_ONE_IMAGE_ONE_CODE; exclude number/year/stars/badge/next-question/header; preserve full biological figure/labels/arrows/table/options
TAH-BIO-BIO26-L13-Q001,BIO26-PDF066-L13-S1-Q001,BIO26-L13,أحياء 2,الطيور,66,66,65,1,1,BIO26-M10,BIO26-S10-03,,,NOT_STARTED,NOT_RUN,ONE_QUESTION_ONE_IMAGE_ONE_CODE; exclude number/year/stars/badge/next-question/header; preserve full biological figure/labels/arrows/table/options
TAH-BIO-BIO26-L13-Q002,BIO26-PDF066-L13-S1-Q002,BIO26-L13,أحياء 2,الطيور,66,66,65,1,2,BIO26-M10,BIO26-S10-03,,,NOT_STARTED,NOT_RUN,ONE_QUESTION_ONE_IMAGE_ONE_CODE; exclude number/year/stars/badge/next-question/header; preserve full biological figure/labels/arrows/table/options
TAH-BIO-BIO26-L13-Q003,BIO26-PDF066-L13-S1-Q003,BIO26-L13,أحياء 2,الطيور,66,66,65,1,3,BIO26-M10,BIO26-S10-03,,,NOT_STARTED,NOT_RUN,ONE_QUESTION_ONE_IMAGE_ONE_CODE; exclude number/year/stars/badge/next-question/header; preserve full biological figure/labels/arrows/table/options
TAH-BIO-BIO26-L13-Q004,BIO26-PDF066-L13-S1-Q004,BIO26-L13,أحياء 2,الطيور,66,66,65,1,4,BIO26-M10,BIO26-S10-03,,,NOT_STARTED,NOT_RUN,ONE_QUESTION_ONE_IMAGE_ONE_CODE; exclude number/year/stars/badge/next-question/header; preserve full biological figure/labels/arrows/table/options
TAH-BIO-BIO26-L13-Q005,BIO26-PDF066-L13-S1-Q005,BIO26-L13,أحياء 2,الطيور,66,66,65,1,5,BIO26-M10,BIO26-S10-03,,,NOT_STARTED,NOT_RUN,ONE_QUESTION_ONE_IMAGE_ONE_CODE; exclude number/year/stars/badge/next-question/header; preserve full biological figure/labels/arrows/table/options
TAH-BIO-BIO26-L13-Q006,BIO26-PDF066-L13-S1-Q006,BIO26-L13,أحياء 2,الطيور,66,66,65,1,6,BIO26-M10,BIO26-S10-03,,,NOT_STARTED,NOT_RUN,ONE_QUESTION_ONE_IMAGE_ONE_CODE; exclude number/year/stars/badge/next-question/header; preserve full biological figure/labels/arrows/table/options
TAH-BIO-BIO26-L13-Q007,BIO26-PDF066-L13-S1-Q007,BIO26-L13,أحياء 2,الطيور,66,66,65,1,7,BIO26-M10,BIO26-S10-03,,,NOT_STARTED,NOT_RUN,ONE_QUESTION_ONE_IMAGE_ONE_CODE; exclude number/year/stars/badge/next-question/header; preserve full biological figure/labels/arrows/table/options
TAH-BIO-BIO26-L13-Q008,BIO26-PDF066-L13-S1-Q008,BIO26-L13,أحياء 2,الطيور,66,66,65,1,8,BIO26-M10,BIO26-S10-03,,,NOT_STARTED,NOT_RUN,ONE_QUESTION_ONE_IMAGE_ONE_CODE; exclude number/year/stars/badge/next-question/header; preserve full biological figure/labels/arrows/table/options
TAH-BIO-BIO26-L13-Q009,BIO26-PDF066-L13-S1-Q009,BIO26-L13,أحياء 2,الطيور,66,66,65,1,9,BIO26-M10,BIO26-S10-03,,,NOT_STARTED,NOT_RUN,ONE_QUESTION_ONE_IMAGE_ONE_CODE; exclude number/year/stars/badge/next-question/header; preserve full biological figure/labels/arrows/table/options
TAH-BIO-BIO26-L13-Q010,BIO26-PDF066-L13-S1-Q010,BIO26-L13,أحياء 2,الطيور,66,66,65,1,10,BIO26-M10,BIO26-S10-03,,,NOT_STARTED,NOT_RUN,ONE_QUESTION_ONE_IMAGE_ONE_CODE; exclude number/year/stars/badge/next-question/header; preserve full biological figure/labels/arrows/table/options
TAH-BIO-BIO26-L13-Q011,BIO26-PDF066-L13-S1-Q011,BIO26-L13,أحياء 2,الطيور,66,66,65,1,11,BIO26-M10,BIO26-S10-03,,,NOT_STARTED,NOT_RUN,ONE_QUESTION_ONE_IMAGE_ONE_CODE; exclude number/year/stars/badge/next-question/header; preserve full biological figure/labels/arrows/table/options
TAH-BIO-BIO26-L13-Q012,BIO26-PDF066-L13-S1-Q012,BIO26-L13,أحياء 2,الطيور,66,66,65,1,12,BIO26-M10,BIO26-S10-03,,,NOT_STARTED,NOT_RUN,ONE_QUESTION_ONE_IMAGE_ONE_CODE; exclude number/year/stars/badge/next-question/header; preserve full biological figure/labels/arrows/table/options
TAH-BIO-BIO26-L13-Q013,BIO26-PDF066-L13-S1-Q013,BIO26-L13,أحياء 2,الطيور,66,66,65,1,13,BIO26-M10,BIO26-S10-03,,,NOT_STARTED,NOT_RUN,ONE_QUESTION_ONE_IMAGE_ONE_CODE; exclude number/year/stars/badge/next-question/header; preserve full biological figure/labels/arrows/table/options
TAH-BIO-BIO26-L13-Q014,BIO26-PDF066-L13-S1-Q014,BIO26-L13,أحياء 2,الطيور,66,66,65,1,14,BIO26-M10,BIO26-S10-03,,,NOT_STARTED,NOT_RUN,ONE_QUESTION_ONE_IMAGE_ONE_CODE; exclude number/year/stars/badge/next-question/header; preserve full biological figure/labels/arrows/table/options
TAH-BIO-BIO26-L13-Q015,BIO26-PDF066-L13-S1-Q015,BIO26-L13,أحياء 2,الطيور,66,66,65,1,15,BIO26-M10,BIO26-S10-03,,,NOT_STARTED,NOT_RUN,ONE_QUESTION_ONE_IMAGE_ONE_CODE; exclude number/year/stars/badge/next-question/header; preserve full biological figure/labels/arrows/table/options
TAH-BIO-BIO26-L13-Q016,BIO26-PDF067-L13-S2-Q016,BIO26-L13,أحياء 2,الطيور,67,67,66,2,16,BIO26-M10,BIO26-S10-03,,,NOT_STARTED,NOT_RUN,ONE_QUESTION_ONE_IMAGE_ONE_CODE; exclude number/year/stars/badge/next-question/header; preserve full biological figure/labels/arrows/table/options
TAH-BIO-BIO26-L13-Q017,BIO26-PDF067-L13-S2-Q017,BIO26-L13,أحياء 2,الطيور,67,67,66,2,17,BIO26-M10,BIO26-S10-03,,,NOT_STARTED,NOT_RUN,ONE_QUESTION_ONE_IMAGE_ONE_CODE; exclude number/year/stars/badge/next-question/header; preserve full biological figure/labels/arrows/table/options
TAH-BIO-BIO26-L13-Q018,BIO26-PDF067-L13-S2-Q018,BIO26-L13,أحياء 2,الطيور,67,67,66,2,18,BIO26-M10,BIO26-S10-03,,,NOT_STARTED,NOT_RUN,ONE_QUESTION_ONE_IMAGE_ONE_CODE; exclude number/year/stars/badge/next-question/header; preserve full biological figure/labels/arrows/table/options
TAH-BIO-BIO26-L13-Q019,BIO26-PDF067-L13-S2-Q019,BIO26-L13,أحياء 2,الطيور,67,67,66,2,19,BIO26-M10,BIO26-S10-03,,,NOT_STARTED,NOT_RUN,ONE_QUESTION_ONE_IMAGE_ONE_CODE; exclude number/year/stars/badge/next-question/header; preserve full biological figure/labels/arrows/table/options
TAH-BIO-BIO26-L13-Q020,BIO26-PDF067-L13-S2-Q020,BIO26-L13,أحياء 2,الطيور,67,67,66,2,20,BIO26-M10,BIO26-S10-03,,,NOT_STARTED,NOT_RUN,ONE_QUESTION_ONE_IMAGE_ONE_CODE; exclude number/year/stars/badge/next-question/header; preserve full biological figure/labels/arrows/table/options
TAH-BIO-BIO26-L13-Q021,BIO26-PDF067-L13-S2-Q021,BIO26-L13,أحياء 2,الطيور,67,67,66,2,21,BIO26-M10,BIO26-S10-03,,,NOT_STARTED,NOT_RUN,ONE_QUESTION_ONE_IMAGE_ONE_CODE; exclude number/year/stars/badge/next-question/header; preserve full biological figure/labels/arrows/table/options
TAH-BIO-BIO26-L13-Q022,BIO26-PDF067-L13-S2-Q022,BIO26-L13,أحياء 2,الطيور,67,67,66,2,22,BIO26-M10,BIO26-S10-03,,,NOT_STARTED,NOT_RUN,ONE_QUESTION_ONE_IMAGE_ONE_CODE; exclude number/year/stars/badge/next-question/header; preserve full biological figure/labels/arrows/table/options
TAH-BIO-BIO26-L13-Q023,BIO26-PDF067-L13-S2-Q023,BIO26-L13,أحياء 2,الطيور,67,67,66,2,23,BIO26-M10,BIO26-S10-03,,,NOT_STARTED,NOT_RUN,ONE_QUESTION_ONE_IMAGE_ONE_CODE; exclude number/year/stars/badge/next-question/header; preserve full biological figure/labels/arrows/table/options
TAH-BIO-BIO26-L13-Q024,BIO26-PDF067-L13-S2-Q024,BIO26-L13,أحياء 2,الطيور,67,67,66,2,24,BIO26-M10,BIO26-S10-03,,,NOT_STARTED,NOT_RUN,ONE_QUESTION_ONE_IMAGE_ONE_CODE; exclude number/year/stars/badge/next-question/header; preserve full biological figure/labels/arrows/table/options
TAH-BIO-BIO26-L13-Q025,BIO26-PDF067-L13-S2-Q025,BIO26-L13,أحياء 2,الطيور,67,67,66,2,25,BIO26-M10,BIO26-S10-03,,,NOT_STARTED,NOT_RUN,ONE_QUESTION_ONE_IMAGE_ONE_CODE; exclude number/year/stars/badge/next-question/header; preserve full biological figure/labels/arrows/table/options
TAH-BIO-BIO26-L13-Q026,BIO26-PDF067-L13-S2-Q026,BIO26-L13,أحياء 2,الطيور,67,67,66,2,26,BIO26-M10,BIO26-S10-03,,,NOT_STARTED,NOT_RUN,ONE_QUESTION_ONE_IMAGE_ONE_CODE; exclude number/year/stars/badge/next-question/header; preserve full biological figure/labels/arrows/table/options
TAH-BIO-BIO26-L13-Q027,BIO26-PDF067-L13-S2-Q027,BIO26-L13,أحياء 2,الطيور,67,67,66,2,27,BIO26-M10,BIO26-S10-03,,,NOT_STARTED,NOT_RUN,ONE_QUESTION_ONE_IMAGE_ONE_CODE; exclude number/year/stars/badge/next-question/header; preserve full biological figure/labels/arrows/table/options
TAH-BIO-BIO26-L13-Q028,BIO26-PDF067-L13-S2-Q028,BIO26-L13,أحياء 2,الطيور,67,67,66,2,28,BIO26-M10,BIO26-S10-03,,,NOT_STARTED,NOT_RUN,ONE_QUESTION_ONE_IMAGE_ONE_CODE; exclude number/year/stars/badge/next-question/header; preserve full biological figure/labels/arrows/table/options
TAH-BIO-BIO26-L13-Q029,BIO26-PDF067-L13-S2-Q029,BIO26-L13,أحياء 2,الطيور,67,67,66,2,29,BIO26-M10,BIO26-S10-03,,,NOT_STARTED,NOT_RUN,ONE_QUESTION_ONE_IMAGE_ONE_CODE; exclude number/year/stars/badge/next-question/header; preserve full biological figure/labels/arrows/table/options
TAH-BIO-BIO26-L13-Q030,BIO26-PDF067-L13-S2-Q030,BIO26-L13,أحياء 2,الطيور,67,67,66,2,30,BIO26-M10,BIO26-S10-03,,,NOT_STARTED,NOT_RUN,ONE_QUESTION_ONE_IMAGE_ONE_CODE; exclude number/year/stars/badge/next-question/header; preserve full biological figure/labels/arrows/table/options
TAH-BIO-BIO26-L13-Q031,BIO26-PDF067-L13-S2-Q031,BIO26-L13,أحياء 2,الطيور,67,67,66,2,31,BIO26-M10,BIO26-S10-03,,,NOT_STARTED,NOT_RUN,ONE_QUESTION_ONE_IMAGE_ONE_CODE; exclude number/year/stars/badge/next-question/header; preserve full biological figure/labels/arrows/table/options
TAH-BIO-BIO26-L13-Q032,BIO26-PDF067-L13-S2-Q032,BIO26-L13,أحياء 2,الطيور,67,67,66,2,32,BIO26-M10,BIO26-S10-03,,,NOT_STARTED,NOT_RUN,ONE_QUESTION_ONE_IMAGE_ONE_CODE; exclude number/year/stars/badge/next-question/header; preserve full biological figure/labels/arrows/table/options
TAH-BIO-BIO26-L14-Q001,BIO26-PDF068-L14-S1-Q001,BIO26-L14,أحياء 2,الثدييات,68,68,67,1,1,BIO26-M10,BIO26-S10-03,,,NOT_STARTED,NOT_RUN,ONE_QUESTION_ONE_IMAGE_ONE_CODE; exclude number/year/stars/badge/next-question/header; preserve full biological figure/labels/arrows/table/options
TAH-BIO-BIO26-L14-Q002,BIO26-PDF068-L14-S1-Q002,BIO26-L14,أحياء 2,الثدييات,68,68,67,1,2,BIO26-M10,BIO26-S10-03,,,NOT_STARTED,NOT_RUN,ONE_QUESTION_ONE_IMAGE_ONE_CODE; exclude number/year/stars/badge/next-question/header; preserve full biological figure/labels/arrows/table/options
TAH-BIO-BIO26-L14-Q003,BIO26-PDF068-L14-S1-Q003,BIO26-L14,أحياء 2,الثدييات,68,68,67,1,3,BIO26-M10,BIO26-S10-03,,,NOT_STARTED,NOT_RUN,ONE_QUESTION_ONE_IMAGE_ONE_CODE; exclude number/year/stars/badge/next-question/header; preserve full biological figure/labels/arrows/table/options
TAH-BIO-BIO26-L14-Q004,BIO26-PDF068-L14-S1-Q004,BIO26-L14,أحياء 2,الثدييات,68,68,67,1,4,BIO26-M10,BIO26-S10-03,,,NOT_STARTED,NOT_RUN,ONE_QUESTION_ONE_IMAGE_ONE_CODE; exclude number/year/stars/badge/next-question/header; preserve full biological figure/labels/arrows/table/options
TAH-BIO-BIO26-L14-Q005,BIO26-PDF068-L14-S1-Q005,BIO26-L14,أحياء 2,الثدييات,68,68,67,1,5,BIO26-M10,BIO26-S10-03,,,NOT_STARTED,NOT_RUN,ONE_QUESTION_ONE_IMAGE_ONE_CODE; exclude number/year/stars/badge/next-question/header; preserve full biological figure/labels/arrows/table/options
TAH-BIO-BIO26-L14-Q006,BIO26-PDF068-L14-S1-Q006,BIO26-L14,أحياء 2,الثدييات,68,68,67,1,6,BIO26-M10,BIO26-S10-03,,,NOT_STARTED,NOT_RUN,ONE_QUESTION_ONE_IMAGE_ONE_CODE; exclude number/year/stars/badge/next-question/header; preserve full biological figure/labels/arrows/table/options
TAH-BIO-BIO26-L14-Q007,BIO26-PDF068-L14-S1-Q007,BIO26-L14,أحياء 2,الثدييات,68,68,67,1,7,BIO26-M10,BIO26-S10-03,,,NOT_STARTED,NOT_RUN,ONE_QUESTION_ONE_IMAGE_ONE_CODE; exclude number/year/stars/badge/next-question/header; preserve full biological figure/labels/arrows/table/options
TAH-BIO-BIO26-L14-Q008,BIO26-PDF068-L14-S1-Q008,BIO26-L14,أحياء 2,الثدييات,68,68,67,1,8,BIO26-M10,BIO26-S10-03,,,NOT_STARTED,NOT_RUN,ONE_QUESTION_ONE_IMAGE_ONE_CODE; exclude number/year/stars/badge/next-question/header; preserve full biological figure/labels/arrows/table/options
TAH-BIO-BIO26-L14-Q009,BIO26-PDF068-L14-S1-Q009,BIO26-L14,أحياء 2,الثدييات,68,68,67,1,9,BIO26-M10,BIO26-S10-03,,,NOT_STARTED,NOT_RUN,ONE_QUESTION_ONE_IMAGE_ONE_CODE; exclude number/year/stars/badge/next-question/header; preserve full biological figure/labels/arrows/table/options
TAH-BIO-BIO26-L14-Q010,BIO26-PDF068-L14-S1-Q010,BIO26-L14,أحياء 2,الثدييات,68,68,67,1,10,BIO26-M10,BIO26-S10-03,,,NOT_STARTED,NOT_RUN,ONE_QUESTION_ONE_IMAGE_ONE_CODE; exclude number/year/stars/badge/next-question/header; preserve full biological figure/labels/arrows/table/options
TAH-BIO-BIO26-L14-Q011,BIO26-PDF068-L14-S1-Q011,BIO26-L14,أحياء 2,الثدييات,68,68,67,1,11,BIO26-M10,BIO26-S10-03,,,NOT_STARTED,NOT_RUN,ONE_QUESTION_ONE_IMAGE_ONE_CODE; exclude number/year/stars/badge/next-question/header; preserve full biological figure/labels/arrows/table/options
TAH-BIO-BIO26-L14-Q012,BIO26-PDF068-L14-S1-Q012,BIO26-L14,أحياء 2,الثدييات,68,68,67,1,12,BIO26-M10,BIO26-S10-03,,,NOT_STARTED,NOT_RUN,ONE_QUESTION_ONE_IMAGE_ONE_CODE; exclude number/year/stars/badge/next-question/header; preserve full biological figure/labels/arrows/table/options
TAH-BIO-BIO26-L14-Q013,BIO26-PDF068-L14-S1-Q013,BIO26-L14,أحياء 2,الثدييات,68,68,67,1,13,BIO26-M10,BIO26-S10-03,,,NOT_STARTED,NOT_RUN,ONE_QUESTION_ONE_IMAGE_ONE_CODE; exclude number/year/stars/badge/next-question/header; preserve full biological figure/labels/arrows/table/options
TAH-BIO-BIO26-L14-Q014,BIO26-PDF068-L14-S1-Q014,BIO26-L14,أحياء 2,الثدييات,68,68,67,1,14,BIO26-M10,BIO26-S10-03,,,NOT_STARTED,NOT_RUN,ONE_QUESTION_ONE_IMAGE_ONE_CODE; exclude number/year/stars/badge/next-question/header; preserve full biological figure/labels/arrows/table/options
TAH-BIO-BIO26-L14-Q015,BIO26-PDF068-L14-S1-Q015,BIO26-L14,أحياء 2,الثدييات,68,68,67,1,15,BIO26-M10,BIO26-S10-03,,,NOT_STARTED,NOT_RUN,ONE_QUESTION_ONE_IMAGE_ONE_CODE; exclude number/year/stars/badge/next-question/header; preserve full biological figure/labels/arrows/table/options
TAH-BIO-BIO26-L14-Q016,BIO26-PDF068-L14-S1-Q016,BIO26-L14,أحياء 2,الثدييات,68,68,67,1,16,BIO26-M10,BIO26-S10-03,,,NOT_STARTED,NOT_RUN,ONE_QUESTION_ONE_IMAGE_ONE_CODE; exclude number/year/stars/badge/next-question/header; preserve full biological figure/labels/arrows/table/options
TAH-BIO-BIO26-L14-Q017,BIO26-PDF069-L14-S1-Q017,BIO26-L14,أحياء 2,الثدييات,69,69,68,1,17,BIO26-M10,BIO26-S10-03,,,NOT_STARTED,NOT_RUN,ONE_QUESTION_ONE_IMAGE_ONE_CODE; exclude number/year/stars/badge/next-question/header; preserve full biological figure/labels/arrows/table/options
TAH-BIO-BIO26-L14-Q018,BIO26-PDF069-L14-S1-Q018,BIO26-L14,أحياء 2,الثدييات,69,69,68,1,18,BIO26-M10,BIO26-S10-03,,,NOT_STARTED,NOT_RUN,ONE_QUESTION_ONE_IMAGE_ONE_CODE; exclude number/year/stars/badge/next-question/header; preserve full biological figure/labels/arrows/table/options
TAH-BIO-BIO26-L14-Q019,BIO26-PDF069-L14-S1-Q019,BIO26-L14,أحياء 2,الثدييات,69,69,68,1,19,BIO26-M10,BIO26-S10-03,,,NOT_STARTED,NOT_RUN,ONE_QUESTION_ONE_IMAGE_ONE_CODE; exclude number/year/stars/badge/next-question/header; preserve full biological figure/labels/arrows/table/options
TAH-BIO-BIO26-L14-Q020,BIO26-PDF069-L14-S1-Q020,BIO26-L14,أحياء 2,الثدييات,69,69,68,1,20,BIO26-M10,BIO26-S10-03,,,NOT_STARTED,NOT_RUN,ONE_QUESTION_ONE_IMAGE_ONE_CODE; exclude number/year/stars/badge/next-question/header; preserve full biological figure/labels/arrows/table/options
TAH-BIO-BIO26-L14-Q021,BIO26-PDF069-L14-S1-Q021,BIO26-L14,أحياء 2,الثدييات,69,69,68,1,21,BIO26-M10,BIO26-S10-03,,,NOT_STARTED,NOT_RUN,ONE_QUESTION_ONE_IMAGE_ONE_CODE; exclude number/year/stars/badge/next-question/header; preserve full biological figure/labels/arrows/table/options
TAH-BIO-BIO26-L14-Q022,BIO26-PDF069-L14-S1-Q022,BIO26-L14,أحياء 2,الثدييات,69,69,68,1,22,BIO26-M10,BIO26-S10-03,,,NOT_STARTED,NOT_RUN,ONE_QUESTION_ONE_IMAGE_ONE_CODE; exclude number/year/stars/badge/next-question/header; preserve full biological figure/labels/arrows/table/options
TAH-BIO-BIO26-L14-Q023,BIO26-PDF069-L14-S1-Q023,BIO26-L14,أحياء 2,الثدييات,69,69,68,1,23,BIO26-M10,BIO26-S10-03,,,NOT_STARTED,NOT_RUN,ONE_QUESTION_ONE_IMAGE_ONE_CODE; exclude number/year/stars/badge/next-question/header; preserve full biological figure/labels/arrows/table/options
TAH-BIO-BIO26-L14-Q024,BIO26-PDF069-L14-S1-Q024,BIO26-L14,أحياء 2,الثدييات,69,69,68,1,24,BIO26-M10,BIO26-S10-03,,,NOT_STARTED,NOT_RUN,ONE_QUESTION_ONE_IMAGE_ONE_CODE; exclude number/year/stars/badge/next-question/header; preserve full biological figure/labels/arrows/table/options
TAH-BIO-BIO26-L14-Q025,BIO26-PDF069-L14-S1-Q025,BIO26-L14,أحياء 2,الثدييات,69,69,68,1,25,BIO26-M10,BIO26-S10-03,,,NOT_STARTED,NOT_RUN,ONE_QUESTION_ONE_IMAGE_ONE_CODE; exclude number/year/stars/badge/next-question/header; preserve full biological figure/labels/arrows/table/options
TAH-BIO-BIO26-L14-Q026,BIO26-PDF069-L14-S1-Q026,BIO26-L14,أحياء 2,الثدييات,69,69,68,1,26,BIO26-M10,BIO26-S10-03,,,NOT_STARTED,NOT_RUN,ONE_QUESTION_ONE_IMAGE_ONE_CODE; exclude number/year/stars/badge/next-question/header; preserve full biological figure/labels/arrows/table/options
TAH-BIO-BIO26-L14-Q027,BIO26-PDF069-L14-S1-Q027,BIO26-L14,أحياء 2,الثدييات,69,69,68,1,27,BIO26-M10,BIO26-S10-03,,,NOT_STARTED,NOT_RUN,ONE_QUESTION_ONE_IMAGE_ONE_CODE; exclude number/year/stars/badge/next-question/header; preserve full biological figure/labels/arrows/table/options
TAH-BIO-BIO26-L14-Q028,BIO26-PDF069-L14-S1-Q028,BIO26-L14,أحياء 2,الثدييات,69,69,68,1,28,BIO26-M10,BIO26-S10-03,,,NOT_STARTED,NOT_RUN,ONE_QUESTION_ONE_IMAGE_ONE_CODE; exclude number/year/stars/badge/next-question/header; preserve full biological figure/labels/arrows/table/options
TAH-BIO-BIO26-L14-Q029,BIO26-PDF069-L14-S1-Q029,BIO26-L14,أحياء 2,الثدييات,69,69,68,1,29,BIO26-M10,BIO26-S10-03,,,NOT_STARTED,NOT_RUN,ONE_QUESTION_ONE_IMAGE_ONE_CODE; exclude number/year/stars/badge/next-question/header; preserve full biological figure/labels/arrows/table/options
TAH-BIO-BIO26-L14-Q030,BIO26-PDF069-L14-S1-Q030,BIO26-L14,أحياء 2,الثدييات,69,69,68,1,30,BIO26-M10,BIO26-S10-03,,,NOT_STARTED,NOT_RUN,ONE_QUESTION_ONE_IMAGE_ONE_CODE; exclude number/year/stars/badge/next-question/header; preserve full biological figure/labels/arrows/table/options
TAH-BIO-BIO26-L14-Q031,BIO26-PDF069-L14-S1-Q031,BIO26-L14,أحياء 2,الثدييات,69,69,68,1,31,BIO26-M10,BIO26-S10-03,,,NOT_STARTED,NOT_RUN,ONE_QUESTION_ONE_IMAGE_ONE_CODE; exclude number/year/stars/badge/next-question/header; preserve full biological figure/labels/arrows/table/options
TAH-BIO-BIO26-L14-Q032,BIO26-PDF069-L14-S1-Q032,BIO26-L14,أحياء 2,الثدييات,69,69,68,1,32,BIO26-M10,BIO26-S10-03,,,NOT_STARTED,NOT_RUN,ONE_QUESTION_ONE_IMAGE_ONE_CODE; exclude number/year/stars/badge/next-question/header; preserve full biological figure/labels/arrows/table/options
TAH-BIO-BIO26-L14-Q033,BIO26-PDF070-L14-S1-Q033,BIO26-L14,أحياء 2,الثدييات,70,70,69,1,33,BIO26-M10,BIO26-S10-03,,,NOT_STARTED,NOT_RUN,ONE_QUESTION_ONE_IMAGE_ONE_CODE; exclude number/year/stars/badge/next-question/header; preserve full biological figure/labels/arrows/table/options
TAH-BIO-BIO26-L14-Q034,BIO26-PDF070-L14-S1-Q034,BIO26-L14,أحياء 2,الثدييات,70,70,69,1,34,BIO26-M10,BIO26-S10-03,,,NOT_STARTED,NOT_RUN,ONE_QUESTION_ONE_IMAGE_ONE_CODE; exclude number/year/stars/badge/next-question/header; preserve full biological figure/labels/arrows/table/options
TAH-BIO-BIO26-L14-Q035,BIO26-PDF070-L14-S1-Q035,BIO26-L14,أحياء 2,الثدييات,70,70,69,1,35,BIO26-M10,BIO26-S10-03,,,NOT_STARTED,NOT_RUN,ONE_QUESTION_ONE_IMAGE_ONE_CODE; exclude number/year/stars/badge/next-question/header; preserve full biological figure/labels/arrows/table/options
TAH-BIO-BIO26-L14-Q036,BIO26-PDF070-L14-S1-Q036,BIO26-L14,أحياء 2,الثدييات,70,70,69,1,36,BIO26-M10,BIO26-S10-03,,,NOT_STARTED,NOT_RUN,ONE_QUESTION_ONE_IMAGE_ONE_CODE; exclude number/year/stars/badge/next-question/header; preserve full biological figure/labels/arrows/table/options
TAH-BIO-BIO26-L14-Q037,BIO26-PDF070-L14-S1-Q037,BIO26-L14,أحياء 2,الثدييات,70,70,69,1,37,BIO26-M10,BIO26-S10-03,,,NOT_STARTED,NOT_RUN,ONE_QUESTION_ONE_IMAGE_ONE_CODE; exclude number/year/stars/badge/next-question/header; preserve full biological figure/labels/arrows/table/options
TAH-BIO-BIO26-L14-Q038,BIO26-PDF070-L14-S1-Q038,BIO26-L14,أحياء 2,الثدييات,70,70,69,1,38,BIO26-M10,BIO26-S10-03,,,NOT_STARTED,NOT_RUN,ONE_QUESTION_ONE_IMAGE_ONE_CODE; exclude number/year/stars/badge/next-question/header; preserve full biological figure/labels/arrows/table/options
TAH-BIO-BIO26-L14-Q039,BIO26-PDF070-L14-S1-Q039,BIO26-L14,أحياء 2,الثدييات,70,70,69,1,39,BIO26-M10,BIO26-S10-03,,,NOT_STARTED,NOT_RUN,ONE_QUESTION_ONE_IMAGE_ONE_CODE; exclude number/year/stars/badge/next-question/header; preserve full biological figure/labels/arrows/table/options
TAH-BIO-BIO26-L14-Q040,BIO26-PDF070-L14-S1-Q040,BIO26-L14,أحياء 2,الثدييات,70,70,69,1,40,BIO26-M10,BIO26-S10-03,,,NOT_STARTED,NOT_RUN,ONE_QUESTION_ONE_IMAGE_ONE_CODE; exclude number/year/stars/badge/next-question/header; preserve full biological figure/labels/arrows/table/options
TAH-BIO-BIO26-L14-Q041,BIO26-PDF070-L14-S1-Q041,BIO26-L14,أحياء 2,الثدييات,70,70,69,1,41,BIO26-M10,BIO26-S10-03,,,NOT_STARTED,NOT_RUN,ONE_QUESTION_ONE_IMAGE_ONE_CODE; exclude number/year/stars/badge/next-question/header; preserve full biological figure/labels/arrows/table/options
TAH-BIO-BIO26-L14-Q042,BIO26-PDF071-L14-S2-Q042,BIO26-L14,أحياء 2,الثدييات,71,71,70,2,42,BIO26-M10,BIO26-S10-03,,,NOT_STARTED,NOT_RUN,ONE_QUESTION_ONE_IMAGE_ONE_CODE; exclude number/year/stars/badge/next-question/header; preserve full biological figure/labels/arrows/table/options
TAH-BIO-BIO26-L14-Q043,BIO26-PDF071-L14-S2-Q043,BIO26-L14,أحياء 2,الثدييات,71,71,70,2,43,BIO26-M10,BIO26-S10-03,,,NOT_STARTED,NOT_RUN,ONE_QUESTION_ONE_IMAGE_ONE_CODE; exclude number/year/stars/badge/next-question/header; preserve full biological figure/labels/arrows/table/options
TAH-BIO-BIO26-L14-Q044,BIO26-PDF071-L14-S2-Q044,BIO26-L14,أحياء 2,الثدييات,71,71,70,2,44,BIO26-M10,BIO26-S10-03,,,NOT_STARTED,NOT_RUN,ONE_QUESTION_ONE_IMAGE_ONE_CODE; exclude number/year/stars/badge/next-question/header; preserve full biological figure/labels/arrows/table/options
TAH-BIO-BIO26-L14-Q045,BIO26-PDF071-L14-S2-Q045,BIO26-L14,أحياء 2,الثدييات,71,71,70,2,45,BIO26-M10,BIO26-S10-03,,,NOT_STARTED,NOT_RUN,ONE_QUESTION_ONE_IMAGE_ONE_CODE; exclude number/year/stars/badge/next-question/header; preserve full biological figure/labels/arrows/table/options
TAH-BIO-BIO26-L14-Q046,BIO26-PDF071-L14-S2-Q046,BIO26-L14,أحياء 2,الثدييات,71,71,70,2,46,BIO26-M10,BIO26-S10-03,,,NOT_STARTED,NOT_RUN,ONE_QUESTION_ONE_IMAGE_ONE_CODE; exclude number/year/stars/badge/next-question/header; preserve full biological figure/labels/arrows/table/options
TAH-BIO-BIO26-L14-Q047,BIO26-PDF071-L14-S2-Q047,BIO26-L14,أحياء 2,الثدييات,71,71,70,2,47,BIO26-M10,BIO26-S10-03,,,NOT_STARTED,NOT_RUN,ONE_QUESTION_ONE_IMAGE_ONE_CODE; exclude number/year/stars/badge/next-question/header; preserve full biological figure/labels/arrows/table/options
TAH-BIO-BIO26-L14-Q048,BIO26-PDF071-L14-S2-Q048,BIO26-L14,أحياء 2,الثدييات,71,71,70,2,48,BIO26-M10,BIO26-S10-03,,,NOT_STARTED,NOT_RUN,ONE_QUESTION_ONE_IMAGE_ONE_CODE; exclude number/year/stars/badge/next-question/header; preserve full biological figure/labels/arrows/table/options
TAH-BIO-BIO26-L14-Q049,BIO26-PDF071-L14-S2-Q049,BIO26-L14,أحياء 2,الثدييات,71,71,70,2,49,BIO26-M10,BIO26-S10-03,,,NOT_STARTED,NOT_RUN,ONE_QUESTION_ONE_IMAGE_ONE_CODE; exclude number/year/stars/badge/next-question/header; preserve full biological figure/labels/arrows/table/options
TAH-BIO-BIO26-L14-Q050,BIO26-PDF071-L14-S2-Q050,BIO26-L14,أحياء 2,الثدييات,71,71,70,2,50,BIO26-M10,BIO26-S10-03,,,NOT_STARTED,NOT_RUN,ONE_QUESTION_ONE_IMAGE_ONE_CODE; exclude number/year/stars/badge/next-question/header; preserve full biological figure/labels/arrows/table/options
TAH-BIO-BIO26-L14-Q051,BIO26-PDF071-L14-S2-Q051,BIO26-L14,أحياء 2,الثدييات,71,71,70,2,51,BIO26-M10,BIO26-S10-03,,,NOT_STARTED,NOT_RUN,ONE_QUESTION_ONE_IMAGE_ONE_CODE; exclude number/year/stars/badge/next-question/header; preserve full biological figure/labels/arrows/table/options
TAH-BIO-BIO26-L14-Q052,BIO26-PDF071-L14-S2-Q052,BIO26-L14,أحياء 2,الثدييات,71,71,70,2,52,BIO26-M10,BIO26-S10-03,,,NOT_STARTED,NOT_RUN,ONE_QUESTION_ONE_IMAGE_ONE_CODE; exclude number/year/stars/badge/next-question/header; preserve full biological figure/labels/arrows/table/options
TAH-BIO-BIO26-L14-Q053,BIO26-PDF071-L14-S2-Q053,BIO26-L14,أحياء 2,الثدييات,71,71,70,2,53,BIO26-M10,BIO26-S10-03,,,NOT_STARTED,NOT_RUN,ONE_QUESTION_ONE_IMAGE_ONE_CODE; exclude number/year/stars/badge/next-question/header; preserve full biological figure/labels/arrows/table/options
TAH-BIO-BIO26-L14-Q054,BIO26-PDF071-L14-S2-Q054,BIO26-L14,أحياء 2,الثدييات,71,71,70,2,54,BIO26-M10,BIO26-S10-03,,,NOT_STARTED,NOT_RUN,ONE_QUESTION_ONE_IMAGE_ONE_CODE; exclude number/year/stars/badge/next-question/header; preserve full biological figure/labels/arrows/table/options
TAH-BIO-BIO26-L14-Q055,BIO26-PDF071-L14-S2-Q055,BIO26-L14,أحياء 2,الثدييات,71,71,70,2,55,BIO26-M10,BIO26-S10-03,,,NOT_STARTED,NOT_RUN,ONE_QUESTION_ONE_IMAGE_ONE_CODE; exclude number/year/stars/badge/next-question/header; preserve full biological figure/labels/arrows/table/options
TAH-BIO-BIO26-L14-Q056,BIO26-PDF071-L14-S2-Q056,BIO26-L14,أحياء 2,الثدييات,71,71,70,2,56,BIO26-M10,BIO26-S10-03,,,NOT_STARTED,NOT_RUN,ONE_QUESTION_ONE_IMAGE_ONE_CODE; exclude number/year/stars/badge/next-question/header; preserve full biological figure/labels/arrows/table/options
TAH-BIO-BIO26-L14-Q057,BIO26-PDF071-L14-S2-Q057,BIO26-L14,أحياء 2,الثدييات,71,71,70,2,57,BIO26-M10,BIO26-S10-03,,,NOT_STARTED,NOT_RUN,ONE_QUESTION_ONE_IMAGE_ONE_CODE; exclude number/year/stars/badge/next-question/header; preserve full biological figure/labels/arrows/table/options
TAH-BIO-BIO26-L14-Q058,BIO26-PDF072-L14-S2-Q058,BIO26-L14,أحياء 2,الثدييات,72,72,71,2,58,BIO26-M10,BIO26-S10-03,,,NOT_STARTED,NOT_RUN,ONE_QUESTION_ONE_IMAGE_ONE_CODE; exclude number/year/stars/badge/next-question/header; preserve full biological figure/labels/arrows/table/options
TAH-BIO-BIO26-L14-Q059,BIO26-PDF072-L14-S2-Q059,BIO26-L14,أحياء 2,الثدييات,72,72,71,2,59,BIO26-M10,BIO26-S10-03,,,NOT_STARTED,NOT_RUN,ONE_QUESTION_ONE_IMAGE_ONE_CODE; exclude number/year/stars/badge/next-question/header; preserve full biological figure/labels/arrows/table/options
TAH-BIO-BIO26-L14-Q060,BIO26-PDF072-L14-S2-Q060,BIO26-L14,أحياء 2,الثدييات,72,72,71,2,60,BIO26-M10,BIO26-S10-03,,,NOT_STARTED,NOT_RUN,ONE_QUESTION_ONE_IMAGE_ONE_CODE; exclude number/year/stars/badge/next-question/header; preserve full biological figure/labels/arrows/table/options
TAH-BIO-BIO26-L14-Q061,BIO26-PDF072-L14-S2-Q061,BIO26-L14,أحياء 2,الثدييات,72,72,71,2,61,BIO26-M10,BIO26-S10-03,,,NOT_STARTED,NOT_RUN,ONE_QUESTION_ONE_IMAGE_ONE_CODE; exclude number/year/stars/badge/next-question/header; preserve full biological figure/labels/arrows/table/options
TAH-BIO-BIO26-L14-Q062,BIO26-PDF072-L14-S2-Q062,BIO26-L14,أحياء 2,الثدييات,72,72,71,2,62,BIO26-M10,BIO26-S10-03,,,NOT_STARTED,NOT_RUN,ONE_QUESTION_ONE_IMAGE_ONE_CODE; exclude number/year/stars/badge/next-question/header; preserve full biological figure/labels/arrows/table/options
TAH-BIO-BIO26-L14-Q063,BIO26-PDF072-L14-S2-Q063,BIO26-L14,أحياء 2,الثدييات,72,72,71,2,63,BIO26-M10,BIO26-S10-03,,,NOT_STARTED,NOT_RUN,ONE_QUESTION_ONE_IMAGE_ONE_CODE; exclude number/year/stars/badge/next-question/header; preserve full biological figure/labels/arrows/table/options
TAH-BIO-BIO26-L14-Q064,BIO26-PDF072-L14-S2-Q064,BIO26-L14,أحياء 2,الثدييات,72,72,71,2,64,BIO26-M10,BIO26-S10-03,,,NOT_STARTED,NOT_RUN,ONE_QUESTION_ONE_IMAGE_ONE_CODE; exclude number/year/stars/badge/next-question/header; preserve full biological figure/labels/arrows/table/options
TAH-BIO-BIO26-L14-Q065,BIO26-PDF072-L14-S2-Q065,BIO26-L14,أحياء 2,الثدييات,72,72,71,2,65,BIO26-M10,BIO26-S10-03,,,NOT_STARTED,NOT_RUN,ONE_QUESTION_ONE_IMAGE_ONE_CODE; exclude number/year/stars/badge/next-question/header; preserve full biological figure/labels/arrows/table/options
TAH-BIO-BIO26-L14-Q066,BIO26-PDF072-L14-S2-Q066,BIO26-L14,أحياء 2,الثدييات,72,72,71,2,66,BIO26-M10,BIO26-S10-03,,,NOT_STARTED,NOT_RUN,ONE_QUESTION_ONE_IMAGE_ONE_CODE; exclude number/year/stars/badge/next-question/header; preserve full biological figure/labels/arrows/table/options
TAH-BIO-BIO26-L14-Q067,BIO26-PDF072-L14-S2-Q067,BIO26-L14,أحياء 2,الثدييات,72,72,71,2,67,BIO26-M10,BIO26-S10-03,,,NOT_STARTED,NOT_RUN,ONE_QUESTION_ONE_IMAGE_ONE_CODE; exclude number/year/stars/badge/next-question/header; preserve full biological figure/labels/arrows/table/options
TAH-BIO-BIO26-L14-Q068,BIO26-PDF072-L14-S2-Q068,BIO26-L14,أحياء 2,الثدييات,72,72,71,2,68,BIO26-M10,BIO26-S10-03,,,NOT_STARTED,NOT_RUN,ONE_QUESTION_ONE_IMAGE_ONE_CODE; exclude number/year/stars/badge/next-question/header; preserve full biological figure/labels/arrows/table/options
TAH-BIO-BIO26-L14-Q069,BIO26-PDF072-L14-S2-Q069,BIO26-L14,أحياء 2,الثدييات,72,72,71,2,69,BIO26-M10,BIO26-S10-03,,,NOT_STARTED,NOT_RUN,ONE_QUESTION_ONE_IMAGE_ONE_CODE; exclude number/year/stars/badge/next-question/header; preserve full biological figure/labels/arrows/table/options
TAH-BIO-BIO26-L14-Q070,BIO26-PDF072-L14-S2-Q070,BIO26-L14,أحياء 2,الثدييات,72,72,71,2,70,BIO26-M10,BIO26-S10-03,,,NOT_STARTED,NOT_RUN,ONE_QUESTION_ONE_IMAGE_ONE_CODE; exclude number/year/stars/badge/next-question/header; preserve full biological figure/labels/arrows/table/options
TAH-BIO-BIO26-L14-Q071,BIO26-PDF072-L14-S2-Q071,BIO26-L14,أحياء 2,الثدييات,72,72,71,2,71,BIO26-M10,BIO26-S10-03,,,NOT_STARTED,NOT_RUN,ONE_QUESTION_ONE_IMAGE_ONE_CODE; exclude number/year/stars/badge/next-question/header; preserve full biological figure/labels/arrows/table/options
TAH-BIO-BIO26-L14-Q072,BIO26-PDF072-L14-S2-Q072,BIO26-L14,أحياء 2,الثدييات,72,72,71,2,72,BIO26-M10,BIO26-S10-03,,,NOT_STARTED,NOT_RUN,ONE_QUESTION_ONE_IMAGE_ONE_CODE; exclude number/year/stars/badge/next-question/header; preserve full biological figure/labels/arrows/table/options
TAH-BIO-BIO26-L14-Q073,BIO26-PDF072-L14-S2-Q073,BIO26-L14,أحياء 2,الثدييات,72,72,71,2,73,BIO26-M10,BIO26-S10-03,,,NOT_STARTED,NOT_RUN,ONE_QUESTION_ONE_IMAGE_ONE_CODE; exclude number/year/stars/badge/next-question/header; preserve full biological figure/labels/arrows/table/options
TAH-BIO-BIO26-L14-Q074,BIO26-PDF072-L14-S2-Q074,BIO26-L14,أحياء 2,الثدييات,72,72,71,2,74,BIO26-M10,BIO26-S10-03,,,NOT_STARTED,NOT_RUN,ONE_QUESTION_ONE_IMAGE_ONE_CODE; exclude number/year/stars/badge/next-question/header; preserve full biological figure/labels/arrows/table/options
TAH-BIO-BIO26-L14-Q075,BIO26-PDF072-L14-S2-Q075,BIO26-L14,أحياء 2,الثدييات,72,72,71,2,75,BIO26-M10,BIO26-S10-03,,,NOT_STARTED,NOT_RUN,ONE_QUESTION_ONE_IMAGE_ONE_CODE; exclude number/year/stars/badge/next-question/header; preserve full biological figure/labels/arrows/table/options
TAH-BIO-BIO26-L14-Q076,BIO26-PDF072-L14-S2-Q076,BIO26-L14,أحياء 2,الثدييات,72,72,71,2,76,BIO26-M10,BIO26-S10-03,,,NOT_STARTED,NOT_RUN,ONE_QUESTION_ONE_IMAGE_ONE_CODE; exclude number/year/stars/badge/next-question/header; preserve full biological figure/labels/arrows/table/options
TAH-BIO-BIO26-L14-Q077,BIO26-PDF072-L14-S2-Q077,BIO26-L14,أحياء 2,الثدييات,72,72,71,2,77,BIO26-M10,BIO26-S10-03,,,NOT_STARTED,NOT_RUN,ONE_QUESTION_ONE_IMAGE_ONE_CODE; exclude number/year/stars/badge/next-question/header; preserve full biological figure/labels/arrows/table/options
TAH-BIO-BIO26-L15-Q001,BIO26-PDF073-L15-S1-Q001,BIO26-L15,أحياء 2,أسئلة المقارنات بين الفقاريات,73,73,72,1,1,BIO26-M10,BIO26-S10-04,,,NOT_STARTED,NOT_RUN,ONE_QUESTION_ONE_IMAGE_ONE_CODE; exclude number/year/stars/badge/next-question/header; preserve full biological figure/labels/arrows/table/options
TAH-BIO-BIO26-L15-Q002,BIO26-PDF073-L15-S1-Q002,BIO26-L15,أحياء 2,أسئلة المقارنات بين الفقاريات,73,73,72,1,2,BIO26-M10,BIO26-S10-04,,,NOT_STARTED,NOT_RUN,ONE_QUESTION_ONE_IMAGE_ONE_CODE; exclude number/year/stars/badge/next-question/header; preserve full biological figure/labels/arrows/table/options
TAH-BIO-BIO26-L15-Q003,BIO26-PDF073-L15-S1-Q003,BIO26-L15,أحياء 2,أسئلة المقارنات بين الفقاريات,73,73,72,1,3,BIO26-M10,BIO26-S10-04,,,NOT_STARTED,NOT_RUN,ONE_QUESTION_ONE_IMAGE_ONE_CODE; exclude number/year/stars/badge/next-question/header; preserve full biological figure/labels/arrows/table/options
TAH-BIO-BIO26-L15-Q004,BIO26-PDF073-L15-S1-Q004,BIO26-L15,أحياء 2,أسئلة المقارنات بين الفقاريات,73,73,72,1,4,BIO26-M10,BIO26-S10-04,,,NOT_STARTED,NOT_RUN,ONE_QUESTION_ONE_IMAGE_ONE_CODE; exclude number/year/stars/badge/next-question/header; preserve full biological figure/labels/arrows/table/options
TAH-BIO-BIO26-L15-Q005,BIO26-PDF073-L15-S1-Q005,BIO26-L15,أحياء 2,أسئلة المقارنات بين الفقاريات,73,73,72,1,5,BIO26-M10,BIO26-S10-04,,,NOT_STARTED,NOT_RUN,ONE_QUESTION_ONE_IMAGE_ONE_CODE; exclude number/year/stars/badge/next-question/header; preserve full biological figure/labels/arrows/table/options
TAH-BIO-BIO26-L15-Q006,BIO26-PDF073-L15-S1-Q006,BIO26-L15,أحياء 2,أسئلة المقارنات بين الفقاريات,73,73,72,1,6,BIO26-M10,BIO26-S10-04,,,NOT_STARTED,NOT_RUN,ONE_QUESTION_ONE_IMAGE_ONE_CODE; exclude number/year/stars/badge/next-question/header; preserve full biological figure/labels/arrows/table/options
TAH-BIO-BIO26-L15-Q007,BIO26-PDF073-L15-S1-Q007,BIO26-L15,أحياء 2,أسئلة المقارنات بين الفقاريات,73,73,72,1,7,BIO26-M10,BIO26-S10-04,,,NOT_STARTED,NOT_RUN,ONE_QUESTION_ONE_IMAGE_ONE_CODE; exclude number/year/stars/badge/next-question/header; preserve full biological figure/labels/arrows/table/options
TAH-BIO-BIO26-L15-Q008,BIO26-PDF073-L15-S1-Q008,BIO26-L15,أحياء 2,أسئلة المقارنات بين الفقاريات,73,73,72,1,8,BIO26-M10,BIO26-S10-04,,,NOT_STARTED,NOT_RUN,ONE_QUESTION_ONE_IMAGE_ONE_CODE; exclude number/year/stars/badge/next-question/header; preserve full biological figure/labels/arrows/table/options
TAH-BIO-BIO26-L15-Q009,BIO26-PDF073-L15-S1-Q009,BIO26-L15,أحياء 2,أسئلة المقارنات بين الفقاريات,73,73,72,1,9,BIO26-M10,BIO26-S10-04,,,NOT_STARTED,NOT_RUN,ONE_QUESTION_ONE_IMAGE_ONE_CODE; exclude number/year/stars/badge/next-question/header; preserve full biological figure/labels/arrows/table/options
TAH-BIO-BIO26-L15-Q010,BIO26-PDF073-L15-S1-Q010,BIO26-L15,أحياء 2,أسئلة المقارنات بين الفقاريات,73,73,72,1,10,BIO26-M10,BIO26-S10-04,,,NOT_STARTED,NOT_RUN,ONE_QUESTION_ONE_IMAGE_ONE_CODE; exclude number/year/stars/badge/next-question/header; preserve full biological figure/labels/arrows/table/options
TAH-BIO-BIO26-L15-Q011,BIO26-PDF073-L15-S1-Q011,BIO26-L15,أحياء 2,أسئلة المقارنات بين الفقاريات,73,73,72,1,11,BIO26-M10,BIO26-S10-04,,,NOT_STARTED,NOT_RUN,ONE_QUESTION_ONE_IMAGE_ONE_CODE; exclude number/year/stars/badge/next-question/header; preserve full biological figure/labels/arrows/table/options
TAH-BIO-BIO26-L15-Q012,BIO26-PDF073-L15-S1-Q012,BIO26-L15,أحياء 2,أسئلة المقارنات بين الفقاريات,73,73,72,1,12,BIO26-M10,BIO26-S10-04,,,NOT_STARTED,NOT_RUN,ONE_QUESTION_ONE_IMAGE_ONE_CODE; exclude number/year/stars/badge/next-question/header; preserve full biological figure/labels/arrows/table/options
TAH-BIO-BIO26-L15-Q013,BIO26-PDF073-L15-S1-Q013,BIO26-L15,أحياء 2,أسئلة المقارنات بين الفقاريات,73,73,72,1,13,BIO26-M10,BIO26-S10-04,,,NOT_STARTED,NOT_RUN,ONE_QUESTION_ONE_IMAGE_ONE_CODE; exclude number/year/stars/badge/next-question/header; preserve full biological figure/labels/arrows/table/options
TAH-BIO-BIO26-L15-Q014,BIO26-PDF073-L15-S1-Q014,BIO26-L15,أحياء 2,أسئلة المقارنات بين الفقاريات,73,73,72,1,14,BIO26-M10,BIO26-S10-04,,,NOT_STARTED,NOT_RUN,ONE_QUESTION_ONE_IMAGE_ONE_CODE; exclude number/year/stars/badge/next-question/header; preserve full biological figure/labels/arrows/table/options
TAH-BIO-BIO26-L15-Q015,BIO26-PDF073-L15-S1-Q015,BIO26-L15,أحياء 2,أسئلة المقارنات بين الفقاريات,73,73,72,1,15,BIO26-M10,BIO26-S10-04,,,NOT_STARTED,NOT_RUN,ONE_QUESTION_ONE_IMAGE_ONE_CODE; exclude number/year/stars/badge/next-question/header; preserve full biological figure/labels/arrows/table/options
TAH-BIO-BIO26-L15-Q016,BIO26-PDF073-L15-S1-Q016,BIO26-L15,أحياء 2,أسئلة المقارنات بين الفقاريات,73,73,72,1,16,BIO26-M10,BIO26-S10-04,,,NOT_STARTED,NOT_RUN,ONE_QUESTION_ONE_IMAGE_ONE_CODE; exclude number/year/stars/badge/next-question/header; preserve full biological figure/labels/arrows/table/options
TAH-BIO-BIO26-L15-Q017,BIO26-PDF073-L15-S1-Q017,BIO26-L15,أحياء 2,أسئلة المقارنات بين الفقاريات,73,73,72,1,17,BIO26-M10,BIO26-S10-04,,,NOT_STARTED,NOT_RUN,ONE_QUESTION_ONE_IMAGE_ONE_CODE; exclude number/year/stars/badge/next-question/header; preserve full biological figure/labels/arrows/table/options
TAH-BIO-BIO26-L15-Q018,BIO26-PDF073-L15-S1-Q018,BIO26-L15,أحياء 2,أسئلة المقارنات بين الفقاريات,73,73,72,1,18,BIO26-M10,BIO26-S10-04,,,NOT_STARTED,NOT_RUN,ONE_QUESTION_ONE_IMAGE_ONE_CODE; exclude number/year/stars/badge/next-question/header; preserve full biological figure/labels/arrows/table/options
TAH-BIO-BIO26-L15-Q019,BIO26-PDF073-L15-S1-Q019,BIO26-L15,أحياء 2,أسئلة المقارنات بين الفقاريات,73,73,72,1,19,BIO26-M10,BIO26-S10-04,,,NOT_STARTED,NOT_RUN,ONE_QUESTION_ONE_IMAGE_ONE_CODE; exclude number/year/stars/badge/next-question/header; preserve full biological figure/labels/arrows/table/options
TAH-BIO-BIO26-L15-Q020,BIO26-PDF073-L15-S1-Q020,BIO26-L15,أحياء 2,أسئلة المقارنات بين الفقاريات,73,73,72,1,20,BIO26-M10,BIO26-S10-04,,,NOT_STARTED,NOT_RUN,ONE_QUESTION_ONE_IMAGE_ONE_CODE; exclude number/year/stars/badge/next-question/header; preserve full biological figure/labels/arrows/table/options
TAH-BIO-BIO26-L15-Q021,BIO26-PDF074-L15-S1-Q021,BIO26-L15,أحياء 2,أسئلة المقارنات بين الفقاريات,74,74,73,1,21,BIO26-M10,BIO26-S10-04,,,NOT_STARTED,NOT_RUN,ONE_QUESTION_ONE_IMAGE_ONE_CODE; exclude number/year/stars/badge/next-question/header; preserve full biological figure/labels/arrows/table/options
TAH-BIO-BIO26-L15-Q022,BIO26-PDF074-L15-S1-Q022,BIO26-L15,أحياء 2,أسئلة المقارنات بين الفقاريات,74,74,73,1,22,BIO26-M10,BIO26-S10-04,,,NOT_STARTED,NOT_RUN,ONE_QUESTION_ONE_IMAGE_ONE_CODE; exclude number/year/stars/badge/next-question/header; preserve full biological figure/labels/arrows/table/options
TAH-BIO-BIO26-L15-Q023,BIO26-PDF074-L15-S1-Q023,BIO26-L15,أحياء 2,أسئلة المقارنات بين الفقاريات,74,74,73,1,23,BIO26-M10,BIO26-S10-04,,,NOT_STARTED,NOT_RUN,ONE_QUESTION_ONE_IMAGE_ONE_CODE; exclude number/year/stars/badge/next-question/header; preserve full biological figure/labels/arrows/table/options
TAH-BIO-BIO26-L15-Q024,BIO26-PDF074-L15-S1-Q024,BIO26-L15,أحياء 2,أسئلة المقارنات بين الفقاريات,74,74,73,1,24,BIO26-M10,BIO26-S10-04,,,NOT_STARTED,NOT_RUN,ONE_QUESTION_ONE_IMAGE_ONE_CODE; exclude number/year/stars/badge/next-question/header; preserve full biological figure/labels/arrows/table/options
TAH-BIO-BIO26-L15-Q025,BIO26-PDF074-L15-S1-Q025,BIO26-L15,أحياء 2,أسئلة المقارنات بين الفقاريات,74,74,73,1,25,BIO26-M10,BIO26-S10-04,,,NOT_STARTED,NOT_RUN,ONE_QUESTION_ONE_IMAGE_ONE_CODE; exclude number/year/stars/badge/next-question/header; preserve full biological figure/labels/arrows/table/options
TAH-BIO-BIO26-L15-Q026,BIO26-PDF074-L15-S1-Q026,BIO26-L15,أحياء 2,أسئلة المقارنات بين الفقاريات,74,74,73,1,26,BIO26-M10,BIO26-S10-04,,,NOT_STARTED,NOT_RUN,ONE_QUESTION_ONE_IMAGE_ONE_CODE; exclude number/year/stars/badge/next-question/header; preserve full biological figure/labels/arrows/table/options
TAH-BIO-BIO26-L15-Q027,BIO26-PDF074-L15-S1-Q027,BIO26-L15,أحياء 2,أسئلة المقارنات بين الفقاريات,74,74,73,1,27,BIO26-M10,BIO26-S10-04,,,NOT_STARTED,NOT_RUN,ONE_QUESTION_ONE_IMAGE_ONE_CODE; exclude number/year/stars/badge/next-question/header; preserve full biological figure/labels/arrows/table/options
TAH-BIO-BIO26-L15-Q028,BIO26-PDF074-L15-S1-Q028,BIO26-L15,أحياء 2,أسئلة المقارنات بين الفقاريات,74,74,73,1,28,BIO26-M10,BIO26-S10-04,,,NOT_STARTED,NOT_RUN,ONE_QUESTION_ONE_IMAGE_ONE_CODE; exclude number/year/stars/badge/next-question/header; preserve full biological figure/labels/arrows/table/options
TAH-BIO-BIO26-L15-Q029,BIO26-PDF074-L15-S1-Q029,BIO26-L15,أحياء 2,أسئلة المقارنات بين الفقاريات,74,74,73,1,29,BIO26-M10,BIO26-S10-04,,,NOT_STARTED,NOT_RUN,ONE_QUESTION_ONE_IMAGE_ONE_CODE; exclude number/year/stars/badge/next-question/header; preserve full biological figure/labels/arrows/table/options
TAH-BIO-BIO26-L15-Q030,BIO26-PDF074-L15-S1-Q030,BIO26-L15,أحياء 2,أسئلة المقارنات بين الفقاريات,74,74,73,1,30,BIO26-M10,BIO26-S10-04,,,NOT_STARTED,NOT_RUN,ONE_QUESTION_ONE_IMAGE_ONE_CODE; exclude number/year/stars/badge/next-question/header; preserve full biological figure/labels/arrows/table/options
TAH-BIO-BIO26-L15-Q031,BIO26-PDF074-L15-S1-Q031,BIO26-L15,أحياء 2,أسئلة المقارنات بين الفقاريات,74,74,73,1,31,BIO26-M10,BIO26-S10-04,,,NOT_STARTED,NOT_RUN,ONE_QUESTION_ONE_IMAGE_ONE_CODE; exclude number/year/stars/badge/next-question/header; preserve full biological figure/labels/arrows/table/options
TAH-BIO-BIO26-L15-Q032,BIO26-PDF074-L15-S1-Q032,BIO26-L15,أحياء 2,أسئلة المقارنات بين الفقاريات,74,74,73,1,32,BIO26-M10,BIO26-S10-04,,,NOT_STARTED,NOT_RUN,ONE_QUESTION_ONE_IMAGE_ONE_CODE; exclude number/year/stars/badge/next-question/header; preserve full biological figure/labels/arrows/table/options
TAH-BIO-BIO26-L15-Q033,BIO26-PDF074-L15-S1-Q033,BIO26-L15,أحياء 2,أسئلة المقارنات بين الفقاريات,74,74,73,1,33,BIO26-M10,BIO26-S10-04,,,NOT_STARTED,NOT_RUN,ONE_QUESTION_ONE_IMAGE_ONE_CODE; exclude number/year/stars/badge/next-question/header; preserve full biological figure/labels/arrows/table/options
TAH-BIO-BIO26-L15-Q034,BIO26-PDF074-L15-S1-Q034,BIO26-L15,أحياء 2,أسئلة المقارنات بين الفقاريات,74,74,73,1,34,BIO26-M10,BIO26-S10-04,,,NOT_STARTED,NOT_RUN,ONE_QUESTION_ONE_IMAGE_ONE_CODE; exclude number/year/stars/badge/next-question/header; preserve full biological figure/labels/arrows/table/options
TAH-BIO-BIO26-L15-Q035,BIO26-PDF074-L15-S1-Q035,BIO26-L15,أحياء 2,أسئلة المقارنات بين الفقاريات,74,74,73,1,35,BIO26-M10,BIO26-S10-04,,,NOT_STARTED,NOT_RUN,ONE_QUESTION_ONE_IMAGE_ONE_CODE; exclude number/year/stars/badge/next-question/header; preserve full biological figure/labels/arrows/table/options
TAH-BIO-BIO26-L15-Q036,BIO26-PDF074-L15-S1-Q036,BIO26-L15,أحياء 2,أسئلة المقارنات بين الفقاريات,74,74,73,1,36,BIO26-M10,BIO26-S10-04,,,NOT_STARTED,NOT_RUN,ONE_QUESTION_ONE_IMAGE_ONE_CODE; exclude number/year/stars/badge/next-question/header; preserve full biological figure/labels/arrows/table/options
TAH-BIO-BIO26-L15-Q037,BIO26-PDF074-L15-S1-Q037,BIO26-L15,أحياء 2,أسئلة المقارنات بين الفقاريات,74,74,73,1,37,BIO26-M10,BIO26-S10-04,,,NOT_STARTED,NOT_RUN,ONE_QUESTION_ONE_IMAGE_ONE_CODE; exclude number/year/stars/badge/next-question/header; preserve full biological figure/labels/arrows/table/options
TAH-BIO-BIO26-L15-Q038,BIO26-PDF074-L15-S1-Q038,BIO26-L15,أحياء 2,أسئلة المقارنات بين الفقاريات,74,74,73,1,38,BIO26-M10,BIO26-S10-04,,,NOT_STARTED,NOT_RUN,ONE_QUESTION_ONE_IMAGE_ONE_CODE; exclude number/year/stars/badge/next-question/header; preserve full biological figure/labels/arrows/table/options
TAH-BIO-BIO26-L15-Q039,BIO26-PDF074-L15-S1-Q039,BIO26-L15,أحياء 2,أسئلة المقارنات بين الفقاريات,74,74,73,1,39,BIO26-M10,BIO26-S10-04,,,NOT_STARTED,NOT_RUN,ONE_QUESTION_ONE_IMAGE_ONE_CODE; exclude number/year/stars/badge/next-question/header; preserve full biological figure/labels/arrows/table/options
TAH-BIO-BIO26-L15-Q040,BIO26-PDF074-L15-S1-Q040,BIO26-L15,أحياء 2,أسئلة المقارنات بين الفقاريات,74,74,73,1,40,BIO26-M10,BIO26-S10-04,,,NOT_STARTED,NOT_RUN,ONE_QUESTION_ONE_IMAGE_ONE_CODE; exclude number/year/stars/badge/next-question/header; preserve full biological figure/labels/arrows/table/options
TAH-BIO-BIO26-L15-Q041,BIO26-PDF074-L15-S1-Q041,BIO26-L15,أحياء 2,أسئلة المقارنات بين الفقاريات,74,74,73,1,41,BIO26-M10,BIO26-S10-04,,,NOT_STARTED,NOT_RUN,ONE_QUESTION_ONE_IMAGE_ONE_CODE; exclude number/year/stars/badge/next-question/header; preserve full biological figure/labels/arrows/table/options
TAH-BIO-BIO26-L15-Q042,BIO26-PDF075-L15-S1-Q042,BIO26-L15,أحياء 2,أسئلة المقارنات بين الفقاريات,75,75,74,1,42,BIO26-M10,BIO26-S10-04,,,NOT_STARTED,NOT_RUN,ONE_QUESTION_ONE_IMAGE_ONE_CODE; exclude number/year/stars/badge/next-question/header; preserve full biological figure/labels/arrows/table/options
TAH-BIO-BIO26-L15-Q043,BIO26-PDF075-L15-S1-Q043,BIO26-L15,أحياء 2,أسئلة المقارنات بين الفقاريات,75,75,74,1,43,BIO26-M10,BIO26-S10-04,,,NOT_STARTED,NOT_RUN,ONE_QUESTION_ONE_IMAGE_ONE_CODE; exclude number/year/stars/badge/next-question/header; preserve full biological figure/labels/arrows/table/options
TAH-BIO-BIO26-L15-Q044,BIO26-PDF075-L15-S1-Q044,BIO26-L15,أحياء 2,أسئلة المقارنات بين الفقاريات,75,75,74,1,44,BIO26-M10,BIO26-S10-04,,,NOT_STARTED,NOT_RUN,ONE_QUESTION_ONE_IMAGE_ONE_CODE; exclude number/year/stars/badge/next-question/header; preserve full biological figure/labels/arrows/table/options
TAH-BIO-BIO26-L15-Q045,BIO26-PDF075-L15-S1-Q045,BIO26-L15,أحياء 2,أسئلة المقارنات بين الفقاريات,75,75,74,1,45,BIO26-M10,BIO26-S10-04,,,NOT_STARTED,NOT_RUN,ONE_QUESTION_ONE_IMAGE_ONE_CODE; exclude number/year/stars/badge/next-question/header; preserve full biological figure/labels/arrows/table/options
TAH-BIO-BIO26-L15-Q046,BIO26-PDF075-L15-S1-Q046,BIO26-L15,أحياء 2,أسئلة المقارنات بين الفقاريات,75,75,74,1,46,BIO26-M10,BIO26-S10-04,,,NOT_STARTED,NOT_RUN,ONE_QUESTION_ONE_IMAGE_ONE_CODE; exclude number/year/stars/badge/next-question/header; preserve full biological figure/labels/arrows/table/options
TAH-BIO-BIO26-L15-Q047,BIO26-PDF075-L15-S1-Q047,BIO26-L15,أحياء 2,أسئلة المقارنات بين الفقاريات,75,75,74,1,47,BIO26-M10,BIO26-S10-04,,,NOT_STARTED,NOT_RUN,ONE_QUESTION_ONE_IMAGE_ONE_CODE; exclude number/year/stars/badge/next-question/header; preserve full biological figure/labels/arrows/table/options
TAH-BIO-BIO26-L15-Q048,BIO26-PDF075-L15-S1-Q048,BIO26-L15,أحياء 2,أسئلة المقارنات بين الفقاريات,75,75,74,1,48,BIO26-M10,BIO26-S10-04,,,NOT_STARTED,NOT_RUN,ONE_QUESTION_ONE_IMAGE_ONE_CODE; exclude number/year/stars/badge/next-question/header; preserve full biological figure/labels/arrows/table/options
TAH-BIO-BIO26-L15-Q049,BIO26-PDF075-L15-S1-Q049,BIO26-L15,أحياء 2,أسئلة المقارنات بين الفقاريات,75,75,74,1,49,BIO26-M10,BIO26-S10-04,,,NOT_STARTED,NOT_RUN,ONE_QUESTION_ONE_IMAGE_ONE_CODE; exclude number/year/stars/badge/next-question/header; preserve full biological figure/labels/arrows/table/options
TAH-BIO-BIO26-L15-Q050,BIO26-PDF075-L15-S1-Q050,BIO26-L15,أحياء 2,أسئلة المقارنات بين الفقاريات,75,75,74,1,50,BIO26-M10,BIO26-S10-04,,,NOT_STARTED,NOT_RUN,ONE_QUESTION_ONE_IMAGE_ONE_CODE; exclude number/year/stars/badge/next-question/header; preserve full biological figure/labels/arrows/table/options
TAH-BIO-BIO26-L15-Q051,BIO26-PDF075-L15-S1-Q051,BIO26-L15,أحياء 2,أسئلة المقارنات بين الفقاريات,75,75,74,1,51,BIO26-M10,BIO26-S10-04,,,NOT_STARTED,NOT_RUN,ONE_QUESTION_ONE_IMAGE_ONE_CODE; exclude number/year/stars/badge/next-question/header; preserve full biological figure/labels/arrows/table/options
TAH-BIO-BIO26-L15-Q052,BIO26-PDF075-L15-S1-Q052,BIO26-L15,أحياء 2,أسئلة المقارنات بين الفقاريات,75,75,74,1,52,BIO26-M10,BIO26-S10-04,,,NOT_STARTED,NOT_RUN,ONE_QUESTION_ONE_IMAGE_ONE_CODE; exclude number/year/stars/badge/next-question/header; preserve full biological figure/labels/arrows/table/options
TAH-BIO-BIO26-L15-Q053,BIO26-PDF075-L15-S1-Q053,BIO26-L15,أحياء 2,أسئلة المقارنات بين الفقاريات,75,75,74,1,53,BIO26-M10,BIO26-S10-04,,,NOT_STARTED,NOT_RUN,ONE_QUESTION_ONE_IMAGE_ONE_CODE; exclude number/year/stars/badge/next-question/header; preserve full biological figure/labels/arrows/table/options
TAH-BIO-BIO26-L15-Q054,BIO26-PDF075-L15-S1-Q054,BIO26-L15,أحياء 2,أسئلة المقارنات بين الفقاريات,75,75,74,1,54,BIO26-M10,BIO26-S10-04,,,NOT_STARTED,NOT_RUN,ONE_QUESTION_ONE_IMAGE_ONE_CODE; exclude number/year/stars/badge/next-question/header; preserve full biological figure/labels/arrows/table/options
TAH-BIO-BIO26-L15-Q055,BIO26-PDF075-L15-S1-Q055,BIO26-L15,أحياء 2,أسئلة المقارنات بين الفقاريات,75,75,74,1,55,BIO26-M10,BIO26-S10-04,,,NOT_STARTED,NOT_RUN,ONE_QUESTION_ONE_IMAGE_ONE_CODE; exclude number/year/stars/badge/next-question/header; preserve full biological figure/labels/arrows/table/options
TAH-BIO-BIO26-L15-Q056,BIO26-PDF075-L15-S1-Q056,BIO26-L15,أحياء 2,أسئلة المقارنات بين الفقاريات,75,75,74,1,56,BIO26-M10,BIO26-S10-04,,,NOT_STARTED,NOT_RUN,ONE_QUESTION_ONE_IMAGE_ONE_CODE; exclude number/year/stars/badge/next-question/header; preserve full biological figure/labels/arrows/table/options
TAH-BIO-BIO26-L15-Q057,BIO26-PDF075-L15-S1-Q057,BIO26-L15,أحياء 2,أسئلة المقارنات بين الفقاريات,75,75,74,1,57,BIO26-M10,BIO26-S10-04,,,NOT_STARTED,NOT_RUN,ONE_QUESTION_ONE_IMAGE_ONE_CODE; exclude number/year/stars/badge/next-question/header; preserve full biological figure/labels/arrows/table/options
TAH-BIO-BIO26-L15-Q058,BIO26-PDF075-L15-S1-Q058,BIO26-L15,أحياء 2,أسئلة المقارنات بين الفقاريات,75,75,74,1,58,BIO26-M10,BIO26-S10-04,,,NOT_STARTED,NOT_RUN,ONE_QUESTION_ONE_IMAGE_ONE_CODE; exclude number/year/stars/badge/next-question/header; preserve full biological figure/labels/arrows/table/options
TAH-BIO-BIO26-L15-Q059,BIO26-PDF075-L15-S1-Q059,BIO26-L15,أحياء 2,أسئلة المقارنات بين الفقاريات,75,75,74,1,59,BIO26-M10,BIO26-S10-04,,,NOT_STARTED,NOT_RUN,ONE_QUESTION_ONE_IMAGE_ONE_CODE; exclude number/year/stars/badge/next-question/header; preserve full biological figure/labels/arrows/table/options
TAH-BIO-BIO26-L15-Q060,BIO26-PDF075-L15-S1-Q060,BIO26-L15,أحياء 2,أسئلة المقارنات بين الفقاريات,75,75,74,1,60,BIO26-M10,BIO26-S10-04,,,NOT_STARTED,NOT_RUN,ONE_QUESTION_ONE_IMAGE_ONE_CODE; exclude number/year/stars/badge/next-question/header; preserve full biological figure/labels/arrows/table/options
TAH-BIO-BIO26-L15-Q061,BIO26-PDF075-L15-S1-Q061,BIO26-L15,أحياء 2,أسئلة المقارنات بين الفقاريات,75,75,74,1,61,BIO26-M10,BIO26-S10-04,,,NOT_STARTED,NOT_RUN,ONE_QUESTION_ONE_IMAGE_ONE_CODE; exclude number/year/stars/badge/next-question/header; preserve full biological figure/labels/arrows/table/options
TAH-BIO-BIO26-L15-Q062,BIO26-PDF075-L15-S1-Q062,BIO26-L15,أحياء 2,أسئلة المقارنات بين الفقاريات,75,75,74,1,62,BIO26-M10,BIO26-S10-04,,,NOT_STARTED,NOT_RUN,ONE_QUESTION_ONE_IMAGE_ONE_CODE; exclude number/year/stars/badge/next-question/header; preserve full biological figure/labels/arrows/table/options
TAH-BIO-BIO26-L15-Q063,BIO26-PDF075-L15-S1-Q063,BIO26-L15,أحياء 2,أسئلة المقارنات بين الفقاريات,75,75,74,1,63,BIO26-M10,BIO26-S10-04,,,NOT_STARTED,NOT_RUN,ONE_QUESTION_ONE_IMAGE_ONE_CODE; exclude number/year/stars/badge/next-question/header; preserve full biological figure/labels/arrows/table/options
TAH-BIO-BIO26-L15-Q064,BIO26-PDF076-L15-S1-Q064,BIO26-L15,أحياء 2,أسئلة المقارنات بين الفقاريات,76,76,75,1,64,BIO26-M10,BIO26-S10-04,,,NOT_STARTED,NOT_RUN,ONE_QUESTION_ONE_IMAGE_ONE_CODE; exclude number/year/stars/badge/next-question/header; preserve full biological figure/labels/arrows/table/options
TAH-BIO-BIO26-L15-Q065,BIO26-PDF076-L15-S1-Q065,BIO26-L15,أحياء 2,أسئلة المقارنات بين الفقاريات,76,76,75,1,65,BIO26-M10,BIO26-S10-04,,,NOT_STARTED,NOT_RUN,ONE_QUESTION_ONE_IMAGE_ONE_CODE; exclude number/year/stars/badge/next-question/header; preserve full biological figure/labels/arrows/table/options
TAH-BIO-BIO26-L15-Q066,BIO26-PDF076-L15-S1-Q066,BIO26-L15,أحياء 2,أسئلة المقارنات بين الفقاريات,76,76,75,1,66,BIO26-M10,BIO26-S10-04,,,NOT_STARTED,NOT_RUN,ONE_QUESTION_ONE_IMAGE_ONE_CODE; exclude number/year/stars/badge/next-question/header; preserve full biological figure/labels/arrows/table/options
TAH-BIO-BIO26-L15-Q067,BIO26-PDF076-L15-S1-Q067,BIO26-L15,أحياء 2,أسئلة المقارنات بين الفقاريات,76,76,75,1,67,BIO26-M10,BIO26-S10-04,,,NOT_STARTED,NOT_RUN,ONE_QUESTION_ONE_IMAGE_ONE_CODE; exclude number/year/stars/badge/next-question/header; preserve full biological figure/labels/arrows/table/options
TAH-BIO-BIO26-L15-Q068,BIO26-PDF076-L15-S1-Q068,BIO26-L15,أحياء 2,أسئلة المقارنات بين الفقاريات,76,76,75,1,68,BIO26-M10,BIO26-S10-04,,,NOT_STARTED,NOT_RUN,ONE_QUESTION_ONE_IMAGE_ONE_CODE; exclude number/year/stars/badge/next-question/header; preserve full biological figure/labels/arrows/table/options
TAH-BIO-BIO26-L15-Q069,BIO26-PDF076-L15-S1-Q069,BIO26-L15,أحياء 2,أسئلة المقارنات بين الفقاريات,76,76,75,1,69,BIO26-M10,BIO26-S10-04,,,NOT_STARTED,NOT_RUN,ONE_QUESTION_ONE_IMAGE_ONE_CODE; exclude number/year/stars/badge/next-question/header; preserve full biological figure/labels/arrows/table/options
TAH-BIO-BIO26-L15-Q070,BIO26-PDF076-L15-S1-Q070,BIO26-L15,أحياء 2,أسئلة المقارنات بين الفقاريات,76,76,75,1,70,BIO26-M10,BIO26-S10-04,,,NOT_STARTED,NOT_RUN,ONE_QUESTION_ONE_IMAGE_ONE_CODE; exclude number/year/stars/badge/next-question/header; preserve full biological figure/labels/arrows/table/options
TAH-BIO-BIO26-L15-Q071,BIO26-PDF076-L15-S1-Q071,BIO26-L15,أحياء 2,أسئلة المقارنات بين الفقاريات,76,76,75,1,71,BIO26-M10,BIO26-S10-04,,,NOT_STARTED,NOT_RUN,ONE_QUESTION_ONE_IMAGE_ONE_CODE; exclude number/year/stars/badge/next-question/header; preserve full biological figure/labels/arrows/table/options
TAH-BIO-BIO26-L16-Q001,BIO26-PDF077-L16-S1-Q001,BIO26-L16,أحياء 2,النباتات اللاوعائية والوعائية,77,77,76,1,1,BIO26-M11,BIO26-S11-01,,,NOT_STARTED,NOT_RUN,ONE_QUESTION_ONE_IMAGE_ONE_CODE; exclude number/year/stars/badge/next-question/header; preserve full biological figure/labels/arrows/table/options
TAH-BIO-BIO26-L16-Q002,BIO26-PDF077-L16-S1-Q002,BIO26-L16,أحياء 2,النباتات اللاوعائية والوعائية,77,77,76,1,2,BIO26-M11,BIO26-S11-01,,,NOT_STARTED,NOT_RUN,ONE_QUESTION_ONE_IMAGE_ONE_CODE; exclude number/year/stars/badge/next-question/header; preserve full biological figure/labels/arrows/table/options
TAH-BIO-BIO26-L16-Q003,BIO26-PDF077-L16-S1-Q003,BIO26-L16,أحياء 2,النباتات اللاوعائية والوعائية,77,77,76,1,3,BIO26-M11,BIO26-S11-01,,,NOT_STARTED,NOT_RUN,ONE_QUESTION_ONE_IMAGE_ONE_CODE; exclude number/year/stars/badge/next-question/header; preserve full biological figure/labels/arrows/table/options
TAH-BIO-BIO26-L16-Q004,BIO26-PDF077-L16-S1-Q004,BIO26-L16,أحياء 2,النباتات اللاوعائية والوعائية,77,77,76,1,4,BIO26-M11,BIO26-S11-01,,,NOT_STARTED,NOT_RUN,ONE_QUESTION_ONE_IMAGE_ONE_CODE; exclude number/year/stars/badge/next-question/header; preserve full biological figure/labels/arrows/table/options
TAH-BIO-BIO26-L16-Q005,BIO26-PDF077-L16-S1-Q005,BIO26-L16,أحياء 2,النباتات اللاوعائية والوعائية,77,77,76,1,5,BIO26-M11,BIO26-S11-01,,,NOT_STARTED,NOT_RUN,ONE_QUESTION_ONE_IMAGE_ONE_CODE; exclude number/year/stars/badge/next-question/header; preserve full biological figure/labels/arrows/table/options
TAH-BIO-BIO26-L16-Q006,BIO26-PDF077-L16-S1-Q006,BIO26-L16,أحياء 2,النباتات اللاوعائية والوعائية,77,77,76,1,6,BIO26-M11,BIO26-S11-01,,,NOT_STARTED,NOT_RUN,ONE_QUESTION_ONE_IMAGE_ONE_CODE; exclude number/year/stars/badge/next-question/header; preserve full biological figure/labels/arrows/table/options
TAH-BIO-BIO26-L16-Q007,BIO26-PDF077-L16-S1-Q007,BIO26-L16,أحياء 2,النباتات اللاوعائية والوعائية,77,77,76,1,7,BIO26-M11,BIO26-S11-01,,,NOT_STARTED,NOT_RUN,ONE_QUESTION_ONE_IMAGE_ONE_CODE; exclude number/year/stars/badge/next-question/header; preserve full biological figure/labels/arrows/table/options
TAH-BIO-BIO26-L16-Q008,BIO26-PDF077-L16-S1-Q008,BIO26-L16,أحياء 2,النباتات اللاوعائية والوعائية,77,77,76,1,8,BIO26-M11,BIO26-S11-01,,,NOT_STARTED,NOT_RUN,ONE_QUESTION_ONE_IMAGE_ONE_CODE; exclude number/year/stars/badge/next-question/header; preserve full biological figure/labels/arrows/table/options
TAH-BIO-BIO26-L16-Q009,BIO26-PDF077-L16-S1-Q009,BIO26-L16,أحياء 2,النباتات اللاوعائية والوعائية,77,77,76,1,9,BIO26-M11,BIO26-S11-01,,,NOT_STARTED,NOT_RUN,ONE_QUESTION_ONE_IMAGE_ONE_CODE; exclude number/year/stars/badge/next-question/header; preserve full biological figure/labels/arrows/table/options
TAH-BIO-BIO26-L16-Q010,BIO26-PDF077-L16-S1-Q010,BIO26-L16,أحياء 2,النباتات اللاوعائية والوعائية,77,77,76,1,10,BIO26-M11,BIO26-S11-01,,,NOT_STARTED,NOT_RUN,ONE_QUESTION_ONE_IMAGE_ONE_CODE; exclude number/year/stars/badge/next-question/header; preserve full biological figure/labels/arrows/table/options
TAH-BIO-BIO26-L16-Q011,BIO26-PDF077-L16-S1-Q011,BIO26-L16,أحياء 2,النباتات اللاوعائية والوعائية,77,77,76,1,11,BIO26-M11,BIO26-S11-01,,,NOT_STARTED,NOT_RUN,ONE_QUESTION_ONE_IMAGE_ONE_CODE; exclude number/year/stars/badge/next-question/header; preserve full biological figure/labels/arrows/table/options
TAH-BIO-BIO26-L16-Q012,BIO26-PDF077-L16-S1-Q012,BIO26-L16,أحياء 2,النباتات اللاوعائية والوعائية,77,77,76,1,12,BIO26-M11,BIO26-S11-01,,,NOT_STARTED,NOT_RUN,ONE_QUESTION_ONE_IMAGE_ONE_CODE; exclude number/year/stars/badge/next-question/header; preserve full biological figure/labels/arrows/table/options
TAH-BIO-BIO26-L16-Q013,BIO26-PDF077-L16-S1-Q013,BIO26-L16,أحياء 2,النباتات اللاوعائية والوعائية,77,77,76,1,13,BIO26-M11,BIO26-S11-01,,,NOT_STARTED,NOT_RUN,ONE_QUESTION_ONE_IMAGE_ONE_CODE; exclude number/year/stars/badge/next-question/header; preserve full biological figure/labels/arrows/table/options
TAH-BIO-BIO26-L16-Q014,BIO26-PDF077-L16-S1-Q014,BIO26-L16,أحياء 2,النباتات اللاوعائية والوعائية,77,77,76,1,14,BIO26-M11,BIO26-S11-02,,,NOT_STARTED,NOT_RUN,ONE_QUESTION_ONE_IMAGE_ONE_CODE; exclude number/year/stars/badge/next-question/header; preserve full biological figure/labels/arrows/table/options
TAH-BIO-BIO26-L16-Q015,BIO26-PDF077-L16-S1-Q015,BIO26-L16,أحياء 2,النباتات اللاوعائية والوعائية,77,77,76,1,15,BIO26-M11,BIO26-S11-02,,,NOT_STARTED,NOT_RUN,ONE_QUESTION_ONE_IMAGE_ONE_CODE; exclude number/year/stars/badge/next-question/header; preserve full biological figure/labels/arrows/table/options
TAH-BIO-BIO26-L16-Q016,BIO26-PDF078-L16-S1-Q016,BIO26-L16,أحياء 2,النباتات اللاوعائية والوعائية,78,78,77,1,16,BIO26-M11,BIO26-S11-02,,,NOT_STARTED,NOT_RUN,ONE_QUESTION_ONE_IMAGE_ONE_CODE; exclude number/year/stars/badge/next-question/header; preserve full biological figure/labels/arrows/table/options
TAH-BIO-BIO26-L16-Q017,BIO26-PDF078-L16-S1-Q017,BIO26-L16,أحياء 2,النباتات اللاوعائية والوعائية,78,78,77,1,17,BIO26-M11,BIO26-S11-02,,,NOT_STARTED,NOT_RUN,ONE_QUESTION_ONE_IMAGE_ONE_CODE; exclude number/year/stars/badge/next-question/header; preserve full biological figure/labels/arrows/table/options
TAH-BIO-BIO26-L16-Q018,BIO26-PDF078-L16-S1-Q018,BIO26-L16,أحياء 2,النباتات اللاوعائية والوعائية,78,78,77,1,18,BIO26-M11,BIO26-S11-02,,,NOT_STARTED,NOT_RUN,ONE_QUESTION_ONE_IMAGE_ONE_CODE; exclude number/year/stars/badge/next-question/header; preserve full biological figure/labels/arrows/table/options
TAH-BIO-BIO26-L16-Q019,BIO26-PDF078-L16-S1-Q019,BIO26-L16,أحياء 2,النباتات اللاوعائية والوعائية,78,78,77,1,19,BIO26-M11,BIO26-S11-02,,,NOT_STARTED,NOT_RUN,ONE_QUESTION_ONE_IMAGE_ONE_CODE; exclude number/year/stars/badge/next-question/header; preserve full biological figure/labels/arrows/table/options
TAH-BIO-BIO26-L16-Q020,BIO26-PDF078-L16-S1-Q020,BIO26-L16,أحياء 2,النباتات اللاوعائية والوعائية,78,78,77,1,20,BIO26-M11,BIO26-S11-02,,,NOT_STARTED,NOT_RUN,ONE_QUESTION_ONE_IMAGE_ONE_CODE; exclude number/year/stars/badge/next-question/header; preserve full biological figure/labels/arrows/table/options
TAH-BIO-BIO26-L16-Q021,BIO26-PDF078-L16-S1-Q021,BIO26-L16,أحياء 2,النباتات اللاوعائية والوعائية,78,78,77,1,21,BIO26-M11,BIO26-S11-02,,,NOT_STARTED,NOT_RUN,ONE_QUESTION_ONE_IMAGE_ONE_CODE; exclude number/year/stars/badge/next-question/header; preserve full biological figure/labels/arrows/table/options
TAH-BIO-BIO26-L16-Q022,BIO26-PDF079-L16-S2-Q022,BIO26-L16,أحياء 2,النباتات اللاوعائية والوعائية,79,79,78,2,22,BIO26-M11,BIO26-S11-01,,,NOT_STARTED,NOT_RUN,ONE_QUESTION_ONE_IMAGE_ONE_CODE; exclude number/year/stars/badge/next-question/header; preserve full biological figure/labels/arrows/table/options
TAH-BIO-BIO26-L16-Q023,BIO26-PDF079-L16-S2-Q023,BIO26-L16,أحياء 2,النباتات اللاوعائية والوعائية,79,79,78,2,23,BIO26-M11,BIO26-S11-01,,,NOT_STARTED,NOT_RUN,ONE_QUESTION_ONE_IMAGE_ONE_CODE; exclude number/year/stars/badge/next-question/header; preserve full biological figure/labels/arrows/table/options
TAH-BIO-BIO26-L16-Q024,BIO26-PDF079-L16-S2-Q024,BIO26-L16,أحياء 2,النباتات اللاوعائية والوعائية,79,79,78,2,24,BIO26-M11,BIO26-S11-01,,,NOT_STARTED,NOT_RUN,ONE_QUESTION_ONE_IMAGE_ONE_CODE; exclude number/year/stars/badge/next-question/header; preserve full biological figure/labels/arrows/table/options
TAH-BIO-BIO26-L16-Q025,BIO26-PDF079-L16-S2-Q025,BIO26-L16,أحياء 2,النباتات اللاوعائية والوعائية,79,79,78,2,25,BIO26-M11,BIO26-S11-01,,,NOT_STARTED,NOT_RUN,ONE_QUESTION_ONE_IMAGE_ONE_CODE; exclude number/year/stars/badge/next-question/header; preserve full biological figure/labels/arrows/table/options
TAH-BIO-BIO26-L16-Q026,BIO26-PDF079-L16-S2-Q026,BIO26-L16,أحياء 2,النباتات اللاوعائية والوعائية,79,79,78,2,26,BIO26-M11,BIO26-S11-01,,,NOT_STARTED,NOT_RUN,ONE_QUESTION_ONE_IMAGE_ONE_CODE; exclude number/year/stars/badge/next-question/header; preserve full biological figure/labels/arrows/table/options
TAH-BIO-BIO26-L16-Q027,BIO26-PDF079-L16-S2-Q027,BIO26-L16,أحياء 2,النباتات اللاوعائية والوعائية,79,79,78,2,27,BIO26-M11,BIO26-S11-01,,,NOT_STARTED,NOT_RUN,ONE_QUESTION_ONE_IMAGE_ONE_CODE; exclude number/year/stars/badge/next-question/header; preserve full biological figure/labels/arrows/table/options
TAH-BIO-BIO26-L16-Q028,BIO26-PDF079-L16-S2-Q028,BIO26-L16,أحياء 2,النباتات اللاوعائية والوعائية,79,79,78,2,28,BIO26-M11,BIO26-S11-01,,,NOT_STARTED,NOT_RUN,ONE_QUESTION_ONE_IMAGE_ONE_CODE; exclude number/year/stars/badge/next-question/header; preserve full biological figure/labels/arrows/table/options
TAH-BIO-BIO26-L16-Q029,BIO26-PDF079-L16-S2-Q029,BIO26-L16,أحياء 2,النباتات اللاوعائية والوعائية,79,79,78,2,29,BIO26-M11,BIO26-S11-02,,,NOT_STARTED,NOT_RUN,ONE_QUESTION_ONE_IMAGE_ONE_CODE; exclude number/year/stars/badge/next-question/header; preserve full biological figure/labels/arrows/table/options
TAH-BIO-BIO26-L16-Q030,BIO26-PDF079-L16-S2-Q030,BIO26-L16,أحياء 2,النباتات اللاوعائية والوعائية,79,79,78,2,30,BIO26-M11,BIO26-S11-02,,,NOT_STARTED,NOT_RUN,ONE_QUESTION_ONE_IMAGE_ONE_CODE; exclude number/year/stars/badge/next-question/header; preserve full biological figure/labels/arrows/table/options
TAH-BIO-BIO26-L16-Q031,BIO26-PDF079-L16-S2-Q031,BIO26-L16,أحياء 2,النباتات اللاوعائية والوعائية,79,79,78,2,31,BIO26-M11,BIO26-S11-02,,,NOT_STARTED,NOT_RUN,ONE_QUESTION_ONE_IMAGE_ONE_CODE; exclude number/year/stars/badge/next-question/header; preserve full biological figure/labels/arrows/table/options
TAH-BIO-BIO26-L16-Q032,BIO26-PDF079-L16-S2-Q032,BIO26-L16,أحياء 2,النباتات اللاوعائية والوعائية,79,79,78,2,32,BIO26-M11,BIO26-S11-02,,,NOT_STARTED,NOT_RUN,ONE_QUESTION_ONE_IMAGE_ONE_CODE; exclude number/year/stars/badge/next-question/header; preserve full biological figure/labels/arrows/table/options
TAH-BIO-BIO26-L16-Q033,BIO26-PDF079-L16-S2-Q033,BIO26-L16,أحياء 2,النباتات اللاوعائية والوعائية,79,79,78,2,33,BIO26-M11,BIO26-S11-02,,,NOT_STARTED,NOT_RUN,ONE_QUESTION_ONE_IMAGE_ONE_CODE; exclude number/year/stars/badge/next-question/header; preserve full biological figure/labels/arrows/table/options
TAH-BIO-BIO26-L16-Q034,BIO26-PDF079-L16-S2-Q034,BIO26-L16,أحياء 2,النباتات اللاوعائية والوعائية,79,79,78,2,34,BIO26-M11,BIO26-S11-02,,,NOT_STARTED,NOT_RUN,ONE_QUESTION_ONE_IMAGE_ONE_CODE; exclude number/year/stars/badge/next-question/header; preserve full biological figure/labels/arrows/table/options
TAH-BIO-BIO26-L16-Q035,BIO26-PDF079-L16-S2-Q035,BIO26-L16,أحياء 2,النباتات اللاوعائية والوعائية,79,79,78,2,35,BIO26-M11,BIO26-S11-02,,,NOT_STARTED,NOT_RUN,ONE_QUESTION_ONE_IMAGE_ONE_CODE; exclude number/year/stars/badge/next-question/header; preserve full biological figure/labels/arrows/table/options
TAH-BIO-BIO26-L16-Q036,BIO26-PDF079-L16-S2-Q036,BIO26-L16,أحياء 2,النباتات اللاوعائية والوعائية,79,79,78,2,36,BIO26-M11,BIO26-S11-02,,,NOT_STARTED,NOT_RUN,ONE_QUESTION_ONE_IMAGE_ONE_CODE; exclude number/year/stars/badge/next-question/header; preserve full biological figure/labels/arrows/table/options
TAH-BIO-BIO26-L16-Q037,BIO26-PDF079-L16-S2-Q037,BIO26-L16,أحياء 2,النباتات اللاوعائية والوعائية,79,79,78,2,37,BIO26-M11,BIO26-S11-02,,,NOT_STARTED,NOT_RUN,ONE_QUESTION_ONE_IMAGE_ONE_CODE; exclude number/year/stars/badge/next-question/header; preserve full biological figure/labels/arrows/table/options
TAH-BIO-BIO26-L16-Q038,BIO26-PDF079-L16-S2-Q038,BIO26-L16,أحياء 2,النباتات اللاوعائية والوعائية,79,79,78,2,38,BIO26-M11,BIO26-S11-02,,,NOT_STARTED,NOT_RUN,ONE_QUESTION_ONE_IMAGE_ONE_CODE; exclude number/year/stars/badge/next-question/header; preserve full biological figure/labels/arrows/table/options
TAH-BIO-BIO26-L16-Q039,BIO26-PDF079-L16-S2-Q039,BIO26-L16,أحياء 2,النباتات اللاوعائية والوعائية,79,79,78,2,39,BIO26-M11,BIO26-S11-02,,,NOT_STARTED,NOT_RUN,ONE_QUESTION_ONE_IMAGE_ONE_CODE; exclude number/year/stars/badge/next-question/header; preserve full biological figure/labels/arrows/table/options
TAH-BIO-BIO26-L16-Q040,BIO26-PDF079-L16-S2-Q040,BIO26-L16,أحياء 2,النباتات اللاوعائية والوعائية,79,79,78,2,40,BIO26-M11,BIO26-S11-02,,,NOT_STARTED,NOT_RUN,ONE_QUESTION_ONE_IMAGE_ONE_CODE; exclude number/year/stars/badge/next-question/header; preserve full biological figure/labels/arrows/table/options
TAH-BIO-BIO26-L17-Q001,BIO26-PDF080-L17-S1-Q001,BIO26-L17,أحياء 2,خلايا وأنسجة النباتات,80,80,79,1,1,BIO26-M12,BIO26-S12-01,,,NOT_STARTED,NOT_RUN,ONE_QUESTION_ONE_IMAGE_ONE_CODE; exclude number/year/stars/badge/next-question/header; preserve full biological figure/labels/arrows/table/options
TAH-BIO-BIO26-L17-Q002,BIO26-PDF080-L17-S1-Q002,BIO26-L17,أحياء 2,خلايا وأنسجة النباتات,80,80,79,1,2,BIO26-M12,BIO26-S12-01,,,NOT_STARTED,NOT_RUN,ONE_QUESTION_ONE_IMAGE_ONE_CODE; exclude number/year/stars/badge/next-question/header; preserve full biological figure/labels/arrows/table/options
TAH-BIO-BIO26-L17-Q003,BIO26-PDF080-L17-S1-Q003,BIO26-L17,أحياء 2,خلايا وأنسجة النباتات,80,80,79,1,3,BIO26-M12,BIO26-S12-01,,,NOT_STARTED,NOT_RUN,ONE_QUESTION_ONE_IMAGE_ONE_CODE; exclude number/year/stars/badge/next-question/header; preserve full biological figure/labels/arrows/table/options
TAH-BIO-BIO26-L17-Q004,BIO26-PDF080-L17-S1-Q004,BIO26-L17,أحياء 2,خلايا وأنسجة النباتات,80,80,79,1,4,BIO26-M12,BIO26-S12-01,,,NOT_STARTED,NOT_RUN,ONE_QUESTION_ONE_IMAGE_ONE_CODE; exclude number/year/stars/badge/next-question/header; preserve full biological figure/labels/arrows/table/options
TAH-BIO-BIO26-L17-Q005,BIO26-PDF080-L17-S1-Q005,BIO26-L17,أحياء 2,خلايا وأنسجة النباتات,80,80,79,1,5,BIO26-M12,BIO26-S12-01,,,NOT_STARTED,NOT_RUN,ONE_QUESTION_ONE_IMAGE_ONE_CODE; exclude number/year/stars/badge/next-question/header; preserve full biological figure/labels/arrows/table/options
TAH-BIO-BIO26-L17-Q006,BIO26-PDF080-L17-S1-Q006,BIO26-L17,أحياء 2,خلايا وأنسجة النباتات,80,80,79,1,6,BIO26-M12,BIO26-S12-01,,,NOT_STARTED,NOT_RUN,ONE_QUESTION_ONE_IMAGE_ONE_CODE; exclude number/year/stars/badge/next-question/header; preserve full biological figure/labels/arrows/table/options
TAH-BIO-BIO26-L17-Q007,BIO26-PDF080-L17-S1-Q007,BIO26-L17,أحياء 2,خلايا وأنسجة النباتات,80,80,79,1,7,BIO26-M12,BIO26-S12-01,,,NOT_STARTED,NOT_RUN,ONE_QUESTION_ONE_IMAGE_ONE_CODE; exclude number/year/stars/badge/next-question/header; preserve full biological figure/labels/arrows/table/options
TAH-BIO-BIO26-L17-Q008,BIO26-PDF080-L17-S1-Q008,BIO26-L17,أحياء 2,خلايا وأنسجة النباتات,80,80,79,1,8,BIO26-M12,BIO26-S12-02,,,NOT_STARTED,NOT_RUN,ONE_QUESTION_ONE_IMAGE_ONE_CODE; exclude number/year/stars/badge/next-question/header; preserve full biological figure/labels/arrows/table/options
TAH-BIO-BIO26-L17-Q009,BIO26-PDF080-L17-S1-Q009,BIO26-L17,أحياء 2,خلايا وأنسجة النباتات,80,80,79,1,9,BIO26-M12,BIO26-S12-02,,,NOT_STARTED,NOT_RUN,ONE_QUESTION_ONE_IMAGE_ONE_CODE; exclude number/year/stars/badge/next-question/header; preserve full biological figure/labels/arrows/table/options
TAH-BIO-BIO26-L17-Q010,BIO26-PDF080-L17-S1-Q010,BIO26-L17,أحياء 2,خلايا وأنسجة النباتات,80,80,79,1,10,BIO26-M12,BIO26-S12-02,,,NOT_STARTED,NOT_RUN,ONE_QUESTION_ONE_IMAGE_ONE_CODE; exclude number/year/stars/badge/next-question/header; preserve full biological figure/labels/arrows/table/options
TAH-BIO-BIO26-L17-Q011,BIO26-PDF080-L17-S1-Q011,BIO26-L17,أحياء 2,خلايا وأنسجة النباتات,80,80,79,1,11,BIO26-M12,BIO26-S12-02,,,NOT_STARTED,NOT_RUN,ONE_QUESTION_ONE_IMAGE_ONE_CODE; exclude number/year/stars/badge/next-question/header; preserve full biological figure/labels/arrows/table/options
TAH-BIO-BIO26-L17-Q012,BIO26-PDF080-L17-S1-Q012,BIO26-L17,أحياء 2,خلايا وأنسجة النباتات,80,80,79,1,12,BIO26-M12,BIO26-S12-03,,,NOT_STARTED,NOT_RUN,ONE_QUESTION_ONE_IMAGE_ONE_CODE; exclude number/year/stars/badge/next-question/header; preserve full biological figure/labels/arrows/table/options
TAH-BIO-BIO26-L17-Q013,BIO26-PDF080-L17-S1-Q013,BIO26-L17,أحياء 2,خلايا وأنسجة النباتات,80,80,79,1,13,BIO26-M12,BIO26-S12-03,,,NOT_STARTED,NOT_RUN,ONE_QUESTION_ONE_IMAGE_ONE_CODE; exclude number/year/stars/badge/next-question/header; preserve full biological figure/labels/arrows/table/options
TAH-BIO-BIO26-L17-Q014,BIO26-PDF080-L17-S1-Q014,BIO26-L17,أحياء 2,خلايا وأنسجة النباتات,80,80,79,1,14,BIO26-M12,BIO26-S12-03,,,NOT_STARTED,NOT_RUN,ONE_QUESTION_ONE_IMAGE_ONE_CODE; exclude number/year/stars/badge/next-question/header; preserve full biological figure/labels/arrows/table/options
TAH-BIO-BIO26-L17-Q015,BIO26-PDF081-L17-S1-Q015,BIO26-L17,أحياء 2,خلايا وأنسجة النباتات,81,81,80,1,15,BIO26-M12,BIO26-S12-03,,,NOT_STARTED,NOT_RUN,ONE_QUESTION_ONE_IMAGE_ONE_CODE; exclude number/year/stars/badge/next-question/header; preserve full biological figure/labels/arrows/table/options
TAH-BIO-BIO26-L17-Q016,BIO26-PDF081-L17-S1-Q016,BIO26-L17,أحياء 2,خلايا وأنسجة النباتات,81,81,80,1,16,BIO26-M12,BIO26-S12-03,,,NOT_STARTED,NOT_RUN,ONE_QUESTION_ONE_IMAGE_ONE_CODE; exclude number/year/stars/badge/next-question/header; preserve full biological figure/labels/arrows/table/options
TAH-BIO-BIO26-L17-Q017,BIO26-PDF082-L17-S2-Q017,BIO26-L17,أحياء 2,خلايا وأنسجة النباتات,82,82,81,2,17,BIO26-M12,BIO26-S12-01,,,NOT_STARTED,NOT_RUN,ONE_QUESTION_ONE_IMAGE_ONE_CODE; exclude number/year/stars/badge/next-question/header; preserve full biological figure/labels/arrows/table/options
TAH-BIO-BIO26-L17-Q018,BIO26-PDF082-L17-S2-Q018,BIO26-L17,أحياء 2,خلايا وأنسجة النباتات,82,82,81,2,18,BIO26-M12,BIO26-S12-01,,,NOT_STARTED,NOT_RUN,ONE_QUESTION_ONE_IMAGE_ONE_CODE; exclude number/year/stars/badge/next-question/header; preserve full biological figure/labels/arrows/table/options
TAH-BIO-BIO26-L17-Q019,BIO26-PDF082-L17-S2-Q019,BIO26-L17,أحياء 2,خلايا وأنسجة النباتات,82,82,81,2,19,BIO26-M12,BIO26-S12-01,,,NOT_STARTED,NOT_RUN,ONE_QUESTION_ONE_IMAGE_ONE_CODE; exclude number/year/stars/badge/next-question/header; preserve full biological figure/labels/arrows/table/options
TAH-BIO-BIO26-L17-Q020,BIO26-PDF082-L17-S2-Q020,BIO26-L17,أحياء 2,خلايا وأنسجة النباتات,82,82,81,2,20,BIO26-M12,BIO26-S12-01,,,NOT_STARTED,NOT_RUN,ONE_QUESTION_ONE_IMAGE_ONE_CODE; exclude number/year/stars/badge/next-question/header; preserve full biological figure/labels/arrows/table/options
TAH-BIO-BIO26-L17-Q021,BIO26-PDF082-L17-S2-Q021,BIO26-L17,أحياء 2,خلايا وأنسجة النباتات,82,82,81,2,21,BIO26-M12,BIO26-S12-01,,,NOT_STARTED,NOT_RUN,ONE_QUESTION_ONE_IMAGE_ONE_CODE; exclude number/year/stars/badge/next-question/header; preserve full biological figure/labels/arrows/table/options
TAH-BIO-BIO26-L17-Q022,BIO26-PDF082-L17-S2-Q022,BIO26-L17,أحياء 2,خلايا وأنسجة النباتات,82,82,81,2,22,BIO26-M12,BIO26-S12-01,,,NOT_STARTED,NOT_RUN,ONE_QUESTION_ONE_IMAGE_ONE_CODE; exclude number/year/stars/badge/next-question/header; preserve full biological figure/labels/arrows/table/options
TAH-BIO-BIO26-L17-Q023,BIO26-PDF082-L17-S2-Q023,BIO26-L17,أحياء 2,خلايا وأنسجة النباتات,82,82,81,2,23,BIO26-M12,BIO26-S12-01,,,NOT_STARTED,NOT_RUN,ONE_QUESTION_ONE_IMAGE_ONE_CODE; exclude number/year/stars/badge/next-question/header; preserve full biological figure/labels/arrows/table/options
TAH-BIO-BIO26-L17-Q024,BIO26-PDF082-L17-S2-Q024,BIO26-L17,أحياء 2,خلايا وأنسجة النباتات,82,82,81,2,24,BIO26-M12,BIO26-S12-02,,,NOT_STARTED,NOT_RUN,ONE_QUESTION_ONE_IMAGE_ONE_CODE; exclude number/year/stars/badge/next-question/header; preserve full biological figure/labels/arrows/table/options
TAH-BIO-BIO26-L17-Q025,BIO26-PDF082-L17-S2-Q025,BIO26-L17,أحياء 2,خلايا وأنسجة النباتات,82,82,81,2,25,BIO26-M12,BIO26-S12-02,,,NOT_STARTED,NOT_RUN,ONE_QUESTION_ONE_IMAGE_ONE_CODE; exclude number/year/stars/badge/next-question/header; preserve full biological figure/labels/arrows/table/options
TAH-BIO-BIO26-L17-Q026,BIO26-PDF082-L17-S2-Q026,BIO26-L17,أحياء 2,خلايا وأنسجة النباتات,82,82,81,2,26,BIO26-M12,BIO26-S12-02,,,NOT_STARTED,NOT_RUN,ONE_QUESTION_ONE_IMAGE_ONE_CODE; exclude number/year/stars/badge/next-question/header; preserve full biological figure/labels/arrows/table/options
TAH-BIO-BIO26-L17-Q027,BIO26-PDF082-L17-S2-Q027,BIO26-L17,أحياء 2,خلايا وأنسجة النباتات,82,82,81,2,27,BIO26-M12,BIO26-S12-02,,,NOT_STARTED,NOT_RUN,ONE_QUESTION_ONE_IMAGE_ONE_CODE; exclude number/year/stars/badge/next-question/header; preserve full biological figure/labels/arrows/table/options
TAH-BIO-BIO26-L17-Q028,BIO26-PDF082-L17-S2-Q028,BIO26-L17,أحياء 2,خلايا وأنسجة النباتات,82,82,81,2,28,BIO26-M12,BIO26-S12-02,,,NOT_STARTED,NOT_RUN,ONE_QUESTION_ONE_IMAGE_ONE_CODE; exclude number/year/stars/badge/next-question/header; preserve full biological figure/labels/arrows/table/options
TAH-BIO-BIO26-L17-Q029,BIO26-PDF082-L17-S2-Q029,BIO26-L17,أحياء 2,خلايا وأنسجة النباتات,82,82,81,2,29,BIO26-M12,BIO26-S12-03,,,NOT_STARTED,NOT_RUN,ONE_QUESTION_ONE_IMAGE_ONE_CODE; exclude number/year/stars/badge/next-question/header; preserve full biological figure/labels/arrows/table/options
TAH-BIO-BIO26-L17-Q030,BIO26-PDF082-L17-S2-Q030,BIO26-L17,أحياء 2,خلايا وأنسجة النباتات,82,82,81,2,30,BIO26-M12,BIO26-S12-03,,,NOT_STARTED,NOT_RUN,ONE_QUESTION_ONE_IMAGE_ONE_CODE; exclude number/year/stars/badge/next-question/header; preserve full biological figure/labels/arrows/table/options
TAH-BIO-BIO26-L17-Q031,BIO26-PDF082-L17-S2-Q031,BIO26-L17,أحياء 2,خلايا وأنسجة النباتات,82,82,81,2,31,BIO26-M12,BIO26-S12-03,,,NOT_STARTED,NOT_RUN,ONE_QUESTION_ONE_IMAGE_ONE_CODE; exclude number/year/stars/badge/next-question/header; preserve full biological figure/labels/arrows/table/options
TAH-BIO-BIO26-L17-Q032,BIO26-PDF082-L17-S2-Q032,BIO26-L17,أحياء 2,خلايا وأنسجة النباتات,82,82,81,2,32,BIO26-M12,BIO26-S12-03,,,NOT_STARTED,NOT_RUN,ONE_QUESTION_ONE_IMAGE_ONE_CODE; exclude number/year/stars/badge/next-question/header; preserve full biological figure/labels/arrows/table/options
TAH-BIO-BIO26-L18-Q001,BIO26-PDF083-L18-S1-Q001,BIO26-L18,أحياء 2,الهرمونات واستجابة النبات,83,83,82,1,1,BIO26-M13,BIO26-S13-01,,,NOT_STARTED,NOT_RUN,ONE_QUESTION_ONE_IMAGE_ONE_CODE; exclude number/year/stars/badge/next-question/header; preserve full biological figure/labels/arrows/table/options
TAH-BIO-BIO26-L18-Q002,BIO26-PDF083-L18-S1-Q002,BIO26-L18,أحياء 2,الهرمونات واستجابة النبات,83,83,82,1,2,BIO26-M13,BIO26-S13-01,,,NOT_STARTED,NOT_RUN,ONE_QUESTION_ONE_IMAGE_ONE_CODE; exclude number/year/stars/badge/next-question/header; preserve full biological figure/labels/arrows/table/options
TAH-BIO-BIO26-L18-Q003,BIO26-PDF083-L18-S1-Q003,BIO26-L18,أحياء 2,الهرمونات واستجابة النبات,83,83,82,1,3,BIO26-M13,BIO26-S13-01,,,NOT_STARTED,NOT_RUN,ONE_QUESTION_ONE_IMAGE_ONE_CODE; exclude number/year/stars/badge/next-question/header; preserve full biological figure/labels/arrows/table/options
TAH-BIO-BIO26-L18-Q004,BIO26-PDF083-L18-S1-Q004,BIO26-L18,أحياء 2,الهرمونات واستجابة النبات,83,83,82,1,4,BIO26-M13,BIO26-S13-01,,,NOT_STARTED,NOT_RUN,ONE_QUESTION_ONE_IMAGE_ONE_CODE; exclude number/year/stars/badge/next-question/header; preserve full biological figure/labels/arrows/table/options
TAH-BIO-BIO26-L18-Q005,BIO26-PDF083-L18-S1-Q005,BIO26-L18,أحياء 2,الهرمونات واستجابة النبات,83,83,82,1,5,BIO26-M13,BIO26-S13-01,,,NOT_STARTED,NOT_RUN,ONE_QUESTION_ONE_IMAGE_ONE_CODE; exclude number/year/stars/badge/next-question/header; preserve full biological figure/labels/arrows/table/options
TAH-BIO-BIO26-L18-Q006,BIO26-PDF083-L18-S1-Q006,BIO26-L18,أحياء 2,الهرمونات واستجابة النبات,83,83,82,1,6,BIO26-M13,BIO26-S13-01,,,NOT_STARTED,NOT_RUN,ONE_QUESTION_ONE_IMAGE_ONE_CODE; exclude number/year/stars/badge/next-question/header; preserve full biological figure/labels/arrows/table/options
TAH-BIO-BIO26-L18-Q007,BIO26-PDF083-L18-S1-Q007,BIO26-L18,أحياء 2,الهرمونات واستجابة النبات,83,83,82,1,7,BIO26-M13,BIO26-S13-01,,,NOT_STARTED,NOT_RUN,ONE_QUESTION_ONE_IMAGE_ONE_CODE; exclude number/year/stars/badge/next-question/header; preserve full biological figure/labels/arrows/table/options
TAH-BIO-BIO26-L18-Q008,BIO26-PDF083-L18-S1-Q008,BIO26-L18,أحياء 2,الهرمونات واستجابة النبات,83,83,82,1,8,BIO26-M13,BIO26-S13-02,,,NOT_STARTED,NOT_RUN,ONE_QUESTION_ONE_IMAGE_ONE_CODE; exclude number/year/stars/badge/next-question/header; preserve full biological figure/labels/arrows/table/options
TAH-BIO-BIO26-L18-Q009,BIO26-PDF083-L18-S1-Q009,BIO26-L18,أحياء 2,الهرمونات واستجابة النبات,83,83,82,1,9,BIO26-M13,BIO26-S13-02,,,NOT_STARTED,NOT_RUN,ONE_QUESTION_ONE_IMAGE_ONE_CODE; exclude number/year/stars/badge/next-question/header; preserve full biological figure/labels/arrows/table/options
TAH-BIO-BIO26-L18-Q010,BIO26-PDF083-L18-S1-Q010,BIO26-L18,أحياء 2,الهرمونات واستجابة النبات,83,83,82,1,10,BIO26-M13,BIO26-S13-02,,,NOT_STARTED,NOT_RUN,ONE_QUESTION_ONE_IMAGE_ONE_CODE; exclude number/year/stars/badge/next-question/header; preserve full biological figure/labels/arrows/table/options
TAH-BIO-BIO26-L18-Q011,BIO26-PDF083-L18-S1-Q011,BIO26-L18,أحياء 2,الهرمونات واستجابة النبات,83,83,82,1,11,BIO26-M13,BIO26-S13-02,,,NOT_STARTED,NOT_RUN,ONE_QUESTION_ONE_IMAGE_ONE_CODE; exclude number/year/stars/badge/next-question/header; preserve full biological figure/labels/arrows/table/options
TAH-BIO-BIO26-L18-Q012,BIO26-PDF083-L18-S1-Q012,BIO26-L18,أحياء 2,الهرمونات واستجابة النبات,83,83,82,1,12,BIO26-M13,BIO26-S13-02,,,NOT_STARTED,NOT_RUN,ONE_QUESTION_ONE_IMAGE_ONE_CODE; exclude number/year/stars/badge/next-question/header; preserve full biological figure/labels/arrows/table/options
TAH-BIO-BIO26-L18-Q013,BIO26-PDF083-L18-S1-Q013,BIO26-L18,أحياء 2,الهرمونات واستجابة النبات,83,83,82,1,13,BIO26-M13,BIO26-S13-02,,,NOT_STARTED,NOT_RUN,ONE_QUESTION_ONE_IMAGE_ONE_CODE; exclude number/year/stars/badge/next-question/header; preserve full biological figure/labels/arrows/table/options
TAH-BIO-BIO26-L18-Q014,BIO26-PDF084-L18-S1-Q014,BIO26-L18,أحياء 2,الهرمونات واستجابة النبات,84,84,83,1,14,BIO26-M13,BIO26-S13-02,,,NOT_STARTED,NOT_RUN,ONE_QUESTION_ONE_IMAGE_ONE_CODE; exclude number/year/stars/badge/next-question/header; preserve full biological figure/labels/arrows/table/options
TAH-BIO-BIO26-L18-Q015,BIO26-PDF084-L18-S1-Q015,BIO26-L18,أحياء 2,الهرمونات واستجابة النبات,84,84,83,1,15,BIO26-M13,BIO26-S13-02,,,NOT_STARTED,NOT_RUN,ONE_QUESTION_ONE_IMAGE_ONE_CODE; exclude number/year/stars/badge/next-question/header; preserve full biological figure/labels/arrows/table/options
TAH-BIO-BIO26-L18-Q016,BIO26-PDF084-L18-S1-Q016,BIO26-L18,أحياء 2,الهرمونات واستجابة النبات,84,84,83,1,16,BIO26-M13,BIO26-S13-02,,,NOT_STARTED,NOT_RUN,ONE_QUESTION_ONE_IMAGE_ONE_CODE; exclude number/year/stars/badge/next-question/header; preserve full biological figure/labels/arrows/table/options
TAH-BIO-BIO26-L18-Q017,BIO26-PDF084-L18-S1-Q017,BIO26-L18,أحياء 2,الهرمونات واستجابة النبات,84,84,83,1,17,BIO26-M13,BIO26-S13-02,,,NOT_STARTED,NOT_RUN,ONE_QUESTION_ONE_IMAGE_ONE_CODE; exclude number/year/stars/badge/next-question/header; preserve full biological figure/labels/arrows/table/options
TAH-BIO-BIO26-L18-Q018,BIO26-PDF084-L18-S1-Q018,BIO26-L18,أحياء 2,الهرمونات واستجابة النبات,84,84,83,1,18,BIO26-M13,BIO26-S13-02,,,NOT_STARTED,NOT_RUN,ONE_QUESTION_ONE_IMAGE_ONE_CODE; exclude number/year/stars/badge/next-question/header; preserve full biological figure/labels/arrows/table/options
TAH-BIO-BIO26-L18-Q019,BIO26-PDF084-L18-S1-Q019,BIO26-L18,أحياء 2,الهرمونات واستجابة النبات,84,84,83,1,19,BIO26-M13,BIO26-S13-02,,,NOT_STARTED,NOT_RUN,ONE_QUESTION_ONE_IMAGE_ONE_CODE; exclude number/year/stars/badge/next-question/header; preserve full biological figure/labels/arrows/table/options
TAH-BIO-BIO26-L18-Q020,BIO26-PDF084-L18-S1-Q020,BIO26-L18,أحياء 2,الهرمونات واستجابة النبات,84,84,83,1,20,BIO26-M13,BIO26-S13-02,,,NOT_STARTED,NOT_RUN,ONE_QUESTION_ONE_IMAGE_ONE_CODE; exclude number/year/stars/badge/next-question/header; preserve full biological figure/labels/arrows/table/options
TAH-BIO-BIO26-L18-Q021,BIO26-PDF084-L18-S1-Q021,BIO26-L18,أحياء 2,الهرمونات واستجابة النبات,84,84,83,1,21,BIO26-M13,BIO26-S13-02,,,NOT_STARTED,NOT_RUN,ONE_QUESTION_ONE_IMAGE_ONE_CODE; exclude number/year/stars/badge/next-question/header; preserve full biological figure/labels/arrows/table/options
TAH-BIO-BIO26-L18-Q022,BIO26-PDF084-L18-S1-Q022,BIO26-L18,أحياء 2,الهرمونات واستجابة النبات,84,84,83,1,22,BIO26-M13,BIO26-S13-02,,,NOT_STARTED,NOT_RUN,ONE_QUESTION_ONE_IMAGE_ONE_CODE; exclude number/year/stars/badge/next-question/header; preserve full biological figure/labels/arrows/table/options
TAH-BIO-BIO26-L18-Q023,BIO26-PDF084-L18-S1-Q023,BIO26-L18,أحياء 2,الهرمونات واستجابة النبات,84,84,83,1,23,BIO26-M13,BIO26-S13-02,,,NOT_STARTED,NOT_RUN,ONE_QUESTION_ONE_IMAGE_ONE_CODE; exclude number/year/stars/badge/next-question/header; preserve full biological figure/labels/arrows/table/options
TAH-BIO-BIO26-L18-Q024,BIO26-PDF084-L18-S1-Q024,BIO26-L18,أحياء 2,الهرمونات واستجابة النبات,84,84,83,1,24,BIO26-M13,BIO26-S13-02,,,NOT_STARTED,NOT_RUN,ONE_QUESTION_ONE_IMAGE_ONE_CODE; exclude number/year/stars/badge/next-question/header; preserve full biological figure/labels/arrows/table/options
TAH-BIO-BIO26-L18-Q025,BIO26-PDF085-L18-S1-Q025,BIO26-L18,أحياء 2,الهرمونات واستجابة النبات,85,85,84,1,25,BIO26-M13,BIO26-S13-02,,,NOT_STARTED,NOT_RUN,ONE_QUESTION_ONE_IMAGE_ONE_CODE; exclude number/year/stars/badge/next-question/header; preserve full biological figure/labels/arrows/table/options
TAH-BIO-BIO26-L18-Q026,BIO26-PDF085-L18-S1-Q026,BIO26-L18,أحياء 2,الهرمونات واستجابة النبات,85,85,84,1,26,BIO26-M13,BIO26-S13-02,,,NOT_STARTED,NOT_RUN,ONE_QUESTION_ONE_IMAGE_ONE_CODE; exclude number/year/stars/badge/next-question/header; preserve full biological figure/labels/arrows/table/options
TAH-BIO-BIO26-L18-Q027,BIO26-PDF086-L18-S2-Q027,BIO26-L18,أحياء 2,الهرمونات واستجابة النبات,86,86,85,2,27,BIO26-M13,BIO26-S13-01,,,NOT_STARTED,NOT_RUN,ONE_QUESTION_ONE_IMAGE_ONE_CODE; exclude number/year/stars/badge/next-question/header; preserve full biological figure/labels/arrows/table/options
TAH-BIO-BIO26-L18-Q028,BIO26-PDF086-L18-S2-Q028,BIO26-L18,أحياء 2,الهرمونات واستجابة النبات,86,86,85,2,28,BIO26-M13,BIO26-S13-01,,,NOT_STARTED,NOT_RUN,ONE_QUESTION_ONE_IMAGE_ONE_CODE; exclude number/year/stars/badge/next-question/header; preserve full biological figure/labels/arrows/table/options
TAH-BIO-BIO26-L18-Q029,BIO26-PDF086-L18-S2-Q029,BIO26-L18,أحياء 2,الهرمونات واستجابة النبات,86,86,85,2,29,BIO26-M13,BIO26-S13-01,,,NOT_STARTED,NOT_RUN,ONE_QUESTION_ONE_IMAGE_ONE_CODE; exclude number/year/stars/badge/next-question/header; preserve full biological figure/labels/arrows/table/options
TAH-BIO-BIO26-L18-Q030,BIO26-PDF086-L18-S2-Q030,BIO26-L18,أحياء 2,الهرمونات واستجابة النبات,86,86,85,2,30,BIO26-M13,BIO26-S13-01,,,NOT_STARTED,NOT_RUN,ONE_QUESTION_ONE_IMAGE_ONE_CODE; exclude number/year/stars/badge/next-question/header; preserve full biological figure/labels/arrows/table/options
TAH-BIO-BIO26-L18-Q031,BIO26-PDF086-L18-S2-Q031,BIO26-L18,أحياء 2,الهرمونات واستجابة النبات,86,86,85,2,31,BIO26-M13,BIO26-S13-01,,,NOT_STARTED,NOT_RUN,ONE_QUESTION_ONE_IMAGE_ONE_CODE; exclude number/year/stars/badge/next-question/header; preserve full biological figure/labels/arrows/table/options
TAH-BIO-BIO26-L18-Q032,BIO26-PDF086-L18-S2-Q032,BIO26-L18,أحياء 2,الهرمونات واستجابة النبات,86,86,85,2,32,BIO26-M13,BIO26-S13-01,,,NOT_STARTED,NOT_RUN,ONE_QUESTION_ONE_IMAGE_ONE_CODE; exclude number/year/stars/badge/next-question/header; preserve full biological figure/labels/arrows/table/options
TAH-BIO-BIO26-L18-Q033,BIO26-PDF086-L18-S2-Q033,BIO26-L18,أحياء 2,الهرمونات واستجابة النبات,86,86,85,2,33,BIO26-M13,BIO26-S13-02,,,NOT_STARTED,NOT_RUN,ONE_QUESTION_ONE_IMAGE_ONE_CODE; exclude number/year/stars/badge/next-question/header; preserve full biological figure/labels/arrows/table/options
TAH-BIO-BIO26-L18-Q034,BIO26-PDF086-L18-S2-Q034,BIO26-L18,أحياء 2,الهرمونات واستجابة النبات,86,86,85,2,34,BIO26-M13,BIO26-S13-02,,,NOT_STARTED,NOT_RUN,ONE_QUESTION_ONE_IMAGE_ONE_CODE; exclude number/year/stars/badge/next-question/header; preserve full biological figure/labels/arrows/table/options
TAH-BIO-BIO26-L18-Q035,BIO26-PDF086-L18-S2-Q035,BIO26-L18,أحياء 2,الهرمونات واستجابة النبات,86,86,85,2,35,BIO26-M13,BIO26-S13-02,,,NOT_STARTED,NOT_RUN,ONE_QUESTION_ONE_IMAGE_ONE_CODE; exclude number/year/stars/badge/next-question/header; preserve full biological figure/labels/arrows/table/options
TAH-BIO-BIO26-L19-Q001,BIO26-PDF087-L19-S1-Q001,BIO26-L19,أحياء 2,النباتات الزهرية وتكاثرها,87,87,86,1,1,BIO26-M13,BIO26-S13-03,,,NOT_STARTED,NOT_RUN,ONE_QUESTION_ONE_IMAGE_ONE_CODE; exclude number/year/stars/badge/next-question/header; preserve full biological figure/labels/arrows/table/options
TAH-BIO-BIO26-L19-Q002,BIO26-PDF087-L19-S1-Q002,BIO26-L19,أحياء 2,النباتات الزهرية وتكاثرها,87,87,86,1,2,BIO26-M13,BIO26-S13-03,,,NOT_STARTED,NOT_RUN,ONE_QUESTION_ONE_IMAGE_ONE_CODE; exclude number/year/stars/badge/next-question/header; preserve full biological figure/labels/arrows/table/options
TAH-BIO-BIO26-L19-Q003,BIO26-PDF087-L19-S1-Q003,BIO26-L19,أحياء 2,النباتات الزهرية وتكاثرها,87,87,86,1,3,BIO26-M13,BIO26-S13-03,,,NOT_STARTED,NOT_RUN,ONE_QUESTION_ONE_IMAGE_ONE_CODE; exclude number/year/stars/badge/next-question/header; preserve full biological figure/labels/arrows/table/options
TAH-BIO-BIO26-L19-Q004,BIO26-PDF087-L19-S1-Q004,BIO26-L19,أحياء 2,النباتات الزهرية وتكاثرها,87,87,86,1,4,BIO26-M13,BIO26-S13-03,,,NOT_STARTED,NOT_RUN,ONE_QUESTION_ONE_IMAGE_ONE_CODE; exclude number/year/stars/badge/next-question/header; preserve full biological figure/labels/arrows/table/options
TAH-BIO-BIO26-L19-Q005,BIO26-PDF087-L19-S1-Q005,BIO26-L19,أحياء 2,النباتات الزهرية وتكاثرها,87,87,86,1,5,BIO26-M13,BIO26-S13-03,,,NOT_STARTED,NOT_RUN,ONE_QUESTION_ONE_IMAGE_ONE_CODE; exclude number/year/stars/badge/next-question/header; preserve full biological figure/labels/arrows/table/options
TAH-BIO-BIO26-L19-Q006,BIO26-PDF087-L19-S1-Q006,BIO26-L19,أحياء 2,النباتات الزهرية وتكاثرها,87,87,86,1,6,BIO26-M13,BIO26-S13-03,,,NOT_STARTED,NOT_RUN,ONE_QUESTION_ONE_IMAGE_ONE_CODE; exclude number/year/stars/badge/next-question/header; preserve full biological figure/labels/arrows/table/options
TAH-BIO-BIO26-L19-Q007,BIO26-PDF087-L19-S1-Q007,BIO26-L19,أحياء 2,النباتات الزهرية وتكاثرها,87,87,86,1,7,BIO26-M13,BIO26-S13-03,,,NOT_STARTED,NOT_RUN,ONE_QUESTION_ONE_IMAGE_ONE_CODE; exclude number/year/stars/badge/next-question/header; preserve full biological figure/labels/arrows/table/options
TAH-BIO-BIO26-L19-Q008,BIO26-PDF087-L19-S1-Q008,BIO26-L19,أحياء 2,النباتات الزهرية وتكاثرها,87,87,86,1,8,BIO26-M13,BIO26-S13-03,,,NOT_STARTED,NOT_RUN,ONE_QUESTION_ONE_IMAGE_ONE_CODE; exclude number/year/stars/badge/next-question/header; preserve full biological figure/labels/arrows/table/options
TAH-BIO-BIO26-L19-Q009,BIO26-PDF087-L19-S1-Q009,BIO26-L19,أحياء 2,النباتات الزهرية وتكاثرها,87,87,86,1,9,BIO26-M13,BIO26-S13-03,,,NOT_STARTED,NOT_RUN,ONE_QUESTION_ONE_IMAGE_ONE_CODE; exclude number/year/stars/badge/next-question/header; preserve full biological figure/labels/arrows/table/options
TAH-BIO-BIO26-L19-Q010,BIO26-PDF087-L19-S1-Q010,BIO26-L19,أحياء 2,النباتات الزهرية وتكاثرها,87,87,86,1,10,BIO26-M13,BIO26-S13-03,,,NOT_STARTED,NOT_RUN,ONE_QUESTION_ONE_IMAGE_ONE_CODE; exclude number/year/stars/badge/next-question/header; preserve full biological figure/labels/arrows/table/options
TAH-BIO-BIO26-L19-Q011,BIO26-PDF087-L19-S1-Q011,BIO26-L19,أحياء 2,النباتات الزهرية وتكاثرها,87,87,86,1,11,BIO26-M13,BIO26-S13-03,,,NOT_STARTED,NOT_RUN,ONE_QUESTION_ONE_IMAGE_ONE_CODE; exclude number/year/stars/badge/next-question/header; preserve full biological figure/labels/arrows/table/options
TAH-BIO-BIO26-L19-Q012,BIO26-PDF087-L19-S1-Q012,BIO26-L19,أحياء 2,النباتات الزهرية وتكاثرها,87,87,86,1,12,BIO26-M13,BIO26-S13-03,,,NOT_STARTED,NOT_RUN,ONE_QUESTION_ONE_IMAGE_ONE_CODE; exclude number/year/stars/badge/next-question/header; preserve full biological figure/labels/arrows/table/options
TAH-BIO-BIO26-L19-Q013,BIO26-PDF087-L19-S1-Q013,BIO26-L19,أحياء 2,النباتات الزهرية وتكاثرها,87,87,86,1,13,BIO26-M13,BIO26-S13-03,,,NOT_STARTED,NOT_RUN,ONE_QUESTION_ONE_IMAGE_ONE_CODE; exclude number/year/stars/badge/next-question/header; preserve full biological figure/labels/arrows/table/options
TAH-BIO-BIO26-L19-Q014,BIO26-PDF087-L19-S1-Q014,BIO26-L19,أحياء 2,النباتات الزهرية وتكاثرها,87,87,86,1,14,BIO26-M13,BIO26-S13-03,,,NOT_STARTED,NOT_RUN,ONE_QUESTION_ONE_IMAGE_ONE_CODE; exclude number/year/stars/badge/next-question/header; preserve full biological figure/labels/arrows/table/options
TAH-BIO-BIO26-L19-Q015,BIO26-PDF087-L19-S1-Q015,BIO26-L19,أحياء 2,النباتات الزهرية وتكاثرها,87,87,86,1,15,BIO26-M13,BIO26-S13-03,,,NOT_STARTED,NOT_RUN,ONE_QUESTION_ONE_IMAGE_ONE_CODE; exclude number/year/stars/badge/next-question/header; preserve full biological figure/labels/arrows/table/options
TAH-BIO-BIO26-L19-Q016,BIO26-PDF087-L19-S1-Q016,BIO26-L19,أحياء 2,النباتات الزهرية وتكاثرها,87,87,86,1,16,BIO26-M13,BIO26-S13-03,,,NOT_STARTED,NOT_RUN,ONE_QUESTION_ONE_IMAGE_ONE_CODE; exclude number/year/stars/badge/next-question/header; preserve full biological figure/labels/arrows/table/options
TAH-BIO-BIO26-L19-Q017,BIO26-PDF087-L19-S1-Q017,BIO26-L19,أحياء 2,النباتات الزهرية وتكاثرها,87,87,86,1,17,BIO26-M13,BIO26-S13-03,,,NOT_STARTED,NOT_RUN,ONE_QUESTION_ONE_IMAGE_ONE_CODE; exclude number/year/stars/badge/next-question/header; preserve full biological figure/labels/arrows/table/options
TAH-BIO-BIO26-L19-Q018,BIO26-PDF088-L19-S1-Q018,BIO26-L19,أحياء 2,النباتات الزهرية وتكاثرها,88,88,87,1,18,BIO26-M13,BIO26-S13-03,,,NOT_STARTED,NOT_RUN,ONE_QUESTION_ONE_IMAGE_ONE_CODE; exclude number/year/stars/badge/next-question/header; preserve full biological figure/labels/arrows/table/options
TAH-BIO-BIO26-L19-Q019,BIO26-PDF088-L19-S1-Q019,BIO26-L19,أحياء 2,النباتات الزهرية وتكاثرها,88,88,87,1,19,BIO26-M13,BIO26-S13-03,,,NOT_STARTED,NOT_RUN,ONE_QUESTION_ONE_IMAGE_ONE_CODE; exclude number/year/stars/badge/next-question/header; preserve full biological figure/labels/arrows/table/options
TAH-BIO-BIO26-L19-Q020,BIO26-PDF088-L19-S1-Q020,BIO26-L19,أحياء 2,النباتات الزهرية وتكاثرها,88,88,87,1,20,BIO26-M13,BIO26-S13-03,,,NOT_STARTED,NOT_RUN,ONE_QUESTION_ONE_IMAGE_ONE_CODE; exclude number/year/stars/badge/next-question/header; preserve full biological figure/labels/arrows/table/options
TAH-BIO-BIO26-L19-Q021,BIO26-PDF088-L19-S1-Q021,BIO26-L19,أحياء 2,النباتات الزهرية وتكاثرها,88,88,87,1,21,BIO26-M13,BIO26-S13-03,,,NOT_STARTED,NOT_RUN,ONE_QUESTION_ONE_IMAGE_ONE_CODE; exclude number/year/stars/badge/next-question/header; preserve full biological figure/labels/arrows/table/options
TAH-BIO-BIO26-L19-Q022,BIO26-PDF088-L19-S1-Q022,BIO26-L19,أحياء 2,النباتات الزهرية وتكاثرها,88,88,87,1,22,BIO26-M13,BIO26-S13-03,,,NOT_STARTED,NOT_RUN,ONE_QUESTION_ONE_IMAGE_ONE_CODE; exclude number/year/stars/badge/next-question/header; preserve full biological figure/labels/arrows/table/options
TAH-BIO-BIO26-L19-Q023,BIO26-PDF088-L19-S1-Q023,BIO26-L19,أحياء 2,النباتات الزهرية وتكاثرها,88,88,87,1,23,BIO26-M13,BIO26-S13-03,,,NOT_STARTED,NOT_RUN,ONE_QUESTION_ONE_IMAGE_ONE_CODE; exclude number/year/stars/badge/next-question/header; preserve full biological figure/labels/arrows/table/options
TAH-BIO-BIO26-L19-Q024,BIO26-PDF088-L19-S1-Q024,BIO26-L19,أحياء 2,النباتات الزهرية وتكاثرها,88,88,87,1,24,BIO26-M13,BIO26-S13-03,,,NOT_STARTED,NOT_RUN,ONE_QUESTION_ONE_IMAGE_ONE_CODE; exclude number/year/stars/badge/next-question/header; preserve full biological figure/labels/arrows/table/options
TAH-BIO-BIO26-L19-Q025,BIO26-PDF088-L19-S1-Q025,BIO26-L19,أحياء 2,النباتات الزهرية وتكاثرها,88,88,87,1,25,BIO26-M13,BIO26-S13-03,,,NOT_STARTED,NOT_RUN,ONE_QUESTION_ONE_IMAGE_ONE_CODE; exclude number/year/stars/badge/next-question/header; preserve full biological figure/labels/arrows/table/options
TAH-BIO-BIO26-L19-Q026,BIO26-PDF088-L19-S1-Q026,BIO26-L19,أحياء 2,النباتات الزهرية وتكاثرها,88,88,87,1,26,BIO26-M13,BIO26-S13-03,,,NOT_STARTED,NOT_RUN,ONE_QUESTION_ONE_IMAGE_ONE_CODE; exclude number/year/stars/badge/next-question/header; preserve full biological figure/labels/arrows/table/options
TAH-BIO-BIO26-L19-Q027,BIO26-PDF088-L19-S1-Q027,BIO26-L19,أحياء 2,النباتات الزهرية وتكاثرها,88,88,87,1,27,BIO26-M13,BIO26-S13-03,,,NOT_STARTED,NOT_RUN,ONE_QUESTION_ONE_IMAGE_ONE_CODE; exclude number/year/stars/badge/next-question/header; preserve full biological figure/labels/arrows/table/options
TAH-BIO-BIO26-L19-Q028,BIO26-PDF088-L19-S1-Q028,BIO26-L19,أحياء 2,النباتات الزهرية وتكاثرها,88,88,87,1,28,BIO26-M13,BIO26-S13-03,,,NOT_STARTED,NOT_RUN,ONE_QUESTION_ONE_IMAGE_ONE_CODE; exclude number/year/stars/badge/next-question/header; preserve full biological figure/labels/arrows/table/options
TAH-BIO-BIO26-L19-Q029,BIO26-PDF089-L19-S1-Q029,BIO26-L19,أحياء 2,النباتات الزهرية وتكاثرها,89,89,88,1,29,BIO26-M13,BIO26-S13-03,,,NOT_STARTED,NOT_RUN,ONE_QUESTION_ONE_IMAGE_ONE_CODE; exclude number/year/stars/badge/next-question/header; preserve full biological figure/labels/arrows/table/options
TAH-BIO-BIO26-L19-Q030,BIO26-PDF089-L19-S1-Q030,BIO26-L19,أحياء 2,النباتات الزهرية وتكاثرها,89,89,88,1,30,BIO26-M13,BIO26-S13-03,,,NOT_STARTED,NOT_RUN,ONE_QUESTION_ONE_IMAGE_ONE_CODE; exclude number/year/stars/badge/next-question/header; preserve full biological figure/labels/arrows/table/options
TAH-BIO-BIO26-L19-Q031,BIO26-PDF089-L19-S1-Q031,BIO26-L19,أحياء 2,النباتات الزهرية وتكاثرها,89,89,88,1,31,BIO26-M13,BIO26-S13-03,,,NOT_STARTED,NOT_RUN,ONE_QUESTION_ONE_IMAGE_ONE_CODE; exclude number/year/stars/badge/next-question/header; preserve full biological figure/labels/arrows/table/options
TAH-BIO-BIO26-L19-Q032,BIO26-PDF089-L19-S1-Q032,BIO26-L19,أحياء 2,النباتات الزهرية وتكاثرها,89,89,88,1,32,BIO26-M13,BIO26-S13-03,,,NOT_STARTED,NOT_RUN,ONE_QUESTION_ONE_IMAGE_ONE_CODE; exclude number/year/stars/badge/next-question/header; preserve full biological figure/labels/arrows/table/options
TAH-BIO-BIO26-L19-Q033,BIO26-PDF089-L19-S1-Q033,BIO26-L19,أحياء 2,النباتات الزهرية وتكاثرها,89,89,88,1,33,BIO26-M13,BIO26-S13-03,,,NOT_STARTED,NOT_RUN,ONE_QUESTION_ONE_IMAGE_ONE_CODE; exclude number/year/stars/badge/next-question/header; preserve full biological figure/labels/arrows/table/options
TAH-BIO-BIO26-L19-Q034,BIO26-PDF089-L19-S1-Q034,BIO26-L19,أحياء 2,النباتات الزهرية وتكاثرها,89,89,88,1,34,BIO26-M13,BIO26-S13-03,,,NOT_STARTED,NOT_RUN,ONE_QUESTION_ONE_IMAGE_ONE_CODE; exclude number/year/stars/badge/next-question/header; preserve full biological figure/labels/arrows/table/options
TAH-BIO-BIO26-L19-Q035,BIO26-PDF089-L19-S1-Q035,BIO26-L19,أحياء 2,النباتات الزهرية وتكاثرها,89,89,88,1,35,BIO26-M13,BIO26-S13-03,,,NOT_STARTED,NOT_RUN,ONE_QUESTION_ONE_IMAGE_ONE_CODE; exclude number/year/stars/badge/next-question/header; preserve full biological figure/labels/arrows/table/options
TAH-BIO-BIO26-L19-Q036,BIO26-PDF089-L19-S1-Q036,BIO26-L19,أحياء 2,النباتات الزهرية وتكاثرها,89,89,88,1,36,BIO26-M13,BIO26-S13-03,,,NOT_STARTED,NOT_RUN,ONE_QUESTION_ONE_IMAGE_ONE_CODE; exclude number/year/stars/badge/next-question/header; preserve full biological figure/labels/arrows/table/options
TAH-BIO-BIO26-L19-Q037,BIO26-PDF089-L19-S1-Q037,BIO26-L19,أحياء 2,النباتات الزهرية وتكاثرها,89,89,88,1,37,BIO26-M13,BIO26-S13-03,,,NOT_STARTED,NOT_RUN,ONE_QUESTION_ONE_IMAGE_ONE_CODE; exclude number/year/stars/badge/next-question/header; preserve full biological figure/labels/arrows/table/options
TAH-BIO-BIO26-L19-Q038,BIO26-PDF089-L19-S1-Q038,BIO26-L19,أحياء 2,النباتات الزهرية وتكاثرها,89,89,88,1,38,BIO26-M13,BIO26-S13-03,,,NOT_STARTED,NOT_RUN,ONE_QUESTION_ONE_IMAGE_ONE_CODE; exclude number/year/stars/badge/next-question/header; preserve full biological figure/labels/arrows/table/options
TAH-BIO-BIO26-L19-Q039,BIO26-PDF089-L19-S1-Q039,BIO26-L19,أحياء 2,النباتات الزهرية وتكاثرها,89,89,88,1,39,BIO26-M13,BIO26-S13-03,,,NOT_STARTED,NOT_RUN,ONE_QUESTION_ONE_IMAGE_ONE_CODE; exclude number/year/stars/badge/next-question/header; preserve full biological figure/labels/arrows/table/options
TAH-BIO-BIO26-L19-Q040,BIO26-PDF090-L19-S2-Q040,BIO26-L19,أحياء 2,النباتات الزهرية وتكاثرها,90,90,89,2,40,BIO26-M13,BIO26-S13-03,,,NOT_STARTED,NOT_RUN,ONE_QUESTION_ONE_IMAGE_ONE_CODE; exclude number/year/stars/badge/next-question/header; preserve full biological figure/labels/arrows/table/options
TAH-BIO-BIO26-L19-Q041,BIO26-PDF090-L19-S2-Q041,BIO26-L19,أحياء 2,النباتات الزهرية وتكاثرها,90,90,89,2,41,BIO26-M13,BIO26-S13-03,,,NOT_STARTED,NOT_RUN,ONE_QUESTION_ONE_IMAGE_ONE_CODE; exclude number/year/stars/badge/next-question/header; preserve full biological figure/labels/arrows/table/options
TAH-BIO-BIO26-L19-Q042,BIO26-PDF090-L19-S2-Q042,BIO26-L19,أحياء 2,النباتات الزهرية وتكاثرها,90,90,89,2,42,BIO26-M13,BIO26-S13-03,,,NOT_STARTED,NOT_RUN,ONE_QUESTION_ONE_IMAGE_ONE_CODE; exclude number/year/stars/badge/next-question/header; preserve full biological figure/labels/arrows/table/options
TAH-BIO-BIO26-L19-Q043,BIO26-PDF090-L19-S2-Q043,BIO26-L19,أحياء 2,النباتات الزهرية وتكاثرها,90,90,89,2,43,BIO26-M13,BIO26-S13-03,,,NOT_STARTED,NOT_RUN,ONE_QUESTION_ONE_IMAGE_ONE_CODE; exclude number/year/stars/badge/next-question/header; preserve full biological figure/labels/arrows/table/options
TAH-BIO-BIO26-L19-Q044,BIO26-PDF090-L19-S2-Q044,BIO26-L19,أحياء 2,النباتات الزهرية وتكاثرها,90,90,89,2,44,BIO26-M13,BIO26-S13-03,,,NOT_STARTED,NOT_RUN,ONE_QUESTION_ONE_IMAGE_ONE_CODE; exclude number/year/stars/badge/next-question/header; preserve full biological figure/labels/arrows/table/options
TAH-BIO-BIO26-L19-Q045,BIO26-PDF090-L19-S2-Q045,BIO26-L19,أحياء 2,النباتات الزهرية وتكاثرها,90,90,89,2,45,BIO26-M13,BIO26-S13-03,,,NOT_STARTED,NOT_RUN,ONE_QUESTION_ONE_IMAGE_ONE_CODE; exclude number/year/stars/badge/next-question/header; preserve full biological figure/labels/arrows/table/options
TAH-BIO-BIO26-L19-Q046,BIO26-PDF090-L19-S2-Q046,BIO26-L19,أحياء 2,النباتات الزهرية وتكاثرها,90,90,89,2,46,BIO26-M13,BIO26-S13-03,,,NOT_STARTED,NOT_RUN,ONE_QUESTION_ONE_IMAGE_ONE_CODE; exclude number/year/stars/badge/next-question/header; preserve full biological figure/labels/arrows/table/options
TAH-BIO-BIO26-L19-Q047,BIO26-PDF090-L19-S2-Q047,BIO26-L19,أحياء 2,النباتات الزهرية وتكاثرها,90,90,89,2,47,BIO26-M13,BIO26-S13-03,,,NOT_STARTED,NOT_RUN,ONE_QUESTION_ONE_IMAGE_ONE_CODE; exclude number/year/stars/badge/next-question/header; preserve full biological figure/labels/arrows/table/options
TAH-BIO-BIO26-L19-Q048,BIO26-PDF090-L19-S2-Q048,BIO26-L19,أحياء 2,النباتات الزهرية وتكاثرها,90,90,89,2,48,BIO26-M13,BIO26-S13-03,,,NOT_STARTED,NOT_RUN,ONE_QUESTION_ONE_IMAGE_ONE_CODE; exclude number/year/stars/badge/next-question/header; preserve full biological figure/labels/arrows/table/options
TAH-BIO-BIO26-L19-Q049,BIO26-PDF090-L19-S2-Q049,BIO26-L19,أحياء 2,النباتات الزهرية وتكاثرها,90,90,89,2,49,BIO26-M13,BIO26-S13-03,,,NOT_STARTED,NOT_RUN,ONE_QUESTION_ONE_IMAGE_ONE_CODE; exclude number/year/stars/badge/next-question/header; preserve full biological figure/labels/arrows/table/options
TAH-BIO-BIO26-L19-Q050,BIO26-PDF090-L19-S2-Q050,BIO26-L19,أحياء 2,النباتات الزهرية وتكاثرها,90,90,89,2,50,BIO26-M13,BIO26-S13-03,,,NOT_STARTED,NOT_RUN,ONE_QUESTION_ONE_IMAGE_ONE_CODE; exclude number/year/stars/badge/next-question/header; preserve full biological figure/labels/arrows/table/options
TAH-BIO-BIO26-L19-Q051,BIO26-PDF090-L19-S2-Q051,BIO26-L19,أحياء 2,النباتات الزهرية وتكاثرها,90,90,89,2,51,BIO26-M13,BIO26-S13-03,,,NOT_STARTED,NOT_RUN,ONE_QUESTION_ONE_IMAGE_ONE_CODE; exclude number/year/stars/badge/next-question/header; preserve full biological figure/labels/arrows/table/options
TAH-BIO-BIO26-L20-Q001,BIO26-PDF092-L20-S1-Q001,BIO26-L20,أحياء 3,الجهاز الهيكلي,92,92,91,1,1,BIO26-M14,BIO26-S14-01,,,NOT_STARTED,NOT_RUN,ONE_QUESTION_ONE_IMAGE_ONE_CODE; exclude number/year/stars/badge/next-question/header; preserve full biological figure/labels/arrows/table/options
TAH-BIO-BIO26-L20-Q002,BIO26-PDF092-L20-S1-Q002,BIO26-L20,أحياء 3,الجهاز الهيكلي,92,92,91,1,2,BIO26-M14,BIO26-S14-01,,,NOT_STARTED,NOT_RUN,ONE_QUESTION_ONE_IMAGE_ONE_CODE; exclude number/year/stars/badge/next-question/header; preserve full biological figure/labels/arrows/table/options
TAH-BIO-BIO26-L20-Q003,BIO26-PDF092-L20-S1-Q003,BIO26-L20,أحياء 3,الجهاز الهيكلي,92,92,91,1,3,BIO26-M14,BIO26-S14-01,,,NOT_STARTED,NOT_RUN,ONE_QUESTION_ONE_IMAGE_ONE_CODE; exclude number/year/stars/badge/next-question/header; preserve full biological figure/labels/arrows/table/options
TAH-BIO-BIO26-L20-Q004,BIO26-PDF092-L20-S1-Q004,BIO26-L20,أحياء 3,الجهاز الهيكلي,92,92,91,1,4,BIO26-M14,BIO26-S14-01,,,NOT_STARTED,NOT_RUN,ONE_QUESTION_ONE_IMAGE_ONE_CODE; exclude number/year/stars/badge/next-question/header; preserve full biological figure/labels/arrows/table/options
TAH-BIO-BIO26-L20-Q005,BIO26-PDF092-L20-S1-Q005,BIO26-L20,أحياء 3,الجهاز الهيكلي,92,92,91,1,5,BIO26-M14,BIO26-S14-01,,,NOT_STARTED,NOT_RUN,ONE_QUESTION_ONE_IMAGE_ONE_CODE; exclude number/year/stars/badge/next-question/header; preserve full biological figure/labels/arrows/table/options
TAH-BIO-BIO26-L20-Q006,BIO26-PDF092-L20-S1-Q006,BIO26-L20,أحياء 3,الجهاز الهيكلي,92,92,91,1,6,BIO26-M14,BIO26-S14-01,,,NOT_STARTED,NOT_RUN,ONE_QUESTION_ONE_IMAGE_ONE_CODE; exclude number/year/stars/badge/next-question/header; preserve full biological figure/labels/arrows/table/options
TAH-BIO-BIO26-L20-Q007,BIO26-PDF092-L20-S1-Q007,BIO26-L20,أحياء 3,الجهاز الهيكلي,92,92,91,1,7,BIO26-M14,BIO26-S14-01,,,NOT_STARTED,NOT_RUN,ONE_QUESTION_ONE_IMAGE_ONE_CODE; exclude number/year/stars/badge/next-question/header; preserve full biological figure/labels/arrows/table/options
TAH-BIO-BIO26-L20-Q008,BIO26-PDF092-L20-S1-Q008,BIO26-L20,أحياء 3,الجهاز الهيكلي,92,92,91,1,8,BIO26-M14,BIO26-S14-01,,,NOT_STARTED,NOT_RUN,ONE_QUESTION_ONE_IMAGE_ONE_CODE; exclude number/year/stars/badge/next-question/header; preserve full biological figure/labels/arrows/table/options
TAH-BIO-BIO26-L20-Q009,BIO26-PDF092-L20-S1-Q009,BIO26-L20,أحياء 3,الجهاز الهيكلي,92,92,91,1,9,BIO26-M14,BIO26-S14-01,,,NOT_STARTED,NOT_RUN,ONE_QUESTION_ONE_IMAGE_ONE_CODE; exclude number/year/stars/badge/next-question/header; preserve full biological figure/labels/arrows/table/options
TAH-BIO-BIO26-L20-Q010,BIO26-PDF092-L20-S1-Q010,BIO26-L20,أحياء 3,الجهاز الهيكلي,92,92,91,1,10,BIO26-M14,BIO26-S14-01,,,NOT_STARTED,NOT_RUN,ONE_QUESTION_ONE_IMAGE_ONE_CODE; exclude number/year/stars/badge/next-question/header; preserve full biological figure/labels/arrows/table/options
TAH-BIO-BIO26-L20-Q011,BIO26-PDF092-L20-S1-Q011,BIO26-L20,أحياء 3,الجهاز الهيكلي,92,92,91,1,11,BIO26-M14,BIO26-S14-01,,,NOT_STARTED,NOT_RUN,ONE_QUESTION_ONE_IMAGE_ONE_CODE; exclude number/year/stars/badge/next-question/header; preserve full biological figure/labels/arrows/table/options
TAH-BIO-BIO26-L20-Q012,BIO26-PDF092-L20-S1-Q012,BIO26-L20,أحياء 3,الجهاز الهيكلي,92,92,91,1,12,BIO26-M14,BIO26-S14-01,,,NOT_STARTED,NOT_RUN,ONE_QUESTION_ONE_IMAGE_ONE_CODE; exclude number/year/stars/badge/next-question/header; preserve full biological figure/labels/arrows/table/options
TAH-BIO-BIO26-L20-Q013,BIO26-PDF092-L20-S1-Q013,BIO26-L20,أحياء 3,الجهاز الهيكلي,92,92,91,1,13,BIO26-M14,BIO26-S14-01,,,NOT_STARTED,NOT_RUN,ONE_QUESTION_ONE_IMAGE_ONE_CODE; exclude number/year/stars/badge/next-question/header; preserve full biological figure/labels/arrows/table/options
TAH-BIO-BIO26-L20-Q014,BIO26-PDF092-L20-S1-Q014,BIO26-L20,أحياء 3,الجهاز الهيكلي,92,92,91,1,14,BIO26-M14,BIO26-S14-01,,,NOT_STARTED,NOT_RUN,ONE_QUESTION_ONE_IMAGE_ONE_CODE; exclude number/year/stars/badge/next-question/header; preserve full biological figure/labels/arrows/table/options
TAH-BIO-BIO26-L20-Q015,BIO26-PDF092-L20-S1-Q015,BIO26-L20,أحياء 3,الجهاز الهيكلي,92,92,91,1,15,BIO26-M14,BIO26-S14-01,,,NOT_STARTED,NOT_RUN,ONE_QUESTION_ONE_IMAGE_ONE_CODE; exclude number/year/stars/badge/next-question/header; preserve full biological figure/labels/arrows/table/options
TAH-BIO-BIO26-L20-Q016,BIO26-PDF092-L20-S1-Q016,BIO26-L20,أحياء 3,الجهاز الهيكلي,92,92,91,1,16,BIO26-M14,BIO26-S14-01,,,NOT_STARTED,NOT_RUN,ONE_QUESTION_ONE_IMAGE_ONE_CODE; exclude number/year/stars/badge/next-question/header; preserve full biological figure/labels/arrows/table/options
TAH-BIO-BIO26-L20-Q017,BIO26-PDF092-L20-S1-Q017,BIO26-L20,أحياء 3,الجهاز الهيكلي,92,92,91,1,17,BIO26-M14,BIO26-S14-01,,,NOT_STARTED,NOT_RUN,ONE_QUESTION_ONE_IMAGE_ONE_CODE; exclude number/year/stars/badge/next-question/header; preserve full biological figure/labels/arrows/table/options
TAH-BIO-BIO26-L20-Q018,BIO26-PDF092-L20-S1-Q018,BIO26-L20,أحياء 3,الجهاز الهيكلي,92,92,91,1,18,BIO26-M14,BIO26-S14-01,,,NOT_STARTED,NOT_RUN,ONE_QUESTION_ONE_IMAGE_ONE_CODE; exclude number/year/stars/badge/next-question/header; preserve full biological figure/labels/arrows/table/options
TAH-BIO-BIO26-L20-Q019,BIO26-PDF093-L20-S1-Q019,BIO26-L20,أحياء 3,الجهاز الهيكلي,93,93,92,1,19,BIO26-M14,BIO26-S14-01,,,NOT_STARTED,NOT_RUN,ONE_QUESTION_ONE_IMAGE_ONE_CODE; exclude number/year/stars/badge/next-question/header; preserve full biological figure/labels/arrows/table/options
TAH-BIO-BIO26-L20-Q020,BIO26-PDF093-L20-S1-Q020,BIO26-L20,أحياء 3,الجهاز الهيكلي,93,93,92,1,20,BIO26-M14,BIO26-S14-01,,,NOT_STARTED,NOT_RUN,ONE_QUESTION_ONE_IMAGE_ONE_CODE; exclude number/year/stars/badge/next-question/header; preserve full biological figure/labels/arrows/table/options
TAH-BIO-BIO26-L20-Q021,BIO26-PDF093-L20-S1-Q021,BIO26-L20,أحياء 3,الجهاز الهيكلي,93,93,92,1,21,BIO26-M14,BIO26-S14-01,,,NOT_STARTED,NOT_RUN,ONE_QUESTION_ONE_IMAGE_ONE_CODE; exclude number/year/stars/badge/next-question/header; preserve full biological figure/labels/arrows/table/options
TAH-BIO-BIO26-L20-Q022,BIO26-PDF093-L20-S1-Q022,BIO26-L20,أحياء 3,الجهاز الهيكلي,93,93,92,1,22,BIO26-M14,BIO26-S14-01,,,NOT_STARTED,NOT_RUN,ONE_QUESTION_ONE_IMAGE_ONE_CODE; exclude number/year/stars/badge/next-question/header; preserve full biological figure/labels/arrows/table/options
TAH-BIO-BIO26-L20-Q023,BIO26-PDF093-L20-S1-Q023,BIO26-L20,أحياء 3,الجهاز الهيكلي,93,93,92,1,23,BIO26-M14,BIO26-S14-01,,,NOT_STARTED,NOT_RUN,ONE_QUESTION_ONE_IMAGE_ONE_CODE; exclude number/year/stars/badge/next-question/header; preserve full biological figure/labels/arrows/table/options
TAH-BIO-BIO26-L20-Q024,BIO26-PDF093-L20-S1-Q024,BIO26-L20,أحياء 3,الجهاز الهيكلي,93,93,92,1,24,BIO26-M14,BIO26-S14-01,,,NOT_STARTED,NOT_RUN,ONE_QUESTION_ONE_IMAGE_ONE_CODE; exclude number/year/stars/badge/next-question/header; preserve full biological figure/labels/arrows/table/options
TAH-BIO-BIO26-L20-Q025,BIO26-PDF093-L20-S1-Q025,BIO26-L20,أحياء 3,الجهاز الهيكلي,93,93,92,1,25,BIO26-M14,BIO26-S14-01,,,NOT_STARTED,NOT_RUN,ONE_QUESTION_ONE_IMAGE_ONE_CODE; exclude number/year/stars/badge/next-question/header; preserve full biological figure/labels/arrows/table/options
TAH-BIO-BIO26-L20-Q026,BIO26-PDF093-L20-S1-Q026,BIO26-L20,أحياء 3,الجهاز الهيكلي,93,93,92,1,26,BIO26-M14,BIO26-S14-01,,,NOT_STARTED,NOT_RUN,ONE_QUESTION_ONE_IMAGE_ONE_CODE; exclude number/year/stars/badge/next-question/header; preserve full biological figure/labels/arrows/table/options
TAH-BIO-BIO26-L20-Q027,BIO26-PDF093-L20-S1-Q027,BIO26-L20,أحياء 3,الجهاز الهيكلي,93,93,92,1,27,BIO26-M14,BIO26-S14-01,,,NOT_STARTED,NOT_RUN,ONE_QUESTION_ONE_IMAGE_ONE_CODE; exclude number/year/stars/badge/next-question/header; preserve full biological figure/labels/arrows/table/options
TAH-BIO-BIO26-L20-Q028,BIO26-PDF093-L20-S1-Q028,BIO26-L20,أحياء 3,الجهاز الهيكلي,93,93,92,1,28,BIO26-M14,BIO26-S14-01,,,NOT_STARTED,NOT_RUN,ONE_QUESTION_ONE_IMAGE_ONE_CODE; exclude number/year/stars/badge/next-question/header; preserve full biological figure/labels/arrows/table/options
TAH-BIO-BIO26-L20-Q029,BIO26-PDF093-L20-S1-Q029,BIO26-L20,أحياء 3,الجهاز الهيكلي,93,93,92,1,29,BIO26-M14,BIO26-S14-01,,,NOT_STARTED,NOT_RUN,ONE_QUESTION_ONE_IMAGE_ONE_CODE; exclude number/year/stars/badge/next-question/header; preserve full biological figure/labels/arrows/table/options
TAH-BIO-BIO26-L20-Q030,BIO26-PDF093-L20-S1-Q030,BIO26-L20,أحياء 3,الجهاز الهيكلي,93,93,92,1,30,BIO26-M14,BIO26-S14-01,,,NOT_STARTED,NOT_RUN,ONE_QUESTION_ONE_IMAGE_ONE_CODE; exclude number/year/stars/badge/next-question/header; preserve full biological figure/labels/arrows/table/options
TAH-BIO-BIO26-L20-Q031,BIO26-PDF093-L20-S1-Q031,BIO26-L20,أحياء 3,الجهاز الهيكلي,93,93,92,1,31,BIO26-M14,BIO26-S14-01,,,NOT_STARTED,NOT_RUN,ONE_QUESTION_ONE_IMAGE_ONE_CODE; exclude number/year/stars/badge/next-question/header; preserve full biological figure/labels/arrows/table/options
TAH-BIO-BIO26-L20-Q032,BIO26-PDF093-L20-S1-Q032,BIO26-L20,أحياء 3,الجهاز الهيكلي,93,93,92,1,32,BIO26-M14,BIO26-S14-01,,,NOT_STARTED,NOT_RUN,ONE_QUESTION_ONE_IMAGE_ONE_CODE; exclude number/year/stars/badge/next-question/header; preserve full biological figure/labels/arrows/table/options
TAH-BIO-BIO26-L20-Q033,BIO26-PDF093-L20-S1-Q033,BIO26-L20,أحياء 3,الجهاز الهيكلي,93,93,92,1,33,BIO26-M14,BIO26-S14-01,,,NOT_STARTED,NOT_RUN,ONE_QUESTION_ONE_IMAGE_ONE_CODE; exclude number/year/stars/badge/next-question/header; preserve full biological figure/labels/arrows/table/options
TAH-BIO-BIO26-L20-Q034,BIO26-PDF093-L20-S1-Q034,BIO26-L20,أحياء 3,الجهاز الهيكلي,93,93,92,1,34,BIO26-M14,BIO26-S14-01,,,NOT_STARTED,NOT_RUN,ONE_QUESTION_ONE_IMAGE_ONE_CODE; exclude number/year/stars/badge/next-question/header; preserve full biological figure/labels/arrows/table/options
TAH-BIO-BIO26-L20-Q035,BIO26-PDF094-L20-S1-Q035,BIO26-L20,أحياء 3,الجهاز الهيكلي,94,94,93,1,35,BIO26-M14,BIO26-S14-01,,,NOT_STARTED,NOT_RUN,ONE_QUESTION_ONE_IMAGE_ONE_CODE; exclude number/year/stars/badge/next-question/header; preserve full biological figure/labels/arrows/table/options
TAH-BIO-BIO26-L20-Q036,BIO26-PDF094-L20-S1-Q036,BIO26-L20,أحياء 3,الجهاز الهيكلي,94,94,93,1,36,BIO26-M14,BIO26-S14-01,,,NOT_STARTED,NOT_RUN,ONE_QUESTION_ONE_IMAGE_ONE_CODE; exclude number/year/stars/badge/next-question/header; preserve full biological figure/labels/arrows/table/options
TAH-BIO-BIO26-L20-Q037,BIO26-PDF094-L20-S1-Q037,BIO26-L20,أحياء 3,الجهاز الهيكلي,94,94,93,1,37,BIO26-M14,BIO26-S14-01,,,NOT_STARTED,NOT_RUN,ONE_QUESTION_ONE_IMAGE_ONE_CODE; exclude number/year/stars/badge/next-question/header; preserve full biological figure/labels/arrows/table/options
TAH-BIO-BIO26-L20-Q038,BIO26-PDF094-L20-S1-Q038,BIO26-L20,أحياء 3,الجهاز الهيكلي,94,94,93,1,38,BIO26-M14,BIO26-S14-01,,,NOT_STARTED,NOT_RUN,ONE_QUESTION_ONE_IMAGE_ONE_CODE; exclude number/year/stars/badge/next-question/header; preserve full biological figure/labels/arrows/table/options
TAH-BIO-BIO26-L20-Q039,BIO26-PDF094-L20-S1-Q039,BIO26-L20,أحياء 3,الجهاز الهيكلي,94,94,93,1,39,BIO26-M14,BIO26-S14-01,,,NOT_STARTED,NOT_RUN,ONE_QUESTION_ONE_IMAGE_ONE_CODE; exclude number/year/stars/badge/next-question/header; preserve full biological figure/labels/arrows/table/options
TAH-BIO-BIO26-L20-Q040,BIO26-PDF094-L20-S1-Q040,BIO26-L20,أحياء 3,الجهاز الهيكلي,94,94,93,1,40,BIO26-M14,BIO26-S14-01,,,NOT_STARTED,NOT_RUN,ONE_QUESTION_ONE_IMAGE_ONE_CODE; exclude number/year/stars/badge/next-question/header; preserve full biological figure/labels/arrows/table/options
TAH-BIO-BIO26-L20-Q041,BIO26-PDF094-L20-S1-Q041,BIO26-L20,أحياء 3,الجهاز الهيكلي,94,94,93,1,41,BIO26-M14,BIO26-S14-01,,,NOT_STARTED,NOT_RUN,ONE_QUESTION_ONE_IMAGE_ONE_CODE; exclude number/year/stars/badge/next-question/header; preserve full biological figure/labels/arrows/table/options
TAH-BIO-BIO26-L20-Q042,BIO26-PDF094-L20-S1-Q042,BIO26-L20,أحياء 3,الجهاز الهيكلي,94,94,93,1,42,BIO26-M14,BIO26-S14-01,,,NOT_STARTED,NOT_RUN,ONE_QUESTION_ONE_IMAGE_ONE_CODE; exclude number/year/stars/badge/next-question/header; preserve full biological figure/labels/arrows/table/options
TAH-BIO-BIO26-L20-Q043,BIO26-PDF094-L20-S1-Q043,BIO26-L20,أحياء 3,الجهاز الهيكلي,94,94,93,1,43,BIO26-M14,BIO26-S14-01,,,NOT_STARTED,NOT_RUN,ONE_QUESTION_ONE_IMAGE_ONE_CODE; exclude number/year/stars/badge/next-question/header; preserve full biological figure/labels/arrows/table/options
TAH-BIO-BIO26-L20-Q044,BIO26-PDF094-L20-S1-Q044,BIO26-L20,أحياء 3,الجهاز الهيكلي,94,94,93,1,44,BIO26-M14,BIO26-S14-01,,,NOT_STARTED,NOT_RUN,ONE_QUESTION_ONE_IMAGE_ONE_CODE; exclude number/year/stars/badge/next-question/header; preserve full biological figure/labels/arrows/table/options
TAH-BIO-BIO26-L20-Q045,BIO26-PDF095-L20-S2-Q045,BIO26-L20,أحياء 3,الجهاز الهيكلي,95,95,94,2,45,BIO26-M14,BIO26-S14-01,,,NOT_STARTED,NOT_RUN,ONE_QUESTION_ONE_IMAGE_ONE_CODE; exclude number/year/stars/badge/next-question/header; preserve full biological figure/labels/arrows/table/options
TAH-BIO-BIO26-L20-Q046,BIO26-PDF095-L20-S2-Q046,BIO26-L20,أحياء 3,الجهاز الهيكلي,95,95,94,2,46,BIO26-M14,BIO26-S14-01,,,NOT_STARTED,NOT_RUN,ONE_QUESTION_ONE_IMAGE_ONE_CODE; exclude number/year/stars/badge/next-question/header; preserve full biological figure/labels/arrows/table/options
TAH-BIO-BIO26-L20-Q047,BIO26-PDF095-L20-S2-Q047,BIO26-L20,أحياء 3,الجهاز الهيكلي,95,95,94,2,47,BIO26-M14,BIO26-S14-01,,,NOT_STARTED,NOT_RUN,ONE_QUESTION_ONE_IMAGE_ONE_CODE; exclude number/year/stars/badge/next-question/header; preserve full biological figure/labels/arrows/table/options
TAH-BIO-BIO26-L20-Q048,BIO26-PDF095-L20-S2-Q048,BIO26-L20,أحياء 3,الجهاز الهيكلي,95,95,94,2,48,BIO26-M14,BIO26-S14-01,,,NOT_STARTED,NOT_RUN,ONE_QUESTION_ONE_IMAGE_ONE_CODE; exclude number/year/stars/badge/next-question/header; preserve full biological figure/labels/arrows/table/options
TAH-BIO-BIO26-L20-Q049,BIO26-PDF095-L20-S2-Q049,BIO26-L20,أحياء 3,الجهاز الهيكلي,95,95,94,2,49,BIO26-M14,BIO26-S14-01,,,NOT_STARTED,NOT_RUN,ONE_QUESTION_ONE_IMAGE_ONE_CODE; exclude number/year/stars/badge/next-question/header; preserve full biological figure/labels/arrows/table/options
TAH-BIO-BIO26-L20-Q050,BIO26-PDF095-L20-S2-Q050,BIO26-L20,أحياء 3,الجهاز الهيكلي,95,95,94,2,50,BIO26-M14,BIO26-S14-01,,,NOT_STARTED,NOT_RUN,ONE_QUESTION_ONE_IMAGE_ONE_CODE; exclude number/year/stars/badge/next-question/header; preserve full biological figure/labels/arrows/table/options
TAH-BIO-BIO26-L20-Q051,BIO26-PDF095-L20-S2-Q051,BIO26-L20,أحياء 3,الجهاز الهيكلي,95,95,94,2,51,BIO26-M14,BIO26-S14-01,,,NOT_STARTED,NOT_RUN,ONE_QUESTION_ONE_IMAGE_ONE_CODE; exclude number/year/stars/badge/next-question/header; preserve full biological figure/labels/arrows/table/options
TAH-BIO-BIO26-L20-Q052,BIO26-PDF095-L20-S2-Q052,BIO26-L20,أحياء 3,الجهاز الهيكلي,95,95,94,2,52,BIO26-M14,BIO26-S14-01,,,NOT_STARTED,NOT_RUN,ONE_QUESTION_ONE_IMAGE_ONE_CODE; exclude number/year/stars/badge/next-question/header; preserve full biological figure/labels/arrows/table/options
TAH-BIO-BIO26-L20-Q053,BIO26-PDF095-L20-S2-Q053,BIO26-L20,أحياء 3,الجهاز الهيكلي,95,95,94,2,53,BIO26-M14,BIO26-S14-01,,,NOT_STARTED,NOT_RUN,ONE_QUESTION_ONE_IMAGE_ONE_CODE; exclude number/year/stars/badge/next-question/header; preserve full biological figure/labels/arrows/table/options
TAH-BIO-BIO26-L20-Q054,BIO26-PDF095-L20-S2-Q054,BIO26-L20,أحياء 3,الجهاز الهيكلي,95,95,94,2,54,BIO26-M14,BIO26-S14-01,,,NOT_STARTED,NOT_RUN,ONE_QUESTION_ONE_IMAGE_ONE_CODE; exclude number/year/stars/badge/next-question/header; preserve full biological figure/labels/arrows/table/options
TAH-BIO-BIO26-L20-Q055,BIO26-PDF095-L20-S2-Q055,BIO26-L20,أحياء 3,الجهاز الهيكلي,95,95,94,2,55,BIO26-M14,BIO26-S14-01,,,NOT_STARTED,NOT_RUN,ONE_QUESTION_ONE_IMAGE_ONE_CODE; exclude number/year/stars/badge/next-question/header; preserve full biological figure/labels/arrows/table/options
TAH-BIO-BIO26-L20-Q056,BIO26-PDF095-L20-S2-Q056,BIO26-L20,أحياء 3,الجهاز الهيكلي,95,95,94,2,56,BIO26-M14,BIO26-S14-01,,,NOT_STARTED,NOT_RUN,ONE_QUESTION_ONE_IMAGE_ONE_CODE; exclude number/year/stars/badge/next-question/header; preserve full biological figure/labels/arrows/table/options
TAH-BIO-BIO26-L20-Q057,BIO26-PDF095-L20-S2-Q057,BIO26-L20,أحياء 3,الجهاز الهيكلي,95,95,94,2,57,BIO26-M14,BIO26-S14-01,,,NOT_STARTED,NOT_RUN,ONE_QUESTION_ONE_IMAGE_ONE_CODE; exclude number/year/stars/badge/next-question/header; preserve full biological figure/labels/arrows/table/options
TAH-BIO-BIO26-L20-Q058,BIO26-PDF095-L20-S2-Q058,BIO26-L20,أحياء 3,الجهاز الهيكلي,95,95,94,2,58,BIO26-M14,BIO26-S14-01,,,NOT_STARTED,NOT_RUN,ONE_QUESTION_ONE_IMAGE_ONE_CODE; exclude number/year/stars/badge/next-question/header; preserve full biological figure/labels/arrows/table/options
TAH-BIO-BIO26-L21-Q001,BIO26-PDF096-L21-S1-Q001,BIO26-L21,أحياء 3,الجهاز العضلي,96,96,95,1,1,BIO26-M14,BIO26-S14-02,,,NOT_STARTED,NOT_RUN,ONE_QUESTION_ONE_IMAGE_ONE_CODE; exclude number/year/stars/badge/next-question/header; preserve full biological figure/labels/arrows/table/options
TAH-BIO-BIO26-L21-Q002,BIO26-PDF096-L21-S1-Q002,BIO26-L21,أحياء 3,الجهاز العضلي,96,96,95,1,2,BIO26-M14,BIO26-S14-02,,,NOT_STARTED,NOT_RUN,ONE_QUESTION_ONE_IMAGE_ONE_CODE; exclude number/year/stars/badge/next-question/header; preserve full biological figure/labels/arrows/table/options
TAH-BIO-BIO26-L21-Q003,BIO26-PDF096-L21-S1-Q003,BIO26-L21,أحياء 3,الجهاز العضلي,96,96,95,1,3,BIO26-M14,BIO26-S14-02,,,NOT_STARTED,NOT_RUN,ONE_QUESTION_ONE_IMAGE_ONE_CODE; exclude number/year/stars/badge/next-question/header; preserve full biological figure/labels/arrows/table/options
TAH-BIO-BIO26-L21-Q004,BIO26-PDF096-L21-S1-Q004,BIO26-L21,أحياء 3,الجهاز العضلي,96,96,95,1,4,BIO26-M14,BIO26-S14-02,,,NOT_STARTED,NOT_RUN,ONE_QUESTION_ONE_IMAGE_ONE_CODE; exclude number/year/stars/badge/next-question/header; preserve full biological figure/labels/arrows/table/options
TAH-BIO-BIO26-L21-Q005,BIO26-PDF096-L21-S1-Q005,BIO26-L21,أحياء 3,الجهاز العضلي,96,96,95,1,5,BIO26-M14,BIO26-S14-02,,,NOT_STARTED,NOT_RUN,ONE_QUESTION_ONE_IMAGE_ONE_CODE; exclude number/year/stars/badge/next-question/header; preserve full biological figure/labels/arrows/table/options
TAH-BIO-BIO26-L21-Q006,BIO26-PDF096-L21-S1-Q006,BIO26-L21,أحياء 3,الجهاز العضلي,96,96,95,1,6,BIO26-M14,BIO26-S14-02,,,NOT_STARTED,NOT_RUN,ONE_QUESTION_ONE_IMAGE_ONE_CODE; exclude number/year/stars/badge/next-question/header; preserve full biological figure/labels/arrows/table/options
TAH-BIO-BIO26-L21-Q007,BIO26-PDF096-L21-S1-Q007,BIO26-L21,أحياء 3,الجهاز العضلي,96,96,95,1,7,BIO26-M14,BIO26-S14-02,,,NOT_STARTED,NOT_RUN,ONE_QUESTION_ONE_IMAGE_ONE_CODE; exclude number/year/stars/badge/next-question/header; preserve full biological figure/labels/arrows/table/options
TAH-BIO-BIO26-L21-Q008,BIO26-PDF096-L21-S1-Q008,BIO26-L21,أحياء 3,الجهاز العضلي,96,96,95,1,8,BIO26-M14,BIO26-S14-02,,,NOT_STARTED,NOT_RUN,ONE_QUESTION_ONE_IMAGE_ONE_CODE; exclude number/year/stars/badge/next-question/header; preserve full biological figure/labels/arrows/table/options
TAH-BIO-BIO26-L21-Q009,BIO26-PDF096-L21-S1-Q009,BIO26-L21,أحياء 3,الجهاز العضلي,96,96,95,1,9,BIO26-M14,BIO26-S14-02,,,NOT_STARTED,NOT_RUN,ONE_QUESTION_ONE_IMAGE_ONE_CODE; exclude number/year/stars/badge/next-question/header; preserve full biological figure/labels/arrows/table/options
TAH-BIO-BIO26-L21-Q010,BIO26-PDF096-L21-S1-Q010,BIO26-L21,أحياء 3,الجهاز العضلي,96,96,95,1,10,BIO26-M14,BIO26-S14-02,,,NOT_STARTED,NOT_RUN,ONE_QUESTION_ONE_IMAGE_ONE_CODE; exclude number/year/stars/badge/next-question/header; preserve full biological figure/labels/arrows/table/options
TAH-BIO-BIO26-L21-Q011,BIO26-PDF096-L21-S1-Q011,BIO26-L21,أحياء 3,الجهاز العضلي,96,96,95,1,11,BIO26-M14,BIO26-S14-02,,,NOT_STARTED,NOT_RUN,ONE_QUESTION_ONE_IMAGE_ONE_CODE; exclude number/year/stars/badge/next-question/header; preserve full biological figure/labels/arrows/table/options
TAH-BIO-BIO26-L21-Q012,BIO26-PDF096-L21-S1-Q012,BIO26-L21,أحياء 3,الجهاز العضلي,96,96,95,1,12,BIO26-M14,BIO26-S14-02,,,NOT_STARTED,NOT_RUN,ONE_QUESTION_ONE_IMAGE_ONE_CODE; exclude number/year/stars/badge/next-question/header; preserve full biological figure/labels/arrows/table/options
TAH-BIO-BIO26-L21-Q013,BIO26-PDF096-L21-S1-Q013,BIO26-L21,أحياء 3,الجهاز العضلي,96,96,95,1,13,BIO26-M14,BIO26-S14-02,,,NOT_STARTED,NOT_RUN,ONE_QUESTION_ONE_IMAGE_ONE_CODE; exclude number/year/stars/badge/next-question/header; preserve full biological figure/labels/arrows/table/options
TAH-BIO-BIO26-L21-Q014,BIO26-PDF097-L21-S1-Q014,BIO26-L21,أحياء 3,الجهاز العضلي,97,97,96,1,14,BIO26-M14,BIO26-S14-02,,,NOT_STARTED,NOT_RUN,ONE_QUESTION_ONE_IMAGE_ONE_CODE; exclude number/year/stars/badge/next-question/header; preserve full biological figure/labels/arrows/table/options
TAH-BIO-BIO26-L21-Q015,BIO26-PDF097-L21-S1-Q015,BIO26-L21,أحياء 3,الجهاز العضلي,97,97,96,1,15,BIO26-M14,BIO26-S14-02,,,NOT_STARTED,NOT_RUN,ONE_QUESTION_ONE_IMAGE_ONE_CODE; exclude number/year/stars/badge/next-question/header; preserve full biological figure/labels/arrows/table/options
TAH-BIO-BIO26-L21-Q016,BIO26-PDF098-L21-S2-Q016,BIO26-L21,أحياء 3,الجهاز العضلي,98,98,97,2,16,BIO26-M14,BIO26-S14-02,,,NOT_STARTED,NOT_RUN,ONE_QUESTION_ONE_IMAGE_ONE_CODE; exclude number/year/stars/badge/next-question/header; preserve full biological figure/labels/arrows/table/options
TAH-BIO-BIO26-L21-Q017,BIO26-PDF098-L21-S2-Q017,BIO26-L21,أحياء 3,الجهاز العضلي,98,98,97,2,17,BIO26-M14,BIO26-S14-02,,,NOT_STARTED,NOT_RUN,ONE_QUESTION_ONE_IMAGE_ONE_CODE; exclude number/year/stars/badge/next-question/header; preserve full biological figure/labels/arrows/table/options
TAH-BIO-BIO26-L21-Q018,BIO26-PDF098-L21-S2-Q018,BIO26-L21,أحياء 3,الجهاز العضلي,98,98,97,2,18,BIO26-M14,BIO26-S14-02,,,NOT_STARTED,NOT_RUN,ONE_QUESTION_ONE_IMAGE_ONE_CODE; exclude number/year/stars/badge/next-question/header; preserve full biological figure/labels/arrows/table/options
TAH-BIO-BIO26-L21-Q019,BIO26-PDF098-L21-S2-Q019,BIO26-L21,أحياء 3,الجهاز العضلي,98,98,97,2,19,BIO26-M14,BIO26-S14-02,,,NOT_STARTED,NOT_RUN,ONE_QUESTION_ONE_IMAGE_ONE_CODE; exclude number/year/stars/badge/next-question/header; preserve full biological figure/labels/arrows/table/options
TAH-BIO-BIO26-L21-Q020,BIO26-PDF098-L21-S2-Q020,BIO26-L21,أحياء 3,الجهاز العضلي,98,98,97,2,20,BIO26-M14,BIO26-S14-02,,,NOT_STARTED,NOT_RUN,ONE_QUESTION_ONE_IMAGE_ONE_CODE; exclude number/year/stars/badge/next-question/header; preserve full biological figure/labels/arrows/table/options
TAH-BIO-BIO26-L21-Q021,BIO26-PDF098-L21-S2-Q021,BIO26-L21,أحياء 3,الجهاز العضلي,98,98,97,2,21,BIO26-M14,BIO26-S14-02,,,NOT_STARTED,NOT_RUN,ONE_QUESTION_ONE_IMAGE_ONE_CODE; exclude number/year/stars/badge/next-question/header; preserve full biological figure/labels/arrows/table/options
TAH-BIO-BIO26-L21-Q022,BIO26-PDF098-L21-S2-Q022,BIO26-L21,أحياء 3,الجهاز العضلي,98,98,97,2,22,BIO26-M14,BIO26-S14-02,,,NOT_STARTED,NOT_RUN,ONE_QUESTION_ONE_IMAGE_ONE_CODE; exclude number/year/stars/badge/next-question/header; preserve full biological figure/labels/arrows/table/options
TAH-BIO-BIO26-L21-Q023,BIO26-PDF098-L21-S2-Q023,BIO26-L21,أحياء 3,الجهاز العضلي,98,98,97,2,23,BIO26-M14,BIO26-S14-02,,,NOT_STARTED,NOT_RUN,ONE_QUESTION_ONE_IMAGE_ONE_CODE; exclude number/year/stars/badge/next-question/header; preserve full biological figure/labels/arrows/table/options
TAH-BIO-BIO26-L21-Q024,BIO26-PDF098-L21-S2-Q024,BIO26-L21,أحياء 3,الجهاز العضلي,98,98,97,2,24,BIO26-M14,BIO26-S14-02,,,NOT_STARTED,NOT_RUN,ONE_QUESTION_ONE_IMAGE_ONE_CODE; exclude number/year/stars/badge/next-question/header; preserve full biological figure/labels/arrows/table/options
TAH-BIO-BIO26-L21-Q025,BIO26-PDF098-L21-S2-Q025,BIO26-L21,أحياء 3,الجهاز العضلي,98,98,97,2,25,BIO26-M14,BIO26-S14-02,,,NOT_STARTED,NOT_RUN,ONE_QUESTION_ONE_IMAGE_ONE_CODE; exclude number/year/stars/badge/next-question/header; preserve full biological figure/labels/arrows/table/options
TAH-BIO-BIO26-L21-Q026,BIO26-PDF098-L21-S2-Q026,BIO26-L21,أحياء 3,الجهاز العضلي,98,98,97,2,26,BIO26-M14,BIO26-S14-02,,,NOT_STARTED,NOT_RUN,ONE_QUESTION_ONE_IMAGE_ONE_CODE; exclude number/year/stars/badge/next-question/header; preserve full biological figure/labels/arrows/table/options
TAH-BIO-BIO26-L21-Q027,BIO26-PDF098-L21-S2-Q027,BIO26-L21,أحياء 3,الجهاز العضلي,98,98,97,2,27,BIO26-M14,BIO26-S14-02,,,NOT_STARTED,NOT_RUN,ONE_QUESTION_ONE_IMAGE_ONE_CODE; exclude number/year/stars/badge/next-question/header; preserve full biological figure/labels/arrows/table/options
TAH-BIO-BIO26-L21-Q028,BIO26-PDF098-L21-S2-Q028,BIO26-L21,أحياء 3,الجهاز العضلي,98,98,97,2,28,BIO26-M14,BIO26-S14-02,,,NOT_STARTED,NOT_RUN,ONE_QUESTION_ONE_IMAGE_ONE_CODE; exclude number/year/stars/badge/next-question/header; preserve full biological figure/labels/arrows/table/options
TAH-BIO-BIO26-L21-Q029,BIO26-PDF098-L21-S2-Q029,BIO26-L21,أحياء 3,الجهاز العضلي,98,98,97,2,29,BIO26-M14,BIO26-S14-02,,,NOT_STARTED,NOT_RUN,ONE_QUESTION_ONE_IMAGE_ONE_CODE; exclude number/year/stars/badge/next-question/header; preserve full biological figure/labels/arrows/table/options
TAH-BIO-BIO26-L21-Q030,BIO26-PDF098-L21-S2-Q030,BIO26-L21,أحياء 3,الجهاز العضلي,98,98,97,2,30,BIO26-M14,BIO26-S14-02,,,NOT_STARTED,NOT_RUN,ONE_QUESTION_ONE_IMAGE_ONE_CODE; exclude number/year/stars/badge/next-question/header; preserve full biological figure/labels/arrows/table/options
TAH-BIO-BIO26-L21-Q031,BIO26-PDF098-L21-S2-Q031,BIO26-L21,أحياء 3,الجهاز العضلي,98,98,97,2,31,BIO26-M14,BIO26-S14-02,,,NOT_STARTED,NOT_RUN,ONE_QUESTION_ONE_IMAGE_ONE_CODE; exclude number/year/stars/badge/next-question/header; preserve full biological figure/labels/arrows/table/options
TAH-BIO-BIO26-L21-Q032,BIO26-PDF098-L21-S2-Q032,BIO26-L21,أحياء 3,الجهاز العضلي,98,98,97,2,32,BIO26-M14,BIO26-S14-02,,,NOT_STARTED,NOT_RUN,ONE_QUESTION_ONE_IMAGE_ONE_CODE; exclude number/year/stars/badge/next-question/header; preserve full biological figure/labels/arrows/table/options
TAH-BIO-BIO26-L21-Q033,BIO26-PDF098-L21-S2-Q033,BIO26-L21,أحياء 3,الجهاز العضلي,98,98,97,2,33,BIO26-M14,BIO26-S14-02,,,NOT_STARTED,NOT_RUN,ONE_QUESTION_ONE_IMAGE_ONE_CODE; exclude number/year/stars/badge/next-question/header; preserve full biological figure/labels/arrows/table/options
TAH-BIO-BIO26-L21-Q034,BIO26-PDF098-L21-S2-Q034,BIO26-L21,أحياء 3,الجهاز العضلي,98,98,97,2,34,BIO26-M14,BIO26-S14-02,,,NOT_STARTED,NOT_RUN,ONE_QUESTION_ONE_IMAGE_ONE_CODE; exclude number/year/stars/badge/next-question/header; preserve full biological figure/labels/arrows/table/options
TAH-BIO-BIO26-L21-Q035,BIO26-PDF099-L21-S2-Q035,BIO26-L21,أحياء 3,الجهاز العضلي,99,99,98,2,35,BIO26-M14,BIO26-S14-02,,,NOT_STARTED,NOT_RUN,ONE_QUESTION_ONE_IMAGE_ONE_CODE; exclude number/year/stars/badge/next-question/header; preserve full biological figure/labels/arrows/table/options
TAH-BIO-BIO26-L21-Q036,BIO26-PDF099-L21-S2-Q036,BIO26-L21,أحياء 3,الجهاز العضلي,99,99,98,2,36,BIO26-M14,BIO26-S14-02,,,NOT_STARTED,NOT_RUN,ONE_QUESTION_ONE_IMAGE_ONE_CODE; exclude number/year/stars/badge/next-question/header; preserve full biological figure/labels/arrows/table/options
TAH-BIO-BIO26-L21-Q037,BIO26-PDF099-L21-S2-Q037,BIO26-L21,أحياء 3,الجهاز العضلي,99,99,98,2,37,BIO26-M14,BIO26-S14-02,,,NOT_STARTED,NOT_RUN,ONE_QUESTION_ONE_IMAGE_ONE_CODE; exclude number/year/stars/badge/next-question/header; preserve full biological figure/labels/arrows/table/options
TAH-BIO-BIO26-L21-Q038,BIO26-PDF099-L21-S2-Q038,BIO26-L21,أحياء 3,الجهاز العضلي,99,99,98,2,38,BIO26-M14,BIO26-S14-02,,,NOT_STARTED,NOT_RUN,ONE_QUESTION_ONE_IMAGE_ONE_CODE; exclude number/year/stars/badge/next-question/header; preserve full biological figure/labels/arrows/table/options
TAH-BIO-BIO26-L22-Q001,BIO26-PDF100-L22-S1-Q001,BIO26-L22,أحياء 3,الجهاز العصبي,100,100,99,1,1,BIO26-M15,BIO26-S15-01,,,NOT_STARTED,NOT_RUN,ONE_QUESTION_ONE_IMAGE_ONE_CODE; exclude number/year/stars/badge/next-question/header; preserve full biological figure/labels/arrows/table/options
TAH-BIO-BIO26-L22-Q002,BIO26-PDF100-L22-S1-Q002,BIO26-L22,أحياء 3,الجهاز العصبي,100,100,99,1,2,BIO26-M15,BIO26-S15-01,,,NOT_STARTED,NOT_RUN,ONE_QUESTION_ONE_IMAGE_ONE_CODE; exclude number/year/stars/badge/next-question/header; preserve full biological figure/labels/arrows/table/options
TAH-BIO-BIO26-L22-Q003,BIO26-PDF100-L22-S1-Q003,BIO26-L22,أحياء 3,الجهاز العصبي,100,100,99,1,3,BIO26-M15,BIO26-S15-01,,,NOT_STARTED,NOT_RUN,ONE_QUESTION_ONE_IMAGE_ONE_CODE; exclude number/year/stars/badge/next-question/header; preserve full biological figure/labels/arrows/table/options
TAH-BIO-BIO26-L22-Q004,BIO26-PDF100-L22-S1-Q004,BIO26-L22,أحياء 3,الجهاز العصبي,100,100,99,1,4,BIO26-M15,BIO26-S15-01,,,NOT_STARTED,NOT_RUN,ONE_QUESTION_ONE_IMAGE_ONE_CODE; exclude number/year/stars/badge/next-question/header; preserve full biological figure/labels/arrows/table/options
TAH-BIO-BIO26-L22-Q005,BIO26-PDF100-L22-S1-Q005,BIO26-L22,أحياء 3,الجهاز العصبي,100,100,99,1,5,BIO26-M15,BIO26-S15-02,,,NOT_STARTED,NOT_RUN,ONE_QUESTION_ONE_IMAGE_ONE_CODE; exclude number/year/stars/badge/next-question/header; preserve full biological figure/labels/arrows/table/options
TAH-BIO-BIO26-L22-Q006,BIO26-PDF100-L22-S1-Q006,BIO26-L22,أحياء 3,الجهاز العصبي,100,100,99,1,6,BIO26-M15,BIO26-S15-02,,,NOT_STARTED,NOT_RUN,ONE_QUESTION_ONE_IMAGE_ONE_CODE; exclude number/year/stars/badge/next-question/header; preserve full biological figure/labels/arrows/table/options
TAH-BIO-BIO26-L22-Q007,BIO26-PDF100-L22-S1-Q007,BIO26-L22,أحياء 3,الجهاز العصبي,100,100,99,1,7,BIO26-M15,BIO26-S15-02,,,NOT_STARTED,NOT_RUN,ONE_QUESTION_ONE_IMAGE_ONE_CODE; exclude number/year/stars/badge/next-question/header; preserve full biological figure/labels/arrows/table/options
TAH-BIO-BIO26-L22-Q008,BIO26-PDF100-L22-S1-Q008,BIO26-L22,أحياء 3,الجهاز العصبي,100,100,99,1,8,BIO26-M15,BIO26-S15-02,,,NOT_STARTED,NOT_RUN,ONE_QUESTION_ONE_IMAGE_ONE_CODE; exclude number/year/stars/badge/next-question/header; preserve full biological figure/labels/arrows/table/options
TAH-BIO-BIO26-L22-Q009,BIO26-PDF100-L22-S1-Q009,BIO26-L22,أحياء 3,الجهاز العصبي,100,100,99,1,9,BIO26-M15,BIO26-S15-02,,,NOT_STARTED,NOT_RUN,ONE_QUESTION_ONE_IMAGE_ONE_CODE; exclude number/year/stars/badge/next-question/header; preserve full biological figure/labels/arrows/table/options
TAH-BIO-BIO26-L22-Q010,BIO26-PDF100-L22-S1-Q010,BIO26-L22,أحياء 3,الجهاز العصبي,100,100,99,1,10,BIO26-M15,BIO26-S15-02,,,NOT_STARTED,NOT_RUN,ONE_QUESTION_ONE_IMAGE_ONE_CODE; exclude number/year/stars/badge/next-question/header; preserve full biological figure/labels/arrows/table/options
TAH-BIO-BIO26-L22-Q011,BIO26-PDF100-L22-S1-Q011,BIO26-L22,أحياء 3,الجهاز العصبي,100,100,99,1,11,BIO26-M15,BIO26-S15-04,,,NOT_STARTED,NOT_RUN,ONE_QUESTION_ONE_IMAGE_ONE_CODE; exclude number/year/stars/badge/next-question/header; preserve full biological figure/labels/arrows/table/options
TAH-BIO-BIO26-L22-Q012,BIO26-PDF100-L22-S1-Q012,BIO26-L22,أحياء 3,الجهاز العصبي,100,100,99,1,12,BIO26-M15,BIO26-S15-04,,,NOT_STARTED,NOT_RUN,ONE_QUESTION_ONE_IMAGE_ONE_CODE; exclude number/year/stars/badge/next-question/header; preserve full biological figure/labels/arrows/table/options
TAH-BIO-BIO26-L22-Q013,BIO26-PDF100-L22-S1-Q013,BIO26-L22,أحياء 3,الجهاز العصبي,100,100,99,1,13,BIO26-M15,BIO26-S15-04,,,NOT_STARTED,NOT_RUN,ONE_QUESTION_ONE_IMAGE_ONE_CODE; exclude number/year/stars/badge/next-question/header; preserve full biological figure/labels/arrows/table/options
TAH-BIO-BIO26-L22-Q014,BIO26-PDF101-L22-S1-Q014,BIO26-L22,أحياء 3,الجهاز العصبي,101,101,100,1,14,BIO26-M15,BIO26-S15-04,,,NOT_STARTED,NOT_RUN,ONE_QUESTION_ONE_IMAGE_ONE_CODE; exclude number/year/stars/badge/next-question/header; preserve full biological figure/labels/arrows/table/options
TAH-BIO-BIO26-L22-Q015,BIO26-PDF101-L22-S1-Q015,BIO26-L22,أحياء 3,الجهاز العصبي,101,101,100,1,15,BIO26-M15,BIO26-S15-04,,,NOT_STARTED,NOT_RUN,ONE_QUESTION_ONE_IMAGE_ONE_CODE; exclude number/year/stars/badge/next-question/header; preserve full biological figure/labels/arrows/table/options
TAH-BIO-BIO26-L22-Q016,BIO26-PDF101-L22-S1-Q016,BIO26-L22,أحياء 3,الجهاز العصبي,101,101,100,1,16,BIO26-M15,BIO26-S15-04,,,NOT_STARTED,NOT_RUN,ONE_QUESTION_ONE_IMAGE_ONE_CODE; exclude number/year/stars/badge/next-question/header; preserve full biological figure/labels/arrows/table/options
TAH-BIO-BIO26-L22-Q017,BIO26-PDF101-L22-S1-Q017,BIO26-L22,أحياء 3,الجهاز العصبي,101,101,100,1,17,BIO26-M15,BIO26-S15-04,,,NOT_STARTED,NOT_RUN,ONE_QUESTION_ONE_IMAGE_ONE_CODE; exclude number/year/stars/badge/next-question/header; preserve full biological figure/labels/arrows/table/options
TAH-BIO-BIO26-L22-Q018,BIO26-PDF101-L22-S1-Q018,BIO26-L22,أحياء 3,الجهاز العصبي,101,101,100,1,18,BIO26-M15,BIO26-S15-04,,,NOT_STARTED,NOT_RUN,ONE_QUESTION_ONE_IMAGE_ONE_CODE; exclude number/year/stars/badge/next-question/header; preserve full biological figure/labels/arrows/table/options
TAH-BIO-BIO26-L22-Q019,BIO26-PDF101-L22-S1-Q019,BIO26-L22,أحياء 3,الجهاز العصبي,101,101,100,1,19,BIO26-M15,BIO26-S15-04,,,NOT_STARTED,NOT_RUN,ONE_QUESTION_ONE_IMAGE_ONE_CODE; exclude number/year/stars/badge/next-question/header; preserve full biological figure/labels/arrows/table/options
TAH-BIO-BIO26-L22-Q020,BIO26-PDF101-L22-S1-Q020,BIO26-L22,أحياء 3,الجهاز العصبي,101,101,100,1,20,BIO26-M15,BIO26-S15-04,,,NOT_STARTED,NOT_RUN,ONE_QUESTION_ONE_IMAGE_ONE_CODE; exclude number/year/stars/badge/next-question/header; preserve full biological figure/labels/arrows/table/options
TAH-BIO-BIO26-L22-Q021,BIO26-PDF101-L22-S1-Q021,BIO26-L22,أحياء 3,الجهاز العصبي,101,101,100,1,21,BIO26-M15,BIO26-S15-04,,,NOT_STARTED,NOT_RUN,ONE_QUESTION_ONE_IMAGE_ONE_CODE; exclude number/year/stars/badge/next-question/header; preserve full biological figure/labels/arrows/table/options
TAH-BIO-BIO26-L22-Q022,BIO26-PDF102-L22-S2-Q022,BIO26-L22,أحياء 3,الجهاز العصبي,102,102,101,2,22,BIO26-M15,BIO26-S15-01,,,NOT_STARTED,NOT_RUN,ONE_QUESTION_ONE_IMAGE_ONE_CODE; exclude number/year/stars/badge/next-question/header; preserve full biological figure/labels/arrows/table/options
TAH-BIO-BIO26-L22-Q023,BIO26-PDF102-L22-S2-Q023,BIO26-L22,أحياء 3,الجهاز العصبي,102,102,101,2,23,BIO26-M15,BIO26-S15-01,,,NOT_STARTED,NOT_RUN,ONE_QUESTION_ONE_IMAGE_ONE_CODE; exclude number/year/stars/badge/next-question/header; preserve full biological figure/labels/arrows/table/options
TAH-BIO-BIO26-L22-Q024,BIO26-PDF102-L22-S2-Q024,BIO26-L22,أحياء 3,الجهاز العصبي,102,102,101,2,24,BIO26-M15,BIO26-S15-01,,,NOT_STARTED,NOT_RUN,ONE_QUESTION_ONE_IMAGE_ONE_CODE; exclude number/year/stars/badge/next-question/header; preserve full biological figure/labels/arrows/table/options
TAH-BIO-BIO26-L22-Q025,BIO26-PDF102-L22-S2-Q025,BIO26-L22,أحياء 3,الجهاز العصبي,102,102,101,2,25,BIO26-M15,BIO26-S15-02,,,NOT_STARTED,NOT_RUN,ONE_QUESTION_ONE_IMAGE_ONE_CODE; exclude number/year/stars/badge/next-question/header; preserve full biological figure/labels/arrows/table/options
TAH-BIO-BIO26-L22-Q026,BIO26-PDF102-L22-S2-Q026,BIO26-L22,أحياء 3,الجهاز العصبي,102,102,101,2,26,BIO26-M15,BIO26-S15-02,,,NOT_STARTED,NOT_RUN,ONE_QUESTION_ONE_IMAGE_ONE_CODE; exclude number/year/stars/badge/next-question/header; preserve full biological figure/labels/arrows/table/options
TAH-BIO-BIO26-L22-Q027,BIO26-PDF102-L22-S2-Q027,BIO26-L22,أحياء 3,الجهاز العصبي,102,102,101,2,27,BIO26-M15,BIO26-S15-02,,,NOT_STARTED,NOT_RUN,ONE_QUESTION_ONE_IMAGE_ONE_CODE; exclude number/year/stars/badge/next-question/header; preserve full biological figure/labels/arrows/table/options
TAH-BIO-BIO26-L22-Q028,BIO26-PDF102-L22-S2-Q028,BIO26-L22,أحياء 3,الجهاز العصبي,102,102,101,2,28,BIO26-M15,BIO26-S15-02,,,NOT_STARTED,NOT_RUN,ONE_QUESTION_ONE_IMAGE_ONE_CODE; exclude number/year/stars/badge/next-question/header; preserve full biological figure/labels/arrows/table/options
TAH-BIO-BIO26-L22-Q029,BIO26-PDF102-L22-S2-Q029,BIO26-L22,أحياء 3,الجهاز العصبي,102,102,101,2,29,BIO26-M15,BIO26-S15-02,,,NOT_STARTED,NOT_RUN,ONE_QUESTION_ONE_IMAGE_ONE_CODE; exclude number/year/stars/badge/next-question/header; preserve full biological figure/labels/arrows/table/options
TAH-BIO-BIO26-L22-Q030,BIO26-PDF102-L22-S2-Q030,BIO26-L22,أحياء 3,الجهاز العصبي,102,102,101,2,30,BIO26-M15,BIO26-S15-02,,,NOT_STARTED,NOT_RUN,ONE_QUESTION_ONE_IMAGE_ONE_CODE; exclude number/year/stars/badge/next-question/header; preserve full biological figure/labels/arrows/table/options
TAH-BIO-BIO26-L22-Q031,BIO26-PDF102-L22-S2-Q031,BIO26-L22,أحياء 3,الجهاز العصبي,102,102,101,2,31,BIO26-M15,BIO26-S15-02,,,NOT_STARTED,NOT_RUN,ONE_QUESTION_ONE_IMAGE_ONE_CODE; exclude number/year/stars/badge/next-question/header; preserve full biological figure/labels/arrows/table/options
TAH-BIO-BIO26-L22-Q032,BIO26-PDF102-L22-S2-Q032,BIO26-L22,أحياء 3,الجهاز العصبي,102,102,101,2,32,BIO26-M15,BIO26-S15-02,,,NOT_STARTED,NOT_RUN,ONE_QUESTION_ONE_IMAGE_ONE_CODE; exclude number/year/stars/badge/next-question/header; preserve full biological figure/labels/arrows/table/options
TAH-BIO-BIO26-L22-Q033,BIO26-PDF102-L22-S2-Q033,BIO26-L22,أحياء 3,الجهاز العصبي,102,102,101,2,33,BIO26-M15,BIO26-S15-02,,,NOT_STARTED,NOT_RUN,ONE_QUESTION_ONE_IMAGE_ONE_CODE; exclude number/year/stars/badge/next-question/header; preserve full biological figure/labels/arrows/table/options
TAH-BIO-BIO26-L22-Q034,BIO26-PDF102-L22-S2-Q034,BIO26-L22,أحياء 3,الجهاز العصبي,102,102,101,2,34,BIO26-M15,BIO26-S15-02,,,NOT_STARTED,NOT_RUN,ONE_QUESTION_ONE_IMAGE_ONE_CODE; exclude number/year/stars/badge/next-question/header; preserve full biological figure/labels/arrows/table/options
TAH-BIO-BIO26-L22-Q035,BIO26-PDF102-L22-S2-Q035,BIO26-L22,أحياء 3,الجهاز العصبي,102,102,101,2,35,BIO26-M15,BIO26-S15-04,,,NOT_STARTED,NOT_RUN,ONE_QUESTION_ONE_IMAGE_ONE_CODE; exclude number/year/stars/badge/next-question/header; preserve full biological figure/labels/arrows/table/options
TAH-BIO-BIO26-L22-Q036,BIO26-PDF102-L22-S2-Q036,BIO26-L22,أحياء 3,الجهاز العصبي,102,102,101,2,36,BIO26-M15,BIO26-S15-04,,,NOT_STARTED,NOT_RUN,ONE_QUESTION_ONE_IMAGE_ONE_CODE; exclude number/year/stars/badge/next-question/header; preserve full biological figure/labels/arrows/table/options
TAH-BIO-BIO26-L22-Q037,BIO26-PDF102-L22-S2-Q037,BIO26-L22,أحياء 3,الجهاز العصبي,102,102,101,2,37,BIO26-M15,BIO26-S15-04,,,NOT_STARTED,NOT_RUN,ONE_QUESTION_ONE_IMAGE_ONE_CODE; exclude number/year/stars/badge/next-question/header; preserve full biological figure/labels/arrows/table/options
TAH-BIO-BIO26-L22-Q038,BIO26-PDF103-L22-S2-Q038,BIO26-L22,أحياء 3,الجهاز العصبي,103,103,102,2,38,BIO26-M15,BIO26-S15-04,,,NOT_STARTED,NOT_RUN,ONE_QUESTION_ONE_IMAGE_ONE_CODE; exclude number/year/stars/badge/next-question/header; preserve full biological figure/labels/arrows/table/options
TAH-BIO-BIO26-L22-Q039,BIO26-PDF103-L22-S2-Q039,BIO26-L22,أحياء 3,الجهاز العصبي,103,103,102,2,39,BIO26-M15,BIO26-S15-04,,,NOT_STARTED,NOT_RUN,ONE_QUESTION_ONE_IMAGE_ONE_CODE; exclude number/year/stars/badge/next-question/header; preserve full biological figure/labels/arrows/table/options
TAH-BIO-BIO26-L22-Q040,BIO26-PDF103-L22-S2-Q040,BIO26-L22,أحياء 3,الجهاز العصبي,103,103,102,2,40,BIO26-M15,BIO26-S15-04,,,NOT_STARTED,NOT_RUN,ONE_QUESTION_ONE_IMAGE_ONE_CODE; exclude number/year/stars/badge/next-question/header; preserve full biological figure/labels/arrows/table/options
TAH-BIO-BIO26-L22-Q041,BIO26-PDF103-L22-S2-Q041,BIO26-L22,أحياء 3,الجهاز العصبي,103,103,102,2,41,BIO26-M15,BIO26-S15-04,,,NOT_STARTED,NOT_RUN,ONE_QUESTION_ONE_IMAGE_ONE_CODE; exclude number/year/stars/badge/next-question/header; preserve full biological figure/labels/arrows/table/options
TAH-BIO-BIO26-L22-Q042,BIO26-PDF103-L22-S2-Q042,BIO26-L22,أحياء 3,الجهاز العصبي,103,103,102,2,42,BIO26-M15,BIO26-S15-04,,,NOT_STARTED,NOT_RUN,ONE_QUESTION_ONE_IMAGE_ONE_CODE; exclude number/year/stars/badge/next-question/header; preserve full biological figure/labels/arrows/table/options
TAH-BIO-BIO26-L22-Q043,BIO26-PDF103-L22-S2-Q043,BIO26-L22,أحياء 3,الجهاز العصبي,103,103,102,2,43,BIO26-M15,BIO26-S15-04,,,NOT_STARTED,NOT_RUN,ONE_QUESTION_ONE_IMAGE_ONE_CODE; exclude number/year/stars/badge/next-question/header; preserve full biological figure/labels/arrows/table/options
TAH-BIO-BIO26-L22-Q044,BIO26-PDF103-L22-S2-Q044,BIO26-L22,أحياء 3,الجهاز العصبي,103,103,102,2,44,BIO26-M15,BIO26-S15-04,,,NOT_STARTED,NOT_RUN,ONE_QUESTION_ONE_IMAGE_ONE_CODE; exclude number/year/stars/badge/next-question/header; preserve full biological figure/labels/arrows/table/options
TAH-BIO-BIO26-L23-Q001,BIO26-PDF104-L23-S1-Q001,BIO26-L23,أحياء 3,تنظيم الجهاز العصبي,104,104,103,1,1,BIO26-M15,BIO26-S15-03,,,NOT_STARTED,NOT_RUN,ONE_QUESTION_ONE_IMAGE_ONE_CODE; exclude number/year/stars/badge/next-question/header; preserve full biological figure/labels/arrows/table/options
TAH-BIO-BIO26-L23-Q002,BIO26-PDF104-L23-S1-Q002,BIO26-L23,أحياء 3,تنظيم الجهاز العصبي,104,104,103,1,2,BIO26-M15,BIO26-S15-03,,,NOT_STARTED,NOT_RUN,ONE_QUESTION_ONE_IMAGE_ONE_CODE; exclude number/year/stars/badge/next-question/header; preserve full biological figure/labels/arrows/table/options
TAH-BIO-BIO26-L23-Q003,BIO26-PDF104-L23-S1-Q003,BIO26-L23,أحياء 3,تنظيم الجهاز العصبي,104,104,103,1,3,BIO26-M15,BIO26-S15-03,,,NOT_STARTED,NOT_RUN,ONE_QUESTION_ONE_IMAGE_ONE_CODE; exclude number/year/stars/badge/next-question/header; preserve full biological figure/labels/arrows/table/options
TAH-BIO-BIO26-L23-Q004,BIO26-PDF104-L23-S1-Q004,BIO26-L23,أحياء 3,تنظيم الجهاز العصبي,104,104,103,1,4,BIO26-M15,BIO26-S15-03,,,NOT_STARTED,NOT_RUN,ONE_QUESTION_ONE_IMAGE_ONE_CODE; exclude number/year/stars/badge/next-question/header; preserve full biological figure/labels/arrows/table/options
TAH-BIO-BIO26-L23-Q005,BIO26-PDF104-L23-S1-Q005,BIO26-L23,أحياء 3,تنظيم الجهاز العصبي,104,104,103,1,5,BIO26-M15,BIO26-S15-03,,,NOT_STARTED,NOT_RUN,ONE_QUESTION_ONE_IMAGE_ONE_CODE; exclude number/year/stars/badge/next-question/header; preserve full biological figure/labels/arrows/table/options
TAH-BIO-BIO26-L23-Q006,BIO26-PDF104-L23-S1-Q006,BIO26-L23,أحياء 3,تنظيم الجهاز العصبي,104,104,103,1,6,BIO26-M15,BIO26-S15-03,,,NOT_STARTED,NOT_RUN,ONE_QUESTION_ONE_IMAGE_ONE_CODE; exclude number/year/stars/badge/next-question/header; preserve full biological figure/labels/arrows/table/options
TAH-BIO-BIO26-L23-Q007,BIO26-PDF104-L23-S1-Q007,BIO26-L23,أحياء 3,تنظيم الجهاز العصبي,104,104,103,1,7,BIO26-M15,BIO26-S15-03,,,NOT_STARTED,NOT_RUN,ONE_QUESTION_ONE_IMAGE_ONE_CODE; exclude number/year/stars/badge/next-question/header; preserve full biological figure/labels/arrows/table/options
TAH-BIO-BIO26-L23-Q008,BIO26-PDF104-L23-S1-Q008,BIO26-L23,أحياء 3,تنظيم الجهاز العصبي,104,104,103,1,8,BIO26-M15,BIO26-S15-03,,,NOT_STARTED,NOT_RUN,ONE_QUESTION_ONE_IMAGE_ONE_CODE; exclude number/year/stars/badge/next-question/header; preserve full biological figure/labels/arrows/table/options
TAH-BIO-BIO26-L23-Q009,BIO26-PDF104-L23-S1-Q009,BIO26-L23,أحياء 3,تنظيم الجهاز العصبي,104,104,103,1,9,BIO26-M15,BIO26-S15-03,,,NOT_STARTED,NOT_RUN,ONE_QUESTION_ONE_IMAGE_ONE_CODE; exclude number/year/stars/badge/next-question/header; preserve full biological figure/labels/arrows/table/options
TAH-BIO-BIO26-L23-Q010,BIO26-PDF104-L23-S1-Q010,BIO26-L23,أحياء 3,تنظيم الجهاز العصبي,104,104,103,1,10,BIO26-M15,BIO26-S15-03,,,NOT_STARTED,NOT_RUN,ONE_QUESTION_ONE_IMAGE_ONE_CODE; exclude number/year/stars/badge/next-question/header; preserve full biological figure/labels/arrows/table/options
TAH-BIO-BIO26-L23-Q011,BIO26-PDF104-L23-S1-Q011,BIO26-L23,أحياء 3,تنظيم الجهاز العصبي,104,104,103,1,11,BIO26-M15,BIO26-S15-03,,,NOT_STARTED,NOT_RUN,ONE_QUESTION_ONE_IMAGE_ONE_CODE; exclude number/year/stars/badge/next-question/header; preserve full biological figure/labels/arrows/table/options
TAH-BIO-BIO26-L23-Q012,BIO26-PDF104-L23-S1-Q012,BIO26-L23,أحياء 3,تنظيم الجهاز العصبي,104,104,103,1,12,BIO26-M15,BIO26-S15-03,,,NOT_STARTED,NOT_RUN,ONE_QUESTION_ONE_IMAGE_ONE_CODE; exclude number/year/stars/badge/next-question/header; preserve full biological figure/labels/arrows/table/options
TAH-BIO-BIO26-L23-Q013,BIO26-PDF104-L23-S1-Q013,BIO26-L23,أحياء 3,تنظيم الجهاز العصبي,104,104,103,1,13,BIO26-M15,BIO26-S15-03,,,NOT_STARTED,NOT_RUN,ONE_QUESTION_ONE_IMAGE_ONE_CODE; exclude number/year/stars/badge/next-question/header; preserve full biological figure/labels/arrows/table/options
TAH-BIO-BIO26-L23-Q014,BIO26-PDF104-L23-S1-Q014,BIO26-L23,أحياء 3,تنظيم الجهاز العصبي,104,104,103,1,14,BIO26-M15,BIO26-S15-03,,,NOT_STARTED,NOT_RUN,ONE_QUESTION_ONE_IMAGE_ONE_CODE; exclude number/year/stars/badge/next-question/header; preserve full biological figure/labels/arrows/table/options
TAH-BIO-BIO26-L23-Q015,BIO26-PDF104-L23-S1-Q015,BIO26-L23,أحياء 3,تنظيم الجهاز العصبي,104,104,103,1,15,BIO26-M15,BIO26-S15-03,,,NOT_STARTED,NOT_RUN,ONE_QUESTION_ONE_IMAGE_ONE_CODE; exclude number/year/stars/badge/next-question/header; preserve full biological figure/labels/arrows/table/options
TAH-BIO-BIO26-L23-Q016,BIO26-PDF104-L23-S1-Q016,BIO26-L23,أحياء 3,تنظيم الجهاز العصبي,104,104,103,1,16,BIO26-M15,BIO26-S15-04,,,NOT_STARTED,NOT_RUN,ONE_QUESTION_ONE_IMAGE_ONE_CODE; exclude number/year/stars/badge/next-question/header; preserve full biological figure/labels/arrows/table/options
TAH-BIO-BIO26-L23-Q017,BIO26-PDF105-L23-S1-Q017,BIO26-L23,أحياء 3,تنظيم الجهاز العصبي,105,105,104,1,17,BIO26-M15,BIO26-S15-04,,,NOT_STARTED,NOT_RUN,ONE_QUESTION_ONE_IMAGE_ONE_CODE; exclude number/year/stars/badge/next-question/header; preserve full biological figure/labels/arrows/table/options
TAH-BIO-BIO26-L23-Q018,BIO26-PDF105-L23-S1-Q018,BIO26-L23,أحياء 3,تنظيم الجهاز العصبي,105,105,104,1,18,BIO26-M15,BIO26-S15-04,,,NOT_STARTED,NOT_RUN,ONE_QUESTION_ONE_IMAGE_ONE_CODE; exclude number/year/stars/badge/next-question/header; preserve full biological figure/labels/arrows/table/options
TAH-BIO-BIO26-L23-Q019,BIO26-PDF105-L23-S1-Q019,BIO26-L23,أحياء 3,تنظيم الجهاز العصبي,105,105,104,1,19,BIO26-M15,BIO26-S15-04,,,NOT_STARTED,NOT_RUN,ONE_QUESTION_ONE_IMAGE_ONE_CODE; exclude number/year/stars/badge/next-question/header; preserve full biological figure/labels/arrows/table/options
TAH-BIO-BIO26-L23-Q020,BIO26-PDF105-L23-S1-Q020,BIO26-L23,أحياء 3,تنظيم الجهاز العصبي,105,105,104,1,20,BIO26-M15,BIO26-S15-04,,,NOT_STARTED,NOT_RUN,ONE_QUESTION_ONE_IMAGE_ONE_CODE; exclude number/year/stars/badge/next-question/header; preserve full biological figure/labels/arrows/table/options
TAH-BIO-BIO26-L23-Q021,BIO26-PDF105-L23-S1-Q021,BIO26-L23,أحياء 3,تنظيم الجهاز العصبي,105,105,104,1,21,BIO26-M15,BIO26-S15-04,,,NOT_STARTED,NOT_RUN,ONE_QUESTION_ONE_IMAGE_ONE_CODE; exclude number/year/stars/badge/next-question/header; preserve full biological figure/labels/arrows/table/options
TAH-BIO-BIO26-L23-Q022,BIO26-PDF105-L23-S1-Q022,BIO26-L23,أحياء 3,تنظيم الجهاز العصبي,105,105,104,1,22,BIO26-M15,BIO26-S15-04,,,NOT_STARTED,NOT_RUN,ONE_QUESTION_ONE_IMAGE_ONE_CODE; exclude number/year/stars/badge/next-question/header; preserve full biological figure/labels/arrows/table/options
TAH-BIO-BIO26-L23-Q023,BIO26-PDF105-L23-S1-Q023,BIO26-L23,أحياء 3,تنظيم الجهاز العصبي,105,105,104,1,23,BIO26-M15,BIO26-S15-04,,,NOT_STARTED,NOT_RUN,ONE_QUESTION_ONE_IMAGE_ONE_CODE; exclude number/year/stars/badge/next-question/header; preserve full biological figure/labels/arrows/table/options
TAH-BIO-BIO26-L23-Q024,BIO26-PDF105-L23-S1-Q024,BIO26-L23,أحياء 3,تنظيم الجهاز العصبي,105,105,104,1,24,BIO26-M15,BIO26-S15-04,,,NOT_STARTED,NOT_RUN,ONE_QUESTION_ONE_IMAGE_ONE_CODE; exclude number/year/stars/badge/next-question/header; preserve full biological figure/labels/arrows/table/options
TAH-BIO-BIO26-L23-Q025,BIO26-PDF105-L23-S1-Q025,BIO26-L23,أحياء 3,تنظيم الجهاز العصبي,105,105,104,1,25,BIO26-M15,BIO26-S15-04,,,NOT_STARTED,NOT_RUN,ONE_QUESTION_ONE_IMAGE_ONE_CODE; exclude number/year/stars/badge/next-question/header; preserve full biological figure/labels/arrows/table/options
TAH-BIO-BIO26-L23-Q026,BIO26-PDF105-L23-S1-Q026,BIO26-L23,أحياء 3,تنظيم الجهاز العصبي,105,105,104,1,26,BIO26-M15,BIO26-S15-04,,,NOT_STARTED,NOT_RUN,ONE_QUESTION_ONE_IMAGE_ONE_CODE; exclude number/year/stars/badge/next-question/header; preserve full biological figure/labels/arrows/table/options
TAH-BIO-BIO26-L23-Q027,BIO26-PDF106-L23-S2-Q027,BIO26-L23,أحياء 3,تنظيم الجهاز العصبي,106,106,105,2,27,BIO26-M15,BIO26-S15-03,,,NOT_STARTED,NOT_RUN,ONE_QUESTION_ONE_IMAGE_ONE_CODE; exclude number/year/stars/badge/next-question/header; preserve full biological figure/labels/arrows/table/options
TAH-BIO-BIO26-L23-Q028,BIO26-PDF106-L23-S2-Q028,BIO26-L23,أحياء 3,تنظيم الجهاز العصبي,106,106,105,2,28,BIO26-M15,BIO26-S15-03,,,NOT_STARTED,NOT_RUN,ONE_QUESTION_ONE_IMAGE_ONE_CODE; exclude number/year/stars/badge/next-question/header; preserve full biological figure/labels/arrows/table/options
TAH-BIO-BIO26-L23-Q029,BIO26-PDF106-L23-S2-Q029,BIO26-L23,أحياء 3,تنظيم الجهاز العصبي,106,106,105,2,29,BIO26-M15,BIO26-S15-03,,,NOT_STARTED,NOT_RUN,ONE_QUESTION_ONE_IMAGE_ONE_CODE; exclude number/year/stars/badge/next-question/header; preserve full biological figure/labels/arrows/table/options
TAH-BIO-BIO26-L23-Q030,BIO26-PDF106-L23-S2-Q030,BIO26-L23,أحياء 3,تنظيم الجهاز العصبي,106,106,105,2,30,BIO26-M15,BIO26-S15-03,,,NOT_STARTED,NOT_RUN,ONE_QUESTION_ONE_IMAGE_ONE_CODE; exclude number/year/stars/badge/next-question/header; preserve full biological figure/labels/arrows/table/options
TAH-BIO-BIO26-L23-Q031,BIO26-PDF106-L23-S2-Q031,BIO26-L23,أحياء 3,تنظيم الجهاز العصبي,106,106,105,2,31,BIO26-M15,BIO26-S15-03,,,NOT_STARTED,NOT_RUN,ONE_QUESTION_ONE_IMAGE_ONE_CODE; exclude number/year/stars/badge/next-question/header; preserve full biological figure/labels/arrows/table/options
TAH-BIO-BIO26-L23-Q032,BIO26-PDF106-L23-S2-Q032,BIO26-L23,أحياء 3,تنظيم الجهاز العصبي,106,106,105,2,32,BIO26-M15,BIO26-S15-03,,,NOT_STARTED,NOT_RUN,ONE_QUESTION_ONE_IMAGE_ONE_CODE; exclude number/year/stars/badge/next-question/header; preserve full biological figure/labels/arrows/table/options
TAH-BIO-BIO26-L23-Q033,BIO26-PDF106-L23-S2-Q033,BIO26-L23,أحياء 3,تنظيم الجهاز العصبي,106,106,105,2,33,BIO26-M15,BIO26-S15-04,,,NOT_STARTED,NOT_RUN,ONE_QUESTION_ONE_IMAGE_ONE_CODE; exclude number/year/stars/badge/next-question/header; preserve full biological figure/labels/arrows/table/options
TAH-BIO-BIO26-L23-Q034,BIO26-PDF106-L23-S2-Q034,BIO26-L23,أحياء 3,تنظيم الجهاز العصبي,106,106,105,2,34,BIO26-M15,BIO26-S15-04,,,NOT_STARTED,NOT_RUN,ONE_QUESTION_ONE_IMAGE_ONE_CODE; exclude number/year/stars/badge/next-question/header; preserve full biological figure/labels/arrows/table/options
TAH-BIO-BIO26-L23-Q035,BIO26-PDF106-L23-S2-Q035,BIO26-L23,أحياء 3,تنظيم الجهاز العصبي,106,106,105,2,35,BIO26-M15,BIO26-S15-04,,,NOT_STARTED,NOT_RUN,ONE_QUESTION_ONE_IMAGE_ONE_CODE; exclude number/year/stars/badge/next-question/header; preserve full biological figure/labels/arrows/table/options
TAH-BIO-BIO26-L23-Q036,BIO26-PDF106-L23-S2-Q036,BIO26-L23,أحياء 3,تنظيم الجهاز العصبي,106,106,105,2,36,BIO26-M15,BIO26-S15-04,,,NOT_STARTED,NOT_RUN,ONE_QUESTION_ONE_IMAGE_ONE_CODE; exclude number/year/stars/badge/next-question/header; preserve full biological figure/labels/arrows/table/options
TAH-BIO-BIO26-L23-Q037,BIO26-PDF106-L23-S2-Q037,BIO26-L23,أحياء 3,تنظيم الجهاز العصبي,106,106,105,2,37,BIO26-M15,BIO26-S15-04,,,NOT_STARTED,NOT_RUN,ONE_QUESTION_ONE_IMAGE_ONE_CODE; exclude number/year/stars/badge/next-question/header; preserve full biological figure/labels/arrows/table/options
TAH-BIO-BIO26-L23-Q038,BIO26-PDF106-L23-S2-Q038,BIO26-L23,أحياء 3,تنظيم الجهاز العصبي,106,106,105,2,38,BIO26-M15,BIO26-S15-04,,,NOT_STARTED,NOT_RUN,ONE_QUESTION_ONE_IMAGE_ONE_CODE; exclude number/year/stars/badge/next-question/header; preserve full biological figure/labels/arrows/table/options
TAH-BIO-BIO26-L24-Q001,BIO26-PDF107-L24-S1-Q001,BIO26-L24,أحياء 3,الجهاز الدوراني,107,107,106,1,1,BIO26-M16,BIO26-S16-02,,,NOT_STARTED,NOT_RUN,ONE_QUESTION_ONE_IMAGE_ONE_CODE; exclude number/year/stars/badge/next-question/header; preserve full biological figure/labels/arrows/table/options
TAH-BIO-BIO26-L24-Q002,BIO26-PDF107-L24-S1-Q002,BIO26-L24,أحياء 3,الجهاز الدوراني,107,107,106,1,2,BIO26-M16,BIO26-S16-02,,,NOT_STARTED,NOT_RUN,ONE_QUESTION_ONE_IMAGE_ONE_CODE; exclude number/year/stars/badge/next-question/header; preserve full biological figure/labels/arrows/table/options
TAH-BIO-BIO26-L24-Q003,BIO26-PDF107-L24-S1-Q003,BIO26-L24,أحياء 3,الجهاز الدوراني,107,107,106,1,3,BIO26-M16,BIO26-S16-02,,,NOT_STARTED,NOT_RUN,ONE_QUESTION_ONE_IMAGE_ONE_CODE; exclude number/year/stars/badge/next-question/header; preserve full biological figure/labels/arrows/table/options
TAH-BIO-BIO26-L24-Q004,BIO26-PDF107-L24-S1-Q004,BIO26-L24,أحياء 3,الجهاز الدوراني,107,107,106,1,4,BIO26-M16,BIO26-S16-02,,,NOT_STARTED,NOT_RUN,ONE_QUESTION_ONE_IMAGE_ONE_CODE; exclude number/year/stars/badge/next-question/header; preserve full biological figure/labels/arrows/table/options
TAH-BIO-BIO26-L24-Q005,BIO26-PDF107-L24-S1-Q005,BIO26-L24,أحياء 3,الجهاز الدوراني,107,107,106,1,5,BIO26-M16,BIO26-S16-02,,,NOT_STARTED,NOT_RUN,ONE_QUESTION_ONE_IMAGE_ONE_CODE; exclude number/year/stars/badge/next-question/header; preserve full biological figure/labels/arrows/table/options
TAH-BIO-BIO26-L24-Q006,BIO26-PDF107-L24-S1-Q006,BIO26-L24,أحياء 3,الجهاز الدوراني,107,107,106,1,6,BIO26-M16,BIO26-S16-01,,,NOT_STARTED,NOT_RUN,ONE_QUESTION_ONE_IMAGE_ONE_CODE; exclude number/year/stars/badge/next-question/header; preserve full biological figure/labels/arrows/table/options
TAH-BIO-BIO26-L24-Q007,BIO26-PDF107-L24-S1-Q007,BIO26-L24,أحياء 3,الجهاز الدوراني,107,107,106,1,7,BIO26-M16,BIO26-S16-01,,,NOT_STARTED,NOT_RUN,ONE_QUESTION_ONE_IMAGE_ONE_CODE; exclude number/year/stars/badge/next-question/header; preserve full biological figure/labels/arrows/table/options
TAH-BIO-BIO26-L24-Q008,BIO26-PDF107-L24-S1-Q008,BIO26-L24,أحياء 3,الجهاز الدوراني,107,107,106,1,8,BIO26-M16,BIO26-S16-01,,,NOT_STARTED,NOT_RUN,ONE_QUESTION_ONE_IMAGE_ONE_CODE; exclude number/year/stars/badge/next-question/header; preserve full biological figure/labels/arrows/table/options
TAH-BIO-BIO26-L24-Q009,BIO26-PDF107-L24-S1-Q009,BIO26-L24,أحياء 3,الجهاز الدوراني,107,107,106,1,9,BIO26-M16,BIO26-S16-01,,,NOT_STARTED,NOT_RUN,ONE_QUESTION_ONE_IMAGE_ONE_CODE; exclude number/year/stars/badge/next-question/header; preserve full biological figure/labels/arrows/table/options
TAH-BIO-BIO26-L24-Q010,BIO26-PDF107-L24-S1-Q010,BIO26-L24,أحياء 3,الجهاز الدوراني,107,107,106,1,10,BIO26-M16,BIO26-S16-01,,,NOT_STARTED,NOT_RUN,ONE_QUESTION_ONE_IMAGE_ONE_CODE; exclude number/year/stars/badge/next-question/header; preserve full biological figure/labels/arrows/table/options
TAH-BIO-BIO26-L24-Q011,BIO26-PDF107-L24-S1-Q011,BIO26-L24,أحياء 3,الجهاز الدوراني,107,107,106,1,11,BIO26-M16,BIO26-S16-01,,,NOT_STARTED,NOT_RUN,ONE_QUESTION_ONE_IMAGE_ONE_CODE; exclude number/year/stars/badge/next-question/header; preserve full biological figure/labels/arrows/table/options
TAH-BIO-BIO26-L24-Q012,BIO26-PDF107-L24-S1-Q012,BIO26-L24,أحياء 3,الجهاز الدوراني,107,107,106,1,12,BIO26-M16,BIO26-S16-02,,,NOT_STARTED,NOT_RUN,ONE_QUESTION_ONE_IMAGE_ONE_CODE; exclude number/year/stars/badge/next-question/header; preserve full biological figure/labels/arrows/table/options
TAH-BIO-BIO26-L24-Q013,BIO26-PDF107-L24-S1-Q013,BIO26-L24,أحياء 3,الجهاز الدوراني,107,107,106,1,13,BIO26-M16,BIO26-S16-02,,,NOT_STARTED,NOT_RUN,ONE_QUESTION_ONE_IMAGE_ONE_CODE; exclude number/year/stars/badge/next-question/header; preserve full biological figure/labels/arrows/table/options
TAH-BIO-BIO26-L24-Q014,BIO26-PDF107-L24-S1-Q014,BIO26-L24,أحياء 3,الجهاز الدوراني,107,107,106,1,14,BIO26-M16,BIO26-S16-02,,,NOT_STARTED,NOT_RUN,ONE_QUESTION_ONE_IMAGE_ONE_CODE; exclude number/year/stars/badge/next-question/header; preserve full biological figure/labels/arrows/table/options
TAH-BIO-BIO26-L24-Q015,BIO26-PDF107-L24-S1-Q015,BIO26-L24,أحياء 3,الجهاز الدوراني,107,107,106,1,15,BIO26-M16,BIO26-S16-02,,,NOT_STARTED,NOT_RUN,ONE_QUESTION_ONE_IMAGE_ONE_CODE; exclude number/year/stars/badge/next-question/header; preserve full biological figure/labels/arrows/table/options
TAH-BIO-BIO26-L24-Q016,BIO26-PDF107-L24-S1-Q016,BIO26-L24,أحياء 3,الجهاز الدوراني,107,107,106,1,16,BIO26-M16,BIO26-S16-02,,,NOT_STARTED,NOT_RUN,ONE_QUESTION_ONE_IMAGE_ONE_CODE; exclude number/year/stars/badge/next-question/header; preserve full biological figure/labels/arrows/table/options
TAH-BIO-BIO26-L24-Q017,BIO26-PDF108-L24-S1-Q017,BIO26-L24,أحياء 3,الجهاز الدوراني,108,108,107,1,17,BIO26-M16,BIO26-S16-02,,,NOT_STARTED,NOT_RUN,ONE_QUESTION_ONE_IMAGE_ONE_CODE; exclude number/year/stars/badge/next-question/header; preserve full biological figure/labels/arrows/table/options
TAH-BIO-BIO26-L24-Q018,BIO26-PDF108-L24-S1-Q018,BIO26-L24,أحياء 3,الجهاز الدوراني,108,108,107,1,18,BIO26-M16,BIO26-S16-02,,,NOT_STARTED,NOT_RUN,ONE_QUESTION_ONE_IMAGE_ONE_CODE; exclude number/year/stars/badge/next-question/header; preserve full biological figure/labels/arrows/table/options
TAH-BIO-BIO26-L24-Q019,BIO26-PDF108-L24-S1-Q019,BIO26-L24,أحياء 3,الجهاز الدوراني,108,108,107,1,19,BIO26-M16,BIO26-S16-02,,,NOT_STARTED,NOT_RUN,ONE_QUESTION_ONE_IMAGE_ONE_CODE; exclude number/year/stars/badge/next-question/header; preserve full biological figure/labels/arrows/table/options
TAH-BIO-BIO26-L24-Q020,BIO26-PDF108-L24-S1-Q020,BIO26-L24,أحياء 3,الجهاز الدوراني,108,108,107,1,20,BIO26-M16,BIO26-S16-02,,,NOT_STARTED,NOT_RUN,ONE_QUESTION_ONE_IMAGE_ONE_CODE; exclude number/year/stars/badge/next-question/header; preserve full biological figure/labels/arrows/table/options
TAH-BIO-BIO26-L24-Q021,BIO26-PDF108-L24-S1-Q021,BIO26-L24,أحياء 3,الجهاز الدوراني,108,108,107,1,21,BIO26-M16,BIO26-S16-02,,,NOT_STARTED,NOT_RUN,ONE_QUESTION_ONE_IMAGE_ONE_CODE; exclude number/year/stars/badge/next-question/header; preserve full biological figure/labels/arrows/table/options
TAH-BIO-BIO26-L24-Q022,BIO26-PDF108-L24-S1-Q022,BIO26-L24,أحياء 3,الجهاز الدوراني,108,108,107,1,22,BIO26-M16,BIO26-S16-02,,,NOT_STARTED,NOT_RUN,ONE_QUESTION_ONE_IMAGE_ONE_CODE; exclude number/year/stars/badge/next-question/header; preserve full biological figure/labels/arrows/table/options
TAH-BIO-BIO26-L24-Q023,BIO26-PDF108-L24-S1-Q023,BIO26-L24,أحياء 3,الجهاز الدوراني,108,108,107,1,23,BIO26-M16,BIO26-S16-02,,,NOT_STARTED,NOT_RUN,ONE_QUESTION_ONE_IMAGE_ONE_CODE; exclude number/year/stars/badge/next-question/header; preserve full biological figure/labels/arrows/table/options
TAH-BIO-BIO26-L24-Q024,BIO26-PDF108-L24-S1-Q024,BIO26-L24,أحياء 3,الجهاز الدوراني,108,108,107,1,24,BIO26-M16,BIO26-S16-02,,,NOT_STARTED,NOT_RUN,ONE_QUESTION_ONE_IMAGE_ONE_CODE; exclude number/year/stars/badge/next-question/header; preserve full biological figure/labels/arrows/table/options
TAH-BIO-BIO26-L24-Q025,BIO26-PDF108-L24-S1-Q025,BIO26-L24,أحياء 3,الجهاز الدوراني,108,108,107,1,25,BIO26-M16,BIO26-S16-02,,,NOT_STARTED,NOT_RUN,ONE_QUESTION_ONE_IMAGE_ONE_CODE; exclude number/year/stars/badge/next-question/header; preserve full biological figure/labels/arrows/table/options
TAH-BIO-BIO26-L24-Q026,BIO26-PDF108-L24-S1-Q026,BIO26-L24,أحياء 3,الجهاز الدوراني,108,108,107,1,26,BIO26-M16,BIO26-S16-02,,,NOT_STARTED,NOT_RUN,ONE_QUESTION_ONE_IMAGE_ONE_CODE; exclude number/year/stars/badge/next-question/header; preserve full biological figure/labels/arrows/table/options
TAH-BIO-BIO26-L24-Q027,BIO26-PDF108-L24-S1-Q027,BIO26-L24,أحياء 3,الجهاز الدوراني,108,108,107,1,27,BIO26-M16,BIO26-S16-02,,,NOT_STARTED,NOT_RUN,ONE_QUESTION_ONE_IMAGE_ONE_CODE; exclude number/year/stars/badge/next-question/header; preserve full biological figure/labels/arrows/table/options
TAH-BIO-BIO26-L24-Q028,BIO26-PDF108-L24-S1-Q028,BIO26-L24,أحياء 3,الجهاز الدوراني,108,108,107,1,28,BIO26-M16,BIO26-S16-02,,,NOT_STARTED,NOT_RUN,ONE_QUESTION_ONE_IMAGE_ONE_CODE; exclude number/year/stars/badge/next-question/header; preserve full biological figure/labels/arrows/table/options
TAH-BIO-BIO26-L24-Q029,BIO26-PDF108-L24-S1-Q029,BIO26-L24,أحياء 3,الجهاز الدوراني,108,108,107,1,29,BIO26-M16,BIO26-S16-02,,,NOT_STARTED,NOT_RUN,ONE_QUESTION_ONE_IMAGE_ONE_CODE; exclude number/year/stars/badge/next-question/header; preserve full biological figure/labels/arrows/table/options
TAH-BIO-BIO26-L24-Q030,BIO26-PDF108-L24-S1-Q030,BIO26-L24,أحياء 3,الجهاز الدوراني,108,108,107,1,30,BIO26-M16,BIO26-S16-02,,,NOT_STARTED,NOT_RUN,ONE_QUESTION_ONE_IMAGE_ONE_CODE; exclude number/year/stars/badge/next-question/header; preserve full biological figure/labels/arrows/table/options
TAH-BIO-BIO26-L24-Q031,BIO26-PDF108-L24-S1-Q031,BIO26-L24,أحياء 3,الجهاز الدوراني,108,108,107,1,31,BIO26-M16,BIO26-S16-02,,,NOT_STARTED,NOT_RUN,ONE_QUESTION_ONE_IMAGE_ONE_CODE; exclude number/year/stars/badge/next-question/header; preserve full biological figure/labels/arrows/table/options
TAH-BIO-BIO26-L24-Q032,BIO26-PDF108-L24-S1-Q032,BIO26-L24,أحياء 3,الجهاز الدوراني,108,108,107,1,32,BIO26-M16,BIO26-S16-02,,,NOT_STARTED,NOT_RUN,ONE_QUESTION_ONE_IMAGE_ONE_CODE; exclude number/year/stars/badge/next-question/header; preserve full biological figure/labels/arrows/table/options
TAH-BIO-BIO26-L24-Q033,BIO26-PDF108-L24-S1-Q033,BIO26-L24,أحياء 3,الجهاز الدوراني,108,108,107,1,33,BIO26-M16,BIO26-S16-02,,,NOT_STARTED,NOT_RUN,ONE_QUESTION_ONE_IMAGE_ONE_CODE; exclude number/year/stars/badge/next-question/header; preserve full biological figure/labels/arrows/table/options
TAH-BIO-BIO26-L24-Q034,BIO26-PDF108-L24-S1-Q034,BIO26-L24,أحياء 3,الجهاز الدوراني,108,108,107,1,34,BIO26-M16,BIO26-S16-02,,,NOT_STARTED,NOT_RUN,ONE_QUESTION_ONE_IMAGE_ONE_CODE; exclude number/year/stars/badge/next-question/header; preserve full biological figure/labels/arrows/table/options
TAH-BIO-BIO26-L24-Q035,BIO26-PDF108-L24-S1-Q035,BIO26-L24,أحياء 3,الجهاز الدوراني,108,108,107,1,35,BIO26-M16,BIO26-S16-02,,,NOT_STARTED,NOT_RUN,ONE_QUESTION_ONE_IMAGE_ONE_CODE; exclude number/year/stars/badge/next-question/header; preserve full biological figure/labels/arrows/table/options
TAH-BIO-BIO26-L24-Q036,BIO26-PDF109-L24-S1-Q036,BIO26-L24,أحياء 3,الجهاز الدوراني,109,109,108,1,36,BIO26-M16,BIO26-S16-02,,,NOT_STARTED,NOT_RUN,ONE_QUESTION_ONE_IMAGE_ONE_CODE; exclude number/year/stars/badge/next-question/header; preserve full biological figure/labels/arrows/table/options
TAH-BIO-BIO26-L24-Q037,BIO26-PDF109-L24-S1-Q037,BIO26-L24,أحياء 3,الجهاز الدوراني,109,109,108,1,37,BIO26-M16,BIO26-S16-02,,,NOT_STARTED,NOT_RUN,ONE_QUESTION_ONE_IMAGE_ONE_CODE; exclude number/year/stars/badge/next-question/header; preserve full biological figure/labels/arrows/table/options
TAH-BIO-BIO26-L24-Q038,BIO26-PDF109-L24-S1-Q038,BIO26-L24,أحياء 3,الجهاز الدوراني,109,109,108,1,38,BIO26-M16,BIO26-S16-02,,,NOT_STARTED,NOT_RUN,ONE_QUESTION_ONE_IMAGE_ONE_CODE; exclude number/year/stars/badge/next-question/header; preserve full biological figure/labels/arrows/table/options
TAH-BIO-BIO26-L24-Q039,BIO26-PDF109-L24-S1-Q039,BIO26-L24,أحياء 3,الجهاز الدوراني,109,109,108,1,39,BIO26-M16,BIO26-S16-02,,,NOT_STARTED,NOT_RUN,ONE_QUESTION_ONE_IMAGE_ONE_CODE; exclude number/year/stars/badge/next-question/header; preserve full biological figure/labels/arrows/table/options
TAH-BIO-BIO26-L24-Q040,BIO26-PDF109-L24-S1-Q040,BIO26-L24,أحياء 3,الجهاز الدوراني,109,109,108,1,40,BIO26-M16,BIO26-S16-02,,,NOT_STARTED,NOT_RUN,ONE_QUESTION_ONE_IMAGE_ONE_CODE; exclude number/year/stars/badge/next-question/header; preserve full biological figure/labels/arrows/table/options
TAH-BIO-BIO26-L24-Q041,BIO26-PDF109-L24-S1-Q041,BIO26-L24,أحياء 3,الجهاز الدوراني,109,109,108,1,41,BIO26-M16,BIO26-S16-02,,,NOT_STARTED,NOT_RUN,ONE_QUESTION_ONE_IMAGE_ONE_CODE; exclude number/year/stars/badge/next-question/header; preserve full biological figure/labels/arrows/table/options
TAH-BIO-BIO26-L24-Q042,BIO26-PDF109-L24-S1-Q042,BIO26-L24,أحياء 3,الجهاز الدوراني,109,109,108,1,42,BIO26-M16,BIO26-S16-02,,,NOT_STARTED,NOT_RUN,ONE_QUESTION_ONE_IMAGE_ONE_CODE; exclude number/year/stars/badge/next-question/header; preserve full biological figure/labels/arrows/table/options
TAH-BIO-BIO26-L24-Q043,BIO26-PDF109-L24-S1-Q043,BIO26-L24,أحياء 3,الجهاز الدوراني,109,109,108,1,43,BIO26-M16,BIO26-S16-02,,,NOT_STARTED,NOT_RUN,ONE_QUESTION_ONE_IMAGE_ONE_CODE; exclude number/year/stars/badge/next-question/header; preserve full biological figure/labels/arrows/table/options
TAH-BIO-BIO26-L24-Q044,BIO26-PDF109-L24-S1-Q044,BIO26-L24,أحياء 3,الجهاز الدوراني,109,109,108,1,44,BIO26-M16,BIO26-S16-02,,,NOT_STARTED,NOT_RUN,ONE_QUESTION_ONE_IMAGE_ONE_CODE; exclude number/year/stars/badge/next-question/header; preserve full biological figure/labels/arrows/table/options
TAH-BIO-BIO26-L24-Q045,BIO26-PDF109-L24-S1-Q045,BIO26-L24,أحياء 3,الجهاز الدوراني,109,109,108,1,45,BIO26-M16,BIO26-S16-02,,,NOT_STARTED,NOT_RUN,ONE_QUESTION_ONE_IMAGE_ONE_CODE; exclude number/year/stars/badge/next-question/header; preserve full biological figure/labels/arrows/table/options
TAH-BIO-BIO26-L24-Q046,BIO26-PDF109-L24-S1-Q046,BIO26-L24,أحياء 3,الجهاز الدوراني,109,109,108,1,46,BIO26-M16,BIO26-S16-02,,,NOT_STARTED,NOT_RUN,ONE_QUESTION_ONE_IMAGE_ONE_CODE; exclude number/year/stars/badge/next-question/header; preserve full biological figure/labels/arrows/table/options
TAH-BIO-BIO26-L24-Q047,BIO26-PDF109-L24-S1-Q047,BIO26-L24,أحياء 3,الجهاز الدوراني,109,109,108,1,47,BIO26-M16,BIO26-S16-02,,,NOT_STARTED,NOT_RUN,ONE_QUESTION_ONE_IMAGE_ONE_CODE; exclude number/year/stars/badge/next-question/header; preserve full biological figure/labels/arrows/table/options
TAH-BIO-BIO26-L24-Q048,BIO26-PDF110-L24-S1-Q048,BIO26-L24,أحياء 3,الجهاز الدوراني,110,110,109,1,48,BIO26-M16,BIO26-S16-02,,,NOT_STARTED,NOT_RUN,ONE_QUESTION_ONE_IMAGE_ONE_CODE; exclude number/year/stars/badge/next-question/header; preserve full biological figure/labels/arrows/table/options
TAH-BIO-BIO26-L24-Q049,BIO26-PDF110-L24-S1-Q049,BIO26-L24,أحياء 3,الجهاز الدوراني,110,110,109,1,49,BIO26-M16,BIO26-S16-02,,,NOT_STARTED,NOT_RUN,ONE_QUESTION_ONE_IMAGE_ONE_CODE; exclude number/year/stars/badge/next-question/header; preserve full biological figure/labels/arrows/table/options
TAH-BIO-BIO26-L24-Q050,BIO26-PDF110-L24-S1-Q050,BIO26-L24,أحياء 3,الجهاز الدوراني,110,110,109,1,50,BIO26-M16,BIO26-S16-02,,,NOT_STARTED,NOT_RUN,ONE_QUESTION_ONE_IMAGE_ONE_CODE; exclude number/year/stars/badge/next-question/header; preserve full biological figure/labels/arrows/table/options
TAH-BIO-BIO26-L24-Q051,BIO26-PDF110-L24-S1-Q051,BIO26-L24,أحياء 3,الجهاز الدوراني,110,110,109,1,51,BIO26-M16,BIO26-S16-02,,,NOT_STARTED,NOT_RUN,ONE_QUESTION_ONE_IMAGE_ONE_CODE; exclude number/year/stars/badge/next-question/header; preserve full biological figure/labels/arrows/table/options
TAH-BIO-BIO26-L24-Q052,BIO26-PDF110-L24-S1-Q052,BIO26-L24,أحياء 3,الجهاز الدوراني,110,110,109,1,52,BIO26-M16,BIO26-S16-02,,,NOT_STARTED,NOT_RUN,ONE_QUESTION_ONE_IMAGE_ONE_CODE; exclude number/year/stars/badge/next-question/header; preserve full biological figure/labels/arrows/table/options
TAH-BIO-BIO26-L24-Q053,BIO26-PDF110-L24-S1-Q053,BIO26-L24,أحياء 3,الجهاز الدوراني,110,110,109,1,53,BIO26-M16,BIO26-S16-02,,,NOT_STARTED,NOT_RUN,ONE_QUESTION_ONE_IMAGE_ONE_CODE; exclude number/year/stars/badge/next-question/header; preserve full biological figure/labels/arrows/table/options
TAH-BIO-BIO26-L24-Q054,BIO26-PDF110-L24-S1-Q054,BIO26-L24,أحياء 3,الجهاز الدوراني,110,110,109,1,54,BIO26-M16,BIO26-S16-02,,,NOT_STARTED,NOT_RUN,ONE_QUESTION_ONE_IMAGE_ONE_CODE; exclude number/year/stars/badge/next-question/header; preserve full biological figure/labels/arrows/table/options
TAH-BIO-BIO26-L24-Q055,BIO26-PDF110-L24-S1-Q055,BIO26-L24,أحياء 3,الجهاز الدوراني,110,110,109,1,55,BIO26-M16,BIO26-S16-02,,,NOT_STARTED,NOT_RUN,ONE_QUESTION_ONE_IMAGE_ONE_CODE; exclude number/year/stars/badge/next-question/header; preserve full biological figure/labels/arrows/table/options
TAH-BIO-BIO26-L24-Q056,BIO26-PDF111-L24-S2-Q056,BIO26-L24,أحياء 3,الجهاز الدوراني,111,111,110,2,56,BIO26-M16,BIO26-S16-02,,,NOT_STARTED,NOT_RUN,ONE_QUESTION_ONE_IMAGE_ONE_CODE; exclude number/year/stars/badge/next-question/header; preserve full biological figure/labels/arrows/table/options
TAH-BIO-BIO26-L24-Q057,BIO26-PDF111-L24-S2-Q057,BIO26-L24,أحياء 3,الجهاز الدوراني,111,111,110,2,57,BIO26-M16,BIO26-S16-02,,,NOT_STARTED,NOT_RUN,ONE_QUESTION_ONE_IMAGE_ONE_CODE; exclude number/year/stars/badge/next-question/header; preserve full biological figure/labels/arrows/table/options
TAH-BIO-BIO26-L24-Q058,BIO26-PDF111-L24-S2-Q058,BIO26-L24,أحياء 3,الجهاز الدوراني,111,111,110,2,58,BIO26-M16,BIO26-S16-02,,,NOT_STARTED,NOT_RUN,ONE_QUESTION_ONE_IMAGE_ONE_CODE; exclude number/year/stars/badge/next-question/header; preserve full biological figure/labels/arrows/table/options
TAH-BIO-BIO26-L24-Q059,BIO26-PDF111-L24-S2-Q059,BIO26-L24,أحياء 3,الجهاز الدوراني,111,111,110,2,59,BIO26-M16,BIO26-S16-02,,,NOT_STARTED,NOT_RUN,ONE_QUESTION_ONE_IMAGE_ONE_CODE; exclude number/year/stars/badge/next-question/header; preserve full biological figure/labels/arrows/table/options
TAH-BIO-BIO26-L24-Q060,BIO26-PDF111-L24-S2-Q060,BIO26-L24,أحياء 3,الجهاز الدوراني,111,111,110,2,60,BIO26-M16,BIO26-S16-02,,,NOT_STARTED,NOT_RUN,ONE_QUESTION_ONE_IMAGE_ONE_CODE; exclude number/year/stars/badge/next-question/header; preserve full biological figure/labels/arrows/table/options
TAH-BIO-BIO26-L24-Q061,BIO26-PDF111-L24-S2-Q061,BIO26-L24,أحياء 3,الجهاز الدوراني,111,111,110,2,61,BIO26-M16,BIO26-S16-01,,,NOT_STARTED,NOT_RUN,ONE_QUESTION_ONE_IMAGE_ONE_CODE; exclude number/year/stars/badge/next-question/header; preserve full biological figure/labels/arrows/table/options
TAH-BIO-BIO26-L24-Q062,BIO26-PDF111-L24-S2-Q062,BIO26-L24,أحياء 3,الجهاز الدوراني,111,111,110,2,62,BIO26-M16,BIO26-S16-01,,,NOT_STARTED,NOT_RUN,ONE_QUESTION_ONE_IMAGE_ONE_CODE; exclude number/year/stars/badge/next-question/header; preserve full biological figure/labels/arrows/table/options
TAH-BIO-BIO26-L24-Q063,BIO26-PDF111-L24-S2-Q063,BIO26-L24,أحياء 3,الجهاز الدوراني,111,111,110,2,63,BIO26-M16,BIO26-S16-01,,,NOT_STARTED,NOT_RUN,ONE_QUESTION_ONE_IMAGE_ONE_CODE; exclude number/year/stars/badge/next-question/header; preserve full biological figure/labels/arrows/table/options
TAH-BIO-BIO26-L24-Q064,BIO26-PDF111-L24-S2-Q064,BIO26-L24,أحياء 3,الجهاز الدوراني,111,111,110,2,64,BIO26-M16,BIO26-S16-01,,,NOT_STARTED,NOT_RUN,ONE_QUESTION_ONE_IMAGE_ONE_CODE; exclude number/year/stars/badge/next-question/header; preserve full biological figure/labels/arrows/table/options
TAH-BIO-BIO26-L24-Q065,BIO26-PDF111-L24-S2-Q065,BIO26-L24,أحياء 3,الجهاز الدوراني,111,111,110,2,65,BIO26-M16,BIO26-S16-01,,,NOT_STARTED,NOT_RUN,ONE_QUESTION_ONE_IMAGE_ONE_CODE; exclude number/year/stars/badge/next-question/header; preserve full biological figure/labels/arrows/table/options
TAH-BIO-BIO26-L24-Q066,BIO26-PDF111-L24-S2-Q066,BIO26-L24,أحياء 3,الجهاز الدوراني,111,111,110,2,66,BIO26-M16,BIO26-S16-01,,,NOT_STARTED,NOT_RUN,ONE_QUESTION_ONE_IMAGE_ONE_CODE; exclude number/year/stars/badge/next-question/header; preserve full biological figure/labels/arrows/table/options
TAH-BIO-BIO26-L24-Q067,BIO26-PDF111-L24-S2-Q067,BIO26-L24,أحياء 3,الجهاز الدوراني,111,111,110,2,67,BIO26-M16,BIO26-S16-01,,,NOT_STARTED,NOT_RUN,ONE_QUESTION_ONE_IMAGE_ONE_CODE; exclude number/year/stars/badge/next-question/header; preserve full biological figure/labels/arrows/table/options
TAH-BIO-BIO26-L24-Q068,BIO26-PDF111-L24-S2-Q068,BIO26-L24,أحياء 3,الجهاز الدوراني,111,111,110,2,68,BIO26-M16,BIO26-S16-01,,,NOT_STARTED,NOT_RUN,ONE_QUESTION_ONE_IMAGE_ONE_CODE; exclude number/year/stars/badge/next-question/header; preserve full biological figure/labels/arrows/table/options
TAH-BIO-BIO26-L24-Q069,BIO26-PDF111-L24-S2-Q069,BIO26-L24,أحياء 3,الجهاز الدوراني,111,111,110,2,69,BIO26-M16,BIO26-S16-01,,,NOT_STARTED,NOT_RUN,ONE_QUESTION_ONE_IMAGE_ONE_CODE; exclude number/year/stars/badge/next-question/header; preserve full biological figure/labels/arrows/table/options
TAH-BIO-BIO26-L24-Q070,BIO26-PDF111-L24-S2-Q070,BIO26-L24,أحياء 3,الجهاز الدوراني,111,111,110,2,70,BIO26-M16,BIO26-S16-01,,,NOT_STARTED,NOT_RUN,ONE_QUESTION_ONE_IMAGE_ONE_CODE; exclude number/year/stars/badge/next-question/header; preserve full biological figure/labels/arrows/table/options
TAH-BIO-BIO26-L24-Q071,BIO26-PDF111-L24-S2-Q071,BIO26-L24,أحياء 3,الجهاز الدوراني,111,111,110,2,71,BIO26-M16,BIO26-S16-01,,,NOT_STARTED,NOT_RUN,ONE_QUESTION_ONE_IMAGE_ONE_CODE; exclude number/year/stars/badge/next-question/header; preserve full biological figure/labels/arrows/table/options
TAH-BIO-BIO26-L24-Q072,BIO26-PDF111-L24-S2-Q072,BIO26-L24,أحياء 3,الجهاز الدوراني,111,111,110,2,72,BIO26-M16,BIO26-S16-02,,,NOT_STARTED,NOT_RUN,ONE_QUESTION_ONE_IMAGE_ONE_CODE; exclude number/year/stars/badge/next-question/header; preserve full biological figure/labels/arrows/table/options
TAH-BIO-BIO26-L24-Q073,BIO26-PDF111-L24-S2-Q073,BIO26-L24,أحياء 3,الجهاز الدوراني,111,111,110,2,73,BIO26-M16,BIO26-S16-02,,,NOT_STARTED,NOT_RUN,ONE_QUESTION_ONE_IMAGE_ONE_CODE; exclude number/year/stars/badge/next-question/header; preserve full biological figure/labels/arrows/table/options
TAH-BIO-BIO26-L24-Q074,BIO26-PDF112-L24-S2-Q074,BIO26-L24,أحياء 3,الجهاز الدوراني,112,112,111,2,74,BIO26-M16,BIO26-S16-02,,,NOT_STARTED,NOT_RUN,ONE_QUESTION_ONE_IMAGE_ONE_CODE; exclude number/year/stars/badge/next-question/header; preserve full biological figure/labels/arrows/table/options
TAH-BIO-BIO26-L24-Q075,BIO26-PDF112-L24-S2-Q075,BIO26-L24,أحياء 3,الجهاز الدوراني,112,112,111,2,75,BIO26-M16,BIO26-S16-02,,,NOT_STARTED,NOT_RUN,ONE_QUESTION_ONE_IMAGE_ONE_CODE; exclude number/year/stars/badge/next-question/header; preserve full biological figure/labels/arrows/table/options
TAH-BIO-BIO26-L24-Q076,BIO26-PDF112-L24-S2-Q076,BIO26-L24,أحياء 3,الجهاز الدوراني,112,112,111,2,76,BIO26-M16,BIO26-S16-02,,,NOT_STARTED,NOT_RUN,ONE_QUESTION_ONE_IMAGE_ONE_CODE; exclude number/year/stars/badge/next-question/header; preserve full biological figure/labels/arrows/table/options
TAH-BIO-BIO26-L24-Q077,BIO26-PDF112-L24-S2-Q077,BIO26-L24,أحياء 3,الجهاز الدوراني,112,112,111,2,77,BIO26-M16,BIO26-S16-02,,,NOT_STARTED,NOT_RUN,ONE_QUESTION_ONE_IMAGE_ONE_CODE; exclude number/year/stars/badge/next-question/header; preserve full biological figure/labels/arrows/table/options
TAH-BIO-BIO26-L24-Q078,BIO26-PDF112-L24-S2-Q078,BIO26-L24,أحياء 3,الجهاز الدوراني,112,112,111,2,78,BIO26-M16,BIO26-S16-02,,,NOT_STARTED,NOT_RUN,ONE_QUESTION_ONE_IMAGE_ONE_CODE; exclude number/year/stars/badge/next-question/header; preserve full biological figure/labels/arrows/table/options
TAH-BIO-BIO26-L24-Q079,BIO26-PDF112-L24-S2-Q079,BIO26-L24,أحياء 3,الجهاز الدوراني,112,112,111,2,79,BIO26-M16,BIO26-S16-02,,,NOT_STARTED,NOT_RUN,ONE_QUESTION_ONE_IMAGE_ONE_CODE; exclude number/year/stars/badge/next-question/header; preserve full biological figure/labels/arrows/table/options
TAH-BIO-BIO26-L24-Q080,BIO26-PDF112-L24-S2-Q080,BIO26-L24,أحياء 3,الجهاز الدوراني,112,112,111,2,80,BIO26-M16,BIO26-S16-02,,,NOT_STARTED,NOT_RUN,ONE_QUESTION_ONE_IMAGE_ONE_CODE; exclude number/year/stars/badge/next-question/header; preserve full biological figure/labels/arrows/table/options
TAH-BIO-BIO26-L24-Q081,BIO26-PDF112-L24-S2-Q081,BIO26-L24,أحياء 3,الجهاز الدوراني,112,112,111,2,81,BIO26-M16,BIO26-S16-02,,,NOT_STARTED,NOT_RUN,ONE_QUESTION_ONE_IMAGE_ONE_CODE; exclude number/year/stars/badge/next-question/header; preserve full biological figure/labels/arrows/table/options
TAH-BIO-BIO26-L24-Q082,BIO26-PDF112-L24-S2-Q082,BIO26-L24,أحياء 3,الجهاز الدوراني,112,112,111,2,82,BIO26-M16,BIO26-S16-02,,,NOT_STARTED,NOT_RUN,ONE_QUESTION_ONE_IMAGE_ONE_CODE; exclude number/year/stars/badge/next-question/header; preserve full biological figure/labels/arrows/table/options
TAH-BIO-BIO26-L24-Q083,BIO26-PDF112-L24-S2-Q083,BIO26-L24,أحياء 3,الجهاز الدوراني,112,112,111,2,83,BIO26-M16,BIO26-S16-02,,,NOT_STARTED,NOT_RUN,ONE_QUESTION_ONE_IMAGE_ONE_CODE; exclude number/year/stars/badge/next-question/header; preserve full biological figure/labels/arrows/table/options
TAH-BIO-BIO26-L24-Q084,BIO26-PDF112-L24-S2-Q084,BIO26-L24,أحياء 3,الجهاز الدوراني,112,112,111,2,84,BIO26-M16,BIO26-S16-02,,,NOT_STARTED,NOT_RUN,ONE_QUESTION_ONE_IMAGE_ONE_CODE; exclude number/year/stars/badge/next-question/header; preserve full biological figure/labels/arrows/table/options
TAH-BIO-BIO26-L24-Q085,BIO26-PDF112-L24-S2-Q085,BIO26-L24,أحياء 3,الجهاز الدوراني,112,112,111,2,85,BIO26-M16,BIO26-S16-02,,,NOT_STARTED,NOT_RUN,ONE_QUESTION_ONE_IMAGE_ONE_CODE; exclude number/year/stars/badge/next-question/header; preserve full biological figure/labels/arrows/table/options
TAH-BIO-BIO26-L25-Q001,BIO26-PDF113-L25-S1-Q001,BIO26-L25,أحياء 3,الجهازان التنفسي والإخراجي,113,113,112,1,1,BIO26-M16,BIO26-S16-03,,,NOT_STARTED,NOT_RUN,ONE_QUESTION_ONE_IMAGE_ONE_CODE; exclude number/year/stars/badge/next-question/header; preserve full biological figure/labels/arrows/table/options
TAH-BIO-BIO26-L25-Q002,BIO26-PDF113-L25-S1-Q002,BIO26-L25,أحياء 3,الجهازان التنفسي والإخراجي,113,113,112,1,2,BIO26-M16,BIO26-S16-03,,,NOT_STARTED,NOT_RUN,ONE_QUESTION_ONE_IMAGE_ONE_CODE; exclude number/year/stars/badge/next-question/header; preserve full biological figure/labels/arrows/table/options
TAH-BIO-BIO26-L25-Q003,BIO26-PDF113-L25-S1-Q003,BIO26-L25,أحياء 3,الجهازان التنفسي والإخراجي,113,113,112,1,3,BIO26-M16,BIO26-S16-03,,,NOT_STARTED,NOT_RUN,ONE_QUESTION_ONE_IMAGE_ONE_CODE; exclude number/year/stars/badge/next-question/header; preserve full biological figure/labels/arrows/table/options
TAH-BIO-BIO26-L25-Q004,BIO26-PDF113-L25-S1-Q004,BIO26-L25,أحياء 3,الجهازان التنفسي والإخراجي,113,113,112,1,4,BIO26-M16,BIO26-S16-03,,,NOT_STARTED,NOT_RUN,ONE_QUESTION_ONE_IMAGE_ONE_CODE; exclude number/year/stars/badge/next-question/header; preserve full biological figure/labels/arrows/table/options
TAH-BIO-BIO26-L25-Q005,BIO26-PDF113-L25-S1-Q005,BIO26-L25,أحياء 3,الجهازان التنفسي والإخراجي,113,113,112,1,5,BIO26-M16,BIO26-S16-03,,,NOT_STARTED,NOT_RUN,ONE_QUESTION_ONE_IMAGE_ONE_CODE; exclude number/year/stars/badge/next-question/header; preserve full biological figure/labels/arrows/table/options
TAH-BIO-BIO26-L25-Q006,BIO26-PDF113-L25-S1-Q006,BIO26-L25,أحياء 3,الجهازان التنفسي والإخراجي,113,113,112,1,6,BIO26-M16,BIO26-S16-03,,,NOT_STARTED,NOT_RUN,ONE_QUESTION_ONE_IMAGE_ONE_CODE; exclude number/year/stars/badge/next-question/header; preserve full biological figure/labels/arrows/table/options
TAH-BIO-BIO26-L25-Q007,BIO26-PDF113-L25-S1-Q007,BIO26-L25,أحياء 3,الجهازان التنفسي والإخراجي,113,113,112,1,7,BIO26-M16,BIO26-S16-03,,,NOT_STARTED,NOT_RUN,ONE_QUESTION_ONE_IMAGE_ONE_CODE; exclude number/year/stars/badge/next-question/header; preserve full biological figure/labels/arrows/table/options
TAH-BIO-BIO26-L25-Q008,BIO26-PDF113-L25-S1-Q008,BIO26-L25,أحياء 3,الجهازان التنفسي والإخراجي,113,113,112,1,8,BIO26-M16,BIO26-S16-04,,,NOT_STARTED,NOT_RUN,ONE_QUESTION_ONE_IMAGE_ONE_CODE; exclude number/year/stars/badge/next-question/header; preserve full biological figure/labels/arrows/table/options
TAH-BIO-BIO26-L25-Q009,BIO26-PDF113-L25-S1-Q009,BIO26-L25,أحياء 3,الجهازان التنفسي والإخراجي,113,113,112,1,9,BIO26-M16,BIO26-S16-04,,,NOT_STARTED,NOT_RUN,ONE_QUESTION_ONE_IMAGE_ONE_CODE; exclude number/year/stars/badge/next-question/header; preserve full biological figure/labels/arrows/table/options
TAH-BIO-BIO26-L25-Q010,BIO26-PDF113-L25-S1-Q010,BIO26-L25,أحياء 3,الجهازان التنفسي والإخراجي,113,113,112,1,10,BIO26-M16,BIO26-S16-04,,,NOT_STARTED,NOT_RUN,ONE_QUESTION_ONE_IMAGE_ONE_CODE; exclude number/year/stars/badge/next-question/header; preserve full biological figure/labels/arrows/table/options
TAH-BIO-BIO26-L25-Q011,BIO26-PDF113-L25-S1-Q011,BIO26-L25,أحياء 3,الجهازان التنفسي والإخراجي,113,113,112,1,11,BIO26-M16,BIO26-S16-04,,,NOT_STARTED,NOT_RUN,ONE_QUESTION_ONE_IMAGE_ONE_CODE; exclude number/year/stars/badge/next-question/header; preserve full biological figure/labels/arrows/table/options
TAH-BIO-BIO26-L25-Q012,BIO26-PDF113-L25-S1-Q012,BIO26-L25,أحياء 3,الجهازان التنفسي والإخراجي,113,113,112,1,12,BIO26-M16,BIO26-S16-04,,,NOT_STARTED,NOT_RUN,ONE_QUESTION_ONE_IMAGE_ONE_CODE; exclude number/year/stars/badge/next-question/header; preserve full biological figure/labels/arrows/table/options
TAH-BIO-BIO26-L25-Q013,BIO26-PDF113-L25-S1-Q013,BIO26-L25,أحياء 3,الجهازان التنفسي والإخراجي,113,113,112,1,13,BIO26-M16,BIO26-S16-04,,,NOT_STARTED,NOT_RUN,ONE_QUESTION_ONE_IMAGE_ONE_CODE; exclude number/year/stars/badge/next-question/header; preserve full biological figure/labels/arrows/table/options
TAH-BIO-BIO26-L25-Q014,BIO26-PDF113-L25-S1-Q014,BIO26-L25,أحياء 3,الجهازان التنفسي والإخراجي,113,113,112,1,14,BIO26-M16,BIO26-S16-04,,,NOT_STARTED,NOT_RUN,ONE_QUESTION_ONE_IMAGE_ONE_CODE; exclude number/year/stars/badge/next-question/header; preserve full biological figure/labels/arrows/table/options
TAH-BIO-BIO26-L25-Q015,BIO26-PDF114-L25-S1-Q015,BIO26-L25,أحياء 3,الجهازان التنفسي والإخراجي,114,114,113,1,15,BIO26-M16,BIO26-S16-04,,,NOT_STARTED,NOT_RUN,ONE_QUESTION_ONE_IMAGE_ONE_CODE; exclude number/year/stars/badge/next-question/header; preserve full biological figure/labels/arrows/table/options
TAH-BIO-BIO26-L25-Q016,BIO26-PDF114-L25-S1-Q016,BIO26-L25,أحياء 3,الجهازان التنفسي والإخراجي,114,114,113,1,16,BIO26-M16,BIO26-S16-04,,,NOT_STARTED,NOT_RUN,ONE_QUESTION_ONE_IMAGE_ONE_CODE; exclude number/year/stars/badge/next-question/header; preserve full biological figure/labels/arrows/table/options
TAH-BIO-BIO26-L25-Q017,BIO26-PDF114-L25-S1-Q017,BIO26-L25,أحياء 3,الجهازان التنفسي والإخراجي,114,114,113,1,17,BIO26-M16,BIO26-S16-04,,,NOT_STARTED,NOT_RUN,ONE_QUESTION_ONE_IMAGE_ONE_CODE; exclude number/year/stars/badge/next-question/header; preserve full biological figure/labels/arrows/table/options
TAH-BIO-BIO26-L25-Q018,BIO26-PDF114-L25-S1-Q018,BIO26-L25,أحياء 3,الجهازان التنفسي والإخراجي,114,114,113,1,18,BIO26-M16,BIO26-S16-04,,,NOT_STARTED,NOT_RUN,ONE_QUESTION_ONE_IMAGE_ONE_CODE; exclude number/year/stars/badge/next-question/header; preserve full biological figure/labels/arrows/table/options
TAH-BIO-BIO26-L25-Q019,BIO26-PDF114-L25-S1-Q019,BIO26-L25,أحياء 3,الجهازان التنفسي والإخراجي,114,114,113,1,19,BIO26-M16,BIO26-S16-04,,,NOT_STARTED,NOT_RUN,ONE_QUESTION_ONE_IMAGE_ONE_CODE; exclude number/year/stars/badge/next-question/header; preserve full biological figure/labels/arrows/table/options
TAH-BIO-BIO26-L25-Q020,BIO26-PDF114-L25-S1-Q020,BIO26-L25,أحياء 3,الجهازان التنفسي والإخراجي,114,114,113,1,20,BIO26-M16,BIO26-S16-04,,,NOT_STARTED,NOT_RUN,ONE_QUESTION_ONE_IMAGE_ONE_CODE; exclude number/year/stars/badge/next-question/header; preserve full biological figure/labels/arrows/table/options
TAH-BIO-BIO26-L25-Q021,BIO26-PDF114-L25-S1-Q021,BIO26-L25,أحياء 3,الجهازان التنفسي والإخراجي,114,114,113,1,21,BIO26-M16,BIO26-S16-04,,,NOT_STARTED,NOT_RUN,ONE_QUESTION_ONE_IMAGE_ONE_CODE; exclude number/year/stars/badge/next-question/header; preserve full biological figure/labels/arrows/table/options
TAH-BIO-BIO26-L25-Q022,BIO26-PDF114-L25-S1-Q022,BIO26-L25,أحياء 3,الجهازان التنفسي والإخراجي,114,114,113,1,22,BIO26-M16,BIO26-S16-04,,,NOT_STARTED,NOT_RUN,ONE_QUESTION_ONE_IMAGE_ONE_CODE; exclude number/year/stars/badge/next-question/header; preserve full biological figure/labels/arrows/table/options
TAH-BIO-BIO26-L25-Q023,BIO26-PDF114-L25-S1-Q023,BIO26-L25,أحياء 3,الجهازان التنفسي والإخراجي,114,114,113,1,23,BIO26-M16,BIO26-S16-04,,,NOT_STARTED,NOT_RUN,ONE_QUESTION_ONE_IMAGE_ONE_CODE; exclude number/year/stars/badge/next-question/header; preserve full biological figure/labels/arrows/table/options
TAH-BIO-BIO26-L25-Q024,BIO26-PDF114-L25-S1-Q024,BIO26-L25,أحياء 3,الجهازان التنفسي والإخراجي,114,114,113,1,24,BIO26-M16,BIO26-S16-04,,,NOT_STARTED,NOT_RUN,ONE_QUESTION_ONE_IMAGE_ONE_CODE; exclude number/year/stars/badge/next-question/header; preserve full biological figure/labels/arrows/table/options
TAH-BIO-BIO26-L25-Q025,BIO26-PDF115-L25-S2-Q025,BIO26-L25,أحياء 3,الجهازان التنفسي والإخراجي,115,115,114,2,25,BIO26-M16,BIO26-S16-03,,,NOT_STARTED,NOT_RUN,ONE_QUESTION_ONE_IMAGE_ONE_CODE; exclude number/year/stars/badge/next-question/header; preserve full biological figure/labels/arrows/table/options
TAH-BIO-BIO26-L25-Q026,BIO26-PDF115-L25-S2-Q026,BIO26-L25,أحياء 3,الجهازان التنفسي والإخراجي,115,115,114,2,26,BIO26-M16,BIO26-S16-03,,,NOT_STARTED,NOT_RUN,ONE_QUESTION_ONE_IMAGE_ONE_CODE; exclude number/year/stars/badge/next-question/header; preserve full biological figure/labels/arrows/table/options
TAH-BIO-BIO26-L25-Q027,BIO26-PDF115-L25-S2-Q027,BIO26-L25,أحياء 3,الجهازان التنفسي والإخراجي,115,115,114,2,27,BIO26-M16,BIO26-S16-03,,,NOT_STARTED,NOT_RUN,ONE_QUESTION_ONE_IMAGE_ONE_CODE; exclude number/year/stars/badge/next-question/header; preserve full biological figure/labels/arrows/table/options
TAH-BIO-BIO26-L25-Q028,BIO26-PDF115-L25-S2-Q028,BIO26-L25,أحياء 3,الجهازان التنفسي والإخراجي,115,115,114,2,28,BIO26-M16,BIO26-S16-03,,,NOT_STARTED,NOT_RUN,ONE_QUESTION_ONE_IMAGE_ONE_CODE; exclude number/year/stars/badge/next-question/header; preserve full biological figure/labels/arrows/table/options
TAH-BIO-BIO26-L25-Q029,BIO26-PDF115-L25-S2-Q029,BIO26-L25,أحياء 3,الجهازان التنفسي والإخراجي,115,115,114,2,29,BIO26-M16,BIO26-S16-03,,,NOT_STARTED,NOT_RUN,ONE_QUESTION_ONE_IMAGE_ONE_CODE; exclude number/year/stars/badge/next-question/header; preserve full biological figure/labels/arrows/table/options
TAH-BIO-BIO26-L25-Q030,BIO26-PDF115-L25-S2-Q030,BIO26-L25,أحياء 3,الجهازان التنفسي والإخراجي,115,115,114,2,30,BIO26-M16,BIO26-S16-03,,,NOT_STARTED,NOT_RUN,ONE_QUESTION_ONE_IMAGE_ONE_CODE; exclude number/year/stars/badge/next-question/header; preserve full biological figure/labels/arrows/table/options
TAH-BIO-BIO26-L25-Q031,BIO26-PDF115-L25-S2-Q031,BIO26-L25,أحياء 3,الجهازان التنفسي والإخراجي,115,115,114,2,31,BIO26-M16,BIO26-S16-03,,,NOT_STARTED,NOT_RUN,ONE_QUESTION_ONE_IMAGE_ONE_CODE; exclude number/year/stars/badge/next-question/header; preserve full biological figure/labels/arrows/table/options
TAH-BIO-BIO26-L25-Q032,BIO26-PDF115-L25-S2-Q032,BIO26-L25,أحياء 3,الجهازان التنفسي والإخراجي,115,115,114,2,32,BIO26-M16,BIO26-S16-03,,,NOT_STARTED,NOT_RUN,ONE_QUESTION_ONE_IMAGE_ONE_CODE; exclude number/year/stars/badge/next-question/header; preserve full biological figure/labels/arrows/table/options
TAH-BIO-BIO26-L25-Q033,BIO26-PDF115-L25-S2-Q033,BIO26-L25,أحياء 3,الجهازان التنفسي والإخراجي,115,115,114,2,33,BIO26-M16,BIO26-S16-03,,,NOT_STARTED,NOT_RUN,ONE_QUESTION_ONE_IMAGE_ONE_CODE; exclude number/year/stars/badge/next-question/header; preserve full biological figure/labels/arrows/table/options
TAH-BIO-BIO26-L25-Q034,BIO26-PDF115-L25-S2-Q034,BIO26-L25,أحياء 3,الجهازان التنفسي والإخراجي,115,115,114,2,34,BIO26-M16,BIO26-S16-03,,,NOT_STARTED,NOT_RUN,ONE_QUESTION_ONE_IMAGE_ONE_CODE; exclude number/year/stars/badge/next-question/header; preserve full biological figure/labels/arrows/table/options
TAH-BIO-BIO26-L25-Q035,BIO26-PDF115-L25-S2-Q035,BIO26-L25,أحياء 3,الجهازان التنفسي والإخراجي,115,115,114,2,35,BIO26-M16,BIO26-S16-04,,,NOT_STARTED,NOT_RUN,ONE_QUESTION_ONE_IMAGE_ONE_CODE; exclude number/year/stars/badge/next-question/header; preserve full biological figure/labels/arrows/table/options
TAH-BIO-BIO26-L25-Q036,BIO26-PDF115-L25-S2-Q036,BIO26-L25,أحياء 3,الجهازان التنفسي والإخراجي,115,115,114,2,36,BIO26-M16,BIO26-S16-04,,,NOT_STARTED,NOT_RUN,ONE_QUESTION_ONE_IMAGE_ONE_CODE; exclude number/year/stars/badge/next-question/header; preserve full biological figure/labels/arrows/table/options
TAH-BIO-BIO26-L25-Q037,BIO26-PDF115-L25-S2-Q037,BIO26-L25,أحياء 3,الجهازان التنفسي والإخراجي,115,115,114,2,37,BIO26-M16,BIO26-S16-04,,,NOT_STARTED,NOT_RUN,ONE_QUESTION_ONE_IMAGE_ONE_CODE; exclude number/year/stars/badge/next-question/header; preserve full biological figure/labels/arrows/table/options
TAH-BIO-BIO26-L25-Q038,BIO26-PDF115-L25-S2-Q038,BIO26-L25,أحياء 3,الجهازان التنفسي والإخراجي,115,115,114,2,38,BIO26-M16,BIO26-S16-04,,,NOT_STARTED,NOT_RUN,ONE_QUESTION_ONE_IMAGE_ONE_CODE; exclude number/year/stars/badge/next-question/header; preserve full biological figure/labels/arrows/table/options
TAH-BIO-BIO26-L25-Q039,BIO26-PDF115-L25-S2-Q039,BIO26-L25,أحياء 3,الجهازان التنفسي والإخراجي,115,115,114,2,39,BIO26-M16,BIO26-S16-04,,,NOT_STARTED,NOT_RUN,ONE_QUESTION_ONE_IMAGE_ONE_CODE; exclude number/year/stars/badge/next-question/header; preserve full biological figure/labels/arrows/table/options
TAH-BIO-BIO26-L25-Q040,BIO26-PDF115-L25-S2-Q040,BIO26-L25,أحياء 3,الجهازان التنفسي والإخراجي,115,115,114,2,40,BIO26-M16,BIO26-S16-04,,,NOT_STARTED,NOT_RUN,ONE_QUESTION_ONE_IMAGE_ONE_CODE; exclude number/year/stars/badge/next-question/header; preserve full biological figure/labels/arrows/table/options
TAH-BIO-BIO26-L25-Q041,BIO26-PDF115-L25-S2-Q041,BIO26-L25,أحياء 3,الجهازان التنفسي والإخراجي,115,115,114,2,41,BIO26-M16,BIO26-S16-04,,,NOT_STARTED,NOT_RUN,ONE_QUESTION_ONE_IMAGE_ONE_CODE; exclude number/year/stars/badge/next-question/header; preserve full biological figure/labels/arrows/table/options
TAH-BIO-BIO26-L25-Q042,BIO26-PDF115-L25-S2-Q042,BIO26-L25,أحياء 3,الجهازان التنفسي والإخراجي,115,115,114,2,42,BIO26-M16,BIO26-S16-04,,,NOT_STARTED,NOT_RUN,ONE_QUESTION_ONE_IMAGE_ONE_CODE; exclude number/year/stars/badge/next-question/header; preserve full biological figure/labels/arrows/table/options
TAH-BIO-BIO26-L25-Q043,BIO26-PDF115-L25-S2-Q043,BIO26-L25,أحياء 3,الجهازان التنفسي والإخراجي,115,115,114,2,43,BIO26-M16,BIO26-S16-04,,,NOT_STARTED,NOT_RUN,ONE_QUESTION_ONE_IMAGE_ONE_CODE; exclude number/year/stars/badge/next-question/header; preserve full biological figure/labels/arrows/table/options
TAH-BIO-BIO26-L26-Q001,BIO26-PDF116-L26-S1-Q001,BIO26-L26,أحياء 3,الجهاز الهضمي,116,116,115,1,1,BIO26-M17,BIO26-S17-01,,,NOT_STARTED,NOT_RUN,ONE_QUESTION_ONE_IMAGE_ONE_CODE; exclude number/year/stars/badge/next-question/header; preserve full biological figure/labels/arrows/table/options
TAH-BIO-BIO26-L26-Q002,BIO26-PDF116-L26-S1-Q002,BIO26-L26,أحياء 3,الجهاز الهضمي,116,116,115,1,2,BIO26-M17,BIO26-S17-01,,,NOT_STARTED,NOT_RUN,ONE_QUESTION_ONE_IMAGE_ONE_CODE; exclude number/year/stars/badge/next-question/header; preserve full biological figure/labels/arrows/table/options
TAH-BIO-BIO26-L26-Q003,BIO26-PDF116-L26-S1-Q003,BIO26-L26,أحياء 3,الجهاز الهضمي,116,116,115,1,3,BIO26-M17,BIO26-S17-01,,,NOT_STARTED,NOT_RUN,ONE_QUESTION_ONE_IMAGE_ONE_CODE; exclude number/year/stars/badge/next-question/header; preserve full biological figure/labels/arrows/table/options
TAH-BIO-BIO26-L26-Q004,BIO26-PDF116-L26-S1-Q004,BIO26-L26,أحياء 3,الجهاز الهضمي,116,116,115,1,4,BIO26-M17,BIO26-S17-01,,,NOT_STARTED,NOT_RUN,ONE_QUESTION_ONE_IMAGE_ONE_CODE; exclude number/year/stars/badge/next-question/header; preserve full biological figure/labels/arrows/table/options
TAH-BIO-BIO26-L26-Q005,BIO26-PDF116-L26-S1-Q005,BIO26-L26,أحياء 3,الجهاز الهضمي,116,116,115,1,5,BIO26-M17,BIO26-S17-01,,,NOT_STARTED,NOT_RUN,ONE_QUESTION_ONE_IMAGE_ONE_CODE; exclude number/year/stars/badge/next-question/header; preserve full biological figure/labels/arrows/table/options
TAH-BIO-BIO26-L26-Q006,BIO26-PDF116-L26-S1-Q006,BIO26-L26,أحياء 3,الجهاز الهضمي,116,116,115,1,6,BIO26-M17,BIO26-S17-01,,,NOT_STARTED,NOT_RUN,ONE_QUESTION_ONE_IMAGE_ONE_CODE; exclude number/year/stars/badge/next-question/header; preserve full biological figure/labels/arrows/table/options
TAH-BIO-BIO26-L26-Q007,BIO26-PDF116-L26-S1-Q007,BIO26-L26,أحياء 3,الجهاز الهضمي,116,116,115,1,7,BIO26-M17,BIO26-S17-01,,,NOT_STARTED,NOT_RUN,ONE_QUESTION_ONE_IMAGE_ONE_CODE; exclude number/year/stars/badge/next-question/header; preserve full biological figure/labels/arrows/table/options
TAH-BIO-BIO26-L26-Q008,BIO26-PDF116-L26-S1-Q008,BIO26-L26,أحياء 3,الجهاز الهضمي,116,116,115,1,8,BIO26-M17,BIO26-S17-01,,,NOT_STARTED,NOT_RUN,ONE_QUESTION_ONE_IMAGE_ONE_CODE; exclude number/year/stars/badge/next-question/header; preserve full biological figure/labels/arrows/table/options
TAH-BIO-BIO26-L26-Q009,BIO26-PDF116-L26-S1-Q009,BIO26-L26,أحياء 3,الجهاز الهضمي,116,116,115,1,9,BIO26-M17,BIO26-S17-01,,,NOT_STARTED,NOT_RUN,ONE_QUESTION_ONE_IMAGE_ONE_CODE; exclude number/year/stars/badge/next-question/header; preserve full biological figure/labels/arrows/table/options
TAH-BIO-BIO26-L26-Q010,BIO26-PDF116-L26-S1-Q010,BIO26-L26,أحياء 3,الجهاز الهضمي,116,116,115,1,10,BIO26-M17,BIO26-S17-01,,,NOT_STARTED,NOT_RUN,ONE_QUESTION_ONE_IMAGE_ONE_CODE; exclude number/year/stars/badge/next-question/header; preserve full biological figure/labels/arrows/table/options
TAH-BIO-BIO26-L26-Q011,BIO26-PDF116-L26-S1-Q011,BIO26-L26,أحياء 3,الجهاز الهضمي,116,116,115,1,11,BIO26-M17,BIO26-S17-01,,,NOT_STARTED,NOT_RUN,ONE_QUESTION_ONE_IMAGE_ONE_CODE; exclude number/year/stars/badge/next-question/header; preserve full biological figure/labels/arrows/table/options
TAH-BIO-BIO26-L26-Q012,BIO26-PDF116-L26-S1-Q012,BIO26-L26,أحياء 3,الجهاز الهضمي,116,116,115,1,12,BIO26-M17,BIO26-S17-01,,,NOT_STARTED,NOT_RUN,ONE_QUESTION_ONE_IMAGE_ONE_CODE; exclude number/year/stars/badge/next-question/header; preserve full biological figure/labels/arrows/table/options
TAH-BIO-BIO26-L26-Q013,BIO26-PDF116-L26-S1-Q013,BIO26-L26,أحياء 3,الجهاز الهضمي,116,116,115,1,13,BIO26-M17,BIO26-S17-01,,,NOT_STARTED,NOT_RUN,ONE_QUESTION_ONE_IMAGE_ONE_CODE; exclude number/year/stars/badge/next-question/header; preserve full biological figure/labels/arrows/table/options
TAH-BIO-BIO26-L26-Q014,BIO26-PDF116-L26-S1-Q014,BIO26-L26,أحياء 3,الجهاز الهضمي,116,116,115,1,14,BIO26-M17,BIO26-S17-01,,,NOT_STARTED,NOT_RUN,ONE_QUESTION_ONE_IMAGE_ONE_CODE; exclude number/year/stars/badge/next-question/header; preserve full biological figure/labels/arrows/table/options
TAH-BIO-BIO26-L26-Q015,BIO26-PDF116-L26-S1-Q015,BIO26-L26,أحياء 3,الجهاز الهضمي,116,116,115,1,15,BIO26-M17,BIO26-S17-01,,,NOT_STARTED,NOT_RUN,ONE_QUESTION_ONE_IMAGE_ONE_CODE; exclude number/year/stars/badge/next-question/header; preserve full biological figure/labels/arrows/table/options
TAH-BIO-BIO26-L26-Q016,BIO26-PDF116-L26-S1-Q016,BIO26-L26,أحياء 3,الجهاز الهضمي,116,116,115,1,16,BIO26-M17,BIO26-S17-01,,,NOT_STARTED,NOT_RUN,ONE_QUESTION_ONE_IMAGE_ONE_CODE; exclude number/year/stars/badge/next-question/header; preserve full biological figure/labels/arrows/table/options
TAH-BIO-BIO26-L26-Q017,BIO26-PDF116-L26-S1-Q017,BIO26-L26,أحياء 3,الجهاز الهضمي,116,116,115,1,17,BIO26-M17,BIO26-S17-01,,,NOT_STARTED,NOT_RUN,ONE_QUESTION_ONE_IMAGE_ONE_CODE; exclude number/year/stars/badge/next-question/header; preserve full biological figure/labels/arrows/table/options
TAH-BIO-BIO26-L26-Q018,BIO26-PDF117-L26-S1-Q018,BIO26-L26,أحياء 3,الجهاز الهضمي,117,117,116,1,18,BIO26-M17,BIO26-S17-01,,,NOT_STARTED,NOT_RUN,ONE_QUESTION_ONE_IMAGE_ONE_CODE; exclude number/year/stars/badge/next-question/header; preserve full biological figure/labels/arrows/table/options
TAH-BIO-BIO26-L26-Q019,BIO26-PDF117-L26-S1-Q019,BIO26-L26,أحياء 3,الجهاز الهضمي,117,117,116,1,19,BIO26-M17,BIO26-S17-01,,,NOT_STARTED,NOT_RUN,ONE_QUESTION_ONE_IMAGE_ONE_CODE; exclude number/year/stars/badge/next-question/header; preserve full biological figure/labels/arrows/table/options
TAH-BIO-BIO26-L26-Q020,BIO26-PDF117-L26-S1-Q020,BIO26-L26,أحياء 3,الجهاز الهضمي,117,117,116,1,20,BIO26-M17,BIO26-S17-01,,,NOT_STARTED,NOT_RUN,ONE_QUESTION_ONE_IMAGE_ONE_CODE; exclude number/year/stars/badge/next-question/header; preserve full biological figure/labels/arrows/table/options
TAH-BIO-BIO26-L26-Q021,BIO26-PDF117-L26-S1-Q021,BIO26-L26,أحياء 3,الجهاز الهضمي,117,117,116,1,21,BIO26-M17,BIO26-S17-01,,,NOT_STARTED,NOT_RUN,ONE_QUESTION_ONE_IMAGE_ONE_CODE; exclude number/year/stars/badge/next-question/header; preserve full biological figure/labels/arrows/table/options
TAH-BIO-BIO26-L26-Q022,BIO26-PDF117-L26-S1-Q022,BIO26-L26,أحياء 3,الجهاز الهضمي,117,117,116,1,22,BIO26-M17,BIO26-S17-01,,,NOT_STARTED,NOT_RUN,ONE_QUESTION_ONE_IMAGE_ONE_CODE; exclude number/year/stars/badge/next-question/header; preserve full biological figure/labels/arrows/table/options
TAH-BIO-BIO26-L26-Q023,BIO26-PDF117-L26-S1-Q023,BIO26-L26,أحياء 3,الجهاز الهضمي,117,117,116,1,23,BIO26-M17,BIO26-S17-01,,,NOT_STARTED,NOT_RUN,ONE_QUESTION_ONE_IMAGE_ONE_CODE; exclude number/year/stars/badge/next-question/header; preserve full biological figure/labels/arrows/table/options
TAH-BIO-BIO26-L26-Q024,BIO26-PDF117-L26-S1-Q024,BIO26-L26,أحياء 3,الجهاز الهضمي,117,117,116,1,24,BIO26-M17,BIO26-S17-01,,,NOT_STARTED,NOT_RUN,ONE_QUESTION_ONE_IMAGE_ONE_CODE; exclude number/year/stars/badge/next-question/header; preserve full biological figure/labels/arrows/table/options
TAH-BIO-BIO26-L26-Q025,BIO26-PDF117-L26-S1-Q025,BIO26-L26,أحياء 3,الجهاز الهضمي,117,117,116,1,25,BIO26-M17,BIO26-S17-01,,,NOT_STARTED,NOT_RUN,ONE_QUESTION_ONE_IMAGE_ONE_CODE; exclude number/year/stars/badge/next-question/header; preserve full biological figure/labels/arrows/table/options
TAH-BIO-BIO26-L26-Q026,BIO26-PDF117-L26-S1-Q026,BIO26-L26,أحياء 3,الجهاز الهضمي,117,117,116,1,26,BIO26-M17,BIO26-S17-01,,,NOT_STARTED,NOT_RUN,ONE_QUESTION_ONE_IMAGE_ONE_CODE; exclude number/year/stars/badge/next-question/header; preserve full biological figure/labels/arrows/table/options
TAH-BIO-BIO26-L26-Q027,BIO26-PDF117-L26-S1-Q027,BIO26-L26,أحياء 3,الجهاز الهضمي,117,117,116,1,27,BIO26-M17,BIO26-S17-01,,,NOT_STARTED,NOT_RUN,ONE_QUESTION_ONE_IMAGE_ONE_CODE; exclude number/year/stars/badge/next-question/header; preserve full biological figure/labels/arrows/table/options
TAH-BIO-BIO26-L26-Q028,BIO26-PDF117-L26-S1-Q028,BIO26-L26,أحياء 3,الجهاز الهضمي,117,117,116,1,28,BIO26-M17,BIO26-S17-01,,,NOT_STARTED,NOT_RUN,ONE_QUESTION_ONE_IMAGE_ONE_CODE; exclude number/year/stars/badge/next-question/header; preserve full biological figure/labels/arrows/table/options
TAH-BIO-BIO26-L26-Q029,BIO26-PDF117-L26-S1-Q029,BIO26-L26,أحياء 3,الجهاز الهضمي,117,117,116,1,29,BIO26-M17,BIO26-S17-01,,,NOT_STARTED,NOT_RUN,ONE_QUESTION_ONE_IMAGE_ONE_CODE; exclude number/year/stars/badge/next-question/header; preserve full biological figure/labels/arrows/table/options
TAH-BIO-BIO26-L26-Q030,BIO26-PDF118-L26-S2-Q030,BIO26-L26,أحياء 3,الجهاز الهضمي,118,118,117,2,30,BIO26-M17,BIO26-S17-01,,,NOT_STARTED,NOT_RUN,ONE_QUESTION_ONE_IMAGE_ONE_CODE; exclude number/year/stars/badge/next-question/header; preserve full biological figure/labels/arrows/table/options
TAH-BIO-BIO26-L26-Q031,BIO26-PDF118-L26-S2-Q031,BIO26-L26,أحياء 3,الجهاز الهضمي,118,118,117,2,31,BIO26-M17,BIO26-S17-01,,,NOT_STARTED,NOT_RUN,ONE_QUESTION_ONE_IMAGE_ONE_CODE; exclude number/year/stars/badge/next-question/header; preserve full biological figure/labels/arrows/table/options
TAH-BIO-BIO26-L26-Q032,BIO26-PDF118-L26-S2-Q032,BIO26-L26,أحياء 3,الجهاز الهضمي,118,118,117,2,32,BIO26-M17,BIO26-S17-01,,,NOT_STARTED,NOT_RUN,ONE_QUESTION_ONE_IMAGE_ONE_CODE; exclude number/year/stars/badge/next-question/header; preserve full biological figure/labels/arrows/table/options
TAH-BIO-BIO26-L26-Q033,BIO26-PDF118-L26-S2-Q033,BIO26-L26,أحياء 3,الجهاز الهضمي,118,118,117,2,33,BIO26-M17,BIO26-S17-01,,,NOT_STARTED,NOT_RUN,ONE_QUESTION_ONE_IMAGE_ONE_CODE; exclude number/year/stars/badge/next-question/header; preserve full biological figure/labels/arrows/table/options
TAH-BIO-BIO26-L26-Q034,BIO26-PDF118-L26-S2-Q034,BIO26-L26,أحياء 3,الجهاز الهضمي,118,118,117,2,34,BIO26-M17,BIO26-S17-01,,,NOT_STARTED,NOT_RUN,ONE_QUESTION_ONE_IMAGE_ONE_CODE; exclude number/year/stars/badge/next-question/header; preserve full biological figure/labels/arrows/table/options
TAH-BIO-BIO26-L26-Q035,BIO26-PDF118-L26-S2-Q035,BIO26-L26,أحياء 3,الجهاز الهضمي,118,118,117,2,35,BIO26-M17,BIO26-S17-01,,,NOT_STARTED,NOT_RUN,ONE_QUESTION_ONE_IMAGE_ONE_CODE; exclude number/year/stars/badge/next-question/header; preserve full biological figure/labels/arrows/table/options
TAH-BIO-BIO26-L26-Q036,BIO26-PDF118-L26-S2-Q036,BIO26-L26,أحياء 3,الجهاز الهضمي,118,118,117,2,36,BIO26-M17,BIO26-S17-01,,,NOT_STARTED,NOT_RUN,ONE_QUESTION_ONE_IMAGE_ONE_CODE; exclude number/year/stars/badge/next-question/header; preserve full biological figure/labels/arrows/table/options
TAH-BIO-BIO26-L26-Q037,BIO26-PDF118-L26-S2-Q037,BIO26-L26,أحياء 3,الجهاز الهضمي,118,118,117,2,37,BIO26-M17,BIO26-S17-01,,,NOT_STARTED,NOT_RUN,ONE_QUESTION_ONE_IMAGE_ONE_CODE; exclude number/year/stars/badge/next-question/header; preserve full biological figure/labels/arrows/table/options
TAH-BIO-BIO26-L26-Q038,BIO26-PDF118-L26-S2-Q038,BIO26-L26,أحياء 3,الجهاز الهضمي,118,118,117,2,38,BIO26-M17,BIO26-S17-01,,,NOT_STARTED,NOT_RUN,ONE_QUESTION_ONE_IMAGE_ONE_CODE; exclude number/year/stars/badge/next-question/header; preserve full biological figure/labels/arrows/table/options
TAH-BIO-BIO26-L26-Q039,BIO26-PDF118-L26-S2-Q039,BIO26-L26,أحياء 3,الجهاز الهضمي,118,118,117,2,39,BIO26-M17,BIO26-S17-01,,,NOT_STARTED,NOT_RUN,ONE_QUESTION_ONE_IMAGE_ONE_CODE; exclude number/year/stars/badge/next-question/header; preserve full biological figure/labels/arrows/table/options
TAH-BIO-BIO26-L26-Q040,BIO26-PDF118-L26-S2-Q040,BIO26-L26,أحياء 3,الجهاز الهضمي,118,118,117,2,40,BIO26-M17,BIO26-S17-01,,,NOT_STARTED,NOT_RUN,ONE_QUESTION_ONE_IMAGE_ONE_CODE; exclude number/year/stars/badge/next-question/header; preserve full biological figure/labels/arrows/table/options
TAH-BIO-BIO26-L26-Q041,BIO26-PDF118-L26-S2-Q041,BIO26-L26,أحياء 3,الجهاز الهضمي,118,118,117,2,41,BIO26-M17,BIO26-S17-01,,,NOT_STARTED,NOT_RUN,ONE_QUESTION_ONE_IMAGE_ONE_CODE; exclude number/year/stars/badge/next-question/header; preserve full biological figure/labels/arrows/table/options
TAH-BIO-BIO26-L26-Q042,BIO26-PDF118-L26-S2-Q042,BIO26-L26,أحياء 3,الجهاز الهضمي,118,118,117,2,42,BIO26-M17,BIO26-S17-01,,,NOT_STARTED,NOT_RUN,ONE_QUESTION_ONE_IMAGE_ONE_CODE; exclude number/year/stars/badge/next-question/header; preserve full biological figure/labels/arrows/table/options
TAH-BIO-BIO26-L26-Q043,BIO26-PDF118-L26-S2-Q043,BIO26-L26,أحياء 3,الجهاز الهضمي,118,118,117,2,43,BIO26-M17,BIO26-S17-01,,,NOT_STARTED,NOT_RUN,ONE_QUESTION_ONE_IMAGE_ONE_CODE; exclude number/year/stars/badge/next-question/header; preserve full biological figure/labels/arrows/table/options
TAH-BIO-BIO26-L26-Q044,BIO26-PDF118-L26-S2-Q044,BIO26-L26,أحياء 3,الجهاز الهضمي,118,118,117,2,44,BIO26-M17,BIO26-S17-01,,,NOT_STARTED,NOT_RUN,ONE_QUESTION_ONE_IMAGE_ONE_CODE; exclude number/year/stars/badge/next-question/header; preserve full biological figure/labels/arrows/table/options
TAH-BIO-BIO26-L26-Q045,BIO26-PDF119-L26-S2-Q045,BIO26-L26,أحياء 3,الجهاز الهضمي,119,119,118,2,45,BIO26-M17,BIO26-S17-01,,,NOT_STARTED,NOT_RUN,ONE_QUESTION_ONE_IMAGE_ONE_CODE; exclude number/year/stars/badge/next-question/header; preserve full biological figure/labels/arrows/table/options
TAH-BIO-BIO26-L26-Q046,BIO26-PDF119-L26-S2-Q046,BIO26-L26,أحياء 3,الجهاز الهضمي,119,119,118,2,46,BIO26-M17,BIO26-S17-01,,,NOT_STARTED,NOT_RUN,ONE_QUESTION_ONE_IMAGE_ONE_CODE; exclude number/year/stars/badge/next-question/header; preserve full biological figure/labels/arrows/table/options
TAH-BIO-BIO26-L26-Q047,BIO26-PDF119-L26-S2-Q047,BIO26-L26,أحياء 3,الجهاز الهضمي,119,119,118,2,47,BIO26-M17,BIO26-S17-01,,,NOT_STARTED,NOT_RUN,ONE_QUESTION_ONE_IMAGE_ONE_CODE; exclude number/year/stars/badge/next-question/header; preserve full biological figure/labels/arrows/table/options
TAH-BIO-BIO26-L26-Q048,BIO26-PDF119-L26-S2-Q048,BIO26-L26,أحياء 3,الجهاز الهضمي,119,119,118,2,48,BIO26-M17,BIO26-S17-01,,,NOT_STARTED,NOT_RUN,ONE_QUESTION_ONE_IMAGE_ONE_CODE; exclude number/year/stars/badge/next-question/header; preserve full biological figure/labels/arrows/table/options
TAH-BIO-BIO26-L26-Q049,BIO26-PDF119-L26-S2-Q049,BIO26-L26,أحياء 3,الجهاز الهضمي,119,119,118,2,49,BIO26-M17,BIO26-S17-01,,,NOT_STARTED,NOT_RUN,ONE_QUESTION_ONE_IMAGE_ONE_CODE; exclude number/year/stars/badge/next-question/header; preserve full biological figure/labels/arrows/table/options
TAH-BIO-BIO26-L26-Q050,BIO26-PDF119-L26-S2-Q050,BIO26-L26,أحياء 3,الجهاز الهضمي,119,119,118,2,50,BIO26-M17,BIO26-S17-01,,,NOT_STARTED,NOT_RUN,ONE_QUESTION_ONE_IMAGE_ONE_CODE; exclude number/year/stars/badge/next-question/header; preserve full biological figure/labels/arrows/table/options
TAH-BIO-BIO26-L26-Q051,BIO26-PDF119-L26-S2-Q051,BIO26-L26,أحياء 3,الجهاز الهضمي,119,119,118,2,51,BIO26-M17,BIO26-S17-01,,,NOT_STARTED,NOT_RUN,ONE_QUESTION_ONE_IMAGE_ONE_CODE; exclude number/year/stars/badge/next-question/header; preserve full biological figure/labels/arrows/table/options
TAH-BIO-BIO26-L26-Q052,BIO26-PDF119-L26-S2-Q052,BIO26-L26,أحياء 3,الجهاز الهضمي,119,119,118,2,52,BIO26-M17,BIO26-S17-01,,,NOT_STARTED,NOT_RUN,ONE_QUESTION_ONE_IMAGE_ONE_CODE; exclude number/year/stars/badge/next-question/header; preserve full biological figure/labels/arrows/table/options
TAH-BIO-BIO26-L26-Q053,BIO26-PDF119-L26-S2-Q053,BIO26-L26,أحياء 3,الجهاز الهضمي,119,119,118,2,53,BIO26-M17,BIO26-S17-01,,,NOT_STARTED,NOT_RUN,ONE_QUESTION_ONE_IMAGE_ONE_CODE; exclude number/year/stars/badge/next-question/header; preserve full biological figure/labels/arrows/table/options
TAH-BIO-BIO26-L26-Q054,BIO26-PDF119-L26-S2-Q054,BIO26-L26,أحياء 3,الجهاز الهضمي,119,119,118,2,54,BIO26-M17,BIO26-S17-01,,,NOT_STARTED,NOT_RUN,ONE_QUESTION_ONE_IMAGE_ONE_CODE; exclude number/year/stars/badge/next-question/header; preserve full biological figure/labels/arrows/table/options
TAH-BIO-BIO26-L26-Q055,BIO26-PDF119-L26-S2-Q055,BIO26-L26,أحياء 3,الجهاز الهضمي,119,119,118,2,55,BIO26-M17,BIO26-S17-01,,,NOT_STARTED,NOT_RUN,ONE_QUESTION_ONE_IMAGE_ONE_CODE; exclude number/year/stars/badge/next-question/header; preserve full biological figure/labels/arrows/table/options
TAH-BIO-BIO26-L26-Q056,BIO26-PDF119-L26-S2-Q056,BIO26-L26,أحياء 3,الجهاز الهضمي,119,119,118,2,56,BIO26-M17,BIO26-S17-01,,,NOT_STARTED,NOT_RUN,ONE_QUESTION_ONE_IMAGE_ONE_CODE; exclude number/year/stars/badge/next-question/header; preserve full biological figure/labels/arrows/table/options
TAH-BIO-BIO26-L26-Q057,BIO26-PDF119-L26-S2-Q057,BIO26-L26,أحياء 3,الجهاز الهضمي,119,119,118,2,57,BIO26-M17,BIO26-S17-01,,,NOT_STARTED,NOT_RUN,ONE_QUESTION_ONE_IMAGE_ONE_CODE; exclude number/year/stars/badge/next-question/header; preserve full biological figure/labels/arrows/table/options
TAH-BIO-BIO26-L26-Q058,BIO26-PDF119-L26-S2-Q058,BIO26-L26,أحياء 3,الجهاز الهضمي,119,119,118,2,58,BIO26-M17,BIO26-S17-01,,,NOT_STARTED,NOT_RUN,ONE_QUESTION_ONE_IMAGE_ONE_CODE; exclude number/year/stars/badge/next-question/header; preserve full biological figure/labels/arrows/table/options
TAH-BIO-BIO26-L27-Q001,BIO26-PDF120-L27-S1-Q001,BIO26-L27,أحياء 3,التغذية,120,120,119,1,1,BIO26-M17,BIO26-S17-02,,,NOT_STARTED,NOT_RUN,ONE_QUESTION_ONE_IMAGE_ONE_CODE; exclude number/year/stars/badge/next-question/header; preserve full biological figure/labels/arrows/table/options
TAH-BIO-BIO26-L27-Q002,BIO26-PDF120-L27-S1-Q002,BIO26-L27,أحياء 3,التغذية,120,120,119,1,2,BIO26-M17,BIO26-S17-02,,,NOT_STARTED,NOT_RUN,ONE_QUESTION_ONE_IMAGE_ONE_CODE; exclude number/year/stars/badge/next-question/header; preserve full biological figure/labels/arrows/table/options
TAH-BIO-BIO26-L27-Q003,BIO26-PDF120-L27-S1-Q003,BIO26-L27,أحياء 3,التغذية,120,120,119,1,3,BIO26-M17,BIO26-S17-02,,,NOT_STARTED,NOT_RUN,ONE_QUESTION_ONE_IMAGE_ONE_CODE; exclude number/year/stars/badge/next-question/header; preserve full biological figure/labels/arrows/table/options
TAH-BIO-BIO26-L27-Q004,BIO26-PDF120-L27-S1-Q004,BIO26-L27,أحياء 3,التغذية,120,120,119,1,4,BIO26-M17,BIO26-S17-02,,,NOT_STARTED,NOT_RUN,ONE_QUESTION_ONE_IMAGE_ONE_CODE; exclude number/year/stars/badge/next-question/header; preserve full biological figure/labels/arrows/table/options
TAH-BIO-BIO26-L27-Q005,BIO26-PDF120-L27-S1-Q005,BIO26-L27,أحياء 3,التغذية,120,120,119,1,5,BIO26-M17,BIO26-S17-02,,,NOT_STARTED,NOT_RUN,ONE_QUESTION_ONE_IMAGE_ONE_CODE; exclude number/year/stars/badge/next-question/header; preserve full biological figure/labels/arrows/table/options
TAH-BIO-BIO26-L27-Q006,BIO26-PDF120-L27-S1-Q006,BIO26-L27,أحياء 3,التغذية,120,120,119,1,6,BIO26-M17,BIO26-S17-02,,,NOT_STARTED,NOT_RUN,ONE_QUESTION_ONE_IMAGE_ONE_CODE; exclude number/year/stars/badge/next-question/header; preserve full biological figure/labels/arrows/table/options
TAH-BIO-BIO26-L27-Q007,BIO26-PDF120-L27-S1-Q007,BIO26-L27,أحياء 3,التغذية,120,120,119,1,7,BIO26-M17,BIO26-S17-02,,,NOT_STARTED,NOT_RUN,ONE_QUESTION_ONE_IMAGE_ONE_CODE; exclude number/year/stars/badge/next-question/header; preserve full biological figure/labels/arrows/table/options
TAH-BIO-BIO26-L27-Q008,BIO26-PDF120-L27-S1-Q008,BIO26-L27,أحياء 3,التغذية,120,120,119,1,8,BIO26-M17,BIO26-S17-02,,,NOT_STARTED,NOT_RUN,ONE_QUESTION_ONE_IMAGE_ONE_CODE; exclude number/year/stars/badge/next-question/header; preserve full biological figure/labels/arrows/table/options
TAH-BIO-BIO26-L27-Q009,BIO26-PDF120-L27-S1-Q009,BIO26-L27,أحياء 3,التغذية,120,120,119,1,9,BIO26-M17,BIO26-S17-02,,,NOT_STARTED,NOT_RUN,ONE_QUESTION_ONE_IMAGE_ONE_CODE; exclude number/year/stars/badge/next-question/header; preserve full biological figure/labels/arrows/table/options
TAH-BIO-BIO26-L27-Q010,BIO26-PDF120-L27-S1-Q010,BIO26-L27,أحياء 3,التغذية,120,120,119,1,10,BIO26-M17,BIO26-S17-02,,,NOT_STARTED,NOT_RUN,ONE_QUESTION_ONE_IMAGE_ONE_CODE; exclude number/year/stars/badge/next-question/header; preserve full biological figure/labels/arrows/table/options
TAH-BIO-BIO26-L27-Q011,BIO26-PDF120-L27-S1-Q011,BIO26-L27,أحياء 3,التغذية,120,120,119,1,11,BIO26-M17,BIO26-S17-02,,,NOT_STARTED,NOT_RUN,ONE_QUESTION_ONE_IMAGE_ONE_CODE; exclude number/year/stars/badge/next-question/header; preserve full biological figure/labels/arrows/table/options
TAH-BIO-BIO26-L27-Q012,BIO26-PDF120-L27-S1-Q012,BIO26-L27,أحياء 3,التغذية,120,120,119,1,12,BIO26-M17,BIO26-S17-02,,,NOT_STARTED,NOT_RUN,ONE_QUESTION_ONE_IMAGE_ONE_CODE; exclude number/year/stars/badge/next-question/header; preserve full biological figure/labels/arrows/table/options
TAH-BIO-BIO26-L27-Q013,BIO26-PDF120-L27-S1-Q013,BIO26-L27,أحياء 3,التغذية,120,120,119,1,13,BIO26-M17,BIO26-S17-02,,,NOT_STARTED,NOT_RUN,ONE_QUESTION_ONE_IMAGE_ONE_CODE; exclude number/year/stars/badge/next-question/header; preserve full biological figure/labels/arrows/table/options
TAH-BIO-BIO26-L27-Q014,BIO26-PDF120-L27-S1-Q014,BIO26-L27,أحياء 3,التغذية,120,120,119,1,14,BIO26-M17,BIO26-S17-02,,,NOT_STARTED,NOT_RUN,ONE_QUESTION_ONE_IMAGE_ONE_CODE; exclude number/year/stars/badge/next-question/header; preserve full biological figure/labels/arrows/table/options
TAH-BIO-BIO26-L27-Q015,BIO26-PDF120-L27-S1-Q015,BIO26-L27,أحياء 3,التغذية,120,120,119,1,15,BIO26-M17,BIO26-S17-02,,,NOT_STARTED,NOT_RUN,ONE_QUESTION_ONE_IMAGE_ONE_CODE; exclude number/year/stars/badge/next-question/header; preserve full biological figure/labels/arrows/table/options
TAH-BIO-BIO26-L27-Q016,BIO26-PDF120-L27-S1-Q016,BIO26-L27,أحياء 3,التغذية,120,120,119,1,16,BIO26-M17,BIO26-S17-02,,,NOT_STARTED,NOT_RUN,ONE_QUESTION_ONE_IMAGE_ONE_CODE; exclude number/year/stars/badge/next-question/header; preserve full biological figure/labels/arrows/table/options
TAH-BIO-BIO26-L27-Q017,BIO26-PDF120-L27-S1-Q017,BIO26-L27,أحياء 3,التغذية,120,120,119,1,17,BIO26-M17,BIO26-S17-02,,,NOT_STARTED,NOT_RUN,ONE_QUESTION_ONE_IMAGE_ONE_CODE; exclude number/year/stars/badge/next-question/header; preserve full biological figure/labels/arrows/table/options
TAH-BIO-BIO26-L27-Q018,BIO26-PDF121-L27-S1-Q018,BIO26-L27,أحياء 3,التغذية,121,121,120,1,18,BIO26-M17,BIO26-S17-02,,,NOT_STARTED,NOT_RUN,ONE_QUESTION_ONE_IMAGE_ONE_CODE; exclude number/year/stars/badge/next-question/header; preserve full biological figure/labels/arrows/table/options
TAH-BIO-BIO26-L27-Q019,BIO26-PDF121-L27-S1-Q019,BIO26-L27,أحياء 3,التغذية,121,121,120,1,19,BIO26-M17,BIO26-S17-02,,,NOT_STARTED,NOT_RUN,ONE_QUESTION_ONE_IMAGE_ONE_CODE; exclude number/year/stars/badge/next-question/header; preserve full biological figure/labels/arrows/table/options
TAH-BIO-BIO26-L27-Q020,BIO26-PDF121-L27-S1-Q020,BIO26-L27,أحياء 3,التغذية,121,121,120,1,20,BIO26-M17,BIO26-S17-02,,,NOT_STARTED,NOT_RUN,ONE_QUESTION_ONE_IMAGE_ONE_CODE; exclude number/year/stars/badge/next-question/header; preserve full biological figure/labels/arrows/table/options
TAH-BIO-BIO26-L27-Q021,BIO26-PDF121-L27-S1-Q021,BIO26-L27,أحياء 3,التغذية,121,121,120,1,21,BIO26-M17,BIO26-S17-02,,,NOT_STARTED,NOT_RUN,ONE_QUESTION_ONE_IMAGE_ONE_CODE; exclude number/year/stars/badge/next-question/header; preserve full biological figure/labels/arrows/table/options
TAH-BIO-BIO26-L27-Q022,BIO26-PDF121-L27-S1-Q022,BIO26-L27,أحياء 3,التغذية,121,121,120,1,22,BIO26-M17,BIO26-S17-02,,,NOT_STARTED,NOT_RUN,ONE_QUESTION_ONE_IMAGE_ONE_CODE; exclude number/year/stars/badge/next-question/header; preserve full biological figure/labels/arrows/table/options
TAH-BIO-BIO26-L27-Q023,BIO26-PDF121-L27-S1-Q023,BIO26-L27,أحياء 3,التغذية,121,121,120,1,23,BIO26-M17,BIO26-S17-02,,,NOT_STARTED,NOT_RUN,ONE_QUESTION_ONE_IMAGE_ONE_CODE; exclude number/year/stars/badge/next-question/header; preserve full biological figure/labels/arrows/table/options
TAH-BIO-BIO26-L27-Q024,BIO26-PDF121-L27-S1-Q024,BIO26-L27,أحياء 3,التغذية,121,121,120,1,24,BIO26-M17,BIO26-S17-02,,,NOT_STARTED,NOT_RUN,ONE_QUESTION_ONE_IMAGE_ONE_CODE; exclude number/year/stars/badge/next-question/header; preserve full biological figure/labels/arrows/table/options
TAH-BIO-BIO26-L27-Q025,BIO26-PDF121-L27-S1-Q025,BIO26-L27,أحياء 3,التغذية,121,121,120,1,25,BIO26-M17,BIO26-S17-02,,,NOT_STARTED,NOT_RUN,ONE_QUESTION_ONE_IMAGE_ONE_CODE; exclude number/year/stars/badge/next-question/header; preserve full biological figure/labels/arrows/table/options
TAH-BIO-BIO26-L27-Q026,BIO26-PDF121-L27-S1-Q026,BIO26-L27,أحياء 3,التغذية,121,121,120,1,26,BIO26-M17,BIO26-S17-03,,,NOT_STARTED,NOT_RUN,ONE_QUESTION_ONE_IMAGE_ONE_CODE; exclude number/year/stars/badge/next-question/header; preserve full biological figure/labels/arrows/table/options
TAH-BIO-BIO26-L27-Q027,BIO26-PDF121-L27-S1-Q027,BIO26-L27,أحياء 3,التغذية,121,121,120,1,27,BIO26-M17,BIO26-S17-03,,,NOT_STARTED,NOT_RUN,ONE_QUESTION_ONE_IMAGE_ONE_CODE; exclude number/year/stars/badge/next-question/header; preserve full biological figure/labels/arrows/table/options
TAH-BIO-BIO26-L27-Q028,BIO26-PDF121-L27-S1-Q028,BIO26-L27,أحياء 3,التغذية,121,121,120,1,28,BIO26-M17,BIO26-S17-03,,,NOT_STARTED,NOT_RUN,ONE_QUESTION_ONE_IMAGE_ONE_CODE; exclude number/year/stars/badge/next-question/header; preserve full biological figure/labels/arrows/table/options
TAH-BIO-BIO26-L27-Q029,BIO26-PDF121-L27-S1-Q029,BIO26-L27,أحياء 3,التغذية,121,121,120,1,29,BIO26-M17,BIO26-S17-03,,,NOT_STARTED,NOT_RUN,ONE_QUESTION_ONE_IMAGE_ONE_CODE; exclude number/year/stars/badge/next-question/header; preserve full biological figure/labels/arrows/table/options
TAH-BIO-BIO26-L27-Q030,BIO26-PDF121-L27-S1-Q030,BIO26-L27,أحياء 3,التغذية,121,121,120,1,30,BIO26-M17,BIO26-S17-03,,,NOT_STARTED,NOT_RUN,ONE_QUESTION_ONE_IMAGE_ONE_CODE; exclude number/year/stars/badge/next-question/header; preserve full biological figure/labels/arrows/table/options
TAH-BIO-BIO26-L27-Q031,BIO26-PDF121-L27-S1-Q031,BIO26-L27,أحياء 3,التغذية,121,121,120,1,31,BIO26-M17,BIO26-S17-03,,,NOT_STARTED,NOT_RUN,ONE_QUESTION_ONE_IMAGE_ONE_CODE; exclude number/year/stars/badge/next-question/header; preserve full biological figure/labels/arrows/table/options
TAH-BIO-BIO26-L27-Q032,BIO26-PDF121-L27-S1-Q032,BIO26-L27,أحياء 3,التغذية,121,121,120,1,32,BIO26-M17,BIO26-S17-03,,,NOT_STARTED,NOT_RUN,ONE_QUESTION_ONE_IMAGE_ONE_CODE; exclude number/year/stars/badge/next-question/header; preserve full biological figure/labels/arrows/table/options
TAH-BIO-BIO26-L27-Q033,BIO26-PDF121-L27-S1-Q033,BIO26-L27,أحياء 3,التغذية,121,121,120,1,33,BIO26-M17,BIO26-S17-03,,,NOT_STARTED,NOT_RUN,ONE_QUESTION_ONE_IMAGE_ONE_CODE; exclude number/year/stars/badge/next-question/header; preserve full biological figure/labels/arrows/table/options
TAH-BIO-BIO26-L27-Q034,BIO26-PDF121-L27-S1-Q034,BIO26-L27,أحياء 3,التغذية,121,121,120,1,34,BIO26-M17,BIO26-S17-03,,,NOT_STARTED,NOT_RUN,ONE_QUESTION_ONE_IMAGE_ONE_CODE; exclude number/year/stars/badge/next-question/header; preserve full biological figure/labels/arrows/table/options
TAH-BIO-BIO26-L27-Q035,BIO26-PDF121-L27-S1-Q035,BIO26-L27,أحياء 3,التغذية,121,121,120,1,35,BIO26-M17,BIO26-S17-03,,,NOT_STARTED,NOT_RUN,ONE_QUESTION_ONE_IMAGE_ONE_CODE; exclude number/year/stars/badge/next-question/header; preserve full biological figure/labels/arrows/table/options
TAH-BIO-BIO26-L27-Q036,BIO26-PDF121-L27-S1-Q036,BIO26-L27,أحياء 3,التغذية,121,121,120,1,36,BIO26-M17,BIO26-S17-03,,,NOT_STARTED,NOT_RUN,ONE_QUESTION_ONE_IMAGE_ONE_CODE; exclude number/year/stars/badge/next-question/header; preserve full biological figure/labels/arrows/table/options
TAH-BIO-BIO26-L27-Q037,BIO26-PDF122-L27-S1-Q037,BIO26-L27,أحياء 3,التغذية,122,122,121,1,37,BIO26-M17,BIO26-S17-03,,,NOT_STARTED,NOT_RUN,ONE_QUESTION_ONE_IMAGE_ONE_CODE; exclude number/year/stars/badge/next-question/header; preserve full biological figure/labels/arrows/table/options
TAH-BIO-BIO26-L27-Q038,BIO26-PDF122-L27-S1-Q038,BIO26-L27,أحياء 3,التغذية,122,122,121,1,38,BIO26-M17,BIO26-S17-03,,,NOT_STARTED,NOT_RUN,ONE_QUESTION_ONE_IMAGE_ONE_CODE; exclude number/year/stars/badge/next-question/header; preserve full biological figure/labels/arrows/table/options
TAH-BIO-BIO26-L27-Q039,BIO26-PDF122-L27-S1-Q039,BIO26-L27,أحياء 3,التغذية,122,122,121,1,39,BIO26-M17,BIO26-S17-03,,,NOT_STARTED,NOT_RUN,ONE_QUESTION_ONE_IMAGE_ONE_CODE; exclude number/year/stars/badge/next-question/header; preserve full biological figure/labels/arrows/table/options
TAH-BIO-BIO26-L27-Q040,BIO26-PDF122-L27-S1-Q040,BIO26-L27,أحياء 3,التغذية,122,122,121,1,40,BIO26-M17,BIO26-S17-03,,,NOT_STARTED,NOT_RUN,ONE_QUESTION_ONE_IMAGE_ONE_CODE; exclude number/year/stars/badge/next-question/header; preserve full biological figure/labels/arrows/table/options
TAH-BIO-BIO26-L27-Q041,BIO26-PDF123-L27-S2-Q041,BIO26-L27,أحياء 3,التغذية,123,123,122,2,41,BIO26-M17,BIO26-S17-02,,,NOT_STARTED,NOT_RUN,ONE_QUESTION_ONE_IMAGE_ONE_CODE; exclude number/year/stars/badge/next-question/header; preserve full biological figure/labels/arrows/table/options
TAH-BIO-BIO26-L27-Q042,BIO26-PDF123-L27-S2-Q042,BIO26-L27,أحياء 3,التغذية,123,123,122,2,42,BIO26-M17,BIO26-S17-02,,,NOT_STARTED,NOT_RUN,ONE_QUESTION_ONE_IMAGE_ONE_CODE; exclude number/year/stars/badge/next-question/header; preserve full biological figure/labels/arrows/table/options
TAH-BIO-BIO26-L27-Q043,BIO26-PDF123-L27-S2-Q043,BIO26-L27,أحياء 3,التغذية,123,123,122,2,43,BIO26-M17,BIO26-S17-02,,,NOT_STARTED,NOT_RUN,ONE_QUESTION_ONE_IMAGE_ONE_CODE; exclude number/year/stars/badge/next-question/header; preserve full biological figure/labels/arrows/table/options
TAH-BIO-BIO26-L27-Q044,BIO26-PDF123-L27-S2-Q044,BIO26-L27,أحياء 3,التغذية,123,123,122,2,44,BIO26-M17,BIO26-S17-02,,,NOT_STARTED,NOT_RUN,ONE_QUESTION_ONE_IMAGE_ONE_CODE; exclude number/year/stars/badge/next-question/header; preserve full biological figure/labels/arrows/table/options
TAH-BIO-BIO26-L27-Q045,BIO26-PDF123-L27-S2-Q045,BIO26-L27,أحياء 3,التغذية,123,123,122,2,45,BIO26-M17,BIO26-S17-02,,,NOT_STARTED,NOT_RUN,ONE_QUESTION_ONE_IMAGE_ONE_CODE; exclude number/year/stars/badge/next-question/header; preserve full biological figure/labels/arrows/table/options
TAH-BIO-BIO26-L27-Q046,BIO26-PDF123-L27-S2-Q046,BIO26-L27,أحياء 3,التغذية,123,123,122,2,46,BIO26-M17,BIO26-S17-02,,,NOT_STARTED,NOT_RUN,ONE_QUESTION_ONE_IMAGE_ONE_CODE; exclude number/year/stars/badge/next-question/header; preserve full biological figure/labels/arrows/table/options
TAH-BIO-BIO26-L27-Q047,BIO26-PDF123-L27-S2-Q047,BIO26-L27,أحياء 3,التغذية,123,123,122,2,47,BIO26-M17,BIO26-S17-02,,,NOT_STARTED,NOT_RUN,ONE_QUESTION_ONE_IMAGE_ONE_CODE; exclude number/year/stars/badge/next-question/header; preserve full biological figure/labels/arrows/table/options
TAH-BIO-BIO26-L27-Q048,BIO26-PDF123-L27-S2-Q048,BIO26-L27,أحياء 3,التغذية,123,123,122,2,48,BIO26-M17,BIO26-S17-02,,,NOT_STARTED,NOT_RUN,ONE_QUESTION_ONE_IMAGE_ONE_CODE; exclude number/year/stars/badge/next-question/header; preserve full biological figure/labels/arrows/table/options
TAH-BIO-BIO26-L27-Q049,BIO26-PDF123-L27-S2-Q049,BIO26-L27,أحياء 3,التغذية,123,123,122,2,49,BIO26-M17,BIO26-S17-02,,,NOT_STARTED,NOT_RUN,ONE_QUESTION_ONE_IMAGE_ONE_CODE; exclude number/year/stars/badge/next-question/header; preserve full biological figure/labels/arrows/table/options
TAH-BIO-BIO26-L27-Q050,BIO26-PDF123-L27-S2-Q050,BIO26-L27,أحياء 3,التغذية,123,123,122,2,50,BIO26-M17,BIO26-S17-02,,,NOT_STARTED,NOT_RUN,ONE_QUESTION_ONE_IMAGE_ONE_CODE; exclude number/year/stars/badge/next-question/header; preserve full biological figure/labels/arrows/table/options
TAH-BIO-BIO26-L27-Q051,BIO26-PDF123-L27-S2-Q051,BIO26-L27,أحياء 3,التغذية,123,123,122,2,51,BIO26-M17,BIO26-S17-02,,,NOT_STARTED,NOT_RUN,ONE_QUESTION_ONE_IMAGE_ONE_CODE; exclude number/year/stars/badge/next-question/header; preserve full biological figure/labels/arrows/table/options
TAH-BIO-BIO26-L27-Q052,BIO26-PDF123-L27-S2-Q052,BIO26-L27,أحياء 3,التغذية,123,123,122,2,52,BIO26-M17,BIO26-S17-02,,,NOT_STARTED,NOT_RUN,ONE_QUESTION_ONE_IMAGE_ONE_CODE; exclude number/year/stars/badge/next-question/header; preserve full biological figure/labels/arrows/table/options
TAH-BIO-BIO26-L27-Q053,BIO26-PDF123-L27-S2-Q053,BIO26-L27,أحياء 3,التغذية,123,123,122,2,53,BIO26-M17,BIO26-S17-02,,,NOT_STARTED,NOT_RUN,ONE_QUESTION_ONE_IMAGE_ONE_CODE; exclude number/year/stars/badge/next-question/header; preserve full biological figure/labels/arrows/table/options
TAH-BIO-BIO26-L27-Q054,BIO26-PDF123-L27-S2-Q054,BIO26-L27,أحياء 3,التغذية,123,123,122,2,54,BIO26-M17,BIO26-S17-02,,,NOT_STARTED,NOT_RUN,ONE_QUESTION_ONE_IMAGE_ONE_CODE; exclude number/year/stars/badge/next-question/header; preserve full biological figure/labels/arrows/table/options
TAH-BIO-BIO26-L27-Q055,BIO26-PDF123-L27-S2-Q055,BIO26-L27,أحياء 3,التغذية,123,123,122,2,55,BIO26-M17,BIO26-S17-02,,,NOT_STARTED,NOT_RUN,ONE_QUESTION_ONE_IMAGE_ONE_CODE; exclude number/year/stars/badge/next-question/header; preserve full biological figure/labels/arrows/table/options
TAH-BIO-BIO26-L27-Q056,BIO26-PDF123-L27-S2-Q056,BIO26-L27,أحياء 3,التغذية,123,123,122,2,56,BIO26-M17,BIO26-S17-02,,,NOT_STARTED,NOT_RUN,ONE_QUESTION_ONE_IMAGE_ONE_CODE; exclude number/year/stars/badge/next-question/header; preserve full biological figure/labels/arrows/table/options
TAH-BIO-BIO26-L27-Q057,BIO26-PDF123-L27-S2-Q057,BIO26-L27,أحياء 3,التغذية,123,123,122,2,57,BIO26-M17,BIO26-S17-02,,,NOT_STARTED,NOT_RUN,ONE_QUESTION_ONE_IMAGE_ONE_CODE; exclude number/year/stars/badge/next-question/header; preserve full biological figure/labels/arrows/table/options
TAH-BIO-BIO26-L27-Q058,BIO26-PDF123-L27-S2-Q058,BIO26-L27,أحياء 3,التغذية,123,123,122,2,58,BIO26-M17,BIO26-S17-02,,,NOT_STARTED,NOT_RUN,ONE_QUESTION_ONE_IMAGE_ONE_CODE; exclude number/year/stars/badge/next-question/header; preserve full biological figure/labels/arrows/table/options
TAH-BIO-BIO26-L27-Q059,BIO26-PDF124-L27-S2-Q059,BIO26-L27,أحياء 3,التغذية,124,124,123,2,59,BIO26-M17,BIO26-S17-02,,,NOT_STARTED,NOT_RUN,ONE_QUESTION_ONE_IMAGE_ONE_CODE; exclude number/year/stars/badge/next-question/header; preserve full biological figure/labels/arrows/table/options
TAH-BIO-BIO26-L27-Q060,BIO26-PDF124-L27-S2-Q060,BIO26-L27,أحياء 3,التغذية,124,124,123,2,60,BIO26-M17,BIO26-S17-02,,,NOT_STARTED,NOT_RUN,ONE_QUESTION_ONE_IMAGE_ONE_CODE; exclude number/year/stars/badge/next-question/header; preserve full biological figure/labels/arrows/table/options
TAH-BIO-BIO26-L27-Q061,BIO26-PDF124-L27-S2-Q061,BIO26-L27,أحياء 3,التغذية,124,124,123,2,61,BIO26-M17,BIO26-S17-02,,,NOT_STARTED,NOT_RUN,ONE_QUESTION_ONE_IMAGE_ONE_CODE; exclude number/year/stars/badge/next-question/header; preserve full biological figure/labels/arrows/table/options
TAH-BIO-BIO26-L27-Q062,BIO26-PDF124-L27-S2-Q062,BIO26-L27,أحياء 3,التغذية,124,124,123,2,62,BIO26-M17,BIO26-S17-02,,,NOT_STARTED,NOT_RUN,ONE_QUESTION_ONE_IMAGE_ONE_CODE; exclude number/year/stars/badge/next-question/header; preserve full biological figure/labels/arrows/table/options
TAH-BIO-BIO26-L27-Q063,BIO26-PDF124-L27-S2-Q063,BIO26-L27,أحياء 3,التغذية,124,124,123,2,63,BIO26-M17,BIO26-S17-02,,,NOT_STARTED,NOT_RUN,ONE_QUESTION_ONE_IMAGE_ONE_CODE; exclude number/year/stars/badge/next-question/header; preserve full biological figure/labels/arrows/table/options
TAH-BIO-BIO26-L27-Q064,BIO26-PDF124-L27-S2-Q064,BIO26-L27,أحياء 3,التغذية,124,124,123,2,64,BIO26-M17,BIO26-S17-02,,,NOT_STARTED,NOT_RUN,ONE_QUESTION_ONE_IMAGE_ONE_CODE; exclude number/year/stars/badge/next-question/header; preserve full biological figure/labels/arrows/table/options
TAH-BIO-BIO26-L27-Q065,BIO26-PDF124-L27-S2-Q065,BIO26-L27,أحياء 3,التغذية,124,124,123,2,65,BIO26-M17,BIO26-S17-03,,,NOT_STARTED,NOT_RUN,ONE_QUESTION_ONE_IMAGE_ONE_CODE; exclude number/year/stars/badge/next-question/header; preserve full biological figure/labels/arrows/table/options
TAH-BIO-BIO26-L27-Q066,BIO26-PDF124-L27-S2-Q066,BIO26-L27,أحياء 3,التغذية,124,124,123,2,66,BIO26-M17,BIO26-S17-03,,,NOT_STARTED,NOT_RUN,ONE_QUESTION_ONE_IMAGE_ONE_CODE; exclude number/year/stars/badge/next-question/header; preserve full biological figure/labels/arrows/table/options
TAH-BIO-BIO26-L27-Q067,BIO26-PDF124-L27-S2-Q067,BIO26-L27,أحياء 3,التغذية,124,124,123,2,67,BIO26-M17,BIO26-S17-03,,,NOT_STARTED,NOT_RUN,ONE_QUESTION_ONE_IMAGE_ONE_CODE; exclude number/year/stars/badge/next-question/header; preserve full biological figure/labels/arrows/table/options
TAH-BIO-BIO26-L27-Q068,BIO26-PDF124-L27-S2-Q068,BIO26-L27,أحياء 3,التغذية,124,124,123,2,68,BIO26-M17,BIO26-S17-03,,,NOT_STARTED,NOT_RUN,ONE_QUESTION_ONE_IMAGE_ONE_CODE; exclude number/year/stars/badge/next-question/header; preserve full biological figure/labels/arrows/table/options
TAH-BIO-BIO26-L27-Q069,BIO26-PDF124-L27-S2-Q069,BIO26-L27,أحياء 3,التغذية,124,124,123,2,69,BIO26-M17,BIO26-S17-03,,,NOT_STARTED,NOT_RUN,ONE_QUESTION_ONE_IMAGE_ONE_CODE; exclude number/year/stars/badge/next-question/header; preserve full biological figure/labels/arrows/table/options
TAH-BIO-BIO26-L27-Q070,BIO26-PDF124-L27-S2-Q070,BIO26-L27,أحياء 3,التغذية,124,124,123,2,70,BIO26-M17,BIO26-S17-03,,,NOT_STARTED,NOT_RUN,ONE_QUESTION_ONE_IMAGE_ONE_CODE; exclude number/year/stars/badge/next-question/header; preserve full biological figure/labels/arrows/table/options
TAH-BIO-BIO26-L27-Q071,BIO26-PDF124-L27-S2-Q071,BIO26-L27,أحياء 3,التغذية,124,124,123,2,71,BIO26-M17,BIO26-S17-03,,,NOT_STARTED,NOT_RUN,ONE_QUESTION_ONE_IMAGE_ONE_CODE; exclude number/year/stars/badge/next-question/header; preserve full biological figure/labels/arrows/table/options
TAH-BIO-BIO26-L27-Q072,BIO26-PDF124-L27-S2-Q072,BIO26-L27,أحياء 3,التغذية,124,124,123,2,72,BIO26-M17,BIO26-S17-03,,,NOT_STARTED,NOT_RUN,ONE_QUESTION_ONE_IMAGE_ONE_CODE; exclude number/year/stars/badge/next-question/header; preserve full biological figure/labels/arrows/table/options
TAH-BIO-BIO26-L27-Q073,BIO26-PDF124-L27-S2-Q073,BIO26-L27,أحياء 3,التغذية,124,124,123,2,73,BIO26-M17,BIO26-S17-03,,,NOT_STARTED,NOT_RUN,ONE_QUESTION_ONE_IMAGE_ONE_CODE; exclude number/year/stars/badge/next-question/header; preserve full biological figure/labels/arrows/table/options
TAH-BIO-BIO26-L28-Q001,BIO26-PDF125-L28-S1-Q001,BIO26-L28,أحياء 3,جهاز الغدد الصم,125,125,124,1,1,BIO26-M17,BIO26-S17-04,,,NOT_STARTED,NOT_RUN,ONE_QUESTION_ONE_IMAGE_ONE_CODE; exclude number/year/stars/badge/next-question/header; preserve full biological figure/labels/arrows/table/options
TAH-BIO-BIO26-L28-Q002,BIO26-PDF125-L28-S1-Q002,BIO26-L28,أحياء 3,جهاز الغدد الصم,125,125,124,1,2,BIO26-M17,BIO26-S17-04,,,NOT_STARTED,NOT_RUN,ONE_QUESTION_ONE_IMAGE_ONE_CODE; exclude number/year/stars/badge/next-question/header; preserve full biological figure/labels/arrows/table/options
TAH-BIO-BIO26-L28-Q003,BIO26-PDF125-L28-S1-Q003,BIO26-L28,أحياء 3,جهاز الغدد الصم,125,125,124,1,3,BIO26-M17,BIO26-S17-04,,,NOT_STARTED,NOT_RUN,ONE_QUESTION_ONE_IMAGE_ONE_CODE; exclude number/year/stars/badge/next-question/header; preserve full biological figure/labels/arrows/table/options
TAH-BIO-BIO26-L28-Q004,BIO26-PDF125-L28-S1-Q004,BIO26-L28,أحياء 3,جهاز الغدد الصم,125,125,124,1,4,BIO26-M17,BIO26-S17-04,,,NOT_STARTED,NOT_RUN,ONE_QUESTION_ONE_IMAGE_ONE_CODE; exclude number/year/stars/badge/next-question/header; preserve full biological figure/labels/arrows/table/options
TAH-BIO-BIO26-L28-Q005,BIO26-PDF125-L28-S1-Q005,BIO26-L28,أحياء 3,جهاز الغدد الصم,125,125,124,1,5,BIO26-M17,BIO26-S17-04,,,NOT_STARTED,NOT_RUN,ONE_QUESTION_ONE_IMAGE_ONE_CODE; exclude number/year/stars/badge/next-question/header; preserve full biological figure/labels/arrows/table/options
TAH-BIO-BIO26-L28-Q006,BIO26-PDF125-L28-S1-Q006,BIO26-L28,أحياء 3,جهاز الغدد الصم,125,125,124,1,6,BIO26-M17,BIO26-S17-04,,,NOT_STARTED,NOT_RUN,ONE_QUESTION_ONE_IMAGE_ONE_CODE; exclude number/year/stars/badge/next-question/header; preserve full biological figure/labels/arrows/table/options
TAH-BIO-BIO26-L28-Q007,BIO26-PDF125-L28-S1-Q007,BIO26-L28,أحياء 3,جهاز الغدد الصم,125,125,124,1,7,BIO26-M17,BIO26-S17-04,,,NOT_STARTED,NOT_RUN,ONE_QUESTION_ONE_IMAGE_ONE_CODE; exclude number/year/stars/badge/next-question/header; preserve full biological figure/labels/arrows/table/options
TAH-BIO-BIO26-L28-Q008,BIO26-PDF125-L28-S1-Q008,BIO26-L28,أحياء 3,جهاز الغدد الصم,125,125,124,1,8,BIO26-M17,BIO26-S17-04,,,NOT_STARTED,NOT_RUN,ONE_QUESTION_ONE_IMAGE_ONE_CODE; exclude number/year/stars/badge/next-question/header; preserve full biological figure/labels/arrows/table/options
TAH-BIO-BIO26-L28-Q009,BIO26-PDF125-L28-S1-Q009,BIO26-L28,أحياء 3,جهاز الغدد الصم,125,125,124,1,9,BIO26-M17,BIO26-S17-04,,,NOT_STARTED,NOT_RUN,ONE_QUESTION_ONE_IMAGE_ONE_CODE; exclude number/year/stars/badge/next-question/header; preserve full biological figure/labels/arrows/table/options
TAH-BIO-BIO26-L28-Q010,BIO26-PDF125-L28-S1-Q010,BIO26-L28,أحياء 3,جهاز الغدد الصم,125,125,124,1,10,BIO26-M17,BIO26-S17-04,,,NOT_STARTED,NOT_RUN,ONE_QUESTION_ONE_IMAGE_ONE_CODE; exclude number/year/stars/badge/next-question/header; preserve full biological figure/labels/arrows/table/options
TAH-BIO-BIO26-L28-Q011,BIO26-PDF125-L28-S1-Q011,BIO26-L28,أحياء 3,جهاز الغدد الصم,125,125,124,1,11,BIO26-M17,BIO26-S17-04,,,NOT_STARTED,NOT_RUN,ONE_QUESTION_ONE_IMAGE_ONE_CODE; exclude number/year/stars/badge/next-question/header; preserve full biological figure/labels/arrows/table/options
TAH-BIO-BIO26-L28-Q012,BIO26-PDF125-L28-S1-Q012,BIO26-L28,أحياء 3,جهاز الغدد الصم,125,125,124,1,12,BIO26-M17,BIO26-S17-04,,,NOT_STARTED,NOT_RUN,ONE_QUESTION_ONE_IMAGE_ONE_CODE; exclude number/year/stars/badge/next-question/header; preserve full biological figure/labels/arrows/table/options
TAH-BIO-BIO26-L28-Q013,BIO26-PDF125-L28-S1-Q013,BIO26-L28,أحياء 3,جهاز الغدد الصم,125,125,124,1,13,BIO26-M17,BIO26-S17-04,,,NOT_STARTED,NOT_RUN,ONE_QUESTION_ONE_IMAGE_ONE_CODE; exclude number/year/stars/badge/next-question/header; preserve full biological figure/labels/arrows/table/options
TAH-BIO-BIO26-L28-Q014,BIO26-PDF125-L28-S1-Q014,BIO26-L28,أحياء 3,جهاز الغدد الصم,125,125,124,1,14,BIO26-M17,BIO26-S17-04,,,NOT_STARTED,NOT_RUN,ONE_QUESTION_ONE_IMAGE_ONE_CODE; exclude number/year/stars/badge/next-question/header; preserve full biological figure/labels/arrows/table/options
TAH-BIO-BIO26-L28-Q015,BIO26-PDF125-L28-S1-Q015,BIO26-L28,أحياء 3,جهاز الغدد الصم,125,125,124,1,15,BIO26-M17,BIO26-S17-04,,,NOT_STARTED,NOT_RUN,ONE_QUESTION_ONE_IMAGE_ONE_CODE; exclude number/year/stars/badge/next-question/header; preserve full biological figure/labels/arrows/table/options
TAH-BIO-BIO26-L28-Q016,BIO26-PDF125-L28-S1-Q016,BIO26-L28,أحياء 3,جهاز الغدد الصم,125,125,124,1,16,BIO26-M17,BIO26-S17-04,,,NOT_STARTED,NOT_RUN,ONE_QUESTION_ONE_IMAGE_ONE_CODE; exclude number/year/stars/badge/next-question/header; preserve full biological figure/labels/arrows/table/options
TAH-BIO-BIO26-L28-Q017,BIO26-PDF126-L28-S1-Q017,BIO26-L28,أحياء 3,جهاز الغدد الصم,126,126,125,1,17,BIO26-M17,BIO26-S17-04,,,NOT_STARTED,NOT_RUN,ONE_QUESTION_ONE_IMAGE_ONE_CODE; exclude number/year/stars/badge/next-question/header; preserve full biological figure/labels/arrows/table/options
TAH-BIO-BIO26-L28-Q018,BIO26-PDF126-L28-S1-Q018,BIO26-L28,أحياء 3,جهاز الغدد الصم,126,126,125,1,18,BIO26-M17,BIO26-S17-04,,,NOT_STARTED,NOT_RUN,ONE_QUESTION_ONE_IMAGE_ONE_CODE; exclude number/year/stars/badge/next-question/header; preserve full biological figure/labels/arrows/table/options
TAH-BIO-BIO26-L28-Q019,BIO26-PDF126-L28-S1-Q019,BIO26-L28,أحياء 3,جهاز الغدد الصم,126,126,125,1,19,BIO26-M17,BIO26-S17-04,,,NOT_STARTED,NOT_RUN,ONE_QUESTION_ONE_IMAGE_ONE_CODE; exclude number/year/stars/badge/next-question/header; preserve full biological figure/labels/arrows/table/options
TAH-BIO-BIO26-L28-Q020,BIO26-PDF126-L28-S1-Q020,BIO26-L28,أحياء 3,جهاز الغدد الصم,126,126,125,1,20,BIO26-M17,BIO26-S17-04,,,NOT_STARTED,NOT_RUN,ONE_QUESTION_ONE_IMAGE_ONE_CODE; exclude number/year/stars/badge/next-question/header; preserve full biological figure/labels/arrows/table/options
TAH-BIO-BIO26-L28-Q021,BIO26-PDF126-L28-S1-Q021,BIO26-L28,أحياء 3,جهاز الغدد الصم,126,126,125,1,21,BIO26-M17,BIO26-S17-04,,,NOT_STARTED,NOT_RUN,ONE_QUESTION_ONE_IMAGE_ONE_CODE; exclude number/year/stars/badge/next-question/header; preserve full biological figure/labels/arrows/table/options
TAH-BIO-BIO26-L28-Q022,BIO26-PDF126-L28-S1-Q022,BIO26-L28,أحياء 3,جهاز الغدد الصم,126,126,125,1,22,BIO26-M17,BIO26-S17-04,,,NOT_STARTED,NOT_RUN,ONE_QUESTION_ONE_IMAGE_ONE_CODE; exclude number/year/stars/badge/next-question/header; preserve full biological figure/labels/arrows/table/options
TAH-BIO-BIO26-L28-Q023,BIO26-PDF126-L28-S1-Q023,BIO26-L28,أحياء 3,جهاز الغدد الصم,126,126,125,1,23,BIO26-M17,BIO26-S17-04,,,NOT_STARTED,NOT_RUN,ONE_QUESTION_ONE_IMAGE_ONE_CODE; exclude number/year/stars/badge/next-question/header; preserve full biological figure/labels/arrows/table/options
TAH-BIO-BIO26-L28-Q024,BIO26-PDF126-L28-S1-Q024,BIO26-L28,أحياء 3,جهاز الغدد الصم,126,126,125,1,24,BIO26-M17,BIO26-S17-04,,,NOT_STARTED,NOT_RUN,ONE_QUESTION_ONE_IMAGE_ONE_CODE; exclude number/year/stars/badge/next-question/header; preserve full biological figure/labels/arrows/table/options
TAH-BIO-BIO26-L28-Q025,BIO26-PDF126-L28-S1-Q025,BIO26-L28,أحياء 3,جهاز الغدد الصم,126,126,125,1,25,BIO26-M17,BIO26-S17-04,,,NOT_STARTED,NOT_RUN,ONE_QUESTION_ONE_IMAGE_ONE_CODE; exclude number/year/stars/badge/next-question/header; preserve full biological figure/labels/arrows/table/options
TAH-BIO-BIO26-L28-Q026,BIO26-PDF126-L28-S1-Q026,BIO26-L28,أحياء 3,جهاز الغدد الصم,126,126,125,1,26,BIO26-M17,BIO26-S17-04,,,NOT_STARTED,NOT_RUN,ONE_QUESTION_ONE_IMAGE_ONE_CODE; exclude number/year/stars/badge/next-question/header; preserve full biological figure/labels/arrows/table/options
TAH-BIO-BIO26-L28-Q027,BIO26-PDF126-L28-S1-Q027,BIO26-L28,أحياء 3,جهاز الغدد الصم,126,126,125,1,27,BIO26-M17,BIO26-S17-04,,,NOT_STARTED,NOT_RUN,ONE_QUESTION_ONE_IMAGE_ONE_CODE; exclude number/year/stars/badge/next-question/header; preserve full biological figure/labels/arrows/table/options
TAH-BIO-BIO26-L28-Q028,BIO26-PDF126-L28-S1-Q028,BIO26-L28,أحياء 3,جهاز الغدد الصم,126,126,125,1,28,BIO26-M17,BIO26-S17-04,,,NOT_STARTED,NOT_RUN,ONE_QUESTION_ONE_IMAGE_ONE_CODE; exclude number/year/stars/badge/next-question/header; preserve full biological figure/labels/arrows/table/options
TAH-BIO-BIO26-L28-Q029,BIO26-PDF126-L28-S1-Q029,BIO26-L28,أحياء 3,جهاز الغدد الصم,126,126,125,1,29,BIO26-M17,BIO26-S17-04,,,NOT_STARTED,NOT_RUN,ONE_QUESTION_ONE_IMAGE_ONE_CODE; exclude number/year/stars/badge/next-question/header; preserve full biological figure/labels/arrows/table/options
TAH-BIO-BIO26-L28-Q030,BIO26-PDF126-L28-S1-Q030,BIO26-L28,أحياء 3,جهاز الغدد الصم,126,126,125,1,30,BIO26-M17,BIO26-S17-04,,,NOT_STARTED,NOT_RUN,ONE_QUESTION_ONE_IMAGE_ONE_CODE; exclude number/year/stars/badge/next-question/header; preserve full biological figure/labels/arrows/table/options
TAH-BIO-BIO26-L28-Q031,BIO26-PDF127-L28-S1-Q031,BIO26-L28,أحياء 3,جهاز الغدد الصم,127,127,126,1,31,BIO26-M17,BIO26-S17-04,,,NOT_STARTED,NOT_RUN,ONE_QUESTION_ONE_IMAGE_ONE_CODE; exclude number/year/stars/badge/next-question/header; preserve full biological figure/labels/arrows/table/options
TAH-BIO-BIO26-L28-Q032,BIO26-PDF127-L28-S1-Q032,BIO26-L28,أحياء 3,جهاز الغدد الصم,127,127,126,1,32,BIO26-M17,BIO26-S17-04,,,NOT_STARTED,NOT_RUN,ONE_QUESTION_ONE_IMAGE_ONE_CODE; exclude number/year/stars/badge/next-question/header; preserve full biological figure/labels/arrows/table/options
TAH-BIO-BIO26-L28-Q033,BIO26-PDF127-L28-S1-Q033,BIO26-L28,أحياء 3,جهاز الغدد الصم,127,127,126,1,33,BIO26-M17,BIO26-S17-04,,,NOT_STARTED,NOT_RUN,ONE_QUESTION_ONE_IMAGE_ONE_CODE; exclude number/year/stars/badge/next-question/header; preserve full biological figure/labels/arrows/table/options
TAH-BIO-BIO26-L28-Q034,BIO26-PDF127-L28-S1-Q034,BIO26-L28,أحياء 3,جهاز الغدد الصم,127,127,126,1,34,BIO26-M17,BIO26-S17-04,,,NOT_STARTED,NOT_RUN,ONE_QUESTION_ONE_IMAGE_ONE_CODE; exclude number/year/stars/badge/next-question/header; preserve full biological figure/labels/arrows/table/options
TAH-BIO-BIO26-L28-Q035,BIO26-PDF127-L28-S1-Q035,BIO26-L28,أحياء 3,جهاز الغدد الصم,127,127,126,1,35,BIO26-M17,BIO26-S17-04,,,NOT_STARTED,NOT_RUN,ONE_QUESTION_ONE_IMAGE_ONE_CODE; exclude number/year/stars/badge/next-question/header; preserve full biological figure/labels/arrows/table/options
TAH-BIO-BIO26-L28-Q036,BIO26-PDF128-L28-S2-Q036,BIO26-L28,أحياء 3,جهاز الغدد الصم,128,128,127,2,36,BIO26-M17,BIO26-S17-04,,,NOT_STARTED,NOT_RUN,ONE_QUESTION_ONE_IMAGE_ONE_CODE; exclude number/year/stars/badge/next-question/header; preserve full biological figure/labels/arrows/table/options
TAH-BIO-BIO26-L28-Q037,BIO26-PDF128-L28-S2-Q037,BIO26-L28,أحياء 3,جهاز الغدد الصم,128,128,127,2,37,BIO26-M17,BIO26-S17-04,,,NOT_STARTED,NOT_RUN,ONE_QUESTION_ONE_IMAGE_ONE_CODE; exclude number/year/stars/badge/next-question/header; preserve full biological figure/labels/arrows/table/options
TAH-BIO-BIO26-L28-Q038,BIO26-PDF128-L28-S2-Q038,BIO26-L28,أحياء 3,جهاز الغدد الصم,128,128,127,2,38,BIO26-M17,BIO26-S17-04,,,NOT_STARTED,NOT_RUN,ONE_QUESTION_ONE_IMAGE_ONE_CODE; exclude number/year/stars/badge/next-question/header; preserve full biological figure/labels/arrows/table/options
TAH-BIO-BIO26-L28-Q039,BIO26-PDF128-L28-S2-Q039,BIO26-L28,أحياء 3,جهاز الغدد الصم,128,128,127,2,39,BIO26-M17,BIO26-S17-04,,,NOT_STARTED,NOT_RUN,ONE_QUESTION_ONE_IMAGE_ONE_CODE; exclude number/year/stars/badge/next-question/header; preserve full biological figure/labels/arrows/table/options
TAH-BIO-BIO26-L28-Q040,BIO26-PDF128-L28-S2-Q040,BIO26-L28,أحياء 3,جهاز الغدد الصم,128,128,127,2,40,BIO26-M17,BIO26-S17-04,,,NOT_STARTED,NOT_RUN,ONE_QUESTION_ONE_IMAGE_ONE_CODE; exclude number/year/stars/badge/next-question/header; preserve full biological figure/labels/arrows/table/options
TAH-BIO-BIO26-L28-Q041,BIO26-PDF128-L28-S2-Q041,BIO26-L28,أحياء 3,جهاز الغدد الصم,128,128,127,2,41,BIO26-M17,BIO26-S17-04,,,NOT_STARTED,NOT_RUN,ONE_QUESTION_ONE_IMAGE_ONE_CODE; exclude number/year/stars/badge/next-question/header; preserve full biological figure/labels/arrows/table/options
TAH-BIO-BIO26-L28-Q042,BIO26-PDF128-L28-S2-Q042,BIO26-L28,أحياء 3,جهاز الغدد الصم,128,128,127,2,42,BIO26-M17,BIO26-S17-04,,,NOT_STARTED,NOT_RUN,ONE_QUESTION_ONE_IMAGE_ONE_CODE; exclude number/year/stars/badge/next-question/header; preserve full biological figure/labels/arrows/table/options
TAH-BIO-BIO26-L28-Q043,BIO26-PDF128-L28-S2-Q043,BIO26-L28,أحياء 3,جهاز الغدد الصم,128,128,127,2,43,BIO26-M17,BIO26-S17-04,,,NOT_STARTED,NOT_RUN,ONE_QUESTION_ONE_IMAGE_ONE_CODE; exclude number/year/stars/badge/next-question/header; preserve full biological figure/labels/arrows/table/options
TAH-BIO-BIO26-L28-Q044,BIO26-PDF128-L28-S2-Q044,BIO26-L28,أحياء 3,جهاز الغدد الصم,128,128,127,2,44,BIO26-M17,BIO26-S17-04,,,NOT_STARTED,NOT_RUN,ONE_QUESTION_ONE_IMAGE_ONE_CODE; exclude number/year/stars/badge/next-question/header; preserve full biological figure/labels/arrows/table/options
TAH-BIO-BIO26-L28-Q045,BIO26-PDF128-L28-S2-Q045,BIO26-L28,أحياء 3,جهاز الغدد الصم,128,128,127,2,45,BIO26-M17,BIO26-S17-04,,,NOT_STARTED,NOT_RUN,ONE_QUESTION_ONE_IMAGE_ONE_CODE; exclude number/year/stars/badge/next-question/header; preserve full biological figure/labels/arrows/table/options
TAH-BIO-BIO26-L28-Q046,BIO26-PDF128-L28-S2-Q046,BIO26-L28,أحياء 3,جهاز الغدد الصم,128,128,127,2,46,BIO26-M17,BIO26-S17-04,,,NOT_STARTED,NOT_RUN,ONE_QUESTION_ONE_IMAGE_ONE_CODE; exclude number/year/stars/badge/next-question/header; preserve full biological figure/labels/arrows/table/options
TAH-BIO-BIO26-L28-Q047,BIO26-PDF128-L28-S2-Q047,BIO26-L28,أحياء 3,جهاز الغدد الصم,128,128,127,2,47,BIO26-M17,BIO26-S17-04,,,NOT_STARTED,NOT_RUN,ONE_QUESTION_ONE_IMAGE_ONE_CODE; exclude number/year/stars/badge/next-question/header; preserve full biological figure/labels/arrows/table/options
TAH-BIO-BIO26-L28-Q048,BIO26-PDF128-L28-S2-Q048,BIO26-L28,أحياء 3,جهاز الغدد الصم,128,128,127,2,48,BIO26-M17,BIO26-S17-04,,,NOT_STARTED,NOT_RUN,ONE_QUESTION_ONE_IMAGE_ONE_CODE; exclude number/year/stars/badge/next-question/header; preserve full biological figure/labels/arrows/table/options
TAH-BIO-BIO26-L28-Q049,BIO26-PDF128-L28-S2-Q049,BIO26-L28,أحياء 3,جهاز الغدد الصم,128,128,127,2,49,BIO26-M17,BIO26-S17-04,,,NOT_STARTED,NOT_RUN,ONE_QUESTION_ONE_IMAGE_ONE_CODE; exclude number/year/stars/badge/next-question/header; preserve full biological figure/labels/arrows/table/options
TAH-BIO-BIO26-L28-Q050,BIO26-PDF128-L28-S2-Q050,BIO26-L28,أحياء 3,جهاز الغدد الصم,128,128,127,2,50,BIO26-M17,BIO26-S17-04,,,NOT_STARTED,NOT_RUN,ONE_QUESTION_ONE_IMAGE_ONE_CODE; exclude number/year/stars/badge/next-question/header; preserve full biological figure/labels/arrows/table/options
TAH-BIO-BIO26-L28-Q051,BIO26-PDF128-L28-S2-Q051,BIO26-L28,أحياء 3,جهاز الغدد الصم,128,128,127,2,51,BIO26-M17,BIO26-S17-04,,,NOT_STARTED,NOT_RUN,ONE_QUESTION_ONE_IMAGE_ONE_CODE; exclude number/year/stars/badge/next-question/header; preserve full biological figure/labels/arrows/table/options
TAH-BIO-BIO26-L28-Q052,BIO26-PDF129-L28-S2-Q052,BIO26-L28,أحياء 3,جهاز الغدد الصم,129,129,128,2,52,BIO26-M17,BIO26-S17-04,,,NOT_STARTED,NOT_RUN,ONE_QUESTION_ONE_IMAGE_ONE_CODE; exclude number/year/stars/badge/next-question/header; preserve full biological figure/labels/arrows/table/options
TAH-BIO-BIO26-L28-Q053,BIO26-PDF129-L28-S2-Q053,BIO26-L28,أحياء 3,جهاز الغدد الصم,129,129,128,2,53,BIO26-M17,BIO26-S17-04,,,NOT_STARTED,NOT_RUN,ONE_QUESTION_ONE_IMAGE_ONE_CODE; exclude number/year/stars/badge/next-question/header; preserve full biological figure/labels/arrows/table/options
TAH-BIO-BIO26-L28-Q054,BIO26-PDF129-L28-S2-Q054,BIO26-L28,أحياء 3,جهاز الغدد الصم,129,129,128,2,54,BIO26-M17,BIO26-S17-04,,,NOT_STARTED,NOT_RUN,ONE_QUESTION_ONE_IMAGE_ONE_CODE; exclude number/year/stars/badge/next-question/header; preserve full biological figure/labels/arrows/table/options
TAH-BIO-BIO26-L28-Q055,BIO26-PDF129-L28-S2-Q055,BIO26-L28,أحياء 3,جهاز الغدد الصم,129,129,128,2,55,BIO26-M17,BIO26-S17-04,,,NOT_STARTED,NOT_RUN,ONE_QUESTION_ONE_IMAGE_ONE_CODE; exclude number/year/stars/badge/next-question/header; preserve full biological figure/labels/arrows/table/options
TAH-BIO-BIO26-L28-Q056,BIO26-PDF129-L28-S2-Q056,BIO26-L28,أحياء 3,جهاز الغدد الصم,129,129,128,2,56,BIO26-M17,BIO26-S17-04,,,NOT_STARTED,NOT_RUN,ONE_QUESTION_ONE_IMAGE_ONE_CODE; exclude number/year/stars/badge/next-question/header; preserve full biological figure/labels/arrows/table/options
TAH-BIO-BIO26-L28-Q057,BIO26-PDF129-L28-S2-Q057,BIO26-L28,أحياء 3,جهاز الغدد الصم,129,129,128,2,57,BIO26-M17,BIO26-S17-04,,,NOT_STARTED,NOT_RUN,ONE_QUESTION_ONE_IMAGE_ONE_CODE; exclude number/year/stars/badge/next-question/header; preserve full biological figure/labels/arrows/table/options
TAH-BIO-BIO26-L28-Q058,BIO26-PDF129-L28-S2-Q058,BIO26-L28,أحياء 3,جهاز الغدد الصم,129,129,128,2,58,BIO26-M17,BIO26-S17-04,,,NOT_STARTED,NOT_RUN,ONE_QUESTION_ONE_IMAGE_ONE_CODE; exclude number/year/stars/badge/next-question/header; preserve full biological figure/labels/arrows/table/options
TAH-BIO-BIO26-L28-Q059,BIO26-PDF129-L28-S2-Q059,BIO26-L28,أحياء 3,جهاز الغدد الصم,129,129,128,2,59,BIO26-M17,BIO26-S17-04,,,NOT_STARTED,NOT_RUN,ONE_QUESTION_ONE_IMAGE_ONE_CODE; exclude number/year/stars/badge/next-question/header; preserve full biological figure/labels/arrows/table/options
TAH-BIO-BIO26-L28-Q060,BIO26-PDF129-L28-S2-Q060,BIO26-L28,أحياء 3,جهاز الغدد الصم,129,129,128,2,60,BIO26-M17,BIO26-S17-04,,,NOT_STARTED,NOT_RUN,ONE_QUESTION_ONE_IMAGE_ONE_CODE; exclude number/year/stars/badge/next-question/header; preserve full biological figure/labels/arrows/table/options
TAH-BIO-BIO26-L28-Q061,BIO26-PDF129-L28-S2-Q061,BIO26-L28,أحياء 3,جهاز الغدد الصم,129,129,128,2,61,BIO26-M17,BIO26-S17-04,,,NOT_STARTED,NOT_RUN,ONE_QUESTION_ONE_IMAGE_ONE_CODE; exclude number/year/stars/badge/next-question/header; preserve full biological figure/labels/arrows/table/options
TAH-BIO-BIO26-L28-Q062,BIO26-PDF129-L28-S2-Q062,BIO26-L28,أحياء 3,جهاز الغدد الصم,129,129,128,2,62,BIO26-M17,BIO26-S17-04,,,NOT_STARTED,NOT_RUN,ONE_QUESTION_ONE_IMAGE_ONE_CODE; exclude number/year/stars/badge/next-question/header; preserve full biological figure/labels/arrows/table/options
TAH-BIO-BIO26-L28-Q063,BIO26-PDF129-L28-S2-Q063,BIO26-L28,أحياء 3,جهاز الغدد الصم,129,129,128,2,63,BIO26-M17,BIO26-S17-04,,,NOT_STARTED,NOT_RUN,ONE_QUESTION_ONE_IMAGE_ONE_CODE; exclude number/year/stars/badge/next-question/header; preserve full biological figure/labels/arrows/table/options
TAH-BIO-BIO26-L28-Q064,BIO26-PDF129-L28-S2-Q064,BIO26-L28,أحياء 3,جهاز الغدد الصم,129,129,128,2,64,BIO26-M17,BIO26-S17-04,,,NOT_STARTED,NOT_RUN,ONE_QUESTION_ONE_IMAGE_ONE_CODE; exclude number/year/stars/badge/next-question/header; preserve full biological figure/labels/arrows/table/options
TAH-BIO-BIO26-L28-Q065,BIO26-PDF129-L28-S2-Q065,BIO26-L28,أحياء 3,جهاز الغدد الصم,129,129,128,2,65,BIO26-M17,BIO26-S17-04,,,NOT_STARTED,NOT_RUN,ONE_QUESTION_ONE_IMAGE_ONE_CODE; exclude number/year/stars/badge/next-question/header; preserve full biological figure/labels/arrows/table/options
TAH-BIO-BIO26-L28-Q066,BIO26-PDF129-L28-S2-Q066,BIO26-L28,أحياء 3,جهاز الغدد الصم,129,129,128,2,66,BIO26-M17,BIO26-S17-04,,,NOT_STARTED,NOT_RUN,ONE_QUESTION_ONE_IMAGE_ONE_CODE; exclude number/year/stars/badge/next-question/header; preserve full biological figure/labels/arrows/table/options
TAH-BIO-BIO26-L28-Q067,BIO26-PDF129-L28-S2-Q067,BIO26-L28,أحياء 3,جهاز الغدد الصم,129,129,128,2,67,BIO26-M17,BIO26-S17-04,,,NOT_STARTED,NOT_RUN,ONE_QUESTION_ONE_IMAGE_ONE_CODE; exclude number/year/stars/badge/next-question/header; preserve full biological figure/labels/arrows/table/options
TAH-BIO-BIO26-L28-Q068,BIO26-PDF129-L28-S2-Q068,BIO26-L28,أحياء 3,جهاز الغدد الصم,129,129,128,2,68,BIO26-M17,BIO26-S17-04,,,NOT_STARTED,NOT_RUN,ONE_QUESTION_ONE_IMAGE_ONE_CODE; exclude number/year/stars/badge/next-question/header; preserve full biological figure/labels/arrows/table/options
TAH-BIO-BIO26-L28-Q069,BIO26-PDF130-L28-S2-Q069,BIO26-L28,أحياء 3,جهاز الغدد الصم,130,130,129,2,69,BIO26-M17,BIO26-S17-04,,,NOT_STARTED,NOT_RUN,ONE_QUESTION_ONE_IMAGE_ONE_CODE; exclude number/year/stars/badge/next-question/header; preserve full biological figure/labels/arrows/table/options
TAH-BIO-BIO26-L28-Q070,BIO26-PDF130-L28-S2-Q070,BIO26-L28,أحياء 3,جهاز الغدد الصم,130,130,129,2,70,BIO26-M17,BIO26-S17-04,,,NOT_STARTED,NOT_RUN,ONE_QUESTION_ONE_IMAGE_ONE_CODE; exclude number/year/stars/badge/next-question/header; preserve full biological figure/labels/arrows/table/options
TAH-BIO-BIO26-L28-Q071,BIO26-PDF130-L28-S2-Q071,BIO26-L28,أحياء 3,جهاز الغدد الصم,130,130,129,2,71,BIO26-M17,BIO26-S17-04,,,NOT_STARTED,NOT_RUN,ONE_QUESTION_ONE_IMAGE_ONE_CODE; exclude number/year/stars/badge/next-question/header; preserve full biological figure/labels/arrows/table/options
TAH-BIO-BIO26-L28-Q072,BIO26-PDF130-L28-S2-Q072,BIO26-L28,أحياء 3,جهاز الغدد الصم,130,130,129,2,72,BIO26-M17,BIO26-S17-04,,,NOT_STARTED,NOT_RUN,ONE_QUESTION_ONE_IMAGE_ONE_CODE; exclude number/year/stars/badge/next-question/header; preserve full biological figure/labels/arrows/table/options
TAH-BIO-BIO26-L28-Q073,BIO26-PDF130-L28-S2-Q073,BIO26-L28,أحياء 3,جهاز الغدد الصم,130,130,129,2,73,BIO26-M17,BIO26-S17-04,,,NOT_STARTED,NOT_RUN,ONE_QUESTION_ONE_IMAGE_ONE_CODE; exclude number/year/stars/badge/next-question/header; preserve full biological figure/labels/arrows/table/options
TAH-BIO-BIO26-L28-Q074,BIO26-PDF130-L28-S2-Q074,BIO26-L28,أحياء 3,جهاز الغدد الصم,130,130,129,2,74,BIO26-M17,BIO26-S17-04,,,NOT_STARTED,NOT_RUN,ONE_QUESTION_ONE_IMAGE_ONE_CODE; exclude number/year/stars/badge/next-question/header; preserve full biological figure/labels/arrows/table/options
TAH-BIO-BIO26-L28-Q075,BIO26-PDF130-L28-S2-Q075,BIO26-L28,أحياء 3,جهاز الغدد الصم,130,130,129,2,75,BIO26-M17,BIO26-S17-04,,,NOT_STARTED,NOT_RUN,ONE_QUESTION_ONE_IMAGE_ONE_CODE; exclude number/year/stars/badge/next-question/header; preserve full biological figure/labels/arrows/table/options
TAH-BIO-BIO26-L28-Q076,BIO26-PDF130-L28-S2-Q076,BIO26-L28,أحياء 3,جهاز الغدد الصم,130,130,129,2,76,BIO26-M17,BIO26-S17-04,,,NOT_STARTED,NOT_RUN,ONE_QUESTION_ONE_IMAGE_ONE_CODE; exclude number/year/stars/badge/next-question/header; preserve full biological figure/labels/arrows/table/options
TAH-BIO-BIO26-L28-Q077,BIO26-PDF130-L28-S2-Q077,BIO26-L28,أحياء 3,جهاز الغدد الصم,130,130,129,2,77,BIO26-M17,BIO26-S17-04,,,NOT_STARTED,NOT_RUN,ONE_QUESTION_ONE_IMAGE_ONE_CODE; exclude number/year/stars/badge/next-question/header; preserve full biological figure/labels/arrows/table/options
TAH-BIO-BIO26-L29-Q001,BIO26-PDF131-L29-S1-Q001,BIO26-L29,أحياء 3,جهاز التكاثر في الإنسان,131,131,130,1,1,BIO26-M18,BIO26-S18-01,,,NOT_STARTED,NOT_RUN,ONE_QUESTION_ONE_IMAGE_ONE_CODE; exclude number/year/stars/badge/next-question/header; preserve full biological figure/labels/arrows/table/options
TAH-BIO-BIO26-L29-Q002,BIO26-PDF131-L29-S1-Q002,BIO26-L29,أحياء 3,جهاز التكاثر في الإنسان,131,131,130,1,2,BIO26-M18,BIO26-S18-01,,,NOT_STARTED,NOT_RUN,ONE_QUESTION_ONE_IMAGE_ONE_CODE; exclude number/year/stars/badge/next-question/header; preserve full biological figure/labels/arrows/table/options
TAH-BIO-BIO26-L29-Q003,BIO26-PDF131-L29-S1-Q003,BIO26-L29,أحياء 3,جهاز التكاثر في الإنسان,131,131,130,1,3,BIO26-M18,BIO26-S18-01,,,NOT_STARTED,NOT_RUN,ONE_QUESTION_ONE_IMAGE_ONE_CODE; exclude number/year/stars/badge/next-question/header; preserve full biological figure/labels/arrows/table/options
TAH-BIO-BIO26-L29-Q004,BIO26-PDF131-L29-S1-Q004,BIO26-L29,أحياء 3,جهاز التكاثر في الإنسان,131,131,130,1,4,BIO26-M18,BIO26-S18-01,,,NOT_STARTED,NOT_RUN,ONE_QUESTION_ONE_IMAGE_ONE_CODE; exclude number/year/stars/badge/next-question/header; preserve full biological figure/labels/arrows/table/options
TAH-BIO-BIO26-L29-Q005,BIO26-PDF131-L29-S1-Q005,BIO26-L29,أحياء 3,جهاز التكاثر في الإنسان,131,131,130,1,5,BIO26-M18,BIO26-S18-02,,,NOT_STARTED,NOT_RUN,ONE_QUESTION_ONE_IMAGE_ONE_CODE; exclude number/year/stars/badge/next-question/header; preserve full biological figure/labels/arrows/table/options
TAH-BIO-BIO26-L29-Q006,BIO26-PDF131-L29-S1-Q006,BIO26-L29,أحياء 3,جهاز التكاثر في الإنسان,131,131,130,1,6,BIO26-M18,BIO26-S18-02,,,NOT_STARTED,NOT_RUN,ONE_QUESTION_ONE_IMAGE_ONE_CODE; exclude number/year/stars/badge/next-question/header; preserve full biological figure/labels/arrows/table/options
TAH-BIO-BIO26-L29-Q007,BIO26-PDF131-L29-S1-Q007,BIO26-L29,أحياء 3,جهاز التكاثر في الإنسان,131,131,130,1,7,BIO26-M18,BIO26-S18-02,,,NOT_STARTED,NOT_RUN,ONE_QUESTION_ONE_IMAGE_ONE_CODE; exclude number/year/stars/badge/next-question/header; preserve full biological figure/labels/arrows/table/options
TAH-BIO-BIO26-L29-Q008,BIO26-PDF131-L29-S1-Q008,BIO26-L29,أحياء 3,جهاز التكاثر في الإنسان,131,131,130,1,8,BIO26-M18,BIO26-S18-02,,,NOT_STARTED,NOT_RUN,ONE_QUESTION_ONE_IMAGE_ONE_CODE; exclude number/year/stars/badge/next-question/header; preserve full biological figure/labels/arrows/table/options
TAH-BIO-BIO26-L29-Q009,BIO26-PDF131-L29-S1-Q009,BIO26-L29,أحياء 3,جهاز التكاثر في الإنسان,131,131,130,1,9,BIO26-M18,BIO26-S18-02,,,NOT_STARTED,NOT_RUN,ONE_QUESTION_ONE_IMAGE_ONE_CODE; exclude number/year/stars/badge/next-question/header; preserve full biological figure/labels/arrows/table/options
TAH-BIO-BIO26-L29-Q010,BIO26-PDF131-L29-S1-Q010,BIO26-L29,أحياء 3,جهاز التكاثر في الإنسان,131,131,130,1,10,BIO26-M18,BIO26-S18-02,,,NOT_STARTED,NOT_RUN,ONE_QUESTION_ONE_IMAGE_ONE_CODE; exclude number/year/stars/badge/next-question/header; preserve full biological figure/labels/arrows/table/options
TAH-BIO-BIO26-L29-Q011,BIO26-PDF131-L29-S1-Q011,BIO26-L29,أحياء 3,جهاز التكاثر في الإنسان,131,131,130,1,11,BIO26-M18,BIO26-S18-02,,,NOT_STARTED,NOT_RUN,ONE_QUESTION_ONE_IMAGE_ONE_CODE; exclude number/year/stars/badge/next-question/header; preserve full biological figure/labels/arrows/table/options
TAH-BIO-BIO26-L29-Q012,BIO26-PDF131-L29-S1-Q012,BIO26-L29,أحياء 3,جهاز التكاثر في الإنسان,131,131,130,1,12,BIO26-M18,BIO26-S18-02,,,NOT_STARTED,NOT_RUN,ONE_QUESTION_ONE_IMAGE_ONE_CODE; exclude number/year/stars/badge/next-question/header; preserve full biological figure/labels/arrows/table/options
TAH-BIO-BIO26-L29-Q013,BIO26-PDF131-L29-S1-Q013,BIO26-L29,أحياء 3,جهاز التكاثر في الإنسان,131,131,130,1,13,BIO26-M18,BIO26-S18-02,,,NOT_STARTED,NOT_RUN,ONE_QUESTION_ONE_IMAGE_ONE_CODE; exclude number/year/stars/badge/next-question/header; preserve full biological figure/labels/arrows/table/options
TAH-BIO-BIO26-L29-Q014,BIO26-PDF131-L29-S1-Q014,BIO26-L29,أحياء 3,جهاز التكاثر في الإنسان,131,131,130,1,14,BIO26-M18,BIO26-S18-02,,,NOT_STARTED,NOT_RUN,ONE_QUESTION_ONE_IMAGE_ONE_CODE; exclude number/year/stars/badge/next-question/header; preserve full biological figure/labels/arrows/table/options
TAH-BIO-BIO26-L29-Q015,BIO26-PDF132-L29-S1-Q015,BIO26-L29,أحياء 3,جهاز التكاثر في الإنسان,132,132,131,1,15,BIO26-M18,BIO26-S18-02,,,NOT_STARTED,NOT_RUN,ONE_QUESTION_ONE_IMAGE_ONE_CODE; exclude number/year/stars/badge/next-question/header; preserve full biological figure/labels/arrows/table/options
TAH-BIO-BIO26-L29-Q016,BIO26-PDF132-L29-S1-Q016,BIO26-L29,أحياء 3,جهاز التكاثر في الإنسان,132,132,131,1,16,BIO26-M18,BIO26-S18-02,,,NOT_STARTED,NOT_RUN,ONE_QUESTION_ONE_IMAGE_ONE_CODE; exclude number/year/stars/badge/next-question/header; preserve full biological figure/labels/arrows/table/options
TAH-BIO-BIO26-L29-Q017,BIO26-PDF132-L29-S1-Q017,BIO26-L29,أحياء 3,جهاز التكاثر في الإنسان,132,132,131,1,17,BIO26-M18,BIO26-S18-02,,,NOT_STARTED,NOT_RUN,ONE_QUESTION_ONE_IMAGE_ONE_CODE; exclude number/year/stars/badge/next-question/header; preserve full biological figure/labels/arrows/table/options
TAH-BIO-BIO26-L29-Q018,BIO26-PDF132-L29-S1-Q018,BIO26-L29,أحياء 3,جهاز التكاثر في الإنسان,132,132,131,1,18,BIO26-M18,BIO26-S18-02,,,NOT_STARTED,NOT_RUN,ONE_QUESTION_ONE_IMAGE_ONE_CODE; exclude number/year/stars/badge/next-question/header; preserve full biological figure/labels/arrows/table/options
TAH-BIO-BIO26-L29-Q019,BIO26-PDF132-L29-S1-Q019,BIO26-L29,أحياء 3,جهاز التكاثر في الإنسان,132,132,131,1,19,BIO26-M18,BIO26-S18-02,,,NOT_STARTED,NOT_RUN,ONE_QUESTION_ONE_IMAGE_ONE_CODE; exclude number/year/stars/badge/next-question/header; preserve full biological figure/labels/arrows/table/options
TAH-BIO-BIO26-L29-Q020,BIO26-PDF132-L29-S1-Q020,BIO26-L29,أحياء 3,جهاز التكاثر في الإنسان,132,132,131,1,20,BIO26-M18,BIO26-S18-02,,,NOT_STARTED,NOT_RUN,ONE_QUESTION_ONE_IMAGE_ONE_CODE; exclude number/year/stars/badge/next-question/header; preserve full biological figure/labels/arrows/table/options
TAH-BIO-BIO26-L29-Q021,BIO26-PDF132-L29-S1-Q021,BIO26-L29,أحياء 3,جهاز التكاثر في الإنسان,132,132,131,1,21,BIO26-M18,BIO26-S18-02,,,NOT_STARTED,NOT_RUN,ONE_QUESTION_ONE_IMAGE_ONE_CODE; exclude number/year/stars/badge/next-question/header; preserve full biological figure/labels/arrows/table/options
TAH-BIO-BIO26-L29-Q022,BIO26-PDF132-L29-S1-Q022,BIO26-L29,أحياء 3,جهاز التكاثر في الإنسان,132,132,131,1,22,BIO26-M18,BIO26-S18-02,,,NOT_STARTED,NOT_RUN,ONE_QUESTION_ONE_IMAGE_ONE_CODE; exclude number/year/stars/badge/next-question/header; preserve full biological figure/labels/arrows/table/options
TAH-BIO-BIO26-L29-Q023,BIO26-PDF133-L29-S2-Q023,BIO26-L29,أحياء 3,جهاز التكاثر في الإنسان,133,133,132,2,23,BIO26-M18,BIO26-S18-01,,,NOT_STARTED,NOT_RUN,ONE_QUESTION_ONE_IMAGE_ONE_CODE; exclude number/year/stars/badge/next-question/header; preserve full biological figure/labels/arrows/table/options
TAH-BIO-BIO26-L29-Q024,BIO26-PDF133-L29-S2-Q024,BIO26-L29,أحياء 3,جهاز التكاثر في الإنسان,133,133,132,2,24,BIO26-M18,BIO26-S18-01,,,NOT_STARTED,NOT_RUN,ONE_QUESTION_ONE_IMAGE_ONE_CODE; exclude number/year/stars/badge/next-question/header; preserve full biological figure/labels/arrows/table/options
TAH-BIO-BIO26-L29-Q025,BIO26-PDF133-L29-S2-Q025,BIO26-L29,أحياء 3,جهاز التكاثر في الإنسان,133,133,132,2,25,BIO26-M18,BIO26-S18-01,,,NOT_STARTED,NOT_RUN,ONE_QUESTION_ONE_IMAGE_ONE_CODE; exclude number/year/stars/badge/next-question/header; preserve full biological figure/labels/arrows/table/options
TAH-BIO-BIO26-L29-Q026,BIO26-PDF133-L29-S2-Q026,BIO26-L29,أحياء 3,جهاز التكاثر في الإنسان,133,133,132,2,26,BIO26-M18,BIO26-S18-01,,,NOT_STARTED,NOT_RUN,ONE_QUESTION_ONE_IMAGE_ONE_CODE; exclude number/year/stars/badge/next-question/header; preserve full biological figure/labels/arrows/table/options
TAH-BIO-BIO26-L29-Q027,BIO26-PDF133-L29-S2-Q027,BIO26-L29,أحياء 3,جهاز التكاثر في الإنسان,133,133,132,2,27,BIO26-M18,BIO26-S18-01,,,NOT_STARTED,NOT_RUN,ONE_QUESTION_ONE_IMAGE_ONE_CODE; exclude number/year/stars/badge/next-question/header; preserve full biological figure/labels/arrows/table/options
TAH-BIO-BIO26-L29-Q028,BIO26-PDF133-L29-S2-Q028,BIO26-L29,أحياء 3,جهاز التكاثر في الإنسان,133,133,132,2,28,BIO26-M18,BIO26-S18-01,,,NOT_STARTED,NOT_RUN,ONE_QUESTION_ONE_IMAGE_ONE_CODE; exclude number/year/stars/badge/next-question/header; preserve full biological figure/labels/arrows/table/options
TAH-BIO-BIO26-L29-Q029,BIO26-PDF133-L29-S2-Q029,BIO26-L29,أحياء 3,جهاز التكاثر في الإنسان,133,133,132,2,29,BIO26-M18,BIO26-S18-01,,,NOT_STARTED,NOT_RUN,ONE_QUESTION_ONE_IMAGE_ONE_CODE; exclude number/year/stars/badge/next-question/header; preserve full biological figure/labels/arrows/table/options
TAH-BIO-BIO26-L29-Q030,BIO26-PDF133-L29-S2-Q030,BIO26-L29,أحياء 3,جهاز التكاثر في الإنسان,133,133,132,2,30,BIO26-M18,BIO26-S18-02,,,NOT_STARTED,NOT_RUN,ONE_QUESTION_ONE_IMAGE_ONE_CODE; exclude number/year/stars/badge/next-question/header; preserve full biological figure/labels/arrows/table/options
TAH-BIO-BIO26-L29-Q031,BIO26-PDF133-L29-S2-Q031,BIO26-L29,أحياء 3,جهاز التكاثر في الإنسان,133,133,132,2,31,BIO26-M18,BIO26-S18-02,,,NOT_STARTED,NOT_RUN,ONE_QUESTION_ONE_IMAGE_ONE_CODE; exclude number/year/stars/badge/next-question/header; preserve full biological figure/labels/arrows/table/options
TAH-BIO-BIO26-L29-Q032,BIO26-PDF133-L29-S2-Q032,BIO26-L29,أحياء 3,جهاز التكاثر في الإنسان,133,133,132,2,32,BIO26-M18,BIO26-S18-02,,,NOT_STARTED,NOT_RUN,ONE_QUESTION_ONE_IMAGE_ONE_CODE; exclude number/year/stars/badge/next-question/header; preserve full biological figure/labels/arrows/table/options
TAH-BIO-BIO26-L29-Q033,BIO26-PDF133-L29-S2-Q033,BIO26-L29,أحياء 3,جهاز التكاثر في الإنسان,133,133,132,2,33,BIO26-M18,BIO26-S18-02,,,NOT_STARTED,NOT_RUN,ONE_QUESTION_ONE_IMAGE_ONE_CODE; exclude number/year/stars/badge/next-question/header; preserve full biological figure/labels/arrows/table/options
TAH-BIO-BIO26-L29-Q034,BIO26-PDF133-L29-S2-Q034,BIO26-L29,أحياء 3,جهاز التكاثر في الإنسان,133,133,132,2,34,BIO26-M18,BIO26-S18-02,,,NOT_STARTED,NOT_RUN,ONE_QUESTION_ONE_IMAGE_ONE_CODE; exclude number/year/stars/badge/next-question/header; preserve full biological figure/labels/arrows/table/options
TAH-BIO-BIO26-L29-Q035,BIO26-PDF133-L29-S2-Q035,BIO26-L29,أحياء 3,جهاز التكاثر في الإنسان,133,133,132,2,35,BIO26-M18,BIO26-S18-02,,,NOT_STARTED,NOT_RUN,ONE_QUESTION_ONE_IMAGE_ONE_CODE; exclude number/year/stars/badge/next-question/header; preserve full biological figure/labels/arrows/table/options
TAH-BIO-BIO26-L29-Q036,BIO26-PDF133-L29-S2-Q036,BIO26-L29,أحياء 3,جهاز التكاثر في الإنسان,133,133,132,2,36,BIO26-M18,BIO26-S18-02,,,NOT_STARTED,NOT_RUN,ONE_QUESTION_ONE_IMAGE_ONE_CODE; exclude number/year/stars/badge/next-question/header; preserve full biological figure/labels/arrows/table/options
TAH-BIO-BIO26-L29-Q037,BIO26-PDF133-L29-S2-Q037,BIO26-L29,أحياء 3,جهاز التكاثر في الإنسان,133,133,132,2,37,BIO26-M18,BIO26-S18-02,,,NOT_STARTED,NOT_RUN,ONE_QUESTION_ONE_IMAGE_ONE_CODE; exclude number/year/stars/badge/next-question/header; preserve full biological figure/labels/arrows/table/options
TAH-BIO-BIO26-L29-Q038,BIO26-PDF133-L29-S2-Q038,BIO26-L29,أحياء 3,جهاز التكاثر في الإنسان,133,133,132,2,38,BIO26-M18,BIO26-S18-02,,,NOT_STARTED,NOT_RUN,ONE_QUESTION_ONE_IMAGE_ONE_CODE; exclude number/year/stars/badge/next-question/header; preserve full biological figure/labels/arrows/table/options
TAH-BIO-BIO26-L29-Q039,BIO26-PDF133-L29-S2-Q039,BIO26-L29,أحياء 3,جهاز التكاثر في الإنسان,133,133,132,2,39,BIO26-M18,BIO26-S18-02,,,NOT_STARTED,NOT_RUN,ONE_QUESTION_ONE_IMAGE_ONE_CODE; exclude number/year/stars/badge/next-question/header; preserve full biological figure/labels/arrows/table/options
TAH-BIO-BIO26-L29-Q040,BIO26-PDF133-L29-S2-Q040,BIO26-L29,أحياء 3,جهاز التكاثر في الإنسان,133,133,132,2,40,BIO26-M18,BIO26-S18-02,,,NOT_STARTED,NOT_RUN,ONE_QUESTION_ONE_IMAGE_ONE_CODE; exclude number/year/stars/badge/next-question/header; preserve full biological figure/labels/arrows/table/options
TAH-BIO-BIO26-L29-Q041,BIO26-PDF134-L29-S2-Q041,BIO26-L29,أحياء 3,جهاز التكاثر في الإنسان,134,134,133,2,41,BIO26-M18,BIO26-S18-02,,,NOT_STARTED,NOT_RUN,ONE_QUESTION_ONE_IMAGE_ONE_CODE; exclude number/year/stars/badge/next-question/header; preserve full biological figure/labels/arrows/table/options
TAH-BIO-BIO26-L29-Q042,BIO26-PDF134-L29-S2-Q042,BIO26-L29,أحياء 3,جهاز التكاثر في الإنسان,134,134,133,2,42,BIO26-M18,BIO26-S18-02,,,NOT_STARTED,NOT_RUN,ONE_QUESTION_ONE_IMAGE_ONE_CODE; exclude number/year/stars/badge/next-question/header; preserve full biological figure/labels/arrows/table/options
TAH-BIO-BIO26-L29-Q043,BIO26-PDF134-L29-S2-Q043,BIO26-L29,أحياء 3,جهاز التكاثر في الإنسان,134,134,133,2,43,BIO26-M18,BIO26-S18-02,,,NOT_STARTED,NOT_RUN,ONE_QUESTION_ONE_IMAGE_ONE_CODE; exclude number/year/stars/badge/next-question/header; preserve full biological figure/labels/arrows/table/options
TAH-BIO-BIO26-L30-Q001,BIO26-PDF135-L30-S1-Q001,BIO26-L30,أحياء 3,مراحل نمو الجنين,135,135,134,1,1,BIO26-M18,BIO26-S18-03,,,NOT_STARTED,NOT_RUN,ONE_QUESTION_ONE_IMAGE_ONE_CODE; exclude number/year/stars/badge/next-question/header; preserve full biological figure/labels/arrows/table/options
TAH-BIO-BIO26-L30-Q002,BIO26-PDF135-L30-S1-Q002,BIO26-L30,أحياء 3,مراحل نمو الجنين,135,135,134,1,2,BIO26-M18,BIO26-S18-03,,,NOT_STARTED,NOT_RUN,ONE_QUESTION_ONE_IMAGE_ONE_CODE; exclude number/year/stars/badge/next-question/header; preserve full biological figure/labels/arrows/table/options
TAH-BIO-BIO26-L30-Q003,BIO26-PDF135-L30-S1-Q003,BIO26-L30,أحياء 3,مراحل نمو الجنين,135,135,134,1,3,BIO26-M18,BIO26-S18-03,,,NOT_STARTED,NOT_RUN,ONE_QUESTION_ONE_IMAGE_ONE_CODE; exclude number/year/stars/badge/next-question/header; preserve full biological figure/labels/arrows/table/options
TAH-BIO-BIO26-L30-Q004,BIO26-PDF135-L30-S1-Q004,BIO26-L30,أحياء 3,مراحل نمو الجنين,135,135,134,1,4,BIO26-M18,BIO26-S18-03,,,NOT_STARTED,NOT_RUN,ONE_QUESTION_ONE_IMAGE_ONE_CODE; exclude number/year/stars/badge/next-question/header; preserve full biological figure/labels/arrows/table/options
TAH-BIO-BIO26-L30-Q005,BIO26-PDF135-L30-S1-Q005,BIO26-L30,أحياء 3,مراحل نمو الجنين,135,135,134,1,5,BIO26-M18,BIO26-S18-03,,,NOT_STARTED,NOT_RUN,ONE_QUESTION_ONE_IMAGE_ONE_CODE; exclude number/year/stars/badge/next-question/header; preserve full biological figure/labels/arrows/table/options
TAH-BIO-BIO26-L30-Q006,BIO26-PDF135-L30-S1-Q006,BIO26-L30,أحياء 3,مراحل نمو الجنين,135,135,134,1,6,BIO26-M18,BIO26-S18-03,,,NOT_STARTED,NOT_RUN,ONE_QUESTION_ONE_IMAGE_ONE_CODE; exclude number/year/stars/badge/next-question/header; preserve full biological figure/labels/arrows/table/options
TAH-BIO-BIO26-L30-Q007,BIO26-PDF135-L30-S1-Q007,BIO26-L30,أحياء 3,مراحل نمو الجنين,135,135,134,1,7,BIO26-M18,BIO26-S18-04,,,NOT_STARTED,NOT_RUN,ONE_QUESTION_ONE_IMAGE_ONE_CODE; exclude number/year/stars/badge/next-question/header; preserve full biological figure/labels/arrows/table/options
TAH-BIO-BIO26-L30-Q008,BIO26-PDF135-L30-S1-Q008,BIO26-L30,أحياء 3,مراحل نمو الجنين,135,135,134,1,8,BIO26-M18,BIO26-S18-04,,,NOT_STARTED,NOT_RUN,ONE_QUESTION_ONE_IMAGE_ONE_CODE; exclude number/year/stars/badge/next-question/header; preserve full biological figure/labels/arrows/table/options
TAH-BIO-BIO26-L30-Q009,BIO26-PDF135-L30-S1-Q009,BIO26-L30,أحياء 3,مراحل نمو الجنين,135,135,134,1,9,BIO26-M18,BIO26-S18-04,,,NOT_STARTED,NOT_RUN,ONE_QUESTION_ONE_IMAGE_ONE_CODE; exclude number/year/stars/badge/next-question/header; preserve full biological figure/labels/arrows/table/options
TAH-BIO-BIO26-L30-Q010,BIO26-PDF135-L30-S1-Q010,BIO26-L30,أحياء 3,مراحل نمو الجنين,135,135,134,1,10,BIO26-M18,BIO26-S18-04,,,NOT_STARTED,NOT_RUN,ONE_QUESTION_ONE_IMAGE_ONE_CODE; exclude number/year/stars/badge/next-question/header; preserve full biological figure/labels/arrows/table/options
TAH-BIO-BIO26-L30-Q011,BIO26-PDF135-L30-S1-Q011,BIO26-L30,أحياء 3,مراحل نمو الجنين,135,135,134,1,11,BIO26-M18,BIO26-S18-04,,,NOT_STARTED,NOT_RUN,ONE_QUESTION_ONE_IMAGE_ONE_CODE; exclude number/year/stars/badge/next-question/header; preserve full biological figure/labels/arrows/table/options
TAH-BIO-BIO26-L30-Q012,BIO26-PDF136-L30-S2-Q012,BIO26-L30,أحياء 3,مراحل نمو الجنين,136,136,135,2,12,BIO26-M18,BIO26-S18-03,,,NOT_STARTED,NOT_RUN,ONE_QUESTION_ONE_IMAGE_ONE_CODE; exclude number/year/stars/badge/next-question/header; preserve full biological figure/labels/arrows/table/options
TAH-BIO-BIO26-L30-Q013,BIO26-PDF136-L30-S2-Q013,BIO26-L30,أحياء 3,مراحل نمو الجنين,136,136,135,2,13,BIO26-M18,BIO26-S18-03,,,NOT_STARTED,NOT_RUN,ONE_QUESTION_ONE_IMAGE_ONE_CODE; exclude number/year/stars/badge/next-question/header; preserve full biological figure/labels/arrows/table/options
TAH-BIO-BIO26-L30-Q014,BIO26-PDF136-L30-S2-Q014,BIO26-L30,أحياء 3,مراحل نمو الجنين,136,136,135,2,14,BIO26-M18,BIO26-S18-03,,,NOT_STARTED,NOT_RUN,ONE_QUESTION_ONE_IMAGE_ONE_CODE; exclude number/year/stars/badge/next-question/header; preserve full biological figure/labels/arrows/table/options
TAH-BIO-BIO26-L30-Q015,BIO26-PDF136-L30-S2-Q015,BIO26-L30,أحياء 3,مراحل نمو الجنين,136,136,135,2,15,BIO26-M18,BIO26-S18-03,,,NOT_STARTED,NOT_RUN,ONE_QUESTION_ONE_IMAGE_ONE_CODE; exclude number/year/stars/badge/next-question/header; preserve full biological figure/labels/arrows/table/options
TAH-BIO-BIO26-L30-Q016,BIO26-PDF136-L30-S2-Q016,BIO26-L30,أحياء 3,مراحل نمو الجنين,136,136,135,2,16,BIO26-M18,BIO26-S18-03,,,NOT_STARTED,NOT_RUN,ONE_QUESTION_ONE_IMAGE_ONE_CODE; exclude number/year/stars/badge/next-question/header; preserve full biological figure/labels/arrows/table/options
TAH-BIO-BIO26-L30-Q017,BIO26-PDF136-L30-S2-Q017,BIO26-L30,أحياء 3,مراحل نمو الجنين,136,136,135,2,17,BIO26-M18,BIO26-S18-04,,,NOT_STARTED,NOT_RUN,ONE_QUESTION_ONE_IMAGE_ONE_CODE; exclude number/year/stars/badge/next-question/header; preserve full biological figure/labels/arrows/table/options
TAH-BIO-BIO26-L30-Q018,BIO26-PDF136-L30-S2-Q018,BIO26-L30,أحياء 3,مراحل نمو الجنين,136,136,135,2,18,BIO26-M18,BIO26-S18-04,,,NOT_STARTED,NOT_RUN,ONE_QUESTION_ONE_IMAGE_ONE_CODE; exclude number/year/stars/badge/next-question/header; preserve full biological figure/labels/arrows/table/options
TAH-BIO-BIO26-L30-Q019,BIO26-PDF136-L30-S2-Q019,BIO26-L30,أحياء 3,مراحل نمو الجنين,136,136,135,2,19,BIO26-M18,BIO26-S18-04,,,NOT_STARTED,NOT_RUN,ONE_QUESTION_ONE_IMAGE_ONE_CODE; exclude number/year/stars/badge/next-question/header; preserve full biological figure/labels/arrows/table/options
TAH-BIO-BIO26-L30-Q020,BIO26-PDF136-L30-S2-Q020,BIO26-L30,أحياء 3,مراحل نمو الجنين,136,136,135,2,20,BIO26-M18,BIO26-S18-04,,,NOT_STARTED,NOT_RUN,ONE_QUESTION_ONE_IMAGE_ONE_CODE; exclude number/year/stars/badge/next-question/header; preserve full biological figure/labels/arrows/table/options
TAH-BIO-BIO26-L30-Q021,BIO26-PDF136-L30-S2-Q021,BIO26-L30,أحياء 3,مراحل نمو الجنين,136,136,135,2,21,BIO26-M18,BIO26-S18-04,,,NOT_STARTED,NOT_RUN,ONE_QUESTION_ONE_IMAGE_ONE_CODE; exclude number/year/stars/badge/next-question/header; preserve full biological figure/labels/arrows/table/options
TAH-BIO-BIO26-L30-Q022,BIO26-PDF136-L30-S2-Q022,BIO26-L30,أحياء 3,مراحل نمو الجنين,136,136,135,2,22,BIO26-M18,BIO26-S18-04,,,NOT_STARTED,NOT_RUN,ONE_QUESTION_ONE_IMAGE_ONE_CODE; exclude number/year/stars/badge/next-question/header; preserve full biological figure/labels/arrows/table/options
TAH-BIO-BIO26-L30-Q023,BIO26-PDF136-L30-S2-Q023,BIO26-L30,أحياء 3,مراحل نمو الجنين,136,136,135,2,23,BIO26-M18,BIO26-S18-04,,,NOT_STARTED,NOT_RUN,ONE_QUESTION_ONE_IMAGE_ONE_CODE; exclude number/year/stars/badge/next-question/header; preserve full biological figure/labels/arrows/table/options
TAH-BIO-BIO26-L31-Q001,BIO26-PDF137-L31-S1-Q001,BIO26-L31,أحياء 3,الجهاز المناعي,137,137,136,1,1,BIO26-M19,BIO26-S19-01,,,NOT_STARTED,NOT_RUN,ONE_QUESTION_ONE_IMAGE_ONE_CODE; exclude number/year/stars/badge/next-question/header; preserve full biological figure/labels/arrows/table/options
TAH-BIO-BIO26-L31-Q002,BIO26-PDF137-L31-S1-Q002,BIO26-L31,أحياء 3,الجهاز المناعي,137,137,136,1,2,BIO26-M19,BIO26-S19-01,,,NOT_STARTED,NOT_RUN,ONE_QUESTION_ONE_IMAGE_ONE_CODE; exclude number/year/stars/badge/next-question/header; preserve full biological figure/labels/arrows/table/options
TAH-BIO-BIO26-L31-Q003,BIO26-PDF137-L31-S1-Q003,BIO26-L31,أحياء 3,الجهاز المناعي,137,137,136,1,3,BIO26-M19,BIO26-S19-01,,,NOT_STARTED,NOT_RUN,ONE_QUESTION_ONE_IMAGE_ONE_CODE; exclude number/year/stars/badge/next-question/header; preserve full biological figure/labels/arrows/table/options
TAH-BIO-BIO26-L31-Q004,BIO26-PDF137-L31-S1-Q004,BIO26-L31,أحياء 3,الجهاز المناعي,137,137,136,1,4,BIO26-M19,BIO26-S19-01,,,NOT_STARTED,NOT_RUN,ONE_QUESTION_ONE_IMAGE_ONE_CODE; exclude number/year/stars/badge/next-question/header; preserve full biological figure/labels/arrows/table/options
TAH-BIO-BIO26-L31-Q005,BIO26-PDF137-L31-S1-Q005,BIO26-L31,أحياء 3,الجهاز المناعي,137,137,136,1,5,BIO26-M19,BIO26-S19-01,,,NOT_STARTED,NOT_RUN,ONE_QUESTION_ONE_IMAGE_ONE_CODE; exclude number/year/stars/badge/next-question/header; preserve full biological figure/labels/arrows/table/options
TAH-BIO-BIO26-L31-Q006,BIO26-PDF137-L31-S1-Q006,BIO26-L31,أحياء 3,الجهاز المناعي,137,137,136,1,6,BIO26-M19,BIO26-S19-01,,,NOT_STARTED,NOT_RUN,ONE_QUESTION_ONE_IMAGE_ONE_CODE; exclude number/year/stars/badge/next-question/header; preserve full biological figure/labels/arrows/table/options
TAH-BIO-BIO26-L31-Q007,BIO26-PDF137-L31-S1-Q007,BIO26-L31,أحياء 3,الجهاز المناعي,137,137,136,1,7,BIO26-M19,BIO26-S19-01,,,NOT_STARTED,NOT_RUN,ONE_QUESTION_ONE_IMAGE_ONE_CODE; exclude number/year/stars/badge/next-question/header; preserve full biological figure/labels/arrows/table/options
TAH-BIO-BIO26-L31-Q008,BIO26-PDF137-L31-S1-Q008,BIO26-L31,أحياء 3,الجهاز المناعي,137,137,136,1,8,BIO26-M19,BIO26-S19-01,,,NOT_STARTED,NOT_RUN,ONE_QUESTION_ONE_IMAGE_ONE_CODE; exclude number/year/stars/badge/next-question/header; preserve full biological figure/labels/arrows/table/options
TAH-BIO-BIO26-L31-Q009,BIO26-PDF137-L31-S1-Q009,BIO26-L31,أحياء 3,الجهاز المناعي,137,137,136,1,9,BIO26-M19,BIO26-S19-01,,,NOT_STARTED,NOT_RUN,ONE_QUESTION_ONE_IMAGE_ONE_CODE; exclude number/year/stars/badge/next-question/header; preserve full biological figure/labels/arrows/table/options
TAH-BIO-BIO26-L31-Q010,BIO26-PDF137-L31-S1-Q010,BIO26-L31,أحياء 3,الجهاز المناعي,137,137,136,1,10,BIO26-M19,BIO26-S19-03,,,NOT_STARTED,NOT_RUN,ONE_QUESTION_ONE_IMAGE_ONE_CODE; exclude number/year/stars/badge/next-question/header; preserve full biological figure/labels/arrows/table/options
TAH-BIO-BIO26-L31-Q011,BIO26-PDF137-L31-S1-Q011,BIO26-L31,أحياء 3,الجهاز المناعي,137,137,136,1,11,BIO26-M19,BIO26-S19-03,,,NOT_STARTED,NOT_RUN,ONE_QUESTION_ONE_IMAGE_ONE_CODE; exclude number/year/stars/badge/next-question/header; preserve full biological figure/labels/arrows/table/options
TAH-BIO-BIO26-L31-Q012,BIO26-PDF137-L31-S1-Q012,BIO26-L31,أحياء 3,الجهاز المناعي,137,137,136,1,12,BIO26-M19,BIO26-S19-03,,,NOT_STARTED,NOT_RUN,ONE_QUESTION_ONE_IMAGE_ONE_CODE; exclude number/year/stars/badge/next-question/header; preserve full biological figure/labels/arrows/table/options
TAH-BIO-BIO26-L31-Q013,BIO26-PDF137-L31-S1-Q013,BIO26-L31,أحياء 3,الجهاز المناعي,137,137,136,1,13,BIO26-M19,BIO26-S19-03,,,NOT_STARTED,NOT_RUN,ONE_QUESTION_ONE_IMAGE_ONE_CODE; exclude number/year/stars/badge/next-question/header; preserve full biological figure/labels/arrows/table/options
TAH-BIO-BIO26-L31-Q014,BIO26-PDF137-L31-S1-Q014,BIO26-L31,أحياء 3,الجهاز المناعي,137,137,136,1,14,BIO26-M19,BIO26-S19-03,,,NOT_STARTED,NOT_RUN,ONE_QUESTION_ONE_IMAGE_ONE_CODE; exclude number/year/stars/badge/next-question/header; preserve full biological figure/labels/arrows/table/options
TAH-BIO-BIO26-L31-Q015,BIO26-PDF138-L31-S1-Q015,BIO26-L31,أحياء 3,الجهاز المناعي,138,138,137,1,15,BIO26-M19,BIO26-S19-02,,,NOT_STARTED,NOT_RUN,ONE_QUESTION_ONE_IMAGE_ONE_CODE; exclude number/year/stars/badge/next-question/header; preserve full biological figure/labels/arrows/table/options
TAH-BIO-BIO26-L31-Q016,BIO26-PDF138-L31-S1-Q016,BIO26-L31,أحياء 3,الجهاز المناعي,138,138,137,1,16,BIO26-M19,BIO26-S19-02,,,NOT_STARTED,NOT_RUN,ONE_QUESTION_ONE_IMAGE_ONE_CODE; exclude number/year/stars/badge/next-question/header; preserve full biological figure/labels/arrows/table/options
TAH-BIO-BIO26-L31-Q017,BIO26-PDF138-L31-S1-Q017,BIO26-L31,أحياء 3,الجهاز المناعي,138,138,137,1,17,BIO26-M19,BIO26-S19-02,,,NOT_STARTED,NOT_RUN,ONE_QUESTION_ONE_IMAGE_ONE_CODE; exclude number/year/stars/badge/next-question/header; preserve full biological figure/labels/arrows/table/options
TAH-BIO-BIO26-L31-Q018,BIO26-PDF138-L31-S1-Q018,BIO26-L31,أحياء 3,الجهاز المناعي,138,138,137,1,18,BIO26-M19,BIO26-S19-02,,,NOT_STARTED,NOT_RUN,ONE_QUESTION_ONE_IMAGE_ONE_CODE; exclude number/year/stars/badge/next-question/header; preserve full biological figure/labels/arrows/table/options
TAH-BIO-BIO26-L31-Q019,BIO26-PDF138-L31-S1-Q019,BIO26-L31,أحياء 3,الجهاز المناعي,138,138,137,1,19,BIO26-M19,BIO26-S19-03,,,NOT_STARTED,NOT_RUN,ONE_QUESTION_ONE_IMAGE_ONE_CODE; exclude number/year/stars/badge/next-question/header; preserve full biological figure/labels/arrows/table/options
TAH-BIO-BIO26-L31-Q020,BIO26-PDF138-L31-S1-Q020,BIO26-L31,أحياء 3,الجهاز المناعي,138,138,137,1,20,BIO26-M19,BIO26-S19-03,,,NOT_STARTED,NOT_RUN,ONE_QUESTION_ONE_IMAGE_ONE_CODE; exclude number/year/stars/badge/next-question/header; preserve full biological figure/labels/arrows/table/options
TAH-BIO-BIO26-L31-Q021,BIO26-PDF138-L31-S1-Q021,BIO26-L31,أحياء 3,الجهاز المناعي,138,138,137,1,21,BIO26-M19,BIO26-S19-03,,,NOT_STARTED,NOT_RUN,ONE_QUESTION_ONE_IMAGE_ONE_CODE; exclude number/year/stars/badge/next-question/header; preserve full biological figure/labels/arrows/table/options
TAH-BIO-BIO26-L31-Q022,BIO26-PDF138-L31-S1-Q022,BIO26-L31,أحياء 3,الجهاز المناعي,138,138,137,1,22,BIO26-M19,BIO26-S19-03,,,NOT_STARTED,NOT_RUN,ONE_QUESTION_ONE_IMAGE_ONE_CODE; exclude number/year/stars/badge/next-question/header; preserve full biological figure/labels/arrows/table/options
TAH-BIO-BIO26-L31-Q023,BIO26-PDF138-L31-S1-Q023,BIO26-L31,أحياء 3,الجهاز المناعي,138,138,137,1,23,BIO26-M19,BIO26-S19-03,,,NOT_STARTED,NOT_RUN,ONE_QUESTION_ONE_IMAGE_ONE_CODE; exclude number/year/stars/badge/next-question/header; preserve full biological figure/labels/arrows/table/options
TAH-BIO-BIO26-L31-Q024,BIO26-PDF139-L31-S2-Q024,BIO26-L31,أحياء 3,الجهاز المناعي,139,139,138,2,24,BIO26-M19,BIO26-S19-01,,,NOT_STARTED,NOT_RUN,ONE_QUESTION_ONE_IMAGE_ONE_CODE; exclude number/year/stars/badge/next-question/header; preserve full biological figure/labels/arrows/table/options
TAH-BIO-BIO26-L31-Q025,BIO26-PDF139-L31-S2-Q025,BIO26-L31,أحياء 3,الجهاز المناعي,139,139,138,2,25,BIO26-M19,BIO26-S19-01,,,NOT_STARTED,NOT_RUN,ONE_QUESTION_ONE_IMAGE_ONE_CODE; exclude number/year/stars/badge/next-question/header; preserve full biological figure/labels/arrows/table/options
TAH-BIO-BIO26-L31-Q026,BIO26-PDF139-L31-S2-Q026,BIO26-L31,أحياء 3,الجهاز المناعي,139,139,138,2,26,BIO26-M19,BIO26-S19-01,,,NOT_STARTED,NOT_RUN,ONE_QUESTION_ONE_IMAGE_ONE_CODE; exclude number/year/stars/badge/next-question/header; preserve full biological figure/labels/arrows/table/options
TAH-BIO-BIO26-L31-Q027,BIO26-PDF139-L31-S2-Q027,BIO26-L31,أحياء 3,الجهاز المناعي,139,139,138,2,27,BIO26-M19,BIO26-S19-01,,,NOT_STARTED,NOT_RUN,ONE_QUESTION_ONE_IMAGE_ONE_CODE; exclude number/year/stars/badge/next-question/header; preserve full biological figure/labels/arrows/table/options
TAH-BIO-BIO26-L31-Q028,BIO26-PDF139-L31-S2-Q028,BIO26-L31,أحياء 3,الجهاز المناعي,139,139,138,2,28,BIO26-M19,BIO26-S19-01,,,NOT_STARTED,NOT_RUN,ONE_QUESTION_ONE_IMAGE_ONE_CODE; exclude number/year/stars/badge/next-question/header; preserve full biological figure/labels/arrows/table/options
TAH-BIO-BIO26-L31-Q029,BIO26-PDF139-L31-S2-Q029,BIO26-L31,أحياء 3,الجهاز المناعي,139,139,138,2,29,BIO26-M19,BIO26-S19-01,,,NOT_STARTED,NOT_RUN,ONE_QUESTION_ONE_IMAGE_ONE_CODE; exclude number/year/stars/badge/next-question/header; preserve full biological figure/labels/arrows/table/options
TAH-BIO-BIO26-L31-Q030,BIO26-PDF139-L31-S2-Q030,BIO26-L31,أحياء 3,الجهاز المناعي,139,139,138,2,30,BIO26-M19,BIO26-S19-01,,,NOT_STARTED,NOT_RUN,ONE_QUESTION_ONE_IMAGE_ONE_CODE; exclude number/year/stars/badge/next-question/header; preserve full biological figure/labels/arrows/table/options
TAH-BIO-BIO26-L31-Q031,BIO26-PDF139-L31-S2-Q031,BIO26-L31,أحياء 3,الجهاز المناعي,139,139,138,2,31,BIO26-M19,BIO26-S19-01,,,NOT_STARTED,NOT_RUN,ONE_QUESTION_ONE_IMAGE_ONE_CODE; exclude number/year/stars/badge/next-question/header; preserve full biological figure/labels/arrows/table/options
TAH-BIO-BIO26-L31-Q032,BIO26-PDF139-L31-S2-Q032,BIO26-L31,أحياء 3,الجهاز المناعي,139,139,138,2,32,BIO26-M19,BIO26-S19-01,,,NOT_STARTED,NOT_RUN,ONE_QUESTION_ONE_IMAGE_ONE_CODE; exclude number/year/stars/badge/next-question/header; preserve full biological figure/labels/arrows/table/options
TAH-BIO-BIO26-L31-Q033,BIO26-PDF139-L31-S2-Q033,BIO26-L31,أحياء 3,الجهاز المناعي,139,139,138,2,33,BIO26-M19,BIO26-S19-01,,,NOT_STARTED,NOT_RUN,ONE_QUESTION_ONE_IMAGE_ONE_CODE; exclude number/year/stars/badge/next-question/header; preserve full biological figure/labels/arrows/table/options
TAH-BIO-BIO26-L31-Q034,BIO26-PDF139-L31-S2-Q034,BIO26-L31,أحياء 3,الجهاز المناعي,139,139,138,2,34,BIO26-M19,BIO26-S19-01,,,NOT_STARTED,NOT_RUN,ONE_QUESTION_ONE_IMAGE_ONE_CODE; exclude number/year/stars/badge/next-question/header; preserve full biological figure/labels/arrows/table/options
TAH-BIO-BIO26-L31-Q035,BIO26-PDF139-L31-S2-Q035,BIO26-L31,أحياء 3,الجهاز المناعي,139,139,138,2,35,BIO26-M19,BIO26-S19-01,,,NOT_STARTED,NOT_RUN,ONE_QUESTION_ONE_IMAGE_ONE_CODE; exclude number/year/stars/badge/next-question/header; preserve full biological figure/labels/arrows/table/options
TAH-BIO-BIO26-L31-Q036,BIO26-PDF139-L31-S2-Q036,BIO26-L31,أحياء 3,الجهاز المناعي,139,139,138,2,36,BIO26-M19,BIO26-S19-01,,,NOT_STARTED,NOT_RUN,ONE_QUESTION_ONE_IMAGE_ONE_CODE; exclude number/year/stars/badge/next-question/header; preserve full biological figure/labels/arrows/table/options
TAH-BIO-BIO26-L31-Q037,BIO26-PDF139-L31-S2-Q037,BIO26-L31,أحياء 3,الجهاز المناعي,139,139,138,2,37,BIO26-M19,BIO26-S19-01,,,NOT_STARTED,NOT_RUN,ONE_QUESTION_ONE_IMAGE_ONE_CODE; exclude number/year/stars/badge/next-question/header; preserve full biological figure/labels/arrows/table/options
TAH-BIO-BIO26-L31-Q038,BIO26-PDF139-L31-S2-Q038,BIO26-L31,أحياء 3,الجهاز المناعي,139,139,138,2,38,BIO26-M19,BIO26-S19-01,,,NOT_STARTED,NOT_RUN,ONE_QUESTION_ONE_IMAGE_ONE_CODE; exclude number/year/stars/badge/next-question/header; preserve full biological figure/labels/arrows/table/options
TAH-BIO-BIO26-L31-Q039,BIO26-PDF139-L31-S2-Q039,BIO26-L31,أحياء 3,الجهاز المناعي,139,139,138,2,39,BIO26-M19,BIO26-S19-02,,,NOT_STARTED,NOT_RUN,ONE_QUESTION_ONE_IMAGE_ONE_CODE; exclude number/year/stars/badge/next-question/header; preserve full biological figure/labels/arrows/table/options
TAH-BIO-BIO26-L31-Q040,BIO26-PDF139-L31-S2-Q040,BIO26-L31,أحياء 3,الجهاز المناعي,139,139,138,2,40,BIO26-M19,BIO26-S19-02,,,NOT_STARTED,NOT_RUN,ONE_QUESTION_ONE_IMAGE_ONE_CODE; exclude number/year/stars/badge/next-question/header; preserve full biological figure/labels/arrows/table/options
TAH-BIO-BIO26-L31-Q041,BIO26-PDF139-L31-S2-Q041,BIO26-L31,أحياء 3,الجهاز المناعي,139,139,138,2,41,BIO26-M19,BIO26-S19-02,,,NOT_STARTED,NOT_RUN,ONE_QUESTION_ONE_IMAGE_ONE_CODE; exclude number/year/stars/badge/next-question/header; preserve full biological figure/labels/arrows/table/options
TAH-BIO-BIO26-L32-Q001,BIO26-PDF141-L32-S1-Q001,BIO26-L32,أحياء 4,التراكيب الخلوية,141,141,140,1,1,BIO26-M20,BIO26-S20-01,,,NOT_STARTED,NOT_RUN,ONE_QUESTION_ONE_IMAGE_ONE_CODE; exclude number/year/stars/badge/next-question/header; preserve full biological figure/labels/arrows/table/options
TAH-BIO-BIO26-L32-Q002,BIO26-PDF141-L32-S1-Q002,BIO26-L32,أحياء 4,التراكيب الخلوية,141,141,140,1,2,BIO26-M20,BIO26-S20-01,,,NOT_STARTED,NOT_RUN,ONE_QUESTION_ONE_IMAGE_ONE_CODE; exclude number/year/stars/badge/next-question/header; preserve full biological figure/labels/arrows/table/options
TAH-BIO-BIO26-L32-Q003,BIO26-PDF141-L32-S1-Q003,BIO26-L32,أحياء 4,التراكيب الخلوية,141,141,140,1,3,BIO26-M20,BIO26-S20-01,,,NOT_STARTED,NOT_RUN,ONE_QUESTION_ONE_IMAGE_ONE_CODE; exclude number/year/stars/badge/next-question/header; preserve full biological figure/labels/arrows/table/options
TAH-BIO-BIO26-L32-Q004,BIO26-PDF141-L32-S1-Q004,BIO26-L32,أحياء 4,التراكيب الخلوية,141,141,140,1,4,BIO26-M20,BIO26-S20-01,,,NOT_STARTED,NOT_RUN,ONE_QUESTION_ONE_IMAGE_ONE_CODE; exclude number/year/stars/badge/next-question/header; preserve full biological figure/labels/arrows/table/options
TAH-BIO-BIO26-L32-Q005,BIO26-PDF141-L32-S1-Q005,BIO26-L32,أحياء 4,التراكيب الخلوية,141,141,140,1,5,BIO26-M20,BIO26-S20-01,,,NOT_STARTED,NOT_RUN,ONE_QUESTION_ONE_IMAGE_ONE_CODE; exclude number/year/stars/badge/next-question/header; preserve full biological figure/labels/arrows/table/options
TAH-BIO-BIO26-L32-Q006,BIO26-PDF141-L32-S1-Q006,BIO26-L32,أحياء 4,التراكيب الخلوية,141,141,140,1,6,BIO26-M20,BIO26-S20-01,,,NOT_STARTED,NOT_RUN,ONE_QUESTION_ONE_IMAGE_ONE_CODE; exclude number/year/stars/badge/next-question/header; preserve full biological figure/labels/arrows/table/options
TAH-BIO-BIO26-L32-Q007,BIO26-PDF141-L32-S1-Q007,BIO26-L32,أحياء 4,التراكيب الخلوية,141,141,140,1,7,BIO26-M20,BIO26-S20-01,,,NOT_STARTED,NOT_RUN,ONE_QUESTION_ONE_IMAGE_ONE_CODE; exclude number/year/stars/badge/next-question/header; preserve full biological figure/labels/arrows/table/options
TAH-BIO-BIO26-L32-Q008,BIO26-PDF141-L32-S1-Q008,BIO26-L32,أحياء 4,التراكيب الخلوية,141,141,140,1,8,BIO26-M20,BIO26-S20-01,,,NOT_STARTED,NOT_RUN,ONE_QUESTION_ONE_IMAGE_ONE_CODE; exclude number/year/stars/badge/next-question/header; preserve full biological figure/labels/arrows/table/options
TAH-BIO-BIO26-L32-Q009,BIO26-PDF141-L32-S1-Q009,BIO26-L32,أحياء 4,التراكيب الخلوية,141,141,140,1,9,BIO26-M20,BIO26-S20-01,,,NOT_STARTED,NOT_RUN,ONE_QUESTION_ONE_IMAGE_ONE_CODE; exclude number/year/stars/badge/next-question/header; preserve full biological figure/labels/arrows/table/options
TAH-BIO-BIO26-L32-Q010,BIO26-PDF141-L32-S1-Q010,BIO26-L32,أحياء 4,التراكيب الخلوية,141,141,140,1,10,BIO26-M20,BIO26-S20-01,,,NOT_STARTED,NOT_RUN,ONE_QUESTION_ONE_IMAGE_ONE_CODE; exclude number/year/stars/badge/next-question/header; preserve full biological figure/labels/arrows/table/options
TAH-BIO-BIO26-L32-Q011,BIO26-PDF141-L32-S1-Q011,BIO26-L32,أحياء 4,التراكيب الخلوية,141,141,140,1,11,BIO26-M20,BIO26-S20-01,,,NOT_STARTED,NOT_RUN,ONE_QUESTION_ONE_IMAGE_ONE_CODE; exclude number/year/stars/badge/next-question/header; preserve full biological figure/labels/arrows/table/options
TAH-BIO-BIO26-L32-Q012,BIO26-PDF141-L32-S1-Q012,BIO26-L32,أحياء 4,التراكيب الخلوية,141,141,140,1,12,BIO26-M20,BIO26-S20-01,,,NOT_STARTED,NOT_RUN,ONE_QUESTION_ONE_IMAGE_ONE_CODE; exclude number/year/stars/badge/next-question/header; preserve full biological figure/labels/arrows/table/options
TAH-BIO-BIO26-L32-Q013,BIO26-PDF141-L32-S1-Q013,BIO26-L32,أحياء 4,التراكيب الخلوية,141,141,140,1,13,BIO26-M20,BIO26-S20-01,,,NOT_STARTED,NOT_RUN,ONE_QUESTION_ONE_IMAGE_ONE_CODE; exclude number/year/stars/badge/next-question/header; preserve full biological figure/labels/arrows/table/options
TAH-BIO-BIO26-L32-Q014,BIO26-PDF141-L32-S1-Q014,BIO26-L32,أحياء 4,التراكيب الخلوية,141,141,140,1,14,BIO26-M20,BIO26-S20-01,,,NOT_STARTED,NOT_RUN,ONE_QUESTION_ONE_IMAGE_ONE_CODE; exclude number/year/stars/badge/next-question/header; preserve full biological figure/labels/arrows/table/options
TAH-BIO-BIO26-L32-Q015,BIO26-PDF141-L32-S1-Q015,BIO26-L32,أحياء 4,التراكيب الخلوية,141,141,140,1,15,BIO26-M20,BIO26-S20-01,,,NOT_STARTED,NOT_RUN,ONE_QUESTION_ONE_IMAGE_ONE_CODE; exclude number/year/stars/badge/next-question/header; preserve full biological figure/labels/arrows/table/options
TAH-BIO-BIO26-L32-Q016,BIO26-PDF141-L32-S1-Q016,BIO26-L32,أحياء 4,التراكيب الخلوية,141,141,140,1,16,BIO26-M20,BIO26-S20-01,,,NOT_STARTED,NOT_RUN,ONE_QUESTION_ONE_IMAGE_ONE_CODE; exclude number/year/stars/badge/next-question/header; preserve full biological figure/labels/arrows/table/options
TAH-BIO-BIO26-L32-Q017,BIO26-PDF142-L32-S1-Q017,BIO26-L32,أحياء 4,التراكيب الخلوية,142,142,141,1,17,BIO26-M20,BIO26-S20-01,,,NOT_STARTED,NOT_RUN,ONE_QUESTION_ONE_IMAGE_ONE_CODE; exclude number/year/stars/badge/next-question/header; preserve full biological figure/labels/arrows/table/options
TAH-BIO-BIO26-L32-Q018,BIO26-PDF142-L32-S1-Q018,BIO26-L32,أحياء 4,التراكيب الخلوية,142,142,141,1,18,BIO26-M20,BIO26-S20-01,,,NOT_STARTED,NOT_RUN,ONE_QUESTION_ONE_IMAGE_ONE_CODE; exclude number/year/stars/badge/next-question/header; preserve full biological figure/labels/arrows/table/options
TAH-BIO-BIO26-L32-Q019,BIO26-PDF142-L32-S1-Q019,BIO26-L32,أحياء 4,التراكيب الخلوية,142,142,141,1,19,BIO26-M20,BIO26-S20-01,,,NOT_STARTED,NOT_RUN,ONE_QUESTION_ONE_IMAGE_ONE_CODE; exclude number/year/stars/badge/next-question/header; preserve full biological figure/labels/arrows/table/options
TAH-BIO-BIO26-L32-Q020,BIO26-PDF142-L32-S1-Q020,BIO26-L32,أحياء 4,التراكيب الخلوية,142,142,141,1,20,BIO26-M20,BIO26-S20-01,,,NOT_STARTED,NOT_RUN,ONE_QUESTION_ONE_IMAGE_ONE_CODE; exclude number/year/stars/badge/next-question/header; preserve full biological figure/labels/arrows/table/options
TAH-BIO-BIO26-L32-Q021,BIO26-PDF142-L32-S1-Q021,BIO26-L32,أحياء 4,التراكيب الخلوية,142,142,141,1,21,BIO26-M20,BIO26-S20-02,,,NOT_STARTED,NOT_RUN,ONE_QUESTION_ONE_IMAGE_ONE_CODE; exclude number/year/stars/badge/next-question/header; preserve full biological figure/labels/arrows/table/options
TAH-BIO-BIO26-L32-Q022,BIO26-PDF142-L32-S1-Q022,BIO26-L32,أحياء 4,التراكيب الخلوية,142,142,141,1,22,BIO26-M20,BIO26-S20-02,,,NOT_STARTED,NOT_RUN,ONE_QUESTION_ONE_IMAGE_ONE_CODE; exclude number/year/stars/badge/next-question/header; preserve full biological figure/labels/arrows/table/options
TAH-BIO-BIO26-L32-Q023,BIO26-PDF142-L32-S1-Q023,BIO26-L32,أحياء 4,التراكيب الخلوية,142,142,141,1,23,BIO26-M20,BIO26-S20-02,,,NOT_STARTED,NOT_RUN,ONE_QUESTION_ONE_IMAGE_ONE_CODE; exclude number/year/stars/badge/next-question/header; preserve full biological figure/labels/arrows/table/options
TAH-BIO-BIO26-L32-Q024,BIO26-PDF142-L32-S1-Q024,BIO26-L32,أحياء 4,التراكيب الخلوية,142,142,141,1,24,BIO26-M20,BIO26-S20-02,,,NOT_STARTED,NOT_RUN,ONE_QUESTION_ONE_IMAGE_ONE_CODE; exclude number/year/stars/badge/next-question/header; preserve full biological figure/labels/arrows/table/options
TAH-BIO-BIO26-L32-Q025,BIO26-PDF142-L32-S1-Q025,BIO26-L32,أحياء 4,التراكيب الخلوية,142,142,141,1,25,BIO26-M20,BIO26-S20-02,,,NOT_STARTED,NOT_RUN,ONE_QUESTION_ONE_IMAGE_ONE_CODE; exclude number/year/stars/badge/next-question/header; preserve full biological figure/labels/arrows/table/options
TAH-BIO-BIO26-L32-Q026,BIO26-PDF142-L32-S1-Q026,BIO26-L32,أحياء 4,التراكيب الخلوية,142,142,141,1,26,BIO26-M20,BIO26-S20-02,,,NOT_STARTED,NOT_RUN,ONE_QUESTION_ONE_IMAGE_ONE_CODE; exclude number/year/stars/badge/next-question/header; preserve full biological figure/labels/arrows/table/options
TAH-BIO-BIO26-L32-Q027,BIO26-PDF142-L32-S1-Q027,BIO26-L32,أحياء 4,التراكيب الخلوية,142,142,141,1,27,BIO26-M20,BIO26-S20-02,,,NOT_STARTED,NOT_RUN,ONE_QUESTION_ONE_IMAGE_ONE_CODE; exclude number/year/stars/badge/next-question/header; preserve full biological figure/labels/arrows/table/options
TAH-BIO-BIO26-L32-Q028,BIO26-PDF142-L32-S1-Q028,BIO26-L32,أحياء 4,التراكيب الخلوية,142,142,141,1,28,BIO26-M20,BIO26-S20-02,,,NOT_STARTED,NOT_RUN,ONE_QUESTION_ONE_IMAGE_ONE_CODE; exclude number/year/stars/badge/next-question/header; preserve full biological figure/labels/arrows/table/options
TAH-BIO-BIO26-L32-Q029,BIO26-PDF142-L32-S1-Q029,BIO26-L32,أحياء 4,التراكيب الخلوية,142,142,141,1,29,BIO26-M20,BIO26-S20-02,,,NOT_STARTED,NOT_RUN,ONE_QUESTION_ONE_IMAGE_ONE_CODE; exclude number/year/stars/badge/next-question/header; preserve full biological figure/labels/arrows/table/options
TAH-BIO-BIO26-L32-Q030,BIO26-PDF142-L32-S1-Q030,BIO26-L32,أحياء 4,التراكيب الخلوية,142,142,141,1,30,BIO26-M20,BIO26-S20-03,,,NOT_STARTED,NOT_RUN,ONE_QUESTION_ONE_IMAGE_ONE_CODE; exclude number/year/stars/badge/next-question/header; preserve full biological figure/labels/arrows/table/options
TAH-BIO-BIO26-L32-Q031,BIO26-PDF142-L32-S1-Q031,BIO26-L32,أحياء 4,التراكيب الخلوية,142,142,141,1,31,BIO26-M20,BIO26-S20-03,,,NOT_STARTED,NOT_RUN,ONE_QUESTION_ONE_IMAGE_ONE_CODE; exclude number/year/stars/badge/next-question/header; preserve full biological figure/labels/arrows/table/options
TAH-BIO-BIO26-L32-Q032,BIO26-PDF142-L32-S1-Q032,BIO26-L32,أحياء 4,التراكيب الخلوية,142,142,141,1,32,BIO26-M20,BIO26-S20-03,,,NOT_STARTED,NOT_RUN,ONE_QUESTION_ONE_IMAGE_ONE_CODE; exclude number/year/stars/badge/next-question/header; preserve full biological figure/labels/arrows/table/options
TAH-BIO-BIO26-L32-Q033,BIO26-PDF142-L32-S1-Q033,BIO26-L32,أحياء 4,التراكيب الخلوية,142,142,141,1,33,BIO26-M20,BIO26-S20-03,,,NOT_STARTED,NOT_RUN,ONE_QUESTION_ONE_IMAGE_ONE_CODE; exclude number/year/stars/badge/next-question/header; preserve full biological figure/labels/arrows/table/options
TAH-BIO-BIO26-L32-Q034,BIO26-PDF143-L32-S1-Q034,BIO26-L32,أحياء 4,التراكيب الخلوية,143,143,142,1,34,BIO26-M20,BIO26-S20-03,,,NOT_STARTED,NOT_RUN,ONE_QUESTION_ONE_IMAGE_ONE_CODE; exclude number/year/stars/badge/next-question/header; preserve full biological figure/labels/arrows/table/options
TAH-BIO-BIO26-L32-Q035,BIO26-PDF143-L32-S1-Q035,BIO26-L32,أحياء 4,التراكيب الخلوية,143,143,142,1,35,BIO26-M20,BIO26-S20-03,,,NOT_STARTED,NOT_RUN,ONE_QUESTION_ONE_IMAGE_ONE_CODE; exclude number/year/stars/badge/next-question/header; preserve full biological figure/labels/arrows/table/options
TAH-BIO-BIO26-L32-Q036,BIO26-PDF143-L32-S1-Q036,BIO26-L32,أحياء 4,التراكيب الخلوية,143,143,142,1,36,BIO26-M20,BIO26-S20-03,,,NOT_STARTED,NOT_RUN,ONE_QUESTION_ONE_IMAGE_ONE_CODE; exclude number/year/stars/badge/next-question/header; preserve full biological figure/labels/arrows/table/options
TAH-BIO-BIO26-L32-Q037,BIO26-PDF143-L32-S1-Q037,BIO26-L32,أحياء 4,التراكيب الخلوية,143,143,142,1,37,BIO26-M20,BIO26-S20-03,,,NOT_STARTED,NOT_RUN,ONE_QUESTION_ONE_IMAGE_ONE_CODE; exclude number/year/stars/badge/next-question/header; preserve full biological figure/labels/arrows/table/options
TAH-BIO-BIO26-L32-Q038,BIO26-PDF143-L32-S1-Q038,BIO26-L32,أحياء 4,التراكيب الخلوية,143,143,142,1,38,BIO26-M20,BIO26-S20-03,,,NOT_STARTED,NOT_RUN,ONE_QUESTION_ONE_IMAGE_ONE_CODE; exclude number/year/stars/badge/next-question/header; preserve full biological figure/labels/arrows/table/options
TAH-BIO-BIO26-L32-Q039,BIO26-PDF143-L32-S1-Q039,BIO26-L32,أحياء 4,التراكيب الخلوية,143,143,142,1,39,BIO26-M20,BIO26-S20-03,,,NOT_STARTED,NOT_RUN,ONE_QUESTION_ONE_IMAGE_ONE_CODE; exclude number/year/stars/badge/next-question/header; preserve full biological figure/labels/arrows/table/options
TAH-BIO-BIO26-L32-Q040,BIO26-PDF143-L32-S1-Q040,BIO26-L32,أحياء 4,التراكيب الخلوية,143,143,142,1,40,BIO26-M20,BIO26-S20-03,,,NOT_STARTED,NOT_RUN,ONE_QUESTION_ONE_IMAGE_ONE_CODE; exclude number/year/stars/badge/next-question/header; preserve full biological figure/labels/arrows/table/options
TAH-BIO-BIO26-L32-Q041,BIO26-PDF143-L32-S1-Q041,BIO26-L32,أحياء 4,التراكيب الخلوية,143,143,142,1,41,BIO26-M20,BIO26-S20-03,,,NOT_STARTED,NOT_RUN,ONE_QUESTION_ONE_IMAGE_ONE_CODE; exclude number/year/stars/badge/next-question/header; preserve full biological figure/labels/arrows/table/options
TAH-BIO-BIO26-L32-Q042,BIO26-PDF143-L32-S1-Q042,BIO26-L32,أحياء 4,التراكيب الخلوية,143,143,142,1,42,BIO26-M20,BIO26-S20-03,,,NOT_STARTED,NOT_RUN,ONE_QUESTION_ONE_IMAGE_ONE_CODE; exclude number/year/stars/badge/next-question/header; preserve full biological figure/labels/arrows/table/options
TAH-BIO-BIO26-L32-Q043,BIO26-PDF143-L32-S1-Q043,BIO26-L32,أحياء 4,التراكيب الخلوية,143,143,142,1,43,BIO26-M20,BIO26-S20-03,,,NOT_STARTED,NOT_RUN,ONE_QUESTION_ONE_IMAGE_ONE_CODE; exclude number/year/stars/badge/next-question/header; preserve full biological figure/labels/arrows/table/options
TAH-BIO-BIO26-L32-Q044,BIO26-PDF143-L32-S1-Q044,BIO26-L32,أحياء 4,التراكيب الخلوية,143,143,142,1,44,BIO26-M20,BIO26-S20-03,,,NOT_STARTED,NOT_RUN,ONE_QUESTION_ONE_IMAGE_ONE_CODE; exclude number/year/stars/badge/next-question/header; preserve full biological figure/labels/arrows/table/options
TAH-BIO-BIO26-L32-Q045,BIO26-PDF143-L32-S1-Q045,BIO26-L32,أحياء 4,التراكيب الخلوية,143,143,142,1,45,BIO26-M20,BIO26-S20-03,,,NOT_STARTED,NOT_RUN,ONE_QUESTION_ONE_IMAGE_ONE_CODE; exclude number/year/stars/badge/next-question/header; preserve full biological figure/labels/arrows/table/options
TAH-BIO-BIO26-L32-Q046,BIO26-PDF143-L32-S1-Q046,BIO26-L32,أحياء 4,التراكيب الخلوية,143,143,142,1,46,BIO26-M20,BIO26-S20-02,,,NOT_STARTED,NOT_RUN,ONE_QUESTION_ONE_IMAGE_ONE_CODE; exclude number/year/stars/badge/next-question/header; preserve full biological figure/labels/arrows/table/options
TAH-BIO-BIO26-L32-Q047,BIO26-PDF143-L32-S1-Q047,BIO26-L32,أحياء 4,التراكيب الخلوية,143,143,142,1,47,BIO26-M20,BIO26-S20-02,,,NOT_STARTED,NOT_RUN,ONE_QUESTION_ONE_IMAGE_ONE_CODE; exclude number/year/stars/badge/next-question/header; preserve full biological figure/labels/arrows/table/options
TAH-BIO-BIO26-L32-Q048,BIO26-PDF143-L32-S1-Q048,BIO26-L32,أحياء 4,التراكيب الخلوية,143,143,142,1,48,BIO26-M20,BIO26-S20-02,,,NOT_STARTED,NOT_RUN,ONE_QUESTION_ONE_IMAGE_ONE_CODE; exclude number/year/stars/badge/next-question/header; preserve full biological figure/labels/arrows/table/options
TAH-BIO-BIO26-L32-Q049,BIO26-PDF143-L32-S1-Q049,BIO26-L32,أحياء 4,التراكيب الخلوية,143,143,142,1,49,BIO26-M20,BIO26-S20-02,,,NOT_STARTED,NOT_RUN,ONE_QUESTION_ONE_IMAGE_ONE_CODE; exclude number/year/stars/badge/next-question/header; preserve full biological figure/labels/arrows/table/options
TAH-BIO-BIO26-L32-Q050,BIO26-PDF144-L32-S1-Q050,BIO26-L32,أحياء 4,التراكيب الخلوية,144,144,143,1,50,BIO26-M20,BIO26-S20-02,,,NOT_STARTED,NOT_RUN,ONE_QUESTION_ONE_IMAGE_ONE_CODE; exclude number/year/stars/badge/next-question/header; preserve full biological figure/labels/arrows/table/options
TAH-BIO-BIO26-L32-Q051,BIO26-PDF144-L32-S1-Q051,BIO26-L32,أحياء 4,التراكيب الخلوية,144,144,143,1,51,BIO26-M20,BIO26-S20-02,,,NOT_STARTED,NOT_RUN,ONE_QUESTION_ONE_IMAGE_ONE_CODE; exclude number/year/stars/badge/next-question/header; preserve full biological figure/labels/arrows/table/options
TAH-BIO-BIO26-L32-Q052,BIO26-PDF144-L32-S1-Q052,BIO26-L32,أحياء 4,التراكيب الخلوية,144,144,143,1,52,BIO26-M20,BIO26-S20-02,,,NOT_STARTED,NOT_RUN,ONE_QUESTION_ONE_IMAGE_ONE_CODE; exclude number/year/stars/badge/next-question/header; preserve full biological figure/labels/arrows/table/options
TAH-BIO-BIO26-L32-Q053,BIO26-PDF144-L32-S1-Q053,BIO26-L32,أحياء 4,التراكيب الخلوية,144,144,143,1,53,BIO26-M20,BIO26-S20-02,,,NOT_STARTED,NOT_RUN,ONE_QUESTION_ONE_IMAGE_ONE_CODE; exclude number/year/stars/badge/next-question/header; preserve full biological figure/labels/arrows/table/options
TAH-BIO-BIO26-L32-Q054,BIO26-PDF144-L32-S1-Q054,BIO26-L32,أحياء 4,التراكيب الخلوية,144,144,143,1,54,BIO26-M20,BIO26-S20-02,,,NOT_STARTED,NOT_RUN,ONE_QUESTION_ONE_IMAGE_ONE_CODE; exclude number/year/stars/badge/next-question/header; preserve full biological figure/labels/arrows/table/options
TAH-BIO-BIO26-L32-Q055,BIO26-PDF144-L32-S1-Q055,BIO26-L32,أحياء 4,التراكيب الخلوية,144,144,143,1,55,BIO26-M20,BIO26-S20-02,,,NOT_STARTED,NOT_RUN,ONE_QUESTION_ONE_IMAGE_ONE_CODE; exclude number/year/stars/badge/next-question/header; preserve full biological figure/labels/arrows/table/options
TAH-BIO-BIO26-L32-Q056,BIO26-PDF144-L32-S1-Q056,BIO26-L32,أحياء 4,التراكيب الخلوية,144,144,143,1,56,BIO26-M20,BIO26-S20-02,,,NOT_STARTED,NOT_RUN,ONE_QUESTION_ONE_IMAGE_ONE_CODE; exclude number/year/stars/badge/next-question/header; preserve full biological figure/labels/arrows/table/options
TAH-BIO-BIO26-L32-Q057,BIO26-PDF144-L32-S1-Q057,BIO26-L32,أحياء 4,التراكيب الخلوية,144,144,143,1,57,BIO26-M20,BIO26-S20-02,,,NOT_STARTED,NOT_RUN,ONE_QUESTION_ONE_IMAGE_ONE_CODE; exclude number/year/stars/badge/next-question/header; preserve full biological figure/labels/arrows/table/options
TAH-BIO-BIO26-L32-Q058,BIO26-PDF144-L32-S1-Q058,BIO26-L32,أحياء 4,التراكيب الخلوية,144,144,143,1,58,BIO26-M20,BIO26-S20-02,,,NOT_STARTED,NOT_RUN,ONE_QUESTION_ONE_IMAGE_ONE_CODE; exclude number/year/stars/badge/next-question/header; preserve full biological figure/labels/arrows/table/options
TAH-BIO-BIO26-L32-Q059,BIO26-PDF144-L32-S1-Q059,BIO26-L32,أحياء 4,التراكيب الخلوية,144,144,143,1,59,BIO26-M20,BIO26-S20-02,,,NOT_STARTED,NOT_RUN,ONE_QUESTION_ONE_IMAGE_ONE_CODE; exclude number/year/stars/badge/next-question/header; preserve full biological figure/labels/arrows/table/options
TAH-BIO-BIO26-L32-Q060,BIO26-PDF145-L32-S1-Q060,BIO26-L32,أحياء 4,التراكيب الخلوية,145,145,144,1,60,BIO26-M20,BIO26-S20-02,,,NOT_STARTED,NOT_RUN,ONE_QUESTION_ONE_IMAGE_ONE_CODE; exclude number/year/stars/badge/next-question/header; preserve full biological figure/labels/arrows/table/options
TAH-BIO-BIO26-L32-Q061,BIO26-PDF145-L32-S1-Q061,BIO26-L32,أحياء 4,التراكيب الخلوية,145,145,144,1,61,BIO26-M20,BIO26-S20-02,,,NOT_STARTED,NOT_RUN,ONE_QUESTION_ONE_IMAGE_ONE_CODE; exclude number/year/stars/badge/next-question/header; preserve full biological figure/labels/arrows/table/options
TAH-BIO-BIO26-L32-Q062,BIO26-PDF145-L32-S1-Q062,BIO26-L32,أحياء 4,التراكيب الخلوية,145,145,144,1,62,BIO26-M20,BIO26-S20-02,,,NOT_STARTED,NOT_RUN,ONE_QUESTION_ONE_IMAGE_ONE_CODE; exclude number/year/stars/badge/next-question/header; preserve full biological figure/labels/arrows/table/options
TAH-BIO-BIO26-L32-Q063,BIO26-PDF145-L32-S1-Q063,BIO26-L32,أحياء 4,التراكيب الخلوية,145,145,144,1,63,BIO26-M20,BIO26-S20-02,,,NOT_STARTED,NOT_RUN,ONE_QUESTION_ONE_IMAGE_ONE_CODE; exclude number/year/stars/badge/next-question/header; preserve full biological figure/labels/arrows/table/options
TAH-BIO-BIO26-L32-Q064,BIO26-PDF145-L32-S1-Q064,BIO26-L32,أحياء 4,التراكيب الخلوية,145,145,144,1,64,BIO26-M20,BIO26-S20-02,,,NOT_STARTED,NOT_RUN,ONE_QUESTION_ONE_IMAGE_ONE_CODE; exclude number/year/stars/badge/next-question/header; preserve full biological figure/labels/arrows/table/options
TAH-BIO-BIO26-L32-Q065,BIO26-PDF145-L32-S1-Q065,BIO26-L32,أحياء 4,التراكيب الخلوية,145,145,144,1,65,BIO26-M20,BIO26-S20-02,,,NOT_STARTED,NOT_RUN,ONE_QUESTION_ONE_IMAGE_ONE_CODE; exclude number/year/stars/badge/next-question/header; preserve full biological figure/labels/arrows/table/options
TAH-BIO-BIO26-L32-Q066,BIO26-PDF145-L32-S1-Q066,BIO26-L32,أحياء 4,التراكيب الخلوية,145,145,144,1,66,BIO26-M20,BIO26-S20-02,,,NOT_STARTED,NOT_RUN,ONE_QUESTION_ONE_IMAGE_ONE_CODE; exclude number/year/stars/badge/next-question/header; preserve full biological figure/labels/arrows/table/options
TAH-BIO-BIO26-L32-Q067,BIO26-PDF145-L32-S1-Q067,BIO26-L32,أحياء 4,التراكيب الخلوية,145,145,144,1,67,BIO26-M20,BIO26-S20-02,,,NOT_STARTED,NOT_RUN,ONE_QUESTION_ONE_IMAGE_ONE_CODE; exclude number/year/stars/badge/next-question/header; preserve full biological figure/labels/arrows/table/options
TAH-BIO-BIO26-L32-Q068,BIO26-PDF145-L32-S1-Q068,BIO26-L32,أحياء 4,التراكيب الخلوية,145,145,144,1,68,BIO26-M20,BIO26-S20-02,,,NOT_STARTED,NOT_RUN,ONE_QUESTION_ONE_IMAGE_ONE_CODE; exclude number/year/stars/badge/next-question/header; preserve full biological figure/labels/arrows/table/options
TAH-BIO-BIO26-L32-Q069,BIO26-PDF145-L32-S1-Q069,BIO26-L32,أحياء 4,التراكيب الخلوية,145,145,144,1,69,BIO26-M20,BIO26-S20-02,,,NOT_STARTED,NOT_RUN,ONE_QUESTION_ONE_IMAGE_ONE_CODE; exclude number/year/stars/badge/next-question/header; preserve full biological figure/labels/arrows/table/options
TAH-BIO-BIO26-L32-Q070,BIO26-PDF146-L32-S1-Q070,BIO26-L32,أحياء 4,التراكيب الخلوية,146,146,145,1,70,BIO26-M20,BIO26-S20-02,,,NOT_STARTED,NOT_RUN,ONE_QUESTION_ONE_IMAGE_ONE_CODE; exclude number/year/stars/badge/next-question/header; preserve full biological figure/labels/arrows/table/options
TAH-BIO-BIO26-L32-Q071,BIO26-PDF146-L32-S1-Q071,BIO26-L32,أحياء 4,التراكيب الخلوية,146,146,145,1,71,BIO26-M20,BIO26-S20-02,,,NOT_STARTED,NOT_RUN,ONE_QUESTION_ONE_IMAGE_ONE_CODE; exclude number/year/stars/badge/next-question/header; preserve full biological figure/labels/arrows/table/options
TAH-BIO-BIO26-L32-Q072,BIO26-PDF146-L32-S1-Q072,BIO26-L32,أحياء 4,التراكيب الخلوية,146,146,145,1,72,BIO26-M20,BIO26-S20-02,,,NOT_STARTED,NOT_RUN,ONE_QUESTION_ONE_IMAGE_ONE_CODE; exclude number/year/stars/badge/next-question/header; preserve full biological figure/labels/arrows/table/options
TAH-BIO-BIO26-L32-Q073,BIO26-PDF146-L32-S1-Q073,BIO26-L32,أحياء 4,التراكيب الخلوية,146,146,145,1,73,BIO26-M20,BIO26-S20-02,,,NOT_STARTED,NOT_RUN,ONE_QUESTION_ONE_IMAGE_ONE_CODE; exclude number/year/stars/badge/next-question/header; preserve full biological figure/labels/arrows/table/options
TAH-BIO-BIO26-L32-Q074,BIO26-PDF146-L32-S1-Q074,BIO26-L32,أحياء 4,التراكيب الخلوية,146,146,145,1,74,BIO26-M20,BIO26-S20-02,,,NOT_STARTED,NOT_RUN,ONE_QUESTION_ONE_IMAGE_ONE_CODE; exclude number/year/stars/badge/next-question/header; preserve full biological figure/labels/arrows/table/options
TAH-BIO-BIO26-L32-Q075,BIO26-PDF146-L32-S1-Q075,BIO26-L32,أحياء 4,التراكيب الخلوية,146,146,145,1,75,BIO26-M20,BIO26-S20-02,,,NOT_STARTED,NOT_RUN,ONE_QUESTION_ONE_IMAGE_ONE_CODE; exclude number/year/stars/badge/next-question/header; preserve full biological figure/labels/arrows/table/options
TAH-BIO-BIO26-L32-Q076,BIO26-PDF146-L32-S1-Q076,BIO26-L32,أحياء 4,التراكيب الخلوية,146,146,145,1,76,BIO26-M20,BIO26-S20-02,,,NOT_STARTED,NOT_RUN,ONE_QUESTION_ONE_IMAGE_ONE_CODE; exclude number/year/stars/badge/next-question/header; preserve full biological figure/labels/arrows/table/options
TAH-BIO-BIO26-L32-Q077,BIO26-PDF146-L32-S1-Q077,BIO26-L32,أحياء 4,التراكيب الخلوية,146,146,145,1,77,BIO26-M20,BIO26-S20-02,,,NOT_STARTED,NOT_RUN,ONE_QUESTION_ONE_IMAGE_ONE_CODE; exclude number/year/stars/badge/next-question/header; preserve full biological figure/labels/arrows/table/options
TAH-BIO-BIO26-L32-Q078,BIO26-PDF146-L32-S1-Q078,BIO26-L32,أحياء 4,التراكيب الخلوية,146,146,145,1,78,BIO26-M20,BIO26-S20-02,,,NOT_STARTED,NOT_RUN,ONE_QUESTION_ONE_IMAGE_ONE_CODE; exclude number/year/stars/badge/next-question/header; preserve full biological figure/labels/arrows/table/options
TAH-BIO-BIO26-L32-Q079,BIO26-PDF146-L32-S1-Q079,BIO26-L32,أحياء 4,التراكيب الخلوية,146,146,145,1,79,BIO26-M20,BIO26-S20-02,,,NOT_STARTED,NOT_RUN,ONE_QUESTION_ONE_IMAGE_ONE_CODE; exclude number/year/stars/badge/next-question/header; preserve full biological figure/labels/arrows/table/options
TAH-BIO-BIO26-L32-Q080,BIO26-PDF147-L32-S2-Q080,BIO26-L32,أحياء 4,التراكيب الخلوية,147,147,146,2,80,BIO26-M20,BIO26-S20-01,,,NOT_STARTED,NOT_RUN,ONE_QUESTION_ONE_IMAGE_ONE_CODE; exclude number/year/stars/badge/next-question/header; preserve full biological figure/labels/arrows/table/options
TAH-BIO-BIO26-L32-Q081,BIO26-PDF147-L32-S2-Q081,BIO26-L32,أحياء 4,التراكيب الخلوية,147,147,146,2,81,BIO26-M20,BIO26-S20-01,,,NOT_STARTED,NOT_RUN,ONE_QUESTION_ONE_IMAGE_ONE_CODE; exclude number/year/stars/badge/next-question/header; preserve full biological figure/labels/arrows/table/options
TAH-BIO-BIO26-L32-Q082,BIO26-PDF147-L32-S2-Q082,BIO26-L32,أحياء 4,التراكيب الخلوية,147,147,146,2,82,BIO26-M20,BIO26-S20-01,,,NOT_STARTED,NOT_RUN,ONE_QUESTION_ONE_IMAGE_ONE_CODE; exclude number/year/stars/badge/next-question/header; preserve full biological figure/labels/arrows/table/options
TAH-BIO-BIO26-L32-Q083,BIO26-PDF147-L32-S2-Q083,BIO26-L32,أحياء 4,التراكيب الخلوية,147,147,146,2,83,BIO26-M20,BIO26-S20-01,,,NOT_STARTED,NOT_RUN,ONE_QUESTION_ONE_IMAGE_ONE_CODE; exclude number/year/stars/badge/next-question/header; preserve full biological figure/labels/arrows/table/options
TAH-BIO-BIO26-L32-Q084,BIO26-PDF147-L32-S2-Q084,BIO26-L32,أحياء 4,التراكيب الخلوية,147,147,146,2,84,BIO26-M20,BIO26-S20-01,,,NOT_STARTED,NOT_RUN,ONE_QUESTION_ONE_IMAGE_ONE_CODE; exclude number/year/stars/badge/next-question/header; preserve full biological figure/labels/arrows/table/options
TAH-BIO-BIO26-L32-Q085,BIO26-PDF147-L32-S2-Q085,BIO26-L32,أحياء 4,التراكيب الخلوية,147,147,146,2,85,BIO26-M20,BIO26-S20-01,,,NOT_STARTED,NOT_RUN,ONE_QUESTION_ONE_IMAGE_ONE_CODE; exclude number/year/stars/badge/next-question/header; preserve full biological figure/labels/arrows/table/options
TAH-BIO-BIO26-L32-Q086,BIO26-PDF147-L32-S2-Q086,BIO26-L32,أحياء 4,التراكيب الخلوية,147,147,146,2,86,BIO26-M20,BIO26-S20-01,,,NOT_STARTED,NOT_RUN,ONE_QUESTION_ONE_IMAGE_ONE_CODE; exclude number/year/stars/badge/next-question/header; preserve full biological figure/labels/arrows/table/options
TAH-BIO-BIO26-L32-Q087,BIO26-PDF147-L32-S2-Q087,BIO26-L32,أحياء 4,التراكيب الخلوية,147,147,146,2,87,BIO26-M20,BIO26-S20-01,,,NOT_STARTED,NOT_RUN,ONE_QUESTION_ONE_IMAGE_ONE_CODE; exclude number/year/stars/badge/next-question/header; preserve full biological figure/labels/arrows/table/options
TAH-BIO-BIO26-L32-Q088,BIO26-PDF147-L32-S2-Q088,BIO26-L32,أحياء 4,التراكيب الخلوية,147,147,146,2,88,BIO26-M20,BIO26-S20-01,,,NOT_STARTED,NOT_RUN,ONE_QUESTION_ONE_IMAGE_ONE_CODE; exclude number/year/stars/badge/next-question/header; preserve full biological figure/labels/arrows/table/options
TAH-BIO-BIO26-L32-Q089,BIO26-PDF147-L32-S2-Q089,BIO26-L32,أحياء 4,التراكيب الخلوية,147,147,146,2,89,BIO26-M20,BIO26-S20-01,,,NOT_STARTED,NOT_RUN,ONE_QUESTION_ONE_IMAGE_ONE_CODE; exclude number/year/stars/badge/next-question/header; preserve full biological figure/labels/arrows/table/options
TAH-BIO-BIO26-L32-Q090,BIO26-PDF147-L32-S2-Q090,BIO26-L32,أحياء 4,التراكيب الخلوية,147,147,146,2,90,BIO26-M20,BIO26-S20-02,,,NOT_STARTED,NOT_RUN,ONE_QUESTION_ONE_IMAGE_ONE_CODE; exclude number/year/stars/badge/next-question/header; preserve full biological figure/labels/arrows/table/options
TAH-BIO-BIO26-L32-Q091,BIO26-PDF147-L32-S2-Q091,BIO26-L32,أحياء 4,التراكيب الخلوية,147,147,146,2,91,BIO26-M20,BIO26-S20-02,,,NOT_STARTED,NOT_RUN,ONE_QUESTION_ONE_IMAGE_ONE_CODE; exclude number/year/stars/badge/next-question/header; preserve full biological figure/labels/arrows/table/options
TAH-BIO-BIO26-L32-Q092,BIO26-PDF147-L32-S2-Q092,BIO26-L32,أحياء 4,التراكيب الخلوية,147,147,146,2,92,BIO26-M20,BIO26-S20-02,,,NOT_STARTED,NOT_RUN,ONE_QUESTION_ONE_IMAGE_ONE_CODE; exclude number/year/stars/badge/next-question/header; preserve full biological figure/labels/arrows/table/options
TAH-BIO-BIO26-L32-Q093,BIO26-PDF147-L32-S2-Q093,BIO26-L32,أحياء 4,التراكيب الخلوية,147,147,146,2,93,BIO26-M20,BIO26-S20-02,,,NOT_STARTED,NOT_RUN,ONE_QUESTION_ONE_IMAGE_ONE_CODE; exclude number/year/stars/badge/next-question/header; preserve full biological figure/labels/arrows/table/options
TAH-BIO-BIO26-L32-Q094,BIO26-PDF147-L32-S2-Q094,BIO26-L32,أحياء 4,التراكيب الخلوية,147,147,146,2,94,BIO26-M20,BIO26-S20-02,,,NOT_STARTED,NOT_RUN,ONE_QUESTION_ONE_IMAGE_ONE_CODE; exclude number/year/stars/badge/next-question/header; preserve full biological figure/labels/arrows/table/options
TAH-BIO-BIO26-L32-Q095,BIO26-PDF147-L32-S2-Q095,BIO26-L32,أحياء 4,التراكيب الخلوية,147,147,146,2,95,BIO26-M20,BIO26-S20-02,,,NOT_STARTED,NOT_RUN,ONE_QUESTION_ONE_IMAGE_ONE_CODE; exclude number/year/stars/badge/next-question/header; preserve full biological figure/labels/arrows/table/options
TAH-BIO-BIO26-L32-Q096,BIO26-PDF147-L32-S2-Q096,BIO26-L32,أحياء 4,التراكيب الخلوية,147,147,146,2,96,BIO26-M20,BIO26-S20-03,,,NOT_STARTED,NOT_RUN,ONE_QUESTION_ONE_IMAGE_ONE_CODE; exclude number/year/stars/badge/next-question/header; preserve full biological figure/labels/arrows/table/options
TAH-BIO-BIO26-L32-Q097,BIO26-PDF148-L32-S2-Q097,BIO26-L32,أحياء 4,التراكيب الخلوية,148,148,147,2,97,BIO26-M20,BIO26-S20-03,,,NOT_STARTED,NOT_RUN,ONE_QUESTION_ONE_IMAGE_ONE_CODE; exclude number/year/stars/badge/next-question/header; preserve full biological figure/labels/arrows/table/options
TAH-BIO-BIO26-L32-Q098,BIO26-PDF148-L32-S2-Q098,BIO26-L32,أحياء 4,التراكيب الخلوية,148,148,147,2,98,BIO26-M20,BIO26-S20-03,,,NOT_STARTED,NOT_RUN,ONE_QUESTION_ONE_IMAGE_ONE_CODE; exclude number/year/stars/badge/next-question/header; preserve full biological figure/labels/arrows/table/options
TAH-BIO-BIO26-L32-Q099,BIO26-PDF148-L32-S2-Q099,BIO26-L32,أحياء 4,التراكيب الخلوية,148,148,147,2,99,BIO26-M20,BIO26-S20-03,,,NOT_STARTED,NOT_RUN,ONE_QUESTION_ONE_IMAGE_ONE_CODE; exclude number/year/stars/badge/next-question/header; preserve full biological figure/labels/arrows/table/options
TAH-BIO-BIO26-L32-Q100,BIO26-PDF148-L32-S2-Q100,BIO26-L32,أحياء 4,التراكيب الخلوية,148,148,147,2,100,BIO26-M20,BIO26-S20-04,,,NOT_STARTED,NOT_RUN,ONE_QUESTION_ONE_IMAGE_ONE_CODE; exclude number/year/stars/badge/next-question/header; preserve full biological figure/labels/arrows/table/options
TAH-BIO-BIO26-L32-Q101,BIO26-PDF148-L32-S2-Q101,BIO26-L32,أحياء 4,التراكيب الخلوية,148,148,147,2,101,BIO26-M20,BIO26-S20-04,,,NOT_STARTED,NOT_RUN,ONE_QUESTION_ONE_IMAGE_ONE_CODE; exclude number/year/stars/badge/next-question/header; preserve full biological figure/labels/arrows/table/options
TAH-BIO-BIO26-L32-Q102,BIO26-PDF148-L32-S2-Q102,BIO26-L32,أحياء 4,التراكيب الخلوية,148,148,147,2,102,BIO26-M20,BIO26-S20-04,,,NOT_STARTED,NOT_RUN,ONE_QUESTION_ONE_IMAGE_ONE_CODE; exclude number/year/stars/badge/next-question/header; preserve full biological figure/labels/arrows/table/options
TAH-BIO-BIO26-L32-Q103,BIO26-PDF148-L32-S2-Q103,BIO26-L32,أحياء 4,التراكيب الخلوية,148,148,147,2,103,BIO26-M20,BIO26-S20-04,,,NOT_STARTED,NOT_RUN,ONE_QUESTION_ONE_IMAGE_ONE_CODE; exclude number/year/stars/badge/next-question/header; preserve full biological figure/labels/arrows/table/options
TAH-BIO-BIO26-L32-Q104,BIO26-PDF148-L32-S2-Q104,BIO26-L32,أحياء 4,التراكيب الخلوية,148,148,147,2,104,BIO26-M20,BIO26-S20-04,,,NOT_STARTED,NOT_RUN,ONE_QUESTION_ONE_IMAGE_ONE_CODE; exclude number/year/stars/badge/next-question/header; preserve full biological figure/labels/arrows/table/options
TAH-BIO-BIO26-L32-Q105,BIO26-PDF148-L32-S2-Q105,BIO26-L32,أحياء 4,التراكيب الخلوية,148,148,147,2,105,BIO26-M20,BIO26-S20-04,,,NOT_STARTED,NOT_RUN,ONE_QUESTION_ONE_IMAGE_ONE_CODE; exclude number/year/stars/badge/next-question/header; preserve full biological figure/labels/arrows/table/options
TAH-BIO-BIO26-L32-Q106,BIO26-PDF148-L32-S2-Q106,BIO26-L32,أحياء 4,التراكيب الخلوية,148,148,147,2,106,BIO26-M20,BIO26-S20-03,,,NOT_STARTED,NOT_RUN,ONE_QUESTION_ONE_IMAGE_ONE_CODE; exclude number/year/stars/badge/next-question/header; preserve full biological figure/labels/arrows/table/options
TAH-BIO-BIO26-L32-Q107,BIO26-PDF148-L32-S2-Q107,BIO26-L32,أحياء 4,التراكيب الخلوية,148,148,147,2,107,BIO26-M20,BIO26-S20-02,,,NOT_STARTED,NOT_RUN,ONE_QUESTION_ONE_IMAGE_ONE_CODE; exclude number/year/stars/badge/next-question/header; preserve full biological figure/labels/arrows/table/options
TAH-BIO-BIO26-L33-Q001,BIO26-PDF149-L33-S1-Q001,BIO26-L33,أحياء 4,كيمياء الخلية,149,149,148,1,1,BIO26-M21,BIO26-S21-01,,,NOT_STARTED,NOT_RUN,ONE_QUESTION_ONE_IMAGE_ONE_CODE; exclude number/year/stars/badge/next-question/header; preserve full biological figure/labels/arrows/table/options
TAH-BIO-BIO26-L33-Q002,BIO26-PDF149-L33-S1-Q002,BIO26-L33,أحياء 4,كيمياء الخلية,149,149,148,1,2,BIO26-M21,BIO26-S21-01,,,NOT_STARTED,NOT_RUN,ONE_QUESTION_ONE_IMAGE_ONE_CODE; exclude number/year/stars/badge/next-question/header; preserve full biological figure/labels/arrows/table/options
TAH-BIO-BIO26-L33-Q003,BIO26-PDF149-L33-S1-Q003,BIO26-L33,أحياء 4,كيمياء الخلية,149,149,148,1,3,BIO26-M21,BIO26-S21-01,,,NOT_STARTED,NOT_RUN,ONE_QUESTION_ONE_IMAGE_ONE_CODE; exclude number/year/stars/badge/next-question/header; preserve full biological figure/labels/arrows/table/options
TAH-BIO-BIO26-L33-Q004,BIO26-PDF149-L33-S1-Q004,BIO26-L33,أحياء 4,كيمياء الخلية,149,149,148,1,4,BIO26-M21,BIO26-S21-01,,,NOT_STARTED,NOT_RUN,ONE_QUESTION_ONE_IMAGE_ONE_CODE; exclude number/year/stars/badge/next-question/header; preserve full biological figure/labels/arrows/table/options
TAH-BIO-BIO26-L33-Q005,BIO26-PDF149-L33-S1-Q005,BIO26-L33,أحياء 4,كيمياء الخلية,149,149,148,1,5,BIO26-M21,BIO26-S21-01,,,NOT_STARTED,NOT_RUN,ONE_QUESTION_ONE_IMAGE_ONE_CODE; exclude number/year/stars/badge/next-question/header; preserve full biological figure/labels/arrows/table/options
TAH-BIO-BIO26-L33-Q006,BIO26-PDF149-L33-S1-Q006,BIO26-L33,أحياء 4,كيمياء الخلية,149,149,148,1,6,BIO26-M21,BIO26-S21-01,,,NOT_STARTED,NOT_RUN,ONE_QUESTION_ONE_IMAGE_ONE_CODE; exclude number/year/stars/badge/next-question/header; preserve full biological figure/labels/arrows/table/options
TAH-BIO-BIO26-L33-Q007,BIO26-PDF149-L33-S1-Q007,BIO26-L33,أحياء 4,كيمياء الخلية,149,149,148,1,7,BIO26-M21,BIO26-S21-01,,,NOT_STARTED,NOT_RUN,ONE_QUESTION_ONE_IMAGE_ONE_CODE; exclude number/year/stars/badge/next-question/header; preserve full biological figure/labels/arrows/table/options
TAH-BIO-BIO26-L33-Q008,BIO26-PDF149-L33-S1-Q008,BIO26-L33,أحياء 4,كيمياء الخلية,149,149,148,1,8,BIO26-M21,BIO26-S21-01,,,NOT_STARTED,NOT_RUN,ONE_QUESTION_ONE_IMAGE_ONE_CODE; exclude number/year/stars/badge/next-question/header; preserve full biological figure/labels/arrows/table/options
TAH-BIO-BIO26-L33-Q009,BIO26-PDF149-L33-S1-Q009,BIO26-L33,أحياء 4,كيمياء الخلية,149,149,148,1,9,BIO26-M21,BIO26-S21-02,,,NOT_STARTED,NOT_RUN,ONE_QUESTION_ONE_IMAGE_ONE_CODE; exclude number/year/stars/badge/next-question/header; preserve full biological figure/labels/arrows/table/options
TAH-BIO-BIO26-L33-Q010,BIO26-PDF149-L33-S1-Q010,BIO26-L33,أحياء 4,كيمياء الخلية,149,149,148,1,10,BIO26-M21,BIO26-S21-02,,,NOT_STARTED,NOT_RUN,ONE_QUESTION_ONE_IMAGE_ONE_CODE; exclude number/year/stars/badge/next-question/header; preserve full biological figure/labels/arrows/table/options
TAH-BIO-BIO26-L33-Q011,BIO26-PDF149-L33-S1-Q011,BIO26-L33,أحياء 4,كيمياء الخلية,149,149,148,1,11,BIO26-M21,BIO26-S21-02,,,NOT_STARTED,NOT_RUN,ONE_QUESTION_ONE_IMAGE_ONE_CODE; exclude number/year/stars/badge/next-question/header; preserve full biological figure/labels/arrows/table/options
TAH-BIO-BIO26-L33-Q012,BIO26-PDF149-L33-S1-Q012,BIO26-L33,أحياء 4,كيمياء الخلية,149,149,148,1,12,BIO26-M21,BIO26-S21-02,,,NOT_STARTED,NOT_RUN,ONE_QUESTION_ONE_IMAGE_ONE_CODE; exclude number/year/stars/badge/next-question/header; preserve full biological figure/labels/arrows/table/options
TAH-BIO-BIO26-L33-Q013,BIO26-PDF149-L33-S1-Q013,BIO26-L33,أحياء 4,كيمياء الخلية,149,149,148,1,13,BIO26-M21,BIO26-S21-02,,,NOT_STARTED,NOT_RUN,ONE_QUESTION_ONE_IMAGE_ONE_CODE; exclude number/year/stars/badge/next-question/header; preserve full biological figure/labels/arrows/table/options
TAH-BIO-BIO26-L33-Q014,BIO26-PDF149-L33-S1-Q014,BIO26-L33,أحياء 4,كيمياء الخلية,149,149,148,1,14,BIO26-M21,BIO26-S21-02,,,NOT_STARTED,NOT_RUN,ONE_QUESTION_ONE_IMAGE_ONE_CODE; exclude number/year/stars/badge/next-question/header; preserve full biological figure/labels/arrows/table/options
TAH-BIO-BIO26-L33-Q015,BIO26-PDF149-L33-S1-Q015,BIO26-L33,أحياء 4,كيمياء الخلية,149,149,148,1,15,BIO26-M21,BIO26-S21-03,,,NOT_STARTED,NOT_RUN,ONE_QUESTION_ONE_IMAGE_ONE_CODE; exclude number/year/stars/badge/next-question/header; preserve full biological figure/labels/arrows/table/options
TAH-BIO-BIO26-L33-Q016,BIO26-PDF149-L33-S1-Q016,BIO26-L33,أحياء 4,كيمياء الخلية,149,149,148,1,16,BIO26-M21,BIO26-S21-03,,,NOT_STARTED,NOT_RUN,ONE_QUESTION_ONE_IMAGE_ONE_CODE; exclude number/year/stars/badge/next-question/header; preserve full biological figure/labels/arrows/table/options
TAH-BIO-BIO26-L33-Q017,BIO26-PDF149-L33-S1-Q017,BIO26-L33,أحياء 4,كيمياء الخلية,149,149,148,1,17,BIO26-M21,BIO26-S21-03,,,NOT_STARTED,NOT_RUN,ONE_QUESTION_ONE_IMAGE_ONE_CODE; exclude number/year/stars/badge/next-question/header; preserve full biological figure/labels/arrows/table/options
TAH-BIO-BIO26-L33-Q018,BIO26-PDF150-L33-S1-Q018,BIO26-L33,أحياء 4,كيمياء الخلية,150,150,149,1,18,BIO26-M21,BIO26-S21-03,,,NOT_STARTED,NOT_RUN,ONE_QUESTION_ONE_IMAGE_ONE_CODE; exclude number/year/stars/badge/next-question/header; preserve full biological figure/labels/arrows/table/options
TAH-BIO-BIO26-L33-Q019,BIO26-PDF150-L33-S1-Q019,BIO26-L33,أحياء 4,كيمياء الخلية,150,150,149,1,19,BIO26-M21,BIO26-S21-03,,,NOT_STARTED,NOT_RUN,ONE_QUESTION_ONE_IMAGE_ONE_CODE; exclude number/year/stars/badge/next-question/header; preserve full biological figure/labels/arrows/table/options
TAH-BIO-BIO26-L33-Q020,BIO26-PDF150-L33-S1-Q020,BIO26-L33,أحياء 4,كيمياء الخلية,150,150,149,1,20,BIO26-M21,BIO26-S21-03,,,NOT_STARTED,NOT_RUN,ONE_QUESTION_ONE_IMAGE_ONE_CODE; exclude number/year/stars/badge/next-question/header; preserve full biological figure/labels/arrows/table/options
TAH-BIO-BIO26-L33-Q021,BIO26-PDF151-L33-S2-Q021,BIO26-L33,أحياء 4,كيمياء الخلية,151,151,150,2,21,BIO26-M21,BIO26-S21-01,,,NOT_STARTED,NOT_RUN,ONE_QUESTION_ONE_IMAGE_ONE_CODE; exclude number/year/stars/badge/next-question/header; preserve full biological figure/labels/arrows/table/options
TAH-BIO-BIO26-L33-Q022,BIO26-PDF151-L33-S2-Q022,BIO26-L33,أحياء 4,كيمياء الخلية,151,151,150,2,22,BIO26-M21,BIO26-S21-01,,,NOT_STARTED,NOT_RUN,ONE_QUESTION_ONE_IMAGE_ONE_CODE; exclude number/year/stars/badge/next-question/header; preserve full biological figure/labels/arrows/table/options
TAH-BIO-BIO26-L33-Q023,BIO26-PDF151-L33-S2-Q023,BIO26-L33,أحياء 4,كيمياء الخلية,151,151,150,2,23,BIO26-M21,BIO26-S21-01,,,NOT_STARTED,NOT_RUN,ONE_QUESTION_ONE_IMAGE_ONE_CODE; exclude number/year/stars/badge/next-question/header; preserve full biological figure/labels/arrows/table/options
TAH-BIO-BIO26-L33-Q024,BIO26-PDF151-L33-S2-Q024,BIO26-L33,أحياء 4,كيمياء الخلية,151,151,150,2,24,BIO26-M21,BIO26-S21-01,,,NOT_STARTED,NOT_RUN,ONE_QUESTION_ONE_IMAGE_ONE_CODE; exclude number/year/stars/badge/next-question/header; preserve full biological figure/labels/arrows/table/options
TAH-BIO-BIO26-L33-Q025,BIO26-PDF151-L33-S2-Q025,BIO26-L33,أحياء 4,كيمياء الخلية,151,151,150,2,25,BIO26-M21,BIO26-S21-01,,,NOT_STARTED,NOT_RUN,ONE_QUESTION_ONE_IMAGE_ONE_CODE; exclude number/year/stars/badge/next-question/header; preserve full biological figure/labels/arrows/table/options
TAH-BIO-BIO26-L33-Q026,BIO26-PDF151-L33-S2-Q026,BIO26-L33,أحياء 4,كيمياء الخلية,151,151,150,2,26,BIO26-M21,BIO26-S21-02,,,NOT_STARTED,NOT_RUN,ONE_QUESTION_ONE_IMAGE_ONE_CODE; exclude number/year/stars/badge/next-question/header; preserve full biological figure/labels/arrows/table/options
TAH-BIO-BIO26-L33-Q027,BIO26-PDF151-L33-S2-Q027,BIO26-L33,أحياء 4,كيمياء الخلية,151,151,150,2,27,BIO26-M21,BIO26-S21-02,,,NOT_STARTED,NOT_RUN,ONE_QUESTION_ONE_IMAGE_ONE_CODE; exclude number/year/stars/badge/next-question/header; preserve full biological figure/labels/arrows/table/options
TAH-BIO-BIO26-L33-Q028,BIO26-PDF151-L33-S2-Q028,BIO26-L33,أحياء 4,كيمياء الخلية,151,151,150,2,28,BIO26-M21,BIO26-S21-02,,,NOT_STARTED,NOT_RUN,ONE_QUESTION_ONE_IMAGE_ONE_CODE; exclude number/year/stars/badge/next-question/header; preserve full biological figure/labels/arrows/table/options
TAH-BIO-BIO26-L33-Q029,BIO26-PDF151-L33-S2-Q029,BIO26-L33,أحياء 4,كيمياء الخلية,151,151,150,2,29,BIO26-M21,BIO26-S21-02,,,NOT_STARTED,NOT_RUN,ONE_QUESTION_ONE_IMAGE_ONE_CODE; exclude number/year/stars/badge/next-question/header; preserve full biological figure/labels/arrows/table/options
TAH-BIO-BIO26-L33-Q030,BIO26-PDF151-L33-S2-Q030,BIO26-L33,أحياء 4,كيمياء الخلية,151,151,150,2,30,BIO26-M21,BIO26-S21-02,,,NOT_STARTED,NOT_RUN,ONE_QUESTION_ONE_IMAGE_ONE_CODE; exclude number/year/stars/badge/next-question/header; preserve full biological figure/labels/arrows/table/options
TAH-BIO-BIO26-L33-Q031,BIO26-PDF151-L33-S2-Q031,BIO26-L33,أحياء 4,كيمياء الخلية,151,151,150,2,31,BIO26-M21,BIO26-S21-02,,,NOT_STARTED,NOT_RUN,ONE_QUESTION_ONE_IMAGE_ONE_CODE; exclude number/year/stars/badge/next-question/header; preserve full biological figure/labels/arrows/table/options
TAH-BIO-BIO26-L33-Q032,BIO26-PDF151-L33-S2-Q032,BIO26-L33,أحياء 4,كيمياء الخلية,151,151,150,2,32,BIO26-M21,BIO26-S21-02,,,NOT_STARTED,NOT_RUN,ONE_QUESTION_ONE_IMAGE_ONE_CODE; exclude number/year/stars/badge/next-question/header; preserve full biological figure/labels/arrows/table/options
TAH-BIO-BIO26-L33-Q033,BIO26-PDF151-L33-S2-Q033,BIO26-L33,أحياء 4,كيمياء الخلية,151,151,150,2,33,BIO26-M21,BIO26-S21-02,,,NOT_STARTED,NOT_RUN,ONE_QUESTION_ONE_IMAGE_ONE_CODE; exclude number/year/stars/badge/next-question/header; preserve full biological figure/labels/arrows/table/options
TAH-BIO-BIO26-L33-Q034,BIO26-PDF151-L33-S2-Q034,BIO26-L33,أحياء 4,كيمياء الخلية,151,151,150,2,34,BIO26-M21,BIO26-S21-02,,,NOT_STARTED,NOT_RUN,ONE_QUESTION_ONE_IMAGE_ONE_CODE; exclude number/year/stars/badge/next-question/header; preserve full biological figure/labels/arrows/table/options
TAH-BIO-BIO26-L33-Q035,BIO26-PDF151-L33-S2-Q035,BIO26-L33,أحياء 4,كيمياء الخلية,151,151,150,2,35,BIO26-M21,BIO26-S21-02,,,NOT_STARTED,NOT_RUN,ONE_QUESTION_ONE_IMAGE_ONE_CODE; exclude number/year/stars/badge/next-question/header; preserve full biological figure/labels/arrows/table/options
TAH-BIO-BIO26-L33-Q036,BIO26-PDF151-L33-S2-Q036,BIO26-L33,أحياء 4,كيمياء الخلية,151,151,150,2,36,BIO26-M21,BIO26-S21-02,,,NOT_STARTED,NOT_RUN,ONE_QUESTION_ONE_IMAGE_ONE_CODE; exclude number/year/stars/badge/next-question/header; preserve full biological figure/labels/arrows/table/options
TAH-BIO-BIO26-L33-Q037,BIO26-PDF151-L33-S2-Q037,BIO26-L33,أحياء 4,كيمياء الخلية,151,151,150,2,37,BIO26-M21,BIO26-S21-02,,,NOT_STARTED,NOT_RUN,ONE_QUESTION_ONE_IMAGE_ONE_CODE; exclude number/year/stars/badge/next-question/header; preserve full biological figure/labels/arrows/table/options
TAH-BIO-BIO26-L33-Q038,BIO26-PDF151-L33-S2-Q038,BIO26-L33,أحياء 4,كيمياء الخلية,151,151,150,2,38,BIO26-M21,BIO26-S21-02,,,NOT_STARTED,NOT_RUN,ONE_QUESTION_ONE_IMAGE_ONE_CODE; exclude number/year/stars/badge/next-question/header; preserve full biological figure/labels/arrows/table/options
TAH-BIO-BIO26-L33-Q039,BIO26-PDF151-L33-S2-Q039,BIO26-L33,أحياء 4,كيمياء الخلية,151,151,150,2,39,BIO26-M21,BIO26-S21-03,,,NOT_STARTED,NOT_RUN,ONE_QUESTION_ONE_IMAGE_ONE_CODE; exclude number/year/stars/badge/next-question/header; preserve full biological figure/labels/arrows/table/options
TAH-BIO-BIO26-L34-Q001,BIO26-PDF152-L34-S1-Q001,BIO26-L34,أحياء 4,الطاقة الخلوية,152,152,151,1,1,BIO26-M22,BIO26-S22-01,,,NOT_STARTED,NOT_RUN,ONE_QUESTION_ONE_IMAGE_ONE_CODE; exclude number/year/stars/badge/next-question/header; preserve full biological figure/labels/arrows/table/options
TAH-BIO-BIO26-L34-Q002,BIO26-PDF152-L34-S1-Q002,BIO26-L34,أحياء 4,الطاقة الخلوية,152,152,151,1,2,BIO26-M22,BIO26-S22-01,,,NOT_STARTED,NOT_RUN,ONE_QUESTION_ONE_IMAGE_ONE_CODE; exclude number/year/stars/badge/next-question/header; preserve full biological figure/labels/arrows/table/options
TAH-BIO-BIO26-L34-Q003,BIO26-PDF152-L34-S1-Q003,BIO26-L34,أحياء 4,الطاقة الخلوية,152,152,151,1,3,BIO26-M22,BIO26-S22-01,,,NOT_STARTED,NOT_RUN,ONE_QUESTION_ONE_IMAGE_ONE_CODE; exclude number/year/stars/badge/next-question/header; preserve full biological figure/labels/arrows/table/options
TAH-BIO-BIO26-L34-Q004,BIO26-PDF152-L34-S1-Q004,BIO26-L34,أحياء 4,الطاقة الخلوية,152,152,151,1,4,BIO26-M22,BIO26-S22-01,,,NOT_STARTED,NOT_RUN,ONE_QUESTION_ONE_IMAGE_ONE_CODE; exclude number/year/stars/badge/next-question/header; preserve full biological figure/labels/arrows/table/options
TAH-BIO-BIO26-L34-Q005,BIO26-PDF152-L34-S1-Q005,BIO26-L34,أحياء 4,الطاقة الخلوية,152,152,151,1,5,BIO26-M22,BIO26-S22-01,,,NOT_STARTED,NOT_RUN,ONE_QUESTION_ONE_IMAGE_ONE_CODE; exclude number/year/stars/badge/next-question/header; preserve full biological figure/labels/arrows/table/options
TAH-BIO-BIO26-L34-Q006,BIO26-PDF152-L34-S1-Q006,BIO26-L34,أحياء 4,الطاقة الخلوية,152,152,151,1,6,BIO26-M22,BIO26-S22-01,,,NOT_STARTED,NOT_RUN,ONE_QUESTION_ONE_IMAGE_ONE_CODE; exclude number/year/stars/badge/next-question/header; preserve full biological figure/labels/arrows/table/options
TAH-BIO-BIO26-L34-Q007,BIO26-PDF152-L34-S1-Q007,BIO26-L34,أحياء 4,الطاقة الخلوية,152,152,151,1,7,BIO26-M22,BIO26-S22-01,,,NOT_STARTED,NOT_RUN,ONE_QUESTION_ONE_IMAGE_ONE_CODE; exclude number/year/stars/badge/next-question/header; preserve full biological figure/labels/arrows/table/options
TAH-BIO-BIO26-L34-Q008,BIO26-PDF152-L34-S1-Q008,BIO26-L34,أحياء 4,الطاقة الخلوية,152,152,151,1,8,BIO26-M22,BIO26-S22-01,,,NOT_STARTED,NOT_RUN,ONE_QUESTION_ONE_IMAGE_ONE_CODE; exclude number/year/stars/badge/next-question/header; preserve full biological figure/labels/arrows/table/options
TAH-BIO-BIO26-L34-Q009,BIO26-PDF152-L34-S1-Q009,BIO26-L34,أحياء 4,الطاقة الخلوية,152,152,151,1,9,BIO26-M22,BIO26-S22-01,,,NOT_STARTED,NOT_RUN,ONE_QUESTION_ONE_IMAGE_ONE_CODE; exclude number/year/stars/badge/next-question/header; preserve full biological figure/labels/arrows/table/options
TAH-BIO-BIO26-L34-Q010,BIO26-PDF152-L34-S1-Q010,BIO26-L34,أحياء 4,الطاقة الخلوية,152,152,151,1,10,BIO26-M22,BIO26-S22-01,,,NOT_STARTED,NOT_RUN,ONE_QUESTION_ONE_IMAGE_ONE_CODE; exclude number/year/stars/badge/next-question/header; preserve full biological figure/labels/arrows/table/options
TAH-BIO-BIO26-L34-Q011,BIO26-PDF152-L34-S1-Q011,BIO26-L34,أحياء 4,الطاقة الخلوية,152,152,151,1,11,BIO26-M22,BIO26-S22-01,,,NOT_STARTED,NOT_RUN,ONE_QUESTION_ONE_IMAGE_ONE_CODE; exclude number/year/stars/badge/next-question/header; preserve full biological figure/labels/arrows/table/options
TAH-BIO-BIO26-L34-Q012,BIO26-PDF152-L34-S1-Q012,BIO26-L34,أحياء 4,الطاقة الخلوية,152,152,151,1,12,BIO26-M22,BIO26-S22-01,,,NOT_STARTED,NOT_RUN,ONE_QUESTION_ONE_IMAGE_ONE_CODE; exclude number/year/stars/badge/next-question/header; preserve full biological figure/labels/arrows/table/options
TAH-BIO-BIO26-L34-Q013,BIO26-PDF152-L34-S1-Q013,BIO26-L34,أحياء 4,الطاقة الخلوية,152,152,151,1,13,BIO26-M22,BIO26-S22-01,,,NOT_STARTED,NOT_RUN,ONE_QUESTION_ONE_IMAGE_ONE_CODE; exclude number/year/stars/badge/next-question/header; preserve full biological figure/labels/arrows/table/options
TAH-BIO-BIO26-L34-Q014,BIO26-PDF152-L34-S1-Q014,BIO26-L34,أحياء 4,الطاقة الخلوية,152,152,151,1,14,BIO26-M22,BIO26-S22-01,,,NOT_STARTED,NOT_RUN,ONE_QUESTION_ONE_IMAGE_ONE_CODE; exclude number/year/stars/badge/next-question/header; preserve full biological figure/labels/arrows/table/options
TAH-BIO-BIO26-L34-Q015,BIO26-PDF152-L34-S1-Q015,BIO26-L34,أحياء 4,الطاقة الخلوية,152,152,151,1,15,BIO26-M22,BIO26-S22-01,,,NOT_STARTED,NOT_RUN,ONE_QUESTION_ONE_IMAGE_ONE_CODE; exclude number/year/stars/badge/next-question/header; preserve full biological figure/labels/arrows/table/options
TAH-BIO-BIO26-L34-Q016,BIO26-PDF152-L34-S1-Q016,BIO26-L34,أحياء 4,الطاقة الخلوية,152,152,151,1,16,BIO26-M22,BIO26-S22-01,,,NOT_STARTED,NOT_RUN,ONE_QUESTION_ONE_IMAGE_ONE_CODE; exclude number/year/stars/badge/next-question/header; preserve full biological figure/labels/arrows/table/options
TAH-BIO-BIO26-L34-Q017,BIO26-PDF152-L34-S1-Q017,BIO26-L34,أحياء 4,الطاقة الخلوية,152,152,151,1,17,BIO26-M22,BIO26-S22-01,,,NOT_STARTED,NOT_RUN,ONE_QUESTION_ONE_IMAGE_ONE_CODE; exclude number/year/stars/badge/next-question/header; preserve full biological figure/labels/arrows/table/options
TAH-BIO-BIO26-L34-Q018,BIO26-PDF153-L34-S1-Q018,BIO26-L34,أحياء 4,الطاقة الخلوية,153,153,152,1,18,BIO26-M22,BIO26-S22-01,,,NOT_STARTED,NOT_RUN,ONE_QUESTION_ONE_IMAGE_ONE_CODE; exclude number/year/stars/badge/next-question/header; preserve full biological figure/labels/arrows/table/options
TAH-BIO-BIO26-L34-Q019,BIO26-PDF153-L34-S1-Q019,BIO26-L34,أحياء 4,الطاقة الخلوية,153,153,152,1,19,BIO26-M22,BIO26-S22-01,,,NOT_STARTED,NOT_RUN,ONE_QUESTION_ONE_IMAGE_ONE_CODE; exclude number/year/stars/badge/next-question/header; preserve full biological figure/labels/arrows/table/options
TAH-BIO-BIO26-L34-Q020,BIO26-PDF153-L34-S1-Q020,BIO26-L34,أحياء 4,الطاقة الخلوية,153,153,152,1,20,BIO26-M22,BIO26-S22-01,,,NOT_STARTED,NOT_RUN,ONE_QUESTION_ONE_IMAGE_ONE_CODE; exclude number/year/stars/badge/next-question/header; preserve full biological figure/labels/arrows/table/options
TAH-BIO-BIO26-L34-Q021,BIO26-PDF153-L34-S1-Q021,BIO26-L34,أحياء 4,الطاقة الخلوية,153,153,152,1,21,BIO26-M22,BIO26-S22-01,,,NOT_STARTED,NOT_RUN,ONE_QUESTION_ONE_IMAGE_ONE_CODE; exclude number/year/stars/badge/next-question/header; preserve full biological figure/labels/arrows/table/options
TAH-BIO-BIO26-L34-Q022,BIO26-PDF153-L34-S1-Q022,BIO26-L34,أحياء 4,الطاقة الخلوية,153,153,152,1,22,BIO26-M22,BIO26-S22-01,,,NOT_STARTED,NOT_RUN,ONE_QUESTION_ONE_IMAGE_ONE_CODE; exclude number/year/stars/badge/next-question/header; preserve full biological figure/labels/arrows/table/options
TAH-BIO-BIO26-L34-Q023,BIO26-PDF153-L34-S1-Q023,BIO26-L34,أحياء 4,الطاقة الخلوية,153,153,152,1,23,BIO26-M22,BIO26-S22-01,,,NOT_STARTED,NOT_RUN,ONE_QUESTION_ONE_IMAGE_ONE_CODE; exclude number/year/stars/badge/next-question/header; preserve full biological figure/labels/arrows/table/options
TAH-BIO-BIO26-L34-Q024,BIO26-PDF153-L34-S1-Q024,BIO26-L34,أحياء 4,الطاقة الخلوية,153,153,152,1,24,BIO26-M22,BIO26-S22-01,,,NOT_STARTED,NOT_RUN,ONE_QUESTION_ONE_IMAGE_ONE_CODE; exclude number/year/stars/badge/next-question/header; preserve full biological figure/labels/arrows/table/options
TAH-BIO-BIO26-L34-Q025,BIO26-PDF153-L34-S1-Q025,BIO26-L34,أحياء 4,الطاقة الخلوية,153,153,152,1,25,BIO26-M22,BIO26-S22-01,,,NOT_STARTED,NOT_RUN,ONE_QUESTION_ONE_IMAGE_ONE_CODE; exclude number/year/stars/badge/next-question/header; preserve full biological figure/labels/arrows/table/options
TAH-BIO-BIO26-L34-Q026,BIO26-PDF154-L34-S2-Q026,BIO26-L34,أحياء 4,الطاقة الخلوية,154,154,153,2,26,BIO26-M22,BIO26-S22-01,,,NOT_STARTED,NOT_RUN,ONE_QUESTION_ONE_IMAGE_ONE_CODE; exclude number/year/stars/badge/next-question/header; preserve full biological figure/labels/arrows/table/options
TAH-BIO-BIO26-L34-Q027,BIO26-PDF154-L34-S2-Q027,BIO26-L34,أحياء 4,الطاقة الخلوية,154,154,153,2,27,BIO26-M22,BIO26-S22-01,,,NOT_STARTED,NOT_RUN,ONE_QUESTION_ONE_IMAGE_ONE_CODE; exclude number/year/stars/badge/next-question/header; preserve full biological figure/labels/arrows/table/options
TAH-BIO-BIO26-L34-Q028,BIO26-PDF154-L34-S2-Q028,BIO26-L34,أحياء 4,الطاقة الخلوية,154,154,153,2,28,BIO26-M22,BIO26-S22-01,,,NOT_STARTED,NOT_RUN,ONE_QUESTION_ONE_IMAGE_ONE_CODE; exclude number/year/stars/badge/next-question/header; preserve full biological figure/labels/arrows/table/options
TAH-BIO-BIO26-L34-Q029,BIO26-PDF154-L34-S2-Q029,BIO26-L34,أحياء 4,الطاقة الخلوية,154,154,153,2,29,BIO26-M22,BIO26-S22-01,,,NOT_STARTED,NOT_RUN,ONE_QUESTION_ONE_IMAGE_ONE_CODE; exclude number/year/stars/badge/next-question/header; preserve full biological figure/labels/arrows/table/options
TAH-BIO-BIO26-L34-Q030,BIO26-PDF154-L34-S2-Q030,BIO26-L34,أحياء 4,الطاقة الخلوية,154,154,153,2,30,BIO26-M22,BIO26-S22-01,,,NOT_STARTED,NOT_RUN,ONE_QUESTION_ONE_IMAGE_ONE_CODE; exclude number/year/stars/badge/next-question/header; preserve full biological figure/labels/arrows/table/options
TAH-BIO-BIO26-L34-Q031,BIO26-PDF154-L34-S2-Q031,BIO26-L34,أحياء 4,الطاقة الخلوية,154,154,153,2,31,BIO26-M22,BIO26-S22-01,,,NOT_STARTED,NOT_RUN,ONE_QUESTION_ONE_IMAGE_ONE_CODE; exclude number/year/stars/badge/next-question/header; preserve full biological figure/labels/arrows/table/options
TAH-BIO-BIO26-L34-Q032,BIO26-PDF154-L34-S2-Q032,BIO26-L34,أحياء 4,الطاقة الخلوية,154,154,153,2,32,BIO26-M22,BIO26-S22-01,,,NOT_STARTED,NOT_RUN,ONE_QUESTION_ONE_IMAGE_ONE_CODE; exclude number/year/stars/badge/next-question/header; preserve full biological figure/labels/arrows/table/options
TAH-BIO-BIO26-L34-Q033,BIO26-PDF154-L34-S2-Q033,BIO26-L34,أحياء 4,الطاقة الخلوية,154,154,153,2,33,BIO26-M22,BIO26-S22-01,,,NOT_STARTED,NOT_RUN,ONE_QUESTION_ONE_IMAGE_ONE_CODE; exclude number/year/stars/badge/next-question/header; preserve full biological figure/labels/arrows/table/options
TAH-BIO-BIO26-L34-Q034,BIO26-PDF154-L34-S2-Q034,BIO26-L34,أحياء 4,الطاقة الخلوية,154,154,153,2,34,BIO26-M22,BIO26-S22-01,,,NOT_STARTED,NOT_RUN,ONE_QUESTION_ONE_IMAGE_ONE_CODE; exclude number/year/stars/badge/next-question/header; preserve full biological figure/labels/arrows/table/options
TAH-BIO-BIO26-L35-Q001,BIO26-PDF155-L35-S1-Q001,BIO26-L35,أحياء 4,البناء الضوئي والتنفس الخلوي,155,155,154,1,1,BIO26-M22,BIO26-S22-02,,,NOT_STARTED,NOT_RUN,ONE_QUESTION_ONE_IMAGE_ONE_CODE; exclude number/year/stars/badge/next-question/header; preserve full biological figure/labels/arrows/table/options
TAH-BIO-BIO26-L35-Q002,BIO26-PDF155-L35-S1-Q002,BIO26-L35,أحياء 4,البناء الضوئي والتنفس الخلوي,155,155,154,1,2,BIO26-M22,BIO26-S22-02,,,NOT_STARTED,NOT_RUN,ONE_QUESTION_ONE_IMAGE_ONE_CODE; exclude number/year/stars/badge/next-question/header; preserve full biological figure/labels/arrows/table/options
TAH-BIO-BIO26-L35-Q003,BIO26-PDF155-L35-S1-Q003,BIO26-L35,أحياء 4,البناء الضوئي والتنفس الخلوي,155,155,154,1,3,BIO26-M22,BIO26-S22-02,,,NOT_STARTED,NOT_RUN,ONE_QUESTION_ONE_IMAGE_ONE_CODE; exclude number/year/stars/badge/next-question/header; preserve full biological figure/labels/arrows/table/options
TAH-BIO-BIO26-L35-Q004,BIO26-PDF155-L35-S1-Q004,BIO26-L35,أحياء 4,البناء الضوئي والتنفس الخلوي,155,155,154,1,4,BIO26-M22,BIO26-S22-02,,,NOT_STARTED,NOT_RUN,ONE_QUESTION_ONE_IMAGE_ONE_CODE; exclude number/year/stars/badge/next-question/header; preserve full biological figure/labels/arrows/table/options
TAH-BIO-BIO26-L35-Q005,BIO26-PDF155-L35-S1-Q005,BIO26-L35,أحياء 4,البناء الضوئي والتنفس الخلوي,155,155,154,1,5,BIO26-M22,BIO26-S22-02,,,NOT_STARTED,NOT_RUN,ONE_QUESTION_ONE_IMAGE_ONE_CODE; exclude number/year/stars/badge/next-question/header; preserve full biological figure/labels/arrows/table/options
TAH-BIO-BIO26-L35-Q006,BIO26-PDF155-L35-S1-Q006,BIO26-L35,أحياء 4,البناء الضوئي والتنفس الخلوي,155,155,154,1,6,BIO26-M22,BIO26-S22-02,,,NOT_STARTED,NOT_RUN,ONE_QUESTION_ONE_IMAGE_ONE_CODE; exclude number/year/stars/badge/next-question/header; preserve full biological figure/labels/arrows/table/options
TAH-BIO-BIO26-L35-Q007,BIO26-PDF155-L35-S1-Q007,BIO26-L35,أحياء 4,البناء الضوئي والتنفس الخلوي,155,155,154,1,7,BIO26-M22,BIO26-S22-02,,,NOT_STARTED,NOT_RUN,ONE_QUESTION_ONE_IMAGE_ONE_CODE; exclude number/year/stars/badge/next-question/header; preserve full biological figure/labels/arrows/table/options
TAH-BIO-BIO26-L35-Q008,BIO26-PDF155-L35-S1-Q008,BIO26-L35,أحياء 4,البناء الضوئي والتنفس الخلوي,155,155,154,1,8,BIO26-M22,BIO26-S22-02,,,NOT_STARTED,NOT_RUN,ONE_QUESTION_ONE_IMAGE_ONE_CODE; exclude number/year/stars/badge/next-question/header; preserve full biological figure/labels/arrows/table/options
TAH-BIO-BIO26-L35-Q009,BIO26-PDF155-L35-S1-Q009,BIO26-L35,أحياء 4,البناء الضوئي والتنفس الخلوي,155,155,154,1,9,BIO26-M22,BIO26-S22-02,,,NOT_STARTED,NOT_RUN,ONE_QUESTION_ONE_IMAGE_ONE_CODE; exclude number/year/stars/badge/next-question/header; preserve full biological figure/labels/arrows/table/options
TAH-BIO-BIO26-L35-Q010,BIO26-PDF155-L35-S1-Q010,BIO26-L35,أحياء 4,البناء الضوئي والتنفس الخلوي,155,155,154,1,10,BIO26-M22,BIO26-S22-02,,,NOT_STARTED,NOT_RUN,ONE_QUESTION_ONE_IMAGE_ONE_CODE; exclude number/year/stars/badge/next-question/header; preserve full biological figure/labels/arrows/table/options
TAH-BIO-BIO26-L35-Q011,BIO26-PDF155-L35-S1-Q011,BIO26-L35,أحياء 4,البناء الضوئي والتنفس الخلوي,155,155,154,1,11,BIO26-M22,BIO26-S22-02,,,NOT_STARTED,NOT_RUN,ONE_QUESTION_ONE_IMAGE_ONE_CODE; exclude number/year/stars/badge/next-question/header; preserve full biological figure/labels/arrows/table/options
TAH-BIO-BIO26-L35-Q012,BIO26-PDF155-L35-S1-Q012,BIO26-L35,أحياء 4,البناء الضوئي والتنفس الخلوي,155,155,154,1,12,BIO26-M22,BIO26-S22-02,,,NOT_STARTED,NOT_RUN,ONE_QUESTION_ONE_IMAGE_ONE_CODE; exclude number/year/stars/badge/next-question/header; preserve full biological figure/labels/arrows/table/options
TAH-BIO-BIO26-L35-Q013,BIO26-PDF155-L35-S1-Q013,BIO26-L35,أحياء 4,البناء الضوئي والتنفس الخلوي,155,155,154,1,13,BIO26-M22,BIO26-S22-04,,,NOT_STARTED,NOT_RUN,ONE_QUESTION_ONE_IMAGE_ONE_CODE; exclude number/year/stars/badge/next-question/header; preserve full biological figure/labels/arrows/table/options
TAH-BIO-BIO26-L35-Q014,BIO26-PDF155-L35-S1-Q014,BIO26-L35,أحياء 4,البناء الضوئي والتنفس الخلوي,155,155,154,1,14,BIO26-M22,BIO26-S22-04,,,NOT_STARTED,NOT_RUN,ONE_QUESTION_ONE_IMAGE_ONE_CODE; exclude number/year/stars/badge/next-question/header; preserve full biological figure/labels/arrows/table/options
TAH-BIO-BIO26-L35-Q015,BIO26-PDF155-L35-S1-Q015,BIO26-L35,أحياء 4,البناء الضوئي والتنفس الخلوي,155,155,154,1,15,BIO26-M22,BIO26-S22-04,,,NOT_STARTED,NOT_RUN,ONE_QUESTION_ONE_IMAGE_ONE_CODE; exclude number/year/stars/badge/next-question/header; preserve full biological figure/labels/arrows/table/options
TAH-BIO-BIO26-L35-Q016,BIO26-PDF156-L35-S1-Q016,BIO26-L35,أحياء 4,البناء الضوئي والتنفس الخلوي,156,156,155,1,16,BIO26-M22,BIO26-S22-04,,,NOT_STARTED,NOT_RUN,ONE_QUESTION_ONE_IMAGE_ONE_CODE; exclude number/year/stars/badge/next-question/header; preserve full biological figure/labels/arrows/table/options
TAH-BIO-BIO26-L35-Q017,BIO26-PDF156-L35-S1-Q017,BIO26-L35,أحياء 4,البناء الضوئي والتنفس الخلوي,156,156,155,1,17,BIO26-M22,BIO26-S22-04,,,NOT_STARTED,NOT_RUN,ONE_QUESTION_ONE_IMAGE_ONE_CODE; exclude number/year/stars/badge/next-question/header; preserve full biological figure/labels/arrows/table/options
TAH-BIO-BIO26-L35-Q018,BIO26-PDF156-L35-S1-Q018,BIO26-L35,أحياء 4,البناء الضوئي والتنفس الخلوي,156,156,155,1,18,BIO26-M22,BIO26-S22-04,,,NOT_STARTED,NOT_RUN,ONE_QUESTION_ONE_IMAGE_ONE_CODE; exclude number/year/stars/badge/next-question/header; preserve full biological figure/labels/arrows/table/options
TAH-BIO-BIO26-L35-Q019,BIO26-PDF156-L35-S1-Q019,BIO26-L35,أحياء 4,البناء الضوئي والتنفس الخلوي,156,156,155,1,19,BIO26-M22,BIO26-S22-04,,,NOT_STARTED,NOT_RUN,ONE_QUESTION_ONE_IMAGE_ONE_CODE; exclude number/year/stars/badge/next-question/header; preserve full biological figure/labels/arrows/table/options
TAH-BIO-BIO26-L35-Q020,BIO26-PDF156-L35-S1-Q020,BIO26-L35,أحياء 4,البناء الضوئي والتنفس الخلوي,156,156,155,1,20,BIO26-M22,BIO26-S22-04,,,NOT_STARTED,NOT_RUN,ONE_QUESTION_ONE_IMAGE_ONE_CODE; exclude number/year/stars/badge/next-question/header; preserve full biological figure/labels/arrows/table/options
TAH-BIO-BIO26-L35-Q021,BIO26-PDF156-L35-S1-Q021,BIO26-L35,أحياء 4,البناء الضوئي والتنفس الخلوي,156,156,155,1,21,BIO26-M22,BIO26-S22-04,,,NOT_STARTED,NOT_RUN,ONE_QUESTION_ONE_IMAGE_ONE_CODE; exclude number/year/stars/badge/next-question/header; preserve full biological figure/labels/arrows/table/options
TAH-BIO-BIO26-L35-Q022,BIO26-PDF156-L35-S1-Q022,BIO26-L35,أحياء 4,البناء الضوئي والتنفس الخلوي,156,156,155,1,22,BIO26-M22,BIO26-S22-04,,,NOT_STARTED,NOT_RUN,ONE_QUESTION_ONE_IMAGE_ONE_CODE; exclude number/year/stars/badge/next-question/header; preserve full biological figure/labels/arrows/table/options
TAH-BIO-BIO26-L35-Q023,BIO26-PDF156-L35-S1-Q023,BIO26-L35,أحياء 4,البناء الضوئي والتنفس الخلوي,156,156,155,1,23,BIO26-M22,BIO26-S22-04,,,NOT_STARTED,NOT_RUN,ONE_QUESTION_ONE_IMAGE_ONE_CODE; exclude number/year/stars/badge/next-question/header; preserve full biological figure/labels/arrows/table/options
TAH-BIO-BIO26-L35-Q024,BIO26-PDF156-L35-S1-Q024,BIO26-L35,أحياء 4,البناء الضوئي والتنفس الخلوي,156,156,155,1,24,BIO26-M22,BIO26-S22-04,,,NOT_STARTED,NOT_RUN,ONE_QUESTION_ONE_IMAGE_ONE_CODE; exclude number/year/stars/badge/next-question/header; preserve full biological figure/labels/arrows/table/options
TAH-BIO-BIO26-L35-Q025,BIO26-PDF156-L35-S1-Q025,BIO26-L35,أحياء 4,البناء الضوئي والتنفس الخلوي,156,156,155,1,25,BIO26-M22,BIO26-S22-04,,,NOT_STARTED,NOT_RUN,ONE_QUESTION_ONE_IMAGE_ONE_CODE; exclude number/year/stars/badge/next-question/header; preserve full biological figure/labels/arrows/table/options
TAH-BIO-BIO26-L35-Q026,BIO26-PDF156-L35-S1-Q026,BIO26-L35,أحياء 4,البناء الضوئي والتنفس الخلوي,156,156,155,1,26,BIO26-M22,BIO26-S22-04,,,NOT_STARTED,NOT_RUN,ONE_QUESTION_ONE_IMAGE_ONE_CODE; exclude number/year/stars/badge/next-question/header; preserve full biological figure/labels/arrows/table/options
TAH-BIO-BIO26-L35-Q027,BIO26-PDF156-L35-S1-Q027,BIO26-L35,أحياء 4,البناء الضوئي والتنفس الخلوي,156,156,155,1,27,BIO26-M22,BIO26-S22-04,,,NOT_STARTED,NOT_RUN,ONE_QUESTION_ONE_IMAGE_ONE_CODE; exclude number/year/stars/badge/next-question/header; preserve full biological figure/labels/arrows/table/options
TAH-BIO-BIO26-L35-Q028,BIO26-PDF156-L35-S1-Q028,BIO26-L35,أحياء 4,البناء الضوئي والتنفس الخلوي,156,156,155,1,28,BIO26-M22,BIO26-S22-04,,,NOT_STARTED,NOT_RUN,ONE_QUESTION_ONE_IMAGE_ONE_CODE; exclude number/year/stars/badge/next-question/header; preserve full biological figure/labels/arrows/table/options
TAH-BIO-BIO26-L35-Q029,BIO26-PDF157-L35-S1-Q029,BIO26-L35,أحياء 4,البناء الضوئي والتنفس الخلوي,157,157,156,1,29,BIO26-M22,BIO26-S22-04,,,NOT_STARTED,NOT_RUN,ONE_QUESTION_ONE_IMAGE_ONE_CODE; exclude number/year/stars/badge/next-question/header; preserve full biological figure/labels/arrows/table/options
TAH-BIO-BIO26-L35-Q030,BIO26-PDF157-L35-S1-Q030,BIO26-L35,أحياء 4,البناء الضوئي والتنفس الخلوي,157,157,156,1,30,BIO26-M22,BIO26-S22-04,,,NOT_STARTED,NOT_RUN,ONE_QUESTION_ONE_IMAGE_ONE_CODE; exclude number/year/stars/badge/next-question/header; preserve full biological figure/labels/arrows/table/options
TAH-BIO-BIO26-L35-Q031,BIO26-PDF157-L35-S1-Q031,BIO26-L35,أحياء 4,البناء الضوئي والتنفس الخلوي,157,157,156,1,31,BIO26-M22,BIO26-S22-04,,,NOT_STARTED,NOT_RUN,ONE_QUESTION_ONE_IMAGE_ONE_CODE; exclude number/year/stars/badge/next-question/header; preserve full biological figure/labels/arrows/table/options
TAH-BIO-BIO26-L35-Q032,BIO26-PDF157-L35-S1-Q032,BIO26-L35,أحياء 4,البناء الضوئي والتنفس الخلوي,157,157,156,1,32,BIO26-M22,BIO26-S22-04,,,NOT_STARTED,NOT_RUN,ONE_QUESTION_ONE_IMAGE_ONE_CODE; exclude number/year/stars/badge/next-question/header; preserve full biological figure/labels/arrows/table/options
TAH-BIO-BIO26-L35-Q033,BIO26-PDF157-L35-S1-Q033,BIO26-L35,أحياء 4,البناء الضوئي والتنفس الخلوي,157,157,156,1,33,BIO26-M22,BIO26-S22-04,,,NOT_STARTED,NOT_RUN,ONE_QUESTION_ONE_IMAGE_ONE_CODE; exclude number/year/stars/badge/next-question/header; preserve full biological figure/labels/arrows/table/options
TAH-BIO-BIO26-L35-Q034,BIO26-PDF157-L35-S1-Q034,BIO26-L35,أحياء 4,البناء الضوئي والتنفس الخلوي,157,157,156,1,34,BIO26-M22,BIO26-S22-04,,,NOT_STARTED,NOT_RUN,ONE_QUESTION_ONE_IMAGE_ONE_CODE; exclude number/year/stars/badge/next-question/header; preserve full biological figure/labels/arrows/table/options
TAH-BIO-BIO26-L35-Q035,BIO26-PDF157-L35-S1-Q035,BIO26-L35,أحياء 4,البناء الضوئي والتنفس الخلوي,157,157,156,1,35,BIO26-M22,BIO26-S22-04,,,NOT_STARTED,NOT_RUN,ONE_QUESTION_ONE_IMAGE_ONE_CODE; exclude number/year/stars/badge/next-question/header; preserve full biological figure/labels/arrows/table/options
TAH-BIO-BIO26-L35-Q036,BIO26-PDF157-L35-S1-Q036,BIO26-L35,أحياء 4,البناء الضوئي والتنفس الخلوي,157,157,156,1,36,BIO26-M22,BIO26-S22-04,,,NOT_STARTED,NOT_RUN,ONE_QUESTION_ONE_IMAGE_ONE_CODE; exclude number/year/stars/badge/next-question/header; preserve full biological figure/labels/arrows/table/options
TAH-BIO-BIO26-L35-Q037,BIO26-PDF157-L35-S1-Q037,BIO26-L35,أحياء 4,البناء الضوئي والتنفس الخلوي,157,157,156,1,37,BIO26-M22,BIO26-S22-04,,,NOT_STARTED,NOT_RUN,ONE_QUESTION_ONE_IMAGE_ONE_CODE; exclude number/year/stars/badge/next-question/header; preserve full biological figure/labels/arrows/table/options
TAH-BIO-BIO26-L35-Q038,BIO26-PDF158-L35-S2-Q038,BIO26-L35,أحياء 4,البناء الضوئي والتنفس الخلوي,158,158,157,2,38,BIO26-M22,BIO26-S22-02,,,NOT_STARTED,NOT_RUN,ONE_QUESTION_ONE_IMAGE_ONE_CODE; exclude number/year/stars/badge/next-question/header; preserve full biological figure/labels/arrows/table/options
TAH-BIO-BIO26-L35-Q039,BIO26-PDF158-L35-S2-Q039,BIO26-L35,أحياء 4,البناء الضوئي والتنفس الخلوي,158,158,157,2,39,BIO26-M22,BIO26-S22-02,,,NOT_STARTED,NOT_RUN,ONE_QUESTION_ONE_IMAGE_ONE_CODE; exclude number/year/stars/badge/next-question/header; preserve full biological figure/labels/arrows/table/options
TAH-BIO-BIO26-L35-Q040,BIO26-PDF158-L35-S2-Q040,BIO26-L35,أحياء 4,البناء الضوئي والتنفس الخلوي,158,158,157,2,40,BIO26-M22,BIO26-S22-02,,,NOT_STARTED,NOT_RUN,ONE_QUESTION_ONE_IMAGE_ONE_CODE; exclude number/year/stars/badge/next-question/header; preserve full biological figure/labels/arrows/table/options
TAH-BIO-BIO26-L35-Q041,BIO26-PDF158-L35-S2-Q041,BIO26-L35,أحياء 4,البناء الضوئي والتنفس الخلوي,158,158,157,2,41,BIO26-M22,BIO26-S22-04,,,NOT_STARTED,NOT_RUN,ONE_QUESTION_ONE_IMAGE_ONE_CODE; exclude number/year/stars/badge/next-question/header; preserve full biological figure/labels/arrows/table/options
TAH-BIO-BIO26-L35-Q042,BIO26-PDF158-L35-S2-Q042,BIO26-L35,أحياء 4,البناء الضوئي والتنفس الخلوي,158,158,157,2,42,BIO26-M22,BIO26-S22-04,,,NOT_STARTED,NOT_RUN,ONE_QUESTION_ONE_IMAGE_ONE_CODE; exclude number/year/stars/badge/next-question/header; preserve full biological figure/labels/arrows/table/options
TAH-BIO-BIO26-L35-Q043,BIO26-PDF158-L35-S2-Q043,BIO26-L35,أحياء 4,البناء الضوئي والتنفس الخلوي,158,158,157,2,43,BIO26-M22,BIO26-S22-04,,,NOT_STARTED,NOT_RUN,ONE_QUESTION_ONE_IMAGE_ONE_CODE; exclude number/year/stars/badge/next-question/header; preserve full biological figure/labels/arrows/table/options
TAH-BIO-BIO26-L35-Q044,BIO26-PDF158-L35-S2-Q044,BIO26-L35,أحياء 4,البناء الضوئي والتنفس الخلوي,158,158,157,2,44,BIO26-M22,BIO26-S22-04,,,NOT_STARTED,NOT_RUN,ONE_QUESTION_ONE_IMAGE_ONE_CODE; exclude number/year/stars/badge/next-question/header; preserve full biological figure/labels/arrows/table/options
TAH-BIO-BIO26-L35-Q045,BIO26-PDF158-L35-S2-Q045,BIO26-L35,أحياء 4,البناء الضوئي والتنفس الخلوي,158,158,157,2,45,BIO26-M22,BIO26-S22-04,,,NOT_STARTED,NOT_RUN,ONE_QUESTION_ONE_IMAGE_ONE_CODE; exclude number/year/stars/badge/next-question/header; preserve full biological figure/labels/arrows/table/options
TAH-BIO-BIO26-L35-Q046,BIO26-PDF158-L35-S2-Q046,BIO26-L35,أحياء 4,البناء الضوئي والتنفس الخلوي,158,158,157,2,46,BIO26-M22,BIO26-S22-04,,,NOT_STARTED,NOT_RUN,ONE_QUESTION_ONE_IMAGE_ONE_CODE; exclude number/year/stars/badge/next-question/header; preserve full biological figure/labels/arrows/table/options
TAH-BIO-BIO26-L35-Q047,BIO26-PDF158-L35-S2-Q047,BIO26-L35,أحياء 4,البناء الضوئي والتنفس الخلوي,158,158,157,2,47,BIO26-M22,BIO26-S22-04,,,NOT_STARTED,NOT_RUN,ONE_QUESTION_ONE_IMAGE_ONE_CODE; exclude number/year/stars/badge/next-question/header; preserve full biological figure/labels/arrows/table/options
TAH-BIO-BIO26-L35-Q048,BIO26-PDF158-L35-S2-Q048,BIO26-L35,أحياء 4,البناء الضوئي والتنفس الخلوي,158,158,157,2,48,BIO26-M22,BIO26-S22-04,,,NOT_STARTED,NOT_RUN,ONE_QUESTION_ONE_IMAGE_ONE_CODE; exclude number/year/stars/badge/next-question/header; preserve full biological figure/labels/arrows/table/options
TAH-BIO-BIO26-L35-Q049,BIO26-PDF158-L35-S2-Q049,BIO26-L35,أحياء 4,البناء الضوئي والتنفس الخلوي,158,158,157,2,49,BIO26-M22,BIO26-S22-04,,,NOT_STARTED,NOT_RUN,ONE_QUESTION_ONE_IMAGE_ONE_CODE; exclude number/year/stars/badge/next-question/header; preserve full biological figure/labels/arrows/table/options
TAH-BIO-BIO26-L35-Q050,BIO26-PDF158-L35-S2-Q050,BIO26-L35,أحياء 4,البناء الضوئي والتنفس الخلوي,158,158,157,2,50,BIO26-M22,BIO26-S22-04,,,NOT_STARTED,NOT_RUN,ONE_QUESTION_ONE_IMAGE_ONE_CODE; exclude number/year/stars/badge/next-question/header; preserve full biological figure/labels/arrows/table/options
TAH-BIO-BIO26-L35-Q051,BIO26-PDF158-L35-S2-Q051,BIO26-L35,أحياء 4,البناء الضوئي والتنفس الخلوي,158,158,157,2,51,BIO26-M22,BIO26-S22-04,,,NOT_STARTED,NOT_RUN,ONE_QUESTION_ONE_IMAGE_ONE_CODE; exclude number/year/stars/badge/next-question/header; preserve full biological figure/labels/arrows/table/options
TAH-BIO-BIO26-L35-Q052,BIO26-PDF158-L35-S2-Q052,BIO26-L35,أحياء 4,البناء الضوئي والتنفس الخلوي,158,158,157,2,52,BIO26-M22,BIO26-S22-04,,,NOT_STARTED,NOT_RUN,ONE_QUESTION_ONE_IMAGE_ONE_CODE; exclude number/year/stars/badge/next-question/header; preserve full biological figure/labels/arrows/table/options
TAH-BIO-BIO26-L35-Q053,BIO26-PDF158-L35-S2-Q053,BIO26-L35,أحياء 4,البناء الضوئي والتنفس الخلوي,158,158,157,2,53,BIO26-M22,BIO26-S22-04,,,NOT_STARTED,NOT_RUN,ONE_QUESTION_ONE_IMAGE_ONE_CODE; exclude number/year/stars/badge/next-question/header; preserve full biological figure/labels/arrows/table/options
TAH-BIO-BIO26-L35-Q054,BIO26-PDF158-L35-S2-Q054,BIO26-L35,أحياء 4,البناء الضوئي والتنفس الخلوي,158,158,157,2,54,BIO26-M22,BIO26-S22-04,,,NOT_STARTED,NOT_RUN,ONE_QUESTION_ONE_IMAGE_ONE_CODE; exclude number/year/stars/badge/next-question/header; preserve full biological figure/labels/arrows/table/options
TAH-BIO-BIO26-L35-Q055,BIO26-PDF158-L35-S2-Q055,BIO26-L35,أحياء 4,البناء الضوئي والتنفس الخلوي,158,158,157,2,55,BIO26-M22,BIO26-S22-04,,,NOT_STARTED,NOT_RUN,ONE_QUESTION_ONE_IMAGE_ONE_CODE; exclude number/year/stars/badge/next-question/header; preserve full biological figure/labels/arrows/table/options
TAH-BIO-BIO26-L35-Q056,BIO26-PDF159-L35-S2-Q056,BIO26-L35,أحياء 4,البناء الضوئي والتنفس الخلوي,159,159,158,2,56,BIO26-M22,BIO26-S22-04,,,NOT_STARTED,NOT_RUN,ONE_QUESTION_ONE_IMAGE_ONE_CODE; exclude number/year/stars/badge/next-question/header; preserve full biological figure/labels/arrows/table/options
TAH-BIO-BIO26-L35-Q057,BIO26-PDF159-L35-S2-Q057,BIO26-L35,أحياء 4,البناء الضوئي والتنفس الخلوي,159,159,158,2,57,BIO26-M22,BIO26-S22-04,,,NOT_STARTED,NOT_RUN,ONE_QUESTION_ONE_IMAGE_ONE_CODE; exclude number/year/stars/badge/next-question/header; preserve full biological figure/labels/arrows/table/options
TAH-BIO-BIO26-L35-Q058,BIO26-PDF159-L35-S2-Q058,BIO26-L35,أحياء 4,البناء الضوئي والتنفس الخلوي,159,159,158,2,58,BIO26-M22,BIO26-S22-04,,,NOT_STARTED,NOT_RUN,ONE_QUESTION_ONE_IMAGE_ONE_CODE; exclude number/year/stars/badge/next-question/header; preserve full biological figure/labels/arrows/table/options
TAH-BIO-BIO26-L36-Q001,BIO26-PDF160-L36-S1-Q001,BIO26-L36,أحياء 4,التكاثر الخلوي,160,160,159,1,1,BIO26-M23,BIO26-S23-01,,,NOT_STARTED,NOT_RUN,ONE_QUESTION_ONE_IMAGE_ONE_CODE; exclude number/year/stars/badge/next-question/header; preserve full biological figure/labels/arrows/table/options
TAH-BIO-BIO26-L36-Q002,BIO26-PDF160-L36-S1-Q002,BIO26-L36,أحياء 4,التكاثر الخلوي,160,160,159,1,2,BIO26-M23,BIO26-S23-01,,,NOT_STARTED,NOT_RUN,ONE_QUESTION_ONE_IMAGE_ONE_CODE; exclude number/year/stars/badge/next-question/header; preserve full biological figure/labels/arrows/table/options
TAH-BIO-BIO26-L36-Q003,BIO26-PDF160-L36-S1-Q003,BIO26-L36,أحياء 4,التكاثر الخلوي,160,160,159,1,3,BIO26-M23,BIO26-S23-01,,,NOT_STARTED,NOT_RUN,ONE_QUESTION_ONE_IMAGE_ONE_CODE; exclude number/year/stars/badge/next-question/header; preserve full biological figure/labels/arrows/table/options
TAH-BIO-BIO26-L36-Q004,BIO26-PDF160-L36-S1-Q004,BIO26-L36,أحياء 4,التكاثر الخلوي,160,160,159,1,4,BIO26-M23,BIO26-S23-01,,,NOT_STARTED,NOT_RUN,ONE_QUESTION_ONE_IMAGE_ONE_CODE; exclude number/year/stars/badge/next-question/header; preserve full biological figure/labels/arrows/table/options
TAH-BIO-BIO26-L36-Q005,BIO26-PDF160-L36-S1-Q005,BIO26-L36,أحياء 4,التكاثر الخلوي,160,160,159,1,5,BIO26-M23,BIO26-S23-01,,,NOT_STARTED,NOT_RUN,ONE_QUESTION_ONE_IMAGE_ONE_CODE; exclude number/year/stars/badge/next-question/header; preserve full biological figure/labels/arrows/table/options
TAH-BIO-BIO26-L36-Q006,BIO26-PDF160-L36-S1-Q006,BIO26-L36,أحياء 4,التكاثر الخلوي,160,160,159,1,6,BIO26-M23,BIO26-S23-01,,,NOT_STARTED,NOT_RUN,ONE_QUESTION_ONE_IMAGE_ONE_CODE; exclude number/year/stars/badge/next-question/header; preserve full biological figure/labels/arrows/table/options
TAH-BIO-BIO26-L36-Q007,BIO26-PDF160-L36-S1-Q007,BIO26-L36,أحياء 4,التكاثر الخلوي,160,160,159,1,7,BIO26-M23,BIO26-S23-01,,,NOT_STARTED,NOT_RUN,ONE_QUESTION_ONE_IMAGE_ONE_CODE; exclude number/year/stars/badge/next-question/header; preserve full biological figure/labels/arrows/table/options
TAH-BIO-BIO26-L36-Q008,BIO26-PDF160-L36-S1-Q008,BIO26-L36,أحياء 4,التكاثر الخلوي,160,160,159,1,8,BIO26-M23,BIO26-S23-01,,,NOT_STARTED,NOT_RUN,ONE_QUESTION_ONE_IMAGE_ONE_CODE; exclude number/year/stars/badge/next-question/header; preserve full biological figure/labels/arrows/table/options
TAH-BIO-BIO26-L36-Q009,BIO26-PDF160-L36-S1-Q009,BIO26-L36,أحياء 4,التكاثر الخلوي,160,160,159,1,9,BIO26-M23,BIO26-S23-01,,,NOT_STARTED,NOT_RUN,ONE_QUESTION_ONE_IMAGE_ONE_CODE; exclude number/year/stars/badge/next-question/header; preserve full biological figure/labels/arrows/table/options
TAH-BIO-BIO26-L36-Q010,BIO26-PDF160-L36-S1-Q010,BIO26-L36,أحياء 4,التكاثر الخلوي,160,160,159,1,10,BIO26-M23,BIO26-S23-01,,,NOT_STARTED,NOT_RUN,ONE_QUESTION_ONE_IMAGE_ONE_CODE; exclude number/year/stars/badge/next-question/header; preserve full biological figure/labels/arrows/table/options
TAH-BIO-BIO26-L36-Q011,BIO26-PDF160-L36-S1-Q011,BIO26-L36,أحياء 4,التكاثر الخلوي,160,160,159,1,11,BIO26-M23,BIO26-S23-01,,,NOT_STARTED,NOT_RUN,ONE_QUESTION_ONE_IMAGE_ONE_CODE; exclude number/year/stars/badge/next-question/header; preserve full biological figure/labels/arrows/table/options
TAH-BIO-BIO26-L36-Q012,BIO26-PDF160-L36-S1-Q012,BIO26-L36,أحياء 4,التكاثر الخلوي,160,160,159,1,12,BIO26-M23,BIO26-S23-01,,,NOT_STARTED,NOT_RUN,ONE_QUESTION_ONE_IMAGE_ONE_CODE; exclude number/year/stars/badge/next-question/header; preserve full biological figure/labels/arrows/table/options
TAH-BIO-BIO26-L36-Q013,BIO26-PDF160-L36-S1-Q013,BIO26-L36,أحياء 4,التكاثر الخلوي,160,160,159,1,13,BIO26-M23,BIO26-S23-01,,,NOT_STARTED,NOT_RUN,ONE_QUESTION_ONE_IMAGE_ONE_CODE; exclude number/year/stars/badge/next-question/header; preserve full biological figure/labels/arrows/table/options
TAH-BIO-BIO26-L36-Q014,BIO26-PDF160-L36-S1-Q014,BIO26-L36,أحياء 4,التكاثر الخلوي,160,160,159,1,14,BIO26-M23,BIO26-S23-02,,,NOT_STARTED,NOT_RUN,ONE_QUESTION_ONE_IMAGE_ONE_CODE; exclude number/year/stars/badge/next-question/header; preserve full biological figure/labels/arrows/table/options
TAH-BIO-BIO26-L36-Q015,BIO26-PDF160-L36-S1-Q015,BIO26-L36,أحياء 4,التكاثر الخلوي,160,160,159,1,15,BIO26-M23,BIO26-S23-02,,,NOT_STARTED,NOT_RUN,ONE_QUESTION_ONE_IMAGE_ONE_CODE; exclude number/year/stars/badge/next-question/header; preserve full biological figure/labels/arrows/table/options
TAH-BIO-BIO26-L36-Q016,BIO26-PDF161-L36-S1-Q016,BIO26-L36,أحياء 4,التكاثر الخلوي,161,161,160,1,16,BIO26-M23,BIO26-S23-02,,,NOT_STARTED,NOT_RUN,ONE_QUESTION_ONE_IMAGE_ONE_CODE; exclude number/year/stars/badge/next-question/header; preserve full biological figure/labels/arrows/table/options
TAH-BIO-BIO26-L36-Q017,BIO26-PDF161-L36-S1-Q017,BIO26-L36,أحياء 4,التكاثر الخلوي,161,161,160,1,17,BIO26-M23,BIO26-S23-02,,,NOT_STARTED,NOT_RUN,ONE_QUESTION_ONE_IMAGE_ONE_CODE; exclude number/year/stars/badge/next-question/header; preserve full biological figure/labels/arrows/table/options
TAH-BIO-BIO26-L36-Q018,BIO26-PDF161-L36-S1-Q018,BIO26-L36,أحياء 4,التكاثر الخلوي,161,161,160,1,18,BIO26-M23,BIO26-S23-02,,,NOT_STARTED,NOT_RUN,ONE_QUESTION_ONE_IMAGE_ONE_CODE; exclude number/year/stars/badge/next-question/header; preserve full biological figure/labels/arrows/table/options
TAH-BIO-BIO26-L36-Q019,BIO26-PDF161-L36-S1-Q019,BIO26-L36,أحياء 4,التكاثر الخلوي,161,161,160,1,19,BIO26-M23,BIO26-S23-02,,,NOT_STARTED,NOT_RUN,ONE_QUESTION_ONE_IMAGE_ONE_CODE; exclude number/year/stars/badge/next-question/header; preserve full biological figure/labels/arrows/table/options
TAH-BIO-BIO26-L36-Q020,BIO26-PDF161-L36-S1-Q020,BIO26-L36,أحياء 4,التكاثر الخلوي,161,161,160,1,20,BIO26-M23,BIO26-S23-02,,,NOT_STARTED,NOT_RUN,ONE_QUESTION_ONE_IMAGE_ONE_CODE; exclude number/year/stars/badge/next-question/header; preserve full biological figure/labels/arrows/table/options
TAH-BIO-BIO26-L36-Q021,BIO26-PDF161-L36-S1-Q021,BIO26-L36,أحياء 4,التكاثر الخلوي,161,161,160,1,21,BIO26-M23,BIO26-S23-02,,,NOT_STARTED,NOT_RUN,ONE_QUESTION_ONE_IMAGE_ONE_CODE; exclude number/year/stars/badge/next-question/header; preserve full biological figure/labels/arrows/table/options
TAH-BIO-BIO26-L36-Q022,BIO26-PDF161-L36-S1-Q022,BIO26-L36,أحياء 4,التكاثر الخلوي,161,161,160,1,22,BIO26-M23,BIO26-S23-02,,,NOT_STARTED,NOT_RUN,ONE_QUESTION_ONE_IMAGE_ONE_CODE; exclude number/year/stars/badge/next-question/header; preserve full biological figure/labels/arrows/table/options
TAH-BIO-BIO26-L36-Q023,BIO26-PDF161-L36-S1-Q023,BIO26-L36,أحياء 4,التكاثر الخلوي,161,161,160,1,23,BIO26-M23,BIO26-S23-03,,,NOT_STARTED,NOT_RUN,ONE_QUESTION_ONE_IMAGE_ONE_CODE; exclude number/year/stars/badge/next-question/header; preserve full biological figure/labels/arrows/table/options
TAH-BIO-BIO26-L36-Q024,BIO26-PDF161-L36-S1-Q024,BIO26-L36,أحياء 4,التكاثر الخلوي,161,161,160,1,24,BIO26-M23,BIO26-S23-03,,,NOT_STARTED,NOT_RUN,ONE_QUESTION_ONE_IMAGE_ONE_CODE; exclude number/year/stars/badge/next-question/header; preserve full biological figure/labels/arrows/table/options
TAH-BIO-BIO26-L36-Q025,BIO26-PDF161-L36-S1-Q025,BIO26-L36,أحياء 4,التكاثر الخلوي,161,161,160,1,25,BIO26-M23,BIO26-S23-03,,,NOT_STARTED,NOT_RUN,ONE_QUESTION_ONE_IMAGE_ONE_CODE; exclude number/year/stars/badge/next-question/header; preserve full biological figure/labels/arrows/table/options
TAH-BIO-BIO26-L36-Q026,BIO26-PDF161-L36-S1-Q026,BIO26-L36,أحياء 4,التكاثر الخلوي,161,161,160,1,26,BIO26-M23,BIO26-S23-03,,,NOT_STARTED,NOT_RUN,ONE_QUESTION_ONE_IMAGE_ONE_CODE; exclude number/year/stars/badge/next-question/header; preserve full biological figure/labels/arrows/table/options
TAH-BIO-BIO26-L36-Q027,BIO26-PDF161-L36-S1-Q027,BIO26-L36,أحياء 4,التكاثر الخلوي,161,161,160,1,27,BIO26-M23,BIO26-S23-03,,,NOT_STARTED,NOT_RUN,ONE_QUESTION_ONE_IMAGE_ONE_CODE; exclude number/year/stars/badge/next-question/header; preserve full biological figure/labels/arrows/table/options
TAH-BIO-BIO26-L36-Q028,BIO26-PDF161-L36-S1-Q028,BIO26-L36,أحياء 4,التكاثر الخلوي,161,161,160,1,28,BIO26-M23,BIO26-S23-02,,,NOT_STARTED,NOT_RUN,ONE_QUESTION_ONE_IMAGE_ONE_CODE; exclude number/year/stars/badge/next-question/header; preserve full biological figure/labels/arrows/table/options
TAH-BIO-BIO26-L36-Q029,BIO26-PDF161-L36-S1-Q029,BIO26-L36,أحياء 4,التكاثر الخلوي,161,161,160,1,29,BIO26-M23,BIO26-S23-02,,,NOT_STARTED,NOT_RUN,ONE_QUESTION_ONE_IMAGE_ONE_CODE; exclude number/year/stars/badge/next-question/header; preserve full biological figure/labels/arrows/table/options
TAH-BIO-BIO26-L36-Q030,BIO26-PDF161-L36-S1-Q030,BIO26-L36,أحياء 4,التكاثر الخلوي,161,161,160,1,30,BIO26-M23,BIO26-S23-02,,,NOT_STARTED,NOT_RUN,ONE_QUESTION_ONE_IMAGE_ONE_CODE; exclude number/year/stars/badge/next-question/header; preserve full biological figure/labels/arrows/table/options
TAH-BIO-BIO26-L36-Q031,BIO26-PDF161-L36-S1-Q031,BIO26-L36,أحياء 4,التكاثر الخلوي,161,161,160,1,31,BIO26-M23,BIO26-S23-02,,,NOT_STARTED,NOT_RUN,ONE_QUESTION_ONE_IMAGE_ONE_CODE; exclude number/year/stars/badge/next-question/header; preserve full biological figure/labels/arrows/table/options
TAH-BIO-BIO26-L36-Q032,BIO26-PDF162-L36-S1-Q032,BIO26-L36,أحياء 4,التكاثر الخلوي,162,162,161,1,32,BIO26-M23,BIO26-S23-02,,,NOT_STARTED,NOT_RUN,ONE_QUESTION_ONE_IMAGE_ONE_CODE; exclude number/year/stars/badge/next-question/header; preserve full biological figure/labels/arrows/table/options
TAH-BIO-BIO26-L36-Q033,BIO26-PDF162-L36-S1-Q033,BIO26-L36,أحياء 4,التكاثر الخلوي,162,162,161,1,33,BIO26-M23,BIO26-S23-02,,,NOT_STARTED,NOT_RUN,ONE_QUESTION_ONE_IMAGE_ONE_CODE; exclude number/year/stars/badge/next-question/header; preserve full biological figure/labels/arrows/table/options
TAH-BIO-BIO26-L36-Q034,BIO26-PDF162-L36-S1-Q034,BIO26-L36,أحياء 4,التكاثر الخلوي,162,162,161,1,34,BIO26-M23,BIO26-S23-02,,,NOT_STARTED,NOT_RUN,ONE_QUESTION_ONE_IMAGE_ONE_CODE; exclude number/year/stars/badge/next-question/header; preserve full biological figure/labels/arrows/table/options
TAH-BIO-BIO26-L36-Q035,BIO26-PDF162-L36-S1-Q035,BIO26-L36,أحياء 4,التكاثر الخلوي,162,162,161,1,35,BIO26-M23,BIO26-S23-02,,,NOT_STARTED,NOT_RUN,ONE_QUESTION_ONE_IMAGE_ONE_CODE; exclude number/year/stars/badge/next-question/header; preserve full biological figure/labels/arrows/table/options
TAH-BIO-BIO26-L36-Q036,BIO26-PDF162-L36-S1-Q036,BIO26-L36,أحياء 4,التكاثر الخلوي,162,162,161,1,36,BIO26-M23,BIO26-S23-02,,,NOT_STARTED,NOT_RUN,ONE_QUESTION_ONE_IMAGE_ONE_CODE; exclude number/year/stars/badge/next-question/header; preserve full biological figure/labels/arrows/table/options
TAH-BIO-BIO26-L36-Q037,BIO26-PDF162-L36-S1-Q037,BIO26-L36,أحياء 4,التكاثر الخلوي,162,162,161,1,37,BIO26-M23,BIO26-S23-02,,,NOT_STARTED,NOT_RUN,ONE_QUESTION_ONE_IMAGE_ONE_CODE; exclude number/year/stars/badge/next-question/header; preserve full biological figure/labels/arrows/table/options
TAH-BIO-BIO26-L36-Q038,BIO26-PDF162-L36-S1-Q038,BIO26-L36,أحياء 4,التكاثر الخلوي,162,162,161,1,38,BIO26-M23,BIO26-S23-02,,,NOT_STARTED,NOT_RUN,ONE_QUESTION_ONE_IMAGE_ONE_CODE; exclude number/year/stars/badge/next-question/header; preserve full biological figure/labels/arrows/table/options
TAH-BIO-BIO26-L36-Q039,BIO26-PDF162-L36-S1-Q039,BIO26-L36,أحياء 4,التكاثر الخلوي,162,162,161,1,39,BIO26-M23,BIO26-S23-02,,,NOT_STARTED,NOT_RUN,ONE_QUESTION_ONE_IMAGE_ONE_CODE; exclude number/year/stars/badge/next-question/header; preserve full biological figure/labels/arrows/table/options
TAH-BIO-BIO26-L36-Q040,BIO26-PDF162-L36-S1-Q040,BIO26-L36,أحياء 4,التكاثر الخلوي,162,162,161,1,40,BIO26-M23,BIO26-S23-02,,,NOT_STARTED,NOT_RUN,ONE_QUESTION_ONE_IMAGE_ONE_CODE; exclude number/year/stars/badge/next-question/header; preserve full biological figure/labels/arrows/table/options
TAH-BIO-BIO26-L36-Q041,BIO26-PDF163-L36-S1-Q041,BIO26-L36,أحياء 4,التكاثر الخلوي,163,163,162,1,41,BIO26-M23,BIO26-S23-02,,,NOT_STARTED,NOT_RUN,ONE_QUESTION_ONE_IMAGE_ONE_CODE; exclude number/year/stars/badge/next-question/header; preserve full biological figure/labels/arrows/table/options
TAH-BIO-BIO26-L36-Q042,BIO26-PDF163-L36-S1-Q042,BIO26-L36,أحياء 4,التكاثر الخلوي,163,163,162,1,42,BIO26-M23,BIO26-S23-02,,,NOT_STARTED,NOT_RUN,ONE_QUESTION_ONE_IMAGE_ONE_CODE; exclude number/year/stars/badge/next-question/header; preserve full biological figure/labels/arrows/table/options
TAH-BIO-BIO26-L36-Q043,BIO26-PDF163-L36-S1-Q043,BIO26-L36,أحياء 4,التكاثر الخلوي,163,163,162,1,43,BIO26-M23,BIO26-S23-02,,,NOT_STARTED,NOT_RUN,ONE_QUESTION_ONE_IMAGE_ONE_CODE; exclude number/year/stars/badge/next-question/header; preserve full biological figure/labels/arrows/table/options
TAH-BIO-BIO26-L36-Q044,BIO26-PDF163-L36-S1-Q044,BIO26-L36,أحياء 4,التكاثر الخلوي,163,163,162,1,44,BIO26-M23,BIO26-S23-02,,,NOT_STARTED,NOT_RUN,ONE_QUESTION_ONE_IMAGE_ONE_CODE; exclude number/year/stars/badge/next-question/header; preserve full biological figure/labels/arrows/table/options
TAH-BIO-BIO26-L36-Q045,BIO26-PDF163-L36-S1-Q045,BIO26-L36,أحياء 4,التكاثر الخلوي,163,163,162,1,45,BIO26-M23,BIO26-S23-02,,,NOT_STARTED,NOT_RUN,ONE_QUESTION_ONE_IMAGE_ONE_CODE; exclude number/year/stars/badge/next-question/header; preserve full biological figure/labels/arrows/table/options
TAH-BIO-BIO26-L36-Q046,BIO26-PDF163-L36-S1-Q046,BIO26-L36,أحياء 4,التكاثر الخلوي,163,163,162,1,46,BIO26-M23,BIO26-S23-02,,,NOT_STARTED,NOT_RUN,ONE_QUESTION_ONE_IMAGE_ONE_CODE; exclude number/year/stars/badge/next-question/header; preserve full biological figure/labels/arrows/table/options
TAH-BIO-BIO26-L36-Q047,BIO26-PDF163-L36-S1-Q047,BIO26-L36,أحياء 4,التكاثر الخلوي,163,163,162,1,47,BIO26-M23,BIO26-S23-02,,,NOT_STARTED,NOT_RUN,ONE_QUESTION_ONE_IMAGE_ONE_CODE; exclude number/year/stars/badge/next-question/header; preserve full biological figure/labels/arrows/table/options
TAH-BIO-BIO26-L36-Q048,BIO26-PDF164-L36-S2-Q048,BIO26-L36,أحياء 4,التكاثر الخلوي,164,164,163,2,48,BIO26-M23,BIO26-S23-01,,,NOT_STARTED,NOT_RUN,ONE_QUESTION_ONE_IMAGE_ONE_CODE; exclude number/year/stars/badge/next-question/header; preserve full biological figure/labels/arrows/table/options
TAH-BIO-BIO26-L36-Q049,BIO26-PDF164-L36-S2-Q049,BIO26-L36,أحياء 4,التكاثر الخلوي,164,164,163,2,49,BIO26-M23,BIO26-S23-01,,,NOT_STARTED,NOT_RUN,ONE_QUESTION_ONE_IMAGE_ONE_CODE; exclude number/year/stars/badge/next-question/header; preserve full biological figure/labels/arrows/table/options
TAH-BIO-BIO26-L36-Q050,BIO26-PDF164-L36-S2-Q050,BIO26-L36,أحياء 4,التكاثر الخلوي,164,164,163,2,50,BIO26-M23,BIO26-S23-01,,,NOT_STARTED,NOT_RUN,ONE_QUESTION_ONE_IMAGE_ONE_CODE; exclude number/year/stars/badge/next-question/header; preserve full biological figure/labels/arrows/table/options
TAH-BIO-BIO26-L36-Q051,BIO26-PDF164-L36-S2-Q051,BIO26-L36,أحياء 4,التكاثر الخلوي,164,164,163,2,51,BIO26-M23,BIO26-S23-01,,,NOT_STARTED,NOT_RUN,ONE_QUESTION_ONE_IMAGE_ONE_CODE; exclude number/year/stars/badge/next-question/header; preserve full biological figure/labels/arrows/table/options
TAH-BIO-BIO26-L36-Q052,BIO26-PDF164-L36-S2-Q052,BIO26-L36,أحياء 4,التكاثر الخلوي,164,164,163,2,52,BIO26-M23,BIO26-S23-01,,,NOT_STARTED,NOT_RUN,ONE_QUESTION_ONE_IMAGE_ONE_CODE; exclude number/year/stars/badge/next-question/header; preserve full biological figure/labels/arrows/table/options
TAH-BIO-BIO26-L36-Q053,BIO26-PDF164-L36-S2-Q053,BIO26-L36,أحياء 4,التكاثر الخلوي,164,164,163,2,53,BIO26-M23,BIO26-S23-02,,,NOT_STARTED,NOT_RUN,ONE_QUESTION_ONE_IMAGE_ONE_CODE; exclude number/year/stars/badge/next-question/header; preserve full biological figure/labels/arrows/table/options
TAH-BIO-BIO26-L36-Q054,BIO26-PDF164-L36-S2-Q054,BIO26-L36,أحياء 4,التكاثر الخلوي,164,164,163,2,54,BIO26-M23,BIO26-S23-02,,,NOT_STARTED,NOT_RUN,ONE_QUESTION_ONE_IMAGE_ONE_CODE; exclude number/year/stars/badge/next-question/header; preserve full biological figure/labels/arrows/table/options
TAH-BIO-BIO26-L36-Q055,BIO26-PDF164-L36-S2-Q055,BIO26-L36,أحياء 4,التكاثر الخلوي,164,164,163,2,55,BIO26-M23,BIO26-S23-02,,,NOT_STARTED,NOT_RUN,ONE_QUESTION_ONE_IMAGE_ONE_CODE; exclude number/year/stars/badge/next-question/header; preserve full biological figure/labels/arrows/table/options
TAH-BIO-BIO26-L36-Q056,BIO26-PDF164-L36-S2-Q056,BIO26-L36,أحياء 4,التكاثر الخلوي,164,164,163,2,56,BIO26-M23,BIO26-S23-02,,,NOT_STARTED,NOT_RUN,ONE_QUESTION_ONE_IMAGE_ONE_CODE; exclude number/year/stars/badge/next-question/header; preserve full biological figure/labels/arrows/table/options
TAH-BIO-BIO26-L36-Q057,BIO26-PDF164-L36-S2-Q057,BIO26-L36,أحياء 4,التكاثر الخلوي,164,164,163,2,57,BIO26-M23,BIO26-S23-02,,,NOT_STARTED,NOT_RUN,ONE_QUESTION_ONE_IMAGE_ONE_CODE; exclude number/year/stars/badge/next-question/header; preserve full biological figure/labels/arrows/table/options
TAH-BIO-BIO26-L36-Q058,BIO26-PDF164-L36-S2-Q058,BIO26-L36,أحياء 4,التكاثر الخلوي,164,164,163,2,58,BIO26-M23,BIO26-S23-02,,,NOT_STARTED,NOT_RUN,ONE_QUESTION_ONE_IMAGE_ONE_CODE; exclude number/year/stars/badge/next-question/header; preserve full biological figure/labels/arrows/table/options
TAH-BIO-BIO26-L36-Q059,BIO26-PDF164-L36-S2-Q059,BIO26-L36,أحياء 4,التكاثر الخلوي,164,164,163,2,59,BIO26-M23,BIO26-S23-02,,,NOT_STARTED,NOT_RUN,ONE_QUESTION_ONE_IMAGE_ONE_CODE; exclude number/year/stars/badge/next-question/header; preserve full biological figure/labels/arrows/table/options
TAH-BIO-BIO26-L36-Q060,BIO26-PDF164-L36-S2-Q060,BIO26-L36,أحياء 4,التكاثر الخلوي,164,164,163,2,60,BIO26-M23,BIO26-S23-02,,,NOT_STARTED,NOT_RUN,ONE_QUESTION_ONE_IMAGE_ONE_CODE; exclude number/year/stars/badge/next-question/header; preserve full biological figure/labels/arrows/table/options
TAH-BIO-BIO26-L36-Q061,BIO26-PDF164-L36-S2-Q061,BIO26-L36,أحياء 4,التكاثر الخلوي,164,164,163,2,61,BIO26-M23,BIO26-S23-02,,,NOT_STARTED,NOT_RUN,ONE_QUESTION_ONE_IMAGE_ONE_CODE; exclude number/year/stars/badge/next-question/header; preserve full biological figure/labels/arrows/table/options
TAH-BIO-BIO26-L36-Q062,BIO26-PDF164-L36-S2-Q062,BIO26-L36,أحياء 4,التكاثر الخلوي,164,164,163,2,62,BIO26-M23,BIO26-S23-02,,,NOT_STARTED,NOT_RUN,ONE_QUESTION_ONE_IMAGE_ONE_CODE; exclude number/year/stars/badge/next-question/header; preserve full biological figure/labels/arrows/table/options
TAH-BIO-BIO26-L36-Q063,BIO26-PDF164-L36-S2-Q063,BIO26-L36,أحياء 4,التكاثر الخلوي,164,164,163,2,63,BIO26-M23,BIO26-S23-02,,,NOT_STARTED,NOT_RUN,ONE_QUESTION_ONE_IMAGE_ONE_CODE; exclude number/year/stars/badge/next-question/header; preserve full biological figure/labels/arrows/table/options
TAH-BIO-BIO26-L36-Q064,BIO26-PDF165-L36-S2-Q064,BIO26-L36,أحياء 4,التكاثر الخلوي,165,165,164,2,64,BIO26-M23,BIO26-S23-02,,,NOT_STARTED,NOT_RUN,ONE_QUESTION_ONE_IMAGE_ONE_CODE; exclude number/year/stars/badge/next-question/header; preserve full biological figure/labels/arrows/table/options
TAH-BIO-BIO26-L36-Q065,BIO26-PDF165-L36-S2-Q065,BIO26-L36,أحياء 4,التكاثر الخلوي,165,165,164,2,65,BIO26-M23,BIO26-S23-02,,,NOT_STARTED,NOT_RUN,ONE_QUESTION_ONE_IMAGE_ONE_CODE; exclude number/year/stars/badge/next-question/header; preserve full biological figure/labels/arrows/table/options
TAH-BIO-BIO26-L36-Q066,BIO26-PDF165-L36-S2-Q066,BIO26-L36,أحياء 4,التكاثر الخلوي,165,165,164,2,66,BIO26-M23,BIO26-S23-02,,,NOT_STARTED,NOT_RUN,ONE_QUESTION_ONE_IMAGE_ONE_CODE; exclude number/year/stars/badge/next-question/header; preserve full biological figure/labels/arrows/table/options
TAH-BIO-BIO26-L36-Q067,BIO26-PDF165-L36-S2-Q067,BIO26-L36,أحياء 4,التكاثر الخلوي,165,165,164,2,67,BIO26-M23,BIO26-S23-02,,,NOT_STARTED,NOT_RUN,ONE_QUESTION_ONE_IMAGE_ONE_CODE; exclude number/year/stars/badge/next-question/header; preserve full biological figure/labels/arrows/table/options
TAH-BIO-BIO26-L36-Q068,BIO26-PDF165-L36-S2-Q068,BIO26-L36,أحياء 4,التكاثر الخلوي,165,165,164,2,68,BIO26-M23,BIO26-S23-02,,,NOT_STARTED,NOT_RUN,ONE_QUESTION_ONE_IMAGE_ONE_CODE; exclude number/year/stars/badge/next-question/header; preserve full biological figure/labels/arrows/table/options
TAH-BIO-BIO26-L36-Q069,BIO26-PDF165-L36-S2-Q069,BIO26-L36,أحياء 4,التكاثر الخلوي,165,165,164,2,69,BIO26-M23,BIO26-S23-02,,,NOT_STARTED,NOT_RUN,ONE_QUESTION_ONE_IMAGE_ONE_CODE; exclude number/year/stars/badge/next-question/header; preserve full biological figure/labels/arrows/table/options
TAH-BIO-BIO26-L36-Q070,BIO26-PDF165-L36-S2-Q070,BIO26-L36,أحياء 4,التكاثر الخلوي,165,165,164,2,70,BIO26-M23,BIO26-S23-02,,,NOT_STARTED,NOT_RUN,ONE_QUESTION_ONE_IMAGE_ONE_CODE; exclude number/year/stars/badge/next-question/header; preserve full biological figure/labels/arrows/table/options
TAH-BIO-BIO26-L36-Q071,BIO26-PDF165-L36-S2-Q071,BIO26-L36,أحياء 4,التكاثر الخلوي,165,165,164,2,71,BIO26-M23,BIO26-S23-02,,,NOT_STARTED,NOT_RUN,ONE_QUESTION_ONE_IMAGE_ONE_CODE; exclude number/year/stars/badge/next-question/header; preserve full biological figure/labels/arrows/table/options
TAH-BIO-BIO26-L36-Q072,BIO26-PDF165-L36-S2-Q072,BIO26-L36,أحياء 4,التكاثر الخلوي,165,165,164,2,72,BIO26-M23,BIO26-S23-02,,,NOT_STARTED,NOT_RUN,ONE_QUESTION_ONE_IMAGE_ONE_CODE; exclude number/year/stars/badge/next-question/header; preserve full biological figure/labels/arrows/table/options
TAH-BIO-BIO26-L36-Q073,BIO26-PDF165-L36-S2-Q073,BIO26-L36,أحياء 4,التكاثر الخلوي,165,165,164,2,73,BIO26-M23,BIO26-S23-02,,,NOT_STARTED,NOT_RUN,ONE_QUESTION_ONE_IMAGE_ONE_CODE; exclude number/year/stars/badge/next-question/header; preserve full biological figure/labels/arrows/table/options
TAH-BIO-BIO26-L36-Q074,BIO26-PDF165-L36-S2-Q074,BIO26-L36,أحياء 4,التكاثر الخلوي,165,165,164,2,74,BIO26-M23,BIO26-S23-02,,,NOT_STARTED,NOT_RUN,ONE_QUESTION_ONE_IMAGE_ONE_CODE; exclude number/year/stars/badge/next-question/header; preserve full biological figure/labels/arrows/table/options
TAH-BIO-BIO26-L36-Q075,BIO26-PDF165-L36-S2-Q075,BIO26-L36,أحياء 4,التكاثر الخلوي,165,165,164,2,75,BIO26-M23,BIO26-S23-02,,,NOT_STARTED,NOT_RUN,ONE_QUESTION_ONE_IMAGE_ONE_CODE; exclude number/year/stars/badge/next-question/header; preserve full biological figure/labels/arrows/table/options
TAH-BIO-BIO26-L36-Q076,BIO26-PDF165-L36-S2-Q076,BIO26-L36,أحياء 4,التكاثر الخلوي,165,165,164,2,76,BIO26-M23,BIO26-S23-02,,,NOT_STARTED,NOT_RUN,ONE_QUESTION_ONE_IMAGE_ONE_CODE; exclude number/year/stars/badge/next-question/header; preserve full biological figure/labels/arrows/table/options
TAH-BIO-BIO26-L36-Q077,BIO26-PDF165-L36-S2-Q077,BIO26-L36,أحياء 4,التكاثر الخلوي,165,165,164,2,77,BIO26-M23,BIO26-S23-02,,,NOT_STARTED,NOT_RUN,ONE_QUESTION_ONE_IMAGE_ONE_CODE; exclude number/year/stars/badge/next-question/header; preserve full biological figure/labels/arrows/table/options
TAH-BIO-BIO26-L36-Q078,BIO26-PDF165-L36-S2-Q078,BIO26-L36,أحياء 4,التكاثر الخلوي,165,165,164,2,78,BIO26-M23,BIO26-S23-02,,,NOT_STARTED,NOT_RUN,ONE_QUESTION_ONE_IMAGE_ONE_CODE; exclude number/year/stars/badge/next-question/header; preserve full biological figure/labels/arrows/table/options
TAH-BIO-BIO26-L36-Q079,BIO26-PDF165-L36-S2-Q079,BIO26-L36,أحياء 4,التكاثر الخلوي,165,165,164,2,79,BIO26-M23,BIO26-S23-02,,,NOT_STARTED,NOT_RUN,ONE_QUESTION_ONE_IMAGE_ONE_CODE; exclude number/year/stars/badge/next-question/header; preserve full biological figure/labels/arrows/table/options
TAH-BIO-BIO26-L36-Q080,BIO26-PDF165-L36-S2-Q080,BIO26-L36,أحياء 4,التكاثر الخلوي,165,165,164,2,80,BIO26-M23,BIO26-S23-03,,,NOT_STARTED,NOT_RUN,ONE_QUESTION_ONE_IMAGE_ONE_CODE; exclude number/year/stars/badge/next-question/header; preserve full biological figure/labels/arrows/table/options
TAH-BIO-BIO26-L36-Q081,BIO26-PDF165-L36-S2-Q081,BIO26-L36,أحياء 4,التكاثر الخلوي,165,165,164,2,81,BIO26-M23,BIO26-S23-03,,,NOT_STARTED,NOT_RUN,ONE_QUESTION_ONE_IMAGE_ONE_CODE; exclude number/year/stars/badge/next-question/header; preserve full biological figure/labels/arrows/table/options
TAH-BIO-BIO26-L36-Q082,BIO26-PDF166-L36-S2-Q082,BIO26-L36,أحياء 4,التكاثر الخلوي,166,166,165,2,82,BIO26-M23,BIO26-S23-03,,,NOT_STARTED,NOT_RUN,ONE_QUESTION_ONE_IMAGE_ONE_CODE; exclude number/year/stars/badge/next-question/header; preserve full biological figure/labels/arrows/table/options
TAH-BIO-BIO26-L36-Q083,BIO26-PDF166-L36-S2-Q083,BIO26-L36,أحياء 4,التكاثر الخلوي,166,166,165,2,83,BIO26-M23,BIO26-S23-03,,,NOT_STARTED,NOT_RUN,ONE_QUESTION_ONE_IMAGE_ONE_CODE; exclude number/year/stars/badge/next-question/header; preserve full biological figure/labels/arrows/table/options
TAH-BIO-BIO26-L36-Q084,BIO26-PDF166-L36-S2-Q084,BIO26-L36,أحياء 4,التكاثر الخلوي,166,166,165,2,84,BIO26-M23,BIO26-S23-03,,,NOT_STARTED,NOT_RUN,ONE_QUESTION_ONE_IMAGE_ONE_CODE; exclude number/year/stars/badge/next-question/header; preserve full biological figure/labels/arrows/table/options
TAH-BIO-BIO26-L36-Q085,BIO26-PDF166-L36-S2-Q085,BIO26-L36,أحياء 4,التكاثر الخلوي,166,166,165,2,85,BIO26-M23,BIO26-S23-03,,,NOT_STARTED,NOT_RUN,ONE_QUESTION_ONE_IMAGE_ONE_CODE; exclude number/year/stars/badge/next-question/header; preserve full biological figure/labels/arrows/table/options
TAH-BIO-BIO26-L36-Q086,BIO26-PDF166-L36-S2-Q086,BIO26-L36,أحياء 4,التكاثر الخلوي,166,166,165,2,86,BIO26-M23,BIO26-S23-03,,,NOT_STARTED,NOT_RUN,ONE_QUESTION_ONE_IMAGE_ONE_CODE; exclude number/year/stars/badge/next-question/header; preserve full biological figure/labels/arrows/table/options
TAH-BIO-BIO26-L36-Q087,BIO26-PDF166-L36-S2-Q087,BIO26-L36,أحياء 4,التكاثر الخلوي,166,166,165,2,87,BIO26-M23,BIO26-S23-02,,,NOT_STARTED,NOT_RUN,ONE_QUESTION_ONE_IMAGE_ONE_CODE; exclude number/year/stars/badge/next-question/header; preserve full biological figure/labels/arrows/table/options
TAH-BIO-BIO26-L37-Q001,BIO26-PDF167-L37-S1-Q001,BIO26-L37,أحياء 4,الانقسام المنصف,167,167,166,1,1,BIO26-M23,BIO26-S23-04,,,NOT_STARTED,NOT_RUN,ONE_QUESTION_ONE_IMAGE_ONE_CODE; exclude number/year/stars/badge/next-question/header; preserve full biological figure/labels/arrows/table/options
TAH-BIO-BIO26-L37-Q002,BIO26-PDF167-L37-S1-Q002,BIO26-L37,أحياء 4,الانقسام المنصف,167,167,166,1,2,BIO26-M23,BIO26-S23-04,,,NOT_STARTED,NOT_RUN,ONE_QUESTION_ONE_IMAGE_ONE_CODE; exclude number/year/stars/badge/next-question/header; preserve full biological figure/labels/arrows/table/options
TAH-BIO-BIO26-L37-Q003,BIO26-PDF167-L37-S1-Q003,BIO26-L37,أحياء 4,الانقسام المنصف,167,167,166,1,3,BIO26-M23,BIO26-S23-04,,,NOT_STARTED,NOT_RUN,ONE_QUESTION_ONE_IMAGE_ONE_CODE; exclude number/year/stars/badge/next-question/header; preserve full biological figure/labels/arrows/table/options
TAH-BIO-BIO26-L37-Q004,BIO26-PDF167-L37-S1-Q004,BIO26-L37,أحياء 4,الانقسام المنصف,167,167,166,1,4,BIO26-M23,BIO26-S23-04,,,NOT_STARTED,NOT_RUN,ONE_QUESTION_ONE_IMAGE_ONE_CODE; exclude number/year/stars/badge/next-question/header; preserve full biological figure/labels/arrows/table/options
TAH-BIO-BIO26-L37-Q005,BIO26-PDF167-L37-S1-Q005,BIO26-L37,أحياء 4,الانقسام المنصف,167,167,166,1,5,BIO26-M23,BIO26-S23-04,,,NOT_STARTED,NOT_RUN,ONE_QUESTION_ONE_IMAGE_ONE_CODE; exclude number/year/stars/badge/next-question/header; preserve full biological figure/labels/arrows/table/options
TAH-BIO-BIO26-L37-Q006,BIO26-PDF167-L37-S1-Q006,BIO26-L37,أحياء 4,الانقسام المنصف,167,167,166,1,6,BIO26-M23,BIO26-S23-04,,,NOT_STARTED,NOT_RUN,ONE_QUESTION_ONE_IMAGE_ONE_CODE; exclude number/year/stars/badge/next-question/header; preserve full biological figure/labels/arrows/table/options
TAH-BIO-BIO26-L37-Q007,BIO26-PDF167-L37-S1-Q007,BIO26-L37,أحياء 4,الانقسام المنصف,167,167,166,1,7,BIO26-M23,BIO26-S23-04,,,NOT_STARTED,NOT_RUN,ONE_QUESTION_ONE_IMAGE_ONE_CODE; exclude number/year/stars/badge/next-question/header; preserve full biological figure/labels/arrows/table/options
TAH-BIO-BIO26-L37-Q008,BIO26-PDF167-L37-S1-Q008,BIO26-L37,أحياء 4,الانقسام المنصف,167,167,166,1,8,BIO26-M23,BIO26-S23-04,,,NOT_STARTED,NOT_RUN,ONE_QUESTION_ONE_IMAGE_ONE_CODE; exclude number/year/stars/badge/next-question/header; preserve full biological figure/labels/arrows/table/options
TAH-BIO-BIO26-L37-Q009,BIO26-PDF167-L37-S1-Q009,BIO26-L37,أحياء 4,الانقسام المنصف,167,167,166,1,9,BIO26-M23,BIO26-S23-04,,,NOT_STARTED,NOT_RUN,ONE_QUESTION_ONE_IMAGE_ONE_CODE; exclude number/year/stars/badge/next-question/header; preserve full biological figure/labels/arrows/table/options
TAH-BIO-BIO26-L37-Q010,BIO26-PDF167-L37-S1-Q010,BIO26-L37,أحياء 4,الانقسام المنصف,167,167,166,1,10,BIO26-M23,BIO26-S23-04,,,NOT_STARTED,NOT_RUN,ONE_QUESTION_ONE_IMAGE_ONE_CODE; exclude number/year/stars/badge/next-question/header; preserve full biological figure/labels/arrows/table/options
TAH-BIO-BIO26-L37-Q011,BIO26-PDF167-L37-S1-Q011,BIO26-L37,أحياء 4,الانقسام المنصف,167,167,166,1,11,BIO26-M23,BIO26-S23-04,,,NOT_STARTED,NOT_RUN,ONE_QUESTION_ONE_IMAGE_ONE_CODE; exclude number/year/stars/badge/next-question/header; preserve full biological figure/labels/arrows/table/options
TAH-BIO-BIO26-L37-Q012,BIO26-PDF167-L37-S1-Q012,BIO26-L37,أحياء 4,الانقسام المنصف,167,167,166,1,12,BIO26-M23,BIO26-S23-04,,,NOT_STARTED,NOT_RUN,ONE_QUESTION_ONE_IMAGE_ONE_CODE; exclude number/year/stars/badge/next-question/header; preserve full biological figure/labels/arrows/table/options
TAH-BIO-BIO26-L37-Q013,BIO26-PDF167-L37-S1-Q013,BIO26-L37,أحياء 4,الانقسام المنصف,167,167,166,1,13,BIO26-M23,BIO26-S23-04,,,NOT_STARTED,NOT_RUN,ONE_QUESTION_ONE_IMAGE_ONE_CODE; exclude number/year/stars/badge/next-question/header; preserve full biological figure/labels/arrows/table/options
TAH-BIO-BIO26-L37-Q014,BIO26-PDF168-L37-S1-Q014,BIO26-L37,أحياء 4,الانقسام المنصف,168,168,167,1,14,BIO26-M23,BIO26-S23-04,,,NOT_STARTED,NOT_RUN,ONE_QUESTION_ONE_IMAGE_ONE_CODE; exclude number/year/stars/badge/next-question/header; preserve full biological figure/labels/arrows/table/options
TAH-BIO-BIO26-L37-Q015,BIO26-PDF168-L37-S1-Q015,BIO26-L37,أحياء 4,الانقسام المنصف,168,168,167,1,15,BIO26-M23,BIO26-S23-04,,,NOT_STARTED,NOT_RUN,ONE_QUESTION_ONE_IMAGE_ONE_CODE; exclude number/year/stars/badge/next-question/header; preserve full biological figure/labels/arrows/table/options
TAH-BIO-BIO26-L37-Q016,BIO26-PDF168-L37-S1-Q016,BIO26-L37,أحياء 4,الانقسام المنصف,168,168,167,1,16,BIO26-M23,BIO26-S23-04,,,NOT_STARTED,NOT_RUN,ONE_QUESTION_ONE_IMAGE_ONE_CODE; exclude number/year/stars/badge/next-question/header; preserve full biological figure/labels/arrows/table/options
TAH-BIO-BIO26-L37-Q017,BIO26-PDF168-L37-S1-Q017,BIO26-L37,أحياء 4,الانقسام المنصف,168,168,167,1,17,BIO26-M23,BIO26-S23-04,,,NOT_STARTED,NOT_RUN,ONE_QUESTION_ONE_IMAGE_ONE_CODE; exclude number/year/stars/badge/next-question/header; preserve full biological figure/labels/arrows/table/options
TAH-BIO-BIO26-L37-Q018,BIO26-PDF168-L37-S1-Q018,BIO26-L37,أحياء 4,الانقسام المنصف,168,168,167,1,18,BIO26-M23,BIO26-S23-04,,,NOT_STARTED,NOT_RUN,ONE_QUESTION_ONE_IMAGE_ONE_CODE; exclude number/year/stars/badge/next-question/header; preserve full biological figure/labels/arrows/table/options
TAH-BIO-BIO26-L37-Q019,BIO26-PDF168-L37-S1-Q019,BIO26-L37,أحياء 4,الانقسام المنصف,168,168,167,1,19,BIO26-M23,BIO26-S23-04,,,NOT_STARTED,NOT_RUN,ONE_QUESTION_ONE_IMAGE_ONE_CODE; exclude number/year/stars/badge/next-question/header; preserve full biological figure/labels/arrows/table/options
TAH-BIO-BIO26-L37-Q020,BIO26-PDF168-L37-S1-Q020,BIO26-L37,أحياء 4,الانقسام المنصف,168,168,167,1,20,BIO26-M23,BIO26-S23-04,,,NOT_STARTED,NOT_RUN,ONE_QUESTION_ONE_IMAGE_ONE_CODE; exclude number/year/stars/badge/next-question/header; preserve full biological figure/labels/arrows/table/options
TAH-BIO-BIO26-L37-Q021,BIO26-PDF168-L37-S1-Q021,BIO26-L37,أحياء 4,الانقسام المنصف,168,168,167,1,21,BIO26-M23,BIO26-S23-04,,,NOT_STARTED,NOT_RUN,ONE_QUESTION_ONE_IMAGE_ONE_CODE; exclude number/year/stars/badge/next-question/header; preserve full biological figure/labels/arrows/table/options
TAH-BIO-BIO26-L37-Q022,BIO26-PDF168-L37-S1-Q022,BIO26-L37,أحياء 4,الانقسام المنصف,168,168,167,1,22,BIO26-M23,BIO26-S23-04,,,NOT_STARTED,NOT_RUN,ONE_QUESTION_ONE_IMAGE_ONE_CODE; exclude number/year/stars/badge/next-question/header; preserve full biological figure/labels/arrows/table/options
TAH-BIO-BIO26-L37-Q023,BIO26-PDF169-L37-S2-Q023,BIO26-L37,أحياء 4,الانقسام المنصف,169,169,168,2,23,BIO26-M23,BIO26-S23-04,,,NOT_STARTED,NOT_RUN,ONE_QUESTION_ONE_IMAGE_ONE_CODE; exclude number/year/stars/badge/next-question/header; preserve full biological figure/labels/arrows/table/options
TAH-BIO-BIO26-L37-Q024,BIO26-PDF169-L37-S2-Q024,BIO26-L37,أحياء 4,الانقسام المنصف,169,169,168,2,24,BIO26-M23,BIO26-S23-04,,,NOT_STARTED,NOT_RUN,ONE_QUESTION_ONE_IMAGE_ONE_CODE; exclude number/year/stars/badge/next-question/header; preserve full biological figure/labels/arrows/table/options
TAH-BIO-BIO26-L37-Q025,BIO26-PDF169-L37-S2-Q025,BIO26-L37,أحياء 4,الانقسام المنصف,169,169,168,2,25,BIO26-M23,BIO26-S23-04,,,NOT_STARTED,NOT_RUN,ONE_QUESTION_ONE_IMAGE_ONE_CODE; exclude number/year/stars/badge/next-question/header; preserve full biological figure/labels/arrows/table/options
TAH-BIO-BIO26-L37-Q026,BIO26-PDF169-L37-S2-Q026,BIO26-L37,أحياء 4,الانقسام المنصف,169,169,168,2,26,BIO26-M23,BIO26-S23-04,,,NOT_STARTED,NOT_RUN,ONE_QUESTION_ONE_IMAGE_ONE_CODE; exclude number/year/stars/badge/next-question/header; preserve full biological figure/labels/arrows/table/options
TAH-BIO-BIO26-L37-Q027,BIO26-PDF169-L37-S2-Q027,BIO26-L37,أحياء 4,الانقسام المنصف,169,169,168,2,27,BIO26-M23,BIO26-S23-04,,,NOT_STARTED,NOT_RUN,ONE_QUESTION_ONE_IMAGE_ONE_CODE; exclude number/year/stars/badge/next-question/header; preserve full biological figure/labels/arrows/table/options
TAH-BIO-BIO26-L37-Q028,BIO26-PDF169-L37-S2-Q028,BIO26-L37,أحياء 4,الانقسام المنصف,169,169,168,2,28,BIO26-M23,BIO26-S23-04,,,NOT_STARTED,NOT_RUN,ONE_QUESTION_ONE_IMAGE_ONE_CODE; exclude number/year/stars/badge/next-question/header; preserve full biological figure/labels/arrows/table/options
TAH-BIO-BIO26-L37-Q029,BIO26-PDF169-L37-S2-Q029,BIO26-L37,أحياء 4,الانقسام المنصف,169,169,168,2,29,BIO26-M23,BIO26-S23-04,,,NOT_STARTED,NOT_RUN,ONE_QUESTION_ONE_IMAGE_ONE_CODE; exclude number/year/stars/badge/next-question/header; preserve full biological figure/labels/arrows/table/options
TAH-BIO-BIO26-L37-Q030,BIO26-PDF169-L37-S2-Q030,BIO26-L37,أحياء 4,الانقسام المنصف,169,169,168,2,30,BIO26-M23,BIO26-S23-04,,,NOT_STARTED,NOT_RUN,ONE_QUESTION_ONE_IMAGE_ONE_CODE; exclude number/year/stars/badge/next-question/header; preserve full biological figure/labels/arrows/table/options
TAH-BIO-BIO26-L37-Q031,BIO26-PDF169-L37-S2-Q031,BIO26-L37,أحياء 4,الانقسام المنصف,169,169,168,2,31,BIO26-M23,BIO26-S23-04,,,NOT_STARTED,NOT_RUN,ONE_QUESTION_ONE_IMAGE_ONE_CODE; exclude number/year/stars/badge/next-question/header; preserve full biological figure/labels/arrows/table/options
TAH-BIO-BIO26-L37-Q032,BIO26-PDF169-L37-S2-Q032,BIO26-L37,أحياء 4,الانقسام المنصف,169,169,168,2,32,BIO26-M23,BIO26-S23-04,,,NOT_STARTED,NOT_RUN,ONE_QUESTION_ONE_IMAGE_ONE_CODE; exclude number/year/stars/badge/next-question/header; preserve full biological figure/labels/arrows/table/options
TAH-BIO-BIO26-L37-Q033,BIO26-PDF169-L37-S2-Q033,BIO26-L37,أحياء 4,الانقسام المنصف,169,169,168,2,33,BIO26-M23,BIO26-S23-04,,,NOT_STARTED,NOT_RUN,ONE_QUESTION_ONE_IMAGE_ONE_CODE; exclude number/year/stars/badge/next-question/header; preserve full biological figure/labels/arrows/table/options
TAH-BIO-BIO26-L37-Q034,BIO26-PDF169-L37-S2-Q034,BIO26-L37,أحياء 4,الانقسام المنصف,169,169,168,2,34,BIO26-M23,BIO26-S23-04,,,NOT_STARTED,NOT_RUN,ONE_QUESTION_ONE_IMAGE_ONE_CODE; exclude number/year/stars/badge/next-question/header; preserve full biological figure/labels/arrows/table/options
TAH-BIO-BIO26-L37-Q035,BIO26-PDF169-L37-S2-Q035,BIO26-L37,أحياء 4,الانقسام المنصف,169,169,168,2,35,BIO26-M23,BIO26-S23-04,,,NOT_STARTED,NOT_RUN,ONE_QUESTION_ONE_IMAGE_ONE_CODE; exclude number/year/stars/badge/next-question/header; preserve full biological figure/labels/arrows/table/options
TAH-BIO-BIO26-L37-Q036,BIO26-PDF169-L37-S2-Q036,BIO26-L37,أحياء 4,الانقسام المنصف,169,169,168,2,36,BIO26-M23,BIO26-S23-04,,,NOT_STARTED,NOT_RUN,ONE_QUESTION_ONE_IMAGE_ONE_CODE; exclude number/year/stars/badge/next-question/header; preserve full biological figure/labels/arrows/table/options
TAH-BIO-BIO26-L37-Q037,BIO26-PDF169-L37-S2-Q037,BIO26-L37,أحياء 4,الانقسام المنصف,169,169,168,2,37,BIO26-M23,BIO26-S23-04,,,NOT_STARTED,NOT_RUN,ONE_QUESTION_ONE_IMAGE_ONE_CODE; exclude number/year/stars/badge/next-question/header; preserve full biological figure/labels/arrows/table/options
TAH-BIO-BIO26-L37-Q038,BIO26-PDF169-L37-S2-Q038,BIO26-L37,أحياء 4,الانقسام المنصف,169,169,168,2,38,BIO26-M23,BIO26-S23-04,,,NOT_STARTED,NOT_RUN,ONE_QUESTION_ONE_IMAGE_ONE_CODE; exclude number/year/stars/badge/next-question/header; preserve full biological figure/labels/arrows/table/options
TAH-BIO-BIO26-L38-Q001,BIO26-PDF170-L38-S1-Q001,BIO26-L38,أحياء 4,الوراثة المندلية,170,170,169,1,1,BIO26-M24,BIO26-S24-01,,,NOT_STARTED,NOT_RUN,ONE_QUESTION_ONE_IMAGE_ONE_CODE; exclude number/year/stars/badge/next-question/header; preserve full biological figure/labels/arrows/table/options
TAH-BIO-BIO26-L38-Q002,BIO26-PDF170-L38-S1-Q002,BIO26-L38,أحياء 4,الوراثة المندلية,170,170,169,1,2,BIO26-M24,BIO26-S24-01,,,NOT_STARTED,NOT_RUN,ONE_QUESTION_ONE_IMAGE_ONE_CODE; exclude number/year/stars/badge/next-question/header; preserve full biological figure/labels/arrows/table/options
TAH-BIO-BIO26-L38-Q003,BIO26-PDF170-L38-S1-Q003,BIO26-L38,أحياء 4,الوراثة المندلية,170,170,169,1,3,BIO26-M24,BIO26-S24-01,,,NOT_STARTED,NOT_RUN,ONE_QUESTION_ONE_IMAGE_ONE_CODE; exclude number/year/stars/badge/next-question/header; preserve full biological figure/labels/arrows/table/options
TAH-BIO-BIO26-L38-Q004,BIO26-PDF170-L38-S1-Q004,BIO26-L38,أحياء 4,الوراثة المندلية,170,170,169,1,4,BIO26-M24,BIO26-S24-01,,,NOT_STARTED,NOT_RUN,ONE_QUESTION_ONE_IMAGE_ONE_CODE; exclude number/year/stars/badge/next-question/header; preserve full biological figure/labels/arrows/table/options
TAH-BIO-BIO26-L38-Q005,BIO26-PDF170-L38-S1-Q005,BIO26-L38,أحياء 4,الوراثة المندلية,170,170,169,1,5,BIO26-M24,BIO26-S24-01,,,NOT_STARTED,NOT_RUN,ONE_QUESTION_ONE_IMAGE_ONE_CODE; exclude number/year/stars/badge/next-question/header; preserve full biological figure/labels/arrows/table/options
TAH-BIO-BIO26-L38-Q006,BIO26-PDF170-L38-S1-Q006,BIO26-L38,أحياء 4,الوراثة المندلية,170,170,169,1,6,BIO26-M24,BIO26-S24-01,,,NOT_STARTED,NOT_RUN,ONE_QUESTION_ONE_IMAGE_ONE_CODE; exclude number/year/stars/badge/next-question/header; preserve full biological figure/labels/arrows/table/options
TAH-BIO-BIO26-L38-Q007,BIO26-PDF170-L38-S1-Q007,BIO26-L38,أحياء 4,الوراثة المندلية,170,170,169,1,7,BIO26-M24,BIO26-S24-01,,,NOT_STARTED,NOT_RUN,ONE_QUESTION_ONE_IMAGE_ONE_CODE; exclude number/year/stars/badge/next-question/header; preserve full biological figure/labels/arrows/table/options
TAH-BIO-BIO26-L38-Q008,BIO26-PDF170-L38-S1-Q008,BIO26-L38,أحياء 4,الوراثة المندلية,170,170,169,1,8,BIO26-M24,BIO26-S24-01,,,NOT_STARTED,NOT_RUN,ONE_QUESTION_ONE_IMAGE_ONE_CODE; exclude number/year/stars/badge/next-question/header; preserve full biological figure/labels/arrows/table/options
TAH-BIO-BIO26-L38-Q009,BIO26-PDF170-L38-S1-Q009,BIO26-L38,أحياء 4,الوراثة المندلية,170,170,169,1,9,BIO26-M24,BIO26-S24-01,,,NOT_STARTED,NOT_RUN,ONE_QUESTION_ONE_IMAGE_ONE_CODE; exclude number/year/stars/badge/next-question/header; preserve full biological figure/labels/arrows/table/options
TAH-BIO-BIO26-L38-Q010,BIO26-PDF170-L38-S1-Q010,BIO26-L38,أحياء 4,الوراثة المندلية,170,170,169,1,10,BIO26-M24,BIO26-S24-01,,,NOT_STARTED,NOT_RUN,ONE_QUESTION_ONE_IMAGE_ONE_CODE; exclude number/year/stars/badge/next-question/header; preserve full biological figure/labels/arrows/table/options
TAH-BIO-BIO26-L38-Q011,BIO26-PDF170-L38-S1-Q011,BIO26-L38,أحياء 4,الوراثة المندلية,170,170,169,1,11,BIO26-M24,BIO26-S24-02,,,NOT_STARTED,NOT_RUN,ONE_QUESTION_ONE_IMAGE_ONE_CODE; exclude number/year/stars/badge/next-question/header; preserve full biological figure/labels/arrows/table/options
TAH-BIO-BIO26-L38-Q012,BIO26-PDF170-L38-S1-Q012,BIO26-L38,أحياء 4,الوراثة المندلية,170,170,169,1,12,BIO26-M24,BIO26-S24-02,,,NOT_STARTED,NOT_RUN,ONE_QUESTION_ONE_IMAGE_ONE_CODE; exclude number/year/stars/badge/next-question/header; preserve full biological figure/labels/arrows/table/options
TAH-BIO-BIO26-L38-Q013,BIO26-PDF170-L38-S1-Q013,BIO26-L38,أحياء 4,الوراثة المندلية,170,170,169,1,13,BIO26-M24,BIO26-S24-02,,,NOT_STARTED,NOT_RUN,ONE_QUESTION_ONE_IMAGE_ONE_CODE; exclude number/year/stars/badge/next-question/header; preserve full biological figure/labels/arrows/table/options
TAH-BIO-BIO26-L38-Q014,BIO26-PDF170-L38-S1-Q014,BIO26-L38,أحياء 4,الوراثة المندلية,170,170,169,1,14,BIO26-M24,BIO26-S24-02,,,NOT_STARTED,NOT_RUN,ONE_QUESTION_ONE_IMAGE_ONE_CODE; exclude number/year/stars/badge/next-question/header; preserve full biological figure/labels/arrows/table/options
TAH-BIO-BIO26-L38-Q015,BIO26-PDF170-L38-S1-Q015,BIO26-L38,أحياء 4,الوراثة المندلية,170,170,169,1,15,BIO26-M24,BIO26-S24-02,,,NOT_STARTED,NOT_RUN,ONE_QUESTION_ONE_IMAGE_ONE_CODE; exclude number/year/stars/badge/next-question/header; preserve full biological figure/labels/arrows/table/options
TAH-BIO-BIO26-L38-Q016,BIO26-PDF170-L38-S1-Q016,BIO26-L38,أحياء 4,الوراثة المندلية,170,170,169,1,16,BIO26-M24,BIO26-S24-02,,,NOT_STARTED,NOT_RUN,ONE_QUESTION_ONE_IMAGE_ONE_CODE; exclude number/year/stars/badge/next-question/header; preserve full biological figure/labels/arrows/table/options
TAH-BIO-BIO26-L38-Q017,BIO26-PDF171-L38-S1-Q017,BIO26-L38,أحياء 4,الوراثة المندلية,171,171,170,1,17,BIO26-M24,BIO26-S24-02,,,NOT_STARTED,NOT_RUN,ONE_QUESTION_ONE_IMAGE_ONE_CODE; exclude number/year/stars/badge/next-question/header; preserve full biological figure/labels/arrows/table/options
TAH-BIO-BIO26-L38-Q018,BIO26-PDF171-L38-S1-Q018,BIO26-L38,أحياء 4,الوراثة المندلية,171,171,170,1,18,BIO26-M24,BIO26-S24-03,,,NOT_STARTED,NOT_RUN,ONE_QUESTION_ONE_IMAGE_ONE_CODE; exclude number/year/stars/badge/next-question/header; preserve full biological figure/labels/arrows/table/options
TAH-BIO-BIO26-L38-Q019,BIO26-PDF171-L38-S1-Q019,BIO26-L38,أحياء 4,الوراثة المندلية,171,171,170,1,19,BIO26-M24,BIO26-S24-03,,,NOT_STARTED,NOT_RUN,ONE_QUESTION_ONE_IMAGE_ONE_CODE; exclude number/year/stars/badge/next-question/header; preserve full biological figure/labels/arrows/table/options
TAH-BIO-BIO26-L38-Q020,BIO26-PDF171-L38-S1-Q020,BIO26-L38,أحياء 4,الوراثة المندلية,171,171,170,1,20,BIO26-M24,BIO26-S24-03,,,NOT_STARTED,NOT_RUN,ONE_QUESTION_ONE_IMAGE_ONE_CODE; exclude number/year/stars/badge/next-question/header; preserve full biological figure/labels/arrows/table/options
TAH-BIO-BIO26-L38-Q021,BIO26-PDF171-L38-S1-Q021,BIO26-L38,أحياء 4,الوراثة المندلية,171,171,170,1,21,BIO26-M24,BIO26-S24-04,,,NOT_STARTED,NOT_RUN,ONE_QUESTION_ONE_IMAGE_ONE_CODE; exclude number/year/stars/badge/next-question/header; preserve full biological figure/labels/arrows/table/options
TAH-BIO-BIO26-L38-Q022,BIO26-PDF171-L38-S1-Q022,BIO26-L38,أحياء 4,الوراثة المندلية,171,171,170,1,22,BIO26-M24,BIO26-S24-04,,,NOT_STARTED,NOT_RUN,ONE_QUESTION_ONE_IMAGE_ONE_CODE; exclude number/year/stars/badge/next-question/header; preserve full biological figure/labels/arrows/table/options
TAH-BIO-BIO26-L38-Q023,BIO26-PDF171-L38-S1-Q023,BIO26-L38,أحياء 4,الوراثة المندلية,171,171,170,1,23,BIO26-M24,BIO26-S24-04,,,NOT_STARTED,NOT_RUN,ONE_QUESTION_ONE_IMAGE_ONE_CODE; exclude number/year/stars/badge/next-question/header; preserve full biological figure/labels/arrows/table/options
TAH-BIO-BIO26-L38-Q024,BIO26-PDF171-L38-S1-Q024,BIO26-L38,أحياء 4,الوراثة المندلية,171,171,170,1,24,BIO26-M24,BIO26-S24-04,,,NOT_STARTED,NOT_RUN,ONE_QUESTION_ONE_IMAGE_ONE_CODE; exclude number/year/stars/badge/next-question/header; preserve full biological figure/labels/arrows/table/options
TAH-BIO-BIO26-L38-Q025,BIO26-PDF171-L38-S1-Q025,BIO26-L38,أحياء 4,الوراثة المندلية,171,171,170,1,25,BIO26-M24,BIO26-S24-04,,,NOT_STARTED,NOT_RUN,ONE_QUESTION_ONE_IMAGE_ONE_CODE; exclude number/year/stars/badge/next-question/header; preserve full biological figure/labels/arrows/table/options
TAH-BIO-BIO26-L38-Q026,BIO26-PDF171-L38-S1-Q026,BIO26-L38,أحياء 4,الوراثة المندلية,171,171,170,1,26,BIO26-M24,BIO26-S24-04,,,NOT_STARTED,NOT_RUN,ONE_QUESTION_ONE_IMAGE_ONE_CODE; exclude number/year/stars/badge/next-question/header; preserve full biological figure/labels/arrows/table/options
TAH-BIO-BIO26-L38-Q027,BIO26-PDF171-L38-S1-Q027,BIO26-L38,أحياء 4,الوراثة المندلية,171,171,170,1,27,BIO26-M24,BIO26-S24-04,,,NOT_STARTED,NOT_RUN,ONE_QUESTION_ONE_IMAGE_ONE_CODE; exclude number/year/stars/badge/next-question/header; preserve full biological figure/labels/arrows/table/options
TAH-BIO-BIO26-L38-Q028,BIO26-PDF171-L38-S1-Q028,BIO26-L38,أحياء 4,الوراثة المندلية,171,171,170,1,28,BIO26-M24,BIO26-S24-04,,,NOT_STARTED,NOT_RUN,ONE_QUESTION_ONE_IMAGE_ONE_CODE; exclude number/year/stars/badge/next-question/header; preserve full biological figure/labels/arrows/table/options
TAH-BIO-BIO26-L38-Q029,BIO26-PDF171-L38-S1-Q029,BIO26-L38,أحياء 4,الوراثة المندلية,171,171,170,1,29,BIO26-M24,BIO26-S24-04,,,NOT_STARTED,NOT_RUN,ONE_QUESTION_ONE_IMAGE_ONE_CODE; exclude number/year/stars/badge/next-question/header; preserve full biological figure/labels/arrows/table/options
TAH-BIO-BIO26-L38-Q030,BIO26-PDF171-L38-S1-Q030,BIO26-L38,أحياء 4,الوراثة المندلية,171,171,170,1,30,BIO26-M24,BIO26-S24-04,,,NOT_STARTED,NOT_RUN,ONE_QUESTION_ONE_IMAGE_ONE_CODE; exclude number/year/stars/badge/next-question/header; preserve full biological figure/labels/arrows/table/options
TAH-BIO-BIO26-L38-Q031,BIO26-PDF172-L38-S1-Q031,BIO26-L38,أحياء 4,الوراثة المندلية,172,172,171,1,31,BIO26-M24,BIO26-S24-04,,,NOT_STARTED,NOT_RUN,ONE_QUESTION_ONE_IMAGE_ONE_CODE; exclude number/year/stars/badge/next-question/header; preserve full biological figure/labels/arrows/table/options
TAH-BIO-BIO26-L38-Q032,BIO26-PDF172-L38-S1-Q032,BIO26-L38,أحياء 4,الوراثة المندلية,172,172,171,1,32,BIO26-M24,BIO26-S24-04,,,NOT_STARTED,NOT_RUN,ONE_QUESTION_ONE_IMAGE_ONE_CODE; exclude number/year/stars/badge/next-question/header; preserve full biological figure/labels/arrows/table/options
TAH-BIO-BIO26-L38-Q033,BIO26-PDF172-L38-S1-Q033,BIO26-L38,أحياء 4,الوراثة المندلية,172,172,171,1,33,BIO26-M24,BIO26-S24-04,,,NOT_STARTED,NOT_RUN,ONE_QUESTION_ONE_IMAGE_ONE_CODE; exclude number/year/stars/badge/next-question/header; preserve full biological figure/labels/arrows/table/options
TAH-BIO-BIO26-L38-Q034,BIO26-PDF172-L38-S1-Q034,BIO26-L38,أحياء 4,الوراثة المندلية,172,172,171,1,34,BIO26-M24,BIO26-S24-04,,,NOT_STARTED,NOT_RUN,ONE_QUESTION_ONE_IMAGE_ONE_CODE; exclude number/year/stars/badge/next-question/header; preserve full biological figure/labels/arrows/table/options
TAH-BIO-BIO26-L38-Q035,BIO26-PDF172-L38-S1-Q035,BIO26-L38,أحياء 4,الوراثة المندلية,172,172,171,1,35,BIO26-M24,BIO26-S24-04,,,NOT_STARTED,NOT_RUN,ONE_QUESTION_ONE_IMAGE_ONE_CODE; exclude number/year/stars/badge/next-question/header; preserve full biological figure/labels/arrows/table/options
TAH-BIO-BIO26-L38-Q036,BIO26-PDF173-L38-S2-Q036,BIO26-L38,أحياء 4,الوراثة المندلية,173,173,172,2,36,BIO26-M24,BIO26-S24-01,,,NOT_STARTED,NOT_RUN,ONE_QUESTION_ONE_IMAGE_ONE_CODE; exclude number/year/stars/badge/next-question/header; preserve full biological figure/labels/arrows/table/options
TAH-BIO-BIO26-L38-Q037,BIO26-PDF173-L38-S2-Q037,BIO26-L38,أحياء 4,الوراثة المندلية,173,173,172,2,37,BIO26-M24,BIO26-S24-01,,,NOT_STARTED,NOT_RUN,ONE_QUESTION_ONE_IMAGE_ONE_CODE; exclude number/year/stars/badge/next-question/header; preserve full biological figure/labels/arrows/table/options
TAH-BIO-BIO26-L38-Q038,BIO26-PDF173-L38-S2-Q038,BIO26-L38,أحياء 4,الوراثة المندلية,173,173,172,2,38,BIO26-M24,BIO26-S24-01,,,NOT_STARTED,NOT_RUN,ONE_QUESTION_ONE_IMAGE_ONE_CODE; exclude number/year/stars/badge/next-question/header; preserve full biological figure/labels/arrows/table/options
TAH-BIO-BIO26-L38-Q039,BIO26-PDF173-L38-S2-Q039,BIO26-L38,أحياء 4,الوراثة المندلية,173,173,172,2,39,BIO26-M24,BIO26-S24-01,,,NOT_STARTED,NOT_RUN,ONE_QUESTION_ONE_IMAGE_ONE_CODE; exclude number/year/stars/badge/next-question/header; preserve full biological figure/labels/arrows/table/options
TAH-BIO-BIO26-L38-Q040,BIO26-PDF173-L38-S2-Q040,BIO26-L38,أحياء 4,الوراثة المندلية,173,173,172,2,40,BIO26-M24,BIO26-S24-01,,,NOT_STARTED,NOT_RUN,ONE_QUESTION_ONE_IMAGE_ONE_CODE; exclude number/year/stars/badge/next-question/header; preserve full biological figure/labels/arrows/table/options
TAH-BIO-BIO26-L38-Q041,BIO26-PDF173-L38-S2-Q041,BIO26-L38,أحياء 4,الوراثة المندلية,173,173,172,2,41,BIO26-M24,BIO26-S24-01,,,NOT_STARTED,NOT_RUN,ONE_QUESTION_ONE_IMAGE_ONE_CODE; exclude number/year/stars/badge/next-question/header; preserve full biological figure/labels/arrows/table/options
TAH-BIO-BIO26-L38-Q042,BIO26-PDF173-L38-S2-Q042,BIO26-L38,أحياء 4,الوراثة المندلية,173,173,172,2,42,BIO26-M24,BIO26-S24-02,,,NOT_STARTED,NOT_RUN,ONE_QUESTION_ONE_IMAGE_ONE_CODE; exclude number/year/stars/badge/next-question/header; preserve full biological figure/labels/arrows/table/options
TAH-BIO-BIO26-L38-Q043,BIO26-PDF173-L38-S2-Q043,BIO26-L38,أحياء 4,الوراثة المندلية,173,173,172,2,43,BIO26-M24,BIO26-S24-02,,,NOT_STARTED,NOT_RUN,ONE_QUESTION_ONE_IMAGE_ONE_CODE; exclude number/year/stars/badge/next-question/header; preserve full biological figure/labels/arrows/table/options
TAH-BIO-BIO26-L38-Q044,BIO26-PDF173-L38-S2-Q044,BIO26-L38,أحياء 4,الوراثة المندلية,173,173,172,2,44,BIO26-M24,BIO26-S24-02,,,NOT_STARTED,NOT_RUN,ONE_QUESTION_ONE_IMAGE_ONE_CODE; exclude number/year/stars/badge/next-question/header; preserve full biological figure/labels/arrows/table/options
TAH-BIO-BIO26-L38-Q045,BIO26-PDF173-L38-S2-Q045,BIO26-L38,أحياء 4,الوراثة المندلية,173,173,172,2,45,BIO26-M24,BIO26-S24-02,,,NOT_STARTED,NOT_RUN,ONE_QUESTION_ONE_IMAGE_ONE_CODE; exclude number/year/stars/badge/next-question/header; preserve full biological figure/labels/arrows/table/options
TAH-BIO-BIO26-L38-Q046,BIO26-PDF173-L38-S2-Q046,BIO26-L38,أحياء 4,الوراثة المندلية,173,173,172,2,46,BIO26-M24,BIO26-S24-02,,,NOT_STARTED,NOT_RUN,ONE_QUESTION_ONE_IMAGE_ONE_CODE; exclude number/year/stars/badge/next-question/header; preserve full biological figure/labels/arrows/table/options
TAH-BIO-BIO26-L38-Q047,BIO26-PDF173-L38-S2-Q047,BIO26-L38,أحياء 4,الوراثة المندلية,173,173,172,2,47,BIO26-M24,BIO26-S24-02,,,NOT_STARTED,NOT_RUN,ONE_QUESTION_ONE_IMAGE_ONE_CODE; exclude number/year/stars/badge/next-question/header; preserve full biological figure/labels/arrows/table/options
TAH-BIO-BIO26-L38-Q048,BIO26-PDF173-L38-S2-Q048,BIO26-L38,أحياء 4,الوراثة المندلية,173,173,172,2,48,BIO26-M24,BIO26-S24-03,,,NOT_STARTED,NOT_RUN,ONE_QUESTION_ONE_IMAGE_ONE_CODE; exclude number/year/stars/badge/next-question/header; preserve full biological figure/labels/arrows/table/options
TAH-BIO-BIO26-L38-Q049,BIO26-PDF173-L38-S2-Q049,BIO26-L38,أحياء 4,الوراثة المندلية,173,173,172,2,49,BIO26-M24,BIO26-S24-03,,,NOT_STARTED,NOT_RUN,ONE_QUESTION_ONE_IMAGE_ONE_CODE; exclude number/year/stars/badge/next-question/header; preserve full biological figure/labels/arrows/table/options
TAH-BIO-BIO26-L38-Q050,BIO26-PDF174-L38-S2-Q050,BIO26-L38,أحياء 4,الوراثة المندلية,174,174,173,2,50,BIO26-M24,BIO26-S24-04,,,NOT_STARTED,NOT_RUN,ONE_QUESTION_ONE_IMAGE_ONE_CODE; exclude number/year/stars/badge/next-question/header; preserve full biological figure/labels/arrows/table/options
TAH-BIO-BIO26-L38-Q051,BIO26-PDF174-L38-S2-Q051,BIO26-L38,أحياء 4,الوراثة المندلية,174,174,173,2,51,BIO26-M24,BIO26-S24-04,,,NOT_STARTED,NOT_RUN,ONE_QUESTION_ONE_IMAGE_ONE_CODE; exclude number/year/stars/badge/next-question/header; preserve full biological figure/labels/arrows/table/options
TAH-BIO-BIO26-L38-Q052,BIO26-PDF174-L38-S2-Q052,BIO26-L38,أحياء 4,الوراثة المندلية,174,174,173,2,52,BIO26-M24,BIO26-S24-04,,,NOT_STARTED,NOT_RUN,ONE_QUESTION_ONE_IMAGE_ONE_CODE; exclude number/year/stars/badge/next-question/header; preserve full biological figure/labels/arrows/table/options
TAH-BIO-BIO26-L38-Q053,BIO26-PDF174-L38-S2-Q053,BIO26-L38,أحياء 4,الوراثة المندلية,174,174,173,2,53,BIO26-M24,BIO26-S24-04,,,NOT_STARTED,NOT_RUN,ONE_QUESTION_ONE_IMAGE_ONE_CODE; exclude number/year/stars/badge/next-question/header; preserve full biological figure/labels/arrows/table/options
TAH-BIO-BIO26-L39-Q001,BIO26-PDF175-L39-S1-Q001,BIO26-L39,أحياء 4,الوراثة المعقدة والبشرية,175,175,174,1,1,BIO26-M25,BIO26-S25-04,,,NOT_STARTED,NOT_RUN,ONE_QUESTION_ONE_IMAGE_ONE_CODE; exclude number/year/stars/badge/next-question/header; preserve full biological figure/labels/arrows/table/options
TAH-BIO-BIO26-L39-Q002,BIO26-PDF175-L39-S1-Q002,BIO26-L39,أحياء 4,الوراثة المعقدة والبشرية,175,175,174,1,2,BIO26-M25,BIO26-S25-04,,,NOT_STARTED,NOT_RUN,ONE_QUESTION_ONE_IMAGE_ONE_CODE; exclude number/year/stars/badge/next-question/header; preserve full biological figure/labels/arrows/table/options
TAH-BIO-BIO26-L39-Q003,BIO26-PDF175-L39-S1-Q003,BIO26-L39,أحياء 4,الوراثة المعقدة والبشرية,175,175,174,1,3,BIO26-M25,BIO26-S25-04,,,NOT_STARTED,NOT_RUN,ONE_QUESTION_ONE_IMAGE_ONE_CODE; exclude number/year/stars/badge/next-question/header; preserve full biological figure/labels/arrows/table/options
TAH-BIO-BIO26-L39-Q004,BIO26-PDF175-L39-S1-Q004,BIO26-L39,أحياء 4,الوراثة المعقدة والبشرية,175,175,174,1,4,BIO26-M25,BIO26-S25-04,,,NOT_STARTED,NOT_RUN,ONE_QUESTION_ONE_IMAGE_ONE_CODE; exclude number/year/stars/badge/next-question/header; preserve full biological figure/labels/arrows/table/options
TAH-BIO-BIO26-L39-Q005,BIO26-PDF175-L39-S1-Q005,BIO26-L39,أحياء 4,الوراثة المعقدة والبشرية,175,175,174,1,5,BIO26-M25,BIO26-S25-04,,,NOT_STARTED,NOT_RUN,ONE_QUESTION_ONE_IMAGE_ONE_CODE; exclude number/year/stars/badge/next-question/header; preserve full biological figure/labels/arrows/table/options
TAH-BIO-BIO26-L39-Q006,BIO26-PDF175-L39-S1-Q006,BIO26-L39,أحياء 4,الوراثة المعقدة والبشرية,175,175,174,1,6,BIO26-M25,BIO26-S25-04,,,NOT_STARTED,NOT_RUN,ONE_QUESTION_ONE_IMAGE_ONE_CODE; exclude number/year/stars/badge/next-question/header; preserve full biological figure/labels/arrows/table/options
TAH-BIO-BIO26-L39-Q007,BIO26-PDF175-L39-S1-Q007,BIO26-L39,أحياء 4,الوراثة المعقدة والبشرية,175,175,174,1,7,BIO26-M25,BIO26-S25-04,,,NOT_STARTED,NOT_RUN,ONE_QUESTION_ONE_IMAGE_ONE_CODE; exclude number/year/stars/badge/next-question/header; preserve full biological figure/labels/arrows/table/options
TAH-BIO-BIO26-L39-Q008,BIO26-PDF175-L39-S1-Q008,BIO26-L39,أحياء 4,الوراثة المعقدة والبشرية,175,175,174,1,8,BIO26-M25,BIO26-S25-04,,,NOT_STARTED,NOT_RUN,ONE_QUESTION_ONE_IMAGE_ONE_CODE; exclude number/year/stars/badge/next-question/header; preserve full biological figure/labels/arrows/table/options
TAH-BIO-BIO26-L39-Q009,BIO26-PDF175-L39-S1-Q009,BIO26-L39,أحياء 4,الوراثة المعقدة والبشرية,175,175,174,1,9,BIO26-M25,BIO26-S25-04,,,NOT_STARTED,NOT_RUN,ONE_QUESTION_ONE_IMAGE_ONE_CODE; exclude number/year/stars/badge/next-question/header; preserve full biological figure/labels/arrows/table/options
TAH-BIO-BIO26-L39-Q010,BIO26-PDF175-L39-S1-Q010,BIO26-L39,أحياء 4,الوراثة المعقدة والبشرية,175,175,174,1,10,BIO26-M25,BIO26-S25-04,,,NOT_STARTED,NOT_RUN,ONE_QUESTION_ONE_IMAGE_ONE_CODE; exclude number/year/stars/badge/next-question/header; preserve full biological figure/labels/arrows/table/options
TAH-BIO-BIO26-L39-Q011,BIO26-PDF175-L39-S1-Q011,BIO26-L39,أحياء 4,الوراثة المعقدة والبشرية,175,175,174,1,11,BIO26-M25,BIO26-S25-04,,,NOT_STARTED,NOT_RUN,ONE_QUESTION_ONE_IMAGE_ONE_CODE; exclude number/year/stars/badge/next-question/header; preserve full biological figure/labels/arrows/table/options
TAH-BIO-BIO26-L39-Q012,BIO26-PDF175-L39-S1-Q012,BIO26-L39,أحياء 4,الوراثة المعقدة والبشرية,175,175,174,1,12,BIO26-M25,BIO26-S25-04,,,NOT_STARTED,NOT_RUN,ONE_QUESTION_ONE_IMAGE_ONE_CODE; exclude number/year/stars/badge/next-question/header; preserve full biological figure/labels/arrows/table/options
TAH-BIO-BIO26-L39-Q013,BIO26-PDF175-L39-S1-Q013,BIO26-L39,أحياء 4,الوراثة المعقدة والبشرية,175,175,174,1,13,BIO26-M25,BIO26-S25-01,,,NOT_STARTED,NOT_RUN,ONE_QUESTION_ONE_IMAGE_ONE_CODE; exclude number/year/stars/badge/next-question/header; preserve full biological figure/labels/arrows/table/options
TAH-BIO-BIO26-L39-Q014,BIO26-PDF175-L39-S1-Q014,BIO26-L39,أحياء 4,الوراثة المعقدة والبشرية,175,175,174,1,14,BIO26-M25,BIO26-S25-01,,,NOT_STARTED,NOT_RUN,ONE_QUESTION_ONE_IMAGE_ONE_CODE; exclude number/year/stars/badge/next-question/header; preserve full biological figure/labels/arrows/table/options
TAH-BIO-BIO26-L39-Q015,BIO26-PDF175-L39-S1-Q015,BIO26-L39,أحياء 4,الوراثة المعقدة والبشرية,175,175,174,1,15,BIO26-M25,BIO26-S25-01,,,NOT_STARTED,NOT_RUN,ONE_QUESTION_ONE_IMAGE_ONE_CODE; exclude number/year/stars/badge/next-question/header; preserve full biological figure/labels/arrows/table/options
TAH-BIO-BIO26-L39-Q016,BIO26-PDF175-L39-S1-Q016,BIO26-L39,أحياء 4,الوراثة المعقدة والبشرية,175,175,174,1,16,BIO26-M25,BIO26-S25-01,,,NOT_STARTED,NOT_RUN,ONE_QUESTION_ONE_IMAGE_ONE_CODE; exclude number/year/stars/badge/next-question/header; preserve full biological figure/labels/arrows/table/options
TAH-BIO-BIO26-L39-Q017,BIO26-PDF175-L39-S1-Q017,BIO26-L39,أحياء 4,الوراثة المعقدة والبشرية,175,175,174,1,17,BIO26-M25,BIO26-S25-01,,,NOT_STARTED,NOT_RUN,ONE_QUESTION_ONE_IMAGE_ONE_CODE; exclude number/year/stars/badge/next-question/header; preserve full biological figure/labels/arrows/table/options
TAH-BIO-BIO26-L39-Q018,BIO26-PDF176-L39-S1-Q018,BIO26-L39,أحياء 4,الوراثة المعقدة والبشرية,176,176,175,1,18,BIO26-M25,BIO26-S25-02,,,NOT_STARTED,NOT_RUN,ONE_QUESTION_ONE_IMAGE_ONE_CODE; exclude number/year/stars/badge/next-question/header; preserve full biological figure/labels/arrows/table/options
TAH-BIO-BIO26-L39-Q019,BIO26-PDF176-L39-S1-Q019,BIO26-L39,أحياء 4,الوراثة المعقدة والبشرية,176,176,175,1,19,BIO26-M25,BIO26-S25-02,,,NOT_STARTED,NOT_RUN,ONE_QUESTION_ONE_IMAGE_ONE_CODE; exclude number/year/stars/badge/next-question/header; preserve full biological figure/labels/arrows/table/options
TAH-BIO-BIO26-L39-Q020,BIO26-PDF176-L39-S1-Q020,BIO26-L39,أحياء 4,الوراثة المعقدة والبشرية,176,176,175,1,20,BIO26-M25,BIO26-S25-02,,,NOT_STARTED,NOT_RUN,ONE_QUESTION_ONE_IMAGE_ONE_CODE; exclude number/year/stars/badge/next-question/header; preserve full biological figure/labels/arrows/table/options
TAH-BIO-BIO26-L39-Q021,BIO26-PDF176-L39-S1-Q021,BIO26-L39,أحياء 4,الوراثة المعقدة والبشرية,176,176,175,1,21,BIO26-M25,BIO26-S25-02,,,NOT_STARTED,NOT_RUN,ONE_QUESTION_ONE_IMAGE_ONE_CODE; exclude number/year/stars/badge/next-question/header; preserve full biological figure/labels/arrows/table/options
TAH-BIO-BIO26-L39-Q022,BIO26-PDF176-L39-S1-Q022,BIO26-L39,أحياء 4,الوراثة المعقدة والبشرية,176,176,175,1,22,BIO26-M25,BIO26-S25-02,,,NOT_STARTED,NOT_RUN,ONE_QUESTION_ONE_IMAGE_ONE_CODE; exclude number/year/stars/badge/next-question/header; preserve full biological figure/labels/arrows/table/options
TAH-BIO-BIO26-L39-Q023,BIO26-PDF176-L39-S1-Q023,BIO26-L39,أحياء 4,الوراثة المعقدة والبشرية,176,176,175,1,23,BIO26-M25,BIO26-S25-02,,,NOT_STARTED,NOT_RUN,ONE_QUESTION_ONE_IMAGE_ONE_CODE; exclude number/year/stars/badge/next-question/header; preserve full biological figure/labels/arrows/table/options
TAH-BIO-BIO26-L39-Q024,BIO26-PDF176-L39-S1-Q024,BIO26-L39,أحياء 4,الوراثة المعقدة والبشرية,176,176,175,1,24,BIO26-M25,BIO26-S25-02,,,NOT_STARTED,NOT_RUN,ONE_QUESTION_ONE_IMAGE_ONE_CODE; exclude number/year/stars/badge/next-question/header; preserve full biological figure/labels/arrows/table/options
TAH-BIO-BIO26-L39-Q025,BIO26-PDF176-L39-S1-Q025,BIO26-L39,أحياء 4,الوراثة المعقدة والبشرية,176,176,175,1,25,BIO26-M25,BIO26-S25-02,,,NOT_STARTED,NOT_RUN,ONE_QUESTION_ONE_IMAGE_ONE_CODE; exclude number/year/stars/badge/next-question/header; preserve full biological figure/labels/arrows/table/options
TAH-BIO-BIO26-L39-Q026,BIO26-PDF176-L39-S1-Q026,BIO26-L39,أحياء 4,الوراثة المعقدة والبشرية,176,176,175,1,26,BIO26-M25,BIO26-S25-02,,,NOT_STARTED,NOT_RUN,ONE_QUESTION_ONE_IMAGE_ONE_CODE; exclude number/year/stars/badge/next-question/header; preserve full biological figure/labels/arrows/table/options
TAH-BIO-BIO26-L39-Q027,BIO26-PDF176-L39-S1-Q027,BIO26-L39,أحياء 4,الوراثة المعقدة والبشرية,176,176,175,1,27,BIO26-M25,BIO26-S25-02,,,NOT_STARTED,NOT_RUN,ONE_QUESTION_ONE_IMAGE_ONE_CODE; exclude number/year/stars/badge/next-question/header; preserve full biological figure/labels/arrows/table/options
TAH-BIO-BIO26-L39-Q028,BIO26-PDF176-L39-S1-Q028,BIO26-L39,أحياء 4,الوراثة المعقدة والبشرية,176,176,175,1,28,BIO26-M25,BIO26-S25-02,,,NOT_STARTED,NOT_RUN,ONE_QUESTION_ONE_IMAGE_ONE_CODE; exclude number/year/stars/badge/next-question/header; preserve full biological figure/labels/arrows/table/options
TAH-BIO-BIO26-L39-Q029,BIO26-PDF176-L39-S1-Q029,BIO26-L39,أحياء 4,الوراثة المعقدة والبشرية,176,176,175,1,29,BIO26-M25,BIO26-S25-02,,,NOT_STARTED,NOT_RUN,ONE_QUESTION_ONE_IMAGE_ONE_CODE; exclude number/year/stars/badge/next-question/header; preserve full biological figure/labels/arrows/table/options
TAH-BIO-BIO26-L39-Q030,BIO26-PDF176-L39-S1-Q030,BIO26-L39,أحياء 4,الوراثة المعقدة والبشرية,176,176,175,1,30,BIO26-M25,BIO26-S25-02,,,NOT_STARTED,NOT_RUN,ONE_QUESTION_ONE_IMAGE_ONE_CODE; exclude number/year/stars/badge/next-question/header; preserve full biological figure/labels/arrows/table/options
TAH-BIO-BIO26-L39-Q031,BIO26-PDF176-L39-S1-Q031,BIO26-L39,أحياء 4,الوراثة المعقدة والبشرية,176,176,175,1,31,BIO26-M25,BIO26-S25-02,,,NOT_STARTED,NOT_RUN,ONE_QUESTION_ONE_IMAGE_ONE_CODE; exclude number/year/stars/badge/next-question/header; preserve full biological figure/labels/arrows/table/options
TAH-BIO-BIO26-L39-Q032,BIO26-PDF176-L39-S1-Q032,BIO26-L39,أحياء 4,الوراثة المعقدة والبشرية,176,176,175,1,32,BIO26-M25,BIO26-S25-02,,,NOT_STARTED,NOT_RUN,ONE_QUESTION_ONE_IMAGE_ONE_CODE; exclude number/year/stars/badge/next-question/header; preserve full biological figure/labels/arrows/table/options
TAH-BIO-BIO26-L39-Q033,BIO26-PDF176-L39-S1-Q033,BIO26-L39,أحياء 4,الوراثة المعقدة والبشرية,176,176,175,1,33,BIO26-M25,BIO26-S25-02,,,NOT_STARTED,NOT_RUN,ONE_QUESTION_ONE_IMAGE_ONE_CODE; exclude number/year/stars/badge/next-question/header; preserve full biological figure/labels/arrows/table/options
TAH-BIO-BIO26-L39-Q034,BIO26-PDF176-L39-S1-Q034,BIO26-L39,أحياء 4,الوراثة المعقدة والبشرية,176,176,175,1,34,BIO26-M25,BIO26-S25-02,,,NOT_STARTED,NOT_RUN,ONE_QUESTION_ONE_IMAGE_ONE_CODE; exclude number/year/stars/badge/next-question/header; preserve full biological figure/labels/arrows/table/options
TAH-BIO-BIO26-L39-Q035,BIO26-PDF176-L39-S1-Q035,BIO26-L39,أحياء 4,الوراثة المعقدة والبشرية,176,176,175,1,35,BIO26-M25,BIO26-S25-02,,,NOT_STARTED,NOT_RUN,ONE_QUESTION_ONE_IMAGE_ONE_CODE; exclude number/year/stars/badge/next-question/header; preserve full biological figure/labels/arrows/table/options
TAH-BIO-BIO26-L39-Q036,BIO26-PDF176-L39-S1-Q036,BIO26-L39,أحياء 4,الوراثة المعقدة والبشرية,176,176,175,1,36,BIO26-M25,BIO26-S25-02,,,NOT_STARTED,NOT_RUN,ONE_QUESTION_ONE_IMAGE_ONE_CODE; exclude number/year/stars/badge/next-question/header; preserve full biological figure/labels/arrows/table/options
TAH-BIO-BIO26-L39-Q037,BIO26-PDF177-L39-S1-Q037,BIO26-L39,أحياء 4,الوراثة المعقدة والبشرية,177,177,176,1,37,BIO26-M25,BIO26-S25-02,,,NOT_STARTED,NOT_RUN,ONE_QUESTION_ONE_IMAGE_ONE_CODE; exclude number/year/stars/badge/next-question/header; preserve full biological figure/labels/arrows/table/options
TAH-BIO-BIO26-L39-Q038,BIO26-PDF177-L39-S1-Q038,BIO26-L39,أحياء 4,الوراثة المعقدة والبشرية,177,177,176,1,38,BIO26-M25,BIO26-S25-02,,,NOT_STARTED,NOT_RUN,ONE_QUESTION_ONE_IMAGE_ONE_CODE; exclude number/year/stars/badge/next-question/header; preserve full biological figure/labels/arrows/table/options
TAH-BIO-BIO26-L39-Q039,BIO26-PDF177-L39-S1-Q039,BIO26-L39,أحياء 4,الوراثة المعقدة والبشرية,177,177,176,1,39,BIO26-M25,BIO26-S25-03,,,NOT_STARTED,NOT_RUN,ONE_QUESTION_ONE_IMAGE_ONE_CODE; exclude number/year/stars/badge/next-question/header; preserve full biological figure/labels/arrows/table/options
TAH-BIO-BIO26-L39-Q040,BIO26-PDF177-L39-S1-Q040,BIO26-L39,أحياء 4,الوراثة المعقدة والبشرية,177,177,176,1,40,BIO26-M25,BIO26-S25-02,,,NOT_STARTED,NOT_RUN,ONE_QUESTION_ONE_IMAGE_ONE_CODE; exclude number/year/stars/badge/next-question/header; preserve full biological figure/labels/arrows/table/options
TAH-BIO-BIO26-L39-Q041,BIO26-PDF177-L39-S1-Q041,BIO26-L39,أحياء 4,الوراثة المعقدة والبشرية,177,177,176,1,41,BIO26-M25,BIO26-S25-04,,,NOT_STARTED,NOT_RUN,ONE_QUESTION_ONE_IMAGE_ONE_CODE; exclude number/year/stars/badge/next-question/header; preserve full biological figure/labels/arrows/table/options
TAH-BIO-BIO26-L39-Q042,BIO26-PDF177-L39-S1-Q042,BIO26-L39,أحياء 4,الوراثة المعقدة والبشرية,177,177,176,1,42,BIO26-M25,BIO26-S25-04,,,NOT_STARTED,NOT_RUN,ONE_QUESTION_ONE_IMAGE_ONE_CODE; exclude number/year/stars/badge/next-question/header; preserve full biological figure/labels/arrows/table/options
TAH-BIO-BIO26-L39-Q043,BIO26-PDF177-L39-S1-Q043,BIO26-L39,أحياء 4,الوراثة المعقدة والبشرية,177,177,176,1,43,BIO26-M25,BIO26-S25-04,,,NOT_STARTED,NOT_RUN,ONE_QUESTION_ONE_IMAGE_ONE_CODE; exclude number/year/stars/badge/next-question/header; preserve full biological figure/labels/arrows/table/options
TAH-BIO-BIO26-L39-Q044,BIO26-PDF177-L39-S1-Q044,BIO26-L39,أحياء 4,الوراثة المعقدة والبشرية,177,177,176,1,44,BIO26-M25,BIO26-S25-04,,,NOT_STARTED,NOT_RUN,ONE_QUESTION_ONE_IMAGE_ONE_CODE; exclude number/year/stars/badge/next-question/header; preserve full biological figure/labels/arrows/table/options
TAH-BIO-BIO26-L39-Q045,BIO26-PDF177-L39-S1-Q045,BIO26-L39,أحياء 4,الوراثة المعقدة والبشرية,177,177,176,1,45,BIO26-M25,BIO26-S25-04,,,NOT_STARTED,NOT_RUN,ONE_QUESTION_ONE_IMAGE_ONE_CODE; exclude number/year/stars/badge/next-question/header; preserve full biological figure/labels/arrows/table/options
TAH-BIO-BIO26-L39-Q046,BIO26-PDF177-L39-S1-Q046,BIO26-L39,أحياء 4,الوراثة المعقدة والبشرية,177,177,176,1,46,BIO26-M25,BIO26-S25-04,,,NOT_STARTED,NOT_RUN,ONE_QUESTION_ONE_IMAGE_ONE_CODE; exclude number/year/stars/badge/next-question/header; preserve full biological figure/labels/arrows/table/options
TAH-BIO-BIO26-L39-Q047,BIO26-PDF177-L39-S1-Q047,BIO26-L39,أحياء 4,الوراثة المعقدة والبشرية,177,177,176,1,47,BIO26-M25,BIO26-S25-04,,,NOT_STARTED,NOT_RUN,ONE_QUESTION_ONE_IMAGE_ONE_CODE; exclude number/year/stars/badge/next-question/header; preserve full biological figure/labels/arrows/table/options
TAH-BIO-BIO26-L39-Q048,BIO26-PDF177-L39-S1-Q048,BIO26-L39,أحياء 4,الوراثة المعقدة والبشرية,177,177,176,1,48,BIO26-M25,BIO26-S25-04,,,NOT_STARTED,NOT_RUN,ONE_QUESTION_ONE_IMAGE_ONE_CODE; exclude number/year/stars/badge/next-question/header; preserve full biological figure/labels/arrows/table/options
TAH-BIO-BIO26-L39-Q049,BIO26-PDF177-L39-S1-Q049,BIO26-L39,أحياء 4,الوراثة المعقدة والبشرية,177,177,176,1,49,BIO26-M25,BIO26-S25-04,,,NOT_STARTED,NOT_RUN,ONE_QUESTION_ONE_IMAGE_ONE_CODE; exclude number/year/stars/badge/next-question/header; preserve full biological figure/labels/arrows/table/options
TAH-BIO-BIO26-L39-Q050,BIO26-PDF177-L39-S1-Q050,BIO26-L39,أحياء 4,الوراثة المعقدة والبشرية,177,177,176,1,50,BIO26-M25,BIO26-S25-04,,,NOT_STARTED,NOT_RUN,ONE_QUESTION_ONE_IMAGE_ONE_CODE; exclude number/year/stars/badge/next-question/header; preserve full biological figure/labels/arrows/table/options
TAH-BIO-BIO26-L39-Q051,BIO26-PDF177-L39-S1-Q051,BIO26-L39,أحياء 4,الوراثة المعقدة والبشرية,177,177,176,1,51,BIO26-M25,BIO26-S25-04,,,NOT_STARTED,NOT_RUN,ONE_QUESTION_ONE_IMAGE_ONE_CODE; exclude number/year/stars/badge/next-question/header; preserve full biological figure/labels/arrows/table/options
TAH-BIO-BIO26-L39-Q052,BIO26-PDF177-L39-S1-Q052,BIO26-L39,أحياء 4,الوراثة المعقدة والبشرية,177,177,176,1,52,BIO26-M25,BIO26-S25-04,,,NOT_STARTED,NOT_RUN,ONE_QUESTION_ONE_IMAGE_ONE_CODE; exclude number/year/stars/badge/next-question/header; preserve full biological figure/labels/arrows/table/options
TAH-BIO-BIO26-L39-Q053,BIO26-PDF177-L39-S1-Q053,BIO26-L39,أحياء 4,الوراثة المعقدة والبشرية,177,177,176,1,53,BIO26-M25,BIO26-S25-04,,,NOT_STARTED,NOT_RUN,ONE_QUESTION_ONE_IMAGE_ONE_CODE; exclude number/year/stars/badge/next-question/header; preserve full biological figure/labels/arrows/table/options
TAH-BIO-BIO26-L39-Q054,BIO26-PDF178-L39-S1-Q054,BIO26-L39,أحياء 4,الوراثة المعقدة والبشرية,178,178,177,1,54,BIO26-M25,BIO26-S25-04,,,NOT_STARTED,NOT_RUN,ONE_QUESTION_ONE_IMAGE_ONE_CODE; exclude number/year/stars/badge/next-question/header; preserve full biological figure/labels/arrows/table/options
TAH-BIO-BIO26-L39-Q055,BIO26-PDF178-L39-S1-Q055,BIO26-L39,أحياء 4,الوراثة المعقدة والبشرية,178,178,177,1,55,BIO26-M25,BIO26-S25-04,,,NOT_STARTED,NOT_RUN,ONE_QUESTION_ONE_IMAGE_ONE_CODE; exclude number/year/stars/badge/next-question/header; preserve full biological figure/labels/arrows/table/options
TAH-BIO-BIO26-L39-Q056,BIO26-PDF178-L39-S1-Q056,BIO26-L39,أحياء 4,الوراثة المعقدة والبشرية,178,178,177,1,56,BIO26-M25,BIO26-S25-04,,,NOT_STARTED,NOT_RUN,ONE_QUESTION_ONE_IMAGE_ONE_CODE; exclude number/year/stars/badge/next-question/header; preserve full biological figure/labels/arrows/table/options
TAH-BIO-BIO26-L39-Q057,BIO26-PDF178-L39-S1-Q057,BIO26-L39,أحياء 4,الوراثة المعقدة والبشرية,178,178,177,1,57,BIO26-M25,BIO26-S25-04,,,NOT_STARTED,NOT_RUN,ONE_QUESTION_ONE_IMAGE_ONE_CODE; exclude number/year/stars/badge/next-question/header; preserve full biological figure/labels/arrows/table/options
TAH-BIO-BIO26-L39-Q058,BIO26-PDF178-L39-S1-Q058,BIO26-L39,أحياء 4,الوراثة المعقدة والبشرية,178,178,177,1,58,BIO26-M25,BIO26-S25-04,,,NOT_STARTED,NOT_RUN,ONE_QUESTION_ONE_IMAGE_ONE_CODE; exclude number/year/stars/badge/next-question/header; preserve full biological figure/labels/arrows/table/options
TAH-BIO-BIO26-L39-Q059,BIO26-PDF178-L39-S1-Q059,BIO26-L39,أحياء 4,الوراثة المعقدة والبشرية,178,178,177,1,59,BIO26-M25,BIO26-S25-04,,,NOT_STARTED,NOT_RUN,ONE_QUESTION_ONE_IMAGE_ONE_CODE; exclude number/year/stars/badge/next-question/header; preserve full biological figure/labels/arrows/table/options
TAH-BIO-BIO26-L39-Q060,BIO26-PDF178-L39-S1-Q060,BIO26-L39,أحياء 4,الوراثة المعقدة والبشرية,178,178,177,1,60,BIO26-M25,BIO26-S25-04,,,NOT_STARTED,NOT_RUN,ONE_QUESTION_ONE_IMAGE_ONE_CODE; exclude number/year/stars/badge/next-question/header; preserve full biological figure/labels/arrows/table/options
TAH-BIO-BIO26-L39-Q061,BIO26-PDF178-L39-S1-Q061,BIO26-L39,أحياء 4,الوراثة المعقدة والبشرية,178,178,177,1,61,BIO26-M25,BIO26-S25-04,,,NOT_STARTED,NOT_RUN,ONE_QUESTION_ONE_IMAGE_ONE_CODE; exclude number/year/stars/badge/next-question/header; preserve full biological figure/labels/arrows/table/options
TAH-BIO-BIO26-L39-Q062,BIO26-PDF178-L39-S1-Q062,BIO26-L39,أحياء 4,الوراثة المعقدة والبشرية,178,178,177,1,62,BIO26-M25,BIO26-S25-04,,,NOT_STARTED,NOT_RUN,ONE_QUESTION_ONE_IMAGE_ONE_CODE; exclude number/year/stars/badge/next-question/header; preserve full biological figure/labels/arrows/table/options
TAH-BIO-BIO26-L39-Q063,BIO26-PDF178-L39-S1-Q063,BIO26-L39,أحياء 4,الوراثة المعقدة والبشرية,178,178,177,1,63,BIO26-M25,BIO26-S25-04,,,NOT_STARTED,NOT_RUN,ONE_QUESTION_ONE_IMAGE_ONE_CODE; exclude number/year/stars/badge/next-question/header; preserve full biological figure/labels/arrows/table/options
TAH-BIO-BIO26-L39-Q064,BIO26-PDF178-L39-S1-Q064,BIO26-L39,أحياء 4,الوراثة المعقدة والبشرية,178,178,177,1,64,BIO26-M25,BIO26-S25-04,,,NOT_STARTED,NOT_RUN,ONE_QUESTION_ONE_IMAGE_ONE_CODE; exclude number/year/stars/badge/next-question/header; preserve full biological figure/labels/arrows/table/options
TAH-BIO-BIO26-L39-Q065,BIO26-PDF179-L39-S1-Q065,BIO26-L39,أحياء 4,الوراثة المعقدة والبشرية,179,179,178,1,65,BIO26-M25,BIO26-S25-04,,,NOT_STARTED,NOT_RUN,ONE_QUESTION_ONE_IMAGE_ONE_CODE; exclude number/year/stars/badge/next-question/header; preserve full biological figure/labels/arrows/table/options
TAH-BIO-BIO26-L39-Q066,BIO26-PDF179-L39-S1-Q066,BIO26-L39,أحياء 4,الوراثة المعقدة والبشرية,179,179,178,1,66,BIO26-M25,BIO26-S25-04,,,NOT_STARTED,NOT_RUN,ONE_QUESTION_ONE_IMAGE_ONE_CODE; exclude number/year/stars/badge/next-question/header; preserve full biological figure/labels/arrows/table/options
TAH-BIO-BIO26-L39-Q067,BIO26-PDF179-L39-S1-Q067,BIO26-L39,أحياء 4,الوراثة المعقدة والبشرية,179,179,178,1,67,BIO26-M25,BIO26-S25-04,,,NOT_STARTED,NOT_RUN,ONE_QUESTION_ONE_IMAGE_ONE_CODE; exclude number/year/stars/badge/next-question/header; preserve full biological figure/labels/arrows/table/options
TAH-BIO-BIO26-L39-Q068,BIO26-PDF179-L39-S1-Q068,BIO26-L39,أحياء 4,الوراثة المعقدة والبشرية,179,179,178,1,68,BIO26-M25,BIO26-S25-04,,,NOT_STARTED,NOT_RUN,ONE_QUESTION_ONE_IMAGE_ONE_CODE; exclude number/year/stars/badge/next-question/header; preserve full biological figure/labels/arrows/table/options
TAH-BIO-BIO26-L39-Q069,BIO26-PDF179-L39-S1-Q069,BIO26-L39,أحياء 4,الوراثة المعقدة والبشرية,179,179,178,1,69,BIO26-M25,BIO26-S25-04,,,NOT_STARTED,NOT_RUN,ONE_QUESTION_ONE_IMAGE_ONE_CODE; exclude number/year/stars/badge/next-question/header; preserve full biological figure/labels/arrows/table/options
TAH-BIO-BIO26-L39-Q070,BIO26-PDF179-L39-S1-Q070,BIO26-L39,أحياء 4,الوراثة المعقدة والبشرية,179,179,178,1,70,BIO26-M25,BIO26-S25-04,,,NOT_STARTED,NOT_RUN,ONE_QUESTION_ONE_IMAGE_ONE_CODE; exclude number/year/stars/badge/next-question/header; preserve full biological figure/labels/arrows/table/options
TAH-BIO-BIO26-L39-Q071,BIO26-PDF179-L39-S1-Q071,BIO26-L39,أحياء 4,الوراثة المعقدة والبشرية,179,179,178,1,71,BIO26-M25,BIO26-S25-04,,,NOT_STARTED,NOT_RUN,ONE_QUESTION_ONE_IMAGE_ONE_CODE; exclude number/year/stars/badge/next-question/header; preserve full biological figure/labels/arrows/table/options
TAH-BIO-BIO26-L39-Q072,BIO26-PDF179-L39-S1-Q072,BIO26-L39,أحياء 4,الوراثة المعقدة والبشرية,179,179,178,1,72,BIO26-M25,BIO26-S25-04,,,NOT_STARTED,NOT_RUN,ONE_QUESTION_ONE_IMAGE_ONE_CODE; exclude number/year/stars/badge/next-question/header; preserve full biological figure/labels/arrows/table/options
TAH-BIO-BIO26-L39-Q073,BIO26-PDF179-L39-S1-Q073,BIO26-L39,أحياء 4,الوراثة المعقدة والبشرية,179,179,178,1,73,BIO26-M25,BIO26-S25-04,,,NOT_STARTED,NOT_RUN,ONE_QUESTION_ONE_IMAGE_ONE_CODE; exclude number/year/stars/badge/next-question/header; preserve full biological figure/labels/arrows/table/options
TAH-BIO-BIO26-L39-Q074,BIO26-PDF179-L39-S1-Q074,BIO26-L39,أحياء 4,الوراثة المعقدة والبشرية,179,179,178,1,74,BIO26-M25,BIO26-S25-04,,,NOT_STARTED,NOT_RUN,ONE_QUESTION_ONE_IMAGE_ONE_CODE; exclude number/year/stars/badge/next-question/header; preserve full biological figure/labels/arrows/table/options
TAH-BIO-BIO26-L39-Q075,BIO26-PDF180-L39-S1-Q075,BIO26-L39,أحياء 4,الوراثة المعقدة والبشرية,180,180,179,1,75,BIO26-M25,BIO26-S25-04,,,NOT_STARTED,NOT_RUN,ONE_QUESTION_ONE_IMAGE_ONE_CODE; exclude number/year/stars/badge/next-question/header; preserve full biological figure/labels/arrows/table/options
TAH-BIO-BIO26-L39-Q076,BIO26-PDF180-L39-S1-Q076,BIO26-L39,أحياء 4,الوراثة المعقدة والبشرية,180,180,179,1,76,BIO26-M25,BIO26-S25-04,,,NOT_STARTED,NOT_RUN,ONE_QUESTION_ONE_IMAGE_ONE_CODE; exclude number/year/stars/badge/next-question/header; preserve full biological figure/labels/arrows/table/options
TAH-BIO-BIO26-L39-Q077,BIO26-PDF180-L39-S1-Q077,BIO26-L39,أحياء 4,الوراثة المعقدة والبشرية,180,180,179,1,77,BIO26-M25,BIO26-S25-04,,,NOT_STARTED,NOT_RUN,ONE_QUESTION_ONE_IMAGE_ONE_CODE; exclude number/year/stars/badge/next-question/header; preserve full biological figure/labels/arrows/table/options
TAH-BIO-BIO26-L39-Q078,BIO26-PDF180-L39-S1-Q078,BIO26-L39,أحياء 4,الوراثة المعقدة والبشرية,180,180,179,1,78,BIO26-M25,BIO26-S25-04,,,NOT_STARTED,NOT_RUN,ONE_QUESTION_ONE_IMAGE_ONE_CODE; exclude number/year/stars/badge/next-question/header; preserve full biological figure/labels/arrows/table/options
TAH-BIO-BIO26-L39-Q079,BIO26-PDF180-L39-S1-Q079,BIO26-L39,أحياء 4,الوراثة المعقدة والبشرية,180,180,179,1,79,BIO26-M25,BIO26-S25-04,,,NOT_STARTED,NOT_RUN,ONE_QUESTION_ONE_IMAGE_ONE_CODE; exclude number/year/stars/badge/next-question/header; preserve full biological figure/labels/arrows/table/options
TAH-BIO-BIO26-L39-Q080,BIO26-PDF180-L39-S1-Q080,BIO26-L39,أحياء 4,الوراثة المعقدة والبشرية,180,180,179,1,80,BIO26-M25,BIO26-S25-04,,,NOT_STARTED,NOT_RUN,ONE_QUESTION_ONE_IMAGE_ONE_CODE; exclude number/year/stars/badge/next-question/header; preserve full biological figure/labels/arrows/table/options
TAH-BIO-BIO26-L39-Q081,BIO26-PDF181-L39-S2-Q081,BIO26-L39,أحياء 4,الوراثة المعقدة والبشرية,181,181,180,2,81,BIO26-M25,BIO26-S25-04,,,NOT_STARTED,NOT_RUN,ONE_QUESTION_ONE_IMAGE_ONE_CODE; exclude number/year/stars/badge/next-question/header; preserve full biological figure/labels/arrows/table/options
TAH-BIO-BIO26-L39-Q082,BIO26-PDF181-L39-S2-Q082,BIO26-L39,أحياء 4,الوراثة المعقدة والبشرية,181,181,180,2,82,BIO26-M25,BIO26-S25-04,,,NOT_STARTED,NOT_RUN,ONE_QUESTION_ONE_IMAGE_ONE_CODE; exclude number/year/stars/badge/next-question/header; preserve full biological figure/labels/arrows/table/options
TAH-BIO-BIO26-L39-Q083,BIO26-PDF181-L39-S2-Q083,BIO26-L39,أحياء 4,الوراثة المعقدة والبشرية,181,181,180,2,83,BIO26-M25,BIO26-S25-04,,,NOT_STARTED,NOT_RUN,ONE_QUESTION_ONE_IMAGE_ONE_CODE; exclude number/year/stars/badge/next-question/header; preserve full biological figure/labels/arrows/table/options
TAH-BIO-BIO26-L39-Q084,BIO26-PDF181-L39-S2-Q084,BIO26-L39,أحياء 4,الوراثة المعقدة والبشرية,181,181,180,2,84,BIO26-M25,BIO26-S25-04,,,NOT_STARTED,NOT_RUN,ONE_QUESTION_ONE_IMAGE_ONE_CODE; exclude number/year/stars/badge/next-question/header; preserve full biological figure/labels/arrows/table/options
TAH-BIO-BIO26-L39-Q085,BIO26-PDF181-L39-S2-Q085,BIO26-L39,أحياء 4,الوراثة المعقدة والبشرية,181,181,180,2,85,BIO26-M25,BIO26-S25-04,,,NOT_STARTED,NOT_RUN,ONE_QUESTION_ONE_IMAGE_ONE_CODE; exclude number/year/stars/badge/next-question/header; preserve full biological figure/labels/arrows/table/options
TAH-BIO-BIO26-L39-Q086,BIO26-PDF181-L39-S2-Q086,BIO26-L39,أحياء 4,الوراثة المعقدة والبشرية,181,181,180,2,86,BIO26-M25,BIO26-S25-04,,,NOT_STARTED,NOT_RUN,ONE_QUESTION_ONE_IMAGE_ONE_CODE; exclude number/year/stars/badge/next-question/header; preserve full biological figure/labels/arrows/table/options
TAH-BIO-BIO26-L39-Q087,BIO26-PDF181-L39-S2-Q087,BIO26-L39,أحياء 4,الوراثة المعقدة والبشرية,181,181,180,2,87,BIO26-M25,BIO26-S25-04,,,NOT_STARTED,NOT_RUN,ONE_QUESTION_ONE_IMAGE_ONE_CODE; exclude number/year/stars/badge/next-question/header; preserve full biological figure/labels/arrows/table/options
TAH-BIO-BIO26-L39-Q088,BIO26-PDF181-L39-S2-Q088,BIO26-L39,أحياء 4,الوراثة المعقدة والبشرية,181,181,180,2,88,BIO26-M25,BIO26-S25-04,,,NOT_STARTED,NOT_RUN,ONE_QUESTION_ONE_IMAGE_ONE_CODE; exclude number/year/stars/badge/next-question/header; preserve full biological figure/labels/arrows/table/options
TAH-BIO-BIO26-L39-Q089,BIO26-PDF181-L39-S2-Q089,BIO26-L39,أحياء 4,الوراثة المعقدة والبشرية,181,181,180,2,89,BIO26-M25,BIO26-S25-01,,,NOT_STARTED,NOT_RUN,ONE_QUESTION_ONE_IMAGE_ONE_CODE; exclude number/year/stars/badge/next-question/header; preserve full biological figure/labels/arrows/table/options
TAH-BIO-BIO26-L39-Q090,BIO26-PDF181-L39-S2-Q090,BIO26-L39,أحياء 4,الوراثة المعقدة والبشرية,181,181,180,2,90,BIO26-M25,BIO26-S25-01,,,NOT_STARTED,NOT_RUN,ONE_QUESTION_ONE_IMAGE_ONE_CODE; exclude number/year/stars/badge/next-question/header; preserve full biological figure/labels/arrows/table/options
TAH-BIO-BIO26-L39-Q091,BIO26-PDF181-L39-S2-Q091,BIO26-L39,أحياء 4,الوراثة المعقدة والبشرية,181,181,180,2,91,BIO26-M25,BIO26-S25-01,,,NOT_STARTED,NOT_RUN,ONE_QUESTION_ONE_IMAGE_ONE_CODE; exclude number/year/stars/badge/next-question/header; preserve full biological figure/labels/arrows/table/options
TAH-BIO-BIO26-L39-Q092,BIO26-PDF181-L39-S2-Q092,BIO26-L39,أحياء 4,الوراثة المعقدة والبشرية,181,181,180,2,92,BIO26-M25,BIO26-S25-01,,,NOT_STARTED,NOT_RUN,ONE_QUESTION_ONE_IMAGE_ONE_CODE; exclude number/year/stars/badge/next-question/header; preserve full biological figure/labels/arrows/table/options
TAH-BIO-BIO26-L39-Q093,BIO26-PDF181-L39-S2-Q093,BIO26-L39,أحياء 4,الوراثة المعقدة والبشرية,181,181,180,2,93,BIO26-M25,BIO26-S25-01,,,NOT_STARTED,NOT_RUN,ONE_QUESTION_ONE_IMAGE_ONE_CODE; exclude number/year/stars/badge/next-question/header; preserve full biological figure/labels/arrows/table/options
TAH-BIO-BIO26-L39-Q094,BIO26-PDF181-L39-S2-Q094,BIO26-L39,أحياء 4,الوراثة المعقدة والبشرية,181,181,180,2,94,BIO26-M25,BIO26-S25-01,,,NOT_STARTED,NOT_RUN,ONE_QUESTION_ONE_IMAGE_ONE_CODE; exclude number/year/stars/badge/next-question/header; preserve full biological figure/labels/arrows/table/options
TAH-BIO-BIO26-L39-Q095,BIO26-PDF181-L39-S2-Q095,BIO26-L39,أحياء 4,الوراثة المعقدة والبشرية,181,181,180,2,95,BIO26-M25,BIO26-S25-01,,,NOT_STARTED,NOT_RUN,ONE_QUESTION_ONE_IMAGE_ONE_CODE; exclude number/year/stars/badge/next-question/header; preserve full biological figure/labels/arrows/table/options
TAH-BIO-BIO26-L39-Q096,BIO26-PDF181-L39-S2-Q096,BIO26-L39,أحياء 4,الوراثة المعقدة والبشرية,181,181,180,2,96,BIO26-M25,BIO26-S25-01,,,NOT_STARTED,NOT_RUN,ONE_QUESTION_ONE_IMAGE_ONE_CODE; exclude number/year/stars/badge/next-question/header; preserve full biological figure/labels/arrows/table/options
TAH-BIO-BIO26-L39-Q097,BIO26-PDF182-L39-S2-Q097,BIO26-L39,أحياء 4,الوراثة المعقدة والبشرية,182,182,181,2,97,BIO26-M25,BIO26-S25-01,,,NOT_STARTED,NOT_RUN,ONE_QUESTION_ONE_IMAGE_ONE_CODE; exclude number/year/stars/badge/next-question/header; preserve full biological figure/labels/arrows/table/options
TAH-BIO-BIO26-L39-Q098,BIO26-PDF182-L39-S2-Q098,BIO26-L39,أحياء 4,الوراثة المعقدة والبشرية,182,182,181,2,98,BIO26-M25,BIO26-S25-01,,,NOT_STARTED,NOT_RUN,ONE_QUESTION_ONE_IMAGE_ONE_CODE; exclude number/year/stars/badge/next-question/header; preserve full biological figure/labels/arrows/table/options
TAH-BIO-BIO26-L39-Q099,BIO26-PDF182-L39-S2-Q099,BIO26-L39,أحياء 4,الوراثة المعقدة والبشرية,182,182,181,2,99,BIO26-M25,BIO26-S25-01,,,NOT_STARTED,NOT_RUN,ONE_QUESTION_ONE_IMAGE_ONE_CODE; exclude number/year/stars/badge/next-question/header; preserve full biological figure/labels/arrows/table/options
TAH-BIO-BIO26-L39-Q100,BIO26-PDF182-L39-S2-Q100,BIO26-L39,أحياء 4,الوراثة المعقدة والبشرية,182,182,181,2,100,BIO26-M25,BIO26-S25-01,,,NOT_STARTED,NOT_RUN,ONE_QUESTION_ONE_IMAGE_ONE_CODE; exclude number/year/stars/badge/next-question/header; preserve full biological figure/labels/arrows/table/options
TAH-BIO-BIO26-L39-Q101,BIO26-PDF182-L39-S2-Q101,BIO26-L39,أحياء 4,الوراثة المعقدة والبشرية,182,182,181,2,101,BIO26-M25,BIO26-S25-01,,,NOT_STARTED,NOT_RUN,ONE_QUESTION_ONE_IMAGE_ONE_CODE; exclude number/year/stars/badge/next-question/header; preserve full biological figure/labels/arrows/table/options
TAH-BIO-BIO26-L39-Q102,BIO26-PDF182-L39-S2-Q102,BIO26-L39,أحياء 4,الوراثة المعقدة والبشرية,182,182,181,2,102,BIO26-M25,BIO26-S25-01,,,NOT_STARTED,NOT_RUN,ONE_QUESTION_ONE_IMAGE_ONE_CODE; exclude number/year/stars/badge/next-question/header; preserve full biological figure/labels/arrows/table/options
TAH-BIO-BIO26-L39-Q103,BIO26-PDF182-L39-S2-Q103,BIO26-L39,أحياء 4,الوراثة المعقدة والبشرية,182,182,181,2,103,BIO26-M25,BIO26-S25-01,,,NOT_STARTED,NOT_RUN,ONE_QUESTION_ONE_IMAGE_ONE_CODE; exclude number/year/stars/badge/next-question/header; preserve full biological figure/labels/arrows/table/options
TAH-BIO-BIO26-L39-Q104,BIO26-PDF182-L39-S2-Q104,BIO26-L39,أحياء 4,الوراثة المعقدة والبشرية,182,182,181,2,104,BIO26-M25,BIO26-S25-01,,,NOT_STARTED,NOT_RUN,ONE_QUESTION_ONE_IMAGE_ONE_CODE; exclude number/year/stars/badge/next-question/header; preserve full biological figure/labels/arrows/table/options
TAH-BIO-BIO26-L39-Q105,BIO26-PDF182-L39-S2-Q105,BIO26-L39,أحياء 4,الوراثة المعقدة والبشرية,182,182,181,2,105,BIO26-M25,BIO26-S25-02,,,NOT_STARTED,NOT_RUN,ONE_QUESTION_ONE_IMAGE_ONE_CODE; exclude number/year/stars/badge/next-question/header; preserve full biological figure/labels/arrows/table/options
TAH-BIO-BIO26-L39-Q106,BIO26-PDF182-L39-S2-Q106,BIO26-L39,أحياء 4,الوراثة المعقدة والبشرية,182,182,181,2,106,BIO26-M25,BIO26-S25-02,,,NOT_STARTED,NOT_RUN,ONE_QUESTION_ONE_IMAGE_ONE_CODE; exclude number/year/stars/badge/next-question/header; preserve full biological figure/labels/arrows/table/options
TAH-BIO-BIO26-L39-Q107,BIO26-PDF182-L39-S2-Q107,BIO26-L39,أحياء 4,الوراثة المعقدة والبشرية,182,182,181,2,107,BIO26-M25,BIO26-S25-02,,,NOT_STARTED,NOT_RUN,ONE_QUESTION_ONE_IMAGE_ONE_CODE; exclude number/year/stars/badge/next-question/header; preserve full biological figure/labels/arrows/table/options
TAH-BIO-BIO26-L39-Q108,BIO26-PDF182-L39-S2-Q108,BIO26-L39,أحياء 4,الوراثة المعقدة والبشرية,182,182,181,2,108,BIO26-M25,BIO26-S25-03,,,NOT_STARTED,NOT_RUN,ONE_QUESTION_ONE_IMAGE_ONE_CODE; exclude number/year/stars/badge/next-question/header; preserve full biological figure/labels/arrows/table/options
TAH-BIO-BIO26-L39-Q109,BIO26-PDF182-L39-S2-Q109,BIO26-L39,أحياء 4,الوراثة المعقدة والبشرية,182,182,181,2,109,BIO26-M25,BIO26-S25-03,,,NOT_STARTED,NOT_RUN,ONE_QUESTION_ONE_IMAGE_ONE_CODE; exclude number/year/stars/badge/next-question/header; preserve full biological figure/labels/arrows/table/options
TAH-BIO-BIO26-L39-Q110,BIO26-PDF182-L39-S2-Q110,BIO26-L39,أحياء 4,الوراثة المعقدة والبشرية,182,182,181,2,110,BIO26-M25,BIO26-S25-03,,,NOT_STARTED,NOT_RUN,ONE_QUESTION_ONE_IMAGE_ONE_CODE; exclude number/year/stars/badge/next-question/header; preserve full biological figure/labels/arrows/table/options
TAH-BIO-BIO26-L39-Q111,BIO26-PDF182-L39-S2-Q111,BIO26-L39,أحياء 4,الوراثة المعقدة والبشرية,182,182,181,2,111,BIO26-M25,BIO26-S25-03,,,NOT_STARTED,NOT_RUN,ONE_QUESTION_ONE_IMAGE_ONE_CODE; exclude number/year/stars/badge/next-question/header; preserve full biological figure/labels/arrows/table/options
TAH-BIO-BIO26-L39-Q112,BIO26-PDF182-L39-S2-Q112,BIO26-L39,أحياء 4,الوراثة المعقدة والبشرية,182,182,181,2,112,BIO26-M25,BIO26-S25-03,,,NOT_STARTED,NOT_RUN,ONE_QUESTION_ONE_IMAGE_ONE_CODE; exclude number/year/stars/badge/next-question/header; preserve full biological figure/labels/arrows/table/options
TAH-BIO-BIO26-L39-Q113,BIO26-PDF182-L39-S2-Q113,BIO26-L39,أحياء 4,الوراثة المعقدة والبشرية,182,182,181,2,113,BIO26-M25,BIO26-S25-03,,,NOT_STARTED,NOT_RUN,ONE_QUESTION_ONE_IMAGE_ONE_CODE; exclude number/year/stars/badge/next-question/header; preserve full biological figure/labels/arrows/table/options
TAH-BIO-BIO26-L39-Q114,BIO26-PDF182-L39-S2-Q114,BIO26-L39,أحياء 4,الوراثة المعقدة والبشرية,182,182,181,2,114,BIO26-M25,BIO26-S25-03,,,NOT_STARTED,NOT_RUN,ONE_QUESTION_ONE_IMAGE_ONE_CODE; exclude number/year/stars/badge/next-question/header; preserve full biological figure/labels/arrows/table/options
TAH-BIO-BIO26-L39-Q115,BIO26-PDF182-L39-S2-Q115,BIO26-L39,أحياء 4,الوراثة المعقدة والبشرية,182,182,181,2,115,BIO26-M25,BIO26-S25-03,,,NOT_STARTED,NOT_RUN,ONE_QUESTION_ONE_IMAGE_ONE_CODE; exclude number/year/stars/badge/next-question/header; preserve full biological figure/labels/arrows/table/options
TAH-BIO-BIO26-L39-Q116,BIO26-PDF183-L39-S2-Q116,BIO26-L39,أحياء 4,الوراثة المعقدة والبشرية,183,183,182,2,116,BIO26-M25,BIO26-S25-02,,,NOT_STARTED,NOT_RUN,ONE_QUESTION_ONE_IMAGE_ONE_CODE; exclude number/year/stars/badge/next-question/header; preserve full biological figure/labels/arrows/table/options
TAH-BIO-BIO26-L39-Q117,BIO26-PDF183-L39-S2-Q117,BIO26-L39,أحياء 4,الوراثة المعقدة والبشرية,183,183,182,2,117,BIO26-M25,BIO26-S25-02,,,NOT_STARTED,NOT_RUN,ONE_QUESTION_ONE_IMAGE_ONE_CODE; exclude number/year/stars/badge/next-question/header; preserve full biological figure/labels/arrows/table/options
TAH-BIO-BIO26-L39-Q118,BIO26-PDF183-L39-S2-Q118,BIO26-L39,أحياء 4,الوراثة المعقدة والبشرية,183,183,182,2,118,BIO26-M25,BIO26-S25-04,,,NOT_STARTED,NOT_RUN,ONE_QUESTION_ONE_IMAGE_ONE_CODE; exclude number/year/stars/badge/next-question/header; preserve full biological figure/labels/arrows/table/options
TAH-BIO-BIO26-L39-Q119,BIO26-PDF183-L39-S2-Q119,BIO26-L39,أحياء 4,الوراثة المعقدة والبشرية,183,183,182,2,119,BIO26-M25,BIO26-S25-04,,,NOT_STARTED,NOT_RUN,ONE_QUESTION_ONE_IMAGE_ONE_CODE; exclude number/year/stars/badge/next-question/header; preserve full biological figure/labels/arrows/table/options
TAH-BIO-BIO26-L39-Q120,BIO26-PDF183-L39-S2-Q120,BIO26-L39,أحياء 4,الوراثة المعقدة والبشرية,183,183,182,2,120,BIO26-M25,BIO26-S25-04,,,NOT_STARTED,NOT_RUN,ONE_QUESTION_ONE_IMAGE_ONE_CODE; exclude number/year/stars/badge/next-question/header; preserve full biological figure/labels/arrows/table/options
TAH-BIO-BIO26-L39-Q121,BIO26-PDF183-L39-S2-Q121,BIO26-L39,أحياء 4,الوراثة المعقدة والبشرية,183,183,182,2,121,BIO26-M25,BIO26-S25-04,,,NOT_STARTED,NOT_RUN,ONE_QUESTION_ONE_IMAGE_ONE_CODE; exclude number/year/stars/badge/next-question/header; preserve full biological figure/labels/arrows/table/options
TAH-BIO-BIO26-L39-Q122,BIO26-PDF183-L39-S2-Q122,BIO26-L39,أحياء 4,الوراثة المعقدة والبشرية,183,183,182,2,122,BIO26-M25,BIO26-S25-04,,,NOT_STARTED,NOT_RUN,ONE_QUESTION_ONE_IMAGE_ONE_CODE; exclude number/year/stars/badge/next-question/header; preserve full biological figure/labels/arrows/table/options
TAH-BIO-BIO26-L39-Q123,BIO26-PDF183-L39-S2-Q123,BIO26-L39,أحياء 4,الوراثة المعقدة والبشرية,183,183,182,2,123,BIO26-M25,BIO26-S25-04,,,NOT_STARTED,NOT_RUN,ONE_QUESTION_ONE_IMAGE_ONE_CODE; exclude number/year/stars/badge/next-question/header; preserve full biological figure/labels/arrows/table/options
TAH-BIO-BIO26-L39-Q124,BIO26-PDF183-L39-S2-Q124,BIO26-L39,أحياء 4,الوراثة المعقدة والبشرية,183,183,182,2,124,BIO26-M25,BIO26-S25-04,,,NOT_STARTED,NOT_RUN,ONE_QUESTION_ONE_IMAGE_ONE_CODE; exclude number/year/stars/badge/next-question/header; preserve full biological figure/labels/arrows/table/options
TAH-BIO-BIO26-L39-Q125,BIO26-PDF183-L39-S2-Q125,BIO26-L39,أحياء 4,الوراثة المعقدة والبشرية,183,183,182,2,125,BIO26-M25,BIO26-S25-04,,,NOT_STARTED,NOT_RUN,ONE_QUESTION_ONE_IMAGE_ONE_CODE; exclude number/year/stars/badge/next-question/header; preserve full biological figure/labels/arrows/table/options
TAH-BIO-BIO26-L40-Q001,BIO26-PDF184-L40-S1-Q001,BIO26-L40,أحياء 4,المادة الوراثية,184,184,183,1,1,BIO26-M26,BIO26-S26-01,,,NOT_STARTED,NOT_RUN,ONE_QUESTION_ONE_IMAGE_ONE_CODE; exclude number/year/stars/badge/next-question/header; preserve full biological figure/labels/arrows/table/options
TAH-BIO-BIO26-L40-Q002,BIO26-PDF184-L40-S1-Q002,BIO26-L40,أحياء 4,المادة الوراثية,184,184,183,1,2,BIO26-M26,BIO26-S26-01,,,NOT_STARTED,NOT_RUN,ONE_QUESTION_ONE_IMAGE_ONE_CODE; exclude number/year/stars/badge/next-question/header; preserve full biological figure/labels/arrows/table/options
TAH-BIO-BIO26-L40-Q003,BIO26-PDF184-L40-S1-Q003,BIO26-L40,أحياء 4,المادة الوراثية,184,184,183,1,3,BIO26-M26,BIO26-S26-01,,,NOT_STARTED,NOT_RUN,ONE_QUESTION_ONE_IMAGE_ONE_CODE; exclude number/year/stars/badge/next-question/header; preserve full biological figure/labels/arrows/table/options
TAH-BIO-BIO26-L40-Q004,BIO26-PDF184-L40-S1-Q004,BIO26-L40,أحياء 4,المادة الوراثية,184,184,183,1,4,BIO26-M26,BIO26-S26-01,,,NOT_STARTED,NOT_RUN,ONE_QUESTION_ONE_IMAGE_ONE_CODE; exclude number/year/stars/badge/next-question/header; preserve full biological figure/labels/arrows/table/options
TAH-BIO-BIO26-L40-Q005,BIO26-PDF184-L40-S1-Q005,BIO26-L40,أحياء 4,المادة الوراثية,184,184,183,1,5,BIO26-M26,BIO26-S26-01,,,NOT_STARTED,NOT_RUN,ONE_QUESTION_ONE_IMAGE_ONE_CODE; exclude number/year/stars/badge/next-question/header; preserve full biological figure/labels/arrows/table/options
TAH-BIO-BIO26-L40-Q006,BIO26-PDF184-L40-S1-Q006,BIO26-L40,أحياء 4,المادة الوراثية,184,184,183,1,6,BIO26-M26,BIO26-S26-01,,,NOT_STARTED,NOT_RUN,ONE_QUESTION_ONE_IMAGE_ONE_CODE; exclude number/year/stars/badge/next-question/header; preserve full biological figure/labels/arrows/table/options
TAH-BIO-BIO26-L40-Q007,BIO26-PDF184-L40-S1-Q007,BIO26-L40,أحياء 4,المادة الوراثية,184,184,183,1,7,BIO26-M26,BIO26-S26-01,,,NOT_STARTED,NOT_RUN,ONE_QUESTION_ONE_IMAGE_ONE_CODE; exclude number/year/stars/badge/next-question/header; preserve full biological figure/labels/arrows/table/options
TAH-BIO-BIO26-L40-Q008,BIO26-PDF184-L40-S1-Q008,BIO26-L40,أحياء 4,المادة الوراثية,184,184,183,1,8,BIO26-M26,BIO26-S26-01,,,NOT_STARTED,NOT_RUN,ONE_QUESTION_ONE_IMAGE_ONE_CODE; exclude number/year/stars/badge/next-question/header; preserve full biological figure/labels/arrows/table/options
TAH-BIO-BIO26-L40-Q009,BIO26-PDF184-L40-S1-Q009,BIO26-L40,أحياء 4,المادة الوراثية,184,184,183,1,9,BIO26-M26,BIO26-S26-01,,,NOT_STARTED,NOT_RUN,ONE_QUESTION_ONE_IMAGE_ONE_CODE; exclude number/year/stars/badge/next-question/header; preserve full biological figure/labels/arrows/table/options
TAH-BIO-BIO26-L40-Q010,BIO26-PDF184-L40-S1-Q010,BIO26-L40,أحياء 4,المادة الوراثية,184,184,183,1,10,BIO26-M26,BIO26-S26-01,,,NOT_STARTED,NOT_RUN,ONE_QUESTION_ONE_IMAGE_ONE_CODE; exclude number/year/stars/badge/next-question/header; preserve full biological figure/labels/arrows/table/options
TAH-BIO-BIO26-L40-Q011,BIO26-PDF184-L40-S1-Q011,BIO26-L40,أحياء 4,المادة الوراثية,184,184,183,1,11,BIO26-M26,BIO26-S26-01,,,NOT_STARTED,NOT_RUN,ONE_QUESTION_ONE_IMAGE_ONE_CODE; exclude number/year/stars/badge/next-question/header; preserve full biological figure/labels/arrows/table/options
TAH-BIO-BIO26-L40-Q012,BIO26-PDF184-L40-S1-Q012,BIO26-L40,أحياء 4,المادة الوراثية,184,184,183,1,12,BIO26-M26,BIO26-S26-01,,,NOT_STARTED,NOT_RUN,ONE_QUESTION_ONE_IMAGE_ONE_CODE; exclude number/year/stars/badge/next-question/header; preserve full biological figure/labels/arrows/table/options
TAH-BIO-BIO26-L40-Q013,BIO26-PDF184-L40-S1-Q013,BIO26-L40,أحياء 4,المادة الوراثية,184,184,183,1,13,BIO26-M26,BIO26-S26-01,,,NOT_STARTED,NOT_RUN,ONE_QUESTION_ONE_IMAGE_ONE_CODE; exclude number/year/stars/badge/next-question/header; preserve full biological figure/labels/arrows/table/options
TAH-BIO-BIO26-L40-Q014,BIO26-PDF184-L40-S1-Q014,BIO26-L40,أحياء 4,المادة الوراثية,184,184,183,1,14,BIO26-M26,BIO26-S26-01,,,NOT_STARTED,NOT_RUN,ONE_QUESTION_ONE_IMAGE_ONE_CODE; exclude number/year/stars/badge/next-question/header; preserve full biological figure/labels/arrows/table/options
TAH-BIO-BIO26-L40-Q015,BIO26-PDF184-L40-S1-Q015,BIO26-L40,أحياء 4,المادة الوراثية,184,184,183,1,15,BIO26-M26,BIO26-S26-02,,,NOT_STARTED,NOT_RUN,ONE_QUESTION_ONE_IMAGE_ONE_CODE; exclude number/year/stars/badge/next-question/header; preserve full biological figure/labels/arrows/table/options
TAH-BIO-BIO26-L40-Q016,BIO26-PDF184-L40-S1-Q016,BIO26-L40,أحياء 4,المادة الوراثية,184,184,183,1,16,BIO26-M26,BIO26-S26-02,,,NOT_STARTED,NOT_RUN,ONE_QUESTION_ONE_IMAGE_ONE_CODE; exclude number/year/stars/badge/next-question/header; preserve full biological figure/labels/arrows/table/options
TAH-BIO-BIO26-L40-Q017,BIO26-PDF185-L40-S1-Q017,BIO26-L40,أحياء 4,المادة الوراثية,185,185,184,1,17,BIO26-M26,BIO26-S26-02,,,NOT_STARTED,NOT_RUN,ONE_QUESTION_ONE_IMAGE_ONE_CODE; exclude number/year/stars/badge/next-question/header; preserve full biological figure/labels/arrows/table/options
TAH-BIO-BIO26-L40-Q018,BIO26-PDF185-L40-S1-Q018,BIO26-L40,أحياء 4,المادة الوراثية,185,185,184,1,18,BIO26-M26,BIO26-S26-02,,,NOT_STARTED,NOT_RUN,ONE_QUESTION_ONE_IMAGE_ONE_CODE; exclude number/year/stars/badge/next-question/header; preserve full biological figure/labels/arrows/table/options
TAH-BIO-BIO26-L40-Q019,BIO26-PDF185-L40-S1-Q019,BIO26-L40,أحياء 4,المادة الوراثية,185,185,184,1,19,BIO26-M26,BIO26-S26-02,,,NOT_STARTED,NOT_RUN,ONE_QUESTION_ONE_IMAGE_ONE_CODE; exclude number/year/stars/badge/next-question/header; preserve full biological figure/labels/arrows/table/options
TAH-BIO-BIO26-L40-Q020,BIO26-PDF185-L40-S1-Q020,BIO26-L40,أحياء 4,المادة الوراثية,185,185,184,1,20,BIO26-M26,BIO26-S26-02,,,NOT_STARTED,NOT_RUN,ONE_QUESTION_ONE_IMAGE_ONE_CODE; exclude number/year/stars/badge/next-question/header; preserve full biological figure/labels/arrows/table/options
TAH-BIO-BIO26-L40-Q021,BIO26-PDF185-L40-S1-Q021,BIO26-L40,أحياء 4,المادة الوراثية,185,185,184,1,21,BIO26-M26,BIO26-S26-02,,,NOT_STARTED,NOT_RUN,ONE_QUESTION_ONE_IMAGE_ONE_CODE; exclude number/year/stars/badge/next-question/header; preserve full biological figure/labels/arrows/table/options
TAH-BIO-BIO26-L40-Q022,BIO26-PDF185-L40-S1-Q022,BIO26-L40,أحياء 4,المادة الوراثية,185,185,184,1,22,BIO26-M26,BIO26-S26-02,,,NOT_STARTED,NOT_RUN,ONE_QUESTION_ONE_IMAGE_ONE_CODE; exclude number/year/stars/badge/next-question/header; preserve full biological figure/labels/arrows/table/options
TAH-BIO-BIO26-L40-Q023,BIO26-PDF185-L40-S1-Q023,BIO26-L40,أحياء 4,المادة الوراثية,185,185,184,1,23,BIO26-M26,BIO26-S26-02,,,NOT_STARTED,NOT_RUN,ONE_QUESTION_ONE_IMAGE_ONE_CODE; exclude number/year/stars/badge/next-question/header; preserve full biological figure/labels/arrows/table/options
TAH-BIO-BIO26-L40-Q024,BIO26-PDF185-L40-S1-Q024,BIO26-L40,أحياء 4,المادة الوراثية,185,185,184,1,24,BIO26-M26,BIO26-S26-02,,,NOT_STARTED,NOT_RUN,ONE_QUESTION_ONE_IMAGE_ONE_CODE; exclude number/year/stars/badge/next-question/header; preserve full biological figure/labels/arrows/table/options
TAH-BIO-BIO26-L40-Q025,BIO26-PDF185-L40-S1-Q025,BIO26-L40,أحياء 4,المادة الوراثية,185,185,184,1,25,BIO26-M26,BIO26-S26-02,,,NOT_STARTED,NOT_RUN,ONE_QUESTION_ONE_IMAGE_ONE_CODE; exclude number/year/stars/badge/next-question/header; preserve full biological figure/labels/arrows/table/options
TAH-BIO-BIO26-L40-Q026,BIO26-PDF185-L40-S1-Q026,BIO26-L40,أحياء 4,المادة الوراثية,185,185,184,1,26,BIO26-M26,BIO26-S26-02,,,NOT_STARTED,NOT_RUN,ONE_QUESTION_ONE_IMAGE_ONE_CODE; exclude number/year/stars/badge/next-question/header; preserve full biological figure/labels/arrows/table/options
TAH-BIO-BIO26-L40-Q027,BIO26-PDF185-L40-S1-Q027,BIO26-L40,أحياء 4,المادة الوراثية,185,185,184,1,27,BIO26-M26,BIO26-S26-02,,,NOT_STARTED,NOT_RUN,ONE_QUESTION_ONE_IMAGE_ONE_CODE; exclude number/year/stars/badge/next-question/header; preserve full biological figure/labels/arrows/table/options
TAH-BIO-BIO26-L40-Q028,BIO26-PDF185-L40-S1-Q028,BIO26-L40,أحياء 4,المادة الوراثية,185,185,184,1,28,BIO26-M26,BIO26-S26-02,,,NOT_STARTED,NOT_RUN,ONE_QUESTION_ONE_IMAGE_ONE_CODE; exclude number/year/stars/badge/next-question/header; preserve full biological figure/labels/arrows/table/options
TAH-BIO-BIO26-L40-Q029,BIO26-PDF185-L40-S1-Q029,BIO26-L40,أحياء 4,المادة الوراثية,185,185,184,1,29,BIO26-M26,BIO26-S26-03,,,NOT_STARTED,NOT_RUN,ONE_QUESTION_ONE_IMAGE_ONE_CODE; exclude number/year/stars/badge/next-question/header; preserve full biological figure/labels/arrows/table/options
TAH-BIO-BIO26-L40-Q030,BIO26-PDF185-L40-S1-Q030,BIO26-L40,أحياء 4,المادة الوراثية,185,185,184,1,30,BIO26-M26,BIO26-S26-03,,,NOT_STARTED,NOT_RUN,ONE_QUESTION_ONE_IMAGE_ONE_CODE; exclude number/year/stars/badge/next-question/header; preserve full biological figure/labels/arrows/table/options
TAH-BIO-BIO26-L40-Q031,BIO26-PDF185-L40-S1-Q031,BIO26-L40,أحياء 4,المادة الوراثية,185,185,184,1,31,BIO26-M26,BIO26-S26-03,,,NOT_STARTED,NOT_RUN,ONE_QUESTION_ONE_IMAGE_ONE_CODE; exclude number/year/stars/badge/next-question/header; preserve full biological figure/labels/arrows/table/options
TAH-BIO-BIO26-L40-Q032,BIO26-PDF185-L40-S1-Q032,BIO26-L40,أحياء 4,المادة الوراثية,185,185,184,1,32,BIO26-M26,BIO26-S26-03,,,NOT_STARTED,NOT_RUN,ONE_QUESTION_ONE_IMAGE_ONE_CODE; exclude number/year/stars/badge/next-question/header; preserve full biological figure/labels/arrows/table/options
TAH-BIO-BIO26-L40-Q033,BIO26-PDF185-L40-S1-Q033,BIO26-L40,أحياء 4,المادة الوراثية,185,185,184,1,33,BIO26-M26,BIO26-S26-03,,,NOT_STARTED,NOT_RUN,ONE_QUESTION_ONE_IMAGE_ONE_CODE; exclude number/year/stars/badge/next-question/header; preserve full biological figure/labels/arrows/table/options
TAH-BIO-BIO26-L40-Q034,BIO26-PDF185-L40-S1-Q034,BIO26-L40,أحياء 4,المادة الوراثية,185,185,184,1,34,BIO26-M26,BIO26-S26-03,,,NOT_STARTED,NOT_RUN,ONE_QUESTION_ONE_IMAGE_ONE_CODE; exclude number/year/stars/badge/next-question/header; preserve full biological figure/labels/arrows/table/options
TAH-BIO-BIO26-L40-Q035,BIO26-PDF185-L40-S1-Q035,BIO26-L40,أحياء 4,المادة الوراثية,185,185,184,1,35,BIO26-M26,BIO26-S26-03,,,NOT_STARTED,NOT_RUN,ONE_QUESTION_ONE_IMAGE_ONE_CODE; exclude number/year/stars/badge/next-question/header; preserve full biological figure/labels/arrows/table/options
TAH-BIO-BIO26-L40-Q036,BIO26-PDF186-L40-S1-Q036,BIO26-L40,أحياء 4,المادة الوراثية,186,186,185,1,36,BIO26-M26,BIO26-S26-03,,,NOT_STARTED,NOT_RUN,ONE_QUESTION_ONE_IMAGE_ONE_CODE; exclude number/year/stars/badge/next-question/header; preserve full biological figure/labels/arrows/table/options
TAH-BIO-BIO26-L40-Q037,BIO26-PDF186-L40-S1-Q037,BIO26-L40,أحياء 4,المادة الوراثية,186,186,185,1,37,BIO26-M26,BIO26-S26-03,,,NOT_STARTED,NOT_RUN,ONE_QUESTION_ONE_IMAGE_ONE_CODE; exclude number/year/stars/badge/next-question/header; preserve full biological figure/labels/arrows/table/options
TAH-BIO-BIO26-L40-Q038,BIO26-PDF186-L40-S1-Q038,BIO26-L40,أحياء 4,المادة الوراثية,186,186,185,1,38,BIO26-M26,BIO26-S26-03,,,NOT_STARTED,NOT_RUN,ONE_QUESTION_ONE_IMAGE_ONE_CODE; exclude number/year/stars/badge/next-question/header; preserve full biological figure/labels/arrows/table/options
TAH-BIO-BIO26-L40-Q039,BIO26-PDF186-L40-S1-Q039,BIO26-L40,أحياء 4,المادة الوراثية,186,186,185,1,39,BIO26-M26,BIO26-S26-03,,,NOT_STARTED,NOT_RUN,ONE_QUESTION_ONE_IMAGE_ONE_CODE; exclude number/year/stars/badge/next-question/header; preserve full biological figure/labels/arrows/table/options
TAH-BIO-BIO26-L40-Q040,BIO26-PDF186-L40-S1-Q040,BIO26-L40,أحياء 4,المادة الوراثية,186,186,185,1,40,BIO26-M26,BIO26-S26-03,,,NOT_STARTED,NOT_RUN,ONE_QUESTION_ONE_IMAGE_ONE_CODE; exclude number/year/stars/badge/next-question/header; preserve full biological figure/labels/arrows/table/options
TAH-BIO-BIO26-L40-Q041,BIO26-PDF186-L40-S1-Q041,BIO26-L40,أحياء 4,المادة الوراثية,186,186,185,1,41,BIO26-M26,BIO26-S26-03,,,NOT_STARTED,NOT_RUN,ONE_QUESTION_ONE_IMAGE_ONE_CODE; exclude number/year/stars/badge/next-question/header; preserve full biological figure/labels/arrows/table/options
TAH-BIO-BIO26-L40-Q042,BIO26-PDF186-L40-S1-Q042,BIO26-L40,أحياء 4,المادة الوراثية,186,186,185,1,42,BIO26-M26,BIO26-S26-03,,,NOT_STARTED,NOT_RUN,ONE_QUESTION_ONE_IMAGE_ONE_CODE; exclude number/year/stars/badge/next-question/header; preserve full biological figure/labels/arrows/table/options
TAH-BIO-BIO26-L40-Q043,BIO26-PDF186-L40-S1-Q043,BIO26-L40,أحياء 4,المادة الوراثية,186,186,185,1,43,BIO26-M26,BIO26-S26-04,,,NOT_STARTED,NOT_RUN,ONE_QUESTION_ONE_IMAGE_ONE_CODE; exclude number/year/stars/badge/next-question/header; preserve full biological figure/labels/arrows/table/options
TAH-BIO-BIO26-L40-Q044,BIO26-PDF186-L40-S1-Q044,BIO26-L40,أحياء 4,المادة الوراثية,186,186,185,1,44,BIO26-M26,BIO26-S26-04,,,NOT_STARTED,NOT_RUN,ONE_QUESTION_ONE_IMAGE_ONE_CODE; exclude number/year/stars/badge/next-question/header; preserve full biological figure/labels/arrows/table/options
TAH-BIO-BIO26-L40-Q045,BIO26-PDF186-L40-S1-Q045,BIO26-L40,أحياء 4,المادة الوراثية,186,186,185,1,45,BIO26-M26,BIO26-S26-04,,,NOT_STARTED,NOT_RUN,ONE_QUESTION_ONE_IMAGE_ONE_CODE; exclude number/year/stars/badge/next-question/header; preserve full biological figure/labels/arrows/table/options
TAH-BIO-BIO26-L40-Q046,BIO26-PDF186-L40-S1-Q046,BIO26-L40,أحياء 4,المادة الوراثية,186,186,185,1,46,BIO26-M26,BIO26-S26-04,,,NOT_STARTED,NOT_RUN,ONE_QUESTION_ONE_IMAGE_ONE_CODE; exclude number/year/stars/badge/next-question/header; preserve full biological figure/labels/arrows/table/options
TAH-BIO-BIO26-L40-Q047,BIO26-PDF186-L40-S1-Q047,BIO26-L40,أحياء 4,المادة الوراثية,186,186,185,1,47,BIO26-M26,BIO26-S26-04,,,NOT_STARTED,NOT_RUN,ONE_QUESTION_ONE_IMAGE_ONE_CODE; exclude number/year/stars/badge/next-question/header; preserve full biological figure/labels/arrows/table/options
TAH-BIO-BIO26-L40-Q048,BIO26-PDF186-L40-S1-Q048,BIO26-L40,أحياء 4,المادة الوراثية,186,186,185,1,48,BIO26-M26,BIO26-S26-04,,,NOT_STARTED,NOT_RUN,ONE_QUESTION_ONE_IMAGE_ONE_CODE; exclude number/year/stars/badge/next-question/header; preserve full biological figure/labels/arrows/table/options
TAH-BIO-BIO26-L40-Q049,BIO26-PDF186-L40-S1-Q049,BIO26-L40,أحياء 4,المادة الوراثية,186,186,185,1,49,BIO26-M26,BIO26-S26-04,,,NOT_STARTED,NOT_RUN,ONE_QUESTION_ONE_IMAGE_ONE_CODE; exclude number/year/stars/badge/next-question/header; preserve full biological figure/labels/arrows/table/options
TAH-BIO-BIO26-L40-Q050,BIO26-PDF187-L40-S1-Q050,BIO26-L40,أحياء 4,المادة الوراثية,187,187,186,1,50,BIO26-M26,BIO26-S26-04,,,NOT_STARTED,NOT_RUN,ONE_QUESTION_ONE_IMAGE_ONE_CODE; exclude number/year/stars/badge/next-question/header; preserve full biological figure/labels/arrows/table/options
TAH-BIO-BIO26-L40-Q051,BIO26-PDF187-L40-S1-Q051,BIO26-L40,أحياء 4,المادة الوراثية,187,187,186,1,51,BIO26-M26,BIO26-S26-04,,,NOT_STARTED,NOT_RUN,ONE_QUESTION_ONE_IMAGE_ONE_CODE; exclude number/year/stars/badge/next-question/header; preserve full biological figure/labels/arrows/table/options
TAH-BIO-BIO26-L40-Q052,BIO26-PDF187-L40-S1-Q052,BIO26-L40,أحياء 4,المادة الوراثية,187,187,186,1,52,BIO26-M26,BIO26-S26-04,,,NOT_STARTED,NOT_RUN,ONE_QUESTION_ONE_IMAGE_ONE_CODE; exclude number/year/stars/badge/next-question/header; preserve full biological figure/labels/arrows/table/options
TAH-BIO-BIO26-L40-Q053,BIO26-PDF187-L40-S1-Q053,BIO26-L40,أحياء 4,المادة الوراثية,187,187,186,1,53,BIO26-M26,BIO26-S26-04,,,NOT_STARTED,NOT_RUN,ONE_QUESTION_ONE_IMAGE_ONE_CODE; exclude number/year/stars/badge/next-question/header; preserve full biological figure/labels/arrows/table/options
TAH-BIO-BIO26-L40-Q054,BIO26-PDF187-L40-S1-Q054,BIO26-L40,أحياء 4,المادة الوراثية,187,187,186,1,54,BIO26-M26,BIO26-S26-04,,,NOT_STARTED,NOT_RUN,ONE_QUESTION_ONE_IMAGE_ONE_CODE; exclude number/year/stars/badge/next-question/header; preserve full biological figure/labels/arrows/table/options
TAH-BIO-BIO26-L40-Q055,BIO26-PDF187-L40-S1-Q055,BIO26-L40,أحياء 4,المادة الوراثية,187,187,186,1,55,BIO26-M26,BIO26-S26-04,,,NOT_STARTED,NOT_RUN,ONE_QUESTION_ONE_IMAGE_ONE_CODE; exclude number/year/stars/badge/next-question/header; preserve full biological figure/labels/arrows/table/options
TAH-BIO-BIO26-L40-Q056,BIO26-PDF188-L40-S2-Q056,BIO26-L40,أحياء 4,المادة الوراثية,188,188,187,2,56,BIO26-M26,BIO26-S26-01,,,NOT_STARTED,NOT_RUN,ONE_QUESTION_ONE_IMAGE_ONE_CODE; exclude number/year/stars/badge/next-question/header; preserve full biological figure/labels/arrows/table/options
TAH-BIO-BIO26-L40-Q057,BIO26-PDF188-L40-S2-Q057,BIO26-L40,أحياء 4,المادة الوراثية,188,188,187,2,57,BIO26-M26,BIO26-S26-01,,,NOT_STARTED,NOT_RUN,ONE_QUESTION_ONE_IMAGE_ONE_CODE; exclude number/year/stars/badge/next-question/header; preserve full biological figure/labels/arrows/table/options
TAH-BIO-BIO26-L40-Q058,BIO26-PDF188-L40-S2-Q058,BIO26-L40,أحياء 4,المادة الوراثية,188,188,187,2,58,BIO26-M26,BIO26-S26-01,,,NOT_STARTED,NOT_RUN,ONE_QUESTION_ONE_IMAGE_ONE_CODE; exclude number/year/stars/badge/next-question/header; preserve full biological figure/labels/arrows/table/options
TAH-BIO-BIO26-L40-Q059,BIO26-PDF188-L40-S2-Q059,BIO26-L40,أحياء 4,المادة الوراثية,188,188,187,2,59,BIO26-M26,BIO26-S26-01,,,NOT_STARTED,NOT_RUN,ONE_QUESTION_ONE_IMAGE_ONE_CODE; exclude number/year/stars/badge/next-question/header; preserve full biological figure/labels/arrows/table/options
TAH-BIO-BIO26-L40-Q060,BIO26-PDF188-L40-S2-Q060,BIO26-L40,أحياء 4,المادة الوراثية,188,188,187,2,60,BIO26-M26,BIO26-S26-01,,,NOT_STARTED,NOT_RUN,ONE_QUESTION_ONE_IMAGE_ONE_CODE; exclude number/year/stars/badge/next-question/header; preserve full biological figure/labels/arrows/table/options
TAH-BIO-BIO26-L40-Q061,BIO26-PDF188-L40-S2-Q061,BIO26-L40,أحياء 4,المادة الوراثية,188,188,187,2,61,BIO26-M26,BIO26-S26-01,,,NOT_STARTED,NOT_RUN,ONE_QUESTION_ONE_IMAGE_ONE_CODE; exclude number/year/stars/badge/next-question/header; preserve full biological figure/labels/arrows/table/options
TAH-BIO-BIO26-L40-Q062,BIO26-PDF188-L40-S2-Q062,BIO26-L40,أحياء 4,المادة الوراثية,188,188,187,2,62,BIO26-M26,BIO26-S26-01,,,NOT_STARTED,NOT_RUN,ONE_QUESTION_ONE_IMAGE_ONE_CODE; exclude number/year/stars/badge/next-question/header; preserve full biological figure/labels/arrows/table/options
TAH-BIO-BIO26-L40-Q063,BIO26-PDF188-L40-S2-Q063,BIO26-L40,أحياء 4,المادة الوراثية,188,188,187,2,63,BIO26-M26,BIO26-S26-01,,,NOT_STARTED,NOT_RUN,ONE_QUESTION_ONE_IMAGE_ONE_CODE; exclude number/year/stars/badge/next-question/header; preserve full biological figure/labels/arrows/table/options
TAH-BIO-BIO26-L40-Q064,BIO26-PDF188-L40-S2-Q064,BIO26-L40,أحياء 4,المادة الوراثية,188,188,187,2,64,BIO26-M26,BIO26-S26-01,,,NOT_STARTED,NOT_RUN,ONE_QUESTION_ONE_IMAGE_ONE_CODE; exclude number/year/stars/badge/next-question/header; preserve full biological figure/labels/arrows/table/options
TAH-BIO-BIO26-L40-Q065,BIO26-PDF188-L40-S2-Q065,BIO26-L40,أحياء 4,المادة الوراثية,188,188,187,2,65,BIO26-M26,BIO26-S26-01,,,NOT_STARTED,NOT_RUN,ONE_QUESTION_ONE_IMAGE_ONE_CODE; exclude number/year/stars/badge/next-question/header; preserve full biological figure/labels/arrows/table/options
TAH-BIO-BIO26-L40-Q066,BIO26-PDF188-L40-S2-Q066,BIO26-L40,أحياء 4,المادة الوراثية,188,188,187,2,66,BIO26-M26,BIO26-S26-01,,,NOT_STARTED,NOT_RUN,ONE_QUESTION_ONE_IMAGE_ONE_CODE; exclude number/year/stars/badge/next-question/header; preserve full biological figure/labels/arrows/table/options
TAH-BIO-BIO26-L40-Q067,BIO26-PDF188-L40-S2-Q067,BIO26-L40,أحياء 4,المادة الوراثية,188,188,187,2,67,BIO26-M26,BIO26-S26-01,,,NOT_STARTED,NOT_RUN,ONE_QUESTION_ONE_IMAGE_ONE_CODE; exclude number/year/stars/badge/next-question/header; preserve full biological figure/labels/arrows/table/options
TAH-BIO-BIO26-L40-Q068,BIO26-PDF188-L40-S2-Q068,BIO26-L40,أحياء 4,المادة الوراثية,188,188,187,2,68,BIO26-M26,BIO26-S26-01,,,NOT_STARTED,NOT_RUN,ONE_QUESTION_ONE_IMAGE_ONE_CODE; exclude number/year/stars/badge/next-question/header; preserve full biological figure/labels/arrows/table/options
TAH-BIO-BIO26-L40-Q069,BIO26-PDF188-L40-S2-Q069,BIO26-L40,أحياء 4,المادة الوراثية,188,188,187,2,69,BIO26-M26,BIO26-S26-01,,,NOT_STARTED,NOT_RUN,ONE_QUESTION_ONE_IMAGE_ONE_CODE; exclude number/year/stars/badge/next-question/header; preserve full biological figure/labels/arrows/table/options
TAH-BIO-BIO26-L40-Q070,BIO26-PDF188-L40-S2-Q070,BIO26-L40,أحياء 4,المادة الوراثية,188,188,187,2,70,BIO26-M26,BIO26-S26-01,,,NOT_STARTED,NOT_RUN,ONE_QUESTION_ONE_IMAGE_ONE_CODE; exclude number/year/stars/badge/next-question/header; preserve full biological figure/labels/arrows/table/options
TAH-BIO-BIO26-L40-Q071,BIO26-PDF188-L40-S2-Q071,BIO26-L40,أحياء 4,المادة الوراثية,188,188,187,2,71,BIO26-M26,BIO26-S26-01,,,NOT_STARTED,NOT_RUN,ONE_QUESTION_ONE_IMAGE_ONE_CODE; exclude number/year/stars/badge/next-question/header; preserve full biological figure/labels/arrows/table/options
TAH-BIO-BIO26-L40-Q072,BIO26-PDF188-L40-S2-Q072,BIO26-L40,أحياء 4,المادة الوراثية,188,188,187,2,72,BIO26-M26,BIO26-S26-01,,,NOT_STARTED,NOT_RUN,ONE_QUESTION_ONE_IMAGE_ONE_CODE; exclude number/year/stars/badge/next-question/header; preserve full biological figure/labels/arrows/table/options
TAH-BIO-BIO26-L40-Q073,BIO26-PDF188-L40-S2-Q073,BIO26-L40,أحياء 4,المادة الوراثية,188,188,187,2,73,BIO26-M26,BIO26-S26-01,,,NOT_STARTED,NOT_RUN,ONE_QUESTION_ONE_IMAGE_ONE_CODE; exclude number/year/stars/badge/next-question/header; preserve full biological figure/labels/arrows/table/options
TAH-BIO-BIO26-L40-Q074,BIO26-PDF188-L40-S2-Q074,BIO26-L40,أحياء 4,المادة الوراثية,188,188,187,2,74,BIO26-M26,BIO26-S26-03,,,NOT_STARTED,NOT_RUN,ONE_QUESTION_ONE_IMAGE_ONE_CODE; exclude number/year/stars/badge/next-question/header; preserve full biological figure/labels/arrows/table/options
TAH-BIO-BIO26-L40-Q075,BIO26-PDF188-L40-S2-Q075,BIO26-L40,أحياء 4,المادة الوراثية,188,188,187,2,75,BIO26-M26,BIO26-S26-03,,,NOT_STARTED,NOT_RUN,ONE_QUESTION_ONE_IMAGE_ONE_CODE; exclude number/year/stars/badge/next-question/header; preserve full biological figure/labels/arrows/table/options
TAH-BIO-BIO26-L40-Q076,BIO26-PDF189-L40-S2-Q076,BIO26-L40,أحياء 4,المادة الوراثية,189,189,188,2,76,BIO26-M26,BIO26-S26-03,,,NOT_STARTED,NOT_RUN,ONE_QUESTION_ONE_IMAGE_ONE_CODE; exclude number/year/stars/badge/next-question/header; preserve full biological figure/labels/arrows/table/options
TAH-BIO-BIO26-L40-Q077,BIO26-PDF189-L40-S2-Q077,BIO26-L40,أحياء 4,المادة الوراثية,189,189,188,2,77,BIO26-M26,BIO26-S26-03,,,NOT_STARTED,NOT_RUN,ONE_QUESTION_ONE_IMAGE_ONE_CODE; exclude number/year/stars/badge/next-question/header; preserve full biological figure/labels/arrows/table/options
TAH-BIO-BIO26-L40-Q078,BIO26-PDF189-L40-S2-Q078,BIO26-L40,أحياء 4,المادة الوراثية,189,189,188,2,78,BIO26-M26,BIO26-S26-03,,,NOT_STARTED,NOT_RUN,ONE_QUESTION_ONE_IMAGE_ONE_CODE; exclude number/year/stars/badge/next-question/header; preserve full biological figure/labels/arrows/table/options
TAH-BIO-BIO26-L40-Q079,BIO26-PDF189-L40-S2-Q079,BIO26-L40,أحياء 4,المادة الوراثية,189,189,188,2,79,BIO26-M26,BIO26-S26-03,,,NOT_STARTED,NOT_RUN,ONE_QUESTION_ONE_IMAGE_ONE_CODE; exclude number/year/stars/badge/next-question/header; preserve full biological figure/labels/arrows/table/options
TAH-BIO-BIO26-L40-Q080,BIO26-PDF189-L40-S2-Q080,BIO26-L40,أحياء 4,المادة الوراثية,189,189,188,2,80,BIO26-M26,BIO26-S26-03,,,NOT_STARTED,NOT_RUN,ONE_QUESTION_ONE_IMAGE_ONE_CODE; exclude number/year/stars/badge/next-question/header; preserve full biological figure/labels/arrows/table/options
TAH-BIO-BIO26-L40-Q081,BIO26-PDF189-L40-S2-Q081,BIO26-L40,أحياء 4,المادة الوراثية,189,189,188,2,81,BIO26-M26,BIO26-S26-03,,,NOT_STARTED,NOT_RUN,ONE_QUESTION_ONE_IMAGE_ONE_CODE; exclude number/year/stars/badge/next-question/header; preserve full biological figure/labels/arrows/table/options
TAH-BIO-BIO26-L40-Q082,BIO26-PDF189-L40-S2-Q082,BIO26-L40,أحياء 4,المادة الوراثية,189,189,188,2,82,BIO26-M26,BIO26-S26-03,,,NOT_STARTED,NOT_RUN,ONE_QUESTION_ONE_IMAGE_ONE_CODE; exclude number/year/stars/badge/next-question/header; preserve full biological figure/labels/arrows/table/options
TAH-BIO-BIO26-L40-Q083,BIO26-PDF189-L40-S2-Q083,BIO26-L40,أحياء 4,المادة الوراثية,189,189,188,2,83,BIO26-M26,BIO26-S26-03,,,NOT_STARTED,NOT_RUN,ONE_QUESTION_ONE_IMAGE_ONE_CODE; exclude number/year/stars/badge/next-question/header; preserve full biological figure/labels/arrows/table/options
TAH-BIO-BIO26-L40-Q084,BIO26-PDF189-L40-S2-Q084,BIO26-L40,أحياء 4,المادة الوراثية,189,189,188,2,84,BIO26-M26,BIO26-S26-03,,,NOT_STARTED,NOT_RUN,ONE_QUESTION_ONE_IMAGE_ONE_CODE; exclude number/year/stars/badge/next-question/header; preserve full biological figure/labels/arrows/table/options
TAH-BIO-BIO26-L40-Q085,BIO26-PDF189-L40-S2-Q085,BIO26-L40,أحياء 4,المادة الوراثية,189,189,188,2,85,BIO26-M26,BIO26-S26-03,,,NOT_STARTED,NOT_RUN,ONE_QUESTION_ONE_IMAGE_ONE_CODE; exclude number/year/stars/badge/next-question/header; preserve full biological figure/labels/arrows/table/options
TAH-BIO-BIO26-L40-Q086,BIO26-PDF189-L40-S2-Q086,BIO26-L40,أحياء 4,المادة الوراثية,189,189,188,2,86,BIO26-M26,BIO26-S26-03,,,NOT_STARTED,NOT_RUN,ONE_QUESTION_ONE_IMAGE_ONE_CODE; exclude number/year/stars/badge/next-question/header; preserve full biological figure/labels/arrows/table/options
TAH-BIO-BIO26-L40-Q087,BIO26-PDF189-L40-S2-Q087,BIO26-L40,أحياء 4,المادة الوراثية,189,189,188,2,87,BIO26-M26,BIO26-S26-03,,,NOT_STARTED,NOT_RUN,ONE_QUESTION_ONE_IMAGE_ONE_CODE; exclude number/year/stars/badge/next-question/header; preserve full biological figure/labels/arrows/table/options
TAH-BIO-BIO26-L40-Q088,BIO26-PDF189-L40-S2-Q088,BIO26-L40,أحياء 4,المادة الوراثية,189,189,188,2,88,BIO26-M26,BIO26-S26-03,,,NOT_STARTED,NOT_RUN,ONE_QUESTION_ONE_IMAGE_ONE_CODE; exclude number/year/stars/badge/next-question/header; preserve full biological figure/labels/arrows/table/options
TAH-BIO-BIO26-L40-Q089,BIO26-PDF189-L40-S2-Q089,BIO26-L40,أحياء 4,المادة الوراثية,189,189,188,2,89,BIO26-M26,BIO26-S26-04,,,NOT_STARTED,NOT_RUN,ONE_QUESTION_ONE_IMAGE_ONE_CODE; exclude number/year/stars/badge/next-question/header; preserve full biological figure/labels/arrows/table/options
TAH-BIO-BIO26-L40-Q090,BIO26-PDF189-L40-S2-Q090,BIO26-L40,أحياء 4,المادة الوراثية,189,189,188,2,90,BIO26-M26,BIO26-S26-04,,,NOT_STARTED,NOT_RUN,ONE_QUESTION_ONE_IMAGE_ONE_CODE; exclude number/year/stars/badge/next-question/header; preserve full biological figure/labels/arrows/table/options
TAH-BIO-BIO26-L40-Q091,BIO26-PDF189-L40-S2-Q091,BIO26-L40,أحياء 4,المادة الوراثية,189,189,188,2,91,BIO26-M26,BIO26-S26-04,,,NOT_STARTED,NOT_RUN,ONE_QUESTION_ONE_IMAGE_ONE_CODE; exclude number/year/stars/badge/next-question/header; preserve full biological figure/labels/arrows/table/options
TAH-BIO-BIO26-L40-Q092,BIO26-PDF189-L40-S2-Q092,BIO26-L40,أحياء 4,المادة الوراثية,189,189,188,2,92,BIO26-M26,BIO26-S26-04,,,NOT_STARTED,NOT_RUN,ONE_QUESTION_ONE_IMAGE_ONE_CODE; exclude number/year/stars/badge/next-question/header; preserve full biological figure/labels/arrows/table/options
TAH-BIO-BIO26-L40-Q093,BIO26-PDF189-L40-S2-Q093,BIO26-L40,أحياء 4,المادة الوراثية,189,189,188,2,93,BIO26-M26,BIO26-S26-04,,,NOT_STARTED,NOT_RUN,ONE_QUESTION_ONE_IMAGE_ONE_CODE; exclude number/year/stars/badge/next-question/header; preserve full biological figure/labels/arrows/table/options
TAH-BIO-BIO26-L40-Q094,BIO26-PDF190-L40-S2-Q094,BIO26-L40,أحياء 4,المادة الوراثية,190,190,189,2,94,BIO26-M26,BIO26-S26-04,,,NOT_STARTED,NOT_RUN,ONE_QUESTION_ONE_IMAGE_ONE_CODE; exclude number/year/stars/badge/next-question/header; preserve full biological figure/labels/arrows/table/options
TAH-BIO-BIO26-L40-Q095,BIO26-PDF190-L40-S2-Q095,BIO26-L40,أحياء 4,المادة الوراثية,190,190,189,2,95,BIO26-M26,BIO26-S26-04,,,NOT_STARTED,NOT_RUN,ONE_QUESTION_ONE_IMAGE_ONE_CODE; exclude number/year/stars/badge/next-question/header; preserve full biological figure/labels/arrows/table/options
TAH-BIO-BIO26-L40-Q096,BIO26-PDF190-L40-S2-Q096,BIO26-L40,أحياء 4,المادة الوراثية,190,190,189,2,96,BIO26-M26,BIO26-S26-04,,,NOT_STARTED,NOT_RUN,ONE_QUESTION_ONE_IMAGE_ONE_CODE; exclude number/year/stars/badge/next-question/header; preserve full biological figure/labels/arrows/table/options
TAH-BIO-BIO26-L40-Q097,BIO26-PDF190-L40-S2-Q097,BIO26-L40,أحياء 4,المادة الوراثية,190,190,189,2,97,BIO26-M26,BIO26-S26-04,,,NOT_STARTED,NOT_RUN,ONE_QUESTION_ONE_IMAGE_ONE_CODE; exclude number/year/stars/badge/next-question/header; preserve full biological figure/labels/arrows/table/options
TAH-BIO-BIO26-L40-Q098,BIO26-PDF190-L40-S2-Q098,BIO26-L40,أحياء 4,المادة الوراثية,190,190,189,2,98,BIO26-M26,BIO26-S26-04,,,NOT_STARTED,NOT_RUN,ONE_QUESTION_ONE_IMAGE_ONE_CODE; exclude number/year/stars/badge/next-question/header; preserve full biological figure/labels/arrows/table/options
TAH-BIO-BIO26-L40-Q099,BIO26-PDF190-L40-S2-Q099,BIO26-L40,أحياء 4,المادة الوراثية,190,190,189,2,99,BIO26-M26,BIO26-S26-04,,,NOT_STARTED,NOT_RUN,ONE_QUESTION_ONE_IMAGE_ONE_CODE; exclude number/year/stars/badge/next-question/header; preserve full biological figure/labels/arrows/table/options
TAH-BIO-BIO26-L40-Q100,BIO26-PDF190-L40-S2-Q100,BIO26-L40,أحياء 4,المادة الوراثية,190,190,189,2,100,BIO26-M26,BIO26-S26-04,,,NOT_STARTED,NOT_RUN,ONE_QUESTION_ONE_IMAGE_ONE_CODE; exclude number/year/stars/badge/next-question/header; preserve full biological figure/labels/arrows/table/options
TAH-BIO-BIO26-L40-Q101,BIO26-PDF190-L40-S2-Q101,BIO26-L40,أحياء 4,المادة الوراثية,190,190,189,2,101,BIO26-M26,BIO26-S26-04,,,NOT_STARTED,NOT_RUN,ONE_QUESTION_ONE_IMAGE_ONE_CODE; exclude number/year/stars/badge/next-question/header; preserve full biological figure/labels/arrows/table/options
TAH-BIO-BIO26-L40-Q102,BIO26-PDF190-L40-S2-Q102,BIO26-L40,أحياء 4,المادة الوراثية,190,190,189,2,102,BIO26-M26,BIO26-S26-04,,,NOT_STARTED,NOT_RUN,ONE_QUESTION_ONE_IMAGE_ONE_CODE; exclude number/year/stars/badge/next-question/header; preserve full biological figure/labels/arrows/table/options
TAH-BIO-BIO26-L40-Q103,BIO26-PDF190-L40-S2-Q103,BIO26-L40,أحياء 4,المادة الوراثية,190,190,189,2,103,BIO26-M26,BIO26-S26-04,,,NOT_STARTED,NOT_RUN,ONE_QUESTION_ONE_IMAGE_ONE_CODE; exclude number/year/stars/badge/next-question/header; preserve full biological figure/labels/arrows/table/options
TAH-BIO-BIO26-L41-Q001,BIO26-PDF192-L41-S1-Q001,BIO26-L41,علم البيئة,المخلوقات الحية وعلاقاتها المتبادلة,192,192,191,1,1,BIO26-M27,BIO26-S27-01,,,NOT_STARTED,NOT_RUN,ONE_QUESTION_ONE_IMAGE_ONE_CODE; exclude number/year/stars/badge/next-question/header; preserve full biological figure/labels/arrows/table/options
TAH-BIO-BIO26-L41-Q002,BIO26-PDF192-L41-S1-Q002,BIO26-L41,علم البيئة,المخلوقات الحية وعلاقاتها المتبادلة,192,192,191,1,2,BIO26-M27,BIO26-S27-01,,,NOT_STARTED,NOT_RUN,ONE_QUESTION_ONE_IMAGE_ONE_CODE; exclude number/year/stars/badge/next-question/header; preserve full biological figure/labels/arrows/table/options
TAH-BIO-BIO26-L41-Q003,BIO26-PDF192-L41-S1-Q003,BIO26-L41,علم البيئة,المخلوقات الحية وعلاقاتها المتبادلة,192,192,191,1,3,BIO26-M27,BIO26-S27-01,,,NOT_STARTED,NOT_RUN,ONE_QUESTION_ONE_IMAGE_ONE_CODE; exclude number/year/stars/badge/next-question/header; preserve full biological figure/labels/arrows/table/options
TAH-BIO-BIO26-L41-Q004,BIO26-PDF192-L41-S1-Q004,BIO26-L41,علم البيئة,المخلوقات الحية وعلاقاتها المتبادلة,192,192,191,1,4,BIO26-M27,BIO26-S27-01,,,NOT_STARTED,NOT_RUN,ONE_QUESTION_ONE_IMAGE_ONE_CODE; exclude number/year/stars/badge/next-question/header; preserve full biological figure/labels/arrows/table/options
TAH-BIO-BIO26-L41-Q005,BIO26-PDF192-L41-S1-Q005,BIO26-L41,علم البيئة,المخلوقات الحية وعلاقاتها المتبادلة,192,192,191,1,5,BIO26-M27,BIO26-S27-01,,,NOT_STARTED,NOT_RUN,ONE_QUESTION_ONE_IMAGE_ONE_CODE; exclude number/year/stars/badge/next-question/header; preserve full biological figure/labels/arrows/table/options
TAH-BIO-BIO26-L41-Q006,BIO26-PDF192-L41-S1-Q006,BIO26-L41,علم البيئة,المخلوقات الحية وعلاقاتها المتبادلة,192,192,191,1,6,BIO26-M27,BIO26-S27-01,,,NOT_STARTED,NOT_RUN,ONE_QUESTION_ONE_IMAGE_ONE_CODE; exclude number/year/stars/badge/next-question/header; preserve full biological figure/labels/arrows/table/options
TAH-BIO-BIO26-L41-Q007,BIO26-PDF192-L41-S1-Q007,BIO26-L41,علم البيئة,المخلوقات الحية وعلاقاتها المتبادلة,192,192,191,1,7,BIO26-M27,BIO26-S27-01,,,NOT_STARTED,NOT_RUN,ONE_QUESTION_ONE_IMAGE_ONE_CODE; exclude number/year/stars/badge/next-question/header; preserve full biological figure/labels/arrows/table/options
TAH-BIO-BIO26-L41-Q008,BIO26-PDF192-L41-S1-Q008,BIO26-L41,علم البيئة,المخلوقات الحية وعلاقاتها المتبادلة,192,192,191,1,8,BIO26-M27,BIO26-S27-01,,,NOT_STARTED,NOT_RUN,ONE_QUESTION_ONE_IMAGE_ONE_CODE; exclude number/year/stars/badge/next-question/header; preserve full biological figure/labels/arrows/table/options
TAH-BIO-BIO26-L41-Q009,BIO26-PDF192-L41-S1-Q009,BIO26-L41,علم البيئة,المخلوقات الحية وعلاقاتها المتبادلة,192,192,191,1,9,BIO26-M27,BIO26-S27-01,,,NOT_STARTED,NOT_RUN,ONE_QUESTION_ONE_IMAGE_ONE_CODE; exclude number/year/stars/badge/next-question/header; preserve full biological figure/labels/arrows/table/options
TAH-BIO-BIO26-L41-Q010,BIO26-PDF192-L41-S1-Q010,BIO26-L41,علم البيئة,المخلوقات الحية وعلاقاتها المتبادلة,192,192,191,1,10,BIO26-M27,BIO26-S27-01,,,NOT_STARTED,NOT_RUN,ONE_QUESTION_ONE_IMAGE_ONE_CODE; exclude number/year/stars/badge/next-question/header; preserve full biological figure/labels/arrows/table/options
TAH-BIO-BIO26-L41-Q011,BIO26-PDF192-L41-S1-Q011,BIO26-L41,علم البيئة,المخلوقات الحية وعلاقاتها المتبادلة,192,192,191,1,11,BIO26-M27,BIO26-S27-01,,,NOT_STARTED,NOT_RUN,ONE_QUESTION_ONE_IMAGE_ONE_CODE; exclude number/year/stars/badge/next-question/header; preserve full biological figure/labels/arrows/table/options
TAH-BIO-BIO26-L41-Q012,BIO26-PDF192-L41-S1-Q012,BIO26-L41,علم البيئة,المخلوقات الحية وعلاقاتها المتبادلة,192,192,191,1,12,BIO26-M27,BIO26-S27-01,,,NOT_STARTED,NOT_RUN,ONE_QUESTION_ONE_IMAGE_ONE_CODE; exclude number/year/stars/badge/next-question/header; preserve full biological figure/labels/arrows/table/options
TAH-BIO-BIO26-L41-Q013,BIO26-PDF192-L41-S1-Q013,BIO26-L41,علم البيئة,المخلوقات الحية وعلاقاتها المتبادلة,192,192,191,1,13,BIO26-M27,BIO26-S27-01,,,NOT_STARTED,NOT_RUN,ONE_QUESTION_ONE_IMAGE_ONE_CODE; exclude number/year/stars/badge/next-question/header; preserve full biological figure/labels/arrows/table/options
TAH-BIO-BIO26-L41-Q014,BIO26-PDF192-L41-S1-Q014,BIO26-L41,علم البيئة,المخلوقات الحية وعلاقاتها المتبادلة,192,192,191,1,14,BIO26-M27,BIO26-S27-01,,,NOT_STARTED,NOT_RUN,ONE_QUESTION_ONE_IMAGE_ONE_CODE; exclude number/year/stars/badge/next-question/header; preserve full biological figure/labels/arrows/table/options
TAH-BIO-BIO26-L41-Q015,BIO26-PDF192-L41-S1-Q015,BIO26-L41,علم البيئة,المخلوقات الحية وعلاقاتها المتبادلة,192,192,191,1,15,BIO26-M27,BIO26-S27-01,,,NOT_STARTED,NOT_RUN,ONE_QUESTION_ONE_IMAGE_ONE_CODE; exclude number/year/stars/badge/next-question/header; preserve full biological figure/labels/arrows/table/options
TAH-BIO-BIO26-L41-Q016,BIO26-PDF192-L41-S1-Q016,BIO26-L41,علم البيئة,المخلوقات الحية وعلاقاتها المتبادلة,192,192,191,1,16,BIO26-M27,BIO26-S27-01,,,NOT_STARTED,NOT_RUN,ONE_QUESTION_ONE_IMAGE_ONE_CODE; exclude number/year/stars/badge/next-question/header; preserve full biological figure/labels/arrows/table/options
TAH-BIO-BIO26-L41-Q017,BIO26-PDF193-L41-S1-Q017,BIO26-L41,علم البيئة,المخلوقات الحية وعلاقاتها المتبادلة,193,193,192,1,17,BIO26-M27,BIO26-S27-01,,,NOT_STARTED,NOT_RUN,ONE_QUESTION_ONE_IMAGE_ONE_CODE; exclude number/year/stars/badge/next-question/header; preserve full biological figure/labels/arrows/table/options
TAH-BIO-BIO26-L41-Q018,BIO26-PDF193-L41-S1-Q018,BIO26-L41,علم البيئة,المخلوقات الحية وعلاقاتها المتبادلة,193,193,192,1,18,BIO26-M27,BIO26-S27-01,,,NOT_STARTED,NOT_RUN,ONE_QUESTION_ONE_IMAGE_ONE_CODE; exclude number/year/stars/badge/next-question/header; preserve full biological figure/labels/arrows/table/options
TAH-BIO-BIO26-L41-Q019,BIO26-PDF193-L41-S1-Q019,BIO26-L41,علم البيئة,المخلوقات الحية وعلاقاتها المتبادلة,193,193,192,1,19,BIO26-M27,BIO26-S27-01,,,NOT_STARTED,NOT_RUN,ONE_QUESTION_ONE_IMAGE_ONE_CODE; exclude number/year/stars/badge/next-question/header; preserve full biological figure/labels/arrows/table/options
TAH-BIO-BIO26-L41-Q020,BIO26-PDF193-L41-S1-Q020,BIO26-L41,علم البيئة,المخلوقات الحية وعلاقاتها المتبادلة,193,193,192,1,20,BIO26-M27,BIO26-S27-01,,,NOT_STARTED,NOT_RUN,ONE_QUESTION_ONE_IMAGE_ONE_CODE; exclude number/year/stars/badge/next-question/header; preserve full biological figure/labels/arrows/table/options
TAH-BIO-BIO26-L41-Q021,BIO26-PDF193-L41-S1-Q021,BIO26-L41,علم البيئة,المخلوقات الحية وعلاقاتها المتبادلة,193,193,192,1,21,BIO26-M27,BIO26-S27-01,,,NOT_STARTED,NOT_RUN,ONE_QUESTION_ONE_IMAGE_ONE_CODE; exclude number/year/stars/badge/next-question/header; preserve full biological figure/labels/arrows/table/options
TAH-BIO-BIO26-L41-Q022,BIO26-PDF193-L41-S1-Q022,BIO26-L41,علم البيئة,المخلوقات الحية وعلاقاتها المتبادلة,193,193,192,1,22,BIO26-M27,BIO26-S27-01,,,NOT_STARTED,NOT_RUN,ONE_QUESTION_ONE_IMAGE_ONE_CODE; exclude number/year/stars/badge/next-question/header; preserve full biological figure/labels/arrows/table/options
TAH-BIO-BIO26-L41-Q023,BIO26-PDF193-L41-S1-Q023,BIO26-L41,علم البيئة,المخلوقات الحية وعلاقاتها المتبادلة,193,193,192,1,23,BIO26-M27,BIO26-S27-01,,,NOT_STARTED,NOT_RUN,ONE_QUESTION_ONE_IMAGE_ONE_CODE; exclude number/year/stars/badge/next-question/header; preserve full biological figure/labels/arrows/table/options
TAH-BIO-BIO26-L41-Q024,BIO26-PDF193-L41-S1-Q024,BIO26-L41,علم البيئة,المخلوقات الحية وعلاقاتها المتبادلة,193,193,192,1,24,BIO26-M27,BIO26-S27-01,,,NOT_STARTED,NOT_RUN,ONE_QUESTION_ONE_IMAGE_ONE_CODE; exclude number/year/stars/badge/next-question/header; preserve full biological figure/labels/arrows/table/options
TAH-BIO-BIO26-L41-Q025,BIO26-PDF193-L41-S1-Q025,BIO26-L41,علم البيئة,المخلوقات الحية وعلاقاتها المتبادلة,193,193,192,1,25,BIO26-M27,BIO26-S27-01,,,NOT_STARTED,NOT_RUN,ONE_QUESTION_ONE_IMAGE_ONE_CODE; exclude number/year/stars/badge/next-question/header; preserve full biological figure/labels/arrows/table/options
TAH-BIO-BIO26-L41-Q026,BIO26-PDF193-L41-S1-Q026,BIO26-L41,علم البيئة,المخلوقات الحية وعلاقاتها المتبادلة,193,193,192,1,26,BIO26-M27,BIO26-S27-01,,,NOT_STARTED,NOT_RUN,ONE_QUESTION_ONE_IMAGE_ONE_CODE; exclude number/year/stars/badge/next-question/header; preserve full biological figure/labels/arrows/table/options
TAH-BIO-BIO26-L41-Q027,BIO26-PDF193-L41-S1-Q027,BIO26-L41,علم البيئة,المخلوقات الحية وعلاقاتها المتبادلة,193,193,192,1,27,BIO26-M27,BIO26-S27-01,,,NOT_STARTED,NOT_RUN,ONE_QUESTION_ONE_IMAGE_ONE_CODE; exclude number/year/stars/badge/next-question/header; preserve full biological figure/labels/arrows/table/options
TAH-BIO-BIO26-L41-Q028,BIO26-PDF193-L41-S1-Q028,BIO26-L41,علم البيئة,المخلوقات الحية وعلاقاتها المتبادلة,193,193,192,1,28,BIO26-M27,BIO26-S27-01,,,NOT_STARTED,NOT_RUN,ONE_QUESTION_ONE_IMAGE_ONE_CODE; exclude number/year/stars/badge/next-question/header; preserve full biological figure/labels/arrows/table/options
TAH-BIO-BIO26-L41-Q029,BIO26-PDF193-L41-S1-Q029,BIO26-L41,علم البيئة,المخلوقات الحية وعلاقاتها المتبادلة,193,193,192,1,29,BIO26-M27,BIO26-S27-01,,,NOT_STARTED,NOT_RUN,ONE_QUESTION_ONE_IMAGE_ONE_CODE; exclude number/year/stars/badge/next-question/header; preserve full biological figure/labels/arrows/table/options
TAH-BIO-BIO26-L41-Q030,BIO26-PDF193-L41-S1-Q030,BIO26-L41,علم البيئة,المخلوقات الحية وعلاقاتها المتبادلة,193,193,192,1,30,BIO26-M27,BIO26-S27-01,,,NOT_STARTED,NOT_RUN,ONE_QUESTION_ONE_IMAGE_ONE_CODE; exclude number/year/stars/badge/next-question/header; preserve full biological figure/labels/arrows/table/options
TAH-BIO-BIO26-L41-Q031,BIO26-PDF193-L41-S1-Q031,BIO26-L41,علم البيئة,المخلوقات الحية وعلاقاتها المتبادلة,193,193,192,1,31,BIO26-M27,BIO26-S27-01,,,NOT_STARTED,NOT_RUN,ONE_QUESTION_ONE_IMAGE_ONE_CODE; exclude number/year/stars/badge/next-question/header; preserve full biological figure/labels/arrows/table/options
TAH-BIO-BIO26-L41-Q032,BIO26-PDF193-L41-S1-Q032,BIO26-L41,علم البيئة,المخلوقات الحية وعلاقاتها المتبادلة,193,193,192,1,32,BIO26-M27,BIO26-S27-01,,,NOT_STARTED,NOT_RUN,ONE_QUESTION_ONE_IMAGE_ONE_CODE; exclude number/year/stars/badge/next-question/header; preserve full biological figure/labels/arrows/table/options
TAH-BIO-BIO26-L41-Q033,BIO26-PDF193-L41-S1-Q033,BIO26-L41,علم البيئة,المخلوقات الحية وعلاقاتها المتبادلة,193,193,192,1,33,BIO26-M27,BIO26-S27-01,,,NOT_STARTED,NOT_RUN,ONE_QUESTION_ONE_IMAGE_ONE_CODE; exclude number/year/stars/badge/next-question/header; preserve full biological figure/labels/arrows/table/options
TAH-BIO-BIO26-L41-Q034,BIO26-PDF193-L41-S1-Q034,BIO26-L41,علم البيئة,المخلوقات الحية وعلاقاتها المتبادلة,193,193,192,1,34,BIO26-M27,BIO26-S27-01,,,NOT_STARTED,NOT_RUN,ONE_QUESTION_ONE_IMAGE_ONE_CODE; exclude number/year/stars/badge/next-question/header; preserve full biological figure/labels/arrows/table/options
TAH-BIO-BIO26-L41-Q035,BIO26-PDF193-L41-S1-Q035,BIO26-L41,علم البيئة,المخلوقات الحية وعلاقاتها المتبادلة,193,193,192,1,35,BIO26-M27,BIO26-S27-01,,,NOT_STARTED,NOT_RUN,ONE_QUESTION_ONE_IMAGE_ONE_CODE; exclude number/year/stars/badge/next-question/header; preserve full biological figure/labels/arrows/table/options
TAH-BIO-BIO26-L41-Q036,BIO26-PDF193-L41-S1-Q036,BIO26-L41,علم البيئة,المخلوقات الحية وعلاقاتها المتبادلة,193,193,192,1,36,BIO26-M27,BIO26-S27-01,,,NOT_STARTED,NOT_RUN,ONE_QUESTION_ONE_IMAGE_ONE_CODE; exclude number/year/stars/badge/next-question/header; preserve full biological figure/labels/arrows/table/options
TAH-BIO-BIO26-L41-Q037,BIO26-PDF194-L41-S1-Q037,BIO26-L41,علم البيئة,المخلوقات الحية وعلاقاتها المتبادلة,194,194,193,1,37,BIO26-M27,BIO26-S27-01,,,NOT_STARTED,NOT_RUN,ONE_QUESTION_ONE_IMAGE_ONE_CODE; exclude number/year/stars/badge/next-question/header; preserve full biological figure/labels/arrows/table/options
TAH-BIO-BIO26-L41-Q038,BIO26-PDF194-L41-S1-Q038,BIO26-L41,علم البيئة,المخلوقات الحية وعلاقاتها المتبادلة,194,194,193,1,38,BIO26-M27,BIO26-S27-01,,,NOT_STARTED,NOT_RUN,ONE_QUESTION_ONE_IMAGE_ONE_CODE; exclude number/year/stars/badge/next-question/header; preserve full biological figure/labels/arrows/table/options
TAH-BIO-BIO26-L41-Q039,BIO26-PDF194-L41-S1-Q039,BIO26-L41,علم البيئة,المخلوقات الحية وعلاقاتها المتبادلة,194,194,193,1,39,BIO26-M27,BIO26-S27-01,,,NOT_STARTED,NOT_RUN,ONE_QUESTION_ONE_IMAGE_ONE_CODE; exclude number/year/stars/badge/next-question/header; preserve full biological figure/labels/arrows/table/options
TAH-BIO-BIO26-L41-Q040,BIO26-PDF194-L41-S1-Q040,BIO26-L41,علم البيئة,المخلوقات الحية وعلاقاتها المتبادلة,194,194,193,1,40,BIO26-M27,BIO26-S27-01,,,NOT_STARTED,NOT_RUN,ONE_QUESTION_ONE_IMAGE_ONE_CODE; exclude number/year/stars/badge/next-question/header; preserve full biological figure/labels/arrows/table/options
TAH-BIO-BIO26-L41-Q041,BIO26-PDF194-L41-S1-Q041,BIO26-L41,علم البيئة,المخلوقات الحية وعلاقاتها المتبادلة,194,194,193,1,41,BIO26-M27,BIO26-S27-01,,,NOT_STARTED,NOT_RUN,ONE_QUESTION_ONE_IMAGE_ONE_CODE; exclude number/year/stars/badge/next-question/header; preserve full biological figure/labels/arrows/table/options
TAH-BIO-BIO26-L41-Q042,BIO26-PDF194-L41-S1-Q042,BIO26-L41,علم البيئة,المخلوقات الحية وعلاقاتها المتبادلة,194,194,193,1,42,BIO26-M27,BIO26-S27-01,,,NOT_STARTED,NOT_RUN,ONE_QUESTION_ONE_IMAGE_ONE_CODE; exclude number/year/stars/badge/next-question/header; preserve full biological figure/labels/arrows/table/options
TAH-BIO-BIO26-L41-Q043,BIO26-PDF194-L41-S1-Q043,BIO26-L41,علم البيئة,المخلوقات الحية وعلاقاتها المتبادلة,194,194,193,1,43,BIO26-M27,BIO26-S27-01,,,NOT_STARTED,NOT_RUN,ONE_QUESTION_ONE_IMAGE_ONE_CODE; exclude number/year/stars/badge/next-question/header; preserve full biological figure/labels/arrows/table/options
TAH-BIO-BIO26-L41-Q044,BIO26-PDF194-L41-S1-Q044,BIO26-L41,علم البيئة,المخلوقات الحية وعلاقاتها المتبادلة,194,194,193,1,44,BIO26-M27,BIO26-S27-01,,,NOT_STARTED,NOT_RUN,ONE_QUESTION_ONE_IMAGE_ONE_CODE; exclude number/year/stars/badge/next-question/header; preserve full biological figure/labels/arrows/table/options
TAH-BIO-BIO26-L41-Q045,BIO26-PDF194-L41-S1-Q045,BIO26-L41,علم البيئة,المخلوقات الحية وعلاقاتها المتبادلة,194,194,193,1,45,BIO26-M27,BIO26-S27-01,,,NOT_STARTED,NOT_RUN,ONE_QUESTION_ONE_IMAGE_ONE_CODE; exclude number/year/stars/badge/next-question/header; preserve full biological figure/labels/arrows/table/options
TAH-BIO-BIO26-L41-Q046,BIO26-PDF194-L41-S1-Q046,BIO26-L41,علم البيئة,المخلوقات الحية وعلاقاتها المتبادلة,194,194,193,1,46,BIO26-M27,BIO26-S27-01,,,NOT_STARTED,NOT_RUN,ONE_QUESTION_ONE_IMAGE_ONE_CODE; exclude number/year/stars/badge/next-question/header; preserve full biological figure/labels/arrows/table/options
TAH-BIO-BIO26-L41-Q047,BIO26-PDF195-L41-S2-Q047,BIO26-L41,علم البيئة,المخلوقات الحية وعلاقاتها المتبادلة,195,195,194,2,47,BIO26-M27,BIO26-S27-01,,,NOT_STARTED,NOT_RUN,ONE_QUESTION_ONE_IMAGE_ONE_CODE; exclude number/year/stars/badge/next-question/header; preserve full biological figure/labels/arrows/table/options
TAH-BIO-BIO26-L41-Q048,BIO26-PDF195-L41-S2-Q048,BIO26-L41,علم البيئة,المخلوقات الحية وعلاقاتها المتبادلة,195,195,194,2,48,BIO26-M27,BIO26-S27-01,,,NOT_STARTED,NOT_RUN,ONE_QUESTION_ONE_IMAGE_ONE_CODE; exclude number/year/stars/badge/next-question/header; preserve full biological figure/labels/arrows/table/options
TAH-BIO-BIO26-L41-Q049,BIO26-PDF195-L41-S2-Q049,BIO26-L41,علم البيئة,المخلوقات الحية وعلاقاتها المتبادلة,195,195,194,2,49,BIO26-M27,BIO26-S27-01,,,NOT_STARTED,NOT_RUN,ONE_QUESTION_ONE_IMAGE_ONE_CODE; exclude number/year/stars/badge/next-question/header; preserve full biological figure/labels/arrows/table/options
TAH-BIO-BIO26-L41-Q050,BIO26-PDF195-L41-S2-Q050,BIO26-L41,علم البيئة,المخلوقات الحية وعلاقاتها المتبادلة,195,195,194,2,50,BIO26-M27,BIO26-S27-01,,,NOT_STARTED,NOT_RUN,ONE_QUESTION_ONE_IMAGE_ONE_CODE; exclude number/year/stars/badge/next-question/header; preserve full biological figure/labels/arrows/table/options
TAH-BIO-BIO26-L41-Q051,BIO26-PDF195-L41-S2-Q051,BIO26-L41,علم البيئة,المخلوقات الحية وعلاقاتها المتبادلة,195,195,194,2,51,BIO26-M27,BIO26-S27-01,,,NOT_STARTED,NOT_RUN,ONE_QUESTION_ONE_IMAGE_ONE_CODE; exclude number/year/stars/badge/next-question/header; preserve full biological figure/labels/arrows/table/options
TAH-BIO-BIO26-L41-Q052,BIO26-PDF195-L41-S2-Q052,BIO26-L41,علم البيئة,المخلوقات الحية وعلاقاتها المتبادلة,195,195,194,2,52,BIO26-M27,BIO26-S27-01,,,NOT_STARTED,NOT_RUN,ONE_QUESTION_ONE_IMAGE_ONE_CODE; exclude number/year/stars/badge/next-question/header; preserve full biological figure/labels/arrows/table/options
TAH-BIO-BIO26-L41-Q053,BIO26-PDF195-L41-S2-Q053,BIO26-L41,علم البيئة,المخلوقات الحية وعلاقاتها المتبادلة,195,195,194,2,53,BIO26-M27,BIO26-S27-01,,,NOT_STARTED,NOT_RUN,ONE_QUESTION_ONE_IMAGE_ONE_CODE; exclude number/year/stars/badge/next-question/header; preserve full biological figure/labels/arrows/table/options
TAH-BIO-BIO26-L41-Q054,BIO26-PDF195-L41-S2-Q054,BIO26-L41,علم البيئة,المخلوقات الحية وعلاقاتها المتبادلة,195,195,194,2,54,BIO26-M27,BIO26-S27-01,,,NOT_STARTED,NOT_RUN,ONE_QUESTION_ONE_IMAGE_ONE_CODE; exclude number/year/stars/badge/next-question/header; preserve full biological figure/labels/arrows/table/options
TAH-BIO-BIO26-L41-Q055,BIO26-PDF195-L41-S2-Q055,BIO26-L41,علم البيئة,المخلوقات الحية وعلاقاتها المتبادلة,195,195,194,2,55,BIO26-M27,BIO26-S27-01,,,NOT_STARTED,NOT_RUN,ONE_QUESTION_ONE_IMAGE_ONE_CODE; exclude number/year/stars/badge/next-question/header; preserve full biological figure/labels/arrows/table/options
TAH-BIO-BIO26-L41-Q056,BIO26-PDF195-L41-S2-Q056,BIO26-L41,علم البيئة,المخلوقات الحية وعلاقاتها المتبادلة,195,195,194,2,56,BIO26-M27,BIO26-S27-01,,,NOT_STARTED,NOT_RUN,ONE_QUESTION_ONE_IMAGE_ONE_CODE; exclude number/year/stars/badge/next-question/header; preserve full biological figure/labels/arrows/table/options
TAH-BIO-BIO26-L41-Q057,BIO26-PDF195-L41-S2-Q057,BIO26-L41,علم البيئة,المخلوقات الحية وعلاقاتها المتبادلة,195,195,194,2,57,BIO26-M27,BIO26-S27-01,,,NOT_STARTED,NOT_RUN,ONE_QUESTION_ONE_IMAGE_ONE_CODE; exclude number/year/stars/badge/next-question/header; preserve full biological figure/labels/arrows/table/options
TAH-BIO-BIO26-L41-Q058,BIO26-PDF195-L41-S2-Q058,BIO26-L41,علم البيئة,المخلوقات الحية وعلاقاتها المتبادلة,195,195,194,2,58,BIO26-M27,BIO26-S27-01,,,NOT_STARTED,NOT_RUN,ONE_QUESTION_ONE_IMAGE_ONE_CODE; exclude number/year/stars/badge/next-question/header; preserve full biological figure/labels/arrows/table/options
TAH-BIO-BIO26-L41-Q059,BIO26-PDF195-L41-S2-Q059,BIO26-L41,علم البيئة,المخلوقات الحية وعلاقاتها المتبادلة,195,195,194,2,59,BIO26-M27,BIO26-S27-01,,,NOT_STARTED,NOT_RUN,ONE_QUESTION_ONE_IMAGE_ONE_CODE; exclude number/year/stars/badge/next-question/header; preserve full biological figure/labels/arrows/table/options
TAH-BIO-BIO26-L41-Q060,BIO26-PDF195-L41-S2-Q060,BIO26-L41,علم البيئة,المخلوقات الحية وعلاقاتها المتبادلة,195,195,194,2,60,BIO26-M27,BIO26-S27-01,,,NOT_STARTED,NOT_RUN,ONE_QUESTION_ONE_IMAGE_ONE_CODE; exclude number/year/stars/badge/next-question/header; preserve full biological figure/labels/arrows/table/options
TAH-BIO-BIO26-L41-Q061,BIO26-PDF195-L41-S2-Q061,BIO26-L41,علم البيئة,المخلوقات الحية وعلاقاتها المتبادلة,195,195,194,2,61,BIO26-M27,BIO26-S27-01,,,NOT_STARTED,NOT_RUN,ONE_QUESTION_ONE_IMAGE_ONE_CODE; exclude number/year/stars/badge/next-question/header; preserve full biological figure/labels/arrows/table/options
TAH-BIO-BIO26-L42-Q001,BIO26-PDF196-L42-S1-Q001,BIO26-L42,علم البيئة,انتقال الطاقة في النظام البيئي,196,196,195,1,1,BIO26-M27,BIO26-S27-02,,,NOT_STARTED,NOT_RUN,ONE_QUESTION_ONE_IMAGE_ONE_CODE; exclude number/year/stars/badge/next-question/header; preserve full biological figure/labels/arrows/table/options
TAH-BIO-BIO26-L42-Q002,BIO26-PDF196-L42-S1-Q002,BIO26-L42,علم البيئة,انتقال الطاقة في النظام البيئي,196,196,195,1,2,BIO26-M27,BIO26-S27-02,,,NOT_STARTED,NOT_RUN,ONE_QUESTION_ONE_IMAGE_ONE_CODE; exclude number/year/stars/badge/next-question/header; preserve full biological figure/labels/arrows/table/options
TAH-BIO-BIO26-L42-Q003,BIO26-PDF196-L42-S1-Q003,BIO26-L42,علم البيئة,انتقال الطاقة في النظام البيئي,196,196,195,1,3,BIO26-M27,BIO26-S27-02,,,NOT_STARTED,NOT_RUN,ONE_QUESTION_ONE_IMAGE_ONE_CODE; exclude number/year/stars/badge/next-question/header; preserve full biological figure/labels/arrows/table/options
TAH-BIO-BIO26-L42-Q004,BIO26-PDF196-L42-S1-Q004,BIO26-L42,علم البيئة,انتقال الطاقة في النظام البيئي,196,196,195,1,4,BIO26-M27,BIO26-S27-02,,,NOT_STARTED,NOT_RUN,ONE_QUESTION_ONE_IMAGE_ONE_CODE; exclude number/year/stars/badge/next-question/header; preserve full biological figure/labels/arrows/table/options
TAH-BIO-BIO26-L42-Q005,BIO26-PDF196-L42-S1-Q005,BIO26-L42,علم البيئة,انتقال الطاقة في النظام البيئي,196,196,195,1,5,BIO26-M27,BIO26-S27-02,,,NOT_STARTED,NOT_RUN,ONE_QUESTION_ONE_IMAGE_ONE_CODE; exclude number/year/stars/badge/next-question/header; preserve full biological figure/labels/arrows/table/options
TAH-BIO-BIO26-L42-Q006,BIO26-PDF196-L42-S1-Q006,BIO26-L42,علم البيئة,انتقال الطاقة في النظام البيئي,196,196,195,1,6,BIO26-M27,BIO26-S27-02,,,NOT_STARTED,NOT_RUN,ONE_QUESTION_ONE_IMAGE_ONE_CODE; exclude number/year/stars/badge/next-question/header; preserve full biological figure/labels/arrows/table/options
TAH-BIO-BIO26-L42-Q007,BIO26-PDF196-L42-S1-Q007,BIO26-L42,علم البيئة,انتقال الطاقة في النظام البيئي,196,196,195,1,7,BIO26-M27,BIO26-S27-02,,,NOT_STARTED,NOT_RUN,ONE_QUESTION_ONE_IMAGE_ONE_CODE; exclude number/year/stars/badge/next-question/header; preserve full biological figure/labels/arrows/table/options
TAH-BIO-BIO26-L42-Q008,BIO26-PDF196-L42-S1-Q008,BIO26-L42,علم البيئة,انتقال الطاقة في النظام البيئي,196,196,195,1,8,BIO26-M27,BIO26-S27-02,,,NOT_STARTED,NOT_RUN,ONE_QUESTION_ONE_IMAGE_ONE_CODE; exclude number/year/stars/badge/next-question/header; preserve full biological figure/labels/arrows/table/options
TAH-BIO-BIO26-L42-Q009,BIO26-PDF196-L42-S1-Q009,BIO26-L42,علم البيئة,انتقال الطاقة في النظام البيئي,196,196,195,1,9,BIO26-M27,BIO26-S27-02,,,NOT_STARTED,NOT_RUN,ONE_QUESTION_ONE_IMAGE_ONE_CODE; exclude number/year/stars/badge/next-question/header; preserve full biological figure/labels/arrows/table/options
TAH-BIO-BIO26-L42-Q010,BIO26-PDF196-L42-S1-Q010,BIO26-L42,علم البيئة,انتقال الطاقة في النظام البيئي,196,196,195,1,10,BIO26-M27,BIO26-S27-02,,,NOT_STARTED,NOT_RUN,ONE_QUESTION_ONE_IMAGE_ONE_CODE; exclude number/year/stars/badge/next-question/header; preserve full biological figure/labels/arrows/table/options
TAH-BIO-BIO26-L42-Q011,BIO26-PDF196-L42-S1-Q011,BIO26-L42,علم البيئة,انتقال الطاقة في النظام البيئي,196,196,195,1,11,BIO26-M27,BIO26-S27-02,,,NOT_STARTED,NOT_RUN,ONE_QUESTION_ONE_IMAGE_ONE_CODE; exclude number/year/stars/badge/next-question/header; preserve full biological figure/labels/arrows/table/options
TAH-BIO-BIO26-L42-Q012,BIO26-PDF196-L42-S1-Q012,BIO26-L42,علم البيئة,انتقال الطاقة في النظام البيئي,196,196,195,1,12,BIO26-M27,BIO26-S27-02,,,NOT_STARTED,NOT_RUN,ONE_QUESTION_ONE_IMAGE_ONE_CODE; exclude number/year/stars/badge/next-question/header; preserve full biological figure/labels/arrows/table/options
TAH-BIO-BIO26-L42-Q013,BIO26-PDF196-L42-S1-Q013,BIO26-L42,علم البيئة,انتقال الطاقة في النظام البيئي,196,196,195,1,13,BIO26-M27,BIO26-S27-02,,,NOT_STARTED,NOT_RUN,ONE_QUESTION_ONE_IMAGE_ONE_CODE; exclude number/year/stars/badge/next-question/header; preserve full biological figure/labels/arrows/table/options
TAH-BIO-BIO26-L42-Q014,BIO26-PDF196-L42-S1-Q014,BIO26-L42,علم البيئة,انتقال الطاقة في النظام البيئي,196,196,195,1,14,BIO26-M27,BIO26-S27-02,,,NOT_STARTED,NOT_RUN,ONE_QUESTION_ONE_IMAGE_ONE_CODE; exclude number/year/stars/badge/next-question/header; preserve full biological figure/labels/arrows/table/options
TAH-BIO-BIO26-L42-Q015,BIO26-PDF196-L42-S1-Q015,BIO26-L42,علم البيئة,انتقال الطاقة في النظام البيئي,196,196,195,1,15,BIO26-M27,BIO26-S27-02,,,NOT_STARTED,NOT_RUN,ONE_QUESTION_ONE_IMAGE_ONE_CODE; exclude number/year/stars/badge/next-question/header; preserve full biological figure/labels/arrows/table/options
TAH-BIO-BIO26-L42-Q016,BIO26-PDF196-L42-S1-Q016,BIO26-L42,علم البيئة,انتقال الطاقة في النظام البيئي,196,196,195,1,16,BIO26-M27,BIO26-S27-03,,,NOT_STARTED,NOT_RUN,ONE_QUESTION_ONE_IMAGE_ONE_CODE; exclude number/year/stars/badge/next-question/header; preserve full biological figure/labels/arrows/table/options
TAH-BIO-BIO26-L42-Q017,BIO26-PDF196-L42-S1-Q017,BIO26-L42,علم البيئة,انتقال الطاقة في النظام البيئي,196,196,195,1,17,BIO26-M27,BIO26-S27-03,,,NOT_STARTED,NOT_RUN,ONE_QUESTION_ONE_IMAGE_ONE_CODE; exclude number/year/stars/badge/next-question/header; preserve full biological figure/labels/arrows/table/options
TAH-BIO-BIO26-L42-Q018,BIO26-PDF196-L42-S1-Q018,BIO26-L42,علم البيئة,انتقال الطاقة في النظام البيئي,196,196,195,1,18,BIO26-M27,BIO26-S27-03,,,NOT_STARTED,NOT_RUN,ONE_QUESTION_ONE_IMAGE_ONE_CODE; exclude number/year/stars/badge/next-question/header; preserve full biological figure/labels/arrows/table/options
TAH-BIO-BIO26-L42-Q019,BIO26-PDF196-L42-S1-Q019,BIO26-L42,علم البيئة,انتقال الطاقة في النظام البيئي,196,196,195,1,19,BIO26-M27,BIO26-S27-03,,,NOT_STARTED,NOT_RUN,ONE_QUESTION_ONE_IMAGE_ONE_CODE; exclude number/year/stars/badge/next-question/header; preserve full biological figure/labels/arrows/table/options
TAH-BIO-BIO26-L42-Q020,BIO26-PDF197-L42-S1-Q020,BIO26-L42,علم البيئة,انتقال الطاقة في النظام البيئي,197,197,196,1,20,BIO26-M27,BIO26-S27-03,,,NOT_STARTED,NOT_RUN,ONE_QUESTION_ONE_IMAGE_ONE_CODE; exclude number/year/stars/badge/next-question/header; preserve full biological figure/labels/arrows/table/options
TAH-BIO-BIO26-L42-Q021,BIO26-PDF197-L42-S1-Q021,BIO26-L42,علم البيئة,انتقال الطاقة في النظام البيئي,197,197,196,1,21,BIO26-M27,BIO26-S27-03,,,NOT_STARTED,NOT_RUN,ONE_QUESTION_ONE_IMAGE_ONE_CODE; exclude number/year/stars/badge/next-question/header; preserve full biological figure/labels/arrows/table/options
TAH-BIO-BIO26-L42-Q022,BIO26-PDF197-L42-S1-Q022,BIO26-L42,علم البيئة,انتقال الطاقة في النظام البيئي,197,197,196,1,22,BIO26-M27,BIO26-S27-03,,,NOT_STARTED,NOT_RUN,ONE_QUESTION_ONE_IMAGE_ONE_CODE; exclude number/year/stars/badge/next-question/header; preserve full biological figure/labels/arrows/table/options
TAH-BIO-BIO26-L42-Q023,BIO26-PDF197-L42-S1-Q023,BIO26-L42,علم البيئة,انتقال الطاقة في النظام البيئي,197,197,196,1,23,BIO26-M27,BIO26-S27-03,,,NOT_STARTED,NOT_RUN,ONE_QUESTION_ONE_IMAGE_ONE_CODE; exclude number/year/stars/badge/next-question/header; preserve full biological figure/labels/arrows/table/options
TAH-BIO-BIO26-L42-Q024,BIO26-PDF197-L42-S1-Q024,BIO26-L42,علم البيئة,انتقال الطاقة في النظام البيئي,197,197,196,1,24,BIO26-M27,BIO26-S27-03,,,NOT_STARTED,NOT_RUN,ONE_QUESTION_ONE_IMAGE_ONE_CODE; exclude number/year/stars/badge/next-question/header; preserve full biological figure/labels/arrows/table/options
TAH-BIO-BIO26-L42-Q025,BIO26-PDF197-L42-S1-Q025,BIO26-L42,علم البيئة,انتقال الطاقة في النظام البيئي,197,197,196,1,25,BIO26-M27,BIO26-S27-03,,,NOT_STARTED,NOT_RUN,ONE_QUESTION_ONE_IMAGE_ONE_CODE; exclude number/year/stars/badge/next-question/header; preserve full biological figure/labels/arrows/table/options
TAH-BIO-BIO26-L42-Q026,BIO26-PDF197-L42-S1-Q026,BIO26-L42,علم البيئة,انتقال الطاقة في النظام البيئي,197,197,196,1,26,BIO26-M27,BIO26-S27-03,,,NOT_STARTED,NOT_RUN,ONE_QUESTION_ONE_IMAGE_ONE_CODE; exclude number/year/stars/badge/next-question/header; preserve full biological figure/labels/arrows/table/options
TAH-BIO-BIO26-L42-Q027,BIO26-PDF197-L42-S1-Q027,BIO26-L42,علم البيئة,انتقال الطاقة في النظام البيئي,197,197,196,1,27,BIO26-M27,BIO26-S27-03,,,NOT_STARTED,NOT_RUN,ONE_QUESTION_ONE_IMAGE_ONE_CODE; exclude number/year/stars/badge/next-question/header; preserve full biological figure/labels/arrows/table/options
TAH-BIO-BIO26-L42-Q028,BIO26-PDF197-L42-S1-Q028,BIO26-L42,علم البيئة,انتقال الطاقة في النظام البيئي,197,197,196,1,28,BIO26-M27,BIO26-S27-03,,,NOT_STARTED,NOT_RUN,ONE_QUESTION_ONE_IMAGE_ONE_CODE; exclude number/year/stars/badge/next-question/header; preserve full biological figure/labels/arrows/table/options
TAH-BIO-BIO26-L42-Q029,BIO26-PDF197-L42-S1-Q029,BIO26-L42,علم البيئة,انتقال الطاقة في النظام البيئي,197,197,196,1,29,BIO26-M27,BIO26-S27-03,,,NOT_STARTED,NOT_RUN,ONE_QUESTION_ONE_IMAGE_ONE_CODE; exclude number/year/stars/badge/next-question/header; preserve full biological figure/labels/arrows/table/options
TAH-BIO-BIO26-L42-Q030,BIO26-PDF198-L42-S1-Q030,BIO26-L42,علم البيئة,انتقال الطاقة في النظام البيئي,198,198,197,1,30,BIO26-M27,BIO26-S27-03,,,NOT_STARTED,NOT_RUN,ONE_QUESTION_ONE_IMAGE_ONE_CODE; exclude number/year/stars/badge/next-question/header; preserve full biological figure/labels/arrows/table/options
TAH-BIO-BIO26-L42-Q031,BIO26-PDF198-L42-S1-Q031,BIO26-L42,علم البيئة,انتقال الطاقة في النظام البيئي,198,198,197,1,31,BIO26-M27,BIO26-S27-03,,,NOT_STARTED,NOT_RUN,ONE_QUESTION_ONE_IMAGE_ONE_CODE; exclude number/year/stars/badge/next-question/header; preserve full biological figure/labels/arrows/table/options
TAH-BIO-BIO26-L42-Q032,BIO26-PDF198-L42-S1-Q032,BIO26-L42,علم البيئة,انتقال الطاقة في النظام البيئي,198,198,197,1,32,BIO26-M27,BIO26-S27-03,,,NOT_STARTED,NOT_RUN,ONE_QUESTION_ONE_IMAGE_ONE_CODE; exclude number/year/stars/badge/next-question/header; preserve full biological figure/labels/arrows/table/options
TAH-BIO-BIO26-L42-Q033,BIO26-PDF198-L42-S1-Q033,BIO26-L42,علم البيئة,انتقال الطاقة في النظام البيئي,198,198,197,1,33,BIO26-M27,BIO26-S27-03,,,NOT_STARTED,NOT_RUN,ONE_QUESTION_ONE_IMAGE_ONE_CODE; exclude number/year/stars/badge/next-question/header; preserve full biological figure/labels/arrows/table/options
TAH-BIO-BIO26-L42-Q034,BIO26-PDF198-L42-S1-Q034,BIO26-L42,علم البيئة,انتقال الطاقة في النظام البيئي,198,198,197,1,34,BIO26-M27,BIO26-S27-03,,,NOT_STARTED,NOT_RUN,ONE_QUESTION_ONE_IMAGE_ONE_CODE; exclude number/year/stars/badge/next-question/header; preserve full biological figure/labels/arrows/table/options
TAH-BIO-BIO26-L42-Q035,BIO26-PDF198-L42-S1-Q035,BIO26-L42,علم البيئة,انتقال الطاقة في النظام البيئي,198,198,197,1,35,BIO26-M27,BIO26-S27-03,,,NOT_STARTED,NOT_RUN,ONE_QUESTION_ONE_IMAGE_ONE_CODE; exclude number/year/stars/badge/next-question/header; preserve full biological figure/labels/arrows/table/options
TAH-BIO-BIO26-L42-Q036,BIO26-PDF198-L42-S1-Q036,BIO26-L42,علم البيئة,انتقال الطاقة في النظام البيئي,198,198,197,1,36,BIO26-M27,BIO26-S27-03,,,NOT_STARTED,NOT_RUN,ONE_QUESTION_ONE_IMAGE_ONE_CODE; exclude number/year/stars/badge/next-question/header; preserve full biological figure/labels/arrows/table/options
TAH-BIO-BIO26-L42-Q037,BIO26-PDF198-L42-S1-Q037,BIO26-L42,علم البيئة,انتقال الطاقة في النظام البيئي,198,198,197,1,37,BIO26-M27,BIO26-S27-03,,,NOT_STARTED,NOT_RUN,ONE_QUESTION_ONE_IMAGE_ONE_CODE; exclude number/year/stars/badge/next-question/header; preserve full biological figure/labels/arrows/table/options
TAH-BIO-BIO26-L42-Q038,BIO26-PDF199-L42-S1-Q038,BIO26-L42,علم البيئة,انتقال الطاقة في النظام البيئي,199,199,198,1,38,BIO26-M27,BIO26-S27-03,,,NOT_STARTED,NOT_RUN,ONE_QUESTION_ONE_IMAGE_ONE_CODE; exclude number/year/stars/badge/next-question/header; preserve full biological figure/labels/arrows/table/options
TAH-BIO-BIO26-L42-Q039,BIO26-PDF199-L42-S1-Q039,BIO26-L42,علم البيئة,انتقال الطاقة في النظام البيئي,199,199,198,1,39,BIO26-M27,BIO26-S27-03,,,NOT_STARTED,NOT_RUN,ONE_QUESTION_ONE_IMAGE_ONE_CODE; exclude number/year/stars/badge/next-question/header; preserve full biological figure/labels/arrows/table/options
TAH-BIO-BIO26-L42-Q040,BIO26-PDF199-L42-S1-Q040,BIO26-L42,علم البيئة,انتقال الطاقة في النظام البيئي,199,199,198,1,40,BIO26-M27,BIO26-S27-03,,,NOT_STARTED,NOT_RUN,ONE_QUESTION_ONE_IMAGE_ONE_CODE; exclude number/year/stars/badge/next-question/header; preserve full biological figure/labels/arrows/table/options
TAH-BIO-BIO26-L42-Q041,BIO26-PDF199-L42-S1-Q041,BIO26-L42,علم البيئة,انتقال الطاقة في النظام البيئي,199,199,198,1,41,BIO26-M27,BIO26-S27-03,,,NOT_STARTED,NOT_RUN,ONE_QUESTION_ONE_IMAGE_ONE_CODE; exclude number/year/stars/badge/next-question/header; preserve full biological figure/labels/arrows/table/options
TAH-BIO-BIO26-L42-Q042,BIO26-PDF199-L42-S1-Q042,BIO26-L42,علم البيئة,انتقال الطاقة في النظام البيئي,199,199,198,1,42,BIO26-M27,BIO26-S27-03,,,NOT_STARTED,NOT_RUN,ONE_QUESTION_ONE_IMAGE_ONE_CODE; exclude number/year/stars/badge/next-question/header; preserve full biological figure/labels/arrows/table/options
TAH-BIO-BIO26-L42-Q043,BIO26-PDF199-L42-S1-Q043,BIO26-L42,علم البيئة,انتقال الطاقة في النظام البيئي,199,199,198,1,43,BIO26-M27,BIO26-S27-03,,,NOT_STARTED,NOT_RUN,ONE_QUESTION_ONE_IMAGE_ONE_CODE; exclude number/year/stars/badge/next-question/header; preserve full biological figure/labels/arrows/table/options
TAH-BIO-BIO26-L42-Q044,BIO26-PDF199-L42-S1-Q044,BIO26-L42,علم البيئة,انتقال الطاقة في النظام البيئي,199,199,198,1,44,BIO26-M27,BIO26-S27-03,,,NOT_STARTED,NOT_RUN,ONE_QUESTION_ONE_IMAGE_ONE_CODE; exclude number/year/stars/badge/next-question/header; preserve full biological figure/labels/arrows/table/options
TAH-BIO-BIO26-L42-Q045,BIO26-PDF199-L42-S1-Q045,BIO26-L42,علم البيئة,انتقال الطاقة في النظام البيئي,199,199,198,1,45,BIO26-M27,BIO26-S27-03,,,NOT_STARTED,NOT_RUN,ONE_QUESTION_ONE_IMAGE_ONE_CODE; exclude number/year/stars/badge/next-question/header; preserve full biological figure/labels/arrows/table/options
TAH-BIO-BIO26-L42-Q046,BIO26-PDF200-L42-S1-Q046,BIO26-L42,علم البيئة,انتقال الطاقة في النظام البيئي,200,200,199,1,46,BIO26-M27,BIO26-S27-03,,,NOT_STARTED,NOT_RUN,ONE_QUESTION_ONE_IMAGE_ONE_CODE; exclude number/year/stars/badge/next-question/header; preserve full biological figure/labels/arrows/table/options
TAH-BIO-BIO26-L42-Q047,BIO26-PDF200-L42-S1-Q047,BIO26-L42,علم البيئة,انتقال الطاقة في النظام البيئي,200,200,199,1,47,BIO26-M27,BIO26-S27-03,,,NOT_STARTED,NOT_RUN,ONE_QUESTION_ONE_IMAGE_ONE_CODE; exclude number/year/stars/badge/next-question/header; preserve full biological figure/labels/arrows/table/options
TAH-BIO-BIO26-L42-Q048,BIO26-PDF200-L42-S1-Q048,BIO26-L42,علم البيئة,انتقال الطاقة في النظام البيئي,200,200,199,1,48,BIO26-M27,BIO26-S27-03,,,NOT_STARTED,NOT_RUN,ONE_QUESTION_ONE_IMAGE_ONE_CODE; exclude number/year/stars/badge/next-question/header; preserve full biological figure/labels/arrows/table/options
TAH-BIO-BIO26-L42-Q049,BIO26-PDF201-L42-S2-Q049,BIO26-L42,علم البيئة,انتقال الطاقة في النظام البيئي,201,201,200,2,49,BIO26-M27,BIO26-S27-02,,,NOT_STARTED,NOT_RUN,ONE_QUESTION_ONE_IMAGE_ONE_CODE; exclude number/year/stars/badge/next-question/header; preserve full biological figure/labels/arrows/table/options
TAH-BIO-BIO26-L42-Q050,BIO26-PDF201-L42-S2-Q050,BIO26-L42,علم البيئة,انتقال الطاقة في النظام البيئي,201,201,200,2,50,BIO26-M27,BIO26-S27-02,,,NOT_STARTED,NOT_RUN,ONE_QUESTION_ONE_IMAGE_ONE_CODE; exclude number/year/stars/badge/next-question/header; preserve full biological figure/labels/arrows/table/options
TAH-BIO-BIO26-L42-Q051,BIO26-PDF201-L42-S2-Q051,BIO26-L42,علم البيئة,انتقال الطاقة في النظام البيئي,201,201,200,2,51,BIO26-M27,BIO26-S27-02,,,NOT_STARTED,NOT_RUN,ONE_QUESTION_ONE_IMAGE_ONE_CODE; exclude number/year/stars/badge/next-question/header; preserve full biological figure/labels/arrows/table/options
TAH-BIO-BIO26-L42-Q052,BIO26-PDF201-L42-S2-Q052,BIO26-L42,علم البيئة,انتقال الطاقة في النظام البيئي,201,201,200,2,52,BIO26-M27,BIO26-S27-02,,,NOT_STARTED,NOT_RUN,ONE_QUESTION_ONE_IMAGE_ONE_CODE; exclude number/year/stars/badge/next-question/header; preserve full biological figure/labels/arrows/table/options
TAH-BIO-BIO26-L42-Q053,BIO26-PDF201-L42-S2-Q053,BIO26-L42,علم البيئة,انتقال الطاقة في النظام البيئي,201,201,200,2,53,BIO26-M27,BIO26-S27-02,,,NOT_STARTED,NOT_RUN,ONE_QUESTION_ONE_IMAGE_ONE_CODE; exclude number/year/stars/badge/next-question/header; preserve full biological figure/labels/arrows/table/options
TAH-BIO-BIO26-L42-Q054,BIO26-PDF201-L42-S2-Q054,BIO26-L42,علم البيئة,انتقال الطاقة في النظام البيئي,201,201,200,2,54,BIO26-M27,BIO26-S27-02,,,NOT_STARTED,NOT_RUN,ONE_QUESTION_ONE_IMAGE_ONE_CODE; exclude number/year/stars/badge/next-question/header; preserve full biological figure/labels/arrows/table/options
TAH-BIO-BIO26-L42-Q055,BIO26-PDF201-L42-S2-Q055,BIO26-L42,علم البيئة,انتقال الطاقة في النظام البيئي,201,201,200,2,55,BIO26-M27,BIO26-S27-02,,,NOT_STARTED,NOT_RUN,ONE_QUESTION_ONE_IMAGE_ONE_CODE; exclude number/year/stars/badge/next-question/header; preserve full biological figure/labels/arrows/table/options
TAH-BIO-BIO26-L42-Q056,BIO26-PDF201-L42-S2-Q056,BIO26-L42,علم البيئة,انتقال الطاقة في النظام البيئي,201,201,200,2,56,BIO26-M27,BIO26-S27-03,,,NOT_STARTED,NOT_RUN,ONE_QUESTION_ONE_IMAGE_ONE_CODE; exclude number/year/stars/badge/next-question/header; preserve full biological figure/labels/arrows/table/options
TAH-BIO-BIO26-L42-Q057,BIO26-PDF201-L42-S2-Q057,BIO26-L42,علم البيئة,انتقال الطاقة في النظام البيئي,201,201,200,2,57,BIO26-M27,BIO26-S27-03,,,NOT_STARTED,NOT_RUN,ONE_QUESTION_ONE_IMAGE_ONE_CODE; exclude number/year/stars/badge/next-question/header; preserve full biological figure/labels/arrows/table/options
TAH-BIO-BIO26-L42-Q058,BIO26-PDF201-L42-S2-Q058,BIO26-L42,علم البيئة,انتقال الطاقة في النظام البيئي,201,201,200,2,58,BIO26-M27,BIO26-S27-03,,,NOT_STARTED,NOT_RUN,ONE_QUESTION_ONE_IMAGE_ONE_CODE; exclude number/year/stars/badge/next-question/header; preserve full biological figure/labels/arrows/table/options
TAH-BIO-BIO26-L42-Q059,BIO26-PDF201-L42-S2-Q059,BIO26-L42,علم البيئة,انتقال الطاقة في النظام البيئي,201,201,200,2,59,BIO26-M27,BIO26-S27-03,,,NOT_STARTED,NOT_RUN,ONE_QUESTION_ONE_IMAGE_ONE_CODE; exclude number/year/stars/badge/next-question/header; preserve full biological figure/labels/arrows/table/options
TAH-BIO-BIO26-L42-Q060,BIO26-PDF201-L42-S2-Q060,BIO26-L42,علم البيئة,انتقال الطاقة في النظام البيئي,201,201,200,2,60,BIO26-M27,BIO26-S27-03,,,NOT_STARTED,NOT_RUN,ONE_QUESTION_ONE_IMAGE_ONE_CODE; exclude number/year/stars/badge/next-question/header; preserve full biological figure/labels/arrows/table/options
TAH-BIO-BIO26-L42-Q061,BIO26-PDF201-L42-S2-Q061,BIO26-L42,علم البيئة,انتقال الطاقة في النظام البيئي,201,201,200,2,61,BIO26-M27,BIO26-S27-03,,,NOT_STARTED,NOT_RUN,ONE_QUESTION_ONE_IMAGE_ONE_CODE; exclude number/year/stars/badge/next-question/header; preserve full biological figure/labels/arrows/table/options
TAH-BIO-BIO26-L42-Q062,BIO26-PDF201-L42-S2-Q062,BIO26-L42,علم البيئة,انتقال الطاقة في النظام البيئي,201,201,200,2,62,BIO26-M27,BIO26-S27-03,,,NOT_STARTED,NOT_RUN,ONE_QUESTION_ONE_IMAGE_ONE_CODE; exclude number/year/stars/badge/next-question/header; preserve full biological figure/labels/arrows/table/options
TAH-BIO-BIO26-L43-Q001,BIO26-PDF202-L43-S1-Q001,BIO26-L43,علم البيئة,تدوير المواد,202,202,201,1,1,BIO26-M27,BIO26-S27-04,,,NOT_STARTED,NOT_RUN,ONE_QUESTION_ONE_IMAGE_ONE_CODE; exclude number/year/stars/badge/next-question/header; preserve full biological figure/labels/arrows/table/options
TAH-BIO-BIO26-L43-Q002,BIO26-PDF202-L43-S1-Q002,BIO26-L43,علم البيئة,تدوير المواد,202,202,201,1,2,BIO26-M27,BIO26-S27-04,,,NOT_STARTED,NOT_RUN,ONE_QUESTION_ONE_IMAGE_ONE_CODE; exclude number/year/stars/badge/next-question/header; preserve full biological figure/labels/arrows/table/options
TAH-BIO-BIO26-L43-Q003,BIO26-PDF202-L43-S1-Q003,BIO26-L43,علم البيئة,تدوير المواد,202,202,201,1,3,BIO26-M27,BIO26-S27-04,,,NOT_STARTED,NOT_RUN,ONE_QUESTION_ONE_IMAGE_ONE_CODE; exclude number/year/stars/badge/next-question/header; preserve full biological figure/labels/arrows/table/options
TAH-BIO-BIO26-L43-Q004,BIO26-PDF202-L43-S1-Q004,BIO26-L43,علم البيئة,تدوير المواد,202,202,201,1,4,BIO26-M27,BIO26-S27-04,,,NOT_STARTED,NOT_RUN,ONE_QUESTION_ONE_IMAGE_ONE_CODE; exclude number/year/stars/badge/next-question/header; preserve full biological figure/labels/arrows/table/options
TAH-BIO-BIO26-L43-Q005,BIO26-PDF202-L43-S1-Q005,BIO26-L43,علم البيئة,تدوير المواد,202,202,201,1,5,BIO26-M27,BIO26-S27-04,,,NOT_STARTED,NOT_RUN,ONE_QUESTION_ONE_IMAGE_ONE_CODE; exclude number/year/stars/badge/next-question/header; preserve full biological figure/labels/arrows/table/options
TAH-BIO-BIO26-L43-Q006,BIO26-PDF202-L43-S1-Q006,BIO26-L43,علم البيئة,تدوير المواد,202,202,201,1,6,BIO26-M27,BIO26-S27-04,,,NOT_STARTED,NOT_RUN,ONE_QUESTION_ONE_IMAGE_ONE_CODE; exclude number/year/stars/badge/next-question/header; preserve full biological figure/labels/arrows/table/options
TAH-BIO-BIO26-L43-Q007,BIO26-PDF202-L43-S1-Q007,BIO26-L43,علم البيئة,تدوير المواد,202,202,201,1,7,BIO26-M27,BIO26-S27-04,,,NOT_STARTED,NOT_RUN,ONE_QUESTION_ONE_IMAGE_ONE_CODE; exclude number/year/stars/badge/next-question/header; preserve full biological figure/labels/arrows/table/options
TAH-BIO-BIO26-L43-Q008,BIO26-PDF202-L43-S1-Q008,BIO26-L43,علم البيئة,تدوير المواد,202,202,201,1,8,BIO26-M27,BIO26-S27-04,,,NOT_STARTED,NOT_RUN,ONE_QUESTION_ONE_IMAGE_ONE_CODE; exclude number/year/stars/badge/next-question/header; preserve full biological figure/labels/arrows/table/options
TAH-BIO-BIO26-L43-Q009,BIO26-PDF202-L43-S1-Q009,BIO26-L43,علم البيئة,تدوير المواد,202,202,201,1,9,BIO26-M27,BIO26-S27-04,,,NOT_STARTED,NOT_RUN,ONE_QUESTION_ONE_IMAGE_ONE_CODE; exclude number/year/stars/badge/next-question/header; preserve full biological figure/labels/arrows/table/options
TAH-BIO-BIO26-L43-Q010,BIO26-PDF202-L43-S1-Q010,BIO26-L43,علم البيئة,تدوير المواد,202,202,201,1,10,BIO26-M27,BIO26-S27-04,,,NOT_STARTED,NOT_RUN,ONE_QUESTION_ONE_IMAGE_ONE_CODE; exclude number/year/stars/badge/next-question/header; preserve full biological figure/labels/arrows/table/options
TAH-BIO-BIO26-L43-Q011,BIO26-PDF202-L43-S1-Q011,BIO26-L43,علم البيئة,تدوير المواد,202,202,201,1,11,BIO26-M27,BIO26-S27-04,,,NOT_STARTED,NOT_RUN,ONE_QUESTION_ONE_IMAGE_ONE_CODE; exclude number/year/stars/badge/next-question/header; preserve full biological figure/labels/arrows/table/options
TAH-BIO-BIO26-L43-Q012,BIO26-PDF203-L43-S1-Q012,BIO26-L43,علم البيئة,تدوير المواد,203,203,202,1,12,BIO26-M27,BIO26-S27-04,,,NOT_STARTED,NOT_RUN,ONE_QUESTION_ONE_IMAGE_ONE_CODE; exclude number/year/stars/badge/next-question/header; preserve full biological figure/labels/arrows/table/options
TAH-BIO-BIO26-L43-Q013,BIO26-PDF203-L43-S1-Q013,BIO26-L43,علم البيئة,تدوير المواد,203,203,202,1,13,BIO26-M27,BIO26-S27-04,,,NOT_STARTED,NOT_RUN,ONE_QUESTION_ONE_IMAGE_ONE_CODE; exclude number/year/stars/badge/next-question/header; preserve full biological figure/labels/arrows/table/options
TAH-BIO-BIO26-L43-Q014,BIO26-PDF203-L43-S1-Q014,BIO26-L43,علم البيئة,تدوير المواد,203,203,202,1,14,BIO26-M27,BIO26-S27-04,,,NOT_STARTED,NOT_RUN,ONE_QUESTION_ONE_IMAGE_ONE_CODE; exclude number/year/stars/badge/next-question/header; preserve full biological figure/labels/arrows/table/options
TAH-BIO-BIO26-L43-Q015,BIO26-PDF203-L43-S1-Q015,BIO26-L43,علم البيئة,تدوير المواد,203,203,202,1,15,BIO26-M27,BIO26-S27-04,,,NOT_STARTED,NOT_RUN,ONE_QUESTION_ONE_IMAGE_ONE_CODE; exclude number/year/stars/badge/next-question/header; preserve full biological figure/labels/arrows/table/options
TAH-BIO-BIO26-L43-Q016,BIO26-PDF203-L43-S1-Q016,BIO26-L43,علم البيئة,تدوير المواد,203,203,202,1,16,BIO26-M27,BIO26-S27-04,,,NOT_STARTED,NOT_RUN,ONE_QUESTION_ONE_IMAGE_ONE_CODE; exclude number/year/stars/badge/next-question/header; preserve full biological figure/labels/arrows/table/options
TAH-BIO-BIO26-L43-Q017,BIO26-PDF203-L43-S1-Q017,BIO26-L43,علم البيئة,تدوير المواد,203,203,202,1,17,BIO26-M27,BIO26-S27-04,,,NOT_STARTED,NOT_RUN,ONE_QUESTION_ONE_IMAGE_ONE_CODE; exclude number/year/stars/badge/next-question/header; preserve full biological figure/labels/arrows/table/options
TAH-BIO-BIO26-L43-Q018,BIO26-PDF204-L43-S2-Q018,BIO26-L43,علم البيئة,تدوير المواد,204,204,203,2,18,BIO26-M27,BIO26-S27-04,,,NOT_STARTED,NOT_RUN,ONE_QUESTION_ONE_IMAGE_ONE_CODE; exclude number/year/stars/badge/next-question/header; preserve full biological figure/labels/arrows/table/options
TAH-BIO-BIO26-L43-Q019,BIO26-PDF204-L43-S2-Q019,BIO26-L43,علم البيئة,تدوير المواد,204,204,203,2,19,BIO26-M27,BIO26-S27-04,,,NOT_STARTED,NOT_RUN,ONE_QUESTION_ONE_IMAGE_ONE_CODE; exclude number/year/stars/badge/next-question/header; preserve full biological figure/labels/arrows/table/options
TAH-BIO-BIO26-L43-Q020,BIO26-PDF204-L43-S2-Q020,BIO26-L43,علم البيئة,تدوير المواد,204,204,203,2,20,BIO26-M27,BIO26-S27-04,,,NOT_STARTED,NOT_RUN,ONE_QUESTION_ONE_IMAGE_ONE_CODE; exclude number/year/stars/badge/next-question/header; preserve full biological figure/labels/arrows/table/options
TAH-BIO-BIO26-L43-Q021,BIO26-PDF204-L43-S2-Q021,BIO26-L43,علم البيئة,تدوير المواد,204,204,203,2,21,BIO26-M27,BIO26-S27-04,,,NOT_STARTED,NOT_RUN,ONE_QUESTION_ONE_IMAGE_ONE_CODE; exclude number/year/stars/badge/next-question/header; preserve full biological figure/labels/arrows/table/options
TAH-BIO-BIO26-L43-Q022,BIO26-PDF204-L43-S2-Q022,BIO26-L43,علم البيئة,تدوير المواد,204,204,203,2,22,BIO26-M27,BIO26-S27-04,,,NOT_STARTED,NOT_RUN,ONE_QUESTION_ONE_IMAGE_ONE_CODE; exclude number/year/stars/badge/next-question/header; preserve full biological figure/labels/arrows/table/options
TAH-BIO-BIO26-L43-Q023,BIO26-PDF204-L43-S2-Q023,BIO26-L43,علم البيئة,تدوير المواد,204,204,203,2,23,BIO26-M27,BIO26-S27-04,,,NOT_STARTED,NOT_RUN,ONE_QUESTION_ONE_IMAGE_ONE_CODE; exclude number/year/stars/badge/next-question/header; preserve full biological figure/labels/arrows/table/options
TAH-BIO-BIO26-L43-Q024,BIO26-PDF204-L43-S2-Q024,BIO26-L43,علم البيئة,تدوير المواد,204,204,203,2,24,BIO26-M27,BIO26-S27-04,,,NOT_STARTED,NOT_RUN,ONE_QUESTION_ONE_IMAGE_ONE_CODE; exclude number/year/stars/badge/next-question/header; preserve full biological figure/labels/arrows/table/options
TAH-BIO-BIO26-L43-Q025,BIO26-PDF204-L43-S2-Q025,BIO26-L43,علم البيئة,تدوير المواد,204,204,203,2,25,BIO26-M27,BIO26-S27-04,,,NOT_STARTED,NOT_RUN,ONE_QUESTION_ONE_IMAGE_ONE_CODE; exclude number/year/stars/badge/next-question/header; preserve full biological figure/labels/arrows/table/options
TAH-BIO-BIO26-L43-Q026,BIO26-PDF204-L43-S2-Q026,BIO26-L43,علم البيئة,تدوير المواد,204,204,203,2,26,BIO26-M27,BIO26-S27-04,,,NOT_STARTED,NOT_RUN,ONE_QUESTION_ONE_IMAGE_ONE_CODE; exclude number/year/stars/badge/next-question/header; preserve full biological figure/labels/arrows/table/options
TAH-BIO-BIO26-L43-Q027,BIO26-PDF204-L43-S2-Q027,BIO26-L43,علم البيئة,تدوير المواد,204,204,203,2,27,BIO26-M27,BIO26-S27-04,,,NOT_STARTED,NOT_RUN,ONE_QUESTION_ONE_IMAGE_ONE_CODE; exclude number/year/stars/badge/next-question/header; preserve full biological figure/labels/arrows/table/options
TAH-BIO-BIO26-L43-Q028,BIO26-PDF204-L43-S2-Q028,BIO26-L43,علم البيئة,تدوير المواد,204,204,203,2,28,BIO26-M27,BIO26-S27-04,,,NOT_STARTED,NOT_RUN,ONE_QUESTION_ONE_IMAGE_ONE_CODE; exclude number/year/stars/badge/next-question/header; preserve full biological figure/labels/arrows/table/options
TAH-BIO-BIO26-L43-Q029,BIO26-PDF204-L43-S2-Q029,BIO26-L43,علم البيئة,تدوير المواد,204,204,203,2,29,BIO26-M27,BIO26-S27-04,,,NOT_STARTED,NOT_RUN,ONE_QUESTION_ONE_IMAGE_ONE_CODE; exclude number/year/stars/badge/next-question/header; preserve full biological figure/labels/arrows/table/options
TAH-BIO-BIO26-L44-Q001,BIO26-PDF205-L44-S1-Q001,BIO26-L44,علم البيئة,المجتمعات والمناطق الحيوية,205,205,204,1,1,BIO26-M28,BIO26-S28-01,,,NOT_STARTED,NOT_RUN,ONE_QUESTION_ONE_IMAGE_ONE_CODE; exclude number/year/stars/badge/next-question/header; preserve full biological figure/labels/arrows/table/options
TAH-BIO-BIO26-L44-Q002,BIO26-PDF205-L44-S1-Q002,BIO26-L44,علم البيئة,المجتمعات والمناطق الحيوية,205,205,204,1,2,BIO26-M28,BIO26-S28-01,,,NOT_STARTED,NOT_RUN,ONE_QUESTION_ONE_IMAGE_ONE_CODE; exclude number/year/stars/badge/next-question/header; preserve full biological figure/labels/arrows/table/options
TAH-BIO-BIO26-L44-Q003,BIO26-PDF205-L44-S1-Q003,BIO26-L44,علم البيئة,المجتمعات والمناطق الحيوية,205,205,204,1,3,BIO26-M28,BIO26-S28-01,,,NOT_STARTED,NOT_RUN,ONE_QUESTION_ONE_IMAGE_ONE_CODE; exclude number/year/stars/badge/next-question/header; preserve full biological figure/labels/arrows/table/options
TAH-BIO-BIO26-L44-Q004,BIO26-PDF205-L44-S1-Q004,BIO26-L44,علم البيئة,المجتمعات والمناطق الحيوية,205,205,204,1,4,BIO26-M28,BIO26-S28-01,,,NOT_STARTED,NOT_RUN,ONE_QUESTION_ONE_IMAGE_ONE_CODE; exclude number/year/stars/badge/next-question/header; preserve full biological figure/labels/arrows/table/options
TAH-BIO-BIO26-L44-Q005,BIO26-PDF205-L44-S1-Q005,BIO26-L44,علم البيئة,المجتمعات والمناطق الحيوية,205,205,204,1,5,BIO26-M28,BIO26-S28-01,,,NOT_STARTED,NOT_RUN,ONE_QUESTION_ONE_IMAGE_ONE_CODE; exclude number/year/stars/badge/next-question/header; preserve full biological figure/labels/arrows/table/options
TAH-BIO-BIO26-L44-Q006,BIO26-PDF205-L44-S1-Q006,BIO26-L44,علم البيئة,المجتمعات والمناطق الحيوية,205,205,204,1,6,BIO26-M28,BIO26-S28-01,,,NOT_STARTED,NOT_RUN,ONE_QUESTION_ONE_IMAGE_ONE_CODE; exclude number/year/stars/badge/next-question/header; preserve full biological figure/labels/arrows/table/options
TAH-BIO-BIO26-L44-Q007,BIO26-PDF205-L44-S1-Q007,BIO26-L44,علم البيئة,المجتمعات والمناطق الحيوية,205,205,204,1,7,BIO26-M28,BIO26-S28-01,,,NOT_STARTED,NOT_RUN,ONE_QUESTION_ONE_IMAGE_ONE_CODE; exclude number/year/stars/badge/next-question/header; preserve full biological figure/labels/arrows/table/options
TAH-BIO-BIO26-L44-Q008,BIO26-PDF205-L44-S1-Q008,BIO26-L44,علم البيئة,المجتمعات والمناطق الحيوية,205,205,204,1,8,BIO26-M28,BIO26-S28-01,,,NOT_STARTED,NOT_RUN,ONE_QUESTION_ONE_IMAGE_ONE_CODE; exclude number/year/stars/badge/next-question/header; preserve full biological figure/labels/arrows/table/options
TAH-BIO-BIO26-L44-Q009,BIO26-PDF205-L44-S1-Q009,BIO26-L44,علم البيئة,المجتمعات والمناطق الحيوية,205,205,204,1,9,BIO26-M28,BIO26-S28-01,,,NOT_STARTED,NOT_RUN,ONE_QUESTION_ONE_IMAGE_ONE_CODE; exclude number/year/stars/badge/next-question/header; preserve full biological figure/labels/arrows/table/options
TAH-BIO-BIO26-L44-Q010,BIO26-PDF205-L44-S1-Q010,BIO26-L44,علم البيئة,المجتمعات والمناطق الحيوية,205,205,204,1,10,BIO26-M28,BIO26-S28-01,,,NOT_STARTED,NOT_RUN,ONE_QUESTION_ONE_IMAGE_ONE_CODE; exclude number/year/stars/badge/next-question/header; preserve full biological figure/labels/arrows/table/options
TAH-BIO-BIO26-L44-Q011,BIO26-PDF205-L44-S1-Q011,BIO26-L44,علم البيئة,المجتمعات والمناطق الحيوية,205,205,204,1,11,BIO26-M28,BIO26-S28-01,,,NOT_STARTED,NOT_RUN,ONE_QUESTION_ONE_IMAGE_ONE_CODE; exclude number/year/stars/badge/next-question/header; preserve full biological figure/labels/arrows/table/options
TAH-BIO-BIO26-L44-Q012,BIO26-PDF205-L44-S1-Q012,BIO26-L44,علم البيئة,المجتمعات والمناطق الحيوية,205,205,204,1,12,BIO26-M28,BIO26-S28-01,,,NOT_STARTED,NOT_RUN,ONE_QUESTION_ONE_IMAGE_ONE_CODE; exclude number/year/stars/badge/next-question/header; preserve full biological figure/labels/arrows/table/options
TAH-BIO-BIO26-L44-Q013,BIO26-PDF205-L44-S1-Q013,BIO26-L44,علم البيئة,المجتمعات والمناطق الحيوية,205,205,204,1,13,BIO26-M28,BIO26-S28-01,,,NOT_STARTED,NOT_RUN,ONE_QUESTION_ONE_IMAGE_ONE_CODE; exclude number/year/stars/badge/next-question/header; preserve full biological figure/labels/arrows/table/options
TAH-BIO-BIO26-L44-Q014,BIO26-PDF205-L44-S1-Q014,BIO26-L44,علم البيئة,المجتمعات والمناطق الحيوية,205,205,204,1,14,BIO26-M28,BIO26-S28-01,,,NOT_STARTED,NOT_RUN,ONE_QUESTION_ONE_IMAGE_ONE_CODE; exclude number/year/stars/badge/next-question/header; preserve full biological figure/labels/arrows/table/options
TAH-BIO-BIO26-L44-Q015,BIO26-PDF205-L44-S1-Q015,BIO26-L44,علم البيئة,المجتمعات والمناطق الحيوية,205,205,204,1,15,BIO26-M28,BIO26-S28-01,,,NOT_STARTED,NOT_RUN,ONE_QUESTION_ONE_IMAGE_ONE_CODE; exclude number/year/stars/badge/next-question/header; preserve full biological figure/labels/arrows/table/options
TAH-BIO-BIO26-L44-Q016,BIO26-PDF206-L44-S1-Q016,BIO26-L44,علم البيئة,المجتمعات والمناطق الحيوية,206,206,205,1,16,BIO26-M28,BIO26-S28-01,,,NOT_STARTED,NOT_RUN,ONE_QUESTION_ONE_IMAGE_ONE_CODE; exclude number/year/stars/badge/next-question/header; preserve full biological figure/labels/arrows/table/options
TAH-BIO-BIO26-L44-Q017,BIO26-PDF206-L44-S1-Q017,BIO26-L44,علم البيئة,المجتمعات والمناطق الحيوية,206,206,205,1,17,BIO26-M28,BIO26-S28-01,,,NOT_STARTED,NOT_RUN,ONE_QUESTION_ONE_IMAGE_ONE_CODE; exclude number/year/stars/badge/next-question/header; preserve full biological figure/labels/arrows/table/options
TAH-BIO-BIO26-L44-Q018,BIO26-PDF206-L44-S1-Q018,BIO26-L44,علم البيئة,المجتمعات والمناطق الحيوية,206,206,205,1,18,BIO26-M28,BIO26-S28-01,,,NOT_STARTED,NOT_RUN,ONE_QUESTION_ONE_IMAGE_ONE_CODE; exclude number/year/stars/badge/next-question/header; preserve full biological figure/labels/arrows/table/options
TAH-BIO-BIO26-L44-Q019,BIO26-PDF206-L44-S1-Q019,BIO26-L44,علم البيئة,المجتمعات والمناطق الحيوية,206,206,205,1,19,BIO26-M28,BIO26-S28-01,,,NOT_STARTED,NOT_RUN,ONE_QUESTION_ONE_IMAGE_ONE_CODE; exclude number/year/stars/badge/next-question/header; preserve full biological figure/labels/arrows/table/options
TAH-BIO-BIO26-L44-Q020,BIO26-PDF206-L44-S1-Q020,BIO26-L44,علم البيئة,المجتمعات والمناطق الحيوية,206,206,205,1,20,BIO26-M28,BIO26-S28-01,,,NOT_STARTED,NOT_RUN,ONE_QUESTION_ONE_IMAGE_ONE_CODE; exclude number/year/stars/badge/next-question/header; preserve full biological figure/labels/arrows/table/options
TAH-BIO-BIO26-L44-Q021,BIO26-PDF206-L44-S1-Q021,BIO26-L44,علم البيئة,المجتمعات والمناطق الحيوية,206,206,205,1,21,BIO26-M28,BIO26-S28-01,,,NOT_STARTED,NOT_RUN,ONE_QUESTION_ONE_IMAGE_ONE_CODE; exclude number/year/stars/badge/next-question/header; preserve full biological figure/labels/arrows/table/options
TAH-BIO-BIO26-L44-Q022,BIO26-PDF206-L44-S1-Q022,BIO26-L44,علم البيئة,المجتمعات والمناطق الحيوية,206,206,205,1,22,BIO26-M28,BIO26-S28-01,,,NOT_STARTED,NOT_RUN,ONE_QUESTION_ONE_IMAGE_ONE_CODE; exclude number/year/stars/badge/next-question/header; preserve full biological figure/labels/arrows/table/options
TAH-BIO-BIO26-L44-Q023,BIO26-PDF206-L44-S1-Q023,BIO26-L44,علم البيئة,المجتمعات والمناطق الحيوية,206,206,205,1,23,BIO26-M28,BIO26-S28-01,,,NOT_STARTED,NOT_RUN,ONE_QUESTION_ONE_IMAGE_ONE_CODE; exclude number/year/stars/badge/next-question/header; preserve full biological figure/labels/arrows/table/options
TAH-BIO-BIO26-L44-Q024,BIO26-PDF206-L44-S1-Q024,BIO26-L44,علم البيئة,المجتمعات والمناطق الحيوية,206,206,205,1,24,BIO26-M28,BIO26-S28-01,,,NOT_STARTED,NOT_RUN,ONE_QUESTION_ONE_IMAGE_ONE_CODE; exclude number/year/stars/badge/next-question/header; preserve full biological figure/labels/arrows/table/options
TAH-BIO-BIO26-L44-Q025,BIO26-PDF206-L44-S1-Q025,BIO26-L44,علم البيئة,المجتمعات والمناطق الحيوية,206,206,205,1,25,BIO26-M28,BIO26-S28-01,,,NOT_STARTED,NOT_RUN,ONE_QUESTION_ONE_IMAGE_ONE_CODE; exclude number/year/stars/badge/next-question/header; preserve full biological figure/labels/arrows/table/options
TAH-BIO-BIO26-L44-Q026,BIO26-PDF206-L44-S1-Q026,BIO26-L44,علم البيئة,المجتمعات والمناطق الحيوية,206,206,205,1,26,BIO26-M28,BIO26-S28-01,,,NOT_STARTED,NOT_RUN,ONE_QUESTION_ONE_IMAGE_ONE_CODE; exclude number/year/stars/badge/next-question/header; preserve full biological figure/labels/arrows/table/options
TAH-BIO-BIO26-L44-Q027,BIO26-PDF207-L44-S2-Q027,BIO26-L44,علم البيئة,المجتمعات والمناطق الحيوية,207,207,206,2,27,BIO26-M28,BIO26-S28-01,,,NOT_STARTED,NOT_RUN,ONE_QUESTION_ONE_IMAGE_ONE_CODE; exclude number/year/stars/badge/next-question/header; preserve full biological figure/labels/arrows/table/options
TAH-BIO-BIO26-L44-Q028,BIO26-PDF207-L44-S2-Q028,BIO26-L44,علم البيئة,المجتمعات والمناطق الحيوية,207,207,206,2,28,BIO26-M28,BIO26-S28-01,,,NOT_STARTED,NOT_RUN,ONE_QUESTION_ONE_IMAGE_ONE_CODE; exclude number/year/stars/badge/next-question/header; preserve full biological figure/labels/arrows/table/options
TAH-BIO-BIO26-L44-Q029,BIO26-PDF207-L44-S2-Q029,BIO26-L44,علم البيئة,المجتمعات والمناطق الحيوية,207,207,206,2,29,BIO26-M28,BIO26-S28-01,,,NOT_STARTED,NOT_RUN,ONE_QUESTION_ONE_IMAGE_ONE_CODE; exclude number/year/stars/badge/next-question/header; preserve full biological figure/labels/arrows/table/options
TAH-BIO-BIO26-L44-Q030,BIO26-PDF207-L44-S2-Q030,BIO26-L44,علم البيئة,المجتمعات والمناطق الحيوية,207,207,206,2,30,BIO26-M28,BIO26-S28-01,,,NOT_STARTED,NOT_RUN,ONE_QUESTION_ONE_IMAGE_ONE_CODE; exclude number/year/stars/badge/next-question/header; preserve full biological figure/labels/arrows/table/options
TAH-BIO-BIO26-L44-Q031,BIO26-PDF207-L44-S2-Q031,BIO26-L44,علم البيئة,المجتمعات والمناطق الحيوية,207,207,206,2,31,BIO26-M28,BIO26-S28-01,,,NOT_STARTED,NOT_RUN,ONE_QUESTION_ONE_IMAGE_ONE_CODE; exclude number/year/stars/badge/next-question/header; preserve full biological figure/labels/arrows/table/options
TAH-BIO-BIO26-L44-Q032,BIO26-PDF207-L44-S2-Q032,BIO26-L44,علم البيئة,المجتمعات والمناطق الحيوية,207,207,206,2,32,BIO26-M28,BIO26-S28-01,,,NOT_STARTED,NOT_RUN,ONE_QUESTION_ONE_IMAGE_ONE_CODE; exclude number/year/stars/badge/next-question/header; preserve full biological figure/labels/arrows/table/options
TAH-BIO-BIO26-L44-Q033,BIO26-PDF207-L44-S2-Q033,BIO26-L44,علم البيئة,المجتمعات والمناطق الحيوية,207,207,206,2,33,BIO26-M28,BIO26-S28-01,,,NOT_STARTED,NOT_RUN,ONE_QUESTION_ONE_IMAGE_ONE_CODE; exclude number/year/stars/badge/next-question/header; preserve full biological figure/labels/arrows/table/options
TAH-BIO-BIO26-L44-Q034,BIO26-PDF207-L44-S2-Q034,BIO26-L44,علم البيئة,المجتمعات والمناطق الحيوية,207,207,206,2,34,BIO26-M28,BIO26-S28-01,,,NOT_STARTED,NOT_RUN,ONE_QUESTION_ONE_IMAGE_ONE_CODE; exclude number/year/stars/badge/next-question/header; preserve full biological figure/labels/arrows/table/options
TAH-BIO-BIO26-L44-Q035,BIO26-PDF207-L44-S2-Q035,BIO26-L44,علم البيئة,المجتمعات والمناطق الحيوية,207,207,206,2,35,BIO26-M28,BIO26-S28-01,,,NOT_STARTED,NOT_RUN,ONE_QUESTION_ONE_IMAGE_ONE_CODE; exclude number/year/stars/badge/next-question/header; preserve full biological figure/labels/arrows/table/options
TAH-BIO-BIO26-L44-Q036,BIO26-PDF207-L44-S2-Q036,BIO26-L44,علم البيئة,المجتمعات والمناطق الحيوية,207,207,206,2,36,BIO26-M28,BIO26-S28-01,,,NOT_STARTED,NOT_RUN,ONE_QUESTION_ONE_IMAGE_ONE_CODE; exclude number/year/stars/badge/next-question/header; preserve full biological figure/labels/arrows/table/options
TAH-BIO-BIO26-L44-Q037,BIO26-PDF207-L44-S2-Q037,BIO26-L44,علم البيئة,المجتمعات والمناطق الحيوية,207,207,206,2,37,BIO26-M28,BIO26-S28-01,,,NOT_STARTED,NOT_RUN,ONE_QUESTION_ONE_IMAGE_ONE_CODE; exclude number/year/stars/badge/next-question/header; preserve full biological figure/labels/arrows/table/options
TAH-BIO-BIO26-L44-Q038,BIO26-PDF207-L44-S2-Q038,BIO26-L44,علم البيئة,المجتمعات والمناطق الحيوية,207,207,206,2,38,BIO26-M28,BIO26-S28-01,,,NOT_STARTED,NOT_RUN,ONE_QUESTION_ONE_IMAGE_ONE_CODE; exclude number/year/stars/badge/next-question/header; preserve full biological figure/labels/arrows/table/options
TAH-BIO-BIO26-L44-Q039,BIO26-PDF207-L44-S2-Q039,BIO26-L44,علم البيئة,المجتمعات والمناطق الحيوية,207,207,206,2,39,BIO26-M28,BIO26-S28-01,,,NOT_STARTED,NOT_RUN,ONE_QUESTION_ONE_IMAGE_ONE_CODE; exclude number/year/stars/badge/next-question/header; preserve full biological figure/labels/arrows/table/options
TAH-BIO-BIO26-L44-Q040,BIO26-PDF207-L44-S2-Q040,BIO26-L44,علم البيئة,المجتمعات والمناطق الحيوية,207,207,206,2,40,BIO26-M28,BIO26-S28-01,,,NOT_STARTED,NOT_RUN,ONE_QUESTION_ONE_IMAGE_ONE_CODE; exclude number/year/stars/badge/next-question/header; preserve full biological figure/labels/arrows/table/options
TAH-BIO-BIO26-L44-Q041,BIO26-PDF207-L44-S2-Q041,BIO26-L44,علم البيئة,المجتمعات والمناطق الحيوية,207,207,206,2,41,BIO26-M28,BIO26-S28-01,,,NOT_STARTED,NOT_RUN,ONE_QUESTION_ONE_IMAGE_ONE_CODE; exclude number/year/stars/badge/next-question/header; preserve full biological figure/labels/arrows/table/options
TAH-BIO-BIO26-L44-Q042,BIO26-PDF207-L44-S2-Q042,BIO26-L44,علم البيئة,المجتمعات والمناطق الحيوية,207,207,206,2,42,BIO26-M28,BIO26-S28-01,,,NOT_STARTED,NOT_RUN,ONE_QUESTION_ONE_IMAGE_ONE_CODE; exclude number/year/stars/badge/next-question/header; preserve full biological figure/labels/arrows/table/options
TAH-BIO-BIO26-L45-Q001,BIO26-PDF208-L45-S1-Q001,BIO26-L45,علم البيئة,الأنظمة البيئية المائية,208,208,207,1,1,BIO26-M28,BIO26-S28-01,,,NOT_STARTED,NOT_RUN,ONE_QUESTION_ONE_IMAGE_ONE_CODE; exclude number/year/stars/badge/next-question/header; preserve full biological figure/labels/arrows/table/options
TAH-BIO-BIO26-L45-Q002,BIO26-PDF208-L45-S1-Q002,BIO26-L45,علم البيئة,الأنظمة البيئية المائية,208,208,207,1,2,BIO26-M28,BIO26-S28-01,,,NOT_STARTED,NOT_RUN,ONE_QUESTION_ONE_IMAGE_ONE_CODE; exclude number/year/stars/badge/next-question/header; preserve full biological figure/labels/arrows/table/options
TAH-BIO-BIO26-L45-Q003,BIO26-PDF208-L45-S1-Q003,BIO26-L45,علم البيئة,الأنظمة البيئية المائية,208,208,207,1,3,BIO26-M28,BIO26-S28-01,,,NOT_STARTED,NOT_RUN,ONE_QUESTION_ONE_IMAGE_ONE_CODE; exclude number/year/stars/badge/next-question/header; preserve full biological figure/labels/arrows/table/options
TAH-BIO-BIO26-L45-Q004,BIO26-PDF208-L45-S1-Q004,BIO26-L45,علم البيئة,الأنظمة البيئية المائية,208,208,207,1,4,BIO26-M28,BIO26-S28-01,,,NOT_STARTED,NOT_RUN,ONE_QUESTION_ONE_IMAGE_ONE_CODE; exclude number/year/stars/badge/next-question/header; preserve full biological figure/labels/arrows/table/options
TAH-BIO-BIO26-L45-Q005,BIO26-PDF208-L45-S1-Q005,BIO26-L45,علم البيئة,الأنظمة البيئية المائية,208,208,207,1,5,BIO26-M28,BIO26-S28-01,,,NOT_STARTED,NOT_RUN,ONE_QUESTION_ONE_IMAGE_ONE_CODE; exclude number/year/stars/badge/next-question/header; preserve full biological figure/labels/arrows/table/options
TAH-BIO-BIO26-L45-Q006,BIO26-PDF208-L45-S1-Q006,BIO26-L45,علم البيئة,الأنظمة البيئية المائية,208,208,207,1,6,BIO26-M28,BIO26-S28-01,,,NOT_STARTED,NOT_RUN,ONE_QUESTION_ONE_IMAGE_ONE_CODE; exclude number/year/stars/badge/next-question/header; preserve full biological figure/labels/arrows/table/options
TAH-BIO-BIO26-L45-Q007,BIO26-PDF208-L45-S1-Q007,BIO26-L45,علم البيئة,الأنظمة البيئية المائية,208,208,207,1,7,BIO26-M28,BIO26-S28-01,,,NOT_STARTED,NOT_RUN,ONE_QUESTION_ONE_IMAGE_ONE_CODE; exclude number/year/stars/badge/next-question/header; preserve full biological figure/labels/arrows/table/options
TAH-BIO-BIO26-L45-Q008,BIO26-PDF208-L45-S1-Q008,BIO26-L45,علم البيئة,الأنظمة البيئية المائية,208,208,207,1,8,BIO26-M28,BIO26-S28-01,,,NOT_STARTED,NOT_RUN,ONE_QUESTION_ONE_IMAGE_ONE_CODE; exclude number/year/stars/badge/next-question/header; preserve full biological figure/labels/arrows/table/options
TAH-BIO-BIO26-L45-Q009,BIO26-PDF208-L45-S1-Q009,BIO26-L45,علم البيئة,الأنظمة البيئية المائية,208,208,207,1,9,BIO26-M28,BIO26-S28-01,,,NOT_STARTED,NOT_RUN,ONE_QUESTION_ONE_IMAGE_ONE_CODE; exclude number/year/stars/badge/next-question/header; preserve full biological figure/labels/arrows/table/options
TAH-BIO-BIO26-L45-Q010,BIO26-PDF208-L45-S1-Q010,BIO26-L45,علم البيئة,الأنظمة البيئية المائية,208,208,207,1,10,BIO26-M28,BIO26-S28-01,,,NOT_STARTED,NOT_RUN,ONE_QUESTION_ONE_IMAGE_ONE_CODE; exclude number/year/stars/badge/next-question/header; preserve full biological figure/labels/arrows/table/options
TAH-BIO-BIO26-L45-Q011,BIO26-PDF209-L45-S2-Q011,BIO26-L45,علم البيئة,الأنظمة البيئية المائية,209,209,208,2,11,BIO26-M28,BIO26-S28-01,,,NOT_STARTED,NOT_RUN,ONE_QUESTION_ONE_IMAGE_ONE_CODE; exclude number/year/stars/badge/next-question/header; preserve full biological figure/labels/arrows/table/options
TAH-BIO-BIO26-L45-Q012,BIO26-PDF209-L45-S2-Q012,BIO26-L45,علم البيئة,الأنظمة البيئية المائية,209,209,208,2,12,BIO26-M28,BIO26-S28-01,,,NOT_STARTED,NOT_RUN,ONE_QUESTION_ONE_IMAGE_ONE_CODE; exclude number/year/stars/badge/next-question/header; preserve full biological figure/labels/arrows/table/options
TAH-BIO-BIO26-L45-Q013,BIO26-PDF209-L45-S2-Q013,BIO26-L45,علم البيئة,الأنظمة البيئية المائية,209,209,208,2,13,BIO26-M28,BIO26-S28-01,,,NOT_STARTED,NOT_RUN,ONE_QUESTION_ONE_IMAGE_ONE_CODE; exclude number/year/stars/badge/next-question/header; preserve full biological figure/labels/arrows/table/options
TAH-BIO-BIO26-L45-Q014,BIO26-PDF209-L45-S2-Q014,BIO26-L45,علم البيئة,الأنظمة البيئية المائية,209,209,208,2,14,BIO26-M28,BIO26-S28-01,,,NOT_STARTED,NOT_RUN,ONE_QUESTION_ONE_IMAGE_ONE_CODE; exclude number/year/stars/badge/next-question/header; preserve full biological figure/labels/arrows/table/options
TAH-BIO-BIO26-L45-Q015,BIO26-PDF209-L45-S2-Q015,BIO26-L45,علم البيئة,الأنظمة البيئية المائية,209,209,208,2,15,BIO26-M28,BIO26-S28-01,,,NOT_STARTED,NOT_RUN,ONE_QUESTION_ONE_IMAGE_ONE_CODE; exclude number/year/stars/badge/next-question/header; preserve full biological figure/labels/arrows/table/options
TAH-BIO-BIO26-L45-Q016,BIO26-PDF209-L45-S2-Q016,BIO26-L45,علم البيئة,الأنظمة البيئية المائية,209,209,208,2,16,BIO26-M28,BIO26-S28-01,,,NOT_STARTED,NOT_RUN,ONE_QUESTION_ONE_IMAGE_ONE_CODE; exclude number/year/stars/badge/next-question/header; preserve full biological figure/labels/arrows/table/options
TAH-BIO-BIO26-L45-Q017,BIO26-PDF209-L45-S2-Q017,BIO26-L45,علم البيئة,الأنظمة البيئية المائية,209,209,208,2,17,BIO26-M28,BIO26-S28-01,,,NOT_STARTED,NOT_RUN,ONE_QUESTION_ONE_IMAGE_ONE_CODE; exclude number/year/stars/badge/next-question/header; preserve full biological figure/labels/arrows/table/options
TAH-BIO-BIO26-L45-Q018,BIO26-PDF209-L45-S2-Q018,BIO26-L45,علم البيئة,الأنظمة البيئية المائية,209,209,208,2,18,BIO26-M28,BIO26-S28-01,,,NOT_STARTED,NOT_RUN,ONE_QUESTION_ONE_IMAGE_ONE_CODE; exclude number/year/stars/badge/next-question/header; preserve full biological figure/labels/arrows/table/options
TAH-BIO-BIO26-L45-Q019,BIO26-PDF209-L45-S2-Q019,BIO26-L45,علم البيئة,الأنظمة البيئية المائية,209,209,208,2,19,BIO26-M28,BIO26-S28-01,,,NOT_STARTED,NOT_RUN,ONE_QUESTION_ONE_IMAGE_ONE_CODE; exclude number/year/stars/badge/next-question/header; preserve full biological figure/labels/arrows/table/options
TAH-BIO-BIO26-L45-Q020,BIO26-PDF209-L45-S2-Q020,BIO26-L45,علم البيئة,الأنظمة البيئية المائية,209,209,208,2,20,BIO26-M28,BIO26-S28-01,,,NOT_STARTED,NOT_RUN,ONE_QUESTION_ONE_IMAGE_ONE_CODE; exclude number/year/stars/badge/next-question/header; preserve full biological figure/labels/arrows/table/options
TAH-BIO-BIO26-L46-Q001,BIO26-PDF210-L46-S1-Q001,BIO26-L46,علم البيئة,علم بيئة الجماعات الحيوية,210,210,209,1,1,BIO26-M28,BIO26-S28-02,,,NOT_STARTED,NOT_RUN,ONE_QUESTION_ONE_IMAGE_ONE_CODE; exclude number/year/stars/badge/next-question/header; preserve full biological figure/labels/arrows/table/options
TAH-BIO-BIO26-L46-Q002,BIO26-PDF210-L46-S1-Q002,BIO26-L46,علم البيئة,علم بيئة الجماعات الحيوية,210,210,209,1,2,BIO26-M28,BIO26-S28-02,,,NOT_STARTED,NOT_RUN,ONE_QUESTION_ONE_IMAGE_ONE_CODE; exclude number/year/stars/badge/next-question/header; preserve full biological figure/labels/arrows/table/options
TAH-BIO-BIO26-L46-Q003,BIO26-PDF210-L46-S1-Q003,BIO26-L46,علم البيئة,علم بيئة الجماعات الحيوية,210,210,209,1,3,BIO26-M28,BIO26-S28-02,,,NOT_STARTED,NOT_RUN,ONE_QUESTION_ONE_IMAGE_ONE_CODE; exclude number/year/stars/badge/next-question/header; preserve full biological figure/labels/arrows/table/options
TAH-BIO-BIO26-L46-Q004,BIO26-PDF210-L46-S1-Q004,BIO26-L46,علم البيئة,علم بيئة الجماعات الحيوية,210,210,209,1,4,BIO26-M28,BIO26-S28-02,,,NOT_STARTED,NOT_RUN,ONE_QUESTION_ONE_IMAGE_ONE_CODE; exclude number/year/stars/badge/next-question/header; preserve full biological figure/labels/arrows/table/options
TAH-BIO-BIO26-L46-Q005,BIO26-PDF210-L46-S1-Q005,BIO26-L46,علم البيئة,علم بيئة الجماعات الحيوية,210,210,209,1,5,BIO26-M28,BIO26-S28-02,,,NOT_STARTED,NOT_RUN,ONE_QUESTION_ONE_IMAGE_ONE_CODE; exclude number/year/stars/badge/next-question/header; preserve full biological figure/labels/arrows/table/options
TAH-BIO-BIO26-L46-Q006,BIO26-PDF210-L46-S1-Q006,BIO26-L46,علم البيئة,علم بيئة الجماعات الحيوية,210,210,209,1,6,BIO26-M28,BIO26-S28-02,,,NOT_STARTED,NOT_RUN,ONE_QUESTION_ONE_IMAGE_ONE_CODE; exclude number/year/stars/badge/next-question/header; preserve full biological figure/labels/arrows/table/options
TAH-BIO-BIO26-L46-Q007,BIO26-PDF210-L46-S1-Q007,BIO26-L46,علم البيئة,علم بيئة الجماعات الحيوية,210,210,209,1,7,BIO26-M28,BIO26-S28-02,,,NOT_STARTED,NOT_RUN,ONE_QUESTION_ONE_IMAGE_ONE_CODE; exclude number/year/stars/badge/next-question/header; preserve full biological figure/labels/arrows/table/options
TAH-BIO-BIO26-L46-Q008,BIO26-PDF210-L46-S1-Q008,BIO26-L46,علم البيئة,علم بيئة الجماعات الحيوية,210,210,209,1,8,BIO26-M28,BIO26-S28-02,,,NOT_STARTED,NOT_RUN,ONE_QUESTION_ONE_IMAGE_ONE_CODE; exclude number/year/stars/badge/next-question/header; preserve full biological figure/labels/arrows/table/options
TAH-BIO-BIO26-L46-Q009,BIO26-PDF210-L46-S1-Q009,BIO26-L46,علم البيئة,علم بيئة الجماعات الحيوية,210,210,209,1,9,BIO26-M28,BIO26-S28-02,,,NOT_STARTED,NOT_RUN,ONE_QUESTION_ONE_IMAGE_ONE_CODE; exclude number/year/stars/badge/next-question/header; preserve full biological figure/labels/arrows/table/options
TAH-BIO-BIO26-L46-Q010,BIO26-PDF210-L46-S1-Q010,BIO26-L46,علم البيئة,علم بيئة الجماعات الحيوية,210,210,209,1,10,BIO26-M28,BIO26-S28-02,,,NOT_STARTED,NOT_RUN,ONE_QUESTION_ONE_IMAGE_ONE_CODE; exclude number/year/stars/badge/next-question/header; preserve full biological figure/labels/arrows/table/options
TAH-BIO-BIO26-L46-Q011,BIO26-PDF210-L46-S1-Q011,BIO26-L46,علم البيئة,علم بيئة الجماعات الحيوية,210,210,209,1,11,BIO26-M28,BIO26-S28-02,,,NOT_STARTED,NOT_RUN,ONE_QUESTION_ONE_IMAGE_ONE_CODE; exclude number/year/stars/badge/next-question/header; preserve full biological figure/labels/arrows/table/options
TAH-BIO-BIO26-L46-Q012,BIO26-PDF210-L46-S1-Q012,BIO26-L46,علم البيئة,علم بيئة الجماعات الحيوية,210,210,209,1,12,BIO26-M28,BIO26-S28-02,,,NOT_STARTED,NOT_RUN,ONE_QUESTION_ONE_IMAGE_ONE_CODE; exclude number/year/stars/badge/next-question/header; preserve full biological figure/labels/arrows/table/options
TAH-BIO-BIO26-L46-Q013,BIO26-PDF210-L46-S1-Q013,BIO26-L46,علم البيئة,علم بيئة الجماعات الحيوية,210,210,209,1,13,BIO26-M28,BIO26-S28-02,,,NOT_STARTED,NOT_RUN,ONE_QUESTION_ONE_IMAGE_ONE_CODE; exclude number/year/stars/badge/next-question/header; preserve full biological figure/labels/arrows/table/options
TAH-BIO-BIO26-L46-Q014,BIO26-PDF210-L46-S1-Q014,BIO26-L46,علم البيئة,علم بيئة الجماعات الحيوية,210,210,209,1,14,BIO26-M28,BIO26-S28-02,,,NOT_STARTED,NOT_RUN,ONE_QUESTION_ONE_IMAGE_ONE_CODE; exclude number/year/stars/badge/next-question/header; preserve full biological figure/labels/arrows/table/options
TAH-BIO-BIO26-L46-Q015,BIO26-PDF210-L46-S1-Q015,BIO26-L46,علم البيئة,علم بيئة الجماعات الحيوية,210,210,209,1,15,BIO26-M28,BIO26-S28-02,,,NOT_STARTED,NOT_RUN,ONE_QUESTION_ONE_IMAGE_ONE_CODE; exclude number/year/stars/badge/next-question/header; preserve full biological figure/labels/arrows/table/options
TAH-BIO-BIO26-L46-Q016,BIO26-PDF210-L46-S1-Q016,BIO26-L46,علم البيئة,علم بيئة الجماعات الحيوية,210,210,209,1,16,BIO26-M28,BIO26-S28-02,,,NOT_STARTED,NOT_RUN,ONE_QUESTION_ONE_IMAGE_ONE_CODE; exclude number/year/stars/badge/next-question/header; preserve full biological figure/labels/arrows/table/options
TAH-BIO-BIO26-L46-Q017,BIO26-PDF210-L46-S1-Q017,BIO26-L46,علم البيئة,علم بيئة الجماعات الحيوية,210,210,209,1,17,BIO26-M28,BIO26-S28-02,,,NOT_STARTED,NOT_RUN,ONE_QUESTION_ONE_IMAGE_ONE_CODE; exclude number/year/stars/badge/next-question/header; preserve full biological figure/labels/arrows/table/options
TAH-BIO-BIO26-L46-Q018,BIO26-PDF211-L46-S1-Q018,BIO26-L46,علم البيئة,علم بيئة الجماعات الحيوية,211,211,210,1,18,BIO26-M28,BIO26-S28-02,,,NOT_STARTED,NOT_RUN,ONE_QUESTION_ONE_IMAGE_ONE_CODE; exclude number/year/stars/badge/next-question/header; preserve full biological figure/labels/arrows/table/options
TAH-BIO-BIO26-L46-Q019,BIO26-PDF211-L46-S1-Q019,BIO26-L46,علم البيئة,علم بيئة الجماعات الحيوية,211,211,210,1,19,BIO26-M28,BIO26-S28-02,,,NOT_STARTED,NOT_RUN,ONE_QUESTION_ONE_IMAGE_ONE_CODE; exclude number/year/stars/badge/next-question/header; preserve full biological figure/labels/arrows/table/options
TAH-BIO-BIO26-L46-Q020,BIO26-PDF211-L46-S1-Q020,BIO26-L46,علم البيئة,علم بيئة الجماعات الحيوية,211,211,210,1,20,BIO26-M28,BIO26-S28-02,,,NOT_STARTED,NOT_RUN,ONE_QUESTION_ONE_IMAGE_ONE_CODE; exclude number/year/stars/badge/next-question/header; preserve full biological figure/labels/arrows/table/options
TAH-BIO-BIO26-L46-Q021,BIO26-PDF211-L46-S1-Q021,BIO26-L46,علم البيئة,علم بيئة الجماعات الحيوية,211,211,210,1,21,BIO26-M28,BIO26-S28-02,,,NOT_STARTED,NOT_RUN,ONE_QUESTION_ONE_IMAGE_ONE_CODE; exclude number/year/stars/badge/next-question/header; preserve full biological figure/labels/arrows/table/options
TAH-BIO-BIO26-L46-Q022,BIO26-PDF211-L46-S1-Q022,BIO26-L46,علم البيئة,علم بيئة الجماعات الحيوية,211,211,210,1,22,BIO26-M28,BIO26-S28-02,,,NOT_STARTED,NOT_RUN,ONE_QUESTION_ONE_IMAGE_ONE_CODE; exclude number/year/stars/badge/next-question/header; preserve full biological figure/labels/arrows/table/options
TAH-BIO-BIO26-L46-Q023,BIO26-PDF211-L46-S1-Q023,BIO26-L46,علم البيئة,علم بيئة الجماعات الحيوية,211,211,210,1,23,BIO26-M28,BIO26-S28-02,,,NOT_STARTED,NOT_RUN,ONE_QUESTION_ONE_IMAGE_ONE_CODE; exclude number/year/stars/badge/next-question/header; preserve full biological figure/labels/arrows/table/options
TAH-BIO-BIO26-L46-Q024,BIO26-PDF211-L46-S1-Q024,BIO26-L46,علم البيئة,علم بيئة الجماعات الحيوية,211,211,210,1,24,BIO26-M28,BIO26-S28-02,,,NOT_STARTED,NOT_RUN,ONE_QUESTION_ONE_IMAGE_ONE_CODE; exclude number/year/stars/badge/next-question/header; preserve full biological figure/labels/arrows/table/options
TAH-BIO-BIO26-L46-Q025,BIO26-PDF211-L46-S1-Q025,BIO26-L46,علم البيئة,علم بيئة الجماعات الحيوية,211,211,210,1,25,BIO26-M28,BIO26-S28-02,,,NOT_STARTED,NOT_RUN,ONE_QUESTION_ONE_IMAGE_ONE_CODE; exclude number/year/stars/badge/next-question/header; preserve full biological figure/labels/arrows/table/options
TAH-BIO-BIO26-L46-Q026,BIO26-PDF211-L46-S1-Q026,BIO26-L46,علم البيئة,علم بيئة الجماعات الحيوية,211,211,210,1,26,BIO26-M28,BIO26-S28-02,,,NOT_STARTED,NOT_RUN,ONE_QUESTION_ONE_IMAGE_ONE_CODE; exclude number/year/stars/badge/next-question/header; preserve full biological figure/labels/arrows/table/options
TAH-BIO-BIO26-L46-Q027,BIO26-PDF212-L46-S1-Q027,BIO26-L46,علم البيئة,علم بيئة الجماعات الحيوية,212,212,211,1,27,BIO26-M28,BIO26-S28-02,,,NOT_STARTED,NOT_RUN,ONE_QUESTION_ONE_IMAGE_ONE_CODE; exclude number/year/stars/badge/next-question/header; preserve full biological figure/labels/arrows/table/options
TAH-BIO-BIO26-L46-Q028,BIO26-PDF212-L46-S1-Q028,BIO26-L46,علم البيئة,علم بيئة الجماعات الحيوية,212,212,211,1,28,BIO26-M28,BIO26-S28-02,,,NOT_STARTED,NOT_RUN,ONE_QUESTION_ONE_IMAGE_ONE_CODE; exclude number/year/stars/badge/next-question/header; preserve full biological figure/labels/arrows/table/options
TAH-BIO-BIO26-L46-Q029,BIO26-PDF212-L46-S1-Q029,BIO26-L46,علم البيئة,علم بيئة الجماعات الحيوية,212,212,211,1,29,BIO26-M28,BIO26-S28-02,,,NOT_STARTED,NOT_RUN,ONE_QUESTION_ONE_IMAGE_ONE_CODE; exclude number/year/stars/badge/next-question/header; preserve full biological figure/labels/arrows/table/options
TAH-BIO-BIO26-L46-Q030,BIO26-PDF212-L46-S1-Q030,BIO26-L46,علم البيئة,علم بيئة الجماعات الحيوية,212,212,211,1,30,BIO26-M28,BIO26-S28-02,,,NOT_STARTED,NOT_RUN,ONE_QUESTION_ONE_IMAGE_ONE_CODE; exclude number/year/stars/badge/next-question/header; preserve full biological figure/labels/arrows/table/options
TAH-BIO-BIO26-L46-Q031,BIO26-PDF212-L46-S1-Q031,BIO26-L46,علم البيئة,علم بيئة الجماعات الحيوية,212,212,211,1,31,BIO26-M28,BIO26-S28-02,,,NOT_STARTED,NOT_RUN,ONE_QUESTION_ONE_IMAGE_ONE_CODE; exclude number/year/stars/badge/next-question/header; preserve full biological figure/labels/arrows/table/options
TAH-BIO-BIO26-L46-Q032,BIO26-PDF212-L46-S1-Q032,BIO26-L46,علم البيئة,علم بيئة الجماعات الحيوية,212,212,211,1,32,BIO26-M28,BIO26-S28-02,,,NOT_STARTED,NOT_RUN,ONE_QUESTION_ONE_IMAGE_ONE_CODE; exclude number/year/stars/badge/next-question/header; preserve full biological figure/labels/arrows/table/options
TAH-BIO-BIO26-L46-Q033,BIO26-PDF213-L46-S2-Q033,BIO26-L46,علم البيئة,علم بيئة الجماعات الحيوية,213,213,212,2,33,BIO26-M28,BIO26-S28-02,,,NOT_STARTED,NOT_RUN,ONE_QUESTION_ONE_IMAGE_ONE_CODE; exclude number/year/stars/badge/next-question/header; preserve full biological figure/labels/arrows/table/options
TAH-BIO-BIO26-L46-Q034,BIO26-PDF213-L46-S2-Q034,BIO26-L46,علم البيئة,علم بيئة الجماعات الحيوية,213,213,212,2,34,BIO26-M28,BIO26-S28-02,,,NOT_STARTED,NOT_RUN,ONE_QUESTION_ONE_IMAGE_ONE_CODE; exclude number/year/stars/badge/next-question/header; preserve full biological figure/labels/arrows/table/options
TAH-BIO-BIO26-L46-Q035,BIO26-PDF213-L46-S2-Q035,BIO26-L46,علم البيئة,علم بيئة الجماعات الحيوية,213,213,212,2,35,BIO26-M28,BIO26-S28-02,,,NOT_STARTED,NOT_RUN,ONE_QUESTION_ONE_IMAGE_ONE_CODE; exclude number/year/stars/badge/next-question/header; preserve full biological figure/labels/arrows/table/options
TAH-BIO-BIO26-L46-Q036,BIO26-PDF213-L46-S2-Q036,BIO26-L46,علم البيئة,علم بيئة الجماعات الحيوية,213,213,212,2,36,BIO26-M28,BIO26-S28-02,,,NOT_STARTED,NOT_RUN,ONE_QUESTION_ONE_IMAGE_ONE_CODE; exclude number/year/stars/badge/next-question/header; preserve full biological figure/labels/arrows/table/options
TAH-BIO-BIO26-L46-Q037,BIO26-PDF213-L46-S2-Q037,BIO26-L46,علم البيئة,علم بيئة الجماعات الحيوية,213,213,212,2,37,BIO26-M28,BIO26-S28-02,,,NOT_STARTED,NOT_RUN,ONE_QUESTION_ONE_IMAGE_ONE_CODE; exclude number/year/stars/badge/next-question/header; preserve full biological figure/labels/arrows/table/options
TAH-BIO-BIO26-L46-Q038,BIO26-PDF213-L46-S2-Q038,BIO26-L46,علم البيئة,علم بيئة الجماعات الحيوية,213,213,212,2,38,BIO26-M28,BIO26-S28-02,,,NOT_STARTED,NOT_RUN,ONE_QUESTION_ONE_IMAGE_ONE_CODE; exclude number/year/stars/badge/next-question/header; preserve full biological figure/labels/arrows/table/options
TAH-BIO-BIO26-L46-Q039,BIO26-PDF213-L46-S2-Q039,BIO26-L46,علم البيئة,علم بيئة الجماعات الحيوية,213,213,212,2,39,BIO26-M28,BIO26-S28-02,,,NOT_STARTED,NOT_RUN,ONE_QUESTION_ONE_IMAGE_ONE_CODE; exclude number/year/stars/badge/next-question/header; preserve full biological figure/labels/arrows/table/options
TAH-BIO-BIO26-L46-Q040,BIO26-PDF213-L46-S2-Q040,BIO26-L46,علم البيئة,علم بيئة الجماعات الحيوية,213,213,212,2,40,BIO26-M28,BIO26-S28-02,,,NOT_STARTED,NOT_RUN,ONE_QUESTION_ONE_IMAGE_ONE_CODE; exclude number/year/stars/badge/next-question/header; preserve full biological figure/labels/arrows/table/options
TAH-BIO-BIO26-L46-Q041,BIO26-PDF213-L46-S2-Q041,BIO26-L46,علم البيئة,علم بيئة الجماعات الحيوية,213,213,212,2,41,BIO26-M28,BIO26-S28-02,,,NOT_STARTED,NOT_RUN,ONE_QUESTION_ONE_IMAGE_ONE_CODE; exclude number/year/stars/badge/next-question/header; preserve full biological figure/labels/arrows/table/options
TAH-BIO-BIO26-L46-Q042,BIO26-PDF213-L46-S2-Q042,BIO26-L46,علم البيئة,علم بيئة الجماعات الحيوية,213,213,212,2,42,BIO26-M28,BIO26-S28-02,,,NOT_STARTED,NOT_RUN,ONE_QUESTION_ONE_IMAGE_ONE_CODE; exclude number/year/stars/badge/next-question/header; preserve full biological figure/labels/arrows/table/options
TAH-BIO-BIO26-L46-Q043,BIO26-PDF213-L46-S2-Q043,BIO26-L46,علم البيئة,علم بيئة الجماعات الحيوية,213,213,212,2,43,BIO26-M28,BIO26-S28-02,,,NOT_STARTED,NOT_RUN,ONE_QUESTION_ONE_IMAGE_ONE_CODE; exclude number/year/stars/badge/next-question/header; preserve full biological figure/labels/arrows/table/options
TAH-BIO-BIO26-L46-Q044,BIO26-PDF213-L46-S2-Q044,BIO26-L46,علم البيئة,علم بيئة الجماعات الحيوية,213,213,212,2,44,BIO26-M28,BIO26-S28-02,,,NOT_STARTED,NOT_RUN,ONE_QUESTION_ONE_IMAGE_ONE_CODE; exclude number/year/stars/badge/next-question/header; preserve full biological figure/labels/arrows/table/options
TAH-BIO-BIO26-L46-Q045,BIO26-PDF213-L46-S2-Q045,BIO26-L46,علم البيئة,علم بيئة الجماعات الحيوية,213,213,212,2,45,BIO26-M28,BIO26-S28-02,,,NOT_STARTED,NOT_RUN,ONE_QUESTION_ONE_IMAGE_ONE_CODE; exclude number/year/stars/badge/next-question/header; preserve full biological figure/labels/arrows/table/options
TAH-BIO-BIO26-L46-Q046,BIO26-PDF213-L46-S2-Q046,BIO26-L46,علم البيئة,علم بيئة الجماعات الحيوية,213,213,212,2,46,BIO26-M28,BIO26-S28-02,,,NOT_STARTED,NOT_RUN,ONE_QUESTION_ONE_IMAGE_ONE_CODE; exclude number/year/stars/badge/next-question/header; preserve full biological figure/labels/arrows/table/options
TAH-BIO-BIO26-L46-Q047,BIO26-PDF213-L46-S2-Q047,BIO26-L46,علم البيئة,علم بيئة الجماعات الحيوية,213,213,212,2,47,BIO26-M28,BIO26-S28-02,,,NOT_STARTED,NOT_RUN,ONE_QUESTION_ONE_IMAGE_ONE_CODE; exclude number/year/stars/badge/next-question/header; preserve full biological figure/labels/arrows/table/options
TAH-BIO-BIO26-L46-Q048,BIO26-PDF213-L46-S2-Q048,BIO26-L46,علم البيئة,علم بيئة الجماعات الحيوية,213,213,212,2,48,BIO26-M28,BIO26-S28-02,,,NOT_STARTED,NOT_RUN,ONE_QUESTION_ONE_IMAGE_ONE_CODE; exclude number/year/stars/badge/next-question/header; preserve full biological figure/labels/arrows/table/options
TAH-BIO-BIO26-L46-Q049,BIO26-PDF214-L46-S2-Q049,BIO26-L46,علم البيئة,علم بيئة الجماعات الحيوية,214,214,213,2,49,BIO26-M28,BIO26-S28-02,,,NOT_STARTED,NOT_RUN,ONE_QUESTION_ONE_IMAGE_ONE_CODE; exclude number/year/stars/badge/next-question/header; preserve full biological figure/labels/arrows/table/options
TAH-BIO-BIO26-L46-Q050,BIO26-PDF214-L46-S2-Q050,BIO26-L46,علم البيئة,علم بيئة الجماعات الحيوية,214,214,213,2,50,BIO26-M28,BIO26-S28-02,,,NOT_STARTED,NOT_RUN,ONE_QUESTION_ONE_IMAGE_ONE_CODE; exclude number/year/stars/badge/next-question/header; preserve full biological figure/labels/arrows/table/options
TAH-BIO-BIO26-L46-Q051,BIO26-PDF214-L46-S2-Q051,BIO26-L46,علم البيئة,علم بيئة الجماعات الحيوية,214,214,213,2,51,BIO26-M28,BIO26-S28-02,,,NOT_STARTED,NOT_RUN,ONE_QUESTION_ONE_IMAGE_ONE_CODE; exclude number/year/stars/badge/next-question/header; preserve full biological figure/labels/arrows/table/options
TAH-BIO-BIO26-L46-Q052,BIO26-PDF214-L46-S2-Q052,BIO26-L46,علم البيئة,علم بيئة الجماعات الحيوية,214,214,213,2,52,BIO26-M28,BIO26-S28-02,,,NOT_STARTED,NOT_RUN,ONE_QUESTION_ONE_IMAGE_ONE_CODE; exclude number/year/stars/badge/next-question/header; preserve full biological figure/labels/arrows/table/options
TAH-BIO-BIO26-L46-Q053,BIO26-PDF214-L46-S2-Q053,BIO26-L46,علم البيئة,علم بيئة الجماعات الحيوية,214,214,213,2,53,BIO26-M28,BIO26-S28-02,,,NOT_STARTED,NOT_RUN,ONE_QUESTION_ONE_IMAGE_ONE_CODE; exclude number/year/stars/badge/next-question/header; preserve full biological figure/labels/arrows/table/options
TAH-BIO-BIO26-L47-Q001,BIO26-PDF215-L47-S1-Q001,BIO26-L47,علم البيئة,التنوع الحيوي والمحافظة عليه,215,215,214,1,1,BIO26-M28,BIO26-S28-03,,,NOT_STARTED,NOT_RUN,ONE_QUESTION_ONE_IMAGE_ONE_CODE; exclude number/year/stars/badge/next-question/header; preserve full biological figure/labels/arrows/table/options
TAH-BIO-BIO26-L47-Q002,BIO26-PDF215-L47-S1-Q002,BIO26-L47,علم البيئة,التنوع الحيوي والمحافظة عليه,215,215,214,1,2,BIO26-M28,BIO26-S28-03,,,NOT_STARTED,NOT_RUN,ONE_QUESTION_ONE_IMAGE_ONE_CODE; exclude number/year/stars/badge/next-question/header; preserve full biological figure/labels/arrows/table/options
TAH-BIO-BIO26-L47-Q003,BIO26-PDF215-L47-S1-Q003,BIO26-L47,علم البيئة,التنوع الحيوي والمحافظة عليه,215,215,214,1,3,BIO26-M28,BIO26-S28-03,,,NOT_STARTED,NOT_RUN,ONE_QUESTION_ONE_IMAGE_ONE_CODE; exclude number/year/stars/badge/next-question/header; preserve full biological figure/labels/arrows/table/options
TAH-BIO-BIO26-L47-Q004,BIO26-PDF215-L47-S1-Q004,BIO26-L47,علم البيئة,التنوع الحيوي والمحافظة عليه,215,215,214,1,4,BIO26-M28,BIO26-S28-03,,,NOT_STARTED,NOT_RUN,ONE_QUESTION_ONE_IMAGE_ONE_CODE; exclude number/year/stars/badge/next-question/header; preserve full biological figure/labels/arrows/table/options
TAH-BIO-BIO26-L47-Q005,BIO26-PDF215-L47-S1-Q005,BIO26-L47,علم البيئة,التنوع الحيوي والمحافظة عليه,215,215,214,1,5,BIO26-M28,BIO26-S28-03,,,NOT_STARTED,NOT_RUN,ONE_QUESTION_ONE_IMAGE_ONE_CODE; exclude number/year/stars/badge/next-question/header; preserve full biological figure/labels/arrows/table/options
TAH-BIO-BIO26-L47-Q006,BIO26-PDF215-L47-S1-Q006,BIO26-L47,علم البيئة,التنوع الحيوي والمحافظة عليه,215,215,214,1,6,BIO26-M28,BIO26-S28-03,,,NOT_STARTED,NOT_RUN,ONE_QUESTION_ONE_IMAGE_ONE_CODE; exclude number/year/stars/badge/next-question/header; preserve full biological figure/labels/arrows/table/options
TAH-BIO-BIO26-L47-Q007,BIO26-PDF215-L47-S1-Q007,BIO26-L47,علم البيئة,التنوع الحيوي والمحافظة عليه,215,215,214,1,7,BIO26-M28,BIO26-S28-03,,,NOT_STARTED,NOT_RUN,ONE_QUESTION_ONE_IMAGE_ONE_CODE; exclude number/year/stars/badge/next-question/header; preserve full biological figure/labels/arrows/table/options
TAH-BIO-BIO26-L47-Q008,BIO26-PDF215-L47-S1-Q008,BIO26-L47,علم البيئة,التنوع الحيوي والمحافظة عليه,215,215,214,1,8,BIO26-M28,BIO26-S28-03,,,NOT_STARTED,NOT_RUN,ONE_QUESTION_ONE_IMAGE_ONE_CODE; exclude number/year/stars/badge/next-question/header; preserve full biological figure/labels/arrows/table/options
TAH-BIO-BIO26-L47-Q009,BIO26-PDF215-L47-S1-Q009,BIO26-L47,علم البيئة,التنوع الحيوي والمحافظة عليه,215,215,214,1,9,BIO26-M28,BIO26-S28-03,,,NOT_STARTED,NOT_RUN,ONE_QUESTION_ONE_IMAGE_ONE_CODE; exclude number/year/stars/badge/next-question/header; preserve full biological figure/labels/arrows/table/options
TAH-BIO-BIO26-L47-Q010,BIO26-PDF215-L47-S1-Q010,BIO26-L47,علم البيئة,التنوع الحيوي والمحافظة عليه,215,215,214,1,10,BIO26-M28,BIO26-S28-03,,,NOT_STARTED,NOT_RUN,ONE_QUESTION_ONE_IMAGE_ONE_CODE; exclude number/year/stars/badge/next-question/header; preserve full biological figure/labels/arrows/table/options
TAH-BIO-BIO26-L47-Q011,BIO26-PDF215-L47-S1-Q011,BIO26-L47,علم البيئة,التنوع الحيوي والمحافظة عليه,215,215,214,1,11,BIO26-M28,BIO26-S28-03,,,NOT_STARTED,NOT_RUN,ONE_QUESTION_ONE_IMAGE_ONE_CODE; exclude number/year/stars/badge/next-question/header; preserve full biological figure/labels/arrows/table/options
TAH-BIO-BIO26-L47-Q012,BIO26-PDF215-L47-S1-Q012,BIO26-L47,علم البيئة,التنوع الحيوي والمحافظة عليه,215,215,214,1,12,BIO26-M28,BIO26-S28-03,,,NOT_STARTED,NOT_RUN,ONE_QUESTION_ONE_IMAGE_ONE_CODE; exclude number/year/stars/badge/next-question/header; preserve full biological figure/labels/arrows/table/options
TAH-BIO-BIO26-L47-Q013,BIO26-PDF215-L47-S1-Q013,BIO26-L47,علم البيئة,التنوع الحيوي والمحافظة عليه,215,215,214,1,13,BIO26-M28,BIO26-S28-03,,,NOT_STARTED,NOT_RUN,ONE_QUESTION_ONE_IMAGE_ONE_CODE; exclude number/year/stars/badge/next-question/header; preserve full biological figure/labels/arrows/table/options
TAH-BIO-BIO26-L47-Q014,BIO26-PDF215-L47-S1-Q014,BIO26-L47,علم البيئة,التنوع الحيوي والمحافظة عليه,215,215,214,1,14,BIO26-M28,BIO26-S28-03,,,NOT_STARTED,NOT_RUN,ONE_QUESTION_ONE_IMAGE_ONE_CODE; exclude number/year/stars/badge/next-question/header; preserve full biological figure/labels/arrows/table/options
TAH-BIO-BIO26-L47-Q015,BIO26-PDF215-L47-S1-Q015,BIO26-L47,علم البيئة,التنوع الحيوي والمحافظة عليه,215,215,214,1,15,BIO26-M28,BIO26-S28-03,,,NOT_STARTED,NOT_RUN,ONE_QUESTION_ONE_IMAGE_ONE_CODE; exclude number/year/stars/badge/next-question/header; preserve full biological figure/labels/arrows/table/options
TAH-BIO-BIO26-L47-Q016,BIO26-PDF215-L47-S1-Q016,BIO26-L47,علم البيئة,التنوع الحيوي والمحافظة عليه,215,215,214,1,16,BIO26-M28,BIO26-S28-03,,,NOT_STARTED,NOT_RUN,ONE_QUESTION_ONE_IMAGE_ONE_CODE; exclude number/year/stars/badge/next-question/header; preserve full biological figure/labels/arrows/table/options
TAH-BIO-BIO26-L47-Q017,BIO26-PDF216-L47-S1-Q017,BIO26-L47,علم البيئة,التنوع الحيوي والمحافظة عليه,216,216,215,1,17,BIO26-M28,BIO26-S28-03,,,NOT_STARTED,NOT_RUN,ONE_QUESTION_ONE_IMAGE_ONE_CODE; exclude number/year/stars/badge/next-question/header; preserve full biological figure/labels/arrows/table/options
TAH-BIO-BIO26-L47-Q018,BIO26-PDF216-L47-S1-Q018,BIO26-L47,علم البيئة,التنوع الحيوي والمحافظة عليه,216,216,215,1,18,BIO26-M28,BIO26-S28-03,,,NOT_STARTED,NOT_RUN,ONE_QUESTION_ONE_IMAGE_ONE_CODE; exclude number/year/stars/badge/next-question/header; preserve full biological figure/labels/arrows/table/options
TAH-BIO-BIO26-L47-Q019,BIO26-PDF216-L47-S1-Q019,BIO26-L47,علم البيئة,التنوع الحيوي والمحافظة عليه,216,216,215,1,19,BIO26-M28,BIO26-S28-03,,,NOT_STARTED,NOT_RUN,ONE_QUESTION_ONE_IMAGE_ONE_CODE; exclude number/year/stars/badge/next-question/header; preserve full biological figure/labels/arrows/table/options
TAH-BIO-BIO26-L47-Q020,BIO26-PDF216-L47-S1-Q020,BIO26-L47,علم البيئة,التنوع الحيوي والمحافظة عليه,216,216,215,1,20,BIO26-M28,BIO26-S28-03,,,NOT_STARTED,NOT_RUN,ONE_QUESTION_ONE_IMAGE_ONE_CODE; exclude number/year/stars/badge/next-question/header; preserve full biological figure/labels/arrows/table/options
TAH-BIO-BIO26-L47-Q021,BIO26-PDF216-L47-S1-Q021,BIO26-L47,علم البيئة,التنوع الحيوي والمحافظة عليه,216,216,215,1,21,BIO26-M28,BIO26-S28-03,,,NOT_STARTED,NOT_RUN,ONE_QUESTION_ONE_IMAGE_ONE_CODE; exclude number/year/stars/badge/next-question/header; preserve full biological figure/labels/arrows/table/options
TAH-BIO-BIO26-L47-Q022,BIO26-PDF216-L47-S1-Q022,BIO26-L47,علم البيئة,التنوع الحيوي والمحافظة عليه,216,216,215,1,22,BIO26-M28,BIO26-S28-03,,,NOT_STARTED,NOT_RUN,ONE_QUESTION_ONE_IMAGE_ONE_CODE; exclude number/year/stars/badge/next-question/header; preserve full biological figure/labels/arrows/table/options
TAH-BIO-BIO26-L47-Q023,BIO26-PDF216-L47-S1-Q023,BIO26-L47,علم البيئة,التنوع الحيوي والمحافظة عليه,216,216,215,1,23,BIO26-M28,BIO26-S28-03,,,NOT_STARTED,NOT_RUN,ONE_QUESTION_ONE_IMAGE_ONE_CODE; exclude number/year/stars/badge/next-question/header; preserve full biological figure/labels/arrows/table/options
TAH-BIO-BIO26-L47-Q024,BIO26-PDF216-L47-S1-Q024,BIO26-L47,علم البيئة,التنوع الحيوي والمحافظة عليه,216,216,215,1,24,BIO26-M28,BIO26-S28-03,,,NOT_STARTED,NOT_RUN,ONE_QUESTION_ONE_IMAGE_ONE_CODE; exclude number/year/stars/badge/next-question/header; preserve full biological figure/labels/arrows/table/options
TAH-BIO-BIO26-L47-Q025,BIO26-PDF216-L47-S1-Q025,BIO26-L47,علم البيئة,التنوع الحيوي والمحافظة عليه,216,216,215,1,25,BIO26-M28,BIO26-S28-03,,,NOT_STARTED,NOT_RUN,ONE_QUESTION_ONE_IMAGE_ONE_CODE; exclude number/year/stars/badge/next-question/header; preserve full biological figure/labels/arrows/table/options
TAH-BIO-BIO26-L47-Q026,BIO26-PDF216-L47-S1-Q026,BIO26-L47,علم البيئة,التنوع الحيوي والمحافظة عليه,216,216,215,1,26,BIO26-M28,BIO26-S28-03,,,NOT_STARTED,NOT_RUN,ONE_QUESTION_ONE_IMAGE_ONE_CODE; exclude number/year/stars/badge/next-question/header; preserve full biological figure/labels/arrows/table/options
TAH-BIO-BIO26-L47-Q027,BIO26-PDF216-L47-S1-Q027,BIO26-L47,علم البيئة,التنوع الحيوي والمحافظة عليه,216,216,215,1,27,BIO26-M28,BIO26-S28-03,,,NOT_STARTED,NOT_RUN,ONE_QUESTION_ONE_IMAGE_ONE_CODE; exclude number/year/stars/badge/next-question/header; preserve full biological figure/labels/arrows/table/options
TAH-BIO-BIO26-L47-Q028,BIO26-PDF216-L47-S1-Q028,BIO26-L47,علم البيئة,التنوع الحيوي والمحافظة عليه,216,216,215,1,28,BIO26-M28,BIO26-S28-03,,,NOT_STARTED,NOT_RUN,ONE_QUESTION_ONE_IMAGE_ONE_CODE; exclude number/year/stars/badge/next-question/header; preserve full biological figure/labels/arrows/table/options
TAH-BIO-BIO26-L47-Q029,BIO26-PDF216-L47-S1-Q029,BIO26-L47,علم البيئة,التنوع الحيوي والمحافظة عليه,216,216,215,1,29,BIO26-M28,BIO26-S28-03,,,NOT_STARTED,NOT_RUN,ONE_QUESTION_ONE_IMAGE_ONE_CODE; exclude number/year/stars/badge/next-question/header; preserve full biological figure/labels/arrows/table/options
TAH-BIO-BIO26-L47-Q030,BIO26-PDF216-L47-S1-Q030,BIO26-L47,علم البيئة,التنوع الحيوي والمحافظة عليه,216,216,215,1,30,BIO26-M28,BIO26-S28-03,,,NOT_STARTED,NOT_RUN,ONE_QUESTION_ONE_IMAGE_ONE_CODE; exclude number/year/stars/badge/next-question/header; preserve full biological figure/labels/arrows/table/options
TAH-BIO-BIO26-L47-Q031,BIO26-PDF216-L47-S1-Q031,BIO26-L47,علم البيئة,التنوع الحيوي والمحافظة عليه,216,216,215,1,31,BIO26-M28,BIO26-S28-03,,,NOT_STARTED,NOT_RUN,ONE_QUESTION_ONE_IMAGE_ONE_CODE; exclude number/year/stars/badge/next-question/header; preserve full biological figure/labels/arrows/table/options
TAH-BIO-BIO26-L47-Q032,BIO26-PDF216-L47-S1-Q032,BIO26-L47,علم البيئة,التنوع الحيوي والمحافظة عليه,216,216,215,1,32,BIO26-M28,BIO26-S28-03,,,NOT_STARTED,NOT_RUN,ONE_QUESTION_ONE_IMAGE_ONE_CODE; exclude number/year/stars/badge/next-question/header; preserve full biological figure/labels/arrows/table/options
TAH-BIO-BIO26-L47-Q033,BIO26-PDF216-L47-S1-Q033,BIO26-L47,علم البيئة,التنوع الحيوي والمحافظة عليه,216,216,215,1,33,BIO26-M28,BIO26-S28-03,,,NOT_STARTED,NOT_RUN,ONE_QUESTION_ONE_IMAGE_ONE_CODE; exclude number/year/stars/badge/next-question/header; preserve full biological figure/labels/arrows/table/options
TAH-BIO-BIO26-L47-Q034,BIO26-PDF216-L47-S1-Q034,BIO26-L47,علم البيئة,التنوع الحيوي والمحافظة عليه,216,216,215,1,34,BIO26-M28,BIO26-S28-03,,,NOT_STARTED,NOT_RUN,ONE_QUESTION_ONE_IMAGE_ONE_CODE; exclude number/year/stars/badge/next-question/header; preserve full biological figure/labels/arrows/table/options
TAH-BIO-BIO26-L47-Q035,BIO26-PDF217-L47-S1-Q035,BIO26-L47,علم البيئة,التنوع الحيوي والمحافظة عليه,217,217,216,1,35,BIO26-M28,BIO26-S28-03,,,NOT_STARTED,NOT_RUN,ONE_QUESTION_ONE_IMAGE_ONE_CODE; exclude number/year/stars/badge/next-question/header; preserve full biological figure/labels/arrows/table/options
TAH-BIO-BIO26-L47-Q036,BIO26-PDF217-L47-S1-Q036,BIO26-L47,علم البيئة,التنوع الحيوي والمحافظة عليه,217,217,216,1,36,BIO26-M28,BIO26-S28-03,,,NOT_STARTED,NOT_RUN,ONE_QUESTION_ONE_IMAGE_ONE_CODE; exclude number/year/stars/badge/next-question/header; preserve full biological figure/labels/arrows/table/options
TAH-BIO-BIO26-L47-Q037,BIO26-PDF217-L47-S1-Q037,BIO26-L47,علم البيئة,التنوع الحيوي والمحافظة عليه,217,217,216,1,37,BIO26-M28,BIO26-S28-03,,,NOT_STARTED,NOT_RUN,ONE_QUESTION_ONE_IMAGE_ONE_CODE; exclude number/year/stars/badge/next-question/header; preserve full biological figure/labels/arrows/table/options
TAH-BIO-BIO26-L47-Q038,BIO26-PDF217-L47-S1-Q038,BIO26-L47,علم البيئة,التنوع الحيوي والمحافظة عليه,217,217,216,1,38,BIO26-M28,BIO26-S28-03,,,NOT_STARTED,NOT_RUN,ONE_QUESTION_ONE_IMAGE_ONE_CODE; exclude number/year/stars/badge/next-question/header; preserve full biological figure/labels/arrows/table/options
TAH-BIO-BIO26-L47-Q039,BIO26-PDF217-L47-S1-Q039,BIO26-L47,علم البيئة,التنوع الحيوي والمحافظة عليه,217,217,216,1,39,BIO26-M28,BIO26-S28-03,,,NOT_STARTED,NOT_RUN,ONE_QUESTION_ONE_IMAGE_ONE_CODE; exclude number/year/stars/badge/next-question/header; preserve full biological figure/labels/arrows/table/options
TAH-BIO-BIO26-L47-Q040,BIO26-PDF217-L47-S1-Q040,BIO26-L47,علم البيئة,التنوع الحيوي والمحافظة عليه,217,217,216,1,40,BIO26-M28,BIO26-S28-03,,,NOT_STARTED,NOT_RUN,ONE_QUESTION_ONE_IMAGE_ONE_CODE; exclude number/year/stars/badge/next-question/header; preserve full biological figure/labels/arrows/table/options
TAH-BIO-BIO26-L47-Q041,BIO26-PDF217-L47-S1-Q041,BIO26-L47,علم البيئة,التنوع الحيوي والمحافظة عليه,217,217,216,1,41,BIO26-M28,BIO26-S28-03,,,NOT_STARTED,NOT_RUN,ONE_QUESTION_ONE_IMAGE_ONE_CODE; exclude number/year/stars/badge/next-question/header; preserve full biological figure/labels/arrows/table/options
TAH-BIO-BIO26-L47-Q042,BIO26-PDF217-L47-S1-Q042,BIO26-L47,علم البيئة,التنوع الحيوي والمحافظة عليه,217,217,216,1,42,BIO26-M28,BIO26-S28-03,,,NOT_STARTED,NOT_RUN,ONE_QUESTION_ONE_IMAGE_ONE_CODE; exclude number/year/stars/badge/next-question/header; preserve full biological figure/labels/arrows/table/options
TAH-BIO-BIO26-L47-Q043,BIO26-PDF217-L47-S1-Q043,BIO26-L47,علم البيئة,التنوع الحيوي والمحافظة عليه,217,217,216,1,43,BIO26-M28,BIO26-S28-03,,,NOT_STARTED,NOT_RUN,ONE_QUESTION_ONE_IMAGE_ONE_CODE; exclude number/year/stars/badge/next-question/header; preserve full biological figure/labels/arrows/table/options
TAH-BIO-BIO26-L47-Q044,BIO26-PDF217-L47-S1-Q044,BIO26-L47,علم البيئة,التنوع الحيوي والمحافظة عليه,217,217,216,1,44,BIO26-M28,BIO26-S28-03,,,NOT_STARTED,NOT_RUN,ONE_QUESTION_ONE_IMAGE_ONE_CODE; exclude number/year/stars/badge/next-question/header; preserve full biological figure/labels/arrows/table/options
TAH-BIO-BIO26-L47-Q045,BIO26-PDF217-L47-S1-Q045,BIO26-L47,علم البيئة,التنوع الحيوي والمحافظة عليه,217,217,216,1,45,BIO26-M28,BIO26-S28-03,,,NOT_STARTED,NOT_RUN,ONE_QUESTION_ONE_IMAGE_ONE_CODE; exclude number/year/stars/badge/next-question/header; preserve full biological figure/labels/arrows/table/options
TAH-BIO-BIO26-L47-Q046,BIO26-PDF218-L47-S1-Q046,BIO26-L47,علم البيئة,التنوع الحيوي والمحافظة عليه,218,218,217,1,46,BIO26-M28,BIO26-S28-03,,,NOT_STARTED,NOT_RUN,ONE_QUESTION_ONE_IMAGE_ONE_CODE; exclude number/year/stars/badge/next-question/header; preserve full biological figure/labels/arrows/table/options
TAH-BIO-BIO26-L47-Q047,BIO26-PDF218-L47-S1-Q047,BIO26-L47,علم البيئة,التنوع الحيوي والمحافظة عليه,218,218,217,1,47,BIO26-M28,BIO26-S28-03,,,NOT_STARTED,NOT_RUN,ONE_QUESTION_ONE_IMAGE_ONE_CODE; exclude number/year/stars/badge/next-question/header; preserve full biological figure/labels/arrows/table/options
TAH-BIO-BIO26-L47-Q048,BIO26-PDF218-L47-S1-Q048,BIO26-L47,علم البيئة,التنوع الحيوي والمحافظة عليه,218,218,217,1,48,BIO26-M28,BIO26-S28-03,,,NOT_STARTED,NOT_RUN,ONE_QUESTION_ONE_IMAGE_ONE_CODE; exclude number/year/stars/badge/next-question/header; preserve full biological figure/labels/arrows/table/options
TAH-BIO-BIO26-L47-Q049,BIO26-PDF218-L47-S1-Q049,BIO26-L47,علم البيئة,التنوع الحيوي والمحافظة عليه,218,218,217,1,49,BIO26-M28,BIO26-S28-03,,,NOT_STARTED,NOT_RUN,ONE_QUESTION_ONE_IMAGE_ONE_CODE; exclude number/year/stars/badge/next-question/header; preserve full biological figure/labels/arrows/table/options
TAH-BIO-BIO26-L47-Q050,BIO26-PDF219-L47-S2-Q050,BIO26-L47,علم البيئة,التنوع الحيوي والمحافظة عليه,219,219,218,2,50,BIO26-M28,BIO26-S28-03,,,NOT_STARTED,NOT_RUN,ONE_QUESTION_ONE_IMAGE_ONE_CODE; exclude number/year/stars/badge/next-question/header; preserve full biological figure/labels/arrows/table/options
TAH-BIO-BIO26-L47-Q051,BIO26-PDF219-L47-S2-Q051,BIO26-L47,علم البيئة,التنوع الحيوي والمحافظة عليه,219,219,218,2,51,BIO26-M28,BIO26-S28-03,,,NOT_STARTED,NOT_RUN,ONE_QUESTION_ONE_IMAGE_ONE_CODE; exclude number/year/stars/badge/next-question/header; preserve full biological figure/labels/arrows/table/options
TAH-BIO-BIO26-L47-Q052,BIO26-PDF219-L47-S2-Q052,BIO26-L47,علم البيئة,التنوع الحيوي والمحافظة عليه,219,219,218,2,52,BIO26-M28,BIO26-S28-03,,,NOT_STARTED,NOT_RUN,ONE_QUESTION_ONE_IMAGE_ONE_CODE; exclude number/year/stars/badge/next-question/header; preserve full biological figure/labels/arrows/table/options
TAH-BIO-BIO26-L47-Q053,BIO26-PDF219-L47-S2-Q053,BIO26-L47,علم البيئة,التنوع الحيوي والمحافظة عليه,219,219,218,2,53,BIO26-M28,BIO26-S28-03,,,NOT_STARTED,NOT_RUN,ONE_QUESTION_ONE_IMAGE_ONE_CODE; exclude number/year/stars/badge/next-question/header; preserve full biological figure/labels/arrows/table/options
TAH-BIO-BIO26-L47-Q054,BIO26-PDF219-L47-S2-Q054,BIO26-L47,علم البيئة,التنوع الحيوي والمحافظة عليه,219,219,218,2,54,BIO26-M28,BIO26-S28-03,,,NOT_STARTED,NOT_RUN,ONE_QUESTION_ONE_IMAGE_ONE_CODE; exclude number/year/stars/badge/next-question/header; preserve full biological figure/labels/arrows/table/options
TAH-BIO-BIO26-L47-Q055,BIO26-PDF219-L47-S2-Q055,BIO26-L47,علم البيئة,التنوع الحيوي والمحافظة عليه,219,219,218,2,55,BIO26-M28,BIO26-S28-03,,,NOT_STARTED,NOT_RUN,ONE_QUESTION_ONE_IMAGE_ONE_CODE; exclude number/year/stars/badge/next-question/header; preserve full biological figure/labels/arrows/table/options
TAH-BIO-BIO26-L47-Q056,BIO26-PDF219-L47-S2-Q056,BIO26-L47,علم البيئة,التنوع الحيوي والمحافظة عليه,219,219,218,2,56,BIO26-M28,BIO26-S28-03,,,NOT_STARTED,NOT_RUN,ONE_QUESTION_ONE_IMAGE_ONE_CODE; exclude number/year/stars/badge/next-question/header; preserve full biological figure/labels/arrows/table/options
TAH-BIO-BIO26-L47-Q057,BIO26-PDF219-L47-S2-Q057,BIO26-L47,علم البيئة,التنوع الحيوي والمحافظة عليه,219,219,218,2,57,BIO26-M28,BIO26-S28-03,,,NOT_STARTED,NOT_RUN,ONE_QUESTION_ONE_IMAGE_ONE_CODE; exclude number/year/stars/badge/next-question/header; preserve full biological figure/labels/arrows/table/options
TAH-BIO-BIO26-L47-Q058,BIO26-PDF219-L47-S2-Q058,BIO26-L47,علم البيئة,التنوع الحيوي والمحافظة عليه,219,219,218,2,58,BIO26-M28,BIO26-S28-03,,,NOT_STARTED,NOT_RUN,ONE_QUESTION_ONE_IMAGE_ONE_CODE; exclude number/year/stars/badge/next-question/header; preserve full biological figure/labels/arrows/table/options
TAH-BIO-BIO26-L47-Q059,BIO26-PDF219-L47-S2-Q059,BIO26-L47,علم البيئة,التنوع الحيوي والمحافظة عليه,219,219,218,2,59,BIO26-M28,BIO26-S28-03,,,NOT_STARTED,NOT_RUN,ONE_QUESTION_ONE_IMAGE_ONE_CODE; exclude number/year/stars/badge/next-question/header; preserve full biological figure/labels/arrows/table/options
TAH-BIO-BIO26-L47-Q060,BIO26-PDF219-L47-S2-Q060,BIO26-L47,علم البيئة,التنوع الحيوي والمحافظة عليه,219,219,218,2,60,BIO26-M28,BIO26-S28-03,,,NOT_STARTED,NOT_RUN,ONE_QUESTION_ONE_IMAGE_ONE_CODE; exclude number/year/stars/badge/next-question/header; preserve full biological figure/labels/arrows/table/options
TAH-BIO-BIO26-L47-Q061,BIO26-PDF219-L47-S2-Q061,BIO26-L47,علم البيئة,التنوع الحيوي والمحافظة عليه,219,219,218,2,61,BIO26-M28,BIO26-S28-03,,,NOT_STARTED,NOT_RUN,ONE_QUESTION_ONE_IMAGE_ONE_CODE; exclude number/year/stars/badge/next-question/header; preserve full biological figure/labels/arrows/table/options
TAH-BIO-BIO26-L47-Q062,BIO26-PDF219-L47-S2-Q062,BIO26-L47,علم البيئة,التنوع الحيوي والمحافظة عليه,219,219,218,2,62,BIO26-M28,BIO26-S28-03,,,NOT_STARTED,NOT_RUN,ONE_QUESTION_ONE_IMAGE_ONE_CODE; exclude number/year/stars/badge/next-question/header; preserve full biological figure/labels/arrows/table/options
TAH-BIO-BIO26-L47-Q063,BIO26-PDF219-L47-S2-Q063,BIO26-L47,علم البيئة,التنوع الحيوي والمحافظة عليه,219,219,218,2,63,BIO26-M28,BIO26-S28-03,,,NOT_STARTED,NOT_RUN,ONE_QUESTION_ONE_IMAGE_ONE_CODE; exclude number/year/stars/badge/next-question/header; preserve full biological figure/labels/arrows/table/options
TAH-BIO-BIO26-L47-Q064,BIO26-PDF219-L47-S2-Q064,BIO26-L47,علم البيئة,التنوع الحيوي والمحافظة عليه,219,219,218,2,64,BIO26-M28,BIO26-S28-03,,,NOT_STARTED,NOT_RUN,ONE_QUESTION_ONE_IMAGE_ONE_CODE; exclude number/year/stars/badge/next-question/header; preserve full biological figure/labels/arrows/table/options
TAH-BIO-BIO26-L47-Q065,BIO26-PDF219-L47-S2-Q065,BIO26-L47,علم البيئة,التنوع الحيوي والمحافظة عليه,219,219,218,2,65,BIO26-M28,BIO26-S28-03,,,NOT_STARTED,NOT_RUN,ONE_QUESTION_ONE_IMAGE_ONE_CODE; exclude number/year/stars/badge/next-question/header; preserve full biological figure/labels/arrows/table/options
TAH-BIO-BIO26-L47-Q066,BIO26-PDF219-L47-S2-Q066,BIO26-L47,علم البيئة,التنوع الحيوي والمحافظة عليه,219,219,218,2,66,BIO26-M28,BIO26-S28-03,,,NOT_STARTED,NOT_RUN,ONE_QUESTION_ONE_IMAGE_ONE_CODE; exclude number/year/stars/badge/next-question/header; preserve full biological figure/labels/arrows/table/options
TAH-BIO-BIO26-L47-Q067,BIO26-PDF220-L47-S2-Q067,BIO26-L47,علم البيئة,التنوع الحيوي والمحافظة عليه,220,220,219,2,67,BIO26-M28,BIO26-S28-03,,,NOT_STARTED,NOT_RUN,ONE_QUESTION_ONE_IMAGE_ONE_CODE; exclude number/year/stars/badge/next-question/header; preserve full biological figure/labels/arrows/table/options
TAH-BIO-BIO26-L47-Q068,BIO26-PDF220-L47-S2-Q068,BIO26-L47,علم البيئة,التنوع الحيوي والمحافظة عليه,220,220,219,2,68,BIO26-M28,BIO26-S28-03,,,NOT_STARTED,NOT_RUN,ONE_QUESTION_ONE_IMAGE_ONE_CODE; exclude number/year/stars/badge/next-question/header; preserve full biological figure/labels/arrows/table/options
TAH-BIO-BIO26-L47-Q069,BIO26-PDF220-L47-S2-Q069,BIO26-L47,علم البيئة,التنوع الحيوي والمحافظة عليه,220,220,219,2,69,BIO26-M28,BIO26-S28-03,,,NOT_STARTED,NOT_RUN,ONE_QUESTION_ONE_IMAGE_ONE_CODE; exclude number/year/stars/badge/next-question/header; preserve full biological figure/labels/arrows/table/options
TAH-BIO-BIO26-L47-Q070,BIO26-PDF220-L47-S2-Q070,BIO26-L47,علم البيئة,التنوع الحيوي والمحافظة عليه,220,220,219,2,70,BIO26-M28,BIO26-S28-03,,,NOT_STARTED,NOT_RUN,ONE_QUESTION_ONE_IMAGE_ONE_CODE; exclude number/year/stars/badge/next-question/header; preserve full biological figure/labels/arrows/table/options
TAH-BIO-BIO26-L47-Q071,BIO26-PDF220-L47-S2-Q071,BIO26-L47,علم البيئة,التنوع الحيوي والمحافظة عليه,220,220,219,2,71,BIO26-M28,BIO26-S28-03,,,NOT_STARTED,NOT_RUN,ONE_QUESTION_ONE_IMAGE_ONE_CODE; exclude number/year/stars/badge/next-question/header; preserve full biological figure/labels/arrows/table/options
TAH-BIO-BIO26-L47-Q072,BIO26-PDF220-L47-S2-Q072,BIO26-L47,علم البيئة,التنوع الحيوي والمحافظة عليه,220,220,219,2,72,BIO26-M28,BIO26-S28-03,,,NOT_STARTED,NOT_RUN,ONE_QUESTION_ONE_IMAGE_ONE_CODE; exclude number/year/stars/badge/next-question/header; preserve full biological figure/labels/arrows/table/options
TAH-BIO-BIO26-L47-Q073,BIO26-PDF220-L47-S2-Q073,BIO26-L47,علم البيئة,التنوع الحيوي والمحافظة عليه,220,220,219,2,73,BIO26-M28,BIO26-S28-03,,,NOT_STARTED,NOT_RUN,ONE_QUESTION_ONE_IMAGE_ONE_CODE; exclude number/year/stars/badge/next-question/header; preserve full biological figure/labels/arrows/table/options
TAH-BIO-BIO26-L47-Q074,BIO26-PDF220-L47-S2-Q074,BIO26-L47,علم البيئة,التنوع الحيوي والمحافظة عليه,220,220,219,2,74,BIO26-M28,BIO26-S28-03,,,NOT_STARTED,NOT_RUN,ONE_QUESTION_ONE_IMAGE_ONE_CODE; exclude number/year/stars/badge/next-question/header; preserve full biological figure/labels/arrows/table/options
TAH-BIO-BIO26-L47-Q075,BIO26-PDF220-L47-S2-Q075,BIO26-L47,علم البيئة,التنوع الحيوي والمحافظة عليه,220,220,219,2,75,BIO26-M28,BIO26-S28-03,,,NOT_STARTED,NOT_RUN,ONE_QUESTION_ONE_IMAGE_ONE_CODE; exclude number/year/stars/badge/next-question/header; preserve full biological figure/labels/arrows/table/options
TAH-BIO-BIO26-L47-Q076,BIO26-PDF220-L47-S2-Q076,BIO26-L47,علم البيئة,التنوع الحيوي والمحافظة عليه,220,220,219,2,76,BIO26-M28,BIO26-S28-03,,,NOT_STARTED,NOT_RUN,ONE_QUESTION_ONE_IMAGE_ONE_CODE; exclude number/year/stars/badge/next-question/header; preserve full biological figure/labels/arrows/table/options
TAH-BIO-BIO26-L47-Q077,BIO26-PDF220-L47-S2-Q077,BIO26-L47,علم البيئة,التنوع الحيوي والمحافظة عليه,220,220,219,2,77,BIO26-M28,BIO26-S28-03,,,NOT_STARTED,NOT_RUN,ONE_QUESTION_ONE_IMAGE_ONE_CODE; exclude number/year/stars/badge/next-question/header; preserve full biological figure/labels/arrows/table/options
TAH-BIO-BIO26-L47-Q078,BIO26-PDF220-L47-S2-Q078,BIO26-L47,علم البيئة,التنوع الحيوي والمحافظة عليه,220,220,219,2,78,BIO26-M28,BIO26-S28-03,,,NOT_STARTED,NOT_RUN,ONE_QUESTION_ONE_IMAGE_ONE_CODE; exclude number/year/stars/badge/next-question/header; preserve full biological figure/labels/arrows/table/options
TAH-BIO-BIO26-L48-Q001,BIO26-PDF221-L48-S1-Q001,BIO26-L48,علم البيئة,سلوك الحيوان,221,221,220,1,1,BIO26-M29,BIO26-S29-02,,,NOT_STARTED,NOT_RUN,ONE_QUESTION_ONE_IMAGE_ONE_CODE; exclude number/year/stars/badge/next-question/header; preserve full biological figure/labels/arrows/table/options
TAH-BIO-BIO26-L48-Q002,BIO26-PDF221-L48-S1-Q002,BIO26-L48,علم البيئة,سلوك الحيوان,221,221,220,1,2,BIO26-M29,BIO26-S29-02,,,NOT_STARTED,NOT_RUN,ONE_QUESTION_ONE_IMAGE_ONE_CODE; exclude number/year/stars/badge/next-question/header; preserve full biological figure/labels/arrows/table/options
TAH-BIO-BIO26-L48-Q003,BIO26-PDF221-L48-S1-Q003,BIO26-L48,علم البيئة,سلوك الحيوان,221,221,220,1,3,BIO26-M29,BIO26-S29-02,,,NOT_STARTED,NOT_RUN,ONE_QUESTION_ONE_IMAGE_ONE_CODE; exclude number/year/stars/badge/next-question/header; preserve full biological figure/labels/arrows/table/options
TAH-BIO-BIO26-L48-Q004,BIO26-PDF221-L48-S1-Q004,BIO26-L48,علم البيئة,سلوك الحيوان,221,221,220,1,4,BIO26-M29,BIO26-S29-02,,,NOT_STARTED,NOT_RUN,ONE_QUESTION_ONE_IMAGE_ONE_CODE; exclude number/year/stars/badge/next-question/header; preserve full biological figure/labels/arrows/table/options
TAH-BIO-BIO26-L48-Q005,BIO26-PDF221-L48-S1-Q005,BIO26-L48,علم البيئة,سلوك الحيوان,221,221,220,1,5,BIO26-M29,BIO26-S29-02,,,NOT_STARTED,NOT_RUN,ONE_QUESTION_ONE_IMAGE_ONE_CODE; exclude number/year/stars/badge/next-question/header; preserve full biological figure/labels/arrows/table/options
TAH-BIO-BIO26-L48-Q006,BIO26-PDF221-L48-S1-Q006,BIO26-L48,علم البيئة,سلوك الحيوان,221,221,220,1,6,BIO26-M29,BIO26-S29-02,,,NOT_STARTED,NOT_RUN,ONE_QUESTION_ONE_IMAGE_ONE_CODE; exclude number/year/stars/badge/next-question/header; preserve full biological figure/labels/arrows/table/options
TAH-BIO-BIO26-L48-Q007,BIO26-PDF221-L48-S1-Q007,BIO26-L48,علم البيئة,سلوك الحيوان,221,221,220,1,7,BIO26-M29,BIO26-S29-02,,,NOT_STARTED,NOT_RUN,ONE_QUESTION_ONE_IMAGE_ONE_CODE; exclude number/year/stars/badge/next-question/header; preserve full biological figure/labels/arrows/table/options
TAH-BIO-BIO26-L48-Q008,BIO26-PDF221-L48-S1-Q008,BIO26-L48,علم البيئة,سلوك الحيوان,221,221,220,1,8,BIO26-M29,BIO26-S29-02,,,NOT_STARTED,NOT_RUN,ONE_QUESTION_ONE_IMAGE_ONE_CODE; exclude number/year/stars/badge/next-question/header; preserve full biological figure/labels/arrows/table/options
TAH-BIO-BIO26-L48-Q009,BIO26-PDF221-L48-S1-Q009,BIO26-L48,علم البيئة,سلوك الحيوان,221,221,220,1,9,BIO26-M29,BIO26-S29-02,,,NOT_STARTED,NOT_RUN,ONE_QUESTION_ONE_IMAGE_ONE_CODE; exclude number/year/stars/badge/next-question/header; preserve full biological figure/labels/arrows/table/options
TAH-BIO-BIO26-L48-Q010,BIO26-PDF221-L48-S1-Q010,BIO26-L48,علم البيئة,سلوك الحيوان,221,221,220,1,10,BIO26-M29,BIO26-S29-02,,,NOT_STARTED,NOT_RUN,ONE_QUESTION_ONE_IMAGE_ONE_CODE; exclude number/year/stars/badge/next-question/header; preserve full biological figure/labels/arrows/table/options
TAH-BIO-BIO26-L48-Q011,BIO26-PDF221-L48-S1-Q011,BIO26-L48,علم البيئة,سلوك الحيوان,221,221,220,1,11,BIO26-M29,BIO26-S29-02,,,NOT_STARTED,NOT_RUN,ONE_QUESTION_ONE_IMAGE_ONE_CODE; exclude number/year/stars/badge/next-question/header; preserve full biological figure/labels/arrows/table/options
TAH-BIO-BIO26-L48-Q012,BIO26-PDF221-L48-S1-Q012,BIO26-L48,علم البيئة,سلوك الحيوان,221,221,220,1,12,BIO26-M29,BIO26-S29-02,,,NOT_STARTED,NOT_RUN,ONE_QUESTION_ONE_IMAGE_ONE_CODE; exclude number/year/stars/badge/next-question/header; preserve full biological figure/labels/arrows/table/options
TAH-BIO-BIO26-L48-Q013,BIO26-PDF221-L48-S1-Q013,BIO26-L48,علم البيئة,سلوك الحيوان,221,221,220,1,13,BIO26-M29,BIO26-S29-02,,,NOT_STARTED,NOT_RUN,ONE_QUESTION_ONE_IMAGE_ONE_CODE; exclude number/year/stars/badge/next-question/header; preserve full biological figure/labels/arrows/table/options
TAH-BIO-BIO26-L48-Q014,BIO26-PDF221-L48-S1-Q014,BIO26-L48,علم البيئة,سلوك الحيوان,221,221,220,1,14,BIO26-M29,BIO26-S29-02,,,NOT_STARTED,NOT_RUN,ONE_QUESTION_ONE_IMAGE_ONE_CODE; exclude number/year/stars/badge/next-question/header; preserve full biological figure/labels/arrows/table/options
TAH-BIO-BIO26-L48-Q015,BIO26-PDF221-L48-S1-Q015,BIO26-L48,علم البيئة,سلوك الحيوان,221,221,220,1,15,BIO26-M29,BIO26-S29-02,,,NOT_STARTED,NOT_RUN,ONE_QUESTION_ONE_IMAGE_ONE_CODE; exclude number/year/stars/badge/next-question/header; preserve full biological figure/labels/arrows/table/options
TAH-BIO-BIO26-L48-Q016,BIO26-PDF221-L48-S1-Q016,BIO26-L48,علم البيئة,سلوك الحيوان,221,221,220,1,16,BIO26-M29,BIO26-S29-03,,,NOT_STARTED,NOT_RUN,ONE_QUESTION_ONE_IMAGE_ONE_CODE; exclude number/year/stars/badge/next-question/header; preserve full biological figure/labels/arrows/table/options
TAH-BIO-BIO26-L48-Q017,BIO26-PDF222-L48-S1-Q017,BIO26-L48,علم البيئة,سلوك الحيوان,222,222,221,1,17,BIO26-M29,BIO26-S29-03,,,NOT_STARTED,NOT_RUN,ONE_QUESTION_ONE_IMAGE_ONE_CODE; exclude number/year/stars/badge/next-question/header; preserve full biological figure/labels/arrows/table/options
TAH-BIO-BIO26-L48-Q018,BIO26-PDF222-L48-S1-Q018,BIO26-L48,علم البيئة,سلوك الحيوان,222,222,221,1,18,BIO26-M29,BIO26-S29-03,,,NOT_STARTED,NOT_RUN,ONE_QUESTION_ONE_IMAGE_ONE_CODE; exclude number/year/stars/badge/next-question/header; preserve full biological figure/labels/arrows/table/options
TAH-BIO-BIO26-L48-Q019,BIO26-PDF222-L48-S1-Q019,BIO26-L48,علم البيئة,سلوك الحيوان,222,222,221,1,19,BIO26-M29,BIO26-S29-03,,,NOT_STARTED,NOT_RUN,ONE_QUESTION_ONE_IMAGE_ONE_CODE; exclude number/year/stars/badge/next-question/header; preserve full biological figure/labels/arrows/table/options
TAH-BIO-BIO26-L48-Q020,BIO26-PDF222-L48-S1-Q020,BIO26-L48,علم البيئة,سلوك الحيوان,222,222,221,1,20,BIO26-M29,BIO26-S29-03,,,NOT_STARTED,NOT_RUN,ONE_QUESTION_ONE_IMAGE_ONE_CODE; exclude number/year/stars/badge/next-question/header; preserve full biological figure/labels/arrows/table/options
TAH-BIO-BIO26-L48-Q021,BIO26-PDF222-L48-S1-Q021,BIO26-L48,علم البيئة,سلوك الحيوان,222,222,221,1,21,BIO26-M29,BIO26-S29-03,,,NOT_STARTED,NOT_RUN,ONE_QUESTION_ONE_IMAGE_ONE_CODE; exclude number/year/stars/badge/next-question/header; preserve full biological figure/labels/arrows/table/options
TAH-BIO-BIO26-L48-Q022,BIO26-PDF222-L48-S1-Q022,BIO26-L48,علم البيئة,سلوك الحيوان,222,222,221,1,22,BIO26-M29,BIO26-S29-03,,,NOT_STARTED,NOT_RUN,ONE_QUESTION_ONE_IMAGE_ONE_CODE; exclude number/year/stars/badge/next-question/header; preserve full biological figure/labels/arrows/table/options
TAH-BIO-BIO26-L48-Q023,BIO26-PDF222-L48-S1-Q023,BIO26-L48,علم البيئة,سلوك الحيوان,222,222,221,1,23,BIO26-M29,BIO26-S29-03,,,NOT_STARTED,NOT_RUN,ONE_QUESTION_ONE_IMAGE_ONE_CODE; exclude number/year/stars/badge/next-question/header; preserve full biological figure/labels/arrows/table/options
TAH-BIO-BIO26-L48-Q024,BIO26-PDF222-L48-S1-Q024,BIO26-L48,علم البيئة,سلوك الحيوان,222,222,221,1,24,BIO26-M29,BIO26-S29-01,,,NOT_STARTED,NOT_RUN,ONE_QUESTION_ONE_IMAGE_ONE_CODE; exclude number/year/stars/badge/next-question/header; preserve full biological figure/labels/arrows/table/options
TAH-BIO-BIO26-L48-Q025,BIO26-PDF222-L48-S1-Q025,BIO26-L48,علم البيئة,سلوك الحيوان,222,222,221,1,25,BIO26-M29,BIO26-S29-01,,,NOT_STARTED,NOT_RUN,ONE_QUESTION_ONE_IMAGE_ONE_CODE; exclude number/year/stars/badge/next-question/header; preserve full biological figure/labels/arrows/table/options
TAH-BIO-BIO26-L48-Q026,BIO26-PDF222-L48-S1-Q026,BIO26-L48,علم البيئة,سلوك الحيوان,222,222,221,1,26,BIO26-M29,BIO26-S29-01,,,NOT_STARTED,NOT_RUN,ONE_QUESTION_ONE_IMAGE_ONE_CODE; exclude number/year/stars/badge/next-question/header; preserve full biological figure/labels/arrows/table/options
TAH-BIO-BIO26-L48-Q027,BIO26-PDF222-L48-S1-Q027,BIO26-L48,علم البيئة,سلوك الحيوان,222,222,221,1,27,BIO26-M29,BIO26-S29-01,,,NOT_STARTED,NOT_RUN,ONE_QUESTION_ONE_IMAGE_ONE_CODE; exclude number/year/stars/badge/next-question/header; preserve full biological figure/labels/arrows/table/options
TAH-BIO-BIO26-L48-Q028,BIO26-PDF222-L48-S1-Q028,BIO26-L48,علم البيئة,سلوك الحيوان,222,222,221,1,28,BIO26-M29,BIO26-S29-01,,,NOT_STARTED,NOT_RUN,ONE_QUESTION_ONE_IMAGE_ONE_CODE; exclude number/year/stars/badge/next-question/header; preserve full biological figure/labels/arrows/table/options
TAH-BIO-BIO26-L48-Q029,BIO26-PDF222-L48-S1-Q029,BIO26-L48,علم البيئة,سلوك الحيوان,222,222,221,1,29,BIO26-M29,BIO26-S29-01,,,NOT_STARTED,NOT_RUN,ONE_QUESTION_ONE_IMAGE_ONE_CODE; exclude number/year/stars/badge/next-question/header; preserve full biological figure/labels/arrows/table/options
TAH-BIO-BIO26-L48-Q030,BIO26-PDF222-L48-S1-Q030,BIO26-L48,علم البيئة,سلوك الحيوان,222,222,221,1,30,BIO26-M29,BIO26-S29-01,,,NOT_STARTED,NOT_RUN,ONE_QUESTION_ONE_IMAGE_ONE_CODE; exclude number/year/stars/badge/next-question/header; preserve full biological figure/labels/arrows/table/options
TAH-BIO-BIO26-L48-Q031,BIO26-PDF222-L48-S1-Q031,BIO26-L48,علم البيئة,سلوك الحيوان,222,222,221,1,31,BIO26-M29,BIO26-S29-01,,,NOT_STARTED,NOT_RUN,ONE_QUESTION_ONE_IMAGE_ONE_CODE; exclude number/year/stars/badge/next-question/header; preserve full biological figure/labels/arrows/table/options
TAH-BIO-BIO26-L48-Q032,BIO26-PDF222-L48-S1-Q032,BIO26-L48,علم البيئة,سلوك الحيوان,222,222,221,1,32,BIO26-M29,BIO26-S29-01,,,NOT_STARTED,NOT_RUN,ONE_QUESTION_ONE_IMAGE_ONE_CODE; exclude number/year/stars/badge/next-question/header; preserve full biological figure/labels/arrows/table/options
TAH-BIO-BIO26-L48-Q033,BIO26-PDF222-L48-S1-Q033,BIO26-L48,علم البيئة,سلوك الحيوان,222,222,221,1,33,BIO26-M29,BIO26-S29-01,,,NOT_STARTED,NOT_RUN,ONE_QUESTION_ONE_IMAGE_ONE_CODE; exclude number/year/stars/badge/next-question/header; preserve full biological figure/labels/arrows/table/options
TAH-BIO-BIO26-L48-Q034,BIO26-PDF222-L48-S1-Q034,BIO26-L48,علم البيئة,سلوك الحيوان,222,222,221,1,34,BIO26-M29,BIO26-S29-01,,,NOT_STARTED,NOT_RUN,ONE_QUESTION_ONE_IMAGE_ONE_CODE; exclude number/year/stars/badge/next-question/header; preserve full biological figure/labels/arrows/table/options
TAH-BIO-BIO26-L48-Q035,BIO26-PDF222-L48-S1-Q035,BIO26-L48,علم البيئة,سلوك الحيوان,222,222,221,1,35,BIO26-M29,BIO26-S29-01,,,NOT_STARTED,NOT_RUN,ONE_QUESTION_ONE_IMAGE_ONE_CODE; exclude number/year/stars/badge/next-question/header; preserve full biological figure/labels/arrows/table/options
TAH-BIO-BIO26-L48-Q036,BIO26-PDF223-L48-S1-Q036,BIO26-L48,علم البيئة,سلوك الحيوان,223,223,222,1,36,BIO26-M29,BIO26-S29-01,,,NOT_STARTED,NOT_RUN,ONE_QUESTION_ONE_IMAGE_ONE_CODE; exclude number/year/stars/badge/next-question/header; preserve full biological figure/labels/arrows/table/options
TAH-BIO-BIO26-L48-Q037,BIO26-PDF223-L48-S1-Q037,BIO26-L48,علم البيئة,سلوك الحيوان,223,223,222,1,37,BIO26-M29,BIO26-S29-01,,,NOT_STARTED,NOT_RUN,ONE_QUESTION_ONE_IMAGE_ONE_CODE; exclude number/year/stars/badge/next-question/header; preserve full biological figure/labels/arrows/table/options
TAH-BIO-BIO26-L48-Q038,BIO26-PDF223-L48-S1-Q038,BIO26-L48,علم البيئة,سلوك الحيوان,223,223,222,1,38,BIO26-M29,BIO26-S29-01,,,NOT_STARTED,NOT_RUN,ONE_QUESTION_ONE_IMAGE_ONE_CODE; exclude number/year/stars/badge/next-question/header; preserve full biological figure/labels/arrows/table/options
TAH-BIO-BIO26-L48-Q039,BIO26-PDF223-L48-S1-Q039,BIO26-L48,علم البيئة,سلوك الحيوان,223,223,222,1,39,BIO26-M29,BIO26-S29-01,,,NOT_STARTED,NOT_RUN,ONE_QUESTION_ONE_IMAGE_ONE_CODE; exclude number/year/stars/badge/next-question/header; preserve full biological figure/labels/arrows/table/options
TAH-BIO-BIO26-L48-Q040,BIO26-PDF223-L48-S1-Q040,BIO26-L48,علم البيئة,سلوك الحيوان,223,223,222,1,40,BIO26-M29,BIO26-S29-01,,,NOT_STARTED,NOT_RUN,ONE_QUESTION_ONE_IMAGE_ONE_CODE; exclude number/year/stars/badge/next-question/header; preserve full biological figure/labels/arrows/table/options
TAH-BIO-BIO26-L48-Q041,BIO26-PDF223-L48-S1-Q041,BIO26-L48,علم البيئة,سلوك الحيوان,223,223,222,1,41,BIO26-M29,BIO26-S29-01,,,NOT_STARTED,NOT_RUN,ONE_QUESTION_ONE_IMAGE_ONE_CODE; exclude number/year/stars/badge/next-question/header; preserve full biological figure/labels/arrows/table/options
TAH-BIO-BIO26-L48-Q042,BIO26-PDF223-L48-S1-Q042,BIO26-L48,علم البيئة,سلوك الحيوان,223,223,222,1,42,BIO26-M29,BIO26-S29-01,,,NOT_STARTED,NOT_RUN,ONE_QUESTION_ONE_IMAGE_ONE_CODE; exclude number/year/stars/badge/next-question/header; preserve full biological figure/labels/arrows/table/options
TAH-BIO-BIO26-L48-Q043,BIO26-PDF223-L48-S1-Q043,BIO26-L48,علم البيئة,سلوك الحيوان,223,223,222,1,43,BIO26-M29,BIO26-S29-01,,,NOT_STARTED,NOT_RUN,ONE_QUESTION_ONE_IMAGE_ONE_CODE; exclude number/year/stars/badge/next-question/header; preserve full biological figure/labels/arrows/table/options
TAH-BIO-BIO26-L48-Q044,BIO26-PDF223-L48-S1-Q044,BIO26-L48,علم البيئة,سلوك الحيوان,223,223,222,1,44,BIO26-M29,BIO26-S29-01,,,NOT_STARTED,NOT_RUN,ONE_QUESTION_ONE_IMAGE_ONE_CODE; exclude number/year/stars/badge/next-question/header; preserve full biological figure/labels/arrows/table/options
TAH-BIO-BIO26-L48-Q045,BIO26-PDF223-L48-S1-Q045,BIO26-L48,علم البيئة,سلوك الحيوان,223,223,222,1,45,BIO26-M29,BIO26-S29-01,,,NOT_STARTED,NOT_RUN,ONE_QUESTION_ONE_IMAGE_ONE_CODE; exclude number/year/stars/badge/next-question/header; preserve full biological figure/labels/arrows/table/options
TAH-BIO-BIO26-L48-Q046,BIO26-PDF223-L48-S1-Q046,BIO26-L48,علم البيئة,سلوك الحيوان,223,223,222,1,46,BIO26-M29,BIO26-S29-01,,,NOT_STARTED,NOT_RUN,ONE_QUESTION_ONE_IMAGE_ONE_CODE; exclude number/year/stars/badge/next-question/header; preserve full biological figure/labels/arrows/table/options
TAH-BIO-BIO26-L48-Q047,BIO26-PDF223-L48-S1-Q047,BIO26-L48,علم البيئة,سلوك الحيوان,223,223,222,1,47,BIO26-M29,BIO26-S29-01,,,NOT_STARTED,NOT_RUN,ONE_QUESTION_ONE_IMAGE_ONE_CODE; exclude number/year/stars/badge/next-question/header; preserve full biological figure/labels/arrows/table/options
TAH-BIO-BIO26-L48-Q048,BIO26-PDF223-L48-S1-Q048,BIO26-L48,علم البيئة,سلوك الحيوان,223,223,222,1,48,BIO26-M29,BIO26-S29-01,,,NOT_STARTED,NOT_RUN,ONE_QUESTION_ONE_IMAGE_ONE_CODE; exclude number/year/stars/badge/next-question/header; preserve full biological figure/labels/arrows/table/options
TAH-BIO-BIO26-L48-Q049,BIO26-PDF224-L48-S2-Q049,BIO26-L48,علم البيئة,سلوك الحيوان,224,224,223,2,49,BIO26-M29,BIO26-S29-02,,,NOT_STARTED,NOT_RUN,ONE_QUESTION_ONE_IMAGE_ONE_CODE; exclude number/year/stars/badge/next-question/header; preserve full biological figure/labels/arrows/table/options
TAH-BIO-BIO26-L48-Q050,BIO26-PDF224-L48-S2-Q050,BIO26-L48,علم البيئة,سلوك الحيوان,224,224,223,2,50,BIO26-M29,BIO26-S29-02,,,NOT_STARTED,NOT_RUN,ONE_QUESTION_ONE_IMAGE_ONE_CODE; exclude number/year/stars/badge/next-question/header; preserve full biological figure/labels/arrows/table/options
TAH-BIO-BIO26-L48-Q051,BIO26-PDF224-L48-S2-Q051,BIO26-L48,علم البيئة,سلوك الحيوان,224,224,223,2,51,BIO26-M29,BIO26-S29-02,,,NOT_STARTED,NOT_RUN,ONE_QUESTION_ONE_IMAGE_ONE_CODE; exclude number/year/stars/badge/next-question/header; preserve full biological figure/labels/arrows/table/options
TAH-BIO-BIO26-L48-Q052,BIO26-PDF224-L48-S2-Q052,BIO26-L48,علم البيئة,سلوك الحيوان,224,224,223,2,52,BIO26-M29,BIO26-S29-02,,,NOT_STARTED,NOT_RUN,ONE_QUESTION_ONE_IMAGE_ONE_CODE; exclude number/year/stars/badge/next-question/header; preserve full biological figure/labels/arrows/table/options
TAH-BIO-BIO26-L48-Q053,BIO26-PDF224-L48-S2-Q053,BIO26-L48,علم البيئة,سلوك الحيوان,224,224,223,2,53,BIO26-M29,BIO26-S29-02,,,NOT_STARTED,NOT_RUN,ONE_QUESTION_ONE_IMAGE_ONE_CODE; exclude number/year/stars/badge/next-question/header; preserve full biological figure/labels/arrows/table/options
TAH-BIO-BIO26-L48-Q054,BIO26-PDF224-L48-S2-Q054,BIO26-L48,علم البيئة,سلوك الحيوان,224,224,223,2,54,BIO26-M29,BIO26-S29-02,,,NOT_STARTED,NOT_RUN,ONE_QUESTION_ONE_IMAGE_ONE_CODE; exclude number/year/stars/badge/next-question/header; preserve full biological figure/labels/arrows/table/options
TAH-BIO-BIO26-L48-Q055,BIO26-PDF224-L48-S2-Q055,BIO26-L48,علم البيئة,سلوك الحيوان,224,224,223,2,55,BIO26-M29,BIO26-S29-02,,,NOT_STARTED,NOT_RUN,ONE_QUESTION_ONE_IMAGE_ONE_CODE; exclude number/year/stars/badge/next-question/header; preserve full biological figure/labels/arrows/table/options
TAH-BIO-BIO26-L48-Q056,BIO26-PDF224-L48-S2-Q056,BIO26-L48,علم البيئة,سلوك الحيوان,224,224,223,2,56,BIO26-M29,BIO26-S29-02,,,NOT_STARTED,NOT_RUN,ONE_QUESTION_ONE_IMAGE_ONE_CODE; exclude number/year/stars/badge/next-question/header; preserve full biological figure/labels/arrows/table/options
TAH-BIO-BIO26-L48-Q057,BIO26-PDF224-L48-S2-Q057,BIO26-L48,علم البيئة,سلوك الحيوان,224,224,223,2,57,BIO26-M29,BIO26-S29-02,,,NOT_STARTED,NOT_RUN,ONE_QUESTION_ONE_IMAGE_ONE_CODE; exclude number/year/stars/badge/next-question/header; preserve full biological figure/labels/arrows/table/options
TAH-BIO-BIO26-L48-Q058,BIO26-PDF224-L48-S2-Q058,BIO26-L48,علم البيئة,سلوك الحيوان,224,224,223,2,58,BIO26-M29,BIO26-S29-02,,,NOT_STARTED,NOT_RUN,ONE_QUESTION_ONE_IMAGE_ONE_CODE; exclude number/year/stars/badge/next-question/header; preserve full biological figure/labels/arrows/table/options
TAH-BIO-BIO26-L48-Q059,BIO26-PDF224-L48-S2-Q059,BIO26-L48,علم البيئة,سلوك الحيوان,224,224,223,2,59,BIO26-M29,BIO26-S29-02,,,NOT_STARTED,NOT_RUN,ONE_QUESTION_ONE_IMAGE_ONE_CODE; exclude number/year/stars/badge/next-question/header; preserve full biological figure/labels/arrows/table/options
TAH-BIO-BIO26-L48-Q060,BIO26-PDF224-L48-S2-Q060,BIO26-L48,علم البيئة,سلوك الحيوان,224,224,223,2,60,BIO26-M29,BIO26-S29-02,,,NOT_STARTED,NOT_RUN,ONE_QUESTION_ONE_IMAGE_ONE_CODE; exclude number/year/stars/badge/next-question/header; preserve full biological figure/labels/arrows/table/options
TAH-BIO-BIO26-L48-Q061,BIO26-PDF224-L48-S2-Q061,BIO26-L48,علم البيئة,سلوك الحيوان,224,224,223,2,61,BIO26-M29,BIO26-S29-02,,,NOT_STARTED,NOT_RUN,ONE_QUESTION_ONE_IMAGE_ONE_CODE; exclude number/year/stars/badge/next-question/header; preserve full biological figure/labels/arrows/table/options
TAH-BIO-BIO26-L48-Q062,BIO26-PDF224-L48-S2-Q062,BIO26-L48,علم البيئة,سلوك الحيوان,224,224,223,2,62,BIO26-M29,BIO26-S29-02,,,NOT_STARTED,NOT_RUN,ONE_QUESTION_ONE_IMAGE_ONE_CODE; exclude number/year/stars/badge/next-question/header; preserve full biological figure/labels/arrows/table/options
TAH-BIO-BIO26-L48-Q063,BIO26-PDF224-L48-S2-Q063,BIO26-L48,علم البيئة,سلوك الحيوان,224,224,223,2,63,BIO26-M29,BIO26-S29-02,,,NOT_STARTED,NOT_RUN,ONE_QUESTION_ONE_IMAGE_ONE_CODE; exclude number/year/stars/badge/next-question/header; preserve full biological figure/labels/arrows/table/options
TAH-BIO-BIO26-L48-Q064,BIO26-PDF224-L48-S2-Q064,BIO26-L48,علم البيئة,سلوك الحيوان,224,224,223,2,64,BIO26-M29,BIO26-S29-02,,,NOT_STARTED,NOT_RUN,ONE_QUESTION_ONE_IMAGE_ONE_CODE; exclude number/year/stars/badge/next-question/header; preserve full biological figure/labels/arrows/table/options
TAH-BIO-BIO26-L48-Q065,BIO26-PDF224-L48-S2-Q065,BIO26-L48,علم البيئة,سلوك الحيوان,224,224,223,2,65,BIO26-M29,BIO26-S29-02,,,NOT_STARTED,NOT_RUN,ONE_QUESTION_ONE_IMAGE_ONE_CODE; exclude number/year/stars/badge/next-question/header; preserve full biological figure/labels/arrows/table/options
TAH-BIO-BIO26-L48-Q066,BIO26-PDF225-L48-S2-Q066,BIO26-L48,علم البيئة,سلوك الحيوان,225,225,224,2,66,BIO26-M29,BIO26-S29-03,,,NOT_STARTED,NOT_RUN,ONE_QUESTION_ONE_IMAGE_ONE_CODE; exclude number/year/stars/badge/next-question/header; preserve full biological figure/labels/arrows/table/options
TAH-BIO-BIO26-L48-Q067,BIO26-PDF225-L48-S2-Q067,BIO26-L48,علم البيئة,سلوك الحيوان,225,225,224,2,67,BIO26-M29,BIO26-S29-03,,,NOT_STARTED,NOT_RUN,ONE_QUESTION_ONE_IMAGE_ONE_CODE; exclude number/year/stars/badge/next-question/header; preserve full biological figure/labels/arrows/table/options
TAH-BIO-BIO26-L48-Q068,BIO26-PDF225-L48-S2-Q068,BIO26-L48,علم البيئة,سلوك الحيوان,225,225,224,2,68,BIO26-M29,BIO26-S29-03,,,NOT_STARTED,NOT_RUN,ONE_QUESTION_ONE_IMAGE_ONE_CODE; exclude number/year/stars/badge/next-question/header; preserve full biological figure/labels/arrows/table/options
TAH-BIO-BIO26-L48-Q069,BIO26-PDF225-L48-S2-Q069,BIO26-L48,علم البيئة,سلوك الحيوان,225,225,224,2,69,BIO26-M29,BIO26-S29-03,,,NOT_STARTED,NOT_RUN,ONE_QUESTION_ONE_IMAGE_ONE_CODE; exclude number/year/stars/badge/next-question/header; preserve full biological figure/labels/arrows/table/options
TAH-BIO-BIO26-L48-Q070,BIO26-PDF225-L48-S2-Q070,BIO26-L48,علم البيئة,سلوك الحيوان,225,225,224,2,70,BIO26-M29,BIO26-S29-03,,,NOT_STARTED,NOT_RUN,ONE_QUESTION_ONE_IMAGE_ONE_CODE; exclude number/year/stars/badge/next-question/header; preserve full biological figure/labels/arrows/table/options
TAH-BIO-BIO26-L48-Q071,BIO26-PDF225-L48-S2-Q071,BIO26-L48,علم البيئة,سلوك الحيوان,225,225,224,2,71,BIO26-M29,BIO26-S29-03,,,NOT_STARTED,NOT_RUN,ONE_QUESTION_ONE_IMAGE_ONE_CODE; exclude number/year/stars/badge/next-question/header; preserve full biological figure/labels/arrows/table/options
TAH-BIO-BIO26-L48-Q072,BIO26-PDF225-L48-S2-Q072,BIO26-L48,علم البيئة,سلوك الحيوان,225,225,224,2,72,BIO26-M29,BIO26-S29-01,,,NOT_STARTED,NOT_RUN,ONE_QUESTION_ONE_IMAGE_ONE_CODE; exclude number/year/stars/badge/next-question/header; preserve full biological figure/labels/arrows/table/options
TAH-BIO-BIO26-L48-Q073,BIO26-PDF225-L48-S2-Q073,BIO26-L48,علم البيئة,سلوك الحيوان,225,225,224,2,73,BIO26-M29,BIO26-S29-01,,,NOT_STARTED,NOT_RUN,ONE_QUESTION_ONE_IMAGE_ONE_CODE; exclude number/year/stars/badge/next-question/header; preserve full biological figure/labels/arrows/table/options
TAH-BIO-BIO26-L48-Q074,BIO26-PDF225-L48-S2-Q074,BIO26-L48,علم البيئة,سلوك الحيوان,225,225,224,2,74,BIO26-M29,BIO26-S29-01,,,NOT_STARTED,NOT_RUN,ONE_QUESTION_ONE_IMAGE_ONE_CODE; exclude number/year/stars/badge/next-question/header; preserve full biological figure/labels/arrows/table/options
TAH-BIO-BIO26-L48-Q075,BIO26-PDF225-L48-S2-Q075,BIO26-L48,علم البيئة,سلوك الحيوان,225,225,224,2,75,BIO26-M29,BIO26-S29-01,,,NOT_STARTED,NOT_RUN,ONE_QUESTION_ONE_IMAGE_ONE_CODE; exclude number/year/stars/badge/next-question/header; preserve full biological figure/labels/arrows/table/options
TAH-BIO-BIO26-L48-Q076,BIO26-PDF225-L48-S2-Q076,BIO26-L48,علم البيئة,سلوك الحيوان,225,225,224,2,76,BIO26-M29,BIO26-S29-01,,,NOT_STARTED,NOT_RUN,ONE_QUESTION_ONE_IMAGE_ONE_CODE; exclude number/year/stars/badge/next-question/header; preserve full biological figure/labels/arrows/table/options
TAH-BIO-BIO26-L48-Q077,BIO26-PDF225-L48-S2-Q077,BIO26-L48,علم البيئة,سلوك الحيوان,225,225,224,2,77,BIO26-M29,BIO26-S29-01,,,NOT_STARTED,NOT_RUN,ONE_QUESTION_ONE_IMAGE_ONE_CODE; exclude number/year/stars/badge/next-question/header; preserve full biological figure/labels/arrows/table/options
TAH-BIO-BIO26-L48-Q078,BIO26-PDF225-L48-S2-Q078,BIO26-L48,علم البيئة,سلوك الحيوان,225,225,224,2,78,BIO26-M29,BIO26-S29-01,,,NOT_STARTED,NOT_RUN,ONE_QUESTION_ONE_IMAGE_ONE_CODE; exclude number/year/stars/badge/next-question/header; preserve full biological figure/labels/arrows/table/options
TAH-BIO-BIO26-L48-Q079,BIO26-PDF225-L48-S2-Q079,BIO26-L48,علم البيئة,سلوك الحيوان,225,225,224,2,79,BIO26-M29,BIO26-S29-01,,,NOT_STARTED,NOT_RUN,ONE_QUESTION_ONE_IMAGE_ONE_CODE; exclude number/year/stars/badge/next-question/header; preserve full biological figure/labels/arrows/table/options
TAH-BIO-BIO26-L48-Q080,BIO26-PDF225-L48-S2-Q080,BIO26-L48,علم البيئة,سلوك الحيوان,225,225,224,2,80,BIO26-M29,BIO26-S29-01,,,NOT_STARTED,NOT_RUN,ONE_QUESTION_ONE_IMAGE_ONE_CODE; exclude number/year/stars/badge/next-question/header; preserve full biological figure/labels/arrows/table/options
