lessonIndex,lessonCode,unit,lesson,pdfPage,printedPageNumber,pdfPageIndex,section,printedQuestionNumber,questionCode,sourceItemId,topicHeading,mainSkillId,mainSkill,subSkillId,subSkill,answerSource,correctAnswer,correctOptionIndex,cropStatus,imageHash,dedupeStatus,mappingStatus
1,BIO26-L01,أحياء 1,دراسة الحياة,5,5,4,1,1,TAH-BIO-BIO26-L01-Q001,BIO26-PDF005-L01-S1-Q001,دور علم الأحياء والعلم الطبيعي ومجالاته,BIO26-M01,الاستقصاء العلمي وخصائص الحياة,BIO26-S01-01,دور علم الأحياء والعلم الطبيعي ومجالاته,تجميعات الأحياء 2026 — مفتاح الإجابة في PDF p.5,C,2,NOT_STARTED,,NOT_RUN,PRE_CROP_RANGE_FROZEN_V1
1,BIO26-L01,أحياء 1,دراسة الحياة,5,5,4,1,2,TAH-BIO-BIO26-L01-Q002,BIO26-PDF005-L01-S1-Q002,دور علم الأحياء والعلم الطبيعي ومجالاته,BIO26-M01,الاستقصاء العلمي وخصائص الحياة,BIO26-S01-01,دور علم الأحياء والعلم الطبيعي ومجالاته,تجميعات الأحياء 2026 — مفتاح الإجابة في PDF p.5,C,2,NOT_STARTED,,NOT_RUN,PRE_CROP_RANGE_FROZEN_V1
1,BIO26-L01,أحياء 1,دراسة الحياة,5,5,4,1,3,TAH-BIO-BIO26-L01-Q003,BIO26-PDF005-L01-S1-Q003,خصائص الحياة والاتزان الداخلي والتكيف,BIO26-M01,الاستقصاء العلمي وخصائص الحياة,BIO26-S01-02,خصائص الحياة والاتزان الداخلي والتكيف,تجميعات الأحياء 2026 — مفتاح الإجابة في PDF p.5,D,3,NOT_STARTED,,NOT_RUN,PRE_CROP_RANGE_FROZEN_V1
1,BIO26-L01,أحياء 1,دراسة الحياة,5,5,4,1,4,TAH-BIO-BIO26-L01-Q004,BIO26-PDF005-L01-S1-Q004,خصائص الحياة والاتزان الداخلي والتكيف,BIO26-M01,الاستقصاء العلمي وخصائص الحياة,BIO26-S01-02,خصائص الحياة والاتزان الداخلي والتكيف,تجميعات الأحياء 2026 — مفتاح الإجابة في PDF p.5,A,0,NOT_STARTED,,NOT_RUN,PRE_CROP_RANGE_FROZEN_V1
1,BIO26-L01,أحياء 1,دراسة الحياة,5,5,4,1,5,TAH-BIO-BIO26-L01-Q005,BIO26-PDF005-L01-S1-Q005,خصائص الحياة والاتزان الداخلي والتكيف,BIO26-M01,الاستقصاء العلمي وخصائص الحياة,BIO26-S01-02,خصائص الحياة والاتزان الداخلي والتكيف,تجميعات الأحياء 2026 — مفتاح الإجابة في PDF p.5,A,0,NOT_STARTED,,NOT_RUN,PRE_CROP_RANGE_FROZEN_V1
1,BIO26-L01,أحياء 1,دراسة الحياة,5,5,4,1,6,TAH-BIO-BIO26-L01-Q006,BIO26-PDF005-L01-S1-Q006,الطريقة العلمية والفرضيات والتجارب والمتغيرات,BIO26-M01,الاستقصاء العلمي وخصائص الحياة,BIO26-S01-03,الطريقة العلمية والفرضيات والتجارب والمتغيرات,تجميعات الأحياء 2026 — مفتاح الإجابة في PDF p.5,C,2,NOT_STARTED,,NOT_RUN,PRE_CROP_RANGE_FROZEN_V1
1,BIO26-L01,أحياء 1,دراسة الحياة,5,5,4,1,7,TAH-BIO-BIO26-L01-Q007,BIO26-PDF005-L01-S1-Q007,الطريقة العلمية والفرضيات والتجارب والمتغيرات,BIO26-M01,الاستقصاء العلمي وخصائص الحياة,BIO26-S01-03,الطريقة العلمية والفرضيات والتجارب والمتغيرات,تجميعات الأحياء 2026 — مفتاح الإجابة في PDF p.5,B,1,NOT_STARTED,,NOT_RUN,PRE_CROP_RANGE_FROZEN_V1
1,BIO26-L01,أحياء 1,دراسة الحياة,5,5,4,1,8,TAH-BIO-BIO26-L01-Q008,BIO26-PDF005-L01-S1-Q008,الطريقة العلمية والفرضيات والتجارب والمتغيرات,BIO26-M01,الاستقصاء العلمي وخصائص الحياة,BIO26-S01-03,الطريقة العلمية والفرضيات والتجارب والمتغيرات,تجميعات الأحياء 2026 — مفتاح الإجابة في PDF p.5,A,0,NOT_STARTED,,NOT_RUN,PRE_CROP_RANGE_FROZEN_V1
1,BIO26-L01,أحياء 1,دراسة الحياة,5,5,4,1,9,TAH-BIO-BIO26-L01-Q009,BIO26-PDF005-L01-S1-Q009,الطريقة العلمية والفرضيات والتجارب والمتغيرات,BIO26-M01,الاستقصاء العلمي وخصائص الحياة,BIO26-S01-03,الطريقة العلمية والفرضيات والتجارب والمتغيرات,تجميعات الأحياء 2026 — مفتاح الإجابة في PDF p.5,C,2,NOT_STARTED,,NOT_RUN,PRE_CROP_RANGE_FROZEN_V1
1,BIO26-L01,أحياء 1,دراسة الحياة,5,5,4,1,10,TAH-BIO-BIO26-L01-Q010,BIO26-PDF005-L01-S1-Q010,الطريقة العلمية والفرضيات والتجارب والمتغيرات,BIO26-M01,الاستقصاء العلمي وخصائص الحياة,BIO26-S01-03,الطريقة العلمية والفرضيات والتجارب والمتغيرات,تجميعات الأحياء 2026 — مفتاح الإجابة في PDF p.5,B,1,NOT_STARTED,,NOT_RUN,PRE_CROP_RANGE_FROZEN_V1
1,BIO26-L01,أحياء 1,دراسة الحياة,5,5,4,1,11,TAH-BIO-BIO26-L01-Q011,BIO26-PDF005-L01-S1-Q011,الطريقة العلمية والفرضيات والتجارب والمتغيرات,BIO26-M01,الاستقصاء العلمي وخصائص الحياة,BIO26-S01-03,الطريقة العلمية والفرضيات والتجارب والمتغيرات,تجميعات الأحياء 2026 — مفتاح الإجابة في PDF p.5,A,0,NOT_STARTED,,NOT_RUN,PRE_CROP_RANGE_FROZEN_V1
1,BIO26-L01,أحياء 1,دراسة الحياة,5,5,4,1,12,TAH-BIO-BIO26-L01-Q012,BIO26-PDF005-L01-S1-Q012,الطريقة العلمية والفرضيات والتجارب والمتغيرات,BIO26-M01,الاستقصاء العلمي وخصائص الحياة,BIO26-S01-03,الطريقة العلمية والفرضيات والتجارب والمتغيرات,تجميعات الأحياء 2026 — مفتاح الإجابة في PDF p.5,B,1,NOT_STARTED,,NOT_RUN,PRE_CROP_RANGE_FROZEN_V1
1,BIO26-L01,أحياء 1,دراسة الحياة,5,5,4,1,13,TAH-BIO-BIO26-L01-Q013,BIO26-PDF005-L01-S1-Q013,الطريقة العلمية والفرضيات والتجارب والمتغيرات,BIO26-M01,الاستقصاء العلمي وخصائص الحياة,BIO26-S01-03,الطريقة العلمية والفرضيات والتجارب والمتغيرات,تجميعات الأحياء 2026 — مفتاح الإجابة في PDF p.5,A,0,NOT_STARTED,,NOT_RUN,PRE_CROP_RANGE_FROZEN_V1
1,BIO26-L01,أحياء 1,دراسة الحياة,5,5,4,1,14,TAH-BIO-BIO26-L01-Q014,BIO26-PDF005-L01-S1-Q014,الطريقة العلمية والفرضيات والتجارب والمتغيرات,BIO26-M01,الاستقصاء العلمي وخصائص الحياة,BIO26-S01-03,الطريقة العلمية والفرضيات والتجارب والمتغيرات,تجميعات الأحياء 2026 — مفتاح الإجابة في PDF p.5,B,1,NOT_STARTED,,NOT_RUN,PRE_CROP_RANGE_FROZEN_V1
1,BIO26-L01,أحياء 1,دراسة الحياة,5,5,4,1,15,TAH-BIO-BIO26-L01-Q015,BIO26-PDF005-L01-S1-Q015,الطريقة العلمية والفرضيات والتجارب والمتغيرات,BIO26-M01,الاستقصاء العلمي وخصائص الحياة,BIO26-S01-03,الطريقة العلمية والفرضيات والتجارب والمتغيرات,تجميعات الأحياء 2026 — مفتاح الإجابة في PDF p.5,C,2,NOT_STARTED,,NOT_RUN,PRE_CROP_RANGE_FROZEN_V1
1,BIO26-L01,أحياء 1,دراسة الحياة,6,6,5,1,16,TAH-BIO-BIO26-L01-Q016,BIO26-PDF006-L01-S1-Q016,الطريقة العلمية والفرضيات والتجارب والمتغيرات,BIO26-M01,الاستقصاء العلمي وخصائص الحياة,BIO26-S01-03,الطريقة العلمية والفرضيات والتجارب والمتغيرات,تجميعات الأحياء 2026 — مفتاح الإجابة في PDF p.6,C,2,NOT_STARTED,,NOT_RUN,PRE_CROP_RANGE_FROZEN_V1
1,BIO26-L01,أحياء 1,دراسة الحياة,6,6,5,1,17,TAH-BIO-BIO26-L01-Q017,BIO26-PDF006-L01-S1-Q017,الطريقة العلمية والفرضيات والتجارب والمتغيرات,BIO26-M01,الاستقصاء العلمي وخصائص الحياة,BIO26-S01-03,الطريقة العلمية والفرضيات والتجارب والمتغيرات,تجميعات الأحياء 2026 — مفتاح الإجابة في PDF p.6,B,1,NOT_STARTED,,NOT_RUN,PRE_CROP_RANGE_FROZEN_V1
1,BIO26-L01,أحياء 1,دراسة الحياة,6,6,5,1,18,TAH-BIO-BIO26-L01-Q018,BIO26-PDF006-L01-S1-Q018,الطريقة العلمية والفرضيات والتجارب والمتغيرات,BIO26-M01,الاستقصاء العلمي وخصائص الحياة,BIO26-S01-03,الطريقة العلمية والفرضيات والتجارب والمتغيرات,تجميعات الأحياء 2026 — مفتاح الإجابة في PDF p.6,B,1,NOT_STARTED,,NOT_RUN,PRE_CROP_RANGE_FROZEN_V1
1,BIO26-L01,أحياء 1,دراسة الحياة,6,6,5,1,19,TAH-BIO-BIO26-L01-Q019,BIO26-PDF006-L01-S1-Q019,الطريقة العلمية والفرضيات والتجارب والمتغيرات,BIO26-M01,الاستقصاء العلمي وخصائص الحياة,BIO26-S01-03,الطريقة العلمية والفرضيات والتجارب والمتغيرات,تجميعات الأحياء 2026 — مفتاح الإجابة في PDF p.6,C,2,NOT_STARTED,,NOT_RUN,PRE_CROP_RANGE_FROZEN_V1
1,BIO26-L01,أحياء 1,دراسة الحياة,6,6,5,1,20,TAH-BIO-BIO26-L01-Q020,BIO26-PDF006-L01-S1-Q020,الطريقة العلمية والفرضيات والتجارب والمتغيرات,BIO26-M01,الاستقصاء العلمي وخصائص الحياة,BIO26-S01-03,الطريقة العلمية والفرضيات والتجارب والمتغيرات,تجميعات الأحياء 2026 — مفتاح الإجابة في PDF p.6,C,2,NOT_STARTED,,NOT_RUN,PRE_CROP_RANGE_FROZEN_V1
1,BIO26-L01,أحياء 1,دراسة الحياة,6,6,5,1,21,TAH-BIO-BIO26-L01-Q021,BIO26-PDF006-L01-S1-Q021,الطريقة العلمية والفرضيات والتجارب والمتغيرات,BIO26-M01,الاستقصاء العلمي وخصائص الحياة,BIO26-S01-03,الطريقة العلمية والفرضيات والتجارب والمتغيرات,تجميعات الأحياء 2026 — مفتاح الإجابة في PDF p.6,C,2,NOT_STARTED,,NOT_RUN,PRE_CROP_RANGE_FROZEN_V1
1,BIO26-L01,أحياء 1,دراسة الحياة,6,6,5,1,22,TAH-BIO-BIO26-L01-Q022,BIO26-PDF006-L01-S1-Q022,خصائص الحياة والاتزان الداخلي والتكيف,BIO26-M01,الاستقصاء العلمي وخصائص الحياة,BIO26-S01-02,خصائص الحياة والاتزان الداخلي والتكيف,تجميعات الأحياء 2026 — مفتاح الإجابة في PDF p.6,D,3,NOT_STARTED,,NOT_RUN,PRE_CROP_RANGE_FROZEN_V1
1,BIO26-L01,أحياء 1,دراسة الحياة,6,6,5,1,23,TAH-BIO-BIO26-L01-Q023,BIO26-PDF006-L01-S1-Q023,الملاحظة والبيانات والقياس ومراجعة الأقران,BIO26-M01,الاستقصاء العلمي وخصائص الحياة,BIO26-S01-04,الملاحظة والبيانات والقياس ومراجعة الأقران,تجميعات الأحياء 2026 — مفتاح الإجابة في PDF p.6,A,0,NOT_STARTED,,NOT_RUN,PRE_CROP_RANGE_FROZEN_V1
1,BIO26-L01,أحياء 1,دراسة الحياة,6,6,5,1,24,TAH-BIO-BIO26-L01-Q024,BIO26-PDF006-L01-S1-Q024,خصائص الحياة والاتزان الداخلي والتكيف,BIO26-M01,الاستقصاء العلمي وخصائص الحياة,BIO26-S01-02,خصائص الحياة والاتزان الداخلي والتكيف,تجميعات الأحياء 2026 — مفتاح الإجابة في PDF p.6,B,1,NOT_STARTED,,NOT_RUN,PRE_CROP_RANGE_FROZEN_V1
1,BIO26-L01,أحياء 1,دراسة الحياة,6,6,5,1,25,TAH-BIO-BIO26-L01-Q025,BIO26-PDF006-L01-S1-Q025,خصائص الحياة والاتزان الداخلي والتكيف,BIO26-M01,الاستقصاء العلمي وخصائص الحياة,BIO26-S01-02,خصائص الحياة والاتزان الداخلي والتكيف,تجميعات الأحياء 2026 — مفتاح الإجابة في PDF p.6,A,0,NOT_STARTED,,NOT_RUN,PRE_CROP_RANGE_FROZEN_V1
1,BIO26-L01,أحياء 1,دراسة الحياة,6,6,5,1,26,TAH-BIO-BIO26-L01-Q026,BIO26-PDF006-L01-S1-Q026,الطريقة العلمية والفرضيات والتجارب والمتغيرات,BIO26-M01,الاستقصاء العلمي وخصائص الحياة,BIO26-S01-03,الطريقة العلمية والفرضيات والتجارب والمتغيرات,تجميعات الأحياء 2026 — مفتاح الإجابة في PDF p.6,B,1,NOT_STARTED,,NOT_RUN,PRE_CROP_RANGE_FROZEN_V1
1,BIO26-L01,أحياء 1,دراسة الحياة,6,6,5,1,27,TAH-BIO-BIO26-L01-Q027,BIO26-PDF006-L01-S1-Q027,خصائص الحياة والاتزان الداخلي والتكيف,BIO26-M01,الاستقصاء العلمي وخصائص الحياة,BIO26-S01-02,خصائص الحياة والاتزان الداخلي والتكيف,تجميعات الأحياء 2026 — مفتاح الإجابة في PDF p.6,C,2,NOT_STARTED,,NOT_RUN,PRE_CROP_RANGE_FROZEN_V1
1,BIO26-L01,أحياء 1,دراسة الحياة,6,6,5,1,28,TAH-BIO-BIO26-L01-Q028,BIO26-PDF006-L01-S1-Q028,خصائص الحياة والاتزان الداخلي والتكيف,BIO26-M01,الاستقصاء العلمي وخصائص الحياة,BIO26-S01-02,خصائص الحياة والاتزان الداخلي والتكيف,تجميعات الأحياء 2026 — مفتاح الإجابة في PDF p.6,A,0,NOT_STARTED,,NOT_RUN,PRE_CROP_RANGE_FROZEN_V1
1,BIO26-L01,أحياء 1,دراسة الحياة,7,7,6,1,29,TAH-BIO-BIO26-L01-Q029,BIO26-PDF007-L01-S1-Q029,الطريقة العلمية والفرضيات والتجارب والمتغيرات,BIO26-M01,الاستقصاء العلمي وخصائص الحياة,BIO26-S01-03,الطريقة العلمية والفرضيات والتجارب والمتغيرات,تجميعات الأحياء 2026 — مفتاح الإجابة في PDF p.7,D,3,NOT_STARTED,,NOT_RUN,PRE_CROP_RANGE_FROZEN_V1
1,BIO26-L01,أحياء 1,دراسة الحياة,7,7,6,1,30,TAH-BIO-BIO26-L01-Q030,BIO26-PDF007-L01-S1-Q030,خصائص الحياة والاتزان الداخلي والتكيف,BIO26-M01,الاستقصاء العلمي وخصائص الحياة,BIO26-S01-02,خصائص الحياة والاتزان الداخلي والتكيف,تجميعات الأحياء 2026 — مفتاح الإجابة في PDF p.7,A,0,NOT_STARTED,,NOT_RUN,PRE_CROP_RANGE_FROZEN_V1
1,BIO26-L01,أحياء 1,دراسة الحياة,7,7,6,1,31,TAH-BIO-BIO26-L01-Q031,BIO26-PDF007-L01-S1-Q031,الطريقة العلمية والفرضيات والتجارب والمتغيرات,BIO26-M01,الاستقصاء العلمي وخصائص الحياة,BIO26-S01-03,الطريقة العلمية والفرضيات والتجارب والمتغيرات,تجميعات الأحياء 2026 — مفتاح الإجابة في PDF p.7,C,2,NOT_STARTED,,NOT_RUN,PRE_CROP_RANGE_FROZEN_V1
1,BIO26-L01,أحياء 1,دراسة الحياة,8,8,7,2,32,TAH-BIO-BIO26-L01-Q032,BIO26-PDF008-L01-S2-Q032,دور علم الأحياء والعلم الطبيعي ومجالاته,BIO26-M01,الاستقصاء العلمي وخصائص الحياة,BIO26-S01-01,دور علم الأحياء والعلم الطبيعي ومجالاته,تجميعات الأحياء 2026 — مفتاح الإجابة في PDF p.8,B,1,NOT_STARTED,,NOT_RUN,PRE_CROP_RANGE_FROZEN_V1
1,BIO26-L01,أحياء 1,دراسة الحياة,8,8,7,2,33,TAH-BIO-BIO26-L01-Q033,BIO26-PDF008-L01-S2-Q033,دور علم الأحياء والعلم الطبيعي ومجالاته,BIO26-M01,الاستقصاء العلمي وخصائص الحياة,BIO26-S01-01,دور علم الأحياء والعلم الطبيعي ومجالاته,تجميعات الأحياء 2026 — مفتاح الإجابة في PDF p.8,C,2,NOT_STARTED,,NOT_RUN,PRE_CROP_RANGE_FROZEN_V1
1,BIO26-L01,أحياء 1,دراسة الحياة,8,8,7,2,34,TAH-BIO-BIO26-L01-Q034,BIO26-PDF008-L01-S2-Q034,دور علم الأحياء والعلم الطبيعي ومجالاته,BIO26-M01,الاستقصاء العلمي وخصائص الحياة,BIO26-S01-01,دور علم الأحياء والعلم الطبيعي ومجالاته,تجميعات الأحياء 2026 — مفتاح الإجابة في PDF p.8,B,1,NOT_STARTED,,NOT_RUN,PRE_CROP_RANGE_FROZEN_V1
1,BIO26-L01,أحياء 1,دراسة الحياة,8,8,7,2,35,TAH-BIO-BIO26-L01-Q035,BIO26-PDF008-L01-S2-Q035,دور علم الأحياء والعلم الطبيعي ومجالاته,BIO26-M01,الاستقصاء العلمي وخصائص الحياة,BIO26-S01-01,دور علم الأحياء والعلم الطبيعي ومجالاته,تجميعات الأحياء 2026 — مفتاح الإجابة في PDF p.8,B,1,NOT_STARTED,,NOT_RUN,PRE_CROP_RANGE_FROZEN_V1
1,BIO26-L01,أحياء 1,دراسة الحياة,8,8,7,2,36,TAH-BIO-BIO26-L01-Q036,BIO26-PDF008-L01-S2-Q036,دور علم الأحياء والعلم الطبيعي ومجالاته,BIO26-M01,الاستقصاء العلمي وخصائص الحياة,BIO26-S01-01,دور علم الأحياء والعلم الطبيعي ومجالاته,تجميعات الأحياء 2026 — مفتاح الإجابة في PDF p.8,A,0,NOT_STARTED,,NOT_RUN,PRE_CROP_RANGE_FROZEN_V1
1,BIO26-L01,أحياء 1,دراسة الحياة,8,8,7,2,37,TAH-BIO-BIO26-L01-Q037,BIO26-PDF008-L01-S2-Q037,خصائص الحياة والاتزان الداخلي والتكيف,BIO26-M01,الاستقصاء العلمي وخصائص الحياة,BIO26-S01-02,خصائص الحياة والاتزان الداخلي والتكيف,تجميعات الأحياء 2026 — مفتاح الإجابة في PDF p.8,A,0,NOT_STARTED,,NOT_RUN,PRE_CROP_RANGE_FROZEN_V1
1,BIO26-L01,أحياء 1,دراسة الحياة,8,8,7,2,38,TAH-BIO-BIO26-L01-Q038,BIO26-PDF008-L01-S2-Q038,خصائص الحياة والاتزان الداخلي والتكيف,BIO26-M01,الاستقصاء العلمي وخصائص الحياة,BIO26-S01-02,خصائص الحياة والاتزان الداخلي والتكيف,تجميعات الأحياء 2026 — مفتاح الإجابة في PDF p.8,C,2,NOT_STARTED,,NOT_RUN,PRE_CROP_RANGE_FROZEN_V1
1,BIO26-L01,أحياء 1,دراسة الحياة,8,8,7,2,39,TAH-BIO-BIO26-L01-Q039,BIO26-PDF008-L01-S2-Q039,خصائص الحياة والاتزان الداخلي والتكيف,BIO26-M01,الاستقصاء العلمي وخصائص الحياة,BIO26-S01-02,خصائص الحياة والاتزان الداخلي والتكيف,تجميعات الأحياء 2026 — مفتاح الإجابة في PDF p.8,A,0,NOT_STARTED,,NOT_RUN,PRE_CROP_RANGE_FROZEN_V1
1,BIO26-L01,أحياء 1,دراسة الحياة,8,8,7,2,40,TAH-BIO-BIO26-L01-Q040,BIO26-PDF008-L01-S2-Q040,خصائص الحياة والاتزان الداخلي والتكيف,BIO26-M01,الاستقصاء العلمي وخصائص الحياة,BIO26-S01-02,خصائص الحياة والاتزان الداخلي والتكيف,تجميعات الأحياء 2026 — مفتاح الإجابة في PDF p.8,B,1,NOT_STARTED,,NOT_RUN,PRE_CROP_RANGE_FROZEN_V1
1,BIO26-L01,أحياء 1,دراسة الحياة,8,8,7,2,41,TAH-BIO-BIO26-L01-Q041,BIO26-PDF008-L01-S2-Q041,خصائص الحياة والاتزان الداخلي والتكيف,BIO26-M01,الاستقصاء العلمي وخصائص الحياة,BIO26-S01-02,خصائص الحياة والاتزان الداخلي والتكيف,تجميعات الأحياء 2026 — مفتاح الإجابة في PDF p.8,D,3,NOT_STARTED,,NOT_RUN,PRE_CROP_RANGE_FROZEN_V1
1,BIO26-L01,أحياء 1,دراسة الحياة,8,8,7,2,42,TAH-BIO-BIO26-L01-Q042,BIO26-PDF008-L01-S2-Q042,خصائص الحياة والاتزان الداخلي والتكيف,BIO26-M01,الاستقصاء العلمي وخصائص الحياة,BIO26-S01-02,خصائص الحياة والاتزان الداخلي والتكيف,تجميعات الأحياء 2026 — مفتاح الإجابة في PDF p.8,B,1,NOT_STARTED,,NOT_RUN,PRE_CROP_RANGE_FROZEN_V1
1,BIO26-L01,أحياء 1,دراسة الحياة,8,8,7,2,43,TAH-BIO-BIO26-L01-Q043,BIO26-PDF008-L01-S2-Q043,خصائص الحياة والاتزان الداخلي والتكيف,BIO26-M01,الاستقصاء العلمي وخصائص الحياة,BIO26-S01-02,خصائص الحياة والاتزان الداخلي والتكيف,تجميعات الأحياء 2026 — مفتاح الإجابة في PDF p.8,C,2,NOT_STARTED,,NOT_RUN,PRE_CROP_RANGE_FROZEN_V1
1,BIO26-L01,أحياء 1,دراسة الحياة,8,8,7,2,44,TAH-BIO-BIO26-L01-Q044,BIO26-PDF008-L01-S2-Q044,خصائص الحياة والاتزان الداخلي والتكيف,BIO26-M01,الاستقصاء العلمي وخصائص الحياة,BIO26-S01-02,خصائص الحياة والاتزان الداخلي والتكيف,تجميعات الأحياء 2026 — مفتاح الإجابة في PDF p.8,C,2,NOT_STARTED,,NOT_RUN,PRE_CROP_RANGE_FROZEN_V1
1,BIO26-L01,أحياء 1,دراسة الحياة,8,8,7,2,45,TAH-BIO-BIO26-L01-Q045,BIO26-PDF008-L01-S2-Q045,خصائص الحياة والاتزان الداخلي والتكيف,BIO26-M01,الاستقصاء العلمي وخصائص الحياة,BIO26-S01-02,خصائص الحياة والاتزان الداخلي والتكيف,تجميعات الأحياء 2026 — مفتاح الإجابة في PDF p.8,A,0,NOT_STARTED,,NOT_RUN,PRE_CROP_RANGE_FROZEN_V1
1,BIO26-L01,أحياء 1,دراسة الحياة,8,8,7,2,46,TAH-BIO-BIO26-L01-Q046,BIO26-PDF008-L01-S2-Q046,الطريقة العلمية والفرضيات والتجارب والمتغيرات,BIO26-M01,الاستقصاء العلمي وخصائص الحياة,BIO26-S01-03,الطريقة العلمية والفرضيات والتجارب والمتغيرات,تجميعات الأحياء 2026 — مفتاح الإجابة في PDF p.8,A,0,NOT_STARTED,,NOT_RUN,PRE_CROP_RANGE_FROZEN_V1
1,BIO26-L01,أحياء 1,دراسة الحياة,8,8,7,2,47,TAH-BIO-BIO26-L01-Q047,BIO26-PDF008-L01-S2-Q047,الطريقة العلمية والفرضيات والتجارب والمتغيرات,BIO26-M01,الاستقصاء العلمي وخصائص الحياة,BIO26-S01-03,الطريقة العلمية والفرضيات والتجارب والمتغيرات,تجميعات الأحياء 2026 — مفتاح الإجابة في PDF p.8,C,2,NOT_STARTED,,NOT_RUN,PRE_CROP_RANGE_FROZEN_V1
1,BIO26-L01,أحياء 1,دراسة الحياة,8,8,7,2,48,TAH-BIO-BIO26-L01-Q048,BIO26-PDF008-L01-S2-Q048,الطريقة العلمية والفرضيات والتجارب والمتغيرات,BIO26-M01,الاستقصاء العلمي وخصائص الحياة,BIO26-S01-03,الطريقة العلمية والفرضيات والتجارب والمتغيرات,تجميعات الأحياء 2026 — مفتاح الإجابة في PDF p.8,C,2,NOT_STARTED,,NOT_RUN,PRE_CROP_RANGE_FROZEN_V1
1,BIO26-L01,أحياء 1,دراسة الحياة,8,8,7,2,49,TAH-BIO-BIO26-L01-Q049,BIO26-PDF008-L01-S2-Q049,الطريقة العلمية والفرضيات والتجارب والمتغيرات,BIO26-M01,الاستقصاء العلمي وخصائص الحياة,BIO26-S01-03,الطريقة العلمية والفرضيات والتجارب والمتغيرات,تجميعات الأحياء 2026 — مفتاح الإجابة في PDF p.8,A,0,NOT_STARTED,,NOT_RUN,PRE_CROP_RANGE_FROZEN_V1
1,BIO26-L01,أحياء 1,دراسة الحياة,8,8,7,2,50,TAH-BIO-BIO26-L01-Q050,BIO26-PDF008-L01-S2-Q050,الطريقة العلمية والفرضيات والتجارب والمتغيرات,BIO26-M01,الاستقصاء العلمي وخصائص الحياة,BIO26-S01-03,الطريقة العلمية والفرضيات والتجارب والمتغيرات,تجميعات الأحياء 2026 — مفتاح الإجابة في PDF p.8,C,2,NOT_STARTED,,NOT_RUN,PRE_CROP_RANGE_FROZEN_V1
1,BIO26-L01,أحياء 1,دراسة الحياة,9,9,8,2,51,TAH-BIO-BIO26-L01-Q051,BIO26-PDF009-L01-S2-Q051,الطريقة العلمية والفرضيات والتجارب والمتغيرات,BIO26-M01,الاستقصاء العلمي وخصائص الحياة,BIO26-S01-03,الطريقة العلمية والفرضيات والتجارب والمتغيرات,تجميعات الأحياء 2026 — مفتاح الإجابة في PDF p.9,D,3,NOT_STARTED,,NOT_RUN,PRE_CROP_RANGE_FROZEN_V1
1,BIO26-L01,أحياء 1,دراسة الحياة,9,9,8,2,52,TAH-BIO-BIO26-L01-Q052,BIO26-PDF009-L01-S2-Q052,الطريقة العلمية والفرضيات والتجارب والمتغيرات,BIO26-M01,الاستقصاء العلمي وخصائص الحياة,BIO26-S01-03,الطريقة العلمية والفرضيات والتجارب والمتغيرات,تجميعات الأحياء 2026 — مفتاح الإجابة في PDF p.9,A,0,NOT_STARTED,,NOT_RUN,PRE_CROP_RANGE_FROZEN_V1
1,BIO26-L01,أحياء 1,دراسة الحياة,9,9,8,2,53,TAH-BIO-BIO26-L01-Q053,BIO26-PDF009-L01-S2-Q053,الطريقة العلمية والفرضيات والتجارب والمتغيرات,BIO26-M01,الاستقصاء العلمي وخصائص الحياة,BIO26-S01-03,الطريقة العلمية والفرضيات والتجارب والمتغيرات,تجميعات الأحياء 2026 — مفتاح الإجابة في PDF p.9,B,1,NOT_STARTED,,NOT_RUN,PRE_CROP_RANGE_FROZEN_V1
1,BIO26-L01,أحياء 1,دراسة الحياة,9,9,8,2,54,TAH-BIO-BIO26-L01-Q054,BIO26-PDF009-L01-S2-Q054,الطريقة العلمية والفرضيات والتجارب والمتغيرات,BIO26-M01,الاستقصاء العلمي وخصائص الحياة,BIO26-S01-03,الطريقة العلمية والفرضيات والتجارب والمتغيرات,تجميعات الأحياء 2026 — مفتاح الإجابة في PDF p.9,D,3,NOT_STARTED,,NOT_RUN,PRE_CROP_RANGE_FROZEN_V1
1,BIO26-L01,أحياء 1,دراسة الحياة,9,9,8,2,55,TAH-BIO-BIO26-L01-Q055,BIO26-PDF009-L01-S2-Q055,الطريقة العلمية والفرضيات والتجارب والمتغيرات,BIO26-M01,الاستقصاء العلمي وخصائص الحياة,BIO26-S01-03,الطريقة العلمية والفرضيات والتجارب والمتغيرات,تجميعات الأحياء 2026 — مفتاح الإجابة في PDF p.9,B,1,NOT_STARTED,,NOT_RUN,PRE_CROP_RANGE_FROZEN_V1
1,BIO26-L01,أحياء 1,دراسة الحياة,9,9,8,2,56,TAH-BIO-BIO26-L01-Q056,BIO26-PDF009-L01-S2-Q056,الملاحظة والبيانات والقياس ومراجعة الأقران,BIO26-M01,الاستقصاء العلمي وخصائص الحياة,BIO26-S01-04,الملاحظة والبيانات والقياس ومراجعة الأقران,تجميعات الأحياء 2026 — مفتاح الإجابة في PDF p.9,C,2,NOT_STARTED,,NOT_RUN,PRE_CROP_RANGE_FROZEN_V1
1,BIO26-L01,أحياء 1,دراسة الحياة,9,9,8,2,57,TAH-BIO-BIO26-L01-Q057,BIO26-PDF009-L01-S2-Q057,الملاحظة والبيانات والقياس ومراجعة الأقران,BIO26-M01,الاستقصاء العلمي وخصائص الحياة,BIO26-S01-04,الملاحظة والبيانات والقياس ومراجعة الأقران,تجميعات الأحياء 2026 — مفتاح الإجابة في PDF p.9,D,3,NOT_STARTED,,NOT_RUN,PRE_CROP_RANGE_FROZEN_V1
1,BIO26-L01,أحياء 1,دراسة الحياة,9,9,8,2,58,TAH-BIO-BIO26-L01-Q058,BIO26-PDF009-L01-S2-Q058,الملاحظة والبيانات والقياس ومراجعة الأقران,BIO26-M01,الاستقصاء العلمي وخصائص الحياة,BIO26-S01-04,الملاحظة والبيانات والقياس ومراجعة الأقران,تجميعات الأحياء 2026 — مفتاح الإجابة في PDF p.9,A,0,NOT_STARTED,,NOT_RUN,PRE_CROP_RANGE_FROZEN_V1
1,BIO26-L01,أحياء 1,دراسة الحياة,9,9,8,2,59,TAH-BIO-BIO26-L01-Q059,BIO26-PDF009-L01-S2-Q059,الملاحظة والبيانات والقياس ومراجعة الأقران,BIO26-M01,الاستقصاء العلمي وخصائص الحياة,BIO26-S01-04,الملاحظة والبيانات والقياس ومراجعة الأقران,تجميعات الأحياء 2026 — مفتاح الإجابة في PDF p.9,B,1,NOT_STARTED,,NOT_RUN,PRE_CROP_RANGE_FROZEN_V1
2,BIO26-L02,أحياء 1,تنظيم تنوع الحياة,10,10,9,1,1,TAH-BIO-BIO26-L02-Q001,BIO26-PDF010-L02-S1-Q001,التسمية الثنائية وقواعد الاسم العلمي,BIO26-M02,التصنيف وتنظيم تنوع الحياة,BIO26-S02-01,التسمية الثنائية وقواعد الاسم العلمي,تجميعات الأحياء 2026 — مفتاح الإجابة في PDF p.10,C,2,NOT_STARTED,,NOT_RUN,PRE_CROP_RANGE_FROZEN_V1
2,BIO26-L02,أحياء 1,تنظيم تنوع الحياة,10,10,9,1,2,TAH-BIO-BIO26-L02-Q002,BIO26-PDF010-L02-S1-Q002,التسمية الثنائية وقواعد الاسم العلمي,BIO26-M02,التصنيف وتنظيم تنوع الحياة,BIO26-S02-01,التسمية الثنائية وقواعد الاسم العلمي,تجميعات الأحياء 2026 — مفتاح الإجابة في PDF p.10,A,0,NOT_STARTED,,NOT_RUN,PRE_CROP_RANGE_FROZEN_V1
2,BIO26-L02,أحياء 1,تنظيم تنوع الحياة,10,10,9,1,3,TAH-BIO-BIO26-L02-Q003,BIO26-PDF010-L02-S1-Q003,التسمية الثنائية وقواعد الاسم العلمي,BIO26-M02,التصنيف وتنظيم تنوع الحياة,BIO26-S02-01,التسمية الثنائية وقواعد الاسم العلمي,تجميعات الأحياء 2026 — مفتاح الإجابة في PDF p.10,A,0,NOT_STARTED,,NOT_RUN,PRE_CROP_RANGE_FROZEN_V1
2,BIO26-L02,أحياء 1,تنظيم تنوع الحياة,10,10,9,1,4,TAH-BIO-BIO26-L02-Q004,BIO26-PDF010-L02-S1-Q004,التسمية الثنائية وقواعد الاسم العلمي,BIO26-M02,التصنيف وتنظيم تنوع الحياة,BIO26-S02-01,التسمية الثنائية وقواعد الاسم العلمي,تجميعات الأحياء 2026 — مفتاح الإجابة في PDF p.10,A,0,NOT_STARTED,,NOT_RUN,PRE_CROP_RANGE_FROZEN_V1
2,BIO26-L02,أحياء 1,تنظيم تنوع الحياة,10,10,9,1,5,TAH-BIO-BIO26-L02-Q005,BIO26-PDF010-L02-S1-Q005,التسمية الثنائية وقواعد الاسم العلمي,BIO26-M02,التصنيف وتنظيم تنوع الحياة,BIO26-S02-01,التسمية الثنائية وقواعد الاسم العلمي,تجميعات الأحياء 2026 — مفتاح الإجابة في PDF p.10,A,0,NOT_STARTED,,NOT_RUN,PRE_CROP_RANGE_FROZEN_V1
2,BIO26-L02,أحياء 1,تنظيم تنوع الحياة,10,10,9,1,6,TAH-BIO-BIO26-L02-Q006,BIO26-PDF010-L02-S1-Q006,مستويات التصنيف والمصنفات والعلاقات,BIO26-M02,التصنيف وتنظيم تنوع الحياة,BIO26-S02-02,مستويات التصنيف والمصنفات والعلاقات,تجميعات الأحياء 2026 — مفتاح الإجابة في PDF p.10,A,0,NOT_STARTED,,NOT_RUN,PRE_CROP_RANGE_FROZEN_V1
2,BIO26-L02,أحياء 1,تنظيم تنوع الحياة,10,10,9,1,7,TAH-BIO-BIO26-L02-Q007,BIO26-PDF010-L02-S1-Q007,مستويات التصنيف والمصنفات والعلاقات,BIO26-M02,التصنيف وتنظيم تنوع الحياة,BIO26-S02-02,مستويات التصنيف والمصنفات والعلاقات,تجميعات الأحياء 2026 — مفتاح الإجابة في PDF p.10,A,0,NOT_STARTED,,NOT_RUN,PRE_CROP_RANGE_FROZEN_V1
2,BIO26-L02,أحياء 1,تنظيم تنوع الحياة,10,10,9,1,8,TAH-BIO-BIO26-L02-Q008,BIO26-PDF010-L02-S1-Q008,مستويات التصنيف والمصنفات والعلاقات,BIO26-M02,التصنيف وتنظيم تنوع الحياة,BIO26-S02-02,مستويات التصنيف والمصنفات والعلاقات,تجميعات الأحياء 2026 — مفتاح الإجابة في PDF p.10,C,2,NOT_STARTED,,NOT_RUN,PRE_CROP_RANGE_FROZEN_V1
2,BIO26-L02,أحياء 1,تنظيم تنوع الحياة,10,10,9,1,9,TAH-BIO-BIO26-L02-Q009,BIO26-PDF010-L02-S1-Q009,مستويات التصنيف والمصنفات والعلاقات,BIO26-M02,التصنيف وتنظيم تنوع الحياة,BIO26-S02-02,مستويات التصنيف والمصنفات والعلاقات,تجميعات الأحياء 2026 — مفتاح الإجابة في PDF p.10,B,1,NOT_STARTED,,NOT_RUN,PRE_CROP_RANGE_FROZEN_V1
2,BIO26-L02,أحياء 1,تنظيم تنوع الحياة,10,10,9,1,10,TAH-BIO-BIO26-L02-Q010,BIO26-PDF010-L02-S1-Q010,مستويات التصنيف والمصنفات والعلاقات,BIO26-M02,التصنيف وتنظيم تنوع الحياة,BIO26-S02-02,مستويات التصنيف والمصنفات والعلاقات,تجميعات الأحياء 2026 — مفتاح الإجابة في PDF p.10,B,1,NOT_STARTED,,NOT_RUN,PRE_CROP_RANGE_FROZEN_V1
2,BIO26-L02,أحياء 1,تنظيم تنوع الحياة,10,10,9,1,11,TAH-BIO-BIO26-L02-Q011,BIO26-PDF010-L02-S1-Q011,مستويات التصنيف والمصنفات والعلاقات,BIO26-M02,التصنيف وتنظيم تنوع الحياة,BIO26-S02-02,مستويات التصنيف والمصنفات والعلاقات,تجميعات الأحياء 2026 — مفتاح الإجابة في PDF p.10,B,1,NOT_STARTED,,NOT_RUN,PRE_CROP_RANGE_FROZEN_V1
2,BIO26-L02,أحياء 1,تنظيم تنوع الحياة,10,10,9,1,12,TAH-BIO-BIO26-L02-Q012,BIO26-PDF010-L02-S1-Q012,مستويات التصنيف والمصنفات والعلاقات,BIO26-M02,التصنيف وتنظيم تنوع الحياة,BIO26-S02-02,مستويات التصنيف والمصنفات والعلاقات,تجميعات الأحياء 2026 — مفتاح الإجابة في PDF p.10,B,1,NOT_STARTED,,NOT_RUN,PRE_CROP_RANGE_FROZEN_V1
2,BIO26-L02,أحياء 1,تنظيم تنوع الحياة,10,10,9,1,13,TAH-BIO-BIO26-L02-Q013,BIO26-PDF010-L02-S1-Q013,مستويات التصنيف والمصنفات والعلاقات,BIO26-M02,التصنيف وتنظيم تنوع الحياة,BIO26-S02-02,مستويات التصنيف والمصنفات والعلاقات,تجميعات الأحياء 2026 — مفتاح الإجابة في PDF p.10,D,3,NOT_STARTED,,NOT_RUN,PRE_CROP_RANGE_FROZEN_V1
2,BIO26-L02,أحياء 1,تنظيم تنوع الحياة,10,10,9,1,14,TAH-BIO-BIO26-L02-Q014,BIO26-PDF010-L02-S1-Q014,مستويات التصنيف والمصنفات والعلاقات,BIO26-M02,التصنيف وتنظيم تنوع الحياة,BIO26-S02-02,مستويات التصنيف والمصنفات والعلاقات,تجميعات الأحياء 2026 — مفتاح الإجابة في PDF p.10,B,1,NOT_STARTED,,NOT_RUN,PRE_CROP_RANGE_FROZEN_V1
2,BIO26-L02,أحياء 1,تنظيم تنوع الحياة,10,10,9,1,15,TAH-BIO-BIO26-L02-Q015,BIO26-PDF010-L02-S1-Q015,مستويات التصنيف والمصنفات والعلاقات,BIO26-M02,التصنيف وتنظيم تنوع الحياة,BIO26-S02-02,مستويات التصنيف والمصنفات والعلاقات,تجميعات الأحياء 2026 — مفتاح الإجابة في PDF p.10,A,0,NOT_STARTED,,NOT_RUN,PRE_CROP_RANGE_FROZEN_V1
2,BIO26-L02,أحياء 1,تنظيم تنوع الحياة,10,10,9,1,16,TAH-BIO-BIO26-L02-Q016,BIO26-PDF010-L02-S1-Q016,مستويات التصنيف والمصنفات والعلاقات,BIO26-M02,التصنيف وتنظيم تنوع الحياة,BIO26-S02-02,مستويات التصنيف والمصنفات والعلاقات,تجميعات الأحياء 2026 — مفتاح الإجابة في PDF p.10,D,3,NOT_STARTED,,NOT_RUN,PRE_CROP_RANGE_FROZEN_V1
2,BIO26-L02,أحياء 1,تنظيم تنوع الحياة,10,10,9,1,17,TAH-BIO-BIO26-L02-Q017,BIO26-PDF010-L02-S1-Q017,فوق الممالك والممالك الست وخصائصها,BIO26-M02,التصنيف وتنظيم تنوع الحياة,BIO26-S02-03,فوق الممالك والممالك الست وخصائصها,تجميعات الأحياء 2026 — مفتاح الإجابة في PDF p.10,D,3,NOT_STARTED,,NOT_RUN,PRE_CROP_RANGE_FROZEN_V1
2,BIO26-L02,أحياء 1,تنظيم تنوع الحياة,11,11,10,1,18,TAH-BIO-BIO26-L02-Q018,BIO26-PDF011-L02-S1-Q018,فوق الممالك والممالك الست وخصائصها,BIO26-M02,التصنيف وتنظيم تنوع الحياة,BIO26-S02-03,فوق الممالك والممالك الست وخصائصها,تجميعات الأحياء 2026 — مفتاح الإجابة في PDF p.11,B,1,NOT_STARTED,,NOT_RUN,PRE_CROP_RANGE_FROZEN_V1
2,BIO26-L02,أحياء 1,تنظيم تنوع الحياة,11,11,10,1,19,TAH-BIO-BIO26-L02-Q019,BIO26-PDF011-L02-S1-Q019,فوق الممالك والممالك الست وخصائصها,BIO26-M02,التصنيف وتنظيم تنوع الحياة,BIO26-S02-03,فوق الممالك والممالك الست وخصائصها,تجميعات الأحياء 2026 — مفتاح الإجابة في PDF p.11,D,3,NOT_STARTED,,NOT_RUN,PRE_CROP_RANGE_FROZEN_V1
2,BIO26-L02,أحياء 1,تنظيم تنوع الحياة,11,11,10,1,20,TAH-BIO-BIO26-L02-Q020,BIO26-PDF011-L02-S1-Q020,فوق الممالك والممالك الست وخصائصها,BIO26-M02,التصنيف وتنظيم تنوع الحياة,BIO26-S02-03,فوق الممالك والممالك الست وخصائصها,تجميعات الأحياء 2026 — مفتاح الإجابة في PDF p.11,C,2,NOT_STARTED,,NOT_RUN,PRE_CROP_RANGE_FROZEN_V1
2,BIO26-L02,أحياء 1,تنظيم تنوع الحياة,11,11,10,1,21,TAH-BIO-BIO26-L02-Q021,BIO26-PDF011-L02-S1-Q021,فوق الممالك والممالك الست وخصائصها,BIO26-M02,التصنيف وتنظيم تنوع الحياة,BIO26-S02-03,فوق الممالك والممالك الست وخصائصها,تجميعات الأحياء 2026 — مفتاح الإجابة في PDF p.11,B,1,NOT_STARTED,,NOT_RUN,PRE_CROP_RANGE_FROZEN_V1
2,BIO26-L02,أحياء 1,تنظيم تنوع الحياة,11,11,10,1,22,TAH-BIO-BIO26-L02-Q022,BIO26-PDF011-L02-S1-Q022,فوق الممالك والممالك الست وخصائصها,BIO26-M02,التصنيف وتنظيم تنوع الحياة,BIO26-S02-03,فوق الممالك والممالك الست وخصائصها,تجميعات الأحياء 2026 — مفتاح الإجابة في PDF p.11,B,1,NOT_STARTED,,NOT_RUN,PRE_CROP_RANGE_FROZEN_V1
2,BIO26-L02,أحياء 1,تنظيم تنوع الحياة,11,11,10,1,23,TAH-BIO-BIO26-L02-Q023,BIO26-PDF011-L02-S1-Q023,فوق الممالك والممالك الست وخصائصها,BIO26-M02,التصنيف وتنظيم تنوع الحياة,BIO26-S02-03,فوق الممالك والممالك الست وخصائصها,تجميعات الأحياء 2026 — مفتاح الإجابة في PDF p.11,B,1,NOT_STARTED,,NOT_RUN,PRE_CROP_RANGE_FROZEN_V1
2,BIO26-L02,أحياء 1,تنظيم تنوع الحياة,11,11,10,1,24,TAH-BIO-BIO26-L02-Q024,BIO26-PDF011-L02-S1-Q024,فوق الممالك والممالك الست وخصائصها,BIO26-M02,التصنيف وتنظيم تنوع الحياة,BIO26-S02-03,فوق الممالك والممالك الست وخصائصها,تجميعات الأحياء 2026 — مفتاح الإجابة في PDF p.11,D,3,NOT_STARTED,,NOT_RUN,PRE_CROP_RANGE_FROZEN_V1
2,BIO26-L02,أحياء 1,تنظيم تنوع الحياة,11,11,10,1,25,TAH-BIO-BIO26-L02-Q025,BIO26-PDF011-L02-S1-Q025,فوق الممالك والممالك الست وخصائصها,BIO26-M02,التصنيف وتنظيم تنوع الحياة,BIO26-S02-03,فوق الممالك والممالك الست وخصائصها,تجميعات الأحياء 2026 — مفتاح الإجابة في PDF p.11,A,0,NOT_STARTED,,NOT_RUN,PRE_CROP_RANGE_FROZEN_V1
2,BIO26-L02,أحياء 1,تنظيم تنوع الحياة,11,11,10,1,26,TAH-BIO-BIO26-L02-Q026,BIO26-PDF011-L02-S1-Q026,فوق الممالك والممالك الست وخصائصها,BIO26-M02,التصنيف وتنظيم تنوع الحياة,BIO26-S02-03,فوق الممالك والممالك الست وخصائصها,تجميعات الأحياء 2026 — مفتاح الإجابة في PDF p.11,D,3,NOT_STARTED,,NOT_RUN,PRE_CROP_RANGE_FROZEN_V1
2,BIO26-L02,أحياء 1,تنظيم تنوع الحياة,12,12,11,2,27,TAH-BIO-BIO26-L02-Q027,BIO26-PDF012-L02-S2-Q027,التسمية الثنائية وقواعد الاسم العلمي,BIO26-M02,التصنيف وتنظيم تنوع الحياة,BIO26-S02-01,التسمية الثنائية وقواعد الاسم العلمي,تجميعات الأحياء 2026 — مفتاح الإجابة في PDF p.12,A,0,NOT_STARTED,,NOT_RUN,PRE_CROP_RANGE_FROZEN_V1
2,BIO26-L02,أحياء 1,تنظيم تنوع الحياة,12,12,11,2,28,TAH-BIO-BIO26-L02-Q028,BIO26-PDF012-L02-S2-Q028,التسمية الثنائية وقواعد الاسم العلمي,BIO26-M02,التصنيف وتنظيم تنوع الحياة,BIO26-S02-01,التسمية الثنائية وقواعد الاسم العلمي,تجميعات الأحياء 2026 — مفتاح الإجابة في PDF p.12,C,2,NOT_STARTED,,NOT_RUN,PRE_CROP_RANGE_FROZEN_V1
2,BIO26-L02,أحياء 1,تنظيم تنوع الحياة,12,12,11,2,29,TAH-BIO-BIO26-L02-Q029,BIO26-PDF012-L02-S2-Q029,مستويات التصنيف والمصنفات والعلاقات,BIO26-M02,التصنيف وتنظيم تنوع الحياة,BIO26-S02-02,مستويات التصنيف والمصنفات والعلاقات,تجميعات الأحياء 2026 — مفتاح الإجابة في PDF p.12,D,3,NOT_STARTED,,NOT_RUN,PRE_CROP_RANGE_FROZEN_V1
2,BIO26-L02,أحياء 1,تنظيم تنوع الحياة,12,12,11,2,30,TAH-BIO-BIO26-L02-Q030,BIO26-PDF012-L02-S2-Q030,مستويات التصنيف والمصنفات والعلاقات,BIO26-M02,التصنيف وتنظيم تنوع الحياة,BIO26-S02-02,مستويات التصنيف والمصنفات والعلاقات,تجميعات الأحياء 2026 — مفتاح الإجابة في PDF p.12,B,1,NOT_STARTED,,NOT_RUN,PRE_CROP_RANGE_FROZEN_V1
2,BIO26-L02,أحياء 1,تنظيم تنوع الحياة,12,12,11,2,31,TAH-BIO-BIO26-L02-Q031,BIO26-PDF012-L02-S2-Q031,مستويات التصنيف والمصنفات والعلاقات,BIO26-M02,التصنيف وتنظيم تنوع الحياة,BIO26-S02-02,مستويات التصنيف والمصنفات والعلاقات,تجميعات الأحياء 2026 — مفتاح الإجابة في PDF p.12,A,0,NOT_STARTED,,NOT_RUN,PRE_CROP_RANGE_FROZEN_V1
2,BIO26-L02,أحياء 1,تنظيم تنوع الحياة,12,12,11,2,32,TAH-BIO-BIO26-L02-Q032,BIO26-PDF012-L02-S2-Q032,مستويات التصنيف والمصنفات والعلاقات,BIO26-M02,التصنيف وتنظيم تنوع الحياة,BIO26-S02-02,مستويات التصنيف والمصنفات والعلاقات,تجميعات الأحياء 2026 — مفتاح الإجابة في PDF p.12,D,3,NOT_STARTED,,NOT_RUN,PRE_CROP_RANGE_FROZEN_V1
2,BIO26-L02,أحياء 1,تنظيم تنوع الحياة,12,12,11,2,33,TAH-BIO-BIO26-L02-Q033,BIO26-PDF012-L02-S2-Q033,مستويات التصنيف والمصنفات والعلاقات,BIO26-M02,التصنيف وتنظيم تنوع الحياة,BIO26-S02-02,مستويات التصنيف والمصنفات والعلاقات,تجميعات الأحياء 2026 — مفتاح الإجابة في PDF p.12,B,1,NOT_STARTED,,NOT_RUN,PRE_CROP_RANGE_FROZEN_V1
2,BIO26-L02,أحياء 1,تنظيم تنوع الحياة,12,12,11,2,34,TAH-BIO-BIO26-L02-Q034,BIO26-PDF012-L02-S2-Q034,مستويات التصنيف والمصنفات والعلاقات,BIO26-M02,التصنيف وتنظيم تنوع الحياة,BIO26-S02-02,مستويات التصنيف والمصنفات والعلاقات,تجميعات الأحياء 2026 — مفتاح الإجابة في PDF p.12,D,3,NOT_STARTED,,NOT_RUN,PRE_CROP_RANGE_FROZEN_V1
2,BIO26-L02,أحياء 1,تنظيم تنوع الحياة,12,12,11,2,35,TAH-BIO-BIO26-L02-Q035,BIO26-PDF012-L02-S2-Q035,مستويات التصنيف والمصنفات والعلاقات,BIO26-M02,التصنيف وتنظيم تنوع الحياة,BIO26-S02-02,مستويات التصنيف والمصنفات والعلاقات,تجميعات الأحياء 2026 — مفتاح الإجابة في PDF p.12,A,0,NOT_STARTED,,NOT_RUN,PRE_CROP_RANGE_FROZEN_V1
2,BIO26-L02,أحياء 1,تنظيم تنوع الحياة,12,12,11,2,36,TAH-BIO-BIO26-L02-Q036,BIO26-PDF012-L02-S2-Q036,مستويات التصنيف والمصنفات والعلاقات,BIO26-M02,التصنيف وتنظيم تنوع الحياة,BIO26-S02-02,مستويات التصنيف والمصنفات والعلاقات,تجميعات الأحياء 2026 — مفتاح الإجابة في PDF p.12,D,3,NOT_STARTED,,NOT_RUN,PRE_CROP_RANGE_FROZEN_V1
2,BIO26-L02,أحياء 1,تنظيم تنوع الحياة,12,12,11,2,37,TAH-BIO-BIO26-L02-Q037,BIO26-PDF012-L02-S2-Q037,مستويات التصنيف والمصنفات والعلاقات,BIO26-M02,التصنيف وتنظيم تنوع الحياة,BIO26-S02-02,مستويات التصنيف والمصنفات والعلاقات,تجميعات الأحياء 2026 — مفتاح الإجابة في PDF p.12,B,1,NOT_STARTED,,NOT_RUN,PRE_CROP_RANGE_FROZEN_V1
2,BIO26-L02,أحياء 1,تنظيم تنوع الحياة,12,12,11,2,38,TAH-BIO-BIO26-L02-Q038,BIO26-PDF012-L02-S2-Q038,مستويات التصنيف والمصنفات والعلاقات,BIO26-M02,التصنيف وتنظيم تنوع الحياة,BIO26-S02-02,مستويات التصنيف والمصنفات والعلاقات,تجميعات الأحياء 2026 — مفتاح الإجابة في PDF p.12,D,3,NOT_STARTED,,NOT_RUN,PRE_CROP_RANGE_FROZEN_V1
2,BIO26-L02,أحياء 1,تنظيم تنوع الحياة,12,12,11,2,39,TAH-BIO-BIO26-L02-Q039,BIO26-PDF012-L02-S2-Q039,مستويات التصنيف والمصنفات والعلاقات,BIO26-M02,التصنيف وتنظيم تنوع الحياة,BIO26-S02-02,مستويات التصنيف والمصنفات والعلاقات,تجميعات الأحياء 2026 — مفتاح الإجابة في PDF p.12,A,0,NOT_STARTED,,NOT_RUN,PRE_CROP_RANGE_FROZEN_V1
2,BIO26-L02,أحياء 1,تنظيم تنوع الحياة,12,12,11,2,40,TAH-BIO-BIO26-L02-Q040,BIO26-PDF012-L02-S2-Q040,فوق الممالك والممالك الست وخصائصها,BIO26-M02,التصنيف وتنظيم تنوع الحياة,BIO26-S02-03,فوق الممالك والممالك الست وخصائصها,تجميعات الأحياء 2026 — مفتاح الإجابة في PDF p.12,C,2,NOT_STARTED,,NOT_RUN,PRE_CROP_RANGE_FROZEN_V1
2,BIO26-L02,أحياء 1,تنظيم تنوع الحياة,12,12,11,2,41,TAH-BIO-BIO26-L02-Q041,BIO26-PDF012-L02-S2-Q041,فوق الممالك والممالك الست وخصائصها,BIO26-M02,التصنيف وتنظيم تنوع الحياة,BIO26-S02-03,فوق الممالك والممالك الست وخصائصها,تجميعات الأحياء 2026 — مفتاح الإجابة في PDF p.12,C,2,NOT_STARTED,,NOT_RUN,PRE_CROP_RANGE_FROZEN_V1
2,BIO26-L02,أحياء 1,تنظيم تنوع الحياة,12,12,11,2,42,TAH-BIO-BIO26-L02-Q042,BIO26-PDF012-L02-S2-Q042,فوق الممالك والممالك الست وخصائصها,BIO26-M02,التصنيف وتنظيم تنوع الحياة,BIO26-S02-03,فوق الممالك والممالك الست وخصائصها,تجميعات الأحياء 2026 — مفتاح الإجابة في PDF p.12,A,0,NOT_STARTED,,NOT_RUN,PRE_CROP_RANGE_FROZEN_V1
2,BIO26-L02,أحياء 1,تنظيم تنوع الحياة,12,12,11,2,43,TAH-BIO-BIO26-L02-Q043,BIO26-PDF012-L02-S2-Q043,فوق الممالك والممالك الست وخصائصها,BIO26-M02,التصنيف وتنظيم تنوع الحياة,BIO26-S02-03,فوق الممالك والممالك الست وخصائصها,تجميعات الأحياء 2026 — مفتاح الإجابة في PDF p.12,C,2,NOT_STARTED,,NOT_RUN,PRE_CROP_RANGE_FROZEN_V1
2,BIO26-L02,أحياء 1,تنظيم تنوع الحياة,13,13,12,2,44,TAH-BIO-BIO26-L02-Q044,BIO26-PDF013-L02-S2-Q044,فوق الممالك والممالك الست وخصائصها,BIO26-M02,التصنيف وتنظيم تنوع الحياة,BIO26-S02-03,فوق الممالك والممالك الست وخصائصها,تجميعات الأحياء 2026 — مفتاح الإجابة في PDF p.13,B,1,NOT_STARTED,,NOT_RUN,PRE_CROP_RANGE_FROZEN_V1
2,BIO26-L02,أحياء 1,تنظيم تنوع الحياة,13,13,12,2,45,TAH-BIO-BIO26-L02-Q045,BIO26-PDF013-L02-S2-Q045,فوق الممالك والممالك الست وخصائصها,BIO26-M02,التصنيف وتنظيم تنوع الحياة,BIO26-S02-03,فوق الممالك والممالك الست وخصائصها,تجميعات الأحياء 2026 — مفتاح الإجابة في PDF p.13,B,1,NOT_STARTED,,NOT_RUN,PRE_CROP_RANGE_FROZEN_V1
2,BIO26-L02,أحياء 1,تنظيم تنوع الحياة,13,13,12,2,46,TAH-BIO-BIO26-L02-Q046,BIO26-PDF013-L02-S2-Q046,فوق الممالك والممالك الست وخصائصها,BIO26-M02,التصنيف وتنظيم تنوع الحياة,BIO26-S02-03,فوق الممالك والممالك الست وخصائصها,تجميعات الأحياء 2026 — مفتاح الإجابة في PDF p.13,C,2,NOT_STARTED,,NOT_RUN,PRE_CROP_RANGE_FROZEN_V1
2,BIO26-L02,أحياء 1,تنظيم تنوع الحياة,13,13,12,2,47,TAH-BIO-BIO26-L02-Q047,BIO26-PDF013-L02-S2-Q047,فوق الممالك والممالك الست وخصائصها,BIO26-M02,التصنيف وتنظيم تنوع الحياة,BIO26-S02-03,فوق الممالك والممالك الست وخصائصها,تجميعات الأحياء 2026 — مفتاح الإجابة في PDF p.13,C,2,NOT_STARTED,,NOT_RUN,PRE_CROP_RANGE_FROZEN_V1
3,BIO26-L03,أحياء 1,البكتيريا والفيروسات,14,14,13,1,1,TAH-BIO-BIO26-L03-Q001,BIO26-PDF014-L03-S1-Q001,البدائيات والبكتيريا: التركيب والأنواع والحركة,BIO26-M03,البدائيات والبكتيريا,BIO26-S03-01,البدائيات والبكتيريا: التركيب والأنواع والحركة,تجميعات الأحياء 2026 — مفتاح الإجابة في PDF p.14,B,1,NOT_STARTED,,NOT_RUN,PRE_CROP_RANGE_FROZEN_V1
3,BIO26-L03,أحياء 1,البكتيريا والفيروسات,14,14,13,1,2,TAH-BIO-BIO26-L03-Q002,BIO26-PDF014-L03-S1-Q002,البدائيات والبكتيريا: التركيب والأنواع والحركة,BIO26-M03,البدائيات والبكتيريا,BIO26-S03-01,البدائيات والبكتيريا: التركيب والأنواع والحركة,تجميعات الأحياء 2026 — مفتاح الإجابة في PDF p.14,C,2,NOT_STARTED,,NOT_RUN,PRE_CROP_RANGE_FROZEN_V1
3,BIO26-L03,أحياء 1,البكتيريا والفيروسات,14,14,13,1,3,TAH-BIO-BIO26-L03-Q003,BIO26-PDF014-L03-S1-Q003,البدائيات والبكتيريا: التركيب والأنواع والحركة,BIO26-M03,البدائيات والبكتيريا,BIO26-S03-01,البدائيات والبكتيريا: التركيب والأنواع والحركة,تجميعات الأحياء 2026 — مفتاح الإجابة في PDF p.14,A,0,NOT_STARTED,,NOT_RUN,PRE_CROP_RANGE_FROZEN_V1
3,BIO26-L03,أحياء 1,البكتيريا والفيروسات,14,14,13,1,4,TAH-BIO-BIO26-L03-Q004,BIO26-PDF014-L03-S1-Q004,البدائيات والبكتيريا: التركيب والأنواع والحركة,BIO26-M03,البدائيات والبكتيريا,BIO26-S03-01,البدائيات والبكتيريا: التركيب والأنواع والحركة,تجميعات الأحياء 2026 — مفتاح الإجابة في PDF p.14,C,2,NOT_STARTED,,NOT_RUN,PRE_CROP_RANGE_FROZEN_V1
3,BIO26-L03,أحياء 1,البكتيريا والفيروسات,14,14,13,1,5,TAH-BIO-BIO26-L03-Q005,BIO26-PDF014-L03-S1-Q005,البدائيات والبكتيريا: التركيب والأنواع والحركة,BIO26-M03,البدائيات والبكتيريا,BIO26-S03-01,البدائيات والبكتيريا: التركيب والأنواع والحركة,تجميعات الأحياء 2026 — مفتاح الإجابة في PDF p.14,B,1,NOT_STARTED,,NOT_RUN,PRE_CROP_RANGE_FROZEN_V1
3,BIO26-L03,أحياء 1,البكتيريا والفيروسات,14,14,13,1,6,TAH-BIO-BIO26-L03-Q006,BIO26-PDF014-L03-S1-Q006,البدائيات والبكتيريا: التركيب والأنواع والحركة,BIO26-M03,البدائيات والبكتيريا,BIO26-S03-01,البدائيات والبكتيريا: التركيب والأنواع والحركة,تجميعات الأحياء 2026 — مفتاح الإجابة في PDF p.14,C,2,NOT_STARTED,,NOT_RUN,PRE_CROP_RANGE_FROZEN_V1
3,BIO26-L03,أحياء 1,البكتيريا والفيروسات,14,14,13,1,7,TAH-BIO-BIO26-L03-Q007,BIO26-PDF014-L03-S1-Q007,البدائيات والبكتيريا: التركيب والأنواع والحركة,BIO26-M03,البدائيات والبكتيريا,BIO26-S03-01,البدائيات والبكتيريا: التركيب والأنواع والحركة,تجميعات الأحياء 2026 — مفتاح الإجابة في PDF p.14,B,1,NOT_STARTED,,NOT_RUN,PRE_CROP_RANGE_FROZEN_V1
3,BIO26-L03,أحياء 1,البكتيريا والفيروسات,14,14,13,1,8,TAH-BIO-BIO26-L03-Q008,BIO26-PDF014-L03-S1-Q008,البدائيات والبكتيريا: التركيب والأنواع والحركة,BIO26-M03,البدائيات والبكتيريا,BIO26-S03-01,البدائيات والبكتيريا: التركيب والأنواع والحركة,تجميعات الأحياء 2026 — مفتاح الإجابة في PDF p.14,D,3,NOT_STARTED,,NOT_RUN,PRE_CROP_RANGE_FROZEN_V1
3,BIO26-L03,أحياء 1,البكتيريا والفيروسات,14,14,13,1,9,TAH-BIO-BIO26-L03-Q009,BIO26-PDF014-L03-S1-Q009,صبغة جرام والجدار الخلوي والتراكيب الواقية,BIO26-M03,البدائيات والبكتيريا,BIO26-S03-02,صبغة جرام والجدار الخلوي والتراكيب الواقية,تجميعات الأحياء 2026 — مفتاح الإجابة في PDF p.14,B,1,NOT_STARTED,,NOT_RUN,PRE_CROP_RANGE_FROZEN_V1
3,BIO26-L03,أحياء 1,البكتيريا والفيروسات,14,14,13,1,10,TAH-BIO-BIO26-L03-Q010,BIO26-PDF014-L03-S1-Q010,تكاثر البكتيريا والبقاء والطفرات والأبواغ,BIO26-M03,البدائيات والبكتيريا,BIO26-S03-03,تكاثر البكتيريا والبقاء والطفرات والأبواغ,تجميعات الأحياء 2026 — مفتاح الإجابة في PDF p.14,C,2,NOT_STARTED,,NOT_RUN,PRE_CROP_RANGE_FROZEN_V1
3,BIO26-L03,أحياء 1,البكتيريا والفيروسات,14,14,13,1,11,TAH-BIO-BIO26-L03-Q011,BIO26-PDF014-L03-S1-Q011,تكاثر البكتيريا والبقاء والطفرات والأبواغ,BIO26-M03,البدائيات والبكتيريا,BIO26-S03-03,تكاثر البكتيريا والبقاء والطفرات والأبواغ,تجميعات الأحياء 2026 — مفتاح الإجابة في PDF p.14,B,1,NOT_STARTED,,NOT_RUN,PRE_CROP_RANGE_FROZEN_V1
3,BIO26-L03,أحياء 1,البكتيريا والفيروسات,14,14,13,1,12,TAH-BIO-BIO26-L03-Q012,BIO26-PDF014-L03-S1-Q012,تكاثر البكتيريا والبقاء والطفرات والأبواغ,BIO26-M03,البدائيات والبكتيريا,BIO26-S03-03,تكاثر البكتيريا والبقاء والطفرات والأبواغ,تجميعات الأحياء 2026 — مفتاح الإجابة في PDF p.14,B,1,NOT_STARTED,,NOT_RUN,PRE_CROP_RANGE_FROZEN_V1
3,BIO26-L03,أحياء 1,البكتيريا والفيروسات,14,14,13,1,13,TAH-BIO-BIO26-L03-Q013,BIO26-PDF014-L03-S1-Q013,تكاثر البكتيريا والبقاء والطفرات والأبواغ,BIO26-M03,البدائيات والبكتيريا,BIO26-S03-03,تكاثر البكتيريا والبقاء والطفرات والأبواغ,تجميعات الأحياء 2026 — مفتاح الإجابة في PDF p.14,A,0,NOT_STARTED,,NOT_RUN,PRE_CROP_RANGE_FROZEN_V1
3,BIO26-L03,أحياء 1,البكتيريا والفيروسات,14,14,13,1,14,TAH-BIO-BIO26-L03-Q014,BIO26-PDF014-L03-S1-Q014,تكاثر البكتيريا والبقاء والطفرات والأبواغ,BIO26-M03,البدائيات والبكتيريا,BIO26-S03-03,تكاثر البكتيريا والبقاء والطفرات والأبواغ,تجميعات الأحياء 2026 — مفتاح الإجابة في PDF p.14,A,0,NOT_STARTED,,NOT_RUN,PRE_CROP_RANGE_FROZEN_V1
3,BIO26-L03,أحياء 1,البكتيريا والفيروسات,15,15,14,1,15,TAH-BIO-BIO26-L03-Q015,BIO26-PDF015-L03-S1-Q015,تغذية وأيض وأهمية البكتيريا,BIO26-M03,البدائيات والبكتيريا,BIO26-S03-04,تغذية وأيض وأهمية البكتيريا,تجميعات الأحياء 2026 — مفتاح الإجابة في PDF p.15,A,0,NOT_STARTED,,NOT_RUN,PRE_CROP_RANGE_FROZEN_V1
3,BIO26-L03,أحياء 1,البكتيريا والفيروسات,15,15,14,1,16,TAH-BIO-BIO26-L03-Q016,BIO26-PDF015-L03-S1-Q016,تغذية وأيض وأهمية البكتيريا,BIO26-M03,البدائيات والبكتيريا,BIO26-S03-04,تغذية وأيض وأهمية البكتيريا,تجميعات الأحياء 2026 — مفتاح الإجابة في PDF p.15,B,1,NOT_STARTED,,NOT_RUN,PRE_CROP_RANGE_FROZEN_V1
3,BIO26-L03,أحياء 1,البكتيريا والفيروسات,15,15,14,1,17,TAH-BIO-BIO26-L03-Q017,BIO26-PDF015-L03-S1-Q017,تغذية وأيض وأهمية البكتيريا,BIO26-M03,البدائيات والبكتيريا,BIO26-S03-04,تغذية وأيض وأهمية البكتيريا,تجميعات الأحياء 2026 — مفتاح الإجابة في PDF p.15,B,1,NOT_STARTED,,NOT_RUN,PRE_CROP_RANGE_FROZEN_V1
3,BIO26-L03,أحياء 1,البكتيريا والفيروسات,15,15,14,1,18,TAH-BIO-BIO26-L03-Q018,BIO26-PDF015-L03-S1-Q018,تغذية وأيض وأهمية البكتيريا,BIO26-M03,البدائيات والبكتيريا,BIO26-S03-04,تغذية وأيض وأهمية البكتيريا,تجميعات الأحياء 2026 — مفتاح الإجابة في PDF p.15,C,2,NOT_STARTED,,NOT_RUN,PRE_CROP_RANGE_FROZEN_V1
3,BIO26-L03,أحياء 1,البكتيريا والفيروسات,15,15,14,1,19,TAH-BIO-BIO26-L03-Q019,BIO26-PDF015-L03-S1-Q019,تغذية وأيض وأهمية البكتيريا,BIO26-M03,البدائيات والبكتيريا,BIO26-S03-04,تغذية وأيض وأهمية البكتيريا,تجميعات الأحياء 2026 — مفتاح الإجابة في PDF p.15,B,1,NOT_STARTED,,NOT_RUN,PRE_CROP_RANGE_FROZEN_V1
3,BIO26-L03,أحياء 1,البكتيريا والفيروسات,15,15,14,1,20,TAH-BIO-BIO26-L03-Q020,BIO26-PDF015-L03-S1-Q020,تغذية وأيض وأهمية البكتيريا,BIO26-M03,البدائيات والبكتيريا,BIO26-S03-04,تغذية وأيض وأهمية البكتيريا,تجميعات الأحياء 2026 — مفتاح الإجابة في PDF p.15,D,3,NOT_STARTED,,NOT_RUN,PRE_CROP_RANGE_FROZEN_V1
3,BIO26-L03,أحياء 1,البكتيريا والفيروسات,15,15,14,1,21,TAH-BIO-BIO26-L03-Q021,BIO26-PDF015-L03-S1-Q021,تغذية وأيض وأهمية البكتيريا,BIO26-M03,البدائيات والبكتيريا,BIO26-S03-04,تغذية وأيض وأهمية البكتيريا,تجميعات الأحياء 2026 — مفتاح الإجابة في PDF p.15,A,0,NOT_STARTED,,NOT_RUN,PRE_CROP_RANGE_FROZEN_V1
3,BIO26-L03,أحياء 1,البكتيريا والفيروسات,15,15,14,1,22,TAH-BIO-BIO26-L03-Q022,BIO26-PDF015-L03-S1-Q022,تغذية وأيض وأهمية البكتيريا,BIO26-M03,البدائيات والبكتيريا,BIO26-S03-04,تغذية وأيض وأهمية البكتيريا,تجميعات الأحياء 2026 — مفتاح الإجابة في PDF p.15,A,0,NOT_STARTED,,NOT_RUN,PRE_CROP_RANGE_FROZEN_V1
3,BIO26-L03,أحياء 1,البكتيريا والفيروسات,15,15,14,1,23,TAH-BIO-BIO26-L03-Q023,BIO26-PDF015-L03-S1-Q023,الأمراض البكتيرية والمضادات والمقاومة,BIO26-M04,الفيروسات والبريونات والأمراض الميكروبية,BIO26-S04-01,الأمراض البكتيرية والمضادات والمقاومة,تجميعات الأحياء 2026 — مفتاح الإجابة في PDF p.15,A,0,NOT_STARTED,,NOT_RUN,PRE_CROP_RANGE_FROZEN_V1
3,BIO26-L03,أحياء 1,البكتيريا والفيروسات,15,15,14,1,24,TAH-BIO-BIO26-L03-Q024,BIO26-PDF015-L03-S1-Q024,الأمراض البكتيرية والمضادات والمقاومة,BIO26-M04,الفيروسات والبريونات والأمراض الميكروبية,BIO26-S04-01,الأمراض البكتيرية والمضادات والمقاومة,تجميعات الأحياء 2026 — مفتاح الإجابة في PDF p.15,D,3,NOT_STARTED,,NOT_RUN,PRE_CROP_RANGE_FROZEN_V1
3,BIO26-L03,أحياء 1,البكتيريا والفيروسات,15,15,14,1,25,TAH-BIO-BIO26-L03-Q025,BIO26-PDF015-L03-S1-Q025,الأمراض البكتيرية والمضادات والمقاومة,BIO26-M04,الفيروسات والبريونات والأمراض الميكروبية,BIO26-S04-01,الأمراض البكتيرية والمضادات والمقاومة,تجميعات الأحياء 2026 — مفتاح الإجابة في PDF p.15,C,2,NOT_STARTED,,NOT_RUN,PRE_CROP_RANGE_FROZEN_V1
3,BIO26-L03,أحياء 1,البكتيريا والفيروسات,15,15,14,1,26,TAH-BIO-BIO26-L03-Q026,BIO26-PDF015-L03-S1-Q026,الأمراض البكتيرية والمضادات والمقاومة,BIO26-M04,الفيروسات والبريونات والأمراض الميكروبية,BIO26-S04-01,الأمراض البكتيرية والمضادات والمقاومة,تجميعات الأحياء 2026 — مفتاح الإجابة في PDF p.15,B,1,NOT_STARTED,,NOT_RUN,PRE_CROP_RANGE_FROZEN_V1
3,BIO26-L03,أحياء 1,البكتيريا والفيروسات,15,15,14,1,27,TAH-BIO-BIO26-L03-Q027,BIO26-PDF015-L03-S1-Q027,الأمراض البكتيرية والمضادات والمقاومة,BIO26-M04,الفيروسات والبريونات والأمراض الميكروبية,BIO26-S04-01,الأمراض البكتيرية والمضادات والمقاومة,تجميعات الأحياء 2026 — مفتاح الإجابة في PDF p.15,A,0,NOT_STARTED,,NOT_RUN,PRE_CROP_RANGE_FROZEN_V1
3,BIO26-L03,أحياء 1,البكتيريا والفيروسات,15,15,14,1,28,TAH-BIO-BIO26-L03-Q028,BIO26-PDF015-L03-S1-Q028,الأمراض البكتيرية والمضادات والمقاومة,BIO26-M04,الفيروسات والبريونات والأمراض الميكروبية,BIO26-S04-01,الأمراض البكتيرية والمضادات والمقاومة,تجميعات الأحياء 2026 — مفتاح الإجابة في PDF p.15,A,0,NOT_STARTED,,NOT_RUN,PRE_CROP_RANGE_FROZEN_V1
3,BIO26-L03,أحياء 1,البكتيريا والفيروسات,15,15,14,1,29,TAH-BIO-BIO26-L03-Q029,BIO26-PDF015-L03-S1-Q029,تركيب الفيروسات وتضاعفها وتصنيفها,BIO26-M04,الفيروسات والبريونات والأمراض الميكروبية,BIO26-S04-02,تركيب الفيروسات وتضاعفها وتصنيفها,تجميعات الأحياء 2026 — مفتاح الإجابة في PDF p.15,D,3,NOT_STARTED,,NOT_RUN,PRE_CROP_RANGE_FROZEN_V1
3,BIO26-L03,أحياء 1,البكتيريا والفيروسات,15,15,14,1,30,TAH-BIO-BIO26-L03-Q030,BIO26-PDF015-L03-S1-Q030,تركيب الفيروسات وتضاعفها وتصنيفها,BIO26-M04,الفيروسات والبريونات والأمراض الميكروبية,BIO26-S04-02,تركيب الفيروسات وتضاعفها وتصنيفها,تجميعات الأحياء 2026 — مفتاح الإجابة في PDF p.15,A,0,NOT_STARTED,,NOT_RUN,PRE_CROP_RANGE_FROZEN_V1
3,BIO26-L03,أحياء 1,البكتيريا والفيروسات,15,15,14,1,31,TAH-BIO-BIO26-L03-Q031,BIO26-PDF015-L03-S1-Q031,تركيب الفيروسات وتضاعفها وتصنيفها,BIO26-M04,الفيروسات والبريونات والأمراض الميكروبية,BIO26-S04-02,تركيب الفيروسات وتضاعفها وتصنيفها,تجميعات الأحياء 2026 — مفتاح الإجابة في PDF p.15,A,0,NOT_STARTED,,NOT_RUN,PRE_CROP_RANGE_FROZEN_V1
3,BIO26-L03,أحياء 1,البكتيريا والفيروسات,15,15,14,1,32,TAH-BIO-BIO26-L03-Q032,BIO26-PDF015-L03-S1-Q032,تركيب الفيروسات وتضاعفها وتصنيفها,BIO26-M04,الفيروسات والبريونات والأمراض الميكروبية,BIO26-S04-02,تركيب الفيروسات وتضاعفها وتصنيفها,تجميعات الأحياء 2026 — مفتاح الإجابة في PDF p.15,A,0,NOT_STARTED,,NOT_RUN,PRE_CROP_RANGE_FROZEN_V1
3,BIO26-L03,أحياء 1,البكتيريا والفيروسات,16,16,15,1,33,TAH-BIO-BIO26-L03-Q033,BIO26-PDF016-L03-S1-Q033,تركيب الفيروسات وتضاعفها وتصنيفها,BIO26-M04,الفيروسات والبريونات والأمراض الميكروبية,BIO26-S04-02,تركيب الفيروسات وتضاعفها وتصنيفها,تجميعات الأحياء 2026 — مفتاح الإجابة في PDF p.16,A,0,NOT_STARTED,,NOT_RUN,PRE_CROP_RANGE_FROZEN_V1
3,BIO26-L03,أحياء 1,البكتيريا والفيروسات,16,16,15,1,34,TAH-BIO-BIO26-L03-Q034,BIO26-PDF016-L03-S1-Q034,تركيب الفيروسات وتضاعفها وتصنيفها,BIO26-M04,الفيروسات والبريونات والأمراض الميكروبية,BIO26-S04-02,تركيب الفيروسات وتضاعفها وتصنيفها,تجميعات الأحياء 2026 — مفتاح الإجابة في PDF p.16,B,1,NOT_STARTED,,NOT_RUN,PRE_CROP_RANGE_FROZEN_V1
3,BIO26-L03,أحياء 1,البكتيريا والفيروسات,16,16,15,1,35,TAH-BIO-BIO26-L03-Q035,BIO26-PDF016-L03-S1-Q035,تركيب الفيروسات وتضاعفها وتصنيفها,BIO26-M04,الفيروسات والبريونات والأمراض الميكروبية,BIO26-S04-02,تركيب الفيروسات وتضاعفها وتصنيفها,تجميعات الأحياء 2026 — مفتاح الإجابة في PDF p.16,C,2,NOT_STARTED,,NOT_RUN,PRE_CROP_RANGE_FROZEN_V1
3,BIO26-L03,أحياء 1,البكتيريا والفيروسات,16,16,15,1,36,TAH-BIO-BIO26-L03-Q036,BIO26-PDF016-L03-S1-Q036,تركيب الفيروسات وتضاعفها وتصنيفها,BIO26-M04,الفيروسات والبريونات والأمراض الميكروبية,BIO26-S04-02,تركيب الفيروسات وتضاعفها وتصنيفها,تجميعات الأحياء 2026 — مفتاح الإجابة في PDF p.16,A,0,NOT_STARTED,,NOT_RUN,PRE_CROP_RANGE_FROZEN_V1
3,BIO26-L03,أحياء 1,البكتيريا والفيروسات,16,16,15,1,37,TAH-BIO-BIO26-L03-Q037,BIO26-PDF016-L03-S1-Q037,الأمراض الفيروسية والفيروسات الارتجاعية والبريونات,BIO26-M04,الفيروسات والبريونات والأمراض الميكروبية,BIO26-S04-03,الأمراض الفيروسية والفيروسات الارتجاعية والبريونات,تجميعات الأحياء 2026 — مفتاح الإجابة في PDF p.16,B,1,NOT_STARTED,,NOT_RUN,PRE_CROP_RANGE_FROZEN_V1
3,BIO26-L03,أحياء 1,البكتيريا والفيروسات,16,16,15,1,38,TAH-BIO-BIO26-L03-Q038,BIO26-PDF016-L03-S1-Q038,الأمراض الفيروسية والفيروسات الارتجاعية والبريونات,BIO26-M04,الفيروسات والبريونات والأمراض الميكروبية,BIO26-S04-03,الأمراض الفيروسية والفيروسات الارتجاعية والبريونات,تجميعات الأحياء 2026 — مفتاح الإجابة في PDF p.16,A,0,NOT_STARTED,,NOT_RUN,PRE_CROP_RANGE_FROZEN_V1
3,BIO26-L03,أحياء 1,البكتيريا والفيروسات,16,16,15,1,39,TAH-BIO-BIO26-L03-Q039,BIO26-PDF016-L03-S1-Q039,الأمراض الفيروسية والفيروسات الارتجاعية والبريونات,BIO26-M04,الفيروسات والبريونات والأمراض الميكروبية,BIO26-S04-03,الأمراض الفيروسية والفيروسات الارتجاعية والبريونات,تجميعات الأحياء 2026 — مفتاح الإجابة في PDF p.16,B,1,NOT_STARTED,,NOT_RUN,PRE_CROP_RANGE_FROZEN_V1
3,BIO26-L03,أحياء 1,البكتيريا والفيروسات,16,16,15,1,40,TAH-BIO-BIO26-L03-Q040,BIO26-PDF016-L03-S1-Q040,الأمراض الفيروسية والفيروسات الارتجاعية والبريونات,BIO26-M04,الفيروسات والبريونات والأمراض الميكروبية,BIO26-S04-03,الأمراض الفيروسية والفيروسات الارتجاعية والبريونات,تجميعات الأحياء 2026 — مفتاح الإجابة في PDF p.16,A,0,NOT_STARTED,,NOT_RUN,PRE_CROP_RANGE_FROZEN_V1
3,BIO26-L03,أحياء 1,البكتيريا والفيروسات,16,16,15,1,41,TAH-BIO-BIO26-L03-Q041,BIO26-PDF016-L03-S1-Q041,الأمراض الفيروسية والفيروسات الارتجاعية والبريونات,BIO26-M04,الفيروسات والبريونات والأمراض الميكروبية,BIO26-S04-03,الأمراض الفيروسية والفيروسات الارتجاعية والبريونات,تجميعات الأحياء 2026 — مفتاح الإجابة في PDF p.16,B,1,NOT_STARTED,,NOT_RUN,PRE_CROP_RANGE_FROZEN_V1
3,BIO26-L03,أحياء 1,البكتيريا والفيروسات,16,16,15,1,42,TAH-BIO-BIO26-L03-Q042,BIO26-PDF016-L03-S1-Q042,الأمراض الفيروسية والفيروسات الارتجاعية والبريونات,BIO26-M04,الفيروسات والبريونات والأمراض الميكروبية,BIO26-S04-03,الأمراض الفيروسية والفيروسات الارتجاعية والبريونات,تجميعات الأحياء 2026 — مفتاح الإجابة في PDF p.16,B,1,NOT_STARTED,,NOT_RUN,PRE_CROP_RANGE_FROZEN_V1
3,BIO26-L03,أحياء 1,البكتيريا والفيروسات,16,16,15,1,43,TAH-BIO-BIO26-L03-Q043,BIO26-PDF016-L03-S1-Q043,الأمراض الفيروسية والفيروسات الارتجاعية والبريونات,BIO26-M04,الفيروسات والبريونات والأمراض الميكروبية,BIO26-S04-03,الأمراض الفيروسية والفيروسات الارتجاعية والبريونات,تجميعات الأحياء 2026 — مفتاح الإجابة في PDF p.16,A,0,NOT_STARTED,,NOT_RUN,PRE_CROP_RANGE_FROZEN_V1
3,BIO26-L03,أحياء 1,البكتيريا والفيروسات,16,16,15,1,44,TAH-BIO-BIO26-L03-Q044,BIO26-PDF016-L03-S1-Q044,الأمراض الفيروسية والفيروسات الارتجاعية والبريونات,BIO26-M04,الفيروسات والبريونات والأمراض الميكروبية,BIO26-S04-03,الأمراض الفيروسية والفيروسات الارتجاعية والبريونات,تجميعات الأحياء 2026 — مفتاح الإجابة في PDF p.16,C,2,NOT_STARTED,,NOT_RUN,PRE_CROP_RANGE_FROZEN_V1
3,BIO26-L03,أحياء 1,البكتيريا والفيروسات,17,17,16,1,45,TAH-BIO-BIO26-L03-Q045,BIO26-PDF017-L03-S1-Q045,الأمراض الفيروسية والفيروسات الارتجاعية والبريونات,BIO26-M04,الفيروسات والبريونات والأمراض الميكروبية,BIO26-S04-03,الأمراض الفيروسية والفيروسات الارتجاعية والبريونات,تجميعات الأحياء 2026 — مفتاح الإجابة في PDF p.17,A,0,NOT_STARTED,,NOT_RUN,PRE_CROP_RANGE_FROZEN_V1
3,BIO26-L03,أحياء 1,البكتيريا والفيروسات,17,17,16,1,46,TAH-BIO-BIO26-L03-Q046,BIO26-PDF017-L03-S1-Q046,الأمراض الفيروسية والفيروسات الارتجاعية والبريونات,BIO26-M04,الفيروسات والبريونات والأمراض الميكروبية,BIO26-S04-03,الأمراض الفيروسية والفيروسات الارتجاعية والبريونات,تجميعات الأحياء 2026 — مفتاح الإجابة في PDF p.17,D,3,NOT_STARTED,,NOT_RUN,PRE_CROP_RANGE_FROZEN_V1
3,BIO26-L03,أحياء 1,البكتيريا والفيروسات,17,17,16,1,47,TAH-BIO-BIO26-L03-Q047,BIO26-PDF017-L03-S1-Q047,الأمراض الفيروسية والفيروسات الارتجاعية والبريونات,BIO26-M04,الفيروسات والبريونات والأمراض الميكروبية,BIO26-S04-03,الأمراض الفيروسية والفيروسات الارتجاعية والبريونات,تجميعات الأحياء 2026 — مفتاح الإجابة في PDF p.17,B,1,NOT_STARTED,,NOT_RUN,PRE_CROP_RANGE_FROZEN_V1
3,BIO26-L03,أحياء 1,البكتيريا والفيروسات,17,17,16,1,48,TAH-BIO-BIO26-L03-Q048,BIO26-PDF017-L03-S1-Q048,الأمراض الفيروسية والفيروسات الارتجاعية والبريونات,BIO26-M04,الفيروسات والبريونات والأمراض الميكروبية,BIO26-S04-03,الأمراض الفيروسية والفيروسات الارتجاعية والبريونات,تجميعات الأحياء 2026 — مفتاح الإجابة في PDF p.17,B,1,NOT_STARTED,,NOT_RUN,PRE_CROP_RANGE_FROZEN_V1
3,BIO26-L03,أحياء 1,البكتيريا والفيروسات,17,17,16,1,49,TAH-BIO-BIO26-L03-Q049,BIO26-PDF017-L03-S1-Q049,الأمراض الفيروسية والفيروسات الارتجاعية والبريونات,BIO26-M04,الفيروسات والبريونات والأمراض الميكروبية,BIO26-S04-03,الأمراض الفيروسية والفيروسات الارتجاعية والبريونات,تجميعات الأحياء 2026 — مفتاح الإجابة في PDF p.17,C,2,NOT_STARTED,,NOT_RUN,PRE_CROP_RANGE_FROZEN_V1
3,BIO26-L03,أحياء 1,البكتيريا والفيروسات,17,17,16,1,50,TAH-BIO-BIO26-L03-Q050,BIO26-PDF017-L03-S1-Q050,الأمراض الفيروسية والفيروسات الارتجاعية والبريونات,BIO26-M04,الفيروسات والبريونات والأمراض الميكروبية,BIO26-S04-03,الأمراض الفيروسية والفيروسات الارتجاعية والبريونات,تجميعات الأحياء 2026 — مفتاح الإجابة في PDF p.17,A,0,NOT_STARTED,,NOT_RUN,PRE_CROP_RANGE_FROZEN_V1
3,BIO26-L03,أحياء 1,البكتيريا والفيروسات,17,17,16,1,51,TAH-BIO-BIO26-L03-Q051,BIO26-PDF017-L03-S1-Q051,الأمراض الفيروسية والفيروسات الارتجاعية والبريونات,BIO26-M04,الفيروسات والبريونات والأمراض الميكروبية,BIO26-S04-03,الأمراض الفيروسية والفيروسات الارتجاعية والبريونات,تجميعات الأحياء 2026 — مفتاح الإجابة في PDF p.17,B,1,NOT_STARTED,,NOT_RUN,PRE_CROP_RANGE_FROZEN_V1
3,BIO26-L03,أحياء 1,البكتيريا والفيروسات,17,17,16,1,52,TAH-BIO-BIO26-L03-Q052,BIO26-PDF017-L03-S1-Q052,الأمراض الفيروسية والفيروسات الارتجاعية والبريونات,BIO26-M04,الفيروسات والبريونات والأمراض الميكروبية,BIO26-S04-03,الأمراض الفيروسية والفيروسات الارتجاعية والبريونات,تجميعات الأحياء 2026 — مفتاح الإجابة في PDF p.17,D,3,NOT_STARTED,,NOT_RUN,PRE_CROP_RANGE_FROZEN_V1
3,BIO26-L03,أحياء 1,البكتيريا والفيروسات,18,18,17,2,53,TAH-BIO-BIO26-L03-Q053,BIO26-PDF018-L03-S2-Q053,البدائيات والبكتيريا: التركيب والأنواع والحركة,BIO26-M03,البدائيات والبكتيريا,BIO26-S03-01,البدائيات والبكتيريا: التركيب والأنواع والحركة,تجميعات الأحياء 2026 — مفتاح الإجابة في PDF p.18,A,0,NOT_STARTED,,NOT_RUN,PRE_CROP_RANGE_FROZEN_V1
3,BIO26-L03,أحياء 1,البكتيريا والفيروسات,18,18,17,2,54,TAH-BIO-BIO26-L03-Q054,BIO26-PDF018-L03-S2-Q054,البدائيات والبكتيريا: التركيب والأنواع والحركة,BIO26-M03,البدائيات والبكتيريا,BIO26-S03-01,البدائيات والبكتيريا: التركيب والأنواع والحركة,تجميعات الأحياء 2026 — مفتاح الإجابة في PDF p.18,A,0,NOT_STARTED,,NOT_RUN,PRE_CROP_RANGE_FROZEN_V1
3,BIO26-L03,أحياء 1,البكتيريا والفيروسات,18,18,17,2,55,TAH-BIO-BIO26-L03-Q055,BIO26-PDF018-L03-S2-Q055,البدائيات والبكتيريا: التركيب والأنواع والحركة,BIO26-M03,البدائيات والبكتيريا,BIO26-S03-01,البدائيات والبكتيريا: التركيب والأنواع والحركة,تجميعات الأحياء 2026 — مفتاح الإجابة في PDF p.18,D,3,NOT_STARTED,,NOT_RUN,PRE_CROP_RANGE_FROZEN_V1
3,BIO26-L03,أحياء 1,البكتيريا والفيروسات,18,18,17,2,56,TAH-BIO-BIO26-L03-Q056,BIO26-PDF018-L03-S2-Q056,البدائيات والبكتيريا: التركيب والأنواع والحركة,BIO26-M03,البدائيات والبكتيريا,BIO26-S03-01,البدائيات والبكتيريا: التركيب والأنواع والحركة,تجميعات الأحياء 2026 — مفتاح الإجابة في PDF p.18,A,0,NOT_STARTED,,NOT_RUN,PRE_CROP_RANGE_FROZEN_V1
3,BIO26-L03,أحياء 1,البكتيريا والفيروسات,18,18,17,2,57,TAH-BIO-BIO26-L03-Q057,BIO26-PDF018-L03-S2-Q057,البدائيات والبكتيريا: التركيب والأنواع والحركة,BIO26-M03,البدائيات والبكتيريا,BIO26-S03-01,البدائيات والبكتيريا: التركيب والأنواع والحركة,تجميعات الأحياء 2026 — مفتاح الإجابة في PDF p.18,D,3,NOT_STARTED,,NOT_RUN,PRE_CROP_RANGE_FROZEN_V1
3,BIO26-L03,أحياء 1,البكتيريا والفيروسات,18,18,17,2,58,TAH-BIO-BIO26-L03-Q058,BIO26-PDF018-L03-S2-Q058,البدائيات والبكتيريا: التركيب والأنواع والحركة,BIO26-M03,البدائيات والبكتيريا,BIO26-S03-01,البدائيات والبكتيريا: التركيب والأنواع والحركة,تجميعات الأحياء 2026 — مفتاح الإجابة في PDF p.18,A,0,NOT_STARTED,,NOT_RUN,PRE_CROP_RANGE_FROZEN_V1
3,BIO26-L03,أحياء 1,البكتيريا والفيروسات,18,18,17,2,59,TAH-BIO-BIO26-L03-Q059,BIO26-PDF018-L03-S2-Q059,البدائيات والبكتيريا: التركيب والأنواع والحركة,BIO26-M03,البدائيات والبكتيريا,BIO26-S03-01,البدائيات والبكتيريا: التركيب والأنواع والحركة,تجميعات الأحياء 2026 — مفتاح الإجابة في PDF p.18,B,1,NOT_STARTED,,NOT_RUN,PRE_CROP_RANGE_FROZEN_V1
3,BIO26-L03,أحياء 1,البكتيريا والفيروسات,18,18,17,2,60,TAH-BIO-BIO26-L03-Q060,BIO26-PDF018-L03-S2-Q060,البدائيات والبكتيريا: التركيب والأنواع والحركة,BIO26-M03,البدائيات والبكتيريا,BIO26-S03-01,البدائيات والبكتيريا: التركيب والأنواع والحركة,تجميعات الأحياء 2026 — مفتاح الإجابة في PDF p.18,A,0,NOT_STARTED,,NOT_RUN,PRE_CROP_RANGE_FROZEN_V1
3,BIO26-L03,أحياء 1,البكتيريا والفيروسات,18,18,17,2,61,TAH-BIO-BIO26-L03-Q061,BIO26-PDF018-L03-S2-Q061,البدائيات والبكتيريا: التركيب والأنواع والحركة,BIO26-M03,البدائيات والبكتيريا,BIO26-S03-01,البدائيات والبكتيريا: التركيب والأنواع والحركة,تجميعات الأحياء 2026 — مفتاح الإجابة في PDF p.18,B,1,NOT_STARTED,,NOT_RUN,PRE_CROP_RANGE_FROZEN_V1
3,BIO26-L03,أحياء 1,البكتيريا والفيروسات,18,18,17,2,62,TAH-BIO-BIO26-L03-Q062,BIO26-PDF018-L03-S2-Q062,البدائيات والبكتيريا: التركيب والأنواع والحركة,BIO26-M03,البدائيات والبكتيريا,BIO26-S03-01,البدائيات والبكتيريا: التركيب والأنواع والحركة,تجميعات الأحياء 2026 — مفتاح الإجابة في PDF p.18,B,1,NOT_STARTED,,NOT_RUN,PRE_CROP_RANGE_FROZEN_V1
3,BIO26-L03,أحياء 1,البكتيريا والفيروسات,18,18,17,2,63,TAH-BIO-BIO26-L03-Q063,BIO26-PDF018-L03-S2-Q063,البدائيات والبكتيريا: التركيب والأنواع والحركة,BIO26-M03,البدائيات والبكتيريا,BIO26-S03-01,البدائيات والبكتيريا: التركيب والأنواع والحركة,تجميعات الأحياء 2026 — مفتاح الإجابة في PDF p.18,D,3,NOT_STARTED,,NOT_RUN,PRE_CROP_RANGE_FROZEN_V1
3,BIO26-L03,أحياء 1,البكتيريا والفيروسات,18,18,17,2,64,TAH-BIO-BIO26-L03-Q064,BIO26-PDF018-L03-S2-Q064,البدائيات والبكتيريا: التركيب والأنواع والحركة,BIO26-M03,البدائيات والبكتيريا,BIO26-S03-01,البدائيات والبكتيريا: التركيب والأنواع والحركة,تجميعات الأحياء 2026 — مفتاح الإجابة في PDF p.18,B,1,NOT_STARTED,,NOT_RUN,PRE_CROP_RANGE_FROZEN_V1
3,BIO26-L03,أحياء 1,البكتيريا والفيروسات,18,18,17,2,65,TAH-BIO-BIO26-L03-Q065,BIO26-PDF018-L03-S2-Q065,البدائيات والبكتيريا: التركيب والأنواع والحركة,BIO26-M03,البدائيات والبكتيريا,BIO26-S03-01,البدائيات والبكتيريا: التركيب والأنواع والحركة,تجميعات الأحياء 2026 — مفتاح الإجابة في PDF p.18,D,3,NOT_STARTED,,NOT_RUN,PRE_CROP_RANGE_FROZEN_V1
3,BIO26-L03,أحياء 1,البكتيريا والفيروسات,18,18,17,2,66,TAH-BIO-BIO26-L03-Q066,BIO26-PDF018-L03-S2-Q066,البدائيات والبكتيريا: التركيب والأنواع والحركة,BIO26-M03,البدائيات والبكتيريا,BIO26-S03-01,البدائيات والبكتيريا: التركيب والأنواع والحركة,تجميعات الأحياء 2026 — مفتاح الإجابة في PDF p.18,B,1,NOT_STARTED,,NOT_RUN,PRE_CROP_RANGE_FROZEN_V1
3,BIO26-L03,أحياء 1,البكتيريا والفيروسات,18,18,17,2,67,TAH-BIO-BIO26-L03-Q067,BIO26-PDF018-L03-S2-Q067,صبغة جرام والجدار الخلوي والتراكيب الواقية,BIO26-M03,البدائيات والبكتيريا,BIO26-S03-02,صبغة جرام والجدار الخلوي والتراكيب الواقية,تجميعات الأحياء 2026 — مفتاح الإجابة في PDF p.18,B,1,NOT_STARTED,,NOT_RUN,PRE_CROP_RANGE_FROZEN_V1
3,BIO26-L03,أحياء 1,البكتيريا والفيروسات,18,18,17,2,68,TAH-BIO-BIO26-L03-Q068,BIO26-PDF018-L03-S2-Q068,صبغة جرام والجدار الخلوي والتراكيب الواقية,BIO26-M03,البدائيات والبكتيريا,BIO26-S03-02,صبغة جرام والجدار الخلوي والتراكيب الواقية,تجميعات الأحياء 2026 — مفتاح الإجابة في PDF p.18,A,0,NOT_STARTED,,NOT_RUN,PRE_CROP_RANGE_FROZEN_V1
3,BIO26-L03,أحياء 1,البكتيريا والفيروسات,18,18,17,2,69,TAH-BIO-BIO26-L03-Q069,BIO26-PDF018-L03-S2-Q069,تكاثر البكتيريا والبقاء والطفرات والأبواغ,BIO26-M03,البدائيات والبكتيريا,BIO26-S03-03,تكاثر البكتيريا والبقاء والطفرات والأبواغ,تجميعات الأحياء 2026 — مفتاح الإجابة في PDF p.18,C,2,NOT_STARTED,,NOT_RUN,PRE_CROP_RANGE_FROZEN_V1
3,BIO26-L03,أحياء 1,البكتيريا والفيروسات,19,19,18,2,70,TAH-BIO-BIO26-L03-Q070,BIO26-PDF019-L03-S2-Q070,تكاثر البكتيريا والبقاء والطفرات والأبواغ,BIO26-M03,البدائيات والبكتيريا,BIO26-S03-03,تكاثر البكتيريا والبقاء والطفرات والأبواغ,تجميعات الأحياء 2026 — مفتاح الإجابة في PDF p.19,D,3,NOT_STARTED,,NOT_RUN,PRE_CROP_RANGE_FROZEN_V1
3,BIO26-L03,أحياء 1,البكتيريا والفيروسات,19,19,18,2,71,TAH-BIO-BIO26-L03-Q071,BIO26-PDF019-L03-S2-Q071,تكاثر البكتيريا والبقاء والطفرات والأبواغ,BIO26-M03,البدائيات والبكتيريا,BIO26-S03-03,تكاثر البكتيريا والبقاء والطفرات والأبواغ,تجميعات الأحياء 2026 — مفتاح الإجابة في PDF p.19,A,0,NOT_STARTED,,NOT_RUN,PRE_CROP_RANGE_FROZEN_V1
3,BIO26-L03,أحياء 1,البكتيريا والفيروسات,19,19,18,2,72,TAH-BIO-BIO26-L03-Q072,BIO26-PDF019-L03-S2-Q072,تكاثر البكتيريا والبقاء والطفرات والأبواغ,BIO26-M03,البدائيات والبكتيريا,BIO26-S03-03,تكاثر البكتيريا والبقاء والطفرات والأبواغ,تجميعات الأحياء 2026 — مفتاح الإجابة في PDF p.19,C,2,NOT_STARTED,,NOT_RUN,PRE_CROP_RANGE_FROZEN_V1
3,BIO26-L03,أحياء 1,البكتيريا والفيروسات,19,19,18,2,73,TAH-BIO-BIO26-L03-Q073,BIO26-PDF019-L03-S2-Q073,تكاثر البكتيريا والبقاء والطفرات والأبواغ,BIO26-M03,البدائيات والبكتيريا,BIO26-S03-03,تكاثر البكتيريا والبقاء والطفرات والأبواغ,تجميعات الأحياء 2026 — مفتاح الإجابة في PDF p.19,B,1,NOT_STARTED,,NOT_RUN,PRE_CROP_RANGE_FROZEN_V1
3,BIO26-L03,أحياء 1,البكتيريا والفيروسات,19,19,18,2,74,TAH-BIO-BIO26-L03-Q074,BIO26-PDF019-L03-S2-Q074,تكاثر البكتيريا والبقاء والطفرات والأبواغ,BIO26-M03,البدائيات والبكتيريا,BIO26-S03-03,تكاثر البكتيريا والبقاء والطفرات والأبواغ,تجميعات الأحياء 2026 — مفتاح الإجابة في PDF p.19,C,2,NOT_STARTED,,NOT_RUN,PRE_CROP_RANGE_FROZEN_V1
3,BIO26-L03,أحياء 1,البكتيريا والفيروسات,19,19,18,2,75,TAH-BIO-BIO26-L03-Q075,BIO26-PDF019-L03-S2-Q075,تغذية وأيض وأهمية البكتيريا,BIO26-M03,البدائيات والبكتيريا,BIO26-S03-04,تغذية وأيض وأهمية البكتيريا,تجميعات الأحياء 2026 — مفتاح الإجابة في PDF p.19,B,1,NOT_STARTED,,NOT_RUN,PRE_CROP_RANGE_FROZEN_V1
3,BIO26-L03,أحياء 1,البكتيريا والفيروسات,19,19,18,2,76,TAH-BIO-BIO26-L03-Q076,BIO26-PDF019-L03-S2-Q076,تغذية وأيض وأهمية البكتيريا,BIO26-M03,البدائيات والبكتيريا,BIO26-S03-04,تغذية وأيض وأهمية البكتيريا,تجميعات الأحياء 2026 — مفتاح الإجابة في PDF p.19,C,2,NOT_STARTED,,NOT_RUN,PRE_CROP_RANGE_FROZEN_V1
3,BIO26-L03,أحياء 1,البكتيريا والفيروسات,19,19,18,2,77,TAH-BIO-BIO26-L03-Q077,BIO26-PDF019-L03-S2-Q077,تغذية وأيض وأهمية البكتيريا,BIO26-M03,البدائيات والبكتيريا,BIO26-S03-04,تغذية وأيض وأهمية البكتيريا,تجميعات الأحياء 2026 — مفتاح الإجابة في PDF p.19,A,0,NOT_STARTED,,NOT_RUN,PRE_CROP_RANGE_FROZEN_V1
3,BIO26-L03,أحياء 1,البكتيريا والفيروسات,19,19,18,2,78,TAH-BIO-BIO26-L03-Q078,BIO26-PDF019-L03-S2-Q078,تغذية وأيض وأهمية البكتيريا,BIO26-M03,البدائيات والبكتيريا,BIO26-S03-04,تغذية وأيض وأهمية البكتيريا,تجميعات الأحياء 2026 — مفتاح الإجابة في PDF p.19,B,1,NOT_STARTED,,NOT_RUN,PRE_CROP_RANGE_FROZEN_V1
3,BIO26-L03,أحياء 1,البكتيريا والفيروسات,19,19,18,2,79,TAH-BIO-BIO26-L03-Q079,BIO26-PDF019-L03-S2-Q079,تغذية وأيض وأهمية البكتيريا,BIO26-M03,البدائيات والبكتيريا,BIO26-S03-04,تغذية وأيض وأهمية البكتيريا,تجميعات الأحياء 2026 — مفتاح الإجابة في PDF p.19,D,3,NOT_STARTED,,NOT_RUN,PRE_CROP_RANGE_FROZEN_V1
3,BIO26-L03,أحياء 1,البكتيريا والفيروسات,19,19,18,2,80,TAH-BIO-BIO26-L03-Q080,BIO26-PDF019-L03-S2-Q080,تغذية وأيض وأهمية البكتيريا,BIO26-M03,البدائيات والبكتيريا,BIO26-S03-04,تغذية وأيض وأهمية البكتيريا,تجميعات الأحياء 2026 — مفتاح الإجابة في PDF p.19,C,2,NOT_STARTED,,NOT_RUN,PRE_CROP_RANGE_FROZEN_V1
3,BIO26-L03,أحياء 1,البكتيريا والفيروسات,19,19,18,2,81,TAH-BIO-BIO26-L03-Q081,BIO26-PDF019-L03-S2-Q081,الأمراض البكتيرية والمضادات والمقاومة,BIO26-M04,الفيروسات والبريونات والأمراض الميكروبية,BIO26-S04-01,الأمراض البكتيرية والمضادات والمقاومة,تجميعات الأحياء 2026 — مفتاح الإجابة في PDF p.19,A,0,NOT_STARTED,,NOT_RUN,PRE_CROP_RANGE_FROZEN_V1
3,BIO26-L03,أحياء 1,البكتيريا والفيروسات,19,19,18,2,82,TAH-BIO-BIO26-L03-Q082,BIO26-PDF019-L03-S2-Q082,الأمراض البكتيرية والمضادات والمقاومة,BIO26-M04,الفيروسات والبريونات والأمراض الميكروبية,BIO26-S04-01,الأمراض البكتيرية والمضادات والمقاومة,تجميعات الأحياء 2026 — مفتاح الإجابة في PDF p.19,A,0,NOT_STARTED,,NOT_RUN,PRE_CROP_RANGE_FROZEN_V1
3,BIO26-L03,أحياء 1,البكتيريا والفيروسات,19,19,18,2,83,TAH-BIO-BIO26-L03-Q083,BIO26-PDF019-L03-S2-Q083,الأمراض البكتيرية والمضادات والمقاومة,BIO26-M04,الفيروسات والبريونات والأمراض الميكروبية,BIO26-S04-01,الأمراض البكتيرية والمضادات والمقاومة,تجميعات الأحياء 2026 — مفتاح الإجابة في PDF p.19,B,1,NOT_STARTED,,NOT_RUN,PRE_CROP_RANGE_FROZEN_V1
3,BIO26-L03,أحياء 1,البكتيريا والفيروسات,19,19,18,2,84,TAH-BIO-BIO26-L03-Q084,BIO26-PDF019-L03-S2-Q084,تركيب الفيروسات وتضاعفها وتصنيفها,BIO26-M04,الفيروسات والبريونات والأمراض الميكروبية,BIO26-S04-02,تركيب الفيروسات وتضاعفها وتصنيفها,تجميعات الأحياء 2026 — مفتاح الإجابة في PDF p.19,D,3,NOT_STARTED,,NOT_RUN,PRE_CROP_RANGE_FROZEN_V1
3,BIO26-L03,أحياء 1,البكتيريا والفيروسات,19,19,18,2,85,TAH-BIO-BIO26-L03-Q085,BIO26-PDF019-L03-S2-Q085,تركيب الفيروسات وتضاعفها وتصنيفها,BIO26-M04,الفيروسات والبريونات والأمراض الميكروبية,BIO26-S04-02,تركيب الفيروسات وتضاعفها وتصنيفها,تجميعات الأحياء 2026 — مفتاح الإجابة في PDF p.19,A,0,NOT_STARTED,,NOT_RUN,PRE_CROP_RANGE_FROZEN_V1
3,BIO26-L03,أحياء 1,البكتيريا والفيروسات,20,20,19,2,86,TAH-BIO-BIO26-L03-Q086,BIO26-PDF020-L03-S2-Q086,تركيب الفيروسات وتضاعفها وتصنيفها,BIO26-M04,الفيروسات والبريونات والأمراض الميكروبية,BIO26-S04-02,تركيب الفيروسات وتضاعفها وتصنيفها,تجميعات الأحياء 2026 — مفتاح الإجابة في PDF p.20,C,2,NOT_STARTED,,NOT_RUN,PRE_CROP_RANGE_FROZEN_V1
3,BIO26-L03,أحياء 1,البكتيريا والفيروسات,20,20,19,2,87,TAH-BIO-BIO26-L03-Q087,BIO26-PDF020-L03-S2-Q087,تركيب الفيروسات وتضاعفها وتصنيفها,BIO26-M04,الفيروسات والبريونات والأمراض الميكروبية,BIO26-S04-02,تركيب الفيروسات وتضاعفها وتصنيفها,تجميعات الأحياء 2026 — مفتاح الإجابة في PDF p.20,B,1,NOT_STARTED,,NOT_RUN,PRE_CROP_RANGE_FROZEN_V1
3,BIO26-L03,أحياء 1,البكتيريا والفيروسات,20,20,19,2,88,TAH-BIO-BIO26-L03-Q088,BIO26-PDF020-L03-S2-Q088,تركيب الفيروسات وتضاعفها وتصنيفها,BIO26-M04,الفيروسات والبريونات والأمراض الميكروبية,BIO26-S04-02,تركيب الفيروسات وتضاعفها وتصنيفها,تجميعات الأحياء 2026 — مفتاح الإجابة في PDF p.20,D,3,NOT_STARTED,,NOT_RUN,PRE_CROP_RANGE_FROZEN_V1
3,BIO26-L03,أحياء 1,البكتيريا والفيروسات,20,20,19,2,89,TAH-BIO-BIO26-L03-Q089,BIO26-PDF020-L03-S2-Q089,تركيب الفيروسات وتضاعفها وتصنيفها,BIO26-M04,الفيروسات والبريونات والأمراض الميكروبية,BIO26-S04-02,تركيب الفيروسات وتضاعفها وتصنيفها,تجميعات الأحياء 2026 — مفتاح الإجابة في PDF p.20,D,3,NOT_STARTED,,NOT_RUN,PRE_CROP_RANGE_FROZEN_V1
3,BIO26-L03,أحياء 1,البكتيريا والفيروسات,20,20,19,2,90,TAH-BIO-BIO26-L03-Q090,BIO26-PDF020-L03-S2-Q090,تركيب الفيروسات وتضاعفها وتصنيفها,BIO26-M04,الفيروسات والبريونات والأمراض الميكروبية,BIO26-S04-02,تركيب الفيروسات وتضاعفها وتصنيفها,تجميعات الأحياء 2026 — مفتاح الإجابة في PDF p.20,A,0,NOT_STARTED,,NOT_RUN,PRE_CROP_RANGE_FROZEN_V1
3,BIO26-L03,أحياء 1,البكتيريا والفيروسات,20,20,19,2,91,TAH-BIO-BIO26-L03-Q091,BIO26-PDF020-L03-S2-Q091,تركيب الفيروسات وتضاعفها وتصنيفها,BIO26-M04,الفيروسات والبريونات والأمراض الميكروبية,BIO26-S04-02,تركيب الفيروسات وتضاعفها وتصنيفها,تجميعات الأحياء 2026 — مفتاح الإجابة في PDF p.20,C,2,NOT_STARTED,,NOT_RUN,PRE_CROP_RANGE_FROZEN_V1
3,BIO26-L03,أحياء 1,البكتيريا والفيروسات,20,20,19,2,92,TAH-BIO-BIO26-L03-Q092,BIO26-PDF020-L03-S2-Q092,تركيب الفيروسات وتضاعفها وتصنيفها,BIO26-M04,الفيروسات والبريونات والأمراض الميكروبية,BIO26-S04-02,تركيب الفيروسات وتضاعفها وتصنيفها,تجميعات الأحياء 2026 — مفتاح الإجابة في PDF p.20,B,1,NOT_STARTED,,NOT_RUN,PRE_CROP_RANGE_FROZEN_V1
3,BIO26-L03,أحياء 1,البكتيريا والفيروسات,20,20,19,2,93,TAH-BIO-BIO26-L03-Q093,BIO26-PDF020-L03-S2-Q093,تركيب الفيروسات وتضاعفها وتصنيفها,BIO26-M04,الفيروسات والبريونات والأمراض الميكروبية,BIO26-S04-02,تركيب الفيروسات وتضاعفها وتصنيفها,تجميعات الأحياء 2026 — مفتاح الإجابة في PDF p.20,D,3,NOT_STARTED,,NOT_RUN,PRE_CROP_RANGE_FROZEN_V1
3,BIO26-L03,أحياء 1,البكتيريا والفيروسات,20,20,19,2,94,TAH-BIO-BIO26-L03-Q094,BIO26-PDF020-L03-S2-Q094,تركيب الفيروسات وتضاعفها وتصنيفها,BIO26-M04,الفيروسات والبريونات والأمراض الميكروبية,BIO26-S04-02,تركيب الفيروسات وتضاعفها وتصنيفها,تجميعات الأحياء 2026 — مفتاح الإجابة في PDF p.20,A,0,NOT_STARTED,,NOT_RUN,PRE_CROP_RANGE_FROZEN_V1
3,BIO26-L03,أحياء 1,البكتيريا والفيروسات,20,20,19,2,95,TAH-BIO-BIO26-L03-Q095,BIO26-PDF020-L03-S2-Q095,تركيب الفيروسات وتضاعفها وتصنيفها,BIO26-M04,الفيروسات والبريونات والأمراض الميكروبية,BIO26-S04-02,تركيب الفيروسات وتضاعفها وتصنيفها,تجميعات الأحياء 2026 — مفتاح الإجابة في PDF p.20,A,0,NOT_STARTED,,NOT_RUN,PRE_CROP_RANGE_FROZEN_V1
3,BIO26-L03,أحياء 1,البكتيريا والفيروسات,20,20,19,2,96,TAH-BIO-BIO26-L03-Q096,BIO26-PDF020-L03-S2-Q096,تركيب الفيروسات وتضاعفها وتصنيفها,BIO26-M04,الفيروسات والبريونات والأمراض الميكروبية,BIO26-S04-02,تركيب الفيروسات وتضاعفها وتصنيفها,تجميعات الأحياء 2026 — مفتاح الإجابة في PDF p.20,A,0,NOT_STARTED,,NOT_RUN,PRE_CROP_RANGE_FROZEN_V1
3,BIO26-L03,أحياء 1,البكتيريا والفيروسات,20,20,19,2,97,TAH-BIO-BIO26-L03-Q097,BIO26-PDF020-L03-S2-Q097,تركيب الفيروسات وتضاعفها وتصنيفها,BIO26-M04,الفيروسات والبريونات والأمراض الميكروبية,BIO26-S04-02,تركيب الفيروسات وتضاعفها وتصنيفها,تجميعات الأحياء 2026 — مفتاح الإجابة في PDF p.20,D,3,NOT_STARTED,,NOT_RUN,PRE_CROP_RANGE_FROZEN_V1
3,BIO26-L03,أحياء 1,البكتيريا والفيروسات,20,20,19,2,98,TAH-BIO-BIO26-L03-Q098,BIO26-PDF020-L03-S2-Q098,تركيب الفيروسات وتضاعفها وتصنيفها,BIO26-M04,الفيروسات والبريونات والأمراض الميكروبية,BIO26-S04-02,تركيب الفيروسات وتضاعفها وتصنيفها,تجميعات الأحياء 2026 — مفتاح الإجابة في PDF p.20,A,0,NOT_STARTED,,NOT_RUN,PRE_CROP_RANGE_FROZEN_V1
3,BIO26-L03,أحياء 1,البكتيريا والفيروسات,20,20,19,2,99,TAH-BIO-BIO26-L03-Q099,BIO26-PDF020-L03-S2-Q099,تركيب الفيروسات وتضاعفها وتصنيفها,BIO26-M04,الفيروسات والبريونات والأمراض الميكروبية,BIO26-S04-02,تركيب الفيروسات وتضاعفها وتصنيفها,تجميعات الأحياء 2026 — مفتاح الإجابة في PDF p.20,D,3,NOT_STARTED,,NOT_RUN,PRE_CROP_RANGE_FROZEN_V1
3,BIO26-L03,أحياء 1,البكتيريا والفيروسات,20,20,19,2,100,TAH-BIO-BIO26-L03-Q100,BIO26-PDF020-L03-S2-Q100,تركيب الفيروسات وتضاعفها وتصنيفها,BIO26-M04,الفيروسات والبريونات والأمراض الميكروبية,BIO26-S04-02,تركيب الفيروسات وتضاعفها وتصنيفها,تجميعات الأحياء 2026 — مفتاح الإجابة في PDF p.20,A,0,NOT_STARTED,,NOT_RUN,PRE_CROP_RANGE_FROZEN_V1
3,BIO26-L03,أحياء 1,البكتيريا والفيروسات,20,20,19,2,101,TAH-BIO-BIO26-L03-Q101,BIO26-PDF020-L03-S2-Q101,تركيب الفيروسات وتضاعفها وتصنيفها,BIO26-M04,الفيروسات والبريونات والأمراض الميكروبية,BIO26-S04-02,تركيب الفيروسات وتضاعفها وتصنيفها,تجميعات الأحياء 2026 — مفتاح الإجابة في PDF p.20,A,0,NOT_STARTED,,NOT_RUN,PRE_CROP_RANGE_FROZEN_V1
3,BIO26-L03,أحياء 1,البكتيريا والفيروسات,20,20,19,2,102,TAH-BIO-BIO26-L03-Q102,BIO26-PDF020-L03-S2-Q102,تركيب الفيروسات وتضاعفها وتصنيفها,BIO26-M04,الفيروسات والبريونات والأمراض الميكروبية,BIO26-S04-02,تركيب الفيروسات وتضاعفها وتصنيفها,تجميعات الأحياء 2026 — مفتاح الإجابة في PDF p.20,B,1,NOT_STARTED,,NOT_RUN,PRE_CROP_RANGE_FROZEN_V1
3,BIO26-L03,أحياء 1,البكتيريا والفيروسات,20,20,19,2,103,TAH-BIO-BIO26-L03-Q103,BIO26-PDF020-L03-S2-Q103,تركيب الفيروسات وتضاعفها وتصنيفها,BIO26-M04,الفيروسات والبريونات والأمراض الميكروبية,BIO26-S04-02,تركيب الفيروسات وتضاعفها وتصنيفها,تجميعات الأحياء 2026 — مفتاح الإجابة في PDF p.20,A,0,NOT_STARTED,,NOT_RUN,PRE_CROP_RANGE_FROZEN_V1
3,BIO26-L03,أحياء 1,البكتيريا والفيروسات,20,20,19,2,104,TAH-BIO-BIO26-L03-Q104,BIO26-PDF020-L03-S2-Q104,تركيب الفيروسات وتضاعفها وتصنيفها,BIO26-M04,الفيروسات والبريونات والأمراض الميكروبية,BIO26-S04-02,تركيب الفيروسات وتضاعفها وتصنيفها,تجميعات الأحياء 2026 — مفتاح الإجابة في PDF p.20,B,1,NOT_STARTED,,NOT_RUN,PRE_CROP_RANGE_FROZEN_V1
3,BIO26-L03,أحياء 1,البكتيريا والفيروسات,20,20,19,2,105,TAH-BIO-BIO26-L03-Q105,BIO26-PDF020-L03-S2-Q105,تركيب الفيروسات وتضاعفها وتصنيفها,BIO26-M04,الفيروسات والبريونات والأمراض الميكروبية,BIO26-S04-02,تركيب الفيروسات وتضاعفها وتصنيفها,تجميعات الأحياء 2026 — مفتاح الإجابة في PDF p.20,A,0,NOT_STARTED,,NOT_RUN,PRE_CROP_RANGE_FROZEN_V1
3,BIO26-L03,أحياء 1,البكتيريا والفيروسات,21,21,20,2,106,TAH-BIO-BIO26-L03-Q106,BIO26-PDF021-L03-S2-Q106,الأمراض الفيروسية والفيروسات الارتجاعية والبريونات,BIO26-M04,الفيروسات والبريونات والأمراض الميكروبية,BIO26-S04-03,الأمراض الفيروسية والفيروسات الارتجاعية والبريونات,تجميعات الأحياء 2026 — مفتاح الإجابة في PDF p.21,D,3,NOT_STARTED,,NOT_RUN,PRE_CROP_RANGE_FROZEN_V1
3,BIO26-L03,أحياء 1,البكتيريا والفيروسات,21,21,20,2,107,TAH-BIO-BIO26-L03-Q107,BIO26-PDF021-L03-S2-Q107,الأمراض الفيروسية والفيروسات الارتجاعية والبريونات,BIO26-M04,الفيروسات والبريونات والأمراض الميكروبية,BIO26-S04-03,الأمراض الفيروسية والفيروسات الارتجاعية والبريونات,تجميعات الأحياء 2026 — مفتاح الإجابة في PDF p.21,D,3,NOT_STARTED,,NOT_RUN,PRE_CROP_RANGE_FROZEN_V1
3,BIO26-L03,أحياء 1,البكتيريا والفيروسات,21,21,20,2,108,TAH-BIO-BIO26-L03-Q108,BIO26-PDF021-L03-S2-Q108,الأمراض الفيروسية والفيروسات الارتجاعية والبريونات,BIO26-M04,الفيروسات والبريونات والأمراض الميكروبية,BIO26-S04-03,الأمراض الفيروسية والفيروسات الارتجاعية والبريونات,تجميعات الأحياء 2026 — مفتاح الإجابة في PDF p.21,D,3,NOT_STARTED,,NOT_RUN,PRE_CROP_RANGE_FROZEN_V1
3,BIO26-L03,أحياء 1,البكتيريا والفيروسات,21,21,20,2,109,TAH-BIO-BIO26-L03-Q109,BIO26-PDF021-L03-S2-Q109,الأمراض الفيروسية والفيروسات الارتجاعية والبريونات,BIO26-M04,الفيروسات والبريونات والأمراض الميكروبية,BIO26-S04-03,الأمراض الفيروسية والفيروسات الارتجاعية والبريونات,تجميعات الأحياء 2026 — مفتاح الإجابة في PDF p.21,C,2,NOT_STARTED,,NOT_RUN,PRE_CROP_RANGE_FROZEN_V1
3,BIO26-L03,أحياء 1,البكتيريا والفيروسات,21,21,20,2,110,TAH-BIO-BIO26-L03-Q110,BIO26-PDF021-L03-S2-Q110,الأمراض الفيروسية والفيروسات الارتجاعية والبريونات,BIO26-M04,الفيروسات والبريونات والأمراض الميكروبية,BIO26-S04-03,الأمراض الفيروسية والفيروسات الارتجاعية والبريونات,تجميعات الأحياء 2026 — مفتاح الإجابة في PDF p.21,B,1,NOT_STARTED,,NOT_RUN,PRE_CROP_RANGE_FROZEN_V1
3,BIO26-L03,أحياء 1,البكتيريا والفيروسات,21,21,20,2,111,TAH-BIO-BIO26-L03-Q111,BIO26-PDF021-L03-S2-Q111,الأمراض الفيروسية والفيروسات الارتجاعية والبريونات,BIO26-M04,الفيروسات والبريونات والأمراض الميكروبية,BIO26-S04-03,الأمراض الفيروسية والفيروسات الارتجاعية والبريونات,تجميعات الأحياء 2026 — مفتاح الإجابة في PDF p.21,B,1,NOT_STARTED,,NOT_RUN,PRE_CROP_RANGE_FROZEN_V1
4,BIO26-L04,أحياء 1,الطلائعيات,22,22,21,1,1,TAH-BIO-BIO26-L04-Q001,BIO26-PDF022-L04-S1-Q001,الطلائعيات الشبيهة بالحيوانات والحركة والأعضاء,BIO26-M05,الطلائعيات,BIO26-S05-01,الطلائعيات الشبيهة بالحيوانات والحركة والأعضاء,تجميعات الأحياء 2026 — مفتاح الإجابة في PDF p.22,A,0,NOT_STARTED,,NOT_RUN,PRE_CROP_RANGE_FROZEN_V1
4,BIO26-L04,أحياء 1,الطلائعيات,22,22,21,1,2,TAH-BIO-BIO26-L04-Q002,BIO26-PDF022-L04-S1-Q002,الطلائعيات الشبيهة بالحيوانات والحركة والأعضاء,BIO26-M05,الطلائعيات,BIO26-S05-01,الطلائعيات الشبيهة بالحيوانات والحركة والأعضاء,تجميعات الأحياء 2026 — مفتاح الإجابة في PDF p.22,A,0,NOT_STARTED,,NOT_RUN,PRE_CROP_RANGE_FROZEN_V1
4,BIO26-L04,أحياء 1,الطلائعيات,22,22,21,1,3,TAH-BIO-BIO26-L04-Q003,BIO26-PDF022-L04-S1-Q003,الطلائعيات الشبيهة بالحيوانات والحركة والأعضاء,BIO26-M05,الطلائعيات,BIO26-S05-01,الطلائعيات الشبيهة بالحيوانات والحركة والأعضاء,تجميعات الأحياء 2026 — مفتاح الإجابة في PDF p.22,D,3,NOT_STARTED,,NOT_RUN,PRE_CROP_RANGE_FROZEN_V1
4,BIO26-L04,أحياء 1,الطلائعيات,22,22,21,1,4,TAH-BIO-BIO26-L04-Q004,BIO26-PDF022-L04-S1-Q004,الطلائعيات الشبيهة بالحيوانات والحركة والأعضاء,BIO26-M05,الطلائعيات,BIO26-S05-01,الطلائعيات الشبيهة بالحيوانات والحركة والأعضاء,تجميعات الأحياء 2026 — مفتاح الإجابة في PDF p.22,B,1,NOT_STARTED,,NOT_RUN,PRE_CROP_RANGE_FROZEN_V1
4,BIO26-L04,أحياء 1,الطلائعيات,22,22,21,1,5,TAH-BIO-BIO26-L04-Q005,BIO26-PDF022-L04-S1-Q005,الطلائعيات الشبيهة بالحيوانات والحركة والأعضاء,BIO26-M05,الطلائعيات,BIO26-S05-01,الطلائعيات الشبيهة بالحيوانات والحركة والأعضاء,تجميعات الأحياء 2026 — مفتاح الإجابة في PDF p.22,C,2,NOT_STARTED,,NOT_RUN,PRE_CROP_RANGE_FROZEN_V1
4,BIO26-L04,أحياء 1,الطلائعيات,22,22,21,1,6,TAH-BIO-BIO26-L04-Q006,BIO26-PDF022-L04-S1-Q006,الطلائعيات الشبيهة بالحيوانات والحركة والأعضاء,BIO26-M05,الطلائعيات,BIO26-S05-01,الطلائعيات الشبيهة بالحيوانات والحركة والأعضاء,تجميعات الأحياء 2026 — مفتاح الإجابة في PDF p.22,D,3,NOT_STARTED,,NOT_RUN,PRE_CROP_RANGE_FROZEN_V1
4,BIO26-L04,أحياء 1,الطلائعيات,22,22,21,1,7,TAH-BIO-BIO26-L04-Q007,BIO26-PDF022-L04-S1-Q007,الطلائعيات الشبيهة بالحيوانات والحركة والأعضاء,BIO26-M05,الطلائعيات,BIO26-S05-01,الطلائعيات الشبيهة بالحيوانات والحركة والأعضاء,تجميعات الأحياء 2026 — مفتاح الإجابة في PDF p.22,B,1,NOT_STARTED,,NOT_RUN,PRE_CROP_RANGE_FROZEN_V1
4,BIO26-L04,أحياء 1,الطلائعيات,22,22,21,1,8,TAH-BIO-BIO26-L04-Q008,BIO26-PDF022-L04-S1-Q008,الطلائعيات الشبيهة بالحيوانات والحركة والأعضاء,BIO26-M05,الطلائعيات,BIO26-S05-01,الطلائعيات الشبيهة بالحيوانات والحركة والأعضاء,تجميعات الأحياء 2026 — مفتاح الإجابة في PDF p.22,D,3,NOT_STARTED,,NOT_RUN,PRE_CROP_RANGE_FROZEN_V1
4,BIO26-L04,أحياء 1,الطلائعيات,22,22,21,1,9,TAH-BIO-BIO26-L04-Q009,BIO26-PDF022-L04-S1-Q009,الطلائعيات الشبيهة بالحيوانات والحركة والأعضاء,BIO26-M05,الطلائعيات,BIO26-S05-01,الطلائعيات الشبيهة بالحيوانات والحركة والأعضاء,تجميعات الأحياء 2026 — مفتاح الإجابة في PDF p.22,D,3,NOT_STARTED,,NOT_RUN,PRE_CROP_RANGE_FROZEN_V1
4,BIO26-L04,أحياء 1,الطلائعيات,22,22,21,1,10,TAH-BIO-BIO26-L04-Q010,BIO26-PDF022-L04-S1-Q010,الطلائعيات الشبيهة بالحيوانات والحركة والأعضاء,BIO26-M05,الطلائعيات,BIO26-S05-01,الطلائعيات الشبيهة بالحيوانات والحركة والأعضاء,تجميعات الأحياء 2026 — مفتاح الإجابة في PDF p.22,A,0,NOT_STARTED,,NOT_RUN,PRE_CROP_RANGE_FROZEN_V1
4,BIO26-L04,أحياء 1,الطلائعيات,22,22,21,1,11,TAH-BIO-BIO26-L04-Q011,BIO26-PDF022-L04-S1-Q011,الطلائعيات الشبيهة بالحيوانات والحركة والأعضاء,BIO26-M05,الطلائعيات,BIO26-S05-01,الطلائعيات الشبيهة بالحيوانات والحركة والأعضاء,تجميعات الأحياء 2026 — مفتاح الإجابة في PDF p.22,B,1,NOT_STARTED,,NOT_RUN,PRE_CROP_RANGE_FROZEN_V1
4,BIO26-L04,أحياء 1,الطلائعيات,22,22,21,1,12,TAH-BIO-BIO26-L04-Q012,BIO26-PDF022-L04-S1-Q012,الطلائعيات الشبيهة بالحيوانات والحركة والأعضاء,BIO26-M05,الطلائعيات,BIO26-S05-01,الطلائعيات الشبيهة بالحيوانات والحركة والأعضاء,تجميعات الأحياء 2026 — مفتاح الإجابة في PDF p.22,A,0,NOT_STARTED,,NOT_RUN,PRE_CROP_RANGE_FROZEN_V1
4,BIO26-L04,أحياء 1,الطلائعيات,22,22,21,1,13,TAH-BIO-BIO26-L04-Q013,BIO26-PDF022-L04-S1-Q013,الطلائعيات الشبيهة بالحيوانات والحركة والأعضاء,BIO26-M05,الطلائعيات,BIO26-S05-01,الطلائعيات الشبيهة بالحيوانات والحركة والأعضاء,تجميعات الأحياء 2026 — مفتاح الإجابة في PDF p.22,C,2,NOT_STARTED,,NOT_RUN,PRE_CROP_RANGE_FROZEN_V1
4,BIO26-L04,أحياء 1,الطلائعيات,22,22,21,1,14,TAH-BIO-BIO26-L04-Q014,BIO26-PDF022-L04-S1-Q014,الطلائعيات الشبيهة بالحيوانات والحركة والأعضاء,BIO26-M05,الطلائعيات,BIO26-S05-01,الطلائعيات الشبيهة بالحيوانات والحركة والأعضاء,تجميعات الأحياء 2026 — مفتاح الإجابة في PDF p.22,A,0,NOT_STARTED,,NOT_RUN,PRE_CROP_RANGE_FROZEN_V1
4,BIO26-L04,أحياء 1,الطلائعيات,22,22,21,1,15,TAH-BIO-BIO26-L04-Q015,BIO26-PDF022-L04-S1-Q015,الطلائعيات الشبيهة بالحيوانات والحركة والأعضاء,BIO26-M05,الطلائعيات,BIO26-S05-01,الطلائعيات الشبيهة بالحيوانات والحركة والأعضاء,تجميعات الأحياء 2026 — مفتاح الإجابة في PDF p.22,B,1,NOT_STARTED,,NOT_RUN,PRE_CROP_RANGE_FROZEN_V1
4,BIO26-L04,أحياء 1,الطلائعيات,22,22,21,1,16,TAH-BIO-BIO26-L04-Q016,BIO26-PDF022-L04-S1-Q016,الطلائعيات الشبيهة بالحيوانات والحركة والأعضاء,BIO26-M05,الطلائعيات,BIO26-S05-01,الطلائعيات الشبيهة بالحيوانات والحركة والأعضاء,تجميعات الأحياء 2026 — مفتاح الإجابة في PDF p.22,D,3,NOT_STARTED,,NOT_RUN,PRE_CROP_RANGE_FROZEN_V1
4,BIO26-L04,أحياء 1,الطلائعيات,22,22,21,1,17,TAH-BIO-BIO26-L04-Q017,BIO26-PDF022-L04-S1-Q017,الطلائعيات الشبيهة بالحيوانات والحركة والأعضاء,BIO26-M05,الطلائعيات,BIO26-S05-01,الطلائعيات الشبيهة بالحيوانات والحركة والأعضاء,تجميعات الأحياء 2026 — مفتاح الإجابة في PDF p.22,D,3,NOT_STARTED,,NOT_RUN,PRE_CROP_RANGE_FROZEN_V1
4,BIO26-L04,أحياء 1,الطلائعيات,23,23,22,1,18,TAH-BIO-BIO26-L04-Q018,BIO26-PDF023-L04-S1-Q018,الطلائعيات الشبيهة بالحيوانات والحركة والأعضاء,BIO26-M05,الطلائعيات,BIO26-S05-01,الطلائعيات الشبيهة بالحيوانات والحركة والأعضاء,تجميعات الأحياء 2026 — مفتاح الإجابة في PDF p.23,B,1,NOT_STARTED,,NOT_RUN,PRE_CROP_RANGE_FROZEN_V1
4,BIO26-L04,أحياء 1,الطلائعيات,23,23,22,1,19,TAH-BIO-BIO26-L04-Q019,BIO26-PDF023-L04-S1-Q019,الطلائعيات الشبيهة بالحيوانات والحركة والأعضاء,BIO26-M05,الطلائعيات,BIO26-S05-01,الطلائعيات الشبيهة بالحيوانات والحركة والأعضاء,تجميعات الأحياء 2026 — مفتاح الإجابة في PDF p.23,C,2,NOT_STARTED,,NOT_RUN,PRE_CROP_RANGE_FROZEN_V1
4,BIO26-L04,أحياء 1,الطلائعيات,23,23,22,1,20,TAH-BIO-BIO26-L04-Q020,BIO26-PDF023-L04-S1-Q020,الطلائعيات الشبيهة بالحيوانات والحركة والأعضاء,BIO26-M05,الطلائعيات,BIO26-S05-01,الطلائعيات الشبيهة بالحيوانات والحركة والأعضاء,تجميعات الأحياء 2026 — مفتاح الإجابة في PDF p.23,D,3,NOT_STARTED,,NOT_RUN,PRE_CROP_RANGE_FROZEN_V1
4,BIO26-L04,أحياء 1,الطلائعيات,23,23,22,1,21,TAH-BIO-BIO26-L04-Q021,BIO26-PDF023-L04-S1-Q021,الطلائعيات الشبيهة بالحيوانات والحركة والأعضاء,BIO26-M05,الطلائعيات,BIO26-S05-01,الطلائعيات الشبيهة بالحيوانات والحركة والأعضاء,تجميعات الأحياء 2026 — مفتاح الإجابة في PDF p.23,A,0,NOT_STARTED,,NOT_RUN,PRE_CROP_RANGE_FROZEN_V1
4,BIO26-L04,أحياء 1,الطلائعيات,23,23,22,1,22,TAH-BIO-BIO26-L04-Q022,BIO26-PDF023-L04-S1-Q022,الطلائعيات الشبيهة بالحيوانات والحركة والأعضاء,BIO26-M05,الطلائعيات,BIO26-S05-01,الطلائعيات الشبيهة بالحيوانات والحركة والأعضاء,تجميعات الأحياء 2026 — مفتاح الإجابة في PDF p.23,A,0,NOT_STARTED,,NOT_RUN,PRE_CROP_RANGE_FROZEN_V1
4,BIO26-L04,أحياء 1,الطلائعيات,23,23,22,1,23,TAH-BIO-BIO26-L04-Q023,BIO26-PDF023-L04-S1-Q023,الطلائعيات الشبيهة بالحيوانات والحركة والأعضاء,BIO26-M05,الطلائعيات,BIO26-S05-01,الطلائعيات الشبيهة بالحيوانات والحركة والأعضاء,تجميعات الأحياء 2026 — مفتاح الإجابة في PDF p.23,C,2,NOT_STARTED,,NOT_RUN,PRE_CROP_RANGE_FROZEN_V1
4,BIO26-L04,أحياء 1,الطلائعيات,23,23,22,1,24,TAH-BIO-BIO26-L04-Q024,BIO26-PDF023-L04-S1-Q024,الطلائعيات الشبيهة بالحيوانات والحركة والأعضاء,BIO26-M05,الطلائعيات,BIO26-S05-01,الطلائعيات الشبيهة بالحيوانات والحركة والأعضاء,تجميعات الأحياء 2026 — مفتاح الإجابة في PDF p.23,C,2,NOT_STARTED,,NOT_RUN,PRE_CROP_RANGE_FROZEN_V1
4,BIO26-L04,أحياء 1,الطلائعيات,23,23,22,1,25,TAH-BIO-BIO26-L04-Q025,BIO26-PDF023-L04-S1-Q025,الطلائعيات الشبيهة بالحيوانات والحركة والأعضاء,BIO26-M05,الطلائعيات,BIO26-S05-01,الطلائعيات الشبيهة بالحيوانات والحركة والأعضاء,تجميعات الأحياء 2026 — مفتاح الإجابة في PDF p.23,A,0,NOT_STARTED,,NOT_RUN,PRE_CROP_RANGE_FROZEN_V1
4,BIO26-L04,أحياء 1,الطلائعيات,23,23,22,1,26,TAH-BIO-BIO26-L04-Q026,BIO26-PDF023-L04-S1-Q026,الطلائعيات الشبيهة بالحيوانات والحركة والأعضاء,BIO26-M05,الطلائعيات,BIO26-S05-01,الطلائعيات الشبيهة بالحيوانات والحركة والأعضاء,تجميعات الأحياء 2026 — مفتاح الإجابة في PDF p.23,A,0,NOT_STARTED,,NOT_RUN,PRE_CROP_RANGE_FROZEN_V1
4,BIO26-L04,أحياء 1,الطلائعيات,23,23,22,1,27,TAH-BIO-BIO26-L04-Q027,BIO26-PDF023-L04-S1-Q027,الطلائعيات الشبيهة بالحيوانات والحركة والأعضاء,BIO26-M05,الطلائعيات,BIO26-S05-01,الطلائعيات الشبيهة بالحيوانات والحركة والأعضاء,تجميعات الأحياء 2026 — مفتاح الإجابة في PDF p.23,C,2,NOT_STARTED,,NOT_RUN,PRE_CROP_RANGE_FROZEN_V1
4,BIO26-L04,أحياء 1,الطلائعيات,23,23,22,1,28,TAH-BIO-BIO26-L04-Q028,BIO26-PDF023-L04-S1-Q028,الطلائعيات الشبيهة بالحيوانات والحركة والأعضاء,BIO26-M05,الطلائعيات,BIO26-S05-01,الطلائعيات الشبيهة بالحيوانات والحركة والأعضاء,تجميعات الأحياء 2026 — مفتاح الإجابة في PDF p.23,C,2,NOT_STARTED,,NOT_RUN,PRE_CROP_RANGE_FROZEN_V1
4,BIO26-L04,أحياء 1,الطلائعيات,23,23,22,1,29,TAH-BIO-BIO26-L04-Q029,BIO26-PDF023-L04-S1-Q029,الطلائعيات الشبيهة بالحيوانات والحركة والأعضاء,BIO26-M05,الطلائعيات,BIO26-S05-01,الطلائعيات الشبيهة بالحيوانات والحركة والأعضاء,تجميعات الأحياء 2026 — مفتاح الإجابة في PDF p.23,B,1,NOT_STARTED,,NOT_RUN,PRE_CROP_RANGE_FROZEN_V1
4,BIO26-L04,أحياء 1,الطلائعيات,23,23,22,1,30,TAH-BIO-BIO26-L04-Q030,BIO26-PDF023-L04-S1-Q030,الطلائعيات الشبيهة بالحيوانات والحركة والأعضاء,BIO26-M05,الطلائعيات,BIO26-S05-01,الطلائعيات الشبيهة بالحيوانات والحركة والأعضاء,تجميعات الأحياء 2026 — مفتاح الإجابة في PDF p.23,C,2,NOT_STARTED,,NOT_RUN,PRE_CROP_RANGE_FROZEN_V1
4,BIO26-L04,أحياء 1,الطلائعيات,23,23,22,1,31,TAH-BIO-BIO26-L04-Q031,BIO26-PDF023-L04-S1-Q031,الطلائعيات الشبيهة بالحيوانات والحركة والأعضاء,BIO26-M05,الطلائعيات,BIO26-S05-01,الطلائعيات الشبيهة بالحيوانات والحركة والأعضاء,تجميعات الأحياء 2026 — مفتاح الإجابة في PDF p.23,A,0,NOT_STARTED,,NOT_RUN,PRE_CROP_RANGE_FROZEN_V1
4,BIO26-L04,أحياء 1,الطلائعيات,23,23,22,1,32,TAH-BIO-BIO26-L04-Q032,BIO26-PDF023-L04-S1-Q032,الطلائعيات الشبيهة بالحيوانات والحركة والأعضاء,BIO26-M05,الطلائعيات,BIO26-S05-01,الطلائعيات الشبيهة بالحيوانات والحركة والأعضاء,تجميعات الأحياء 2026 — مفتاح الإجابة في PDF p.23,C,2,NOT_STARTED,,NOT_RUN,PRE_CROP_RANGE_FROZEN_V1
4,BIO26-L04,أحياء 1,الطلائعيات,23,23,22,1,33,TAH-BIO-BIO26-L04-Q033,BIO26-PDF023-L04-S1-Q033,الطلائعيات الشبيهة بالحيوانات والحركة والأعضاء,BIO26-M05,الطلائعيات,BIO26-S05-01,الطلائعيات الشبيهة بالحيوانات والحركة والأعضاء,تجميعات الأحياء 2026 — مفتاح الإجابة في PDF p.23,B,1,NOT_STARTED,,NOT_RUN,PRE_CROP_RANGE_FROZEN_V1
4,BIO26-L04,أحياء 1,الطلائعيات,23,23,22,1,34,TAH-BIO-BIO26-L04-Q034,BIO26-PDF023-L04-S1-Q034,الطلائعيات الشبيهة بالحيوانات والحركة والأعضاء,BIO26-M05,الطلائعيات,BIO26-S05-01,الطلائعيات الشبيهة بالحيوانات والحركة والأعضاء,تجميعات الأحياء 2026 — مفتاح الإجابة في PDF p.23,A,0,NOT_STARTED,,NOT_RUN,PRE_CROP_RANGE_FROZEN_V1
4,BIO26-L04,أحياء 1,الطلائعيات,23,23,22,1,35,TAH-BIO-BIO26-L04-Q035,BIO26-PDF023-L04-S1-Q035,الطلائعيات الشبيهة بالحيوانات والحركة والأعضاء,BIO26-M05,الطلائعيات,BIO26-S05-01,الطلائعيات الشبيهة بالحيوانات والحركة والأعضاء,تجميعات الأحياء 2026 — مفتاح الإجابة في PDF p.23,C,2,NOT_STARTED,,NOT_RUN,PRE_CROP_RANGE_FROZEN_V1
4,BIO26-L04,أحياء 1,الطلائعيات,24,24,23,1,36,TAH-BIO-BIO26-L04-Q036,BIO26-PDF024-L04-S1-Q036,الطحالب والطلائعيات الشبيهة بالنباتات,BIO26-M05,الطلائعيات,BIO26-S05-02,الطحالب والطلائعيات الشبيهة بالنباتات,تجميعات الأحياء 2026 — مفتاح الإجابة في PDF p.24,C,2,NOT_STARTED,,NOT_RUN,PRE_CROP_RANGE_FROZEN_V1
4,BIO26-L04,أحياء 1,الطلائعيات,24,24,23,1,37,TAH-BIO-BIO26-L04-Q037,BIO26-PDF024-L04-S1-Q037,الطحالب والطلائعيات الشبيهة بالنباتات,BIO26-M05,الطلائعيات,BIO26-S05-02,الطحالب والطلائعيات الشبيهة بالنباتات,تجميعات الأحياء 2026 — مفتاح الإجابة في PDF p.24,B,1,NOT_STARTED,,NOT_RUN,PRE_CROP_RANGE_FROZEN_V1
4,BIO26-L04,أحياء 1,الطلائعيات,24,24,23,1,38,TAH-BIO-BIO26-L04-Q038,BIO26-PDF024-L04-S1-Q038,الطحالب والطلائعيات الشبيهة بالنباتات,BIO26-M05,الطلائعيات,BIO26-S05-02,الطحالب والطلائعيات الشبيهة بالنباتات,تجميعات الأحياء 2026 — مفتاح الإجابة في PDF p.24,D,3,NOT_STARTED,,NOT_RUN,PRE_CROP_RANGE_FROZEN_V1
4,BIO26-L04,أحياء 1,الطلائعيات,24,24,23,1,39,TAH-BIO-BIO26-L04-Q039,BIO26-PDF024-L04-S1-Q039,الطحالب والطلائعيات الشبيهة بالنباتات,BIO26-M05,الطلائعيات,BIO26-S05-02,الطحالب والطلائعيات الشبيهة بالنباتات,تجميعات الأحياء 2026 — مفتاح الإجابة في PDF p.24,D,3,NOT_STARTED,,NOT_RUN,PRE_CROP_RANGE_FROZEN_V1
4,BIO26-L04,أحياء 1,الطلائعيات,24,24,23,1,40,TAH-BIO-BIO26-L04-Q040,BIO26-PDF024-L04-S1-Q040,الطحالب والطلائعيات الشبيهة بالنباتات,BIO26-M05,الطلائعيات,BIO26-S05-02,الطحالب والطلائعيات الشبيهة بالنباتات,تجميعات الأحياء 2026 — مفتاح الإجابة في PDF p.24,B,1,NOT_STARTED,,NOT_RUN,PRE_CROP_RANGE_FROZEN_V1
4,BIO26-L04,أحياء 1,الطلائعيات,24,24,23,1,41,TAH-BIO-BIO26-L04-Q041,BIO26-PDF024-L04-S1-Q041,الطحالب والطلائعيات الشبيهة بالنباتات,BIO26-M05,الطلائعيات,BIO26-S05-02,الطحالب والطلائعيات الشبيهة بالنباتات,تجميعات الأحياء 2026 — مفتاح الإجابة في PDF p.24,C,2,NOT_STARTED,,NOT_RUN,PRE_CROP_RANGE_FROZEN_V1
4,BIO26-L04,أحياء 1,الطلائعيات,24,24,23,1,42,TAH-BIO-BIO26-L04-Q042,BIO26-PDF024-L04-S1-Q042,الطحالب والطلائعيات الشبيهة بالنباتات,BIO26-M05,الطلائعيات,BIO26-S05-02,الطحالب والطلائعيات الشبيهة بالنباتات,تجميعات الأحياء 2026 — مفتاح الإجابة في PDF p.24,A,0,NOT_STARTED,,NOT_RUN,PRE_CROP_RANGE_FROZEN_V1
4,BIO26-L04,أحياء 1,الطلائعيات,24,24,23,1,43,TAH-BIO-BIO26-L04-Q043,BIO26-PDF024-L04-S1-Q043,الطحالب والطلائعيات الشبيهة بالنباتات,BIO26-M05,الطلائعيات,BIO26-S05-02,الطحالب والطلائعيات الشبيهة بالنباتات,تجميعات الأحياء 2026 — مفتاح الإجابة في PDF p.24,B,1,NOT_STARTED,,NOT_RUN,PRE_CROP_RANGE_FROZEN_V1
4,BIO26-L04,أحياء 1,الطلائعيات,24,24,23,1,44,TAH-BIO-BIO26-L04-Q044,BIO26-PDF024-L04-S1-Q044,الطحالب والطلائعيات الشبيهة بالنباتات,BIO26-M05,الطلائعيات,BIO26-S05-02,الطحالب والطلائعيات الشبيهة بالنباتات,تجميعات الأحياء 2026 — مفتاح الإجابة في PDF p.24,B,1,NOT_STARTED,,NOT_RUN,PRE_CROP_RANGE_FROZEN_V1
4,BIO26-L04,أحياء 1,الطلائعيات,24,24,23,1,45,TAH-BIO-BIO26-L04-Q045,BIO26-PDF024-L04-S1-Q045,الطحالب والطلائعيات الشبيهة بالنباتات,BIO26-M05,الطلائعيات,BIO26-S05-02,الطحالب والطلائعيات الشبيهة بالنباتات,تجميعات الأحياء 2026 — مفتاح الإجابة في PDF p.24,A,0,NOT_STARTED,,NOT_RUN,PRE_CROP_RANGE_FROZEN_V1
4,BIO26-L04,أحياء 1,الطلائعيات,24,24,23,1,46,TAH-BIO-BIO26-L04-Q046,BIO26-PDF024-L04-S1-Q046,الطحالب والطلائعيات الشبيهة بالنباتات,BIO26-M05,الطلائعيات,BIO26-S05-02,الطحالب والطلائعيات الشبيهة بالنباتات,تجميعات الأحياء 2026 — مفتاح الإجابة في PDF p.24,D,3,NOT_STARTED,,NOT_RUN,PRE_CROP_RANGE_FROZEN_V1
4,BIO26-L04,أحياء 1,الطلائعيات,24,24,23,1,47,TAH-BIO-BIO26-L04-Q047,BIO26-PDF024-L04-S1-Q047,الطحالب والطلائعيات الشبيهة بالنباتات,BIO26-M05,الطلائعيات,BIO26-S05-02,الطحالب والطلائعيات الشبيهة بالنباتات,تجميعات الأحياء 2026 — مفتاح الإجابة في PDF p.24,B,1,NOT_STARTED,,NOT_RUN,PRE_CROP_RANGE_FROZEN_V1
4,BIO26-L04,أحياء 1,الطلائعيات,24,24,23,1,48,TAH-BIO-BIO26-L04-Q048,BIO26-PDF024-L04-S1-Q048,الطحالب والطلائعيات الشبيهة بالنباتات,BIO26-M05,الطلائعيات,BIO26-S05-02,الطحالب والطلائعيات الشبيهة بالنباتات,تجميعات الأحياء 2026 — مفتاح الإجابة في PDF p.24,A,0,NOT_STARTED,,NOT_RUN,PRE_CROP_RANGE_FROZEN_V1
4,BIO26-L04,أحياء 1,الطلائعيات,24,24,23,1,49,TAH-BIO-BIO26-L04-Q049,BIO26-PDF024-L04-S1-Q049,الطحالب والطلائعيات الشبيهة بالنباتات,BIO26-M05,الطلائعيات,BIO26-S05-02,الطحالب والطلائعيات الشبيهة بالنباتات,تجميعات الأحياء 2026 — مفتاح الإجابة في PDF p.24,D,3,NOT_STARTED,,NOT_RUN,PRE_CROP_RANGE_FROZEN_V1
4,BIO26-L04,أحياء 1,الطلائعيات,24,24,23,1,50,TAH-BIO-BIO26-L04-Q050,BIO26-PDF024-L04-S1-Q050,الطحالب والطلائعيات الشبيهة بالنباتات,BIO26-M05,الطلائعيات,BIO26-S05-02,الطحالب والطلائعيات الشبيهة بالنباتات,تجميعات الأحياء 2026 — مفتاح الإجابة في PDF p.24,A,0,NOT_STARTED,,NOT_RUN,PRE_CROP_RANGE_FROZEN_V1
4,BIO26-L04,أحياء 1,الطلائعيات,24,24,23,1,51,TAH-BIO-BIO26-L04-Q051,BIO26-PDF024-L04-S1-Q051,الطحالب والطلائعيات الشبيهة بالنباتات,BIO26-M05,الطلائعيات,BIO26-S05-02,الطحالب والطلائعيات الشبيهة بالنباتات,تجميعات الأحياء 2026 — مفتاح الإجابة في PDF p.24,D,3,NOT_STARTED,,NOT_RUN,PRE_CROP_RANGE_FROZEN_V1
4,BIO26-L04,أحياء 1,الطلائعيات,24,24,23,1,52,TAH-BIO-BIO26-L04-Q052,BIO26-PDF024-L04-S1-Q052,الطحالب والطلائعيات الشبيهة بالنباتات,BIO26-M05,الطلائعيات,BIO26-S05-02,الطحالب والطلائعيات الشبيهة بالنباتات,تجميعات الأحياء 2026 — مفتاح الإجابة في PDF p.24,D,3,NOT_STARTED,,NOT_RUN,PRE_CROP_RANGE_FROZEN_V1
4,BIO26-L04,أحياء 1,الطلائعيات,24,24,23,1,53,TAH-BIO-BIO26-L04-Q053,BIO26-PDF024-L04-S1-Q053,الطحالب والطلائعيات الشبيهة بالنباتات,BIO26-M05,الطلائعيات,BIO26-S05-02,الطحالب والطلائعيات الشبيهة بالنباتات,تجميعات الأحياء 2026 — مفتاح الإجابة في PDF p.24,D,3,NOT_STARTED,,NOT_RUN,PRE_CROP_RANGE_FROZEN_V1
4,BIO26-L04,أحياء 1,الطلائعيات,25,25,24,1,54,TAH-BIO-BIO26-L04-Q054,BIO26-PDF025-L04-S1-Q054,الطحالب والطلائعيات الشبيهة بالنباتات,BIO26-M05,الطلائعيات,BIO26-S05-02,الطحالب والطلائعيات الشبيهة بالنباتات,تجميعات الأحياء 2026 — مفتاح الإجابة في PDF p.25,A,0,NOT_STARTED,,NOT_RUN,PRE_CROP_RANGE_FROZEN_V1
4,BIO26-L04,أحياء 1,الطلائعيات,25,25,24,1,55,TAH-BIO-BIO26-L04-Q055,BIO26-PDF025-L04-S1-Q055,الطحالب والطلائعيات الشبيهة بالنباتات,BIO26-M05,الطلائعيات,BIO26-S05-02,الطحالب والطلائعيات الشبيهة بالنباتات,تجميعات الأحياء 2026 — مفتاح الإجابة في PDF p.25,A,0,NOT_STARTED,,NOT_RUN,PRE_CROP_RANGE_FROZEN_V1
4,BIO26-L04,أحياء 1,الطلائعيات,25,25,24,1,56,TAH-BIO-BIO26-L04-Q056,BIO26-PDF025-L04-S1-Q056,الطحالب والطلائعيات الشبيهة بالنباتات,BIO26-M05,الطلائعيات,BIO26-S05-02,الطحالب والطلائعيات الشبيهة بالنباتات,تجميعات الأحياء 2026 — مفتاح الإجابة في PDF p.25,A,0,NOT_STARTED,,NOT_RUN,PRE_CROP_RANGE_FROZEN_V1
4,BIO26-L04,أحياء 1,الطلائعيات,25,25,24,1,57,TAH-BIO-BIO26-L04-Q057,BIO26-PDF025-L04-S1-Q057,الطحالب والطلائعيات الشبيهة بالنباتات,BIO26-M05,الطلائعيات,BIO26-S05-02,الطحالب والطلائعيات الشبيهة بالنباتات,تجميعات الأحياء 2026 — مفتاح الإجابة في PDF p.25,D,3,NOT_STARTED,,NOT_RUN,PRE_CROP_RANGE_FROZEN_V1
4,BIO26-L04,أحياء 1,الطلائعيات,25,25,24,1,58,TAH-BIO-BIO26-L04-Q058,BIO26-PDF025-L04-S1-Q058,الطلائعيات الشبيهة بالفطريات والأمراض الطلائعية,BIO26-M05,الطلائعيات,BIO26-S05-03,الطلائعيات الشبيهة بالفطريات والأمراض الطلائعية,تجميعات الأحياء 2026 — مفتاح الإجابة في PDF p.25,B,1,NOT_STARTED,,NOT_RUN,PRE_CROP_RANGE_FROZEN_V1
4,BIO26-L04,أحياء 1,الطلائعيات,25,25,24,1,59,TAH-BIO-BIO26-L04-Q059,BIO26-PDF025-L04-S1-Q059,الطلائعيات الشبيهة بالفطريات والأمراض الطلائعية,BIO26-M05,الطلائعيات,BIO26-S05-03,الطلائعيات الشبيهة بالفطريات والأمراض الطلائعية,تجميعات الأحياء 2026 — مفتاح الإجابة في PDF p.25,A,0,NOT_STARTED,,NOT_RUN,PRE_CROP_RANGE_FROZEN_V1
4,BIO26-L04,أحياء 1,الطلائعيات,25,25,24,1,60,TAH-BIO-BIO26-L04-Q060,BIO26-PDF025-L04-S1-Q060,الطلائعيات الشبيهة بالفطريات والأمراض الطلائعية,BIO26-M05,الطلائعيات,BIO26-S05-03,الطلائعيات الشبيهة بالفطريات والأمراض الطلائعية,تجميعات الأحياء 2026 — مفتاح الإجابة في PDF p.25,D,3,NOT_STARTED,,NOT_RUN,PRE_CROP_RANGE_FROZEN_V1
4,BIO26-L04,أحياء 1,الطلائعيات,25,25,24,1,61,TAH-BIO-BIO26-L04-Q061,BIO26-PDF025-L04-S1-Q061,الطلائعيات الشبيهة بالفطريات والأمراض الطلائعية,BIO26-M05,الطلائعيات,BIO26-S05-03,الطلائعيات الشبيهة بالفطريات والأمراض الطلائعية,تجميعات الأحياء 2026 — مفتاح الإجابة في PDF p.25,B,1,NOT_STARTED,,NOT_RUN,PRE_CROP_RANGE_FROZEN_V1
4,BIO26-L04,أحياء 1,الطلائعيات,25,25,24,1,62,TAH-BIO-BIO26-L04-Q062,BIO26-PDF025-L04-S1-Q062,الطلائعيات الشبيهة بالفطريات والأمراض الطلائعية,BIO26-M05,الطلائعيات,BIO26-S05-03,الطلائعيات الشبيهة بالفطريات والأمراض الطلائعية,تجميعات الأحياء 2026 — مفتاح الإجابة في PDF p.25,A,0,NOT_STARTED,,NOT_RUN,PRE_CROP_RANGE_FROZEN_V1
4,BIO26-L04,أحياء 1,الطلائعيات,25,25,24,1,63,TAH-BIO-BIO26-L04-Q063,BIO26-PDF025-L04-S1-Q063,الطلائعيات الشبيهة بالفطريات والأمراض الطلائعية,BIO26-M05,الطلائعيات,BIO26-S05-03,الطلائعيات الشبيهة بالفطريات والأمراض الطلائعية,تجميعات الأحياء 2026 — مفتاح الإجابة في PDF p.25,C,2,NOT_STARTED,,NOT_RUN,PRE_CROP_RANGE_FROZEN_V1
4,BIO26-L04,أحياء 1,الطلائعيات,25,25,24,1,64,TAH-BIO-BIO26-L04-Q064,BIO26-PDF025-L04-S1-Q064,الطلائعيات الشبيهة بالفطريات والأمراض الطلائعية,BIO26-M05,الطلائعيات,BIO26-S05-03,الطلائعيات الشبيهة بالفطريات والأمراض الطلائعية,تجميعات الأحياء 2026 — مفتاح الإجابة في PDF p.25,C,2,NOT_STARTED,,NOT_RUN,PRE_CROP_RANGE_FROZEN_V1
4,BIO26-L04,أحياء 1,الطلائعيات,25,25,24,1,65,TAH-BIO-BIO26-L04-Q065,BIO26-PDF025-L04-S1-Q065,الطلائعيات الشبيهة بالفطريات والأمراض الطلائعية,BIO26-M05,الطلائعيات,BIO26-S05-03,الطلائعيات الشبيهة بالفطريات والأمراض الطلائعية,تجميعات الأحياء 2026 — مفتاح الإجابة في PDF p.25,C,2,NOT_STARTED,,NOT_RUN,PRE_CROP_RANGE_FROZEN_V1
4,BIO26-L04,أحياء 1,الطلائعيات,25,25,24,1,66,TAH-BIO-BIO26-L04-Q066,BIO26-PDF025-L04-S1-Q066,الطلائعيات الشبيهة بالفطريات والأمراض الطلائعية,BIO26-M05,الطلائعيات,BIO26-S05-03,الطلائعيات الشبيهة بالفطريات والأمراض الطلائعية,تجميعات الأحياء 2026 — مفتاح الإجابة في PDF p.25,C,2,NOT_STARTED,,NOT_RUN,PRE_CROP_RANGE_FROZEN_V1
4,BIO26-L04,أحياء 1,الطلائعيات,25,25,24,1,67,TAH-BIO-BIO26-L04-Q067,BIO26-PDF025-L04-S1-Q067,الطلائعيات الشبيهة بالفطريات والأمراض الطلائعية,BIO26-M05,الطلائعيات,BIO26-S05-03,الطلائعيات الشبيهة بالفطريات والأمراض الطلائعية,تجميعات الأحياء 2026 — مفتاح الإجابة في PDF p.25,C,2,NOT_STARTED,,NOT_RUN,PRE_CROP_RANGE_FROZEN_V1
4,BIO26-L04,أحياء 1,الطلائعيات,26,26,25,2,68,TAH-BIO-BIO26-L04-Q068,BIO26-PDF026-L04-S2-Q068,الطلائعيات الشبيهة بالحيوانات والحركة والأعضاء,BIO26-M05,الطلائعيات,BIO26-S05-01,الطلائعيات الشبيهة بالحيوانات والحركة والأعضاء,تجميعات الأحياء 2026 — مفتاح الإجابة في PDF p.26,B,1,NOT_STARTED,,NOT_RUN,PRE_CROP_RANGE_FROZEN_V1
4,BIO26-L04,أحياء 1,الطلائعيات,26,26,25,2,69,TAH-BIO-BIO26-L04-Q069,BIO26-PDF026-L04-S2-Q069,الطلائعيات الشبيهة بالحيوانات والحركة والأعضاء,BIO26-M05,الطلائعيات,BIO26-S05-01,الطلائعيات الشبيهة بالحيوانات والحركة والأعضاء,تجميعات الأحياء 2026 — مفتاح الإجابة في PDF p.26,A,0,NOT_STARTED,,NOT_RUN,PRE_CROP_RANGE_FROZEN_V1
4,BIO26-L04,أحياء 1,الطلائعيات,26,26,25,2,70,TAH-BIO-BIO26-L04-Q070,BIO26-PDF026-L04-S2-Q070,الطلائعيات الشبيهة بالحيوانات والحركة والأعضاء,BIO26-M05,الطلائعيات,BIO26-S05-01,الطلائعيات الشبيهة بالحيوانات والحركة والأعضاء,تجميعات الأحياء 2026 — مفتاح الإجابة في PDF p.26,A,0,NOT_STARTED,,NOT_RUN,PRE_CROP_RANGE_FROZEN_V1
4,BIO26-L04,أحياء 1,الطلائعيات,26,26,25,2,71,TAH-BIO-BIO26-L04-Q071,BIO26-PDF026-L04-S2-Q071,الطلائعيات الشبيهة بالحيوانات والحركة والأعضاء,BIO26-M05,الطلائعيات,BIO26-S05-01,الطلائعيات الشبيهة بالحيوانات والحركة والأعضاء,تجميعات الأحياء 2026 — مفتاح الإجابة في PDF p.26,C,2,NOT_STARTED,,NOT_RUN,PRE_CROP_RANGE_FROZEN_V1
4,BIO26-L04,أحياء 1,الطلائعيات,26,26,25,2,72,TAH-BIO-BIO26-L04-Q072,BIO26-PDF026-L04-S2-Q072,الطلائعيات الشبيهة بالحيوانات والحركة والأعضاء,BIO26-M05,الطلائعيات,BIO26-S05-01,الطلائعيات الشبيهة بالحيوانات والحركة والأعضاء,تجميعات الأحياء 2026 — مفتاح الإجابة في PDF p.26,B,1,NOT_STARTED,,NOT_RUN,PRE_CROP_RANGE_FROZEN_V1
4,BIO26-L04,أحياء 1,الطلائعيات,26,26,25,2,73,TAH-BIO-BIO26-L04-Q073,BIO26-PDF026-L04-S2-Q073,الطلائعيات الشبيهة بالحيوانات والحركة والأعضاء,BIO26-M05,الطلائعيات,BIO26-S05-01,الطلائعيات الشبيهة بالحيوانات والحركة والأعضاء,تجميعات الأحياء 2026 — مفتاح الإجابة في PDF p.26,C,2,NOT_STARTED,,NOT_RUN,PRE_CROP_RANGE_FROZEN_V1
4,BIO26-L04,أحياء 1,الطلائعيات,26,26,25,2,74,TAH-BIO-BIO26-L04-Q074,BIO26-PDF026-L04-S2-Q074,الطلائعيات الشبيهة بالحيوانات والحركة والأعضاء,BIO26-M05,الطلائعيات,BIO26-S05-01,الطلائعيات الشبيهة بالحيوانات والحركة والأعضاء,تجميعات الأحياء 2026 — مفتاح الإجابة في PDF p.26,C,2,NOT_STARTED,,NOT_RUN,PRE_CROP_RANGE_FROZEN_V1
4,BIO26-L04,أحياء 1,الطلائعيات,26,26,25,2,75,TAH-BIO-BIO26-L04-Q075,BIO26-PDF026-L04-S2-Q075,الطلائعيات الشبيهة بالحيوانات والحركة والأعضاء,BIO26-M05,الطلائعيات,BIO26-S05-01,الطلائعيات الشبيهة بالحيوانات والحركة والأعضاء,تجميعات الأحياء 2026 — مفتاح الإجابة في PDF p.26,B,1,NOT_STARTED,,NOT_RUN,PRE_CROP_RANGE_FROZEN_V1
4,BIO26-L04,أحياء 1,الطلائعيات,26,26,25,2,76,TAH-BIO-BIO26-L04-Q076,BIO26-PDF026-L04-S2-Q076,الطلائعيات الشبيهة بالحيوانات والحركة والأعضاء,BIO26-M05,الطلائعيات,BIO26-S05-01,الطلائعيات الشبيهة بالحيوانات والحركة والأعضاء,تجميعات الأحياء 2026 — مفتاح الإجابة في PDF p.26,A,0,NOT_STARTED,,NOT_RUN,PRE_CROP_RANGE_FROZEN_V1
4,BIO26-L04,أحياء 1,الطلائعيات,26,26,25,2,77,TAH-BIO-BIO26-L04-Q077,BIO26-PDF026-L04-S2-Q077,الطلائعيات الشبيهة بالحيوانات والحركة والأعضاء,BIO26-M05,الطلائعيات,BIO26-S05-01,الطلائعيات الشبيهة بالحيوانات والحركة والأعضاء,تجميعات الأحياء 2026 — مفتاح الإجابة في PDF p.26,A,0,NOT_STARTED,,NOT_RUN,PRE_CROP_RANGE_FROZEN_V1
4,BIO26-L04,أحياء 1,الطلائعيات,26,26,25,2,78,TAH-BIO-BIO26-L04-Q078,BIO26-PDF026-L04-S2-Q078,الطلائعيات الشبيهة بالحيوانات والحركة والأعضاء,BIO26-M05,الطلائعيات,BIO26-S05-01,الطلائعيات الشبيهة بالحيوانات والحركة والأعضاء,تجميعات الأحياء 2026 — مفتاح الإجابة في PDF p.26,A,0,NOT_STARTED,,NOT_RUN,PRE_CROP_RANGE_FROZEN_V1
4,BIO26-L04,أحياء 1,الطلائعيات,26,26,25,2,79,TAH-BIO-BIO26-L04-Q079,BIO26-PDF026-L04-S2-Q079,الطلائعيات الشبيهة بالحيوانات والحركة والأعضاء,BIO26-M05,الطلائعيات,BIO26-S05-01,الطلائعيات الشبيهة بالحيوانات والحركة والأعضاء,تجميعات الأحياء 2026 — مفتاح الإجابة في PDF p.26,A,0,NOT_STARTED,,NOT_RUN,PRE_CROP_RANGE_FROZEN_V1
4,BIO26-L04,أحياء 1,الطلائعيات,26,26,25,2,80,TAH-BIO-BIO26-L04-Q080,BIO26-PDF026-L04-S2-Q080,الطحالب والطلائعيات الشبيهة بالنباتات,BIO26-M05,الطلائعيات,BIO26-S05-02,الطحالب والطلائعيات الشبيهة بالنباتات,تجميعات الأحياء 2026 — مفتاح الإجابة في PDF p.26,D,3,NOT_STARTED,,NOT_RUN,PRE_CROP_RANGE_FROZEN_V1
4,BIO26-L04,أحياء 1,الطلائعيات,26,26,25,2,81,TAH-BIO-BIO26-L04-Q081,BIO26-PDF026-L04-S2-Q081,الطحالب والطلائعيات الشبيهة بالنباتات,BIO26-M05,الطلائعيات,BIO26-S05-02,الطحالب والطلائعيات الشبيهة بالنباتات,تجميعات الأحياء 2026 — مفتاح الإجابة في PDF p.26,A,0,NOT_STARTED,,NOT_RUN,PRE_CROP_RANGE_FROZEN_V1
4,BIO26-L04,أحياء 1,الطلائعيات,26,26,25,2,82,TAH-BIO-BIO26-L04-Q082,BIO26-PDF026-L04-S2-Q082,الطحالب والطلائعيات الشبيهة بالنباتات,BIO26-M05,الطلائعيات,BIO26-S05-02,الطحالب والطلائعيات الشبيهة بالنباتات,تجميعات الأحياء 2026 — مفتاح الإجابة في PDF p.26,B,1,NOT_STARTED,,NOT_RUN,PRE_CROP_RANGE_FROZEN_V1
4,BIO26-L04,أحياء 1,الطلائعيات,26,26,25,2,83,TAH-BIO-BIO26-L04-Q083,BIO26-PDF026-L04-S2-Q083,الطحالب والطلائعيات الشبيهة بالنباتات,BIO26-M05,الطلائعيات,BIO26-S05-02,الطحالب والطلائعيات الشبيهة بالنباتات,تجميعات الأحياء 2026 — مفتاح الإجابة في PDF p.26,B,1,NOT_STARTED,,NOT_RUN,PRE_CROP_RANGE_FROZEN_V1
4,BIO26-L04,أحياء 1,الطلائعيات,27,27,26,2,84,TAH-BIO-BIO26-L04-Q084,BIO26-PDF027-L04-S2-Q084,الطحالب والطلائعيات الشبيهة بالنباتات,BIO26-M05,الطلائعيات,BIO26-S05-02,الطحالب والطلائعيات الشبيهة بالنباتات,تجميعات الأحياء 2026 — مفتاح الإجابة في PDF p.27,A,0,NOT_STARTED,,NOT_RUN,PRE_CROP_RANGE_FROZEN_V1
4,BIO26-L04,أحياء 1,الطلائعيات,27,27,26,2,85,TAH-BIO-BIO26-L04-Q085,BIO26-PDF027-L04-S2-Q085,الطحالب والطلائعيات الشبيهة بالنباتات,BIO26-M05,الطلائعيات,BIO26-S05-02,الطحالب والطلائعيات الشبيهة بالنباتات,تجميعات الأحياء 2026 — مفتاح الإجابة في PDF p.27,B,1,NOT_STARTED,,NOT_RUN,PRE_CROP_RANGE_FROZEN_V1
4,BIO26-L04,أحياء 1,الطلائعيات,27,27,26,2,86,TAH-BIO-BIO26-L04-Q086,BIO26-PDF027-L04-S2-Q086,الطحالب والطلائعيات الشبيهة بالنباتات,BIO26-M05,الطلائعيات,BIO26-S05-02,الطحالب والطلائعيات الشبيهة بالنباتات,تجميعات الأحياء 2026 — مفتاح الإجابة في PDF p.27,A,0,NOT_STARTED,,NOT_RUN,PRE_CROP_RANGE_FROZEN_V1
4,BIO26-L04,أحياء 1,الطلائعيات,27,27,26,2,87,TAH-BIO-BIO26-L04-Q087,BIO26-PDF027-L04-S2-Q087,الطحالب والطلائعيات الشبيهة بالنباتات,BIO26-M05,الطلائعيات,BIO26-S05-02,الطحالب والطلائعيات الشبيهة بالنباتات,تجميعات الأحياء 2026 — مفتاح الإجابة في PDF p.27,A,0,NOT_STARTED,,NOT_RUN,PRE_CROP_RANGE_FROZEN_V1
4,BIO26-L04,أحياء 1,الطلائعيات,27,27,26,2,88,TAH-BIO-BIO26-L04-Q088,BIO26-PDF027-L04-S2-Q088,الطحالب والطلائعيات الشبيهة بالنباتات,BIO26-M05,الطلائعيات,BIO26-S05-02,الطحالب والطلائعيات الشبيهة بالنباتات,تجميعات الأحياء 2026 — مفتاح الإجابة في PDF p.27,C,2,NOT_STARTED,,NOT_RUN,PRE_CROP_RANGE_FROZEN_V1
4,BIO26-L04,أحياء 1,الطلائعيات,27,27,26,2,89,TAH-BIO-BIO26-L04-Q089,BIO26-PDF027-L04-S2-Q089,الطحالب والطلائعيات الشبيهة بالنباتات,BIO26-M05,الطلائعيات,BIO26-S05-02,الطحالب والطلائعيات الشبيهة بالنباتات,تجميعات الأحياء 2026 — مفتاح الإجابة في PDF p.27,B,1,NOT_STARTED,,NOT_RUN,PRE_CROP_RANGE_FROZEN_V1
4,BIO26-L04,أحياء 1,الطلائعيات,27,27,26,2,90,TAH-BIO-BIO26-L04-Q090,BIO26-PDF027-L04-S2-Q090,الطحالب والطلائعيات الشبيهة بالنباتات,BIO26-M05,الطلائعيات,BIO26-S05-02,الطحالب والطلائعيات الشبيهة بالنباتات,تجميعات الأحياء 2026 — مفتاح الإجابة في PDF p.27,A,0,NOT_STARTED,,NOT_RUN,PRE_CROP_RANGE_FROZEN_V1
4,BIO26-L04,أحياء 1,الطلائعيات,27,27,26,2,91,TAH-BIO-BIO26-L04-Q091,BIO26-PDF027-L04-S2-Q091,الطحالب والطلائعيات الشبيهة بالنباتات,BIO26-M05,الطلائعيات,BIO26-S05-02,الطحالب والطلائعيات الشبيهة بالنباتات,تجميعات الأحياء 2026 — مفتاح الإجابة في PDF p.27,B,1,NOT_STARTED,,NOT_RUN,PRE_CROP_RANGE_FROZEN_V1
4,BIO26-L04,أحياء 1,الطلائعيات,27,27,26,2,92,TAH-BIO-BIO26-L04-Q092,BIO26-PDF027-L04-S2-Q092,الطحالب والطلائعيات الشبيهة بالنباتات,BIO26-M05,الطلائعيات,BIO26-S05-02,الطحالب والطلائعيات الشبيهة بالنباتات,تجميعات الأحياء 2026 — مفتاح الإجابة في PDF p.27,A,0,NOT_STARTED,,NOT_RUN,PRE_CROP_RANGE_FROZEN_V1
4,BIO26-L04,أحياء 1,الطلائعيات,27,27,26,2,93,TAH-BIO-BIO26-L04-Q093,BIO26-PDF027-L04-S2-Q093,الطلائعيات الشبيهة بالفطريات والأمراض الطلائعية,BIO26-M05,الطلائعيات,BIO26-S05-03,الطلائعيات الشبيهة بالفطريات والأمراض الطلائعية,تجميعات الأحياء 2026 — مفتاح الإجابة في PDF p.27,B,1,NOT_STARTED,,NOT_RUN,PRE_CROP_RANGE_FROZEN_V1
4,BIO26-L04,أحياء 1,الطلائعيات,27,27,26,2,94,TAH-BIO-BIO26-L04-Q094,BIO26-PDF027-L04-S2-Q094,الطلائعيات الشبيهة بالفطريات والأمراض الطلائعية,BIO26-M05,الطلائعيات,BIO26-S05-03,الطلائعيات الشبيهة بالفطريات والأمراض الطلائعية,تجميعات الأحياء 2026 — مفتاح الإجابة في PDF p.27,D,3,NOT_STARTED,,NOT_RUN,PRE_CROP_RANGE_FROZEN_V1
5,BIO26-L05,أحياء 1,الفطريات,28,28,27,1,1,TAH-BIO-BIO26-L05-Q001,BIO26-PDF028-L05-S1-Q001,تركيب الفطريات وتغذيتها وتكاثرها,BIO26-M06,الفطريات,BIO26-S06-01,تركيب الفطريات وتغذيتها وتكاثرها,تجميعات الأحياء 2026 — مفتاح الإجابة في PDF p.28,B,1,NOT_STARTED,,NOT_RUN,PRE_CROP_RANGE_FROZEN_V1
5,BIO26-L05,أحياء 1,الفطريات,28,28,27,1,2,TAH-BIO-BIO26-L05-Q002,BIO26-PDF028-L05-S1-Q002,تركيب الفطريات وتغذيتها وتكاثرها,BIO26-M06,الفطريات,BIO26-S06-01,تركيب الفطريات وتغذيتها وتكاثرها,تجميعات الأحياء 2026 — مفتاح الإجابة في PDF p.28,D,3,NOT_STARTED,,NOT_RUN,PRE_CROP_RANGE_FROZEN_V1
5,BIO26-L05,أحياء 1,الفطريات,28,28,27,1,3,TAH-BIO-BIO26-L05-Q003,BIO26-PDF028-L05-S1-Q003,تركيب الفطريات وتغذيتها وتكاثرها,BIO26-M06,الفطريات,BIO26-S06-01,تركيب الفطريات وتغذيتها وتكاثرها,تجميعات الأحياء 2026 — مفتاح الإجابة في PDF p.28,D,3,NOT_STARTED,,NOT_RUN,PRE_CROP_RANGE_FROZEN_V1
5,BIO26-L05,أحياء 1,الفطريات,28,28,27,1,4,TAH-BIO-BIO26-L05-Q004,BIO26-PDF028-L05-S1-Q004,تركيب الفطريات وتغذيتها وتكاثرها,BIO26-M06,الفطريات,BIO26-S06-01,تركيب الفطريات وتغذيتها وتكاثرها,تجميعات الأحياء 2026 — مفتاح الإجابة في PDF p.28,B,1,NOT_STARTED,,NOT_RUN,PRE_CROP_RANGE_FROZEN_V1
5,BIO26-L05,أحياء 1,الفطريات,28,28,27,1,5,TAH-BIO-BIO26-L05-Q005,BIO26-PDF028-L05-S1-Q005,تركيب الفطريات وتغذيتها وتكاثرها,BIO26-M06,الفطريات,BIO26-S06-01,تركيب الفطريات وتغذيتها وتكاثرها,تجميعات الأحياء 2026 — مفتاح الإجابة في PDF p.28,C,2,NOT_STARTED,,NOT_RUN,PRE_CROP_RANGE_FROZEN_V1
5,BIO26-L05,أحياء 1,الفطريات,28,28,27,1,6,TAH-BIO-BIO26-L05-Q006,BIO26-PDF028-L05-S1-Q006,تركيب الفطريات وتغذيتها وتكاثرها,BIO26-M06,الفطريات,BIO26-S06-01,تركيب الفطريات وتغذيتها وتكاثرها,تجميعات الأحياء 2026 — مفتاح الإجابة في PDF p.28,A,0,NOT_STARTED,,NOT_RUN,PRE_CROP_RANGE_FROZEN_V1
5,BIO26-L05,أحياء 1,الفطريات,28,28,27,1,7,TAH-BIO-BIO26-L05-Q007,BIO26-PDF028-L05-S1-Q007,تركيب الفطريات وتغذيتها وتكاثرها,BIO26-M06,الفطريات,BIO26-S06-01,تركيب الفطريات وتغذيتها وتكاثرها,تجميعات الأحياء 2026 — مفتاح الإجابة في PDF p.28,D,3,NOT_STARTED,,NOT_RUN,PRE_CROP_RANGE_FROZEN_V1
5,BIO26-L05,أحياء 1,الفطريات,28,28,27,1,8,TAH-BIO-BIO26-L05-Q008,BIO26-PDF028-L05-S1-Q008,تركيب الفطريات وتغذيتها وتكاثرها,BIO26-M06,الفطريات,BIO26-S06-01,تركيب الفطريات وتغذيتها وتكاثرها,تجميعات الأحياء 2026 — مفتاح الإجابة في PDF p.28,B,1,NOT_STARTED,,NOT_RUN,PRE_CROP_RANGE_FROZEN_V1
5,BIO26-L05,أحياء 1,الفطريات,28,28,27,1,9,TAH-BIO-BIO26-L05-Q009,BIO26-PDF028-L05-S1-Q009,تركيب الفطريات وتغذيتها وتكاثرها,BIO26-M06,الفطريات,BIO26-S06-01,تركيب الفطريات وتغذيتها وتكاثرها,تجميعات الأحياء 2026 — مفتاح الإجابة في PDF p.28,D,3,NOT_STARTED,,NOT_RUN,PRE_CROP_RANGE_FROZEN_V1
5,BIO26-L05,أحياء 1,الفطريات,28,28,27,1,10,TAH-BIO-BIO26-L05-Q010,BIO26-PDF028-L05-S1-Q010,تصنيف الفطريات وأمثلتها,BIO26-M06,الفطريات,BIO26-S06-02,تصنيف الفطريات وأمثلتها,تجميعات الأحياء 2026 — مفتاح الإجابة في PDF p.28,C,2,NOT_STARTED,,NOT_RUN,PRE_CROP_RANGE_FROZEN_V1
5,BIO26-L05,أحياء 1,الفطريات,28,28,27,1,11,TAH-BIO-BIO26-L05-Q011,BIO26-PDF028-L05-S1-Q011,تصنيف الفطريات وأمثلتها,BIO26-M06,الفطريات,BIO26-S06-02,تصنيف الفطريات وأمثلتها,تجميعات الأحياء 2026 — مفتاح الإجابة في PDF p.28,C,2,NOT_STARTED,,NOT_RUN,PRE_CROP_RANGE_FROZEN_V1
5,BIO26-L05,أحياء 1,الفطريات,28,28,27,1,12,TAH-BIO-BIO26-L05-Q012,BIO26-PDF028-L05-S1-Q012,تصنيف الفطريات وأمثلتها,BIO26-M06,الفطريات,BIO26-S06-02,تصنيف الفطريات وأمثلتها,تجميعات الأحياء 2026 — مفتاح الإجابة في PDF p.28,A,0,NOT_STARTED,,NOT_RUN,PRE_CROP_RANGE_FROZEN_V1
5,BIO26-L05,أحياء 1,الفطريات,28,28,27,1,13,TAH-BIO-BIO26-L05-Q013,BIO26-PDF028-L05-S1-Q013,تصنيف الفطريات وأمثلتها,BIO26-M06,الفطريات,BIO26-S06-02,تصنيف الفطريات وأمثلتها,تجميعات الأحياء 2026 — مفتاح الإجابة في PDF p.28,B,1,NOT_STARTED,,NOT_RUN,PRE_CROP_RANGE_FROZEN_V1
5,BIO26-L05,أحياء 1,الفطريات,28,28,27,1,14,TAH-BIO-BIO26-L05-Q014,BIO26-PDF028-L05-S1-Q014,تصنيف الفطريات وأمثلتها,BIO26-M06,الفطريات,BIO26-S06-02,تصنيف الفطريات وأمثلتها,تجميعات الأحياء 2026 — مفتاح الإجابة في PDF p.28,D,3,NOT_STARTED,,NOT_RUN,PRE_CROP_RANGE_FROZEN_V1
5,BIO26-L05,أحياء 1,الفطريات,28,28,27,1,15,TAH-BIO-BIO26-L05-Q015,BIO26-PDF028-L05-S1-Q015,تصنيف الفطريات وأمثلتها,BIO26-M06,الفطريات,BIO26-S06-02,تصنيف الفطريات وأمثلتها,تجميعات الأحياء 2026 — مفتاح الإجابة في PDF p.28,D,3,NOT_STARTED,,NOT_RUN,PRE_CROP_RANGE_FROZEN_V1
5,BIO26-L05,أحياء 1,الفطريات,28,28,27,1,16,TAH-BIO-BIO26-L05-Q016,BIO26-PDF028-L05-S1-Q016,تصنيف الفطريات وأمثلتها,BIO26-M06,الفطريات,BIO26-S06-02,تصنيف الفطريات وأمثلتها,تجميعات الأحياء 2026 — مفتاح الإجابة في PDF p.28,B,1,NOT_STARTED,,NOT_RUN,PRE_CROP_RANGE_FROZEN_V1
5,BIO26-L05,أحياء 1,الفطريات,28,28,27,1,17,TAH-BIO-BIO26-L05-Q017,BIO26-PDF028-L05-S1-Q017,الأشنات والفطريات الجذرية وفوائد وأضرار الفطريات,BIO26-M06,الفطريات,BIO26-S06-03,الأشنات والفطريات الجذرية وفوائد وأضرار الفطريات,تجميعات الأحياء 2026 — مفتاح الإجابة في PDF p.28,D,3,NOT_STARTED,,NOT_RUN,PRE_CROP_RANGE_FROZEN_V1
5,BIO26-L05,أحياء 1,الفطريات,29,29,28,1,18,TAH-BIO-BIO26-L05-Q018,BIO26-PDF029-L05-S1-Q018,الأشنات والفطريات الجذرية وفوائد وأضرار الفطريات,BIO26-M06,الفطريات,BIO26-S06-03,الأشنات والفطريات الجذرية وفوائد وأضرار الفطريات,تجميعات الأحياء 2026 — مفتاح الإجابة في PDF p.29,B,1,NOT_STARTED,,NOT_RUN,PRE_CROP_RANGE_FROZEN_V1
5,BIO26-L05,أحياء 1,الفطريات,29,29,28,1,19,TAH-BIO-BIO26-L05-Q019,BIO26-PDF029-L05-S1-Q019,الأشنات والفطريات الجذرية وفوائد وأضرار الفطريات,BIO26-M06,الفطريات,BIO26-S06-03,الأشنات والفطريات الجذرية وفوائد وأضرار الفطريات,تجميعات الأحياء 2026 — مفتاح الإجابة في PDF p.29,A,0,NOT_STARTED,,NOT_RUN,PRE_CROP_RANGE_FROZEN_V1
5,BIO26-L05,أحياء 1,الفطريات,29,29,28,1,20,TAH-BIO-BIO26-L05-Q020,BIO26-PDF029-L05-S1-Q020,الأشنات والفطريات الجذرية وفوائد وأضرار الفطريات,BIO26-M06,الفطريات,BIO26-S06-03,الأشنات والفطريات الجذرية وفوائد وأضرار الفطريات,تجميعات الأحياء 2026 — مفتاح الإجابة في PDF p.29,B,1,NOT_STARTED,,NOT_RUN,PRE_CROP_RANGE_FROZEN_V1
5,BIO26-L05,أحياء 1,الفطريات,29,29,28,1,21,TAH-BIO-BIO26-L05-Q021,BIO26-PDF029-L05-S1-Q021,الأشنات والفطريات الجذرية وفوائد وأضرار الفطريات,BIO26-M06,الفطريات,BIO26-S06-03,الأشنات والفطريات الجذرية وفوائد وأضرار الفطريات,تجميعات الأحياء 2026 — مفتاح الإجابة في PDF p.29,A,0,NOT_STARTED,,NOT_RUN,PRE_CROP_RANGE_FROZEN_V1
5,BIO26-L05,أحياء 1,الفطريات,29,29,28,1,22,TAH-BIO-BIO26-L05-Q022,BIO26-PDF029-L05-S1-Q022,الأشنات والفطريات الجذرية وفوائد وأضرار الفطريات,BIO26-M06,الفطريات,BIO26-S06-03,الأشنات والفطريات الجذرية وفوائد وأضرار الفطريات,تجميعات الأحياء 2026 — مفتاح الإجابة في PDF p.29,D,3,NOT_STARTED,,NOT_RUN,PRE_CROP_RANGE_FROZEN_V1
5,BIO26-L05,أحياء 1,الفطريات,29,29,28,1,23,TAH-BIO-BIO26-L05-Q023,BIO26-PDF029-L05-S1-Q023,الأشنات والفطريات الجذرية وفوائد وأضرار الفطريات,BIO26-M06,الفطريات,BIO26-S06-03,الأشنات والفطريات الجذرية وفوائد وأضرار الفطريات,تجميعات الأحياء 2026 — مفتاح الإجابة في PDF p.29,A,0,NOT_STARTED,,NOT_RUN,PRE_CROP_RANGE_FROZEN_V1
5,BIO26-L05,أحياء 1,الفطريات,29,29,28,1,24,TAH-BIO-BIO26-L05-Q024,BIO26-PDF029-L05-S1-Q024,الأشنات والفطريات الجذرية وفوائد وأضرار الفطريات,BIO26-M06,الفطريات,BIO26-S06-03,الأشنات والفطريات الجذرية وفوائد وأضرار الفطريات,تجميعات الأحياء 2026 — مفتاح الإجابة في PDF p.29,A,0,NOT_STARTED,,NOT_RUN,PRE_CROP_RANGE_FROZEN_V1
5,BIO26-L05,أحياء 1,الفطريات,29,29,28,1,25,TAH-BIO-BIO26-L05-Q025,BIO26-PDF029-L05-S1-Q025,الأشنات والفطريات الجذرية وفوائد وأضرار الفطريات,BIO26-M06,الفطريات,BIO26-S06-03,الأشنات والفطريات الجذرية وفوائد وأضرار الفطريات,تجميعات الأحياء 2026 — مفتاح الإجابة في PDF p.29,A,0,NOT_STARTED,,NOT_RUN,PRE_CROP_RANGE_FROZEN_V1
5,BIO26-L05,أحياء 1,الفطريات,29,29,28,1,26,TAH-BIO-BIO26-L05-Q026,BIO26-PDF029-L05-S1-Q026,الأشنات والفطريات الجذرية وفوائد وأضرار الفطريات,BIO26-M06,الفطريات,BIO26-S06-03,الأشنات والفطريات الجذرية وفوائد وأضرار الفطريات,تجميعات الأحياء 2026 — مفتاح الإجابة في PDF p.29,D,3,NOT_STARTED,,NOT_RUN,PRE_CROP_RANGE_FROZEN_V1
5,BIO26-L05,أحياء 1,الفطريات,29,29,28,1,27,TAH-BIO-BIO26-L05-Q027,BIO26-PDF029-L05-S1-Q027,الأشنات والفطريات الجذرية وفوائد وأضرار الفطريات,BIO26-M06,الفطريات,BIO26-S06-03,الأشنات والفطريات الجذرية وفوائد وأضرار الفطريات,تجميعات الأحياء 2026 — مفتاح الإجابة في PDF p.29,B,1,NOT_STARTED,,NOT_RUN,PRE_CROP_RANGE_FROZEN_V1
5,BIO26-L05,أحياء 1,الفطريات,30,30,29,2,28,TAH-BIO-BIO26-L05-Q028,BIO26-PDF030-L05-S2-Q028,تركيب الفطريات وتغذيتها وتكاثرها,BIO26-M06,الفطريات,BIO26-S06-01,تركيب الفطريات وتغذيتها وتكاثرها,تجميعات الأحياء 2026 — مفتاح الإجابة في PDF p.30,D,3,NOT_STARTED,,NOT_RUN,PRE_CROP_RANGE_FROZEN_V1
5,BIO26-L05,أحياء 1,الفطريات,30,30,29,2,29,TAH-BIO-BIO26-L05-Q029,BIO26-PDF030-L05-S2-Q029,تركيب الفطريات وتغذيتها وتكاثرها,BIO26-M06,الفطريات,BIO26-S06-01,تركيب الفطريات وتغذيتها وتكاثرها,تجميعات الأحياء 2026 — مفتاح الإجابة في PDF p.30,A,0,NOT_STARTED,,NOT_RUN,PRE_CROP_RANGE_FROZEN_V1
5,BIO26-L05,أحياء 1,الفطريات,30,30,29,2,30,TAH-BIO-BIO26-L05-Q030,BIO26-PDF030-L05-S2-Q030,تركيب الفطريات وتغذيتها وتكاثرها,BIO26-M06,الفطريات,BIO26-S06-01,تركيب الفطريات وتغذيتها وتكاثرها,تجميعات الأحياء 2026 — مفتاح الإجابة في PDF p.30,B,1,NOT_STARTED,,NOT_RUN,PRE_CROP_RANGE_FROZEN_V1
5,BIO26-L05,أحياء 1,الفطريات,30,30,29,2,31,TAH-BIO-BIO26-L05-Q031,BIO26-PDF030-L05-S2-Q031,تركيب الفطريات وتغذيتها وتكاثرها,BIO26-M06,الفطريات,BIO26-S06-01,تركيب الفطريات وتغذيتها وتكاثرها,تجميعات الأحياء 2026 — مفتاح الإجابة في PDF p.30,A,0,NOT_STARTED,,NOT_RUN,PRE_CROP_RANGE_FROZEN_V1
5,BIO26-L05,أحياء 1,الفطريات,30,30,29,2,32,TAH-BIO-BIO26-L05-Q032,BIO26-PDF030-L05-S2-Q032,تركيب الفطريات وتغذيتها وتكاثرها,BIO26-M06,الفطريات,BIO26-S06-01,تركيب الفطريات وتغذيتها وتكاثرها,تجميعات الأحياء 2026 — مفتاح الإجابة في PDF p.30,B,1,NOT_STARTED,,NOT_RUN,PRE_CROP_RANGE_FROZEN_V1
5,BIO26-L05,أحياء 1,الفطريات,30,30,29,2,33,TAH-BIO-BIO26-L05-Q033,BIO26-PDF030-L05-S2-Q033,تركيب الفطريات وتغذيتها وتكاثرها,BIO26-M06,الفطريات,BIO26-S06-01,تركيب الفطريات وتغذيتها وتكاثرها,تجميعات الأحياء 2026 — مفتاح الإجابة في PDF p.30,A,0,NOT_STARTED,,NOT_RUN,PRE_CROP_RANGE_FROZEN_V1
5,BIO26-L05,أحياء 1,الفطريات,30,30,29,2,34,TAH-BIO-BIO26-L05-Q034,BIO26-PDF030-L05-S2-Q034,تركيب الفطريات وتغذيتها وتكاثرها,BIO26-M06,الفطريات,BIO26-S06-01,تركيب الفطريات وتغذيتها وتكاثرها,تجميعات الأحياء 2026 — مفتاح الإجابة في PDF p.30,C,2,NOT_STARTED,,NOT_RUN,PRE_CROP_RANGE_FROZEN_V1
5,BIO26-L05,أحياء 1,الفطريات,30,30,29,2,35,TAH-BIO-BIO26-L05-Q035,BIO26-PDF030-L05-S2-Q035,تركيب الفطريات وتغذيتها وتكاثرها,BIO26-M06,الفطريات,BIO26-S06-01,تركيب الفطريات وتغذيتها وتكاثرها,تجميعات الأحياء 2026 — مفتاح الإجابة في PDF p.30,A,0,NOT_STARTED,,NOT_RUN,PRE_CROP_RANGE_FROZEN_V1
5,BIO26-L05,أحياء 1,الفطريات,30,30,29,2,36,TAH-BIO-BIO26-L05-Q036,BIO26-PDF030-L05-S2-Q036,تركيب الفطريات وتغذيتها وتكاثرها,BIO26-M06,الفطريات,BIO26-S06-01,تركيب الفطريات وتغذيتها وتكاثرها,تجميعات الأحياء 2026 — مفتاح الإجابة في PDF p.30,B,1,NOT_STARTED,,NOT_RUN,PRE_CROP_RANGE_FROZEN_V1
5,BIO26-L05,أحياء 1,الفطريات,30,30,29,2,37,TAH-BIO-BIO26-L05-Q037,BIO26-PDF030-L05-S2-Q037,تركيب الفطريات وتغذيتها وتكاثرها,BIO26-M06,الفطريات,BIO26-S06-01,تركيب الفطريات وتغذيتها وتكاثرها,تجميعات الأحياء 2026 — مفتاح الإجابة في PDF p.30,D,3,NOT_STARTED,,NOT_RUN,PRE_CROP_RANGE_FROZEN_V1
5,BIO26-L05,أحياء 1,الفطريات,30,30,29,2,38,TAH-BIO-BIO26-L05-Q038,BIO26-PDF030-L05-S2-Q038,تركيب الفطريات وتغذيتها وتكاثرها,BIO26-M06,الفطريات,BIO26-S06-01,تركيب الفطريات وتغذيتها وتكاثرها,تجميعات الأحياء 2026 — مفتاح الإجابة في PDF p.30,D,3,NOT_STARTED,,NOT_RUN,PRE_CROP_RANGE_FROZEN_V1
5,BIO26-L05,أحياء 1,الفطريات,30,30,29,2,39,TAH-BIO-BIO26-L05-Q039,BIO26-PDF030-L05-S2-Q039,تركيب الفطريات وتغذيتها وتكاثرها,BIO26-M06,الفطريات,BIO26-S06-01,تركيب الفطريات وتغذيتها وتكاثرها,تجميعات الأحياء 2026 — مفتاح الإجابة في PDF p.30,D,3,NOT_STARTED,,NOT_RUN,PRE_CROP_RANGE_FROZEN_V1
5,BIO26-L05,أحياء 1,الفطريات,30,30,29,2,40,TAH-BIO-BIO26-L05-Q040,BIO26-PDF030-L05-S2-Q040,تركيب الفطريات وتغذيتها وتكاثرها,BIO26-M06,الفطريات,BIO26-S06-01,تركيب الفطريات وتغذيتها وتكاثرها,تجميعات الأحياء 2026 — مفتاح الإجابة في PDF p.30,C,2,NOT_STARTED,,NOT_RUN,PRE_CROP_RANGE_FROZEN_V1
5,BIO26-L05,أحياء 1,الفطريات,30,30,29,2,41,TAH-BIO-BIO26-L05-Q041,BIO26-PDF030-L05-S2-Q041,تركيب الفطريات وتغذيتها وتكاثرها,BIO26-M06,الفطريات,BIO26-S06-01,تركيب الفطريات وتغذيتها وتكاثرها,تجميعات الأحياء 2026 — مفتاح الإجابة في PDF p.30,D,3,NOT_STARTED,,NOT_RUN,PRE_CROP_RANGE_FROZEN_V1
5,BIO26-L05,أحياء 1,الفطريات,30,30,29,2,42,TAH-BIO-BIO26-L05-Q042,BIO26-PDF030-L05-S2-Q042,تركيب الفطريات وتغذيتها وتكاثرها,BIO26-M06,الفطريات,BIO26-S06-01,تركيب الفطريات وتغذيتها وتكاثرها,تجميعات الأحياء 2026 — مفتاح الإجابة في PDF p.30,A,0,NOT_STARTED,,NOT_RUN,PRE_CROP_RANGE_FROZEN_V1
5,BIO26-L05,أحياء 1,الفطريات,30,30,29,2,43,TAH-BIO-BIO26-L05-Q043,BIO26-PDF030-L05-S2-Q043,تصنيف الفطريات وأمثلتها,BIO26-M06,الفطريات,BIO26-S06-02,تصنيف الفطريات وأمثلتها,تجميعات الأحياء 2026 — مفتاح الإجابة في PDF p.30,A,0,NOT_STARTED,,NOT_RUN,PRE_CROP_RANGE_FROZEN_V1
5,BIO26-L05,أحياء 1,الفطريات,30,30,29,2,44,TAH-BIO-BIO26-L05-Q044,BIO26-PDF030-L05-S2-Q044,تصنيف الفطريات وأمثلتها,BIO26-M06,الفطريات,BIO26-S06-02,تصنيف الفطريات وأمثلتها,تجميعات الأحياء 2026 — مفتاح الإجابة في PDF p.30,D,3,NOT_STARTED,,NOT_RUN,PRE_CROP_RANGE_FROZEN_V1
5,BIO26-L05,أحياء 1,الفطريات,30,30,29,2,45,TAH-BIO-BIO26-L05-Q045,BIO26-PDF030-L05-S2-Q045,تصنيف الفطريات وأمثلتها,BIO26-M06,الفطريات,BIO26-S06-02,تصنيف الفطريات وأمثلتها,تجميعات الأحياء 2026 — مفتاح الإجابة في PDF p.30,B,1,NOT_STARTED,,NOT_RUN,PRE_CROP_RANGE_FROZEN_V1
5,BIO26-L05,أحياء 1,الفطريات,31,31,30,2,46,TAH-BIO-BIO26-L05-Q046,BIO26-PDF031-L05-S2-Q046,تصنيف الفطريات وأمثلتها,BIO26-M06,الفطريات,BIO26-S06-02,تصنيف الفطريات وأمثلتها,تجميعات الأحياء 2026 — مفتاح الإجابة في PDF p.31,B,1,NOT_STARTED,,NOT_RUN,PRE_CROP_RANGE_FROZEN_V1
5,BIO26-L05,أحياء 1,الفطريات,31,31,30,2,47,TAH-BIO-BIO26-L05-Q047,BIO26-PDF031-L05-S2-Q047,تصنيف الفطريات وأمثلتها,BIO26-M06,الفطريات,BIO26-S06-02,تصنيف الفطريات وأمثلتها,تجميعات الأحياء 2026 — مفتاح الإجابة في PDF p.31,A,0,NOT_STARTED,,NOT_RUN,PRE_CROP_RANGE_FROZEN_V1
5,BIO26-L05,أحياء 1,الفطريات,31,31,30,2,48,TAH-BIO-BIO26-L05-Q048,BIO26-PDF031-L05-S2-Q048,تصنيف الفطريات وأمثلتها,BIO26-M06,الفطريات,BIO26-S06-02,تصنيف الفطريات وأمثلتها,تجميعات الأحياء 2026 — مفتاح الإجابة في PDF p.31,C,2,NOT_STARTED,,NOT_RUN,PRE_CROP_RANGE_FROZEN_V1
5,BIO26-L05,أحياء 1,الفطريات,31,31,30,2,49,TAH-BIO-BIO26-L05-Q049,BIO26-PDF031-L05-S2-Q049,تصنيف الفطريات وأمثلتها,BIO26-M06,الفطريات,BIO26-S06-02,تصنيف الفطريات وأمثلتها,تجميعات الأحياء 2026 — مفتاح الإجابة في PDF p.31,B,1,NOT_STARTED,,NOT_RUN,PRE_CROP_RANGE_FROZEN_V1
5,BIO26-L05,أحياء 1,الفطريات,31,31,30,2,50,TAH-BIO-BIO26-L05-Q050,BIO26-PDF031-L05-S2-Q050,تصنيف الفطريات وأمثلتها,BIO26-M06,الفطريات,BIO26-S06-02,تصنيف الفطريات وأمثلتها,تجميعات الأحياء 2026 — مفتاح الإجابة في PDF p.31,A,0,NOT_STARTED,,NOT_RUN,PRE_CROP_RANGE_FROZEN_V1
5,BIO26-L05,أحياء 1,الفطريات,31,31,30,2,51,TAH-BIO-BIO26-L05-Q051,BIO26-PDF031-L05-S2-Q051,تصنيف الفطريات وأمثلتها,BIO26-M06,الفطريات,BIO26-S06-02,تصنيف الفطريات وأمثلتها,تجميعات الأحياء 2026 — مفتاح الإجابة في PDF p.31,B,1,NOT_STARTED,,NOT_RUN,PRE_CROP_RANGE_FROZEN_V1
5,BIO26-L05,أحياء 1,الفطريات,31,31,30,2,52,TAH-BIO-BIO26-L05-Q052,BIO26-PDF031-L05-S2-Q052,تصنيف الفطريات وأمثلتها,BIO26-M06,الفطريات,BIO26-S06-02,تصنيف الفطريات وأمثلتها,تجميعات الأحياء 2026 — مفتاح الإجابة في PDF p.31,C,2,NOT_STARTED,,NOT_RUN,PRE_CROP_RANGE_FROZEN_V1
5,BIO26-L05,أحياء 1,الفطريات,31,31,30,2,53,TAH-BIO-BIO26-L05-Q053,BIO26-PDF031-L05-S2-Q053,تركيب الفطريات وتغذيتها وتكاثرها,BIO26-M06,الفطريات,BIO26-S06-01,تركيب الفطريات وتغذيتها وتكاثرها,تجميعات الأحياء 2026 — مفتاح الإجابة في PDF p.31,B,1,NOT_STARTED,,NOT_RUN,PRE_CROP_RANGE_FROZEN_V1
5,BIO26-L05,أحياء 1,الفطريات,31,31,30,2,54,TAH-BIO-BIO26-L05-Q054,BIO26-PDF031-L05-S2-Q054,تركيب الفطريات وتغذيتها وتكاثرها,BIO26-M06,الفطريات,BIO26-S06-01,تركيب الفطريات وتغذيتها وتكاثرها,تجميعات الأحياء 2026 — مفتاح الإجابة في PDF p.31,D,3,NOT_STARTED,,NOT_RUN,PRE_CROP_RANGE_FROZEN_V1
5,BIO26-L05,أحياء 1,الفطريات,31,31,30,2,55,TAH-BIO-BIO26-L05-Q055,BIO26-PDF031-L05-S2-Q055,تركيب الفطريات وتغذيتها وتكاثرها,BIO26-M06,الفطريات,BIO26-S06-01,تركيب الفطريات وتغذيتها وتكاثرها,تجميعات الأحياء 2026 — مفتاح الإجابة في PDF p.31,A,0,NOT_STARTED,,NOT_RUN,PRE_CROP_RANGE_FROZEN_V1
5,BIO26-L05,أحياء 1,الفطريات,31,31,30,2,56,TAH-BIO-BIO26-L05-Q056,BIO26-PDF031-L05-S2-Q056,تركيب الفطريات وتغذيتها وتكاثرها,BIO26-M06,الفطريات,BIO26-S06-01,تركيب الفطريات وتغذيتها وتكاثرها,تجميعات الأحياء 2026 — مفتاح الإجابة في PDF p.31,C,2,NOT_STARTED,,NOT_RUN,PRE_CROP_RANGE_FROZEN_V1
5,BIO26-L05,أحياء 1,الفطريات,31,31,30,2,57,TAH-BIO-BIO26-L05-Q057,BIO26-PDF031-L05-S2-Q057,تركيب الفطريات وتغذيتها وتكاثرها,BIO26-M06,الفطريات,BIO26-S06-01,تركيب الفطريات وتغذيتها وتكاثرها,تجميعات الأحياء 2026 — مفتاح الإجابة في PDF p.31,C,2,NOT_STARTED,,NOT_RUN,PRE_CROP_RANGE_FROZEN_V1
5,BIO26-L05,أحياء 1,الفطريات,31,31,30,2,58,TAH-BIO-BIO26-L05-Q058,BIO26-PDF031-L05-S2-Q058,الأشنات والفطريات الجذرية وفوائد وأضرار الفطريات,BIO26-M06,الفطريات,BIO26-S06-03,الأشنات والفطريات الجذرية وفوائد وأضرار الفطريات,تجميعات الأحياء 2026 — مفتاح الإجابة في PDF p.31,B,1,NOT_STARTED,,NOT_RUN,PRE_CROP_RANGE_FROZEN_V1
5,BIO26-L05,أحياء 1,الفطريات,31,31,30,2,59,TAH-BIO-BIO26-L05-Q059,BIO26-PDF031-L05-S2-Q059,الأشنات والفطريات الجذرية وفوائد وأضرار الفطريات,BIO26-M06,الفطريات,BIO26-S06-03,الأشنات والفطريات الجذرية وفوائد وأضرار الفطريات,تجميعات الأحياء 2026 — مفتاح الإجابة في PDF p.31,A,0,NOT_STARTED,,NOT_RUN,PRE_CROP_RANGE_FROZEN_V1
6,BIO26-L06,أحياء 1,مدخل إلى الحيوانات,32,32,31,1,1,TAH-BIO-BIO26-L06-Q001,BIO26-PDF032-L06-S1-Q001,خصائص الحيوانات والتناظر والتجاويف والنمو الجنيني,BIO26-M07,أسس المملكة الحيوانية والإسفنجيات واللاسعات,BIO26-S07-01,خصائص الحيوانات والتناظر والتجاويف والنمو الجنيني,تجميعات الأحياء 2026 — مفتاح الإجابة في PDF p.32,B,1,NOT_STARTED,,NOT_RUN,PRE_CROP_RANGE_FROZEN_V1
6,BIO26-L06,أحياء 1,مدخل إلى الحيوانات,32,32,31,1,2,TAH-BIO-BIO26-L06-Q002,BIO26-PDF032-L06-S1-Q002,خصائص الحيوانات والتناظر والتجاويف والنمو الجنيني,BIO26-M07,أسس المملكة الحيوانية والإسفنجيات واللاسعات,BIO26-S07-01,خصائص الحيوانات والتناظر والتجاويف والنمو الجنيني,تجميعات الأحياء 2026 — مفتاح الإجابة في PDF p.32,A,0,NOT_STARTED,,NOT_RUN,PRE_CROP_RANGE_FROZEN_V1
6,BIO26-L06,أحياء 1,مدخل إلى الحيوانات,32,32,31,1,3,TAH-BIO-BIO26-L06-Q003,BIO26-PDF032-L06-S1-Q003,خصائص الحيوانات والتناظر والتجاويف والنمو الجنيني,BIO26-M07,أسس المملكة الحيوانية والإسفنجيات واللاسعات,BIO26-S07-01,خصائص الحيوانات والتناظر والتجاويف والنمو الجنيني,تجميعات الأحياء 2026 — مفتاح الإجابة في PDF p.32,B,1,NOT_STARTED,,NOT_RUN,PRE_CROP_RANGE_FROZEN_V1
6,BIO26-L06,أحياء 1,مدخل إلى الحيوانات,32,32,31,1,4,TAH-BIO-BIO26-L06-Q004,BIO26-PDF032-L06-S1-Q004,خصائص الحيوانات والتناظر والتجاويف والنمو الجنيني,BIO26-M07,أسس المملكة الحيوانية والإسفنجيات واللاسعات,BIO26-S07-01,خصائص الحيوانات والتناظر والتجاويف والنمو الجنيني,تجميعات الأحياء 2026 — مفتاح الإجابة في PDF p.32,A,0,NOT_STARTED,,NOT_RUN,PRE_CROP_RANGE_FROZEN_V1
6,BIO26-L06,أحياء 1,مدخل إلى الحيوانات,32,32,31,1,5,TAH-BIO-BIO26-L06-Q005,BIO26-PDF032-L06-S1-Q005,خصائص الحيوانات والتناظر والتجاويف والنمو الجنيني,BIO26-M07,أسس المملكة الحيوانية والإسفنجيات واللاسعات,BIO26-S07-01,خصائص الحيوانات والتناظر والتجاويف والنمو الجنيني,تجميعات الأحياء 2026 — مفتاح الإجابة في PDF p.32,A,0,NOT_STARTED,,NOT_RUN,PRE_CROP_RANGE_FROZEN_V1
6,BIO26-L06,أحياء 1,مدخل إلى الحيوانات,32,32,31,1,6,TAH-BIO-BIO26-L06-Q006,BIO26-PDF032-L06-S1-Q006,خصائص الحيوانات والتناظر والتجاويف والنمو الجنيني,BIO26-M07,أسس المملكة الحيوانية والإسفنجيات واللاسعات,BIO26-S07-01,خصائص الحيوانات والتناظر والتجاويف والنمو الجنيني,تجميعات الأحياء 2026 — مفتاح الإجابة في PDF p.32,D,3,NOT_STARTED,,NOT_RUN,PRE_CROP_RANGE_FROZEN_V1
6,BIO26-L06,أحياء 1,مدخل إلى الحيوانات,32,32,31,1,7,TAH-BIO-BIO26-L06-Q007,BIO26-PDF032-L06-S1-Q007,خصائص الحيوانات والتناظر والتجاويف والنمو الجنيني,BIO26-M07,أسس المملكة الحيوانية والإسفنجيات واللاسعات,BIO26-S07-01,خصائص الحيوانات والتناظر والتجاويف والنمو الجنيني,تجميعات الأحياء 2026 — مفتاح الإجابة في PDF p.32,D,3,NOT_STARTED,,NOT_RUN,PRE_CROP_RANGE_FROZEN_V1
6,BIO26-L06,أحياء 1,مدخل إلى الحيوانات,32,32,31,1,8,TAH-BIO-BIO26-L06-Q008,BIO26-PDF032-L06-S1-Q008,خصائص الحيوانات والتناظر والتجاويف والنمو الجنيني,BIO26-M07,أسس المملكة الحيوانية والإسفنجيات واللاسعات,BIO26-S07-01,خصائص الحيوانات والتناظر والتجاويف والنمو الجنيني,تجميعات الأحياء 2026 — مفتاح الإجابة في PDF p.32,D,3,NOT_STARTED,,NOT_RUN,PRE_CROP_RANGE_FROZEN_V1
6,BIO26-L06,أحياء 1,مدخل إلى الحيوانات,32,32,31,1,9,TAH-BIO-BIO26-L06-Q009,BIO26-PDF032-L06-S1-Q009,خصائص الحيوانات والتناظر والتجاويف والنمو الجنيني,BIO26-M07,أسس المملكة الحيوانية والإسفنجيات واللاسعات,BIO26-S07-01,خصائص الحيوانات والتناظر والتجاويف والنمو الجنيني,تجميعات الأحياء 2026 — مفتاح الإجابة في PDF p.32,B,1,NOT_STARTED,,NOT_RUN,PRE_CROP_RANGE_FROZEN_V1
6,BIO26-L06,أحياء 1,مدخل إلى الحيوانات,32,32,31,1,10,TAH-BIO-BIO26-L06-Q010,BIO26-PDF032-L06-S1-Q010,خصائص الحيوانات والتناظر والتجاويف والنمو الجنيني,BIO26-M07,أسس المملكة الحيوانية والإسفنجيات واللاسعات,BIO26-S07-01,خصائص الحيوانات والتناظر والتجاويف والنمو الجنيني,تجميعات الأحياء 2026 — مفتاح الإجابة في PDF p.32,B,1,NOT_STARTED,,NOT_RUN,PRE_CROP_RANGE_FROZEN_V1
6,BIO26-L06,أحياء 1,مدخل إلى الحيوانات,32,32,31,1,11,TAH-BIO-BIO26-L06-Q011,BIO26-PDF032-L06-S1-Q011,خصائص الحيوانات والتناظر والتجاويف والنمو الجنيني,BIO26-M07,أسس المملكة الحيوانية والإسفنجيات واللاسعات,BIO26-S07-01,خصائص الحيوانات والتناظر والتجاويف والنمو الجنيني,تجميعات الأحياء 2026 — مفتاح الإجابة في PDF p.32,A,0,NOT_STARTED,,NOT_RUN,PRE_CROP_RANGE_FROZEN_V1
6,BIO26-L06,أحياء 1,مدخل إلى الحيوانات,32,32,31,1,12,TAH-BIO-BIO26-L06-Q012,BIO26-PDF032-L06-S1-Q012,خصائص الحيوانات والتناظر والتجاويف والنمو الجنيني,BIO26-M07,أسس المملكة الحيوانية والإسفنجيات واللاسعات,BIO26-S07-01,خصائص الحيوانات والتناظر والتجاويف والنمو الجنيني,تجميعات الأحياء 2026 — مفتاح الإجابة في PDF p.32,D,3,NOT_STARTED,,NOT_RUN,PRE_CROP_RANGE_FROZEN_V1
6,BIO26-L06,أحياء 1,مدخل إلى الحيوانات,32,32,31,1,13,TAH-BIO-BIO26-L06-Q013,BIO26-PDF032-L06-S1-Q013,الإسفنجيات: التركيب والتغذية والتكاثر,BIO26-M07,أسس المملكة الحيوانية والإسفنجيات واللاسعات,BIO26-S07-02,الإسفنجيات: التركيب والتغذية والتكاثر,تجميعات الأحياء 2026 — مفتاح الإجابة في PDF p.32,A,0,NOT_STARTED,,NOT_RUN,PRE_CROP_RANGE_FROZEN_V1
6,BIO26-L06,أحياء 1,مدخل إلى الحيوانات,32,32,31,1,14,TAH-BIO-BIO26-L06-Q014,BIO26-PDF032-L06-S1-Q014,الإسفنجيات: التركيب والتغذية والتكاثر,BIO26-M07,أسس المملكة الحيوانية والإسفنجيات واللاسعات,BIO26-S07-02,الإسفنجيات: التركيب والتغذية والتكاثر,تجميعات الأحياء 2026 — مفتاح الإجابة في PDF p.32,C,2,NOT_STARTED,,NOT_RUN,PRE_CROP_RANGE_FROZEN_V1
6,BIO26-L06,أحياء 1,مدخل إلى الحيوانات,32,32,31,1,15,TAH-BIO-BIO26-L06-Q015,BIO26-PDF032-L06-S1-Q015,الإسفنجيات: التركيب والتغذية والتكاثر,BIO26-M07,أسس المملكة الحيوانية والإسفنجيات واللاسعات,BIO26-S07-02,الإسفنجيات: التركيب والتغذية والتكاثر,تجميعات الأحياء 2026 — مفتاح الإجابة في PDF p.32,D,3,NOT_STARTED,,NOT_RUN,PRE_CROP_RANGE_FROZEN_V1
6,BIO26-L06,أحياء 1,مدخل إلى الحيوانات,33,33,32,1,16,TAH-BIO-BIO26-L06-Q016,BIO26-PDF033-L06-S1-Q016,الإسفنجيات: التركيب والتغذية والتكاثر,BIO26-M07,أسس المملكة الحيوانية والإسفنجيات واللاسعات,BIO26-S07-02,الإسفنجيات: التركيب والتغذية والتكاثر,تجميعات الأحياء 2026 — مفتاح الإجابة في PDF p.33,C,2,NOT_STARTED,,NOT_RUN,PRE_CROP_RANGE_FROZEN_V1
6,BIO26-L06,أحياء 1,مدخل إلى الحيوانات,33,33,32,1,17,TAH-BIO-BIO26-L06-Q017,BIO26-PDF033-L06-S1-Q017,اللاسعات: التركيب والأطوار والتكاثر والأهمية,BIO26-M07,أسس المملكة الحيوانية والإسفنجيات واللاسعات,BIO26-S07-03,اللاسعات: التركيب والأطوار والتكاثر والأهمية,تجميعات الأحياء 2026 — مفتاح الإجابة في PDF p.33,D,3,NOT_STARTED,,NOT_RUN,PRE_CROP_RANGE_FROZEN_V1
6,BIO26-L06,أحياء 1,مدخل إلى الحيوانات,33,33,32,1,18,TAH-BIO-BIO26-L06-Q018,BIO26-PDF033-L06-S1-Q018,اللاسعات: التركيب والأطوار والتكاثر والأهمية,BIO26-M07,أسس المملكة الحيوانية والإسفنجيات واللاسعات,BIO26-S07-03,اللاسعات: التركيب والأطوار والتكاثر والأهمية,تجميعات الأحياء 2026 — مفتاح الإجابة في PDF p.33,A,0,NOT_STARTED,,NOT_RUN,PRE_CROP_RANGE_FROZEN_V1
6,BIO26-L06,أحياء 1,مدخل إلى الحيوانات,33,33,32,1,19,TAH-BIO-BIO26-L06-Q019,BIO26-PDF033-L06-S1-Q019,اللاسعات: التركيب والأطوار والتكاثر والأهمية,BIO26-M07,أسس المملكة الحيوانية والإسفنجيات واللاسعات,BIO26-S07-03,اللاسعات: التركيب والأطوار والتكاثر والأهمية,تجميعات الأحياء 2026 — مفتاح الإجابة في PDF p.33,A,0,NOT_STARTED,,NOT_RUN,PRE_CROP_RANGE_FROZEN_V1
6,BIO26-L06,أحياء 1,مدخل إلى الحيوانات,33,33,32,1,20,TAH-BIO-BIO26-L06-Q020,BIO26-PDF033-L06-S1-Q020,اللاسعات: التركيب والأطوار والتكاثر والأهمية,BIO26-M07,أسس المملكة الحيوانية والإسفنجيات واللاسعات,BIO26-S07-03,اللاسعات: التركيب والأطوار والتكاثر والأهمية,تجميعات الأحياء 2026 — مفتاح الإجابة في PDF p.33,D,3,NOT_STARTED,,NOT_RUN,PRE_CROP_RANGE_FROZEN_V1
6,BIO26-L06,أحياء 1,مدخل إلى الحيوانات,33,33,32,1,21,TAH-BIO-BIO26-L06-Q021,BIO26-PDF033-L06-S1-Q021,اللاسعات: التركيب والأطوار والتكاثر والأهمية,BIO26-M07,أسس المملكة الحيوانية والإسفنجيات واللاسعات,BIO26-S07-03,اللاسعات: التركيب والأطوار والتكاثر والأهمية,تجميعات الأحياء 2026 — مفتاح الإجابة في PDF p.33,A,0,NOT_STARTED,,NOT_RUN,PRE_CROP_RANGE_FROZEN_V1
6,BIO26-L06,أحياء 1,مدخل إلى الحيوانات,33,33,32,1,22,TAH-BIO-BIO26-L06-Q022,BIO26-PDF033-L06-S1-Q022,اللاسعات: التركيب والأطوار والتكاثر والأهمية,BIO26-M07,أسس المملكة الحيوانية والإسفنجيات واللاسعات,BIO26-S07-03,اللاسعات: التركيب والأطوار والتكاثر والأهمية,تجميعات الأحياء 2026 — مفتاح الإجابة في PDF p.33,C,2,NOT_STARTED,,NOT_RUN,PRE_CROP_RANGE_FROZEN_V1
6,BIO26-L06,أحياء 1,مدخل إلى الحيوانات,33,33,32,1,23,TAH-BIO-BIO26-L06-Q023,BIO26-PDF033-L06-S1-Q023,اللاسعات: التركيب والأطوار والتكاثر والأهمية,BIO26-M07,أسس المملكة الحيوانية والإسفنجيات واللاسعات,BIO26-S07-03,اللاسعات: التركيب والأطوار والتكاثر والأهمية,تجميعات الأحياء 2026 — مفتاح الإجابة في PDF p.33,C,2,NOT_STARTED,,NOT_RUN,PRE_CROP_RANGE_FROZEN_V1
6,BIO26-L06,أحياء 1,مدخل إلى الحيوانات,33,33,32,1,24,TAH-BIO-BIO26-L06-Q024,BIO26-PDF033-L06-S1-Q024,اللاسعات: التركيب والأطوار والتكاثر والأهمية,BIO26-M07,أسس المملكة الحيوانية والإسفنجيات واللاسعات,BIO26-S07-03,اللاسعات: التركيب والأطوار والتكاثر والأهمية,تجميعات الأحياء 2026 — مفتاح الإجابة في PDF p.33,B,1,NOT_STARTED,,NOT_RUN,PRE_CROP_RANGE_FROZEN_V1
6,BIO26-L06,أحياء 1,مدخل إلى الحيوانات,33,33,32,1,25,TAH-BIO-BIO26-L06-Q025,BIO26-PDF033-L06-S1-Q025,اللاسعات: التركيب والأطوار والتكاثر والأهمية,BIO26-M07,أسس المملكة الحيوانية والإسفنجيات واللاسعات,BIO26-S07-03,اللاسعات: التركيب والأطوار والتكاثر والأهمية,تجميعات الأحياء 2026 — مفتاح الإجابة في PDF p.33,C,2,NOT_STARTED,,NOT_RUN,PRE_CROP_RANGE_FROZEN_V1
6,BIO26-L06,أحياء 1,مدخل إلى الحيوانات,33,33,32,1,26,TAH-BIO-BIO26-L06-Q026,BIO26-PDF033-L06-S1-Q026,اللاسعات: التركيب والأطوار والتكاثر والأهمية,BIO26-M07,أسس المملكة الحيوانية والإسفنجيات واللاسعات,BIO26-S07-03,اللاسعات: التركيب والأطوار والتكاثر والأهمية,تجميعات الأحياء 2026 — مفتاح الإجابة في PDF p.33,A,0,NOT_STARTED,,NOT_RUN,PRE_CROP_RANGE_FROZEN_V1
6,BIO26-L06,أحياء 1,مدخل إلى الحيوانات,33,33,32,1,27,TAH-BIO-BIO26-L06-Q027,BIO26-PDF033-L06-S1-Q027,اللاسعات: التركيب والأطوار والتكاثر والأهمية,BIO26-M07,أسس المملكة الحيوانية والإسفنجيات واللاسعات,BIO26-S07-03,اللاسعات: التركيب والأطوار والتكاثر والأهمية,تجميعات الأحياء 2026 — مفتاح الإجابة في PDF p.33,D,3,NOT_STARTED,,NOT_RUN,PRE_CROP_RANGE_FROZEN_V1
6,BIO26-L06,أحياء 1,مدخل إلى الحيوانات,34,34,33,1,28,TAH-BIO-BIO26-L06-Q028,BIO26-PDF034-L06-S1-Q028,اللاسعات: التركيب والأطوار والتكاثر والأهمية,BIO26-M07,أسس المملكة الحيوانية والإسفنجيات واللاسعات,BIO26-S07-03,اللاسعات: التركيب والأطوار والتكاثر والأهمية,تجميعات الأحياء 2026 — مفتاح الإجابة في PDF p.34,B,1,NOT_STARTED,,NOT_RUN,PRE_CROP_RANGE_FROZEN_V1
6,BIO26-L06,أحياء 1,مدخل إلى الحيوانات,34,34,33,1,29,TAH-BIO-BIO26-L06-Q029,BIO26-PDF034-L06-S1-Q029,اللاسعات: التركيب والأطوار والتكاثر والأهمية,BIO26-M07,أسس المملكة الحيوانية والإسفنجيات واللاسعات,BIO26-S07-03,اللاسعات: التركيب والأطوار والتكاثر والأهمية,تجميعات الأحياء 2026 — مفتاح الإجابة في PDF p.34,B,1,NOT_STARTED,,NOT_RUN,PRE_CROP_RANGE_FROZEN_V1
6,BIO26-L06,أحياء 1,مدخل إلى الحيوانات,34,34,33,1,30,TAH-BIO-BIO26-L06-Q030,BIO26-PDF034-L06-S1-Q030,اللاسعات: التركيب والأطوار والتكاثر والأهمية,BIO26-M07,أسس المملكة الحيوانية والإسفنجيات واللاسعات,BIO26-S07-03,اللاسعات: التركيب والأطوار والتكاثر والأهمية,تجميعات الأحياء 2026 — مفتاح الإجابة في PDF p.34,A,0,NOT_STARTED,,NOT_RUN,PRE_CROP_RANGE_FROZEN_V1
6,BIO26-L06,أحياء 1,مدخل إلى الحيوانات,34,34,33,1,31,TAH-BIO-BIO26-L06-Q031,BIO26-PDF034-L06-S1-Q031,اللاسعات: التركيب والأطوار والتكاثر والأهمية,BIO26-M07,أسس المملكة الحيوانية والإسفنجيات واللاسعات,BIO26-S07-03,اللاسعات: التركيب والأطوار والتكاثر والأهمية,تجميعات الأحياء 2026 — مفتاح الإجابة في PDF p.34,C,2,NOT_STARTED,,NOT_RUN,PRE_CROP_RANGE_FROZEN_V1
6,BIO26-L06,أحياء 1,مدخل إلى الحيوانات,34,34,33,1,32,TAH-BIO-BIO26-L06-Q032,BIO26-PDF034-L06-S1-Q032,اللاسعات: التركيب والأطوار والتكاثر والأهمية,BIO26-M07,أسس المملكة الحيوانية والإسفنجيات واللاسعات,BIO26-S07-03,اللاسعات: التركيب والأطوار والتكاثر والأهمية,تجميعات الأحياء 2026 — مفتاح الإجابة في PDF p.34,A,0,NOT_STARTED,,NOT_RUN,PRE_CROP_RANGE_FROZEN_V1
6,BIO26-L06,أحياء 1,مدخل إلى الحيوانات,34,34,33,1,33,TAH-BIO-BIO26-L06-Q033,BIO26-PDF034-L06-S1-Q033,اللاسعات: التركيب والأطوار والتكاثر والأهمية,BIO26-M07,أسس المملكة الحيوانية والإسفنجيات واللاسعات,BIO26-S07-03,اللاسعات: التركيب والأطوار والتكاثر والأهمية,تجميعات الأحياء 2026 — مفتاح الإجابة في PDF p.34,A,0,NOT_STARTED,,NOT_RUN,PRE_CROP_RANGE_FROZEN_V1
6,BIO26-L06,أحياء 1,مدخل إلى الحيوانات,34,34,33,1,34,TAH-BIO-BIO26-L06-Q034,BIO26-PDF034-L06-S1-Q034,اللاسعات: التركيب والأطوار والتكاثر والأهمية,BIO26-M07,أسس المملكة الحيوانية والإسفنجيات واللاسعات,BIO26-S07-03,اللاسعات: التركيب والأطوار والتكاثر والأهمية,تجميعات الأحياء 2026 — مفتاح الإجابة في PDF p.34,A,0,NOT_STARTED,,NOT_RUN,PRE_CROP_RANGE_FROZEN_V1
6,BIO26-L06,أحياء 1,مدخل إلى الحيوانات,34,34,33,1,35,TAH-BIO-BIO26-L06-Q035,BIO26-PDF034-L06-S1-Q035,اللاسعات: التركيب والأطوار والتكاثر والأهمية,BIO26-M07,أسس المملكة الحيوانية والإسفنجيات واللاسعات,BIO26-S07-03,اللاسعات: التركيب والأطوار والتكاثر والأهمية,تجميعات الأحياء 2026 — مفتاح الإجابة في PDF p.34,A,0,NOT_STARTED,,NOT_RUN,PRE_CROP_RANGE_FROZEN_V1
6,BIO26-L06,أحياء 1,مدخل إلى الحيوانات,34,34,33,1,36,TAH-BIO-BIO26-L06-Q036,BIO26-PDF034-L06-S1-Q036,اللاسعات: التركيب والأطوار والتكاثر والأهمية,BIO26-M07,أسس المملكة الحيوانية والإسفنجيات واللاسعات,BIO26-S07-03,اللاسعات: التركيب والأطوار والتكاثر والأهمية,تجميعات الأحياء 2026 — مفتاح الإجابة في PDF p.34,A,0,NOT_STARTED,,NOT_RUN,PRE_CROP_RANGE_FROZEN_V1
6,BIO26-L06,أحياء 1,مدخل إلى الحيوانات,35,35,34,1,37,TAH-BIO-BIO26-L06-Q037,BIO26-PDF035-L06-S1-Q037,اللاسعات: التركيب والأطوار والتكاثر والأهمية,BIO26-M07,أسس المملكة الحيوانية والإسفنجيات واللاسعات,BIO26-S07-03,اللاسعات: التركيب والأطوار والتكاثر والأهمية,تجميعات الأحياء 2026 — مفتاح الإجابة في PDF p.35,B,1,NOT_STARTED,,NOT_RUN,PRE_CROP_RANGE_FROZEN_V1
6,BIO26-L06,أحياء 1,مدخل إلى الحيوانات,35,35,34,1,38,TAH-BIO-BIO26-L06-Q038,BIO26-PDF035-L06-S1-Q038,اللاسعات: التركيب والأطوار والتكاثر والأهمية,BIO26-M07,أسس المملكة الحيوانية والإسفنجيات واللاسعات,BIO26-S07-03,اللاسعات: التركيب والأطوار والتكاثر والأهمية,تجميعات الأحياء 2026 — مفتاح الإجابة في PDF p.35,A,0,NOT_STARTED,,NOT_RUN,PRE_CROP_RANGE_FROZEN_V1
6,BIO26-L06,أحياء 1,مدخل إلى الحيوانات,36,36,35,2,39,TAH-BIO-BIO26-L06-Q039,BIO26-PDF036-L06-S2-Q039,خصائص الحيوانات والتناظر والتجاويف والنمو الجنيني,BIO26-M07,أسس المملكة الحيوانية والإسفنجيات واللاسعات,BIO26-S07-01,خصائص الحيوانات والتناظر والتجاويف والنمو الجنيني,تجميعات الأحياء 2026 — مفتاح الإجابة في PDF p.36,A,0,NOT_STARTED,,NOT_RUN,PRE_CROP_RANGE_FROZEN_V1
6,BIO26-L06,أحياء 1,مدخل إلى الحيوانات,36,36,35,2,40,TAH-BIO-BIO26-L06-Q040,BIO26-PDF036-L06-S2-Q040,خصائص الحيوانات والتناظر والتجاويف والنمو الجنيني,BIO26-M07,أسس المملكة الحيوانية والإسفنجيات واللاسعات,BIO26-S07-01,خصائص الحيوانات والتناظر والتجاويف والنمو الجنيني,تجميعات الأحياء 2026 — مفتاح الإجابة في PDF p.36,B,1,NOT_STARTED,,NOT_RUN,PRE_CROP_RANGE_FROZEN_V1
6,BIO26-L06,أحياء 1,مدخل إلى الحيوانات,36,36,35,2,41,TAH-BIO-BIO26-L06-Q041,BIO26-PDF036-L06-S2-Q041,خصائص الحيوانات والتناظر والتجاويف والنمو الجنيني,BIO26-M07,أسس المملكة الحيوانية والإسفنجيات واللاسعات,BIO26-S07-01,خصائص الحيوانات والتناظر والتجاويف والنمو الجنيني,تجميعات الأحياء 2026 — مفتاح الإجابة في PDF p.36,B,1,NOT_STARTED,,NOT_RUN,PRE_CROP_RANGE_FROZEN_V1
6,BIO26-L06,أحياء 1,مدخل إلى الحيوانات,36,36,35,2,42,TAH-BIO-BIO26-L06-Q042,BIO26-PDF036-L06-S2-Q042,خصائص الحيوانات والتناظر والتجاويف والنمو الجنيني,BIO26-M07,أسس المملكة الحيوانية والإسفنجيات واللاسعات,BIO26-S07-01,خصائص الحيوانات والتناظر والتجاويف والنمو الجنيني,تجميعات الأحياء 2026 — مفتاح الإجابة في PDF p.36,C,2,NOT_STARTED,,NOT_RUN,PRE_CROP_RANGE_FROZEN_V1
6,BIO26-L06,أحياء 1,مدخل إلى الحيوانات,36,36,35,2,43,TAH-BIO-BIO26-L06-Q043,BIO26-PDF036-L06-S2-Q043,خصائص الحيوانات والتناظر والتجاويف والنمو الجنيني,BIO26-M07,أسس المملكة الحيوانية والإسفنجيات واللاسعات,BIO26-S07-01,خصائص الحيوانات والتناظر والتجاويف والنمو الجنيني,تجميعات الأحياء 2026 — مفتاح الإجابة في PDF p.36,D,3,NOT_STARTED,,NOT_RUN,PRE_CROP_RANGE_FROZEN_V1
6,BIO26-L06,أحياء 1,مدخل إلى الحيوانات,36,36,35,2,44,TAH-BIO-BIO26-L06-Q044,BIO26-PDF036-L06-S2-Q044,خصائص الحيوانات والتناظر والتجاويف والنمو الجنيني,BIO26-M07,أسس المملكة الحيوانية والإسفنجيات واللاسعات,BIO26-S07-01,خصائص الحيوانات والتناظر والتجاويف والنمو الجنيني,تجميعات الأحياء 2026 — مفتاح الإجابة في PDF p.36,B,1,NOT_STARTED,,NOT_RUN,PRE_CROP_RANGE_FROZEN_V1
6,BIO26-L06,أحياء 1,مدخل إلى الحيوانات,36,36,35,2,45,TAH-BIO-BIO26-L06-Q045,BIO26-PDF036-L06-S2-Q045,خصائص الحيوانات والتناظر والتجاويف والنمو الجنيني,BIO26-M07,أسس المملكة الحيوانية والإسفنجيات واللاسعات,BIO26-S07-01,خصائص الحيوانات والتناظر والتجاويف والنمو الجنيني,تجميعات الأحياء 2026 — مفتاح الإجابة في PDF p.36,B,1,NOT_STARTED,,NOT_RUN,PRE_CROP_RANGE_FROZEN_V1
6,BIO26-L06,أحياء 1,مدخل إلى الحيوانات,36,36,35,2,46,TAH-BIO-BIO26-L06-Q046,BIO26-PDF036-L06-S2-Q046,خصائص الحيوانات والتناظر والتجاويف والنمو الجنيني,BIO26-M07,أسس المملكة الحيوانية والإسفنجيات واللاسعات,BIO26-S07-01,خصائص الحيوانات والتناظر والتجاويف والنمو الجنيني,تجميعات الأحياء 2026 — مفتاح الإجابة في PDF p.36,B,1,NOT_STARTED,,NOT_RUN,PRE_CROP_RANGE_FROZEN_V1
6,BIO26-L06,أحياء 1,مدخل إلى الحيوانات,36,36,35,2,47,TAH-BIO-BIO26-L06-Q047,BIO26-PDF036-L06-S2-Q047,خصائص الحيوانات والتناظر والتجاويف والنمو الجنيني,BIO26-M07,أسس المملكة الحيوانية والإسفنجيات واللاسعات,BIO26-S07-01,خصائص الحيوانات والتناظر والتجاويف والنمو الجنيني,تجميعات الأحياء 2026 — مفتاح الإجابة في PDF p.36,B,1,NOT_STARTED,,NOT_RUN,PRE_CROP_RANGE_FROZEN_V1
6,BIO26-L06,أحياء 1,مدخل إلى الحيوانات,36,36,35,2,48,TAH-BIO-BIO26-L06-Q048,BIO26-PDF036-L06-S2-Q048,خصائص الحيوانات والتناظر والتجاويف والنمو الجنيني,BIO26-M07,أسس المملكة الحيوانية والإسفنجيات واللاسعات,BIO26-S07-01,خصائص الحيوانات والتناظر والتجاويف والنمو الجنيني,تجميعات الأحياء 2026 — مفتاح الإجابة في PDF p.36,A,0,NOT_STARTED,,NOT_RUN,PRE_CROP_RANGE_FROZEN_V1
6,BIO26-L06,أحياء 1,مدخل إلى الحيوانات,36,36,35,2,49,TAH-BIO-BIO26-L06-Q049,BIO26-PDF036-L06-S2-Q049,خصائص الحيوانات والتناظر والتجاويف والنمو الجنيني,BIO26-M07,أسس المملكة الحيوانية والإسفنجيات واللاسعات,BIO26-S07-01,خصائص الحيوانات والتناظر والتجاويف والنمو الجنيني,تجميعات الأحياء 2026 — مفتاح الإجابة في PDF p.36,C,2,NOT_STARTED,,NOT_RUN,PRE_CROP_RANGE_FROZEN_V1
6,BIO26-L06,أحياء 1,مدخل إلى الحيوانات,36,36,35,2,50,TAH-BIO-BIO26-L06-Q050,BIO26-PDF036-L06-S2-Q050,خصائص الحيوانات والتناظر والتجاويف والنمو الجنيني,BIO26-M07,أسس المملكة الحيوانية والإسفنجيات واللاسعات,BIO26-S07-01,خصائص الحيوانات والتناظر والتجاويف والنمو الجنيني,تجميعات الأحياء 2026 — مفتاح الإجابة في PDF p.36,C,2,NOT_STARTED,,NOT_RUN,PRE_CROP_RANGE_FROZEN_V1
6,BIO26-L06,أحياء 1,مدخل إلى الحيوانات,36,36,35,2,51,TAH-BIO-BIO26-L06-Q051,BIO26-PDF036-L06-S2-Q051,خصائص الحيوانات والتناظر والتجاويف والنمو الجنيني,BIO26-M07,أسس المملكة الحيوانية والإسفنجيات واللاسعات,BIO26-S07-01,خصائص الحيوانات والتناظر والتجاويف والنمو الجنيني,تجميعات الأحياء 2026 — مفتاح الإجابة في PDF p.36,B,1,NOT_STARTED,,NOT_RUN,PRE_CROP_RANGE_FROZEN_V1
6,BIO26-L06,أحياء 1,مدخل إلى الحيوانات,36,36,35,2,52,TAH-BIO-BIO26-L06-Q052,BIO26-PDF036-L06-S2-Q052,خصائص الحيوانات والتناظر والتجاويف والنمو الجنيني,BIO26-M07,أسس المملكة الحيوانية والإسفنجيات واللاسعات,BIO26-S07-01,خصائص الحيوانات والتناظر والتجاويف والنمو الجنيني,تجميعات الأحياء 2026 — مفتاح الإجابة في PDF p.36,A,0,NOT_STARTED,,NOT_RUN,PRE_CROP_RANGE_FROZEN_V1
6,BIO26-L06,أحياء 1,مدخل إلى الحيوانات,36,36,35,2,53,TAH-BIO-BIO26-L06-Q053,BIO26-PDF036-L06-S2-Q053,خصائص الحيوانات والتناظر والتجاويف والنمو الجنيني,BIO26-M07,أسس المملكة الحيوانية والإسفنجيات واللاسعات,BIO26-S07-01,خصائص الحيوانات والتناظر والتجاويف والنمو الجنيني,تجميعات الأحياء 2026 — مفتاح الإجابة في PDF p.36,C,2,NOT_STARTED,,NOT_RUN,PRE_CROP_RANGE_FROZEN_V1
6,BIO26-L06,أحياء 1,مدخل إلى الحيوانات,36,36,35,2,54,TAH-BIO-BIO26-L06-Q054,BIO26-PDF036-L06-S2-Q054,خصائص الحيوانات والتناظر والتجاويف والنمو الجنيني,BIO26-M07,أسس المملكة الحيوانية والإسفنجيات واللاسعات,BIO26-S07-01,خصائص الحيوانات والتناظر والتجاويف والنمو الجنيني,تجميعات الأحياء 2026 — مفتاح الإجابة في PDF p.36,A,0,NOT_STARTED,,NOT_RUN,PRE_CROP_RANGE_FROZEN_V1
6,BIO26-L06,أحياء 1,مدخل إلى الحيوانات,36,36,35,2,55,TAH-BIO-BIO26-L06-Q055,BIO26-PDF036-L06-S2-Q055,خصائص الحيوانات والتناظر والتجاويف والنمو الجنيني,BIO26-M07,أسس المملكة الحيوانية والإسفنجيات واللاسعات,BIO26-S07-01,خصائص الحيوانات والتناظر والتجاويف والنمو الجنيني,تجميعات الأحياء 2026 — مفتاح الإجابة في PDF p.36,A,0,NOT_STARTED,,NOT_RUN,PRE_CROP_RANGE_FROZEN_V1
6,BIO26-L06,أحياء 1,مدخل إلى الحيوانات,36,36,35,2,56,TAH-BIO-BIO26-L06-Q056,BIO26-PDF036-L06-S2-Q056,خصائص الحيوانات والتناظر والتجاويف والنمو الجنيني,BIO26-M07,أسس المملكة الحيوانية والإسفنجيات واللاسعات,BIO26-S07-01,خصائص الحيوانات والتناظر والتجاويف والنمو الجنيني,تجميعات الأحياء 2026 — مفتاح الإجابة في PDF p.36,D,3,NOT_STARTED,,NOT_RUN,PRE_CROP_RANGE_FROZEN_V1
6,BIO26-L06,أحياء 1,مدخل إلى الحيوانات,37,37,36,2,57,TAH-BIO-BIO26-L06-Q057,BIO26-PDF037-L06-S2-Q057,خصائص الحيوانات والتناظر والتجاويف والنمو الجنيني,BIO26-M07,أسس المملكة الحيوانية والإسفنجيات واللاسعات,BIO26-S07-01,خصائص الحيوانات والتناظر والتجاويف والنمو الجنيني,تجميعات الأحياء 2026 — مفتاح الإجابة في PDF p.37,A,0,NOT_STARTED,,NOT_RUN,PRE_CROP_RANGE_FROZEN_V1
6,BIO26-L06,أحياء 1,مدخل إلى الحيوانات,37,37,36,2,58,TAH-BIO-BIO26-L06-Q058,BIO26-PDF037-L06-S2-Q058,خصائص الحيوانات والتناظر والتجاويف والنمو الجنيني,BIO26-M07,أسس المملكة الحيوانية والإسفنجيات واللاسعات,BIO26-S07-01,خصائص الحيوانات والتناظر والتجاويف والنمو الجنيني,تجميعات الأحياء 2026 — مفتاح الإجابة في PDF p.37,B,1,NOT_STARTED,,NOT_RUN,PRE_CROP_RANGE_FROZEN_V1
6,BIO26-L06,أحياء 1,مدخل إلى الحيوانات,37,37,36,2,59,TAH-BIO-BIO26-L06-Q059,BIO26-PDF037-L06-S2-Q059,خصائص الحيوانات والتناظر والتجاويف والنمو الجنيني,BIO26-M07,أسس المملكة الحيوانية والإسفنجيات واللاسعات,BIO26-S07-01,خصائص الحيوانات والتناظر والتجاويف والنمو الجنيني,تجميعات الأحياء 2026 — مفتاح الإجابة في PDF p.37,C,2,NOT_STARTED,,NOT_RUN,PRE_CROP_RANGE_FROZEN_V1
6,BIO26-L06,أحياء 1,مدخل إلى الحيوانات,37,37,36,2,60,TAH-BIO-BIO26-L06-Q060,BIO26-PDF037-L06-S2-Q060,خصائص الحيوانات والتناظر والتجاويف والنمو الجنيني,BIO26-M07,أسس المملكة الحيوانية والإسفنجيات واللاسعات,BIO26-S07-01,خصائص الحيوانات والتناظر والتجاويف والنمو الجنيني,تجميعات الأحياء 2026 — مفتاح الإجابة في PDF p.37,B,1,NOT_STARTED,,NOT_RUN,PRE_CROP_RANGE_FROZEN_V1
6,BIO26-L06,أحياء 1,مدخل إلى الحيوانات,37,37,36,2,61,TAH-BIO-BIO26-L06-Q061,BIO26-PDF037-L06-S2-Q061,الإسفنجيات: التركيب والتغذية والتكاثر,BIO26-M07,أسس المملكة الحيوانية والإسفنجيات واللاسعات,BIO26-S07-02,الإسفنجيات: التركيب والتغذية والتكاثر,تجميعات الأحياء 2026 — مفتاح الإجابة في PDF p.37,C,2,NOT_STARTED,,NOT_RUN,PRE_CROP_RANGE_FROZEN_V1
6,BIO26-L06,أحياء 1,مدخل إلى الحيوانات,37,37,36,2,62,TAH-BIO-BIO26-L06-Q062,BIO26-PDF037-L06-S2-Q062,الإسفنجيات: التركيب والتغذية والتكاثر,BIO26-M07,أسس المملكة الحيوانية والإسفنجيات واللاسعات,BIO26-S07-02,الإسفنجيات: التركيب والتغذية والتكاثر,تجميعات الأحياء 2026 — مفتاح الإجابة في PDF p.37,D,3,NOT_STARTED,,NOT_RUN,PRE_CROP_RANGE_FROZEN_V1
6,BIO26-L06,أحياء 1,مدخل إلى الحيوانات,37,37,36,2,63,TAH-BIO-BIO26-L06-Q063,BIO26-PDF037-L06-S2-Q063,الإسفنجيات: التركيب والتغذية والتكاثر,BIO26-M07,أسس المملكة الحيوانية والإسفنجيات واللاسعات,BIO26-S07-02,الإسفنجيات: التركيب والتغذية والتكاثر,تجميعات الأحياء 2026 — مفتاح الإجابة في PDF p.37,D,3,NOT_STARTED,,NOT_RUN,PRE_CROP_RANGE_FROZEN_V1
6,BIO26-L06,أحياء 1,مدخل إلى الحيوانات,37,37,36,2,64,TAH-BIO-BIO26-L06-Q064,BIO26-PDF037-L06-S2-Q064,الإسفنجيات: التركيب والتغذية والتكاثر,BIO26-M07,أسس المملكة الحيوانية والإسفنجيات واللاسعات,BIO26-S07-02,الإسفنجيات: التركيب والتغذية والتكاثر,تجميعات الأحياء 2026 — مفتاح الإجابة في PDF p.37,C,2,NOT_STARTED,,NOT_RUN,PRE_CROP_RANGE_FROZEN_V1
6,BIO26-L06,أحياء 1,مدخل إلى الحيوانات,37,37,36,2,65,TAH-BIO-BIO26-L06-Q065,BIO26-PDF037-L06-S2-Q065,الإسفنجيات: التركيب والتغذية والتكاثر,BIO26-M07,أسس المملكة الحيوانية والإسفنجيات واللاسعات,BIO26-S07-02,الإسفنجيات: التركيب والتغذية والتكاثر,تجميعات الأحياء 2026 — مفتاح الإجابة في PDF p.37,B,1,NOT_STARTED,,NOT_RUN,PRE_CROP_RANGE_FROZEN_V1
6,BIO26-L06,أحياء 1,مدخل إلى الحيوانات,37,37,36,2,66,TAH-BIO-BIO26-L06-Q066,BIO26-PDF037-L06-S2-Q066,اللاسعات: التركيب والأطوار والتكاثر والأهمية,BIO26-M07,أسس المملكة الحيوانية والإسفنجيات واللاسعات,BIO26-S07-03,اللاسعات: التركيب والأطوار والتكاثر والأهمية,تجميعات الأحياء 2026 — مفتاح الإجابة في PDF p.37,C,2,NOT_STARTED,,NOT_RUN,PRE_CROP_RANGE_FROZEN_V1
6,BIO26-L06,أحياء 1,مدخل إلى الحيوانات,37,37,36,2,67,TAH-BIO-BIO26-L06-Q067,BIO26-PDF037-L06-S2-Q067,اللاسعات: التركيب والأطوار والتكاثر والأهمية,BIO26-M07,أسس المملكة الحيوانية والإسفنجيات واللاسعات,BIO26-S07-03,اللاسعات: التركيب والأطوار والتكاثر والأهمية,تجميعات الأحياء 2026 — مفتاح الإجابة في PDF p.37,B,1,NOT_STARTED,,NOT_RUN,PRE_CROP_RANGE_FROZEN_V1
6,BIO26-L06,أحياء 1,مدخل إلى الحيوانات,37,37,36,2,68,TAH-BIO-BIO26-L06-Q068,BIO26-PDF037-L06-S2-Q068,اللاسعات: التركيب والأطوار والتكاثر والأهمية,BIO26-M07,أسس المملكة الحيوانية والإسفنجيات واللاسعات,BIO26-S07-03,اللاسعات: التركيب والأطوار والتكاثر والأهمية,تجميعات الأحياء 2026 — مفتاح الإجابة في PDF p.37,B,1,NOT_STARTED,,NOT_RUN,PRE_CROP_RANGE_FROZEN_V1
6,BIO26-L06,أحياء 1,مدخل إلى الحيوانات,37,37,36,2,69,TAH-BIO-BIO26-L06-Q069,BIO26-PDF037-L06-S2-Q069,اللاسعات: التركيب والأطوار والتكاثر والأهمية,BIO26-M07,أسس المملكة الحيوانية والإسفنجيات واللاسعات,BIO26-S07-03,اللاسعات: التركيب والأطوار والتكاثر والأهمية,تجميعات الأحياء 2026 — مفتاح الإجابة في PDF p.37,B,1,NOT_STARTED,,NOT_RUN,PRE_CROP_RANGE_FROZEN_V1
6,BIO26-L06,أحياء 1,مدخل إلى الحيوانات,37,37,36,2,70,TAH-BIO-BIO26-L06-Q070,BIO26-PDF037-L06-S2-Q070,اللاسعات: التركيب والأطوار والتكاثر والأهمية,BIO26-M07,أسس المملكة الحيوانية والإسفنجيات واللاسعات,BIO26-S07-03,اللاسعات: التركيب والأطوار والتكاثر والأهمية,تجميعات الأحياء 2026 — مفتاح الإجابة في PDF p.37,C,2,NOT_STARTED,,NOT_RUN,PRE_CROP_RANGE_FROZEN_V1
6,BIO26-L06,أحياء 1,مدخل إلى الحيوانات,37,37,36,2,71,TAH-BIO-BIO26-L06-Q071,BIO26-PDF037-L06-S2-Q071,اللاسعات: التركيب والأطوار والتكاثر والأهمية,BIO26-M07,أسس المملكة الحيوانية والإسفنجيات واللاسعات,BIO26-S07-03,اللاسعات: التركيب والأطوار والتكاثر والأهمية,تجميعات الأحياء 2026 — مفتاح الإجابة في PDF p.37,A,0,NOT_STARTED,,NOT_RUN,PRE_CROP_RANGE_FROZEN_V1
6,BIO26-L06,أحياء 1,مدخل إلى الحيوانات,37,37,36,2,72,TAH-BIO-BIO26-L06-Q072,BIO26-PDF037-L06-S2-Q072,اللاسعات: التركيب والأطوار والتكاثر والأهمية,BIO26-M07,أسس المملكة الحيوانية والإسفنجيات واللاسعات,BIO26-S07-03,اللاسعات: التركيب والأطوار والتكاثر والأهمية,تجميعات الأحياء 2026 — مفتاح الإجابة في PDF p.37,D,3,NOT_STARTED,,NOT_RUN,PRE_CROP_RANGE_FROZEN_V1
6,BIO26-L06,أحياء 1,مدخل إلى الحيوانات,37,37,36,2,73,TAH-BIO-BIO26-L06-Q073,BIO26-PDF037-L06-S2-Q073,اللاسعات: التركيب والأطوار والتكاثر والأهمية,BIO26-M07,أسس المملكة الحيوانية والإسفنجيات واللاسعات,BIO26-S07-03,اللاسعات: التركيب والأطوار والتكاثر والأهمية,تجميعات الأحياء 2026 — مفتاح الإجابة في PDF p.37,D,3,NOT_STARTED,,NOT_RUN,PRE_CROP_RANGE_FROZEN_V1
6,BIO26-L06,أحياء 1,مدخل إلى الحيوانات,37,37,36,2,74,TAH-BIO-BIO26-L06-Q074,BIO26-PDF037-L06-S2-Q074,اللاسعات: التركيب والأطوار والتكاثر والأهمية,BIO26-M07,أسس المملكة الحيوانية والإسفنجيات واللاسعات,BIO26-S07-03,اللاسعات: التركيب والأطوار والتكاثر والأهمية,تجميعات الأحياء 2026 — مفتاح الإجابة في PDF p.37,C,2,NOT_STARTED,,NOT_RUN,PRE_CROP_RANGE_FROZEN_V1
7,BIO26-L07,أحياء 1,الديدان والرخويات,38,38,37,1,1,TAH-BIO-BIO26-L07-Q001,BIO26-PDF038-L07-S1-Q001,الديدان المفلطحة والأسطوانية والدوارات,BIO26-M08,الديدان والرخويات,BIO26-S08-01,الديدان المفلطحة والأسطوانية والدوارات,تجميعات الأحياء 2026 — مفتاح الإجابة في PDF p.38,B,1,NOT_STARTED,,NOT_RUN,PRE_CROP_RANGE_FROZEN_V1
7,BIO26-L07,أحياء 1,الديدان والرخويات,38,38,37,1,2,TAH-BIO-BIO26-L07-Q002,BIO26-PDF038-L07-S1-Q002,الديدان المفلطحة والأسطوانية والدوارات,BIO26-M08,الديدان والرخويات,BIO26-S08-01,الديدان المفلطحة والأسطوانية والدوارات,تجميعات الأحياء 2026 — مفتاح الإجابة في PDF p.38,B,1,NOT_STARTED,,NOT_RUN,PRE_CROP_RANGE_FROZEN_V1
7,BIO26-L07,أحياء 1,الديدان والرخويات,38,38,37,1,3,TAH-BIO-BIO26-L07-Q003,BIO26-PDF038-L07-S1-Q003,الديدان المفلطحة والأسطوانية والدوارات,BIO26-M08,الديدان والرخويات,BIO26-S08-01,الديدان المفلطحة والأسطوانية والدوارات,تجميعات الأحياء 2026 — مفتاح الإجابة في PDF p.38,A,0,NOT_STARTED,,NOT_RUN,PRE_CROP_RANGE_FROZEN_V1
7,BIO26-L07,أحياء 1,الديدان والرخويات,38,38,37,1,4,TAH-BIO-BIO26-L07-Q004,BIO26-PDF038-L07-S1-Q004,الديدان المفلطحة والأسطوانية والدوارات,BIO26-M08,الديدان والرخويات,BIO26-S08-01,الديدان المفلطحة والأسطوانية والدوارات,تجميعات الأحياء 2026 — مفتاح الإجابة في PDF p.38,D,3,NOT_STARTED,,NOT_RUN,PRE_CROP_RANGE_FROZEN_V1
7,BIO26-L07,أحياء 1,الديدان والرخويات,38,38,37,1,5,TAH-BIO-BIO26-L07-Q005,BIO26-PDF038-L07-S1-Q005,الديدان المفلطحة والأسطوانية والدوارات,BIO26-M08,الديدان والرخويات,BIO26-S08-01,الديدان المفلطحة والأسطوانية والدوارات,تجميعات الأحياء 2026 — مفتاح الإجابة في PDF p.38,B,1,NOT_STARTED,,NOT_RUN,PRE_CROP_RANGE_FROZEN_V1
7,BIO26-L07,أحياء 1,الديدان والرخويات,38,38,37,1,6,TAH-BIO-BIO26-L07-Q006,BIO26-PDF038-L07-S1-Q006,الديدان المفلطحة والأسطوانية والدوارات,BIO26-M08,الديدان والرخويات,BIO26-S08-01,الديدان المفلطحة والأسطوانية والدوارات,تجميعات الأحياء 2026 — مفتاح الإجابة في PDF p.38,C,2,NOT_STARTED,,NOT_RUN,PRE_CROP_RANGE_FROZEN_V1
7,BIO26-L07,أحياء 1,الديدان والرخويات,38,38,37,1,7,TAH-BIO-BIO26-L07-Q007,BIO26-PDF038-L07-S1-Q007,الديدان المفلطحة والأسطوانية والدوارات,BIO26-M08,الديدان والرخويات,BIO26-S08-01,الديدان المفلطحة والأسطوانية والدوارات,تجميعات الأحياء 2026 — مفتاح الإجابة في PDF p.38,B,1,NOT_STARTED,,NOT_RUN,PRE_CROP_RANGE_FROZEN_V1
7,BIO26-L07,أحياء 1,الديدان والرخويات,38,38,37,1,8,TAH-BIO-BIO26-L07-Q008,BIO26-PDF038-L07-S1-Q008,الديدان المفلطحة والأسطوانية والدوارات,BIO26-M08,الديدان والرخويات,BIO26-S08-01,الديدان المفلطحة والأسطوانية والدوارات,تجميعات الأحياء 2026 — مفتاح الإجابة في PDF p.38,A,0,NOT_STARTED,,NOT_RUN,PRE_CROP_RANGE_FROZEN_V1
7,BIO26-L07,أحياء 1,الديدان والرخويات,38,38,37,1,9,TAH-BIO-BIO26-L07-Q009,BIO26-PDF038-L07-S1-Q009,الديدان المفلطحة والأسطوانية والدوارات,BIO26-M08,الديدان والرخويات,BIO26-S08-01,الديدان المفلطحة والأسطوانية والدوارات,تجميعات الأحياء 2026 — مفتاح الإجابة في PDF p.38,C,2,NOT_STARTED,,NOT_RUN,PRE_CROP_RANGE_FROZEN_V1
7,BIO26-L07,أحياء 1,الديدان والرخويات,38,38,37,1,10,TAH-BIO-BIO26-L07-Q010,BIO26-PDF038-L07-S1-Q010,الديدان المفلطحة والأسطوانية والدوارات,BIO26-M08,الديدان والرخويات,BIO26-S08-01,الديدان المفلطحة والأسطوانية والدوارات,تجميعات الأحياء 2026 — مفتاح الإجابة في PDF p.38,C,2,NOT_STARTED,,NOT_RUN,PRE_CROP_RANGE_FROZEN_V1
7,BIO26-L07,أحياء 1,الديدان والرخويات,38,38,37,1,11,TAH-BIO-BIO26-L07-Q011,BIO26-PDF038-L07-S1-Q011,الديدان المفلطحة والأسطوانية والدوارات,BIO26-M08,الديدان والرخويات,BIO26-S08-01,الديدان المفلطحة والأسطوانية والدوارات,تجميعات الأحياء 2026 — مفتاح الإجابة في PDF p.38,A,0,NOT_STARTED,,NOT_RUN,PRE_CROP_RANGE_FROZEN_V1
7,BIO26-L07,أحياء 1,الديدان والرخويات,38,38,37,1,12,TAH-BIO-BIO26-L07-Q012,BIO26-PDF038-L07-S1-Q012,الديدان المفلطحة والأسطوانية والدوارات,BIO26-M08,الديدان والرخويات,BIO26-S08-01,الديدان المفلطحة والأسطوانية والدوارات,تجميعات الأحياء 2026 — مفتاح الإجابة في PDF p.38,D,3,NOT_STARTED,,NOT_RUN,PRE_CROP_RANGE_FROZEN_V1
7,BIO26-L07,أحياء 1,الديدان والرخويات,38,38,37,1,13,TAH-BIO-BIO26-L07-Q013,BIO26-PDF038-L07-S1-Q013,الديدان المفلطحة والأسطوانية والدوارات,BIO26-M08,الديدان والرخويات,BIO26-S08-01,الديدان المفلطحة والأسطوانية والدوارات,تجميعات الأحياء 2026 — مفتاح الإجابة في PDF p.38,A,0,NOT_STARTED,,NOT_RUN,PRE_CROP_RANGE_FROZEN_V1
7,BIO26-L07,أحياء 1,الديدان والرخويات,38,38,37,1,14,TAH-BIO-BIO26-L07-Q014,BIO26-PDF038-L07-S1-Q014,الديدان المفلطحة والأسطوانية والدوارات,BIO26-M08,الديدان والرخويات,BIO26-S08-01,الديدان المفلطحة والأسطوانية والدوارات,تجميعات الأحياء 2026 — مفتاح الإجابة في PDF p.38,C,2,NOT_STARTED,,NOT_RUN,PRE_CROP_RANGE_FROZEN_V1
7,BIO26-L07,أحياء 1,الديدان والرخويات,38,38,37,1,15,TAH-BIO-BIO26-L07-Q015,BIO26-PDF038-L07-S1-Q015,الديدان المفلطحة والأسطوانية والدوارات,BIO26-M08,الديدان والرخويات,BIO26-S08-01,الديدان المفلطحة والأسطوانية والدوارات,تجميعات الأحياء 2026 — مفتاح الإجابة في PDF p.38,A,0,NOT_STARTED,,NOT_RUN,PRE_CROP_RANGE_FROZEN_V1
7,BIO26-L07,أحياء 1,الديدان والرخويات,38,38,37,1,16,TAH-BIO-BIO26-L07-Q016,BIO26-PDF038-L07-S1-Q016,الديدان المفلطحة والأسطوانية والدوارات,BIO26-M08,الديدان والرخويات,BIO26-S08-01,الديدان المفلطحة والأسطوانية والدوارات,تجميعات الأحياء 2026 — مفتاح الإجابة في PDF p.38,C,2,NOT_STARTED,,NOT_RUN,PRE_CROP_RANGE_FROZEN_V1
7,BIO26-L07,أحياء 1,الديدان والرخويات,39,39,38,1,17,TAH-BIO-BIO26-L07-Q017,BIO26-PDF039-L07-S1-Q017,الديدان المفلطحة والأسطوانية والدوارات,BIO26-M08,الديدان والرخويات,BIO26-S08-01,الديدان المفلطحة والأسطوانية والدوارات,تجميعات الأحياء 2026 — مفتاح الإجابة في PDF p.39,D,3,NOT_STARTED,,NOT_RUN,PRE_CROP_RANGE_FROZEN_V1
7,BIO26-L07,أحياء 1,الديدان والرخويات,39,39,38,1,18,TAH-BIO-BIO26-L07-Q018,BIO26-PDF039-L07-S1-Q018,الديدان المفلطحة والأسطوانية والدوارات,BIO26-M08,الديدان والرخويات,BIO26-S08-01,الديدان المفلطحة والأسطوانية والدوارات,تجميعات الأحياء 2026 — مفتاح الإجابة في PDF p.39,C,2,NOT_STARTED,,NOT_RUN,PRE_CROP_RANGE_FROZEN_V1
7,BIO26-L07,أحياء 1,الديدان والرخويات,39,39,38,1,19,TAH-BIO-BIO26-L07-Q019,BIO26-PDF039-L07-S1-Q019,الديدان المفلطحة والأسطوانية والدوارات,BIO26-M08,الديدان والرخويات,BIO26-S08-01,الديدان المفلطحة والأسطوانية والدوارات,تجميعات الأحياء 2026 — مفتاح الإجابة في PDF p.39,A,0,NOT_STARTED,,NOT_RUN,PRE_CROP_RANGE_FROZEN_V1
7,BIO26-L07,أحياء 1,الديدان والرخويات,39,39,38,1,20,TAH-BIO-BIO26-L07-Q020,BIO26-PDF039-L07-S1-Q020,الديدان المفلطحة والأسطوانية والدوارات,BIO26-M08,الديدان والرخويات,BIO26-S08-01,الديدان المفلطحة والأسطوانية والدوارات,تجميعات الأحياء 2026 — مفتاح الإجابة في PDF p.39,C,2,NOT_STARTED,,NOT_RUN,PRE_CROP_RANGE_FROZEN_V1
7,BIO26-L07,أحياء 1,الديدان والرخويات,39,39,38,1,21,TAH-BIO-BIO26-L07-Q021,BIO26-PDF039-L07-S1-Q021,الديدان المفلطحة والأسطوانية والدوارات,BIO26-M08,الديدان والرخويات,BIO26-S08-01,الديدان المفلطحة والأسطوانية والدوارات,تجميعات الأحياء 2026 — مفتاح الإجابة في PDF p.39,A,0,NOT_STARTED,,NOT_RUN,PRE_CROP_RANGE_FROZEN_V1
7,BIO26-L07,أحياء 1,الديدان والرخويات,39,39,38,1,22,TAH-BIO-BIO26-L07-Q022,BIO26-PDF039-L07-S1-Q022,الديدان المفلطحة والأسطوانية والدوارات,BIO26-M08,الديدان والرخويات,BIO26-S08-01,الديدان المفلطحة والأسطوانية والدوارات,تجميعات الأحياء 2026 — مفتاح الإجابة في PDF p.39,B,1,NOT_STARTED,,NOT_RUN,PRE_CROP_RANGE_FROZEN_V1
7,BIO26-L07,أحياء 1,الديدان والرخويات,39,39,38,1,23,TAH-BIO-BIO26-L07-Q023,BIO26-PDF039-L07-S1-Q023,الديدان المفلطحة والأسطوانية والدوارات,BIO26-M08,الديدان والرخويات,BIO26-S08-01,الديدان المفلطحة والأسطوانية والدوارات,تجميعات الأحياء 2026 — مفتاح الإجابة في PDF p.39,B,1,NOT_STARTED,,NOT_RUN,PRE_CROP_RANGE_FROZEN_V1
7,BIO26-L07,أحياء 1,الديدان والرخويات,39,39,38,1,24,TAH-BIO-BIO26-L07-Q024,BIO26-PDF039-L07-S1-Q024,الديدان المفلطحة والأسطوانية والدوارات,BIO26-M08,الديدان والرخويات,BIO26-S08-01,الديدان المفلطحة والأسطوانية والدوارات,تجميعات الأحياء 2026 — مفتاح الإجابة في PDF p.39,C,2,NOT_STARTED,,NOT_RUN,PRE_CROP_RANGE_FROZEN_V1
7,BIO26-L07,أحياء 1,الديدان والرخويات,39,39,38,1,25,TAH-BIO-BIO26-L07-Q025,BIO26-PDF039-L07-S1-Q025,الديدان الحلقية: التركيب والتنوع والوظائف,BIO26-M08,الديدان والرخويات,BIO26-S08-03,الديدان الحلقية: التركيب والتنوع والوظائف,تجميعات الأحياء 2026 — مفتاح الإجابة في PDF p.39,D,3,NOT_STARTED,,NOT_RUN,PRE_CROP_RANGE_FROZEN_V1
7,BIO26-L07,أحياء 1,الديدان والرخويات,39,39,38,1,26,TAH-BIO-BIO26-L07-Q026,BIO26-PDF039-L07-S1-Q026,الديدان الحلقية: التركيب والتنوع والوظائف,BIO26-M08,الديدان والرخويات,BIO26-S08-03,الديدان الحلقية: التركيب والتنوع والوظائف,تجميعات الأحياء 2026 — مفتاح الإجابة في PDF p.39,A,0,NOT_STARTED,,NOT_RUN,PRE_CROP_RANGE_FROZEN_V1
7,BIO26-L07,أحياء 1,الديدان والرخويات,39,39,38,1,27,TAH-BIO-BIO26-L07-Q027,BIO26-PDF039-L07-S1-Q027,الديدان الحلقية: التركيب والتنوع والوظائف,BIO26-M08,الديدان والرخويات,BIO26-S08-03,الديدان الحلقية: التركيب والتنوع والوظائف,تجميعات الأحياء 2026 — مفتاح الإجابة في PDF p.39,B,1,NOT_STARTED,,NOT_RUN,PRE_CROP_RANGE_FROZEN_V1
7,BIO26-L07,أحياء 1,الديدان والرخويات,39,39,38,1,28,TAH-BIO-BIO26-L07-Q028,BIO26-PDF039-L07-S1-Q028,الديدان الحلقية: التركيب والتنوع والوظائف,BIO26-M08,الديدان والرخويات,BIO26-S08-03,الديدان الحلقية: التركيب والتنوع والوظائف,تجميعات الأحياء 2026 — مفتاح الإجابة في PDF p.39,A,0,NOT_STARTED,,NOT_RUN,PRE_CROP_RANGE_FROZEN_V1
7,BIO26-L07,أحياء 1,الديدان والرخويات,39,39,38,1,29,TAH-BIO-BIO26-L07-Q029,BIO26-PDF039-L07-S1-Q029,الديدان الحلقية: التركيب والتنوع والوظائف,BIO26-M08,الديدان والرخويات,BIO26-S08-03,الديدان الحلقية: التركيب والتنوع والوظائف,تجميعات الأحياء 2026 — مفتاح الإجابة في PDF p.39,D,3,NOT_STARTED,,NOT_RUN,PRE_CROP_RANGE_FROZEN_V1
7,BIO26-L07,أحياء 1,الديدان والرخويات,39,39,38,1,30,TAH-BIO-BIO26-L07-Q030,BIO26-PDF039-L07-S1-Q030,الديدان الحلقية: التركيب والتنوع والوظائف,BIO26-M08,الديدان والرخويات,BIO26-S08-03,الديدان الحلقية: التركيب والتنوع والوظائف,تجميعات الأحياء 2026 — مفتاح الإجابة في PDF p.39,B,1,NOT_STARTED,,NOT_RUN,PRE_CROP_RANGE_FROZEN_V1
7,BIO26-L07,أحياء 1,الديدان والرخويات,39,39,38,1,31,TAH-BIO-BIO26-L07-Q031,BIO26-PDF039-L07-S1-Q031,الديدان الحلقية: التركيب والتنوع والوظائف,BIO26-M08,الديدان والرخويات,BIO26-S08-03,الديدان الحلقية: التركيب والتنوع والوظائف,تجميعات الأحياء 2026 — مفتاح الإجابة في PDF p.39,B,1,NOT_STARTED,,NOT_RUN,PRE_CROP_RANGE_FROZEN_V1
7,BIO26-L07,أحياء 1,الديدان والرخويات,40,40,39,1,32,TAH-BIO-BIO26-L07-Q032,BIO26-PDF040-L07-S1-Q032,الرخويات: التركيب والتنوع والوظائف,BIO26-M08,الديدان والرخويات,BIO26-S08-02,الرخويات: التركيب والتنوع والوظائف,تجميعات الأحياء 2026 — مفتاح الإجابة في PDF p.40,A,0,NOT_STARTED,,NOT_RUN,PRE_CROP_RANGE_FROZEN_V1
7,BIO26-L07,أحياء 1,الديدان والرخويات,40,40,39,1,33,TAH-BIO-BIO26-L07-Q033,BIO26-PDF040-L07-S1-Q033,الرخويات: التركيب والتنوع والوظائف,BIO26-M08,الديدان والرخويات,BIO26-S08-02,الرخويات: التركيب والتنوع والوظائف,تجميعات الأحياء 2026 — مفتاح الإجابة في PDF p.40,C,2,NOT_STARTED,,NOT_RUN,PRE_CROP_RANGE_FROZEN_V1
7,BIO26-L07,أحياء 1,الديدان والرخويات,40,40,39,1,34,TAH-BIO-BIO26-L07-Q034,BIO26-PDF040-L07-S1-Q034,الرخويات: التركيب والتنوع والوظائف,BIO26-M08,الديدان والرخويات,BIO26-S08-02,الرخويات: التركيب والتنوع والوظائف,تجميعات الأحياء 2026 — مفتاح الإجابة في PDF p.40,B,1,NOT_STARTED,,NOT_RUN,PRE_CROP_RANGE_FROZEN_V1
7,BIO26-L07,أحياء 1,الديدان والرخويات,40,40,39,1,35,TAH-BIO-BIO26-L07-Q035,BIO26-PDF040-L07-S1-Q035,الرخويات: التركيب والتنوع والوظائف,BIO26-M08,الديدان والرخويات,BIO26-S08-02,الرخويات: التركيب والتنوع والوظائف,تجميعات الأحياء 2026 — مفتاح الإجابة في PDF p.40,D,3,NOT_STARTED,,NOT_RUN,PRE_CROP_RANGE_FROZEN_V1
7,BIO26-L07,أحياء 1,الديدان والرخويات,40,40,39,1,36,TAH-BIO-BIO26-L07-Q036,BIO26-PDF040-L07-S1-Q036,الرخويات: التركيب والتنوع والوظائف,BIO26-M08,الديدان والرخويات,BIO26-S08-02,الرخويات: التركيب والتنوع والوظائف,تجميعات الأحياء 2026 — مفتاح الإجابة في PDF p.40,C,2,NOT_STARTED,,NOT_RUN,PRE_CROP_RANGE_FROZEN_V1
7,BIO26-L07,أحياء 1,الديدان والرخويات,40,40,39,1,37,TAH-BIO-BIO26-L07-Q037,BIO26-PDF040-L07-S1-Q037,الرخويات: التركيب والتنوع والوظائف,BIO26-M08,الديدان والرخويات,BIO26-S08-02,الرخويات: التركيب والتنوع والوظائف,تجميعات الأحياء 2026 — مفتاح الإجابة في PDF p.40,B,1,NOT_STARTED,,NOT_RUN,PRE_CROP_RANGE_FROZEN_V1
7,BIO26-L07,أحياء 1,الديدان والرخويات,40,40,39,1,38,TAH-BIO-BIO26-L07-Q038,BIO26-PDF040-L07-S1-Q038,الرخويات: التركيب والتنوع والوظائف,BIO26-M08,الديدان والرخويات,BIO26-S08-02,الرخويات: التركيب والتنوع والوظائف,تجميعات الأحياء 2026 — مفتاح الإجابة في PDF p.40,C,2,NOT_STARTED,,NOT_RUN,PRE_CROP_RANGE_FROZEN_V1
7,BIO26-L07,أحياء 1,الديدان والرخويات,40,40,39,1,39,TAH-BIO-BIO26-L07-Q039,BIO26-PDF040-L07-S1-Q039,الرخويات: التركيب والتنوع والوظائف,BIO26-M08,الديدان والرخويات,BIO26-S08-02,الرخويات: التركيب والتنوع والوظائف,تجميعات الأحياء 2026 — مفتاح الإجابة في PDF p.40,A,0,NOT_STARTED,,NOT_RUN,PRE_CROP_RANGE_FROZEN_V1
7,BIO26-L07,أحياء 1,الديدان والرخويات,40,40,39,1,40,TAH-BIO-BIO26-L07-Q040,BIO26-PDF040-L07-S1-Q040,الرخويات: التركيب والتنوع والوظائف,BIO26-M08,الديدان والرخويات,BIO26-S08-02,الرخويات: التركيب والتنوع والوظائف,تجميعات الأحياء 2026 — مفتاح الإجابة في PDF p.40,B,1,NOT_STARTED,,NOT_RUN,PRE_CROP_RANGE_FROZEN_V1
7,BIO26-L07,أحياء 1,الديدان والرخويات,41,41,40,2,41,TAH-BIO-BIO26-L07-Q041,BIO26-PDF041-L07-S2-Q041,الرخويات: التركيب والتنوع والوظائف,BIO26-M08,الديدان والرخويات,BIO26-S08-02,الرخويات: التركيب والتنوع والوظائف,تجميعات الأحياء 2026 — مفتاح الإجابة في PDF p.41,C,2,NOT_STARTED,,NOT_RUN,PRE_CROP_RANGE_FROZEN_V1
7,BIO26-L07,أحياء 1,الديدان والرخويات,41,41,40,2,42,TAH-BIO-BIO26-L07-Q042,BIO26-PDF041-L07-S2-Q042,الرخويات: التركيب والتنوع والوظائف,BIO26-M08,الديدان والرخويات,BIO26-S08-02,الرخويات: التركيب والتنوع والوظائف,تجميعات الأحياء 2026 — مفتاح الإجابة في PDF p.41,A,0,NOT_STARTED,,NOT_RUN,PRE_CROP_RANGE_FROZEN_V1
7,BIO26-L07,أحياء 1,الديدان والرخويات,41,41,40,2,43,TAH-BIO-BIO26-L07-Q043,BIO26-PDF041-L07-S2-Q043,الرخويات: التركيب والتنوع والوظائف,BIO26-M08,الديدان والرخويات,BIO26-S08-02,الرخويات: التركيب والتنوع والوظائف,تجميعات الأحياء 2026 — مفتاح الإجابة في PDF p.41,A,0,NOT_STARTED,,NOT_RUN,PRE_CROP_RANGE_FROZEN_V1
7,BIO26-L07,أحياء 1,الديدان والرخويات,41,41,40,2,44,TAH-BIO-BIO26-L07-Q044,BIO26-PDF041-L07-S2-Q044,الرخويات: التركيب والتنوع والوظائف,BIO26-M08,الديدان والرخويات,BIO26-S08-02,الرخويات: التركيب والتنوع والوظائف,تجميعات الأحياء 2026 — مفتاح الإجابة في PDF p.41,D,3,NOT_STARTED,,NOT_RUN,PRE_CROP_RANGE_FROZEN_V1
7,BIO26-L07,أحياء 1,الديدان والرخويات,41,41,40,2,45,TAH-BIO-BIO26-L07-Q045,BIO26-PDF041-L07-S2-Q045,الرخويات: التركيب والتنوع والوظائف,BIO26-M08,الديدان والرخويات,BIO26-S08-02,الرخويات: التركيب والتنوع والوظائف,تجميعات الأحياء 2026 — مفتاح الإجابة في PDF p.41,D,3,NOT_STARTED,,NOT_RUN,PRE_CROP_RANGE_FROZEN_V1
7,BIO26-L07,أحياء 1,الديدان والرخويات,41,41,40,2,46,TAH-BIO-BIO26-L07-Q046,BIO26-PDF041-L07-S2-Q046,الرخويات: التركيب والتنوع والوظائف,BIO26-M08,الديدان والرخويات,BIO26-S08-02,الرخويات: التركيب والتنوع والوظائف,تجميعات الأحياء 2026 — مفتاح الإجابة في PDF p.41,B,1,NOT_STARTED,,NOT_RUN,PRE_CROP_RANGE_FROZEN_V1
7,BIO26-L07,أحياء 1,الديدان والرخويات,41,41,40,2,47,TAH-BIO-BIO26-L07-Q047,BIO26-PDF041-L07-S2-Q047,الرخويات: التركيب والتنوع والوظائف,BIO26-M08,الديدان والرخويات,BIO26-S08-02,الرخويات: التركيب والتنوع والوظائف,تجميعات الأحياء 2026 — مفتاح الإجابة في PDF p.41,A,0,NOT_STARTED,,NOT_RUN,PRE_CROP_RANGE_FROZEN_V1
7,BIO26-L07,أحياء 1,الديدان والرخويات,41,41,40,2,48,TAH-BIO-BIO26-L07-Q048,BIO26-PDF041-L07-S2-Q048,الرخويات: التركيب والتنوع والوظائف,BIO26-M08,الديدان والرخويات,BIO26-S08-02,الرخويات: التركيب والتنوع والوظائف,تجميعات الأحياء 2026 — مفتاح الإجابة في PDF p.41,B,1,NOT_STARTED,,NOT_RUN,PRE_CROP_RANGE_FROZEN_V1
7,BIO26-L07,أحياء 1,الديدان والرخويات,41,41,40,2,49,TAH-BIO-BIO26-L07-Q049,BIO26-PDF041-L07-S2-Q049,الرخويات: التركيب والتنوع والوظائف,BIO26-M08,الديدان والرخويات,BIO26-S08-02,الرخويات: التركيب والتنوع والوظائف,تجميعات الأحياء 2026 — مفتاح الإجابة في PDF p.41,C,2,NOT_STARTED,,NOT_RUN,PRE_CROP_RANGE_FROZEN_V1
7,BIO26-L07,أحياء 1,الديدان والرخويات,41,41,40,2,50,TAH-BIO-BIO26-L07-Q050,BIO26-PDF041-L07-S2-Q050,الرخويات: التركيب والتنوع والوظائف,BIO26-M08,الديدان والرخويات,BIO26-S08-02,الرخويات: التركيب والتنوع والوظائف,تجميعات الأحياء 2026 — مفتاح الإجابة في PDF p.41,A,0,NOT_STARTED,,NOT_RUN,PRE_CROP_RANGE_FROZEN_V1
7,BIO26-L07,أحياء 1,الديدان والرخويات,41,41,40,2,51,TAH-BIO-BIO26-L07-Q051,BIO26-PDF041-L07-S2-Q051,الرخويات: التركيب والتنوع والوظائف,BIO26-M08,الديدان والرخويات,BIO26-S08-02,الرخويات: التركيب والتنوع والوظائف,تجميعات الأحياء 2026 — مفتاح الإجابة في PDF p.41,D,3,NOT_STARTED,,NOT_RUN,PRE_CROP_RANGE_FROZEN_V1
7,BIO26-L07,أحياء 1,الديدان والرخويات,41,41,40,2,52,TAH-BIO-BIO26-L07-Q052,BIO26-PDF041-L07-S2-Q052,الرخويات: التركيب والتنوع والوظائف,BIO26-M08,الديدان والرخويات,BIO26-S08-02,الرخويات: التركيب والتنوع والوظائف,تجميعات الأحياء 2026 — مفتاح الإجابة في PDF p.41,C,2,NOT_STARTED,,NOT_RUN,PRE_CROP_RANGE_FROZEN_V1
7,BIO26-L07,أحياء 1,الديدان والرخويات,41,41,40,2,53,TAH-BIO-BIO26-L07-Q053,BIO26-PDF041-L07-S2-Q053,الرخويات: التركيب والتنوع والوظائف,BIO26-M08,الديدان والرخويات,BIO26-S08-02,الرخويات: التركيب والتنوع والوظائف,تجميعات الأحياء 2026 — مفتاح الإجابة في PDF p.41,A,0,NOT_STARTED,,NOT_RUN,PRE_CROP_RANGE_FROZEN_V1
7,BIO26-L07,أحياء 1,الديدان والرخويات,41,41,40,2,54,TAH-BIO-BIO26-L07-Q054,BIO26-PDF041-L07-S2-Q054,الرخويات: التركيب والتنوع والوظائف,BIO26-M08,الديدان والرخويات,BIO26-S08-02,الرخويات: التركيب والتنوع والوظائف,تجميعات الأحياء 2026 — مفتاح الإجابة في PDF p.41,C,2,NOT_STARTED,,NOT_RUN,PRE_CROP_RANGE_FROZEN_V1
7,BIO26-L07,أحياء 1,الديدان والرخويات,41,41,40,2,55,TAH-BIO-BIO26-L07-Q055,BIO26-PDF041-L07-S2-Q055,الرخويات: التركيب والتنوع والوظائف,BIO26-M08,الديدان والرخويات,BIO26-S08-02,الرخويات: التركيب والتنوع والوظائف,تجميعات الأحياء 2026 — مفتاح الإجابة في PDF p.41,D,3,NOT_STARTED,,NOT_RUN,PRE_CROP_RANGE_FROZEN_V1
7,BIO26-L07,أحياء 1,الديدان والرخويات,41,41,40,2,56,TAH-BIO-BIO26-L07-Q056,BIO26-PDF041-L07-S2-Q056,الرخويات: التركيب والتنوع والوظائف,BIO26-M08,الديدان والرخويات,BIO26-S08-02,الرخويات: التركيب والتنوع والوظائف,تجميعات الأحياء 2026 — مفتاح الإجابة في PDF p.41,A,0,NOT_STARTED,,NOT_RUN,PRE_CROP_RANGE_FROZEN_V1
7,BIO26-L07,أحياء 1,الديدان والرخويات,41,41,40,2,57,TAH-BIO-BIO26-L07-Q057,BIO26-PDF041-L07-S2-Q057,الرخويات: التركيب والتنوع والوظائف,BIO26-M08,الديدان والرخويات,BIO26-S08-02,الرخويات: التركيب والتنوع والوظائف,تجميعات الأحياء 2026 — مفتاح الإجابة في PDF p.41,D,3,NOT_STARTED,,NOT_RUN,PRE_CROP_RANGE_FROZEN_V1
7,BIO26-L07,أحياء 1,الديدان والرخويات,41,41,40,2,58,TAH-BIO-BIO26-L07-Q058,BIO26-PDF041-L07-S2-Q058,الرخويات: التركيب والتنوع والوظائف,BIO26-M08,الديدان والرخويات,BIO26-S08-02,الرخويات: التركيب والتنوع والوظائف,تجميعات الأحياء 2026 — مفتاح الإجابة في PDF p.41,B,1,NOT_STARTED,,NOT_RUN,PRE_CROP_RANGE_FROZEN_V1
7,BIO26-L07,أحياء 1,الديدان والرخويات,42,42,41,2,59,TAH-BIO-BIO26-L07-Q059,BIO26-PDF042-L07-S2-Q059,الديدان المفلطحة والأسطوانية والدوارات,BIO26-M08,الديدان والرخويات,BIO26-S08-01,الديدان المفلطحة والأسطوانية والدوارات,تجميعات الأحياء 2026 — مفتاح الإجابة في PDF p.42,B,1,NOT_STARTED,,NOT_RUN,PRE_CROP_RANGE_FROZEN_V1
7,BIO26-L07,أحياء 1,الديدان والرخويات,42,42,41,2,60,TAH-BIO-BIO26-L07-Q060,BIO26-PDF042-L07-S2-Q060,الديدان المفلطحة والأسطوانية والدوارات,BIO26-M08,الديدان والرخويات,BIO26-S08-01,الديدان المفلطحة والأسطوانية والدوارات,تجميعات الأحياء 2026 — مفتاح الإجابة في PDF p.42,A,0,NOT_STARTED,,NOT_RUN,PRE_CROP_RANGE_FROZEN_V1
7,BIO26-L07,أحياء 1,الديدان والرخويات,42,42,41,2,61,TAH-BIO-BIO26-L07-Q061,BIO26-PDF042-L07-S2-Q061,الديدان المفلطحة والأسطوانية والدوارات,BIO26-M08,الديدان والرخويات,BIO26-S08-01,الديدان المفلطحة والأسطوانية والدوارات,تجميعات الأحياء 2026 — مفتاح الإجابة في PDF p.42,A,0,NOT_STARTED,,NOT_RUN,PRE_CROP_RANGE_FROZEN_V1
7,BIO26-L07,أحياء 1,الديدان والرخويات,42,42,41,2,62,TAH-BIO-BIO26-L07-Q062,BIO26-PDF042-L07-S2-Q062,الديدان المفلطحة والأسطوانية والدوارات,BIO26-M08,الديدان والرخويات,BIO26-S08-01,الديدان المفلطحة والأسطوانية والدوارات,تجميعات الأحياء 2026 — مفتاح الإجابة في PDF p.42,D,3,NOT_STARTED,,NOT_RUN,PRE_CROP_RANGE_FROZEN_V1
7,BIO26-L07,أحياء 1,الديدان والرخويات,42,42,41,2,63,TAH-BIO-BIO26-L07-Q063,BIO26-PDF042-L07-S2-Q063,الديدان المفلطحة والأسطوانية والدوارات,BIO26-M08,الديدان والرخويات,BIO26-S08-01,الديدان المفلطحة والأسطوانية والدوارات,تجميعات الأحياء 2026 — مفتاح الإجابة في PDF p.42,A,0,NOT_STARTED,,NOT_RUN,PRE_CROP_RANGE_FROZEN_V1
7,BIO26-L07,أحياء 1,الديدان والرخويات,42,42,41,2,64,TAH-BIO-BIO26-L07-Q064,BIO26-PDF042-L07-S2-Q064,الديدان المفلطحة والأسطوانية والدوارات,BIO26-M08,الديدان والرخويات,BIO26-S08-01,الديدان المفلطحة والأسطوانية والدوارات,تجميعات الأحياء 2026 — مفتاح الإجابة في PDF p.42,B,1,NOT_STARTED,,NOT_RUN,PRE_CROP_RANGE_FROZEN_V1
7,BIO26-L07,أحياء 1,الديدان والرخويات,42,42,41,2,65,TAH-BIO-BIO26-L07-Q065,BIO26-PDF042-L07-S2-Q065,الديدان المفلطحة والأسطوانية والدوارات,BIO26-M08,الديدان والرخويات,BIO26-S08-01,الديدان المفلطحة والأسطوانية والدوارات,تجميعات الأحياء 2026 — مفتاح الإجابة في PDF p.42,A,0,NOT_STARTED,,NOT_RUN,PRE_CROP_RANGE_FROZEN_V1
7,BIO26-L07,أحياء 1,الديدان والرخويات,42,42,41,2,66,TAH-BIO-BIO26-L07-Q066,BIO26-PDF042-L07-S2-Q066,الديدان المفلطحة والأسطوانية والدوارات,BIO26-M08,الديدان والرخويات,BIO26-S08-01,الديدان المفلطحة والأسطوانية والدوارات,تجميعات الأحياء 2026 — مفتاح الإجابة في PDF p.42,A,0,NOT_STARTED,,NOT_RUN,PRE_CROP_RANGE_FROZEN_V1
7,BIO26-L07,أحياء 1,الديدان والرخويات,42,42,41,2,67,TAH-BIO-BIO26-L07-Q067,BIO26-PDF042-L07-S2-Q067,الديدان المفلطحة والأسطوانية والدوارات,BIO26-M08,الديدان والرخويات,BIO26-S08-01,الديدان المفلطحة والأسطوانية والدوارات,تجميعات الأحياء 2026 — مفتاح الإجابة في PDF p.42,D,3,NOT_STARTED,,NOT_RUN,PRE_CROP_RANGE_FROZEN_V1
7,BIO26-L07,أحياء 1,الديدان والرخويات,42,42,41,2,68,TAH-BIO-BIO26-L07-Q068,BIO26-PDF042-L07-S2-Q068,الديدان الحلقية: التركيب والتنوع والوظائف,BIO26-M08,الديدان والرخويات,BIO26-S08-03,الديدان الحلقية: التركيب والتنوع والوظائف,تجميعات الأحياء 2026 — مفتاح الإجابة في PDF p.42,B,1,NOT_STARTED,,NOT_RUN,PRE_CROP_RANGE_FROZEN_V1
7,BIO26-L07,أحياء 1,الديدان والرخويات,42,42,41,2,69,TAH-BIO-BIO26-L07-Q069,BIO26-PDF042-L07-S2-Q069,الديدان الحلقية: التركيب والتنوع والوظائف,BIO26-M08,الديدان والرخويات,BIO26-S08-03,الديدان الحلقية: التركيب والتنوع والوظائف,تجميعات الأحياء 2026 — مفتاح الإجابة في PDF p.42,A,0,NOT_STARTED,,NOT_RUN,PRE_CROP_RANGE_FROZEN_V1
7,BIO26-L07,أحياء 1,الديدان والرخويات,42,42,41,2,70,TAH-BIO-BIO26-L07-Q070,BIO26-PDF042-L07-S2-Q070,الديدان الحلقية: التركيب والتنوع والوظائف,BIO26-M08,الديدان والرخويات,BIO26-S08-03,الديدان الحلقية: التركيب والتنوع والوظائف,تجميعات الأحياء 2026 — مفتاح الإجابة في PDF p.42,A,0,NOT_STARTED,,NOT_RUN,PRE_CROP_RANGE_FROZEN_V1
7,BIO26-L07,أحياء 1,الديدان والرخويات,42,42,41,2,71,TAH-BIO-BIO26-L07-Q071,BIO26-PDF042-L07-S2-Q071,الديدان الحلقية: التركيب والتنوع والوظائف,BIO26-M08,الديدان والرخويات,BIO26-S08-03,الديدان الحلقية: التركيب والتنوع والوظائف,تجميعات الأحياء 2026 — مفتاح الإجابة في PDF p.42,B,1,NOT_STARTED,,NOT_RUN,PRE_CROP_RANGE_FROZEN_V1
7,BIO26-L07,أحياء 1,الديدان والرخويات,42,42,41,2,72,TAH-BIO-BIO26-L07-Q072,BIO26-PDF042-L07-S2-Q072,الديدان الحلقية: التركيب والتنوع والوظائف,BIO26-M08,الديدان والرخويات,BIO26-S08-03,الديدان الحلقية: التركيب والتنوع والوظائف,تجميعات الأحياء 2026 — مفتاح الإجابة في PDF p.42,A,0,NOT_STARTED,,NOT_RUN,PRE_CROP_RANGE_FROZEN_V1
7,BIO26-L07,أحياء 1,الديدان والرخويات,42,42,41,2,73,TAH-BIO-BIO26-L07-Q073,BIO26-PDF042-L07-S2-Q073,الديدان الحلقية: التركيب والتنوع والوظائف,BIO26-M08,الديدان والرخويات,BIO26-S08-03,الديدان الحلقية: التركيب والتنوع والوظائف,تجميعات الأحياء 2026 — مفتاح الإجابة في PDF p.42,C,2,NOT_STARTED,,NOT_RUN,PRE_CROP_RANGE_FROZEN_V1
7,BIO26-L07,أحياء 1,الديدان والرخويات,42,42,41,2,74,TAH-BIO-BIO26-L07-Q074,BIO26-PDF042-L07-S2-Q074,الديدان الحلقية: التركيب والتنوع والوظائف,BIO26-M08,الديدان والرخويات,BIO26-S08-03,الديدان الحلقية: التركيب والتنوع والوظائف,تجميعات الأحياء 2026 — مفتاح الإجابة في PDF p.42,C,2,NOT_STARTED,,NOT_RUN,PRE_CROP_RANGE_FROZEN_V1
7,BIO26-L07,أحياء 1,الديدان والرخويات,42,42,41,2,75,TAH-BIO-BIO26-L07-Q075,BIO26-PDF042-L07-S2-Q075,الديدان الحلقية: التركيب والتنوع والوظائف,BIO26-M08,الديدان والرخويات,BIO26-S08-03,الديدان الحلقية: التركيب والتنوع والوظائف,تجميعات الأحياء 2026 — مفتاح الإجابة في PDF p.42,A,0,NOT_STARTED,,NOT_RUN,PRE_CROP_RANGE_FROZEN_V1
7,BIO26-L07,أحياء 1,الديدان والرخويات,42,42,41,2,76,TAH-BIO-BIO26-L07-Q076,BIO26-PDF042-L07-S2-Q076,الديدان الحلقية: التركيب والتنوع والوظائف,BIO26-M08,الديدان والرخويات,BIO26-S08-03,الديدان الحلقية: التركيب والتنوع والوظائف,تجميعات الأحياء 2026 — مفتاح الإجابة في PDF p.42,A,0,NOT_STARTED,,NOT_RUN,PRE_CROP_RANGE_FROZEN_V1
7,BIO26-L07,أحياء 1,الديدان والرخويات,43,43,42,2,77,TAH-BIO-BIO26-L07-Q077,BIO26-PDF043-L07-S2-Q077,الرخويات: التركيب والتنوع والوظائف,BIO26-M08,الديدان والرخويات,BIO26-S08-02,الرخويات: التركيب والتنوع والوظائف,تجميعات الأحياء 2026 — مفتاح الإجابة في PDF p.43,A,0,NOT_STARTED,,NOT_RUN,PRE_CROP_RANGE_FROZEN_V1
7,BIO26-L07,أحياء 1,الديدان والرخويات,43,43,42,2,78,TAH-BIO-BIO26-L07-Q078,BIO26-PDF043-L07-S2-Q078,الرخويات: التركيب والتنوع والوظائف,BIO26-M08,الديدان والرخويات,BIO26-S08-02,الرخويات: التركيب والتنوع والوظائف,تجميعات الأحياء 2026 — مفتاح الإجابة في PDF p.43,B,1,NOT_STARTED,,NOT_RUN,PRE_CROP_RANGE_FROZEN_V1
7,BIO26-L07,أحياء 1,الديدان والرخويات,43,43,42,2,79,TAH-BIO-BIO26-L07-Q079,BIO26-PDF043-L07-S2-Q079,الرخويات: التركيب والتنوع والوظائف,BIO26-M08,الديدان والرخويات,BIO26-S08-02,الرخويات: التركيب والتنوع والوظائف,تجميعات الأحياء 2026 — مفتاح الإجابة في PDF p.43,A,0,NOT_STARTED,,NOT_RUN,PRE_CROP_RANGE_FROZEN_V1
7,BIO26-L07,أحياء 1,الديدان والرخويات,43,43,42,2,80,TAH-BIO-BIO26-L07-Q080,BIO26-PDF043-L07-S2-Q080,الرخويات: التركيب والتنوع والوظائف,BIO26-M08,الديدان والرخويات,BIO26-S08-02,الرخويات: التركيب والتنوع والوظائف,تجميعات الأحياء 2026 — مفتاح الإجابة في PDF p.43,C,2,NOT_STARTED,,NOT_RUN,PRE_CROP_RANGE_FROZEN_V1
7,BIO26-L07,أحياء 1,الديدان والرخويات,43,43,42,2,81,TAH-BIO-BIO26-L07-Q081,BIO26-PDF043-L07-S2-Q081,الرخويات: التركيب والتنوع والوظائف,BIO26-M08,الديدان والرخويات,BIO26-S08-02,الرخويات: التركيب والتنوع والوظائف,تجميعات الأحياء 2026 — مفتاح الإجابة في PDF p.43,D,3,NOT_STARTED,,NOT_RUN,PRE_CROP_RANGE_FROZEN_V1
7,BIO26-L07,أحياء 1,الديدان والرخويات,43,43,42,2,82,TAH-BIO-BIO26-L07-Q082,BIO26-PDF043-L07-S2-Q082,الرخويات: التركيب والتنوع والوظائف,BIO26-M08,الديدان والرخويات,BIO26-S08-02,الرخويات: التركيب والتنوع والوظائف,تجميعات الأحياء 2026 — مفتاح الإجابة في PDF p.43,C,2,NOT_STARTED,,NOT_RUN,PRE_CROP_RANGE_FROZEN_V1
7,BIO26-L07,أحياء 1,الديدان والرخويات,43,43,42,2,83,TAH-BIO-BIO26-L07-Q083,BIO26-PDF043-L07-S2-Q083,الرخويات: التركيب والتنوع والوظائف,BIO26-M08,الديدان والرخويات,BIO26-S08-02,الرخويات: التركيب والتنوع والوظائف,تجميعات الأحياء 2026 — مفتاح الإجابة في PDF p.43,A,0,NOT_STARTED,,NOT_RUN,PRE_CROP_RANGE_FROZEN_V1
7,BIO26-L07,أحياء 1,الديدان والرخويات,43,43,42,2,84,TAH-BIO-BIO26-L07-Q084,BIO26-PDF043-L07-S2-Q084,الديدان الحلقية: التركيب والتنوع والوظائف,BIO26-M08,الديدان والرخويات,BIO26-S08-03,الديدان الحلقية: التركيب والتنوع والوظائف,تجميعات الأحياء 2026 — مفتاح الإجابة في PDF p.43,C,2,NOT_STARTED,,NOT_RUN,PRE_CROP_RANGE_FROZEN_V1
7,BIO26-L07,أحياء 1,الديدان والرخويات,43,43,42,2,85,TAH-BIO-BIO26-L07-Q085,BIO26-PDF043-L07-S2-Q085,الديدان الحلقية: التركيب والتنوع والوظائف,BIO26-M08,الديدان والرخويات,BIO26-S08-03,الديدان الحلقية: التركيب والتنوع والوظائف,تجميعات الأحياء 2026 — مفتاح الإجابة في PDF p.43,C,2,NOT_STARTED,,NOT_RUN,PRE_CROP_RANGE_FROZEN_V1
7,BIO26-L07,أحياء 1,الديدان والرخويات,43,43,42,2,86,TAH-BIO-BIO26-L07-Q086,BIO26-PDF043-L07-S2-Q086,الديدان الحلقية: التركيب والتنوع والوظائف,BIO26-M08,الديدان والرخويات,BIO26-S08-03,الديدان الحلقية: التركيب والتنوع والوظائف,تجميعات الأحياء 2026 — مفتاح الإجابة في PDF p.43,D,3,NOT_STARTED,,NOT_RUN,PRE_CROP_RANGE_FROZEN_V1
7,BIO26-L07,أحياء 1,الديدان والرخويات,43,43,42,2,87,TAH-BIO-BIO26-L07-Q087,BIO26-PDF043-L07-S2-Q087,الديدان الحلقية: التركيب والتنوع والوظائف,BIO26-M08,الديدان والرخويات,BIO26-S08-03,الديدان الحلقية: التركيب والتنوع والوظائف,تجميعات الأحياء 2026 — مفتاح الإجابة في PDF p.43,C,2,NOT_STARTED,,NOT_RUN,PRE_CROP_RANGE_FROZEN_V1
7,BIO26-L07,أحياء 1,الديدان والرخويات,43,43,42,2,88,TAH-BIO-BIO26-L07-Q088,BIO26-PDF043-L07-S2-Q088,الديدان الحلقية: التركيب والتنوع والوظائف,BIO26-M08,الديدان والرخويات,BIO26-S08-03,الديدان الحلقية: التركيب والتنوع والوظائف,تجميعات الأحياء 2026 — مفتاح الإجابة في PDF p.43,A,0,NOT_STARTED,,NOT_RUN,PRE_CROP_RANGE_FROZEN_V1
7,BIO26-L07,أحياء 1,الديدان والرخويات,43,43,42,2,89,TAH-BIO-BIO26-L07-Q089,BIO26-PDF043-L07-S2-Q089,الديدان الحلقية: التركيب والتنوع والوظائف,BIO26-M08,الديدان والرخويات,BIO26-S08-03,الديدان الحلقية: التركيب والتنوع والوظائف,تجميعات الأحياء 2026 — مفتاح الإجابة في PDF p.43,C,2,NOT_STARTED,,NOT_RUN,PRE_CROP_RANGE_FROZEN_V1
7,BIO26-L07,أحياء 1,الديدان والرخويات,43,43,42,2,90,TAH-BIO-BIO26-L07-Q090,BIO26-PDF043-L07-S2-Q090,الديدان الحلقية: التركيب والتنوع والوظائف,BIO26-M08,الديدان والرخويات,BIO26-S08-03,الديدان الحلقية: التركيب والتنوع والوظائف,تجميعات الأحياء 2026 — مفتاح الإجابة في PDF p.43,C,2,NOT_STARTED,,NOT_RUN,PRE_CROP_RANGE_FROZEN_V1
8,BIO26-L08,أحياء 1,المفصليات,44,44,43,1,1,TAH-BIO-BIO26-L08-Q001,BIO26-PDF044-L08-S1-Q001,المفصليات: الخصائص والطوائف والتكيفات,BIO26-M09,المفصليات وشوكيات الجلد واللافقاريات الحبلية,BIO26-S09-01,المفصليات: الخصائص والطوائف والتكيفات,تجميعات الأحياء 2026 — مفتاح الإجابة في PDF p.44,C,2,NOT_STARTED,,NOT_RUN,PRE_CROP_RANGE_FROZEN_V1
8,BIO26-L08,أحياء 1,المفصليات,44,44,43,1,2,TAH-BIO-BIO26-L08-Q002,BIO26-PDF044-L08-S1-Q002,المفصليات: الخصائص والطوائف والتكيفات,BIO26-M09,المفصليات وشوكيات الجلد واللافقاريات الحبلية,BIO26-S09-01,المفصليات: الخصائص والطوائف والتكيفات,تجميعات الأحياء 2026 — مفتاح الإجابة في PDF p.44,B,1,NOT_STARTED,,NOT_RUN,PRE_CROP_RANGE_FROZEN_V1
8,BIO26-L08,أحياء 1,المفصليات,44,44,43,1,3,TAH-BIO-BIO26-L08-Q003,BIO26-PDF044-L08-S1-Q003,المفصليات: الخصائص والطوائف والتكيفات,BIO26-M09,المفصليات وشوكيات الجلد واللافقاريات الحبلية,BIO26-S09-01,المفصليات: الخصائص والطوائف والتكيفات,تجميعات الأحياء 2026 — مفتاح الإجابة في PDF p.44,A,0,NOT_STARTED,,NOT_RUN,PRE_CROP_RANGE_FROZEN_V1
8,BIO26-L08,أحياء 1,المفصليات,44,44,43,1,4,TAH-BIO-BIO26-L08-Q004,BIO26-PDF044-L08-S1-Q004,المفصليات: الخصائص والطوائف والتكيفات,BIO26-M09,المفصليات وشوكيات الجلد واللافقاريات الحبلية,BIO26-S09-01,المفصليات: الخصائص والطوائف والتكيفات,تجميعات الأحياء 2026 — مفتاح الإجابة في PDF p.44,A,0,NOT_STARTED,,NOT_RUN,PRE_CROP_RANGE_FROZEN_V1
8,BIO26-L08,أحياء 1,المفصليات,44,44,43,1,5,TAH-BIO-BIO26-L08-Q005,BIO26-PDF044-L08-S1-Q005,المفصليات: الخصائص والطوائف والتكيفات,BIO26-M09,المفصليات وشوكيات الجلد واللافقاريات الحبلية,BIO26-S09-01,المفصليات: الخصائص والطوائف والتكيفات,تجميعات الأحياء 2026 — مفتاح الإجابة في PDF p.44,A,0,NOT_STARTED,,NOT_RUN,PRE_CROP_RANGE_FROZEN_V1
8,BIO26-L08,أحياء 1,المفصليات,44,44,43,1,6,TAH-BIO-BIO26-L08-Q006,BIO26-PDF044-L08-S1-Q006,المفصليات: الخصائص والطوائف والتكيفات,BIO26-M09,المفصليات وشوكيات الجلد واللافقاريات الحبلية,BIO26-S09-01,المفصليات: الخصائص والطوائف والتكيفات,تجميعات الأحياء 2026 — مفتاح الإجابة في PDF p.44,A,0,NOT_STARTED,,NOT_RUN,PRE_CROP_RANGE_FROZEN_V1
8,BIO26-L08,أحياء 1,المفصليات,44,44,43,1,7,TAH-BIO-BIO26-L08-Q007,BIO26-PDF044-L08-S1-Q007,المفصليات: الخصائص والطوائف والتكيفات,BIO26-M09,المفصليات وشوكيات الجلد واللافقاريات الحبلية,BIO26-S09-01,المفصليات: الخصائص والطوائف والتكيفات,تجميعات الأحياء 2026 — مفتاح الإجابة في PDF p.44,D,3,NOT_STARTED,,NOT_RUN,PRE_CROP_RANGE_FROZEN_V1
8,BIO26-L08,أحياء 1,المفصليات,44,44,43,1,8,TAH-BIO-BIO26-L08-Q008,BIO26-PDF044-L08-S1-Q008,المفصليات: الخصائص والطوائف والتكيفات,BIO26-M09,المفصليات وشوكيات الجلد واللافقاريات الحبلية,BIO26-S09-01,المفصليات: الخصائص والطوائف والتكيفات,تجميعات الأحياء 2026 — مفتاح الإجابة في PDF p.44,C,2,NOT_STARTED,,NOT_RUN,PRE_CROP_RANGE_FROZEN_V1
8,BIO26-L08,أحياء 1,المفصليات,44,44,43,1,9,TAH-BIO-BIO26-L08-Q009,BIO26-PDF044-L08-S1-Q009,المفصليات: الخصائص والطوائف والتكيفات,BIO26-M09,المفصليات وشوكيات الجلد واللافقاريات الحبلية,BIO26-S09-01,المفصليات: الخصائص والطوائف والتكيفات,تجميعات الأحياء 2026 — مفتاح الإجابة في PDF p.44,C,2,NOT_STARTED,,NOT_RUN,PRE_CROP_RANGE_FROZEN_V1
8,BIO26-L08,أحياء 1,المفصليات,44,44,43,1,10,TAH-BIO-BIO26-L08-Q010,BIO26-PDF044-L08-S1-Q010,المفصليات: الخصائص والطوائف والتكيفات,BIO26-M09,المفصليات وشوكيات الجلد واللافقاريات الحبلية,BIO26-S09-01,المفصليات: الخصائص والطوائف والتكيفات,تجميعات الأحياء 2026 — مفتاح الإجابة في PDF p.44,C,2,NOT_STARTED,,NOT_RUN,PRE_CROP_RANGE_FROZEN_V1
8,BIO26-L08,أحياء 1,المفصليات,44,44,43,1,11,TAH-BIO-BIO26-L08-Q011,BIO26-PDF044-L08-S1-Q011,المفصليات: الخصائص والطوائف والتكيفات,BIO26-M09,المفصليات وشوكيات الجلد واللافقاريات الحبلية,BIO26-S09-01,المفصليات: الخصائص والطوائف والتكيفات,تجميعات الأحياء 2026 — مفتاح الإجابة في PDF p.44,C,2,NOT_STARTED,,NOT_RUN,PRE_CROP_RANGE_FROZEN_V1
8,BIO26-L08,أحياء 1,المفصليات,44,44,43,1,12,TAH-BIO-BIO26-L08-Q012,BIO26-PDF044-L08-S1-Q012,المفصليات: الخصائص والطوائف والتكيفات,BIO26-M09,المفصليات وشوكيات الجلد واللافقاريات الحبلية,BIO26-S09-01,المفصليات: الخصائص والطوائف والتكيفات,تجميعات الأحياء 2026 — مفتاح الإجابة في PDF p.44,A,0,NOT_STARTED,,NOT_RUN,PRE_CROP_RANGE_FROZEN_V1
8,BIO26-L08,أحياء 1,المفصليات,44,44,43,1,13,TAH-BIO-BIO26-L08-Q013,BIO26-PDF044-L08-S1-Q013,المفصليات: الخصائص والطوائف والتكيفات,BIO26-M09,المفصليات وشوكيات الجلد واللافقاريات الحبلية,BIO26-S09-01,المفصليات: الخصائص والطوائف والتكيفات,تجميعات الأحياء 2026 — مفتاح الإجابة في PDF p.44,A,0,NOT_STARTED,,NOT_RUN,PRE_CROP_RANGE_FROZEN_V1
8,BIO26-L08,أحياء 1,المفصليات,44,44,43,1,14,TAH-BIO-BIO26-L08-Q014,BIO26-PDF044-L08-S1-Q014,المفصليات: الخصائص والطوائف والتكيفات,BIO26-M09,المفصليات وشوكيات الجلد واللافقاريات الحبلية,BIO26-S09-01,المفصليات: الخصائص والطوائف والتكيفات,تجميعات الأحياء 2026 — مفتاح الإجابة في PDF p.44,A,0,NOT_STARTED,,NOT_RUN,PRE_CROP_RANGE_FROZEN_V1
8,BIO26-L08,أحياء 1,المفصليات,44,44,43,1,15,TAH-BIO-BIO26-L08-Q015,BIO26-PDF044-L08-S1-Q015,المفصليات: الخصائص والطوائف والتكيفات,BIO26-M09,المفصليات وشوكيات الجلد واللافقاريات الحبلية,BIO26-S09-01,المفصليات: الخصائص والطوائف والتكيفات,تجميعات الأحياء 2026 — مفتاح الإجابة في PDF p.44,C,2,NOT_STARTED,,NOT_RUN,PRE_CROP_RANGE_FROZEN_V1
8,BIO26-L08,أحياء 1,المفصليات,44,44,43,1,16,TAH-BIO-BIO26-L08-Q016,BIO26-PDF044-L08-S1-Q016,المفصليات: الخصائص والطوائف والتكيفات,BIO26-M09,المفصليات وشوكيات الجلد واللافقاريات الحبلية,BIO26-S09-01,المفصليات: الخصائص والطوائف والتكيفات,تجميعات الأحياء 2026 — مفتاح الإجابة في PDF p.44,B,1,NOT_STARTED,,NOT_RUN,PRE_CROP_RANGE_FROZEN_V1
8,BIO26-L08,أحياء 1,المفصليات,44,44,43,1,17,TAH-BIO-BIO26-L08-Q017,BIO26-PDF044-L08-S1-Q017,المفصليات: الخصائص والطوائف والتكيفات,BIO26-M09,المفصليات وشوكيات الجلد واللافقاريات الحبلية,BIO26-S09-01,المفصليات: الخصائص والطوائف والتكيفات,تجميعات الأحياء 2026 — مفتاح الإجابة في PDF p.44,D,3,NOT_STARTED,,NOT_RUN,PRE_CROP_RANGE_FROZEN_V1
8,BIO26-L08,أحياء 1,المفصليات,45,45,44,1,18,TAH-BIO-BIO26-L08-Q018,BIO26-PDF045-L08-S1-Q018,المفصليات: الخصائص والطوائف والتكيفات,BIO26-M09,المفصليات وشوكيات الجلد واللافقاريات الحبلية,BIO26-S09-01,المفصليات: الخصائص والطوائف والتكيفات,تجميعات الأحياء 2026 — مفتاح الإجابة في PDF p.45,D,3,NOT_STARTED,,NOT_RUN,PRE_CROP_RANGE_FROZEN_V1
8,BIO26-L08,أحياء 1,المفصليات,45,45,44,1,19,TAH-BIO-BIO26-L08-Q019,BIO26-PDF045-L08-S1-Q019,المفصليات: الخصائص والطوائف والتكيفات,BIO26-M09,المفصليات وشوكيات الجلد واللافقاريات الحبلية,BIO26-S09-01,المفصليات: الخصائص والطوائف والتكيفات,تجميعات الأحياء 2026 — مفتاح الإجابة في PDF p.45,D,3,NOT_STARTED,,NOT_RUN,PRE_CROP_RANGE_FROZEN_V1
8,BIO26-L08,أحياء 1,المفصليات,45,45,44,1,20,TAH-BIO-BIO26-L08-Q020,BIO26-PDF045-L08-S1-Q020,المفصليات: الخصائص والطوائف والتكيفات,BIO26-M09,المفصليات وشوكيات الجلد واللافقاريات الحبلية,BIO26-S09-01,المفصليات: الخصائص والطوائف والتكيفات,تجميعات الأحياء 2026 — مفتاح الإجابة في PDF p.45,B,1,NOT_STARTED,,NOT_RUN,PRE_CROP_RANGE_FROZEN_V1
8,BIO26-L08,أحياء 1,المفصليات,45,45,44,1,21,TAH-BIO-BIO26-L08-Q021,BIO26-PDF045-L08-S1-Q021,المفصليات: الخصائص والطوائف والتكيفات,BIO26-M09,المفصليات وشوكيات الجلد واللافقاريات الحبلية,BIO26-S09-01,المفصليات: الخصائص والطوائف والتكيفات,تجميعات الأحياء 2026 — مفتاح الإجابة في PDF p.45,A,0,NOT_STARTED,,NOT_RUN,PRE_CROP_RANGE_FROZEN_V1
8,BIO26-L08,أحياء 1,المفصليات,45,45,44,1,22,TAH-BIO-BIO26-L08-Q022,BIO26-PDF045-L08-S1-Q022,المفصليات: الخصائص والطوائف والتكيفات,BIO26-M09,المفصليات وشوكيات الجلد واللافقاريات الحبلية,BIO26-S09-01,المفصليات: الخصائص والطوائف والتكيفات,تجميعات الأحياء 2026 — مفتاح الإجابة في PDF p.45,A,0,NOT_STARTED,,NOT_RUN,PRE_CROP_RANGE_FROZEN_V1
8,BIO26-L08,أحياء 1,المفصليات,45,45,44,1,23,TAH-BIO-BIO26-L08-Q023,BIO26-PDF045-L08-S1-Q023,المفصليات: الخصائص والطوائف والتكيفات,BIO26-M09,المفصليات وشوكيات الجلد واللافقاريات الحبلية,BIO26-S09-01,المفصليات: الخصائص والطوائف والتكيفات,تجميعات الأحياء 2026 — مفتاح الإجابة في PDF p.45,C,2,NOT_STARTED,,NOT_RUN,PRE_CROP_RANGE_FROZEN_V1
8,BIO26-L08,أحياء 1,المفصليات,45,45,44,1,24,TAH-BIO-BIO26-L08-Q024,BIO26-PDF045-L08-S1-Q024,المفصليات: الخصائص والطوائف والتكيفات,BIO26-M09,المفصليات وشوكيات الجلد واللافقاريات الحبلية,BIO26-S09-01,المفصليات: الخصائص والطوائف والتكيفات,تجميعات الأحياء 2026 — مفتاح الإجابة في PDF p.45,D,3,NOT_STARTED,,NOT_RUN,PRE_CROP_RANGE_FROZEN_V1
8,BIO26-L08,أحياء 1,المفصليات,45,45,44,1,25,TAH-BIO-BIO26-L08-Q025,BIO26-PDF045-L08-S1-Q025,المفصليات: الخصائص والطوائف والتكيفات,BIO26-M09,المفصليات وشوكيات الجلد واللافقاريات الحبلية,BIO26-S09-01,المفصليات: الخصائص والطوائف والتكيفات,تجميعات الأحياء 2026 — مفتاح الإجابة في PDF p.45,B,1,NOT_STARTED,,NOT_RUN,PRE_CROP_RANGE_FROZEN_V1
8,BIO26-L08,أحياء 1,المفصليات,45,45,44,1,26,TAH-BIO-BIO26-L08-Q026,BIO26-PDF045-L08-S1-Q026,المفصليات: الخصائص والطوائف والتكيفات,BIO26-M09,المفصليات وشوكيات الجلد واللافقاريات الحبلية,BIO26-S09-01,المفصليات: الخصائص والطوائف والتكيفات,تجميعات الأحياء 2026 — مفتاح الإجابة في PDF p.45,D,3,NOT_STARTED,,NOT_RUN,PRE_CROP_RANGE_FROZEN_V1
8,BIO26-L08,أحياء 1,المفصليات,45,45,44,1,27,TAH-BIO-BIO26-L08-Q027,BIO26-PDF045-L08-S1-Q027,المفصليات: الخصائص والطوائف والتكيفات,BIO26-M09,المفصليات وشوكيات الجلد واللافقاريات الحبلية,BIO26-S09-01,المفصليات: الخصائص والطوائف والتكيفات,تجميعات الأحياء 2026 — مفتاح الإجابة في PDF p.45,A,0,NOT_STARTED,,NOT_RUN,PRE_CROP_RANGE_FROZEN_V1
8,BIO26-L08,أحياء 1,المفصليات,45,45,44,1,28,TAH-BIO-BIO26-L08-Q028,BIO26-PDF045-L08-S1-Q028,المفصليات: الخصائص والطوائف والتكيفات,BIO26-M09,المفصليات وشوكيات الجلد واللافقاريات الحبلية,BIO26-S09-01,المفصليات: الخصائص والطوائف والتكيفات,تجميعات الأحياء 2026 — مفتاح الإجابة في PDF p.45,C,2,NOT_STARTED,,NOT_RUN,PRE_CROP_RANGE_FROZEN_V1
8,BIO26-L08,أحياء 1,المفصليات,45,45,44,1,29,TAH-BIO-BIO26-L08-Q029,BIO26-PDF045-L08-S1-Q029,المفصليات: الخصائص والطوائف والتكيفات,BIO26-M09,المفصليات وشوكيات الجلد واللافقاريات الحبلية,BIO26-S09-01,المفصليات: الخصائص والطوائف والتكيفات,تجميعات الأحياء 2026 — مفتاح الإجابة في PDF p.45,C,2,NOT_STARTED,,NOT_RUN,PRE_CROP_RANGE_FROZEN_V1
8,BIO26-L08,أحياء 1,المفصليات,46,46,45,1,30,TAH-BIO-BIO26-L08-Q030,BIO26-PDF046-L08-S1-Q030,المفصليات: الخصائص والطوائف والتكيفات,BIO26-M09,المفصليات وشوكيات الجلد واللافقاريات الحبلية,BIO26-S09-01,المفصليات: الخصائص والطوائف والتكيفات,تجميعات الأحياء 2026 — مفتاح الإجابة في PDF p.46,B,1,NOT_STARTED,,NOT_RUN,PRE_CROP_RANGE_FROZEN_V1
8,BIO26-L08,أحياء 1,المفصليات,46,46,45,1,31,TAH-BIO-BIO26-L08-Q031,BIO26-PDF046-L08-S1-Q031,المفصليات: الخصائص والطوائف والتكيفات,BIO26-M09,المفصليات وشوكيات الجلد واللافقاريات الحبلية,BIO26-S09-01,المفصليات: الخصائص والطوائف والتكيفات,تجميعات الأحياء 2026 — مفتاح الإجابة في PDF p.46,C,2,NOT_STARTED,,NOT_RUN,PRE_CROP_RANGE_FROZEN_V1
8,BIO26-L08,أحياء 1,المفصليات,46,46,45,1,32,TAH-BIO-BIO26-L08-Q032,BIO26-PDF046-L08-S1-Q032,المفصليات: الخصائص والطوائف والتكيفات,BIO26-M09,المفصليات وشوكيات الجلد واللافقاريات الحبلية,BIO26-S09-01,المفصليات: الخصائص والطوائف والتكيفات,تجميعات الأحياء 2026 — مفتاح الإجابة في PDF p.46,A,0,NOT_STARTED,,NOT_RUN,PRE_CROP_RANGE_FROZEN_V1
8,BIO26-L08,أحياء 1,المفصليات,46,46,45,1,33,TAH-BIO-BIO26-L08-Q033,BIO26-PDF046-L08-S1-Q033,المفصليات: الخصائص والطوائف والتكيفات,BIO26-M09,المفصليات وشوكيات الجلد واللافقاريات الحبلية,BIO26-S09-01,المفصليات: الخصائص والطوائف والتكيفات,تجميعات الأحياء 2026 — مفتاح الإجابة في PDF p.46,A,0,NOT_STARTED,,NOT_RUN,PRE_CROP_RANGE_FROZEN_V1
8,BIO26-L08,أحياء 1,المفصليات,46,46,45,1,34,TAH-BIO-BIO26-L08-Q034,BIO26-PDF046-L08-S1-Q034,المفصليات: الخصائص والطوائف والتكيفات,BIO26-M09,المفصليات وشوكيات الجلد واللافقاريات الحبلية,BIO26-S09-01,المفصليات: الخصائص والطوائف والتكيفات,تجميعات الأحياء 2026 — مفتاح الإجابة في PDF p.46,B,1,NOT_STARTED,,NOT_RUN,PRE_CROP_RANGE_FROZEN_V1
8,BIO26-L08,أحياء 1,المفصليات,46,46,45,1,35,TAH-BIO-BIO26-L08-Q035,BIO26-PDF046-L08-S1-Q035,المفصليات: الخصائص والطوائف والتكيفات,BIO26-M09,المفصليات وشوكيات الجلد واللافقاريات الحبلية,BIO26-S09-01,المفصليات: الخصائص والطوائف والتكيفات,تجميعات الأحياء 2026 — مفتاح الإجابة في PDF p.46,A,0,NOT_STARTED,,NOT_RUN,PRE_CROP_RANGE_FROZEN_V1
8,BIO26-L08,أحياء 1,المفصليات,46,46,45,1,36,TAH-BIO-BIO26-L08-Q036,BIO26-PDF046-L08-S1-Q036,المفصليات: الخصائص والطوائف والتكيفات,BIO26-M09,المفصليات وشوكيات الجلد واللافقاريات الحبلية,BIO26-S09-01,المفصليات: الخصائص والطوائف والتكيفات,تجميعات الأحياء 2026 — مفتاح الإجابة في PDF p.46,D,3,NOT_STARTED,,NOT_RUN,PRE_CROP_RANGE_FROZEN_V1
8,BIO26-L08,أحياء 1,المفصليات,47,47,46,2,37,TAH-BIO-BIO26-L08-Q037,BIO26-PDF047-L08-S2-Q037,المفصليات: الخصائص والطوائف والتكيفات,BIO26-M09,المفصليات وشوكيات الجلد واللافقاريات الحبلية,BIO26-S09-01,المفصليات: الخصائص والطوائف والتكيفات,تجميعات الأحياء 2026 — مفتاح الإجابة في PDF p.47,B,1,NOT_STARTED,,NOT_RUN,PRE_CROP_RANGE_FROZEN_V1
8,BIO26-L08,أحياء 1,المفصليات,47,47,46,2,38,TAH-BIO-BIO26-L08-Q038,BIO26-PDF047-L08-S2-Q038,المفصليات: الخصائص والطوائف والتكيفات,BIO26-M09,المفصليات وشوكيات الجلد واللافقاريات الحبلية,BIO26-S09-01,المفصليات: الخصائص والطوائف والتكيفات,تجميعات الأحياء 2026 — مفتاح الإجابة في PDF p.47,C,2,NOT_STARTED,,NOT_RUN,PRE_CROP_RANGE_FROZEN_V1
8,BIO26-L08,أحياء 1,المفصليات,47,47,46,2,39,TAH-BIO-BIO26-L08-Q039,BIO26-PDF047-L08-S2-Q039,المفصليات: الخصائص والطوائف والتكيفات,BIO26-M09,المفصليات وشوكيات الجلد واللافقاريات الحبلية,BIO26-S09-01,المفصليات: الخصائص والطوائف والتكيفات,تجميعات الأحياء 2026 — مفتاح الإجابة في PDF p.47,A,0,NOT_STARTED,,NOT_RUN,PRE_CROP_RANGE_FROZEN_V1
8,BIO26-L08,أحياء 1,المفصليات,47,47,46,2,40,TAH-BIO-BIO26-L08-Q040,BIO26-PDF047-L08-S2-Q040,المفصليات: الخصائص والطوائف والتكيفات,BIO26-M09,المفصليات وشوكيات الجلد واللافقاريات الحبلية,BIO26-S09-01,المفصليات: الخصائص والطوائف والتكيفات,تجميعات الأحياء 2026 — مفتاح الإجابة في PDF p.47,C,2,NOT_STARTED,,NOT_RUN,PRE_CROP_RANGE_FROZEN_V1
8,BIO26-L08,أحياء 1,المفصليات,47,47,46,2,41,TAH-BIO-BIO26-L08-Q041,BIO26-PDF047-L08-S2-Q041,المفصليات: الخصائص والطوائف والتكيفات,BIO26-M09,المفصليات وشوكيات الجلد واللافقاريات الحبلية,BIO26-S09-01,المفصليات: الخصائص والطوائف والتكيفات,تجميعات الأحياء 2026 — مفتاح الإجابة في PDF p.47,A,0,NOT_STARTED,,NOT_RUN,PRE_CROP_RANGE_FROZEN_V1
8,BIO26-L08,أحياء 1,المفصليات,47,47,46,2,42,TAH-BIO-BIO26-L08-Q042,BIO26-PDF047-L08-S2-Q042,المفصليات: الخصائص والطوائف والتكيفات,BIO26-M09,المفصليات وشوكيات الجلد واللافقاريات الحبلية,BIO26-S09-01,المفصليات: الخصائص والطوائف والتكيفات,تجميعات الأحياء 2026 — مفتاح الإجابة في PDF p.47,C,2,NOT_STARTED,,NOT_RUN,PRE_CROP_RANGE_FROZEN_V1
8,BIO26-L08,أحياء 1,المفصليات,47,47,46,2,43,TAH-BIO-BIO26-L08-Q043,BIO26-PDF047-L08-S2-Q043,المفصليات: الخصائص والطوائف والتكيفات,BIO26-M09,المفصليات وشوكيات الجلد واللافقاريات الحبلية,BIO26-S09-01,المفصليات: الخصائص والطوائف والتكيفات,تجميعات الأحياء 2026 — مفتاح الإجابة في PDF p.47,C,2,NOT_STARTED,,NOT_RUN,PRE_CROP_RANGE_FROZEN_V1
8,BIO26-L08,أحياء 1,المفصليات,47,47,46,2,44,TAH-BIO-BIO26-L08-Q044,BIO26-PDF047-L08-S2-Q044,المفصليات: الخصائص والطوائف والتكيفات,BIO26-M09,المفصليات وشوكيات الجلد واللافقاريات الحبلية,BIO26-S09-01,المفصليات: الخصائص والطوائف والتكيفات,تجميعات الأحياء 2026 — مفتاح الإجابة في PDF p.47,A,0,NOT_STARTED,,NOT_RUN,PRE_CROP_RANGE_FROZEN_V1
8,BIO26-L08,أحياء 1,المفصليات,47,47,46,2,45,TAH-BIO-BIO26-L08-Q045,BIO26-PDF047-L08-S2-Q045,المفصليات: الخصائص والطوائف والتكيفات,BIO26-M09,المفصليات وشوكيات الجلد واللافقاريات الحبلية,BIO26-S09-01,المفصليات: الخصائص والطوائف والتكيفات,تجميعات الأحياء 2026 — مفتاح الإجابة في PDF p.47,C,2,NOT_STARTED,,NOT_RUN,PRE_CROP_RANGE_FROZEN_V1
8,BIO26-L08,أحياء 1,المفصليات,47,47,46,2,46,TAH-BIO-BIO26-L08-Q046,BIO26-PDF047-L08-S2-Q046,المفصليات: الخصائص والطوائف والتكيفات,BIO26-M09,المفصليات وشوكيات الجلد واللافقاريات الحبلية,BIO26-S09-01,المفصليات: الخصائص والطوائف والتكيفات,تجميعات الأحياء 2026 — مفتاح الإجابة في PDF p.47,C,2,NOT_STARTED,,NOT_RUN,PRE_CROP_RANGE_FROZEN_V1
8,BIO26-L08,أحياء 1,المفصليات,47,47,46,2,47,TAH-BIO-BIO26-L08-Q047,BIO26-PDF047-L08-S2-Q047,المفصليات: الخصائص والطوائف والتكيفات,BIO26-M09,المفصليات وشوكيات الجلد واللافقاريات الحبلية,BIO26-S09-01,المفصليات: الخصائص والطوائف والتكيفات,تجميعات الأحياء 2026 — مفتاح الإجابة في PDF p.47,B,1,NOT_STARTED,,NOT_RUN,PRE_CROP_RANGE_FROZEN_V1
8,BIO26-L08,أحياء 1,المفصليات,47,47,46,2,48,TAH-BIO-BIO26-L08-Q048,BIO26-PDF047-L08-S2-Q048,المفصليات: الخصائص والطوائف والتكيفات,BIO26-M09,المفصليات وشوكيات الجلد واللافقاريات الحبلية,BIO26-S09-01,المفصليات: الخصائص والطوائف والتكيفات,تجميعات الأحياء 2026 — مفتاح الإجابة في PDF p.47,D,3,NOT_STARTED,,NOT_RUN,PRE_CROP_RANGE_FROZEN_V1
8,BIO26-L08,أحياء 1,المفصليات,47,47,46,2,49,TAH-BIO-BIO26-L08-Q049,BIO26-PDF047-L08-S2-Q049,المفصليات: الخصائص والطوائف والتكيفات,BIO26-M09,المفصليات وشوكيات الجلد واللافقاريات الحبلية,BIO26-S09-01,المفصليات: الخصائص والطوائف والتكيفات,تجميعات الأحياء 2026 — مفتاح الإجابة في PDF p.47,A,0,NOT_STARTED,,NOT_RUN,PRE_CROP_RANGE_FROZEN_V1
8,BIO26-L08,أحياء 1,المفصليات,47,47,46,2,50,TAH-BIO-BIO26-L08-Q050,BIO26-PDF047-L08-S2-Q050,المفصليات: الخصائص والطوائف والتكيفات,BIO26-M09,المفصليات وشوكيات الجلد واللافقاريات الحبلية,BIO26-S09-01,المفصليات: الخصائص والطوائف والتكيفات,تجميعات الأحياء 2026 — مفتاح الإجابة في PDF p.47,A,0,NOT_STARTED,,NOT_RUN,PRE_CROP_RANGE_FROZEN_V1
8,BIO26-L08,أحياء 1,المفصليات,47,47,46,2,51,TAH-BIO-BIO26-L08-Q051,BIO26-PDF047-L08-S2-Q051,المفصليات: الخصائص والطوائف والتكيفات,BIO26-M09,المفصليات وشوكيات الجلد واللافقاريات الحبلية,BIO26-S09-01,المفصليات: الخصائص والطوائف والتكيفات,تجميعات الأحياء 2026 — مفتاح الإجابة في PDF p.47,C,2,NOT_STARTED,,NOT_RUN,PRE_CROP_RANGE_FROZEN_V1
8,BIO26-L08,أحياء 1,المفصليات,47,47,46,2,52,TAH-BIO-BIO26-L08-Q052,BIO26-PDF047-L08-S2-Q052,المفصليات: الخصائص والطوائف والتكيفات,BIO26-M09,المفصليات وشوكيات الجلد واللافقاريات الحبلية,BIO26-S09-01,المفصليات: الخصائص والطوائف والتكيفات,تجميعات الأحياء 2026 — مفتاح الإجابة في PDF p.47,A,0,NOT_STARTED,,NOT_RUN,PRE_CROP_RANGE_FROZEN_V1
8,BIO26-L08,أحياء 1,المفصليات,47,47,46,2,53,TAH-BIO-BIO26-L08-Q053,BIO26-PDF047-L08-S2-Q053,المفصليات: الخصائص والطوائف والتكيفات,BIO26-M09,المفصليات وشوكيات الجلد واللافقاريات الحبلية,BIO26-S09-01,المفصليات: الخصائص والطوائف والتكيفات,تجميعات الأحياء 2026 — مفتاح الإجابة في PDF p.47,D,3,NOT_STARTED,,NOT_RUN,PRE_CROP_RANGE_FROZEN_V1
8,BIO26-L08,أحياء 1,المفصليات,47,47,46,2,54,TAH-BIO-BIO26-L08-Q054,BIO26-PDF047-L08-S2-Q054,المفصليات: الخصائص والطوائف والتكيفات,BIO26-M09,المفصليات وشوكيات الجلد واللافقاريات الحبلية,BIO26-S09-01,المفصليات: الخصائص والطوائف والتكيفات,تجميعات الأحياء 2026 — مفتاح الإجابة في PDF p.47,B,1,NOT_STARTED,,NOT_RUN,PRE_CROP_RANGE_FROZEN_V1
8,BIO26-L08,أحياء 1,المفصليات,48,48,47,2,55,TAH-BIO-BIO26-L08-Q055,BIO26-PDF048-L08-S2-Q055,المفصليات: الخصائص والطوائف والتكيفات,BIO26-M09,المفصليات وشوكيات الجلد واللافقاريات الحبلية,BIO26-S09-01,المفصليات: الخصائص والطوائف والتكيفات,تجميعات الأحياء 2026 — مفتاح الإجابة في PDF p.48,A,0,NOT_STARTED,,NOT_RUN,PRE_CROP_RANGE_FROZEN_V1
8,BIO26-L08,أحياء 1,المفصليات,48,48,47,2,56,TAH-BIO-BIO26-L08-Q056,BIO26-PDF048-L08-S2-Q056,المفصليات: الخصائص والطوائف والتكيفات,BIO26-M09,المفصليات وشوكيات الجلد واللافقاريات الحبلية,BIO26-S09-01,المفصليات: الخصائص والطوائف والتكيفات,تجميعات الأحياء 2026 — مفتاح الإجابة في PDF p.48,B,1,NOT_STARTED,,NOT_RUN,PRE_CROP_RANGE_FROZEN_V1
8,BIO26-L08,أحياء 1,المفصليات,48,48,47,2,57,TAH-BIO-BIO26-L08-Q057,BIO26-PDF048-L08-S2-Q057,المفصليات: الخصائص والطوائف والتكيفات,BIO26-M09,المفصليات وشوكيات الجلد واللافقاريات الحبلية,BIO26-S09-01,المفصليات: الخصائص والطوائف والتكيفات,تجميعات الأحياء 2026 — مفتاح الإجابة في PDF p.48,C,2,NOT_STARTED,,NOT_RUN,PRE_CROP_RANGE_FROZEN_V1
8,BIO26-L08,أحياء 1,المفصليات,48,48,47,2,58,TAH-BIO-BIO26-L08-Q058,BIO26-PDF048-L08-S2-Q058,المفصليات: الخصائص والطوائف والتكيفات,BIO26-M09,المفصليات وشوكيات الجلد واللافقاريات الحبلية,BIO26-S09-01,المفصليات: الخصائص والطوائف والتكيفات,تجميعات الأحياء 2026 — مفتاح الإجابة في PDF p.48,A,0,NOT_STARTED,,NOT_RUN,PRE_CROP_RANGE_FROZEN_V1
8,BIO26-L08,أحياء 1,المفصليات,48,48,47,2,59,TAH-BIO-BIO26-L08-Q059,BIO26-PDF048-L08-S2-Q059,المفصليات: الخصائص والطوائف والتكيفات,BIO26-M09,المفصليات وشوكيات الجلد واللافقاريات الحبلية,BIO26-S09-01,المفصليات: الخصائص والطوائف والتكيفات,تجميعات الأحياء 2026 — مفتاح الإجابة في PDF p.48,B,1,NOT_STARTED,,NOT_RUN,PRE_CROP_RANGE_FROZEN_V1
8,BIO26-L08,أحياء 1,المفصليات,48,48,47,2,60,TAH-BIO-BIO26-L08-Q060,BIO26-PDF048-L08-S2-Q060,المفصليات: الخصائص والطوائف والتكيفات,BIO26-M09,المفصليات وشوكيات الجلد واللافقاريات الحبلية,BIO26-S09-01,المفصليات: الخصائص والطوائف والتكيفات,تجميعات الأحياء 2026 — مفتاح الإجابة في PDF p.48,D,3,NOT_STARTED,,NOT_RUN,PRE_CROP_RANGE_FROZEN_V1
8,BIO26-L08,أحياء 1,المفصليات,48,48,47,2,61,TAH-BIO-BIO26-L08-Q061,BIO26-PDF048-L08-S2-Q061,المفصليات: الخصائص والطوائف والتكيفات,BIO26-M09,المفصليات وشوكيات الجلد واللافقاريات الحبلية,BIO26-S09-01,المفصليات: الخصائص والطوائف والتكيفات,تجميعات الأحياء 2026 — مفتاح الإجابة في PDF p.48,A,0,NOT_STARTED,,NOT_RUN,PRE_CROP_RANGE_FROZEN_V1
8,BIO26-L08,أحياء 1,المفصليات,48,48,47,2,62,TAH-BIO-BIO26-L08-Q062,BIO26-PDF048-L08-S2-Q062,المفصليات: الخصائص والطوائف والتكيفات,BIO26-M09,المفصليات وشوكيات الجلد واللافقاريات الحبلية,BIO26-S09-01,المفصليات: الخصائص والطوائف والتكيفات,تجميعات الأحياء 2026 — مفتاح الإجابة في PDF p.48,A,0,NOT_STARTED,,NOT_RUN,PRE_CROP_RANGE_FROZEN_V1
8,BIO26-L08,أحياء 1,المفصليات,48,48,47,2,63,TAH-BIO-BIO26-L08-Q063,BIO26-PDF048-L08-S2-Q063,المفصليات: الخصائص والطوائف والتكيفات,BIO26-M09,المفصليات وشوكيات الجلد واللافقاريات الحبلية,BIO26-S09-01,المفصليات: الخصائص والطوائف والتكيفات,تجميعات الأحياء 2026 — مفتاح الإجابة في PDF p.48,D,3,NOT_STARTED,,NOT_RUN,PRE_CROP_RANGE_FROZEN_V1
8,BIO26-L08,أحياء 1,المفصليات,48,48,47,2,64,TAH-BIO-BIO26-L08-Q064,BIO26-PDF048-L08-S2-Q064,المفصليات: الخصائص والطوائف والتكيفات,BIO26-M09,المفصليات وشوكيات الجلد واللافقاريات الحبلية,BIO26-S09-01,المفصليات: الخصائص والطوائف والتكيفات,تجميعات الأحياء 2026 — مفتاح الإجابة في PDF p.48,A,0,NOT_STARTED,,NOT_RUN,PRE_CROP_RANGE_FROZEN_V1
8,BIO26-L08,أحياء 1,المفصليات,48,48,47,2,65,TAH-BIO-BIO26-L08-Q065,BIO26-PDF048-L08-S2-Q065,المفصليات: الخصائص والطوائف والتكيفات,BIO26-M09,المفصليات وشوكيات الجلد واللافقاريات الحبلية,BIO26-S09-01,المفصليات: الخصائص والطوائف والتكيفات,تجميعات الأحياء 2026 — مفتاح الإجابة في PDF p.48,B,1,NOT_STARTED,,NOT_RUN,PRE_CROP_RANGE_FROZEN_V1
8,BIO26-L08,أحياء 1,المفصليات,48,48,47,2,66,TAH-BIO-BIO26-L08-Q066,BIO26-PDF048-L08-S2-Q066,المفصليات: الخصائص والطوائف والتكيفات,BIO26-M09,المفصليات وشوكيات الجلد واللافقاريات الحبلية,BIO26-S09-01,المفصليات: الخصائص والطوائف والتكيفات,تجميعات الأحياء 2026 — مفتاح الإجابة في PDF p.48,B,1,NOT_STARTED,,NOT_RUN,PRE_CROP_RANGE_FROZEN_V1
8,BIO26-L08,أحياء 1,المفصليات,48,48,47,2,67,TAH-BIO-BIO26-L08-Q067,BIO26-PDF048-L08-S2-Q067,المفصليات: الخصائص والطوائف والتكيفات,BIO26-M09,المفصليات وشوكيات الجلد واللافقاريات الحبلية,BIO26-S09-01,المفصليات: الخصائص والطوائف والتكيفات,تجميعات الأحياء 2026 — مفتاح الإجابة في PDF p.48,D,3,NOT_STARTED,,NOT_RUN,PRE_CROP_RANGE_FROZEN_V1
8,BIO26-L08,أحياء 1,المفصليات,48,48,47,2,68,TAH-BIO-BIO26-L08-Q068,BIO26-PDF048-L08-S2-Q068,المفصليات: الخصائص والطوائف والتكيفات,BIO26-M09,المفصليات وشوكيات الجلد واللافقاريات الحبلية,BIO26-S09-01,المفصليات: الخصائص والطوائف والتكيفات,تجميعات الأحياء 2026 — مفتاح الإجابة في PDF p.48,D,3,NOT_STARTED,,NOT_RUN,PRE_CROP_RANGE_FROZEN_V1
8,BIO26-L08,أحياء 1,المفصليات,48,48,47,2,69,TAH-BIO-BIO26-L08-Q069,BIO26-PDF048-L08-S2-Q069,الحشرات والتحول والتنوع في المفصليات,BIO26-M09,المفصليات وشوكيات الجلد واللافقاريات الحبلية,BIO26-S09-02,الحشرات والتحول والتنوع في المفصليات,تجميعات الأحياء 2026 — مفتاح الإجابة في PDF p.48,D,3,NOT_STARTED,,NOT_RUN,PRE_CROP_RANGE_FROZEN_V1
8,BIO26-L08,أحياء 1,المفصليات,48,48,47,2,70,TAH-BIO-BIO26-L08-Q070,BIO26-PDF048-L08-S2-Q070,الحشرات والتحول والتنوع في المفصليات,BIO26-M09,المفصليات وشوكيات الجلد واللافقاريات الحبلية,BIO26-S09-02,الحشرات والتحول والتنوع في المفصليات,تجميعات الأحياء 2026 — مفتاح الإجابة في PDF p.48,D,3,NOT_STARTED,,NOT_RUN,PRE_CROP_RANGE_FROZEN_V1
8,BIO26-L08,أحياء 1,المفصليات,48,48,47,2,71,TAH-BIO-BIO26-L08-Q071,BIO26-PDF048-L08-S2-Q071,الحشرات والتحول والتنوع في المفصليات,BIO26-M09,المفصليات وشوكيات الجلد واللافقاريات الحبلية,BIO26-S09-02,الحشرات والتحول والتنوع في المفصليات,تجميعات الأحياء 2026 — مفتاح الإجابة في PDF p.48,B,1,NOT_STARTED,,NOT_RUN,PRE_CROP_RANGE_FROZEN_V1
8,BIO26-L08,أحياء 1,المفصليات,48,48,47,2,72,TAH-BIO-BIO26-L08-Q072,BIO26-PDF048-L08-S2-Q072,الحشرات والتحول والتنوع في المفصليات,BIO26-M09,المفصليات وشوكيات الجلد واللافقاريات الحبلية,BIO26-S09-02,الحشرات والتحول والتنوع في المفصليات,تجميعات الأحياء 2026 — مفتاح الإجابة في PDF p.48,B,1,NOT_STARTED,,NOT_RUN,PRE_CROP_RANGE_FROZEN_V1
8,BIO26-L08,أحياء 1,المفصليات,48,48,47,2,73,TAH-BIO-BIO26-L08-Q073,BIO26-PDF048-L08-S2-Q073,الحشرات والتحول والتنوع في المفصليات,BIO26-M09,المفصليات وشوكيات الجلد واللافقاريات الحبلية,BIO26-S09-02,الحشرات والتحول والتنوع في المفصليات,تجميعات الأحياء 2026 — مفتاح الإجابة في PDF p.48,C,2,NOT_STARTED,,NOT_RUN,PRE_CROP_RANGE_FROZEN_V1
8,BIO26-L08,أحياء 1,المفصليات,48,48,47,2,74,TAH-BIO-BIO26-L08-Q074,BIO26-PDF048-L08-S2-Q074,الحشرات والتحول والتنوع في المفصليات,BIO26-M09,المفصليات وشوكيات الجلد واللافقاريات الحبلية,BIO26-S09-02,الحشرات والتحول والتنوع في المفصليات,تجميعات الأحياء 2026 — مفتاح الإجابة في PDF p.48,C,2,NOT_STARTED,,NOT_RUN,PRE_CROP_RANGE_FROZEN_V1
8,BIO26-L08,أحياء 1,المفصليات,49,49,48,2,75,TAH-BIO-BIO26-L08-Q075,BIO26-PDF049-L08-S2-Q075,الحشرات والتحول والتنوع في المفصليات,BIO26-M09,المفصليات وشوكيات الجلد واللافقاريات الحبلية,BIO26-S09-02,الحشرات والتحول والتنوع في المفصليات,تجميعات الأحياء 2026 — مفتاح الإجابة في PDF p.49,A,0,NOT_STARTED,,NOT_RUN,PRE_CROP_RANGE_FROZEN_V1
8,BIO26-L08,أحياء 1,المفصليات,49,49,48,2,76,TAH-BIO-BIO26-L08-Q076,BIO26-PDF049-L08-S2-Q076,الحشرات والتحول والتنوع في المفصليات,BIO26-M09,المفصليات وشوكيات الجلد واللافقاريات الحبلية,BIO26-S09-02,الحشرات والتحول والتنوع في المفصليات,تجميعات الأحياء 2026 — مفتاح الإجابة في PDF p.49,D,3,NOT_STARTED,,NOT_RUN,PRE_CROP_RANGE_FROZEN_V1
8,BIO26-L08,أحياء 1,المفصليات,49,49,48,2,77,TAH-BIO-BIO26-L08-Q077,BIO26-PDF049-L08-S2-Q077,الحشرات والتحول والتنوع في المفصليات,BIO26-M09,المفصليات وشوكيات الجلد واللافقاريات الحبلية,BIO26-S09-02,الحشرات والتحول والتنوع في المفصليات,تجميعات الأحياء 2026 — مفتاح الإجابة في PDF p.49,D,3,NOT_STARTED,,NOT_RUN,PRE_CROP_RANGE_FROZEN_V1
8,BIO26-L08,أحياء 1,المفصليات,49,49,48,2,78,TAH-BIO-BIO26-L08-Q078,BIO26-PDF049-L08-S2-Q078,الحشرات والتحول والتنوع في المفصليات,BIO26-M09,المفصليات وشوكيات الجلد واللافقاريات الحبلية,BIO26-S09-02,الحشرات والتحول والتنوع في المفصليات,تجميعات الأحياء 2026 — مفتاح الإجابة في PDF p.49,A,0,NOT_STARTED,,NOT_RUN,PRE_CROP_RANGE_FROZEN_V1
8,BIO26-L08,أحياء 1,المفصليات,49,49,48,2,79,TAH-BIO-BIO26-L08-Q079,BIO26-PDF049-L08-S2-Q079,الحشرات والتحول والتنوع في المفصليات,BIO26-M09,المفصليات وشوكيات الجلد واللافقاريات الحبلية,BIO26-S09-02,الحشرات والتحول والتنوع في المفصليات,تجميعات الأحياء 2026 — مفتاح الإجابة في PDF p.49,B,1,NOT_STARTED,,NOT_RUN,PRE_CROP_RANGE_FROZEN_V1
9,BIO26-L09,أحياء 2,شوكيات الجلد واللافقاريات الحبلية,51,51,50,1,1,TAH-BIO-BIO26-L09-Q001,BIO26-PDF051-L09-S1-Q001,شوكيات الجلد واللافقاريات الحبلية,BIO26-M09,المفصليات وشوكيات الجلد واللافقاريات الحبلية,BIO26-S09-03,شوكيات الجلد واللافقاريات الحبلية,تجميعات الأحياء 2026 — مفتاح الإجابة في PDF p.51,B,1,NOT_STARTED,,NOT_RUN,PRE_CROP_RANGE_FROZEN_V1
9,BIO26-L09,أحياء 2,شوكيات الجلد واللافقاريات الحبلية,51,51,50,1,2,TAH-BIO-BIO26-L09-Q002,BIO26-PDF051-L09-S1-Q002,شوكيات الجلد واللافقاريات الحبلية,BIO26-M09,المفصليات وشوكيات الجلد واللافقاريات الحبلية,BIO26-S09-03,شوكيات الجلد واللافقاريات الحبلية,تجميعات الأحياء 2026 — مفتاح الإجابة في PDF p.51,C,2,NOT_STARTED,,NOT_RUN,PRE_CROP_RANGE_FROZEN_V1
9,BIO26-L09,أحياء 2,شوكيات الجلد واللافقاريات الحبلية,51,51,50,1,3,TAH-BIO-BIO26-L09-Q003,BIO26-PDF051-L09-S1-Q003,شوكيات الجلد واللافقاريات الحبلية,BIO26-M09,المفصليات وشوكيات الجلد واللافقاريات الحبلية,BIO26-S09-03,شوكيات الجلد واللافقاريات الحبلية,تجميعات الأحياء 2026 — مفتاح الإجابة في PDF p.51,C,2,NOT_STARTED,,NOT_RUN,PRE_CROP_RANGE_FROZEN_V1
9,BIO26-L09,أحياء 2,شوكيات الجلد واللافقاريات الحبلية,51,51,50,1,4,TAH-BIO-BIO26-L09-Q004,BIO26-PDF051-L09-S1-Q004,شوكيات الجلد واللافقاريات الحبلية,BIO26-M09,المفصليات وشوكيات الجلد واللافقاريات الحبلية,BIO26-S09-03,شوكيات الجلد واللافقاريات الحبلية,تجميعات الأحياء 2026 — مفتاح الإجابة في PDF p.51,D,3,NOT_STARTED,,NOT_RUN,PRE_CROP_RANGE_FROZEN_V1
9,BIO26-L09,أحياء 2,شوكيات الجلد واللافقاريات الحبلية,51,51,50,1,5,TAH-BIO-BIO26-L09-Q005,BIO26-PDF051-L09-S1-Q005,شوكيات الجلد واللافقاريات الحبلية,BIO26-M09,المفصليات وشوكيات الجلد واللافقاريات الحبلية,BIO26-S09-03,شوكيات الجلد واللافقاريات الحبلية,تجميعات الأحياء 2026 — مفتاح الإجابة في PDF p.51,C,2,NOT_STARTED,,NOT_RUN,PRE_CROP_RANGE_FROZEN_V1
9,BIO26-L09,أحياء 2,شوكيات الجلد واللافقاريات الحبلية,51,51,50,1,6,TAH-BIO-BIO26-L09-Q006,BIO26-PDF051-L09-S1-Q006,شوكيات الجلد واللافقاريات الحبلية,BIO26-M09,المفصليات وشوكيات الجلد واللافقاريات الحبلية,BIO26-S09-03,شوكيات الجلد واللافقاريات الحبلية,تجميعات الأحياء 2026 — مفتاح الإجابة في PDF p.51,B,1,NOT_STARTED,,NOT_RUN,PRE_CROP_RANGE_FROZEN_V1
9,BIO26-L09,أحياء 2,شوكيات الجلد واللافقاريات الحبلية,51,51,50,1,7,TAH-BIO-BIO26-L09-Q007,BIO26-PDF051-L09-S1-Q007,شوكيات الجلد واللافقاريات الحبلية,BIO26-M09,المفصليات وشوكيات الجلد واللافقاريات الحبلية,BIO26-S09-03,شوكيات الجلد واللافقاريات الحبلية,تجميعات الأحياء 2026 — مفتاح الإجابة في PDF p.51,B,1,NOT_STARTED,,NOT_RUN,PRE_CROP_RANGE_FROZEN_V1
9,BIO26-L09,أحياء 2,شوكيات الجلد واللافقاريات الحبلية,51,51,50,1,8,TAH-BIO-BIO26-L09-Q008,BIO26-PDF051-L09-S1-Q008,شوكيات الجلد واللافقاريات الحبلية,BIO26-M09,المفصليات وشوكيات الجلد واللافقاريات الحبلية,BIO26-S09-03,شوكيات الجلد واللافقاريات الحبلية,تجميعات الأحياء 2026 — مفتاح الإجابة في PDF p.51,A,0,NOT_STARTED,,NOT_RUN,PRE_CROP_RANGE_FROZEN_V1
9,BIO26-L09,أحياء 2,شوكيات الجلد واللافقاريات الحبلية,51,51,50,1,9,TAH-BIO-BIO26-L09-Q009,BIO26-PDF051-L09-S1-Q009,شوكيات الجلد واللافقاريات الحبلية,BIO26-M09,المفصليات وشوكيات الجلد واللافقاريات الحبلية,BIO26-S09-03,شوكيات الجلد واللافقاريات الحبلية,تجميعات الأحياء 2026 — مفتاح الإجابة في PDF p.51,A,0,NOT_STARTED,,NOT_RUN,PRE_CROP_RANGE_FROZEN_V1
9,BIO26-L09,أحياء 2,شوكيات الجلد واللافقاريات الحبلية,51,51,50,1,10,TAH-BIO-BIO26-L09-Q010,BIO26-PDF051-L09-S1-Q010,شوكيات الجلد واللافقاريات الحبلية,BIO26-M09,المفصليات وشوكيات الجلد واللافقاريات الحبلية,BIO26-S09-03,شوكيات الجلد واللافقاريات الحبلية,تجميعات الأحياء 2026 — مفتاح الإجابة في PDF p.51,C,2,NOT_STARTED,,NOT_RUN,PRE_CROP_RANGE_FROZEN_V1
9,BIO26-L09,أحياء 2,شوكيات الجلد واللافقاريات الحبلية,51,51,50,1,11,TAH-BIO-BIO26-L09-Q011,BIO26-PDF051-L09-S1-Q011,شوكيات الجلد واللافقاريات الحبلية,BIO26-M09,المفصليات وشوكيات الجلد واللافقاريات الحبلية,BIO26-S09-03,شوكيات الجلد واللافقاريات الحبلية,تجميعات الأحياء 2026 — مفتاح الإجابة في PDF p.51,C,2,NOT_STARTED,,NOT_RUN,PRE_CROP_RANGE_FROZEN_V1
9,BIO26-L09,أحياء 2,شوكيات الجلد واللافقاريات الحبلية,51,51,50,1,12,TAH-BIO-BIO26-L09-Q012,BIO26-PDF051-L09-S1-Q012,شوكيات الجلد واللافقاريات الحبلية,BIO26-M09,المفصليات وشوكيات الجلد واللافقاريات الحبلية,BIO26-S09-03,شوكيات الجلد واللافقاريات الحبلية,تجميعات الأحياء 2026 — مفتاح الإجابة في PDF p.51,B,1,NOT_STARTED,,NOT_RUN,PRE_CROP_RANGE_FROZEN_V1
9,BIO26-L09,أحياء 2,شوكيات الجلد واللافقاريات الحبلية,51,51,50,1,13,TAH-BIO-BIO26-L09-Q013,BIO26-PDF051-L09-S1-Q013,شوكيات الجلد واللافقاريات الحبلية,BIO26-M09,المفصليات وشوكيات الجلد واللافقاريات الحبلية,BIO26-S09-03,شوكيات الجلد واللافقاريات الحبلية,تجميعات الأحياء 2026 — مفتاح الإجابة في PDF p.51,A,0,NOT_STARTED,,NOT_RUN,PRE_CROP_RANGE_FROZEN_V1
9,BIO26-L09,أحياء 2,شوكيات الجلد واللافقاريات الحبلية,51,51,50,1,14,TAH-BIO-BIO26-L09-Q014,BIO26-PDF051-L09-S1-Q014,شوكيات الجلد واللافقاريات الحبلية,BIO26-M09,المفصليات وشوكيات الجلد واللافقاريات الحبلية,BIO26-S09-03,شوكيات الجلد واللافقاريات الحبلية,تجميعات الأحياء 2026 — مفتاح الإجابة في PDF p.51,D,3,NOT_STARTED,,NOT_RUN,PRE_CROP_RANGE_FROZEN_V1
9,BIO26-L09,أحياء 2,شوكيات الجلد واللافقاريات الحبلية,51,51,50,1,15,TAH-BIO-BIO26-L09-Q015,BIO26-PDF051-L09-S1-Q015,شوكيات الجلد واللافقاريات الحبلية,BIO26-M09,المفصليات وشوكيات الجلد واللافقاريات الحبلية,BIO26-S09-03,شوكيات الجلد واللافقاريات الحبلية,تجميعات الأحياء 2026 — مفتاح الإجابة في PDF p.51,C,2,NOT_STARTED,,NOT_RUN,PRE_CROP_RANGE_FROZEN_V1
9,BIO26-L09,أحياء 2,شوكيات الجلد واللافقاريات الحبلية,51,51,50,1,16,TAH-BIO-BIO26-L09-Q016,BIO26-PDF051-L09-S1-Q016,شوكيات الجلد واللافقاريات الحبلية,BIO26-M09,المفصليات وشوكيات الجلد واللافقاريات الحبلية,BIO26-S09-03,شوكيات الجلد واللافقاريات الحبلية,تجميعات الأحياء 2026 — مفتاح الإجابة في PDF p.51,D,3,NOT_STARTED,,NOT_RUN,PRE_CROP_RANGE_FROZEN_V1
9,BIO26-L09,أحياء 2,شوكيات الجلد واللافقاريات الحبلية,51,51,50,1,17,TAH-BIO-BIO26-L09-Q017,BIO26-PDF051-L09-S1-Q017,شوكيات الجلد واللافقاريات الحبلية,BIO26-M09,المفصليات وشوكيات الجلد واللافقاريات الحبلية,BIO26-S09-03,شوكيات الجلد واللافقاريات الحبلية,تجميعات الأحياء 2026 — مفتاح الإجابة في PDF p.51,B,1,NOT_STARTED,,NOT_RUN,PRE_CROP_RANGE_FROZEN_V1
9,BIO26-L09,أحياء 2,شوكيات الجلد واللافقاريات الحبلية,51,51,50,1,18,TAH-BIO-BIO26-L09-Q018,BIO26-PDF051-L09-S1-Q018,شوكيات الجلد واللافقاريات الحبلية,BIO26-M09,المفصليات وشوكيات الجلد واللافقاريات الحبلية,BIO26-S09-03,شوكيات الجلد واللافقاريات الحبلية,تجميعات الأحياء 2026 — مفتاح الإجابة في PDF p.51,B,1,NOT_STARTED,,NOT_RUN,PRE_CROP_RANGE_FROZEN_V1
9,BIO26-L09,أحياء 2,شوكيات الجلد واللافقاريات الحبلية,52,52,51,1,19,TAH-BIO-BIO26-L09-Q019,BIO26-PDF052-L09-S1-Q019,شوكيات الجلد واللافقاريات الحبلية,BIO26-M09,المفصليات وشوكيات الجلد واللافقاريات الحبلية,BIO26-S09-03,شوكيات الجلد واللافقاريات الحبلية,تجميعات الأحياء 2026 — مفتاح الإجابة في PDF p.52,B,1,NOT_STARTED,,NOT_RUN,PRE_CROP_RANGE_FROZEN_V1
9,BIO26-L09,أحياء 2,شوكيات الجلد واللافقاريات الحبلية,52,52,51,1,20,TAH-BIO-BIO26-L09-Q020,BIO26-PDF052-L09-S1-Q020,شوكيات الجلد واللافقاريات الحبلية,BIO26-M09,المفصليات وشوكيات الجلد واللافقاريات الحبلية,BIO26-S09-03,شوكيات الجلد واللافقاريات الحبلية,تجميعات الأحياء 2026 — مفتاح الإجابة في PDF p.52,B,1,NOT_STARTED,,NOT_RUN,PRE_CROP_RANGE_FROZEN_V1
9,BIO26-L09,أحياء 2,شوكيات الجلد واللافقاريات الحبلية,52,52,51,1,21,TAH-BIO-BIO26-L09-Q021,BIO26-PDF052-L09-S1-Q021,شوكيات الجلد واللافقاريات الحبلية,BIO26-M09,المفصليات وشوكيات الجلد واللافقاريات الحبلية,BIO26-S09-03,شوكيات الجلد واللافقاريات الحبلية,تجميعات الأحياء 2026 — مفتاح الإجابة في PDF p.52,A,0,NOT_STARTED,,NOT_RUN,PRE_CROP_RANGE_FROZEN_V1
9,BIO26-L09,أحياء 2,شوكيات الجلد واللافقاريات الحبلية,52,52,51,1,22,TAH-BIO-BIO26-L09-Q022,BIO26-PDF052-L09-S1-Q022,شوكيات الجلد واللافقاريات الحبلية,BIO26-M09,المفصليات وشوكيات الجلد واللافقاريات الحبلية,BIO26-S09-03,شوكيات الجلد واللافقاريات الحبلية,تجميعات الأحياء 2026 — مفتاح الإجابة في PDF p.52,B,1,NOT_STARTED,,NOT_RUN,PRE_CROP_RANGE_FROZEN_V1
9,BIO26-L09,أحياء 2,شوكيات الجلد واللافقاريات الحبلية,52,52,51,1,23,TAH-BIO-BIO26-L09-Q023,BIO26-PDF052-L09-S1-Q023,شوكيات الجلد واللافقاريات الحبلية,BIO26-M09,المفصليات وشوكيات الجلد واللافقاريات الحبلية,BIO26-S09-03,شوكيات الجلد واللافقاريات الحبلية,تجميعات الأحياء 2026 — مفتاح الإجابة في PDF p.52,C,2,NOT_STARTED,,NOT_RUN,PRE_CROP_RANGE_FROZEN_V1
9,BIO26-L09,أحياء 2,شوكيات الجلد واللافقاريات الحبلية,52,52,51,1,24,TAH-BIO-BIO26-L09-Q024,BIO26-PDF052-L09-S1-Q024,شوكيات الجلد واللافقاريات الحبلية,BIO26-M09,المفصليات وشوكيات الجلد واللافقاريات الحبلية,BIO26-S09-03,شوكيات الجلد واللافقاريات الحبلية,تجميعات الأحياء 2026 — مفتاح الإجابة في PDF p.52,B,1,NOT_STARTED,,NOT_RUN,PRE_CROP_RANGE_FROZEN_V1
9,BIO26-L09,أحياء 2,شوكيات الجلد واللافقاريات الحبلية,52,52,51,1,25,TAH-BIO-BIO26-L09-Q025,BIO26-PDF052-L09-S1-Q025,شوكيات الجلد واللافقاريات الحبلية,BIO26-M09,المفصليات وشوكيات الجلد واللافقاريات الحبلية,BIO26-S09-03,شوكيات الجلد واللافقاريات الحبلية,تجميعات الأحياء 2026 — مفتاح الإجابة في PDF p.52,A,0,NOT_STARTED,,NOT_RUN,PRE_CROP_RANGE_FROZEN_V1
9,BIO26-L09,أحياء 2,شوكيات الجلد واللافقاريات الحبلية,53,53,52,2,26,TAH-BIO-BIO26-L09-Q026,BIO26-PDF053-L09-S2-Q026,شوكيات الجلد واللافقاريات الحبلية,BIO26-M09,المفصليات وشوكيات الجلد واللافقاريات الحبلية,BIO26-S09-03,شوكيات الجلد واللافقاريات الحبلية,تجميعات الأحياء 2026 — مفتاح الإجابة في PDF p.53,B,1,NOT_STARTED,,NOT_RUN,PRE_CROP_RANGE_FROZEN_V1
9,BIO26-L09,أحياء 2,شوكيات الجلد واللافقاريات الحبلية,53,53,52,2,27,TAH-BIO-BIO26-L09-Q027,BIO26-PDF053-L09-S2-Q027,شوكيات الجلد واللافقاريات الحبلية,BIO26-M09,المفصليات وشوكيات الجلد واللافقاريات الحبلية,BIO26-S09-03,شوكيات الجلد واللافقاريات الحبلية,تجميعات الأحياء 2026 — مفتاح الإجابة في PDF p.53,B,1,NOT_STARTED,,NOT_RUN,PRE_CROP_RANGE_FROZEN_V1
9,BIO26-L09,أحياء 2,شوكيات الجلد واللافقاريات الحبلية,53,53,52,2,28,TAH-BIO-BIO26-L09-Q028,BIO26-PDF053-L09-S2-Q028,شوكيات الجلد واللافقاريات الحبلية,BIO26-M09,المفصليات وشوكيات الجلد واللافقاريات الحبلية,BIO26-S09-03,شوكيات الجلد واللافقاريات الحبلية,تجميعات الأحياء 2026 — مفتاح الإجابة في PDF p.53,C,2,NOT_STARTED,,NOT_RUN,PRE_CROP_RANGE_FROZEN_V1
9,BIO26-L09,أحياء 2,شوكيات الجلد واللافقاريات الحبلية,53,53,52,2,29,TAH-BIO-BIO26-L09-Q029,BIO26-PDF053-L09-S2-Q029,شوكيات الجلد واللافقاريات الحبلية,BIO26-M09,المفصليات وشوكيات الجلد واللافقاريات الحبلية,BIO26-S09-03,شوكيات الجلد واللافقاريات الحبلية,تجميعات الأحياء 2026 — مفتاح الإجابة في PDF p.53,A,0,NOT_STARTED,,NOT_RUN,PRE_CROP_RANGE_FROZEN_V1
9,BIO26-L09,أحياء 2,شوكيات الجلد واللافقاريات الحبلية,53,53,52,2,30,TAH-BIO-BIO26-L09-Q030,BIO26-PDF053-L09-S2-Q030,شوكيات الجلد واللافقاريات الحبلية,BIO26-M09,المفصليات وشوكيات الجلد واللافقاريات الحبلية,BIO26-S09-03,شوكيات الجلد واللافقاريات الحبلية,تجميعات الأحياء 2026 — مفتاح الإجابة في PDF p.53,B,1,NOT_STARTED,,NOT_RUN,PRE_CROP_RANGE_FROZEN_V1
9,BIO26-L09,أحياء 2,شوكيات الجلد واللافقاريات الحبلية,53,53,52,2,31,TAH-BIO-BIO26-L09-Q031,BIO26-PDF053-L09-S2-Q031,شوكيات الجلد واللافقاريات الحبلية,BIO26-M09,المفصليات وشوكيات الجلد واللافقاريات الحبلية,BIO26-S09-03,شوكيات الجلد واللافقاريات الحبلية,تجميعات الأحياء 2026 — مفتاح الإجابة في PDF p.53,A,0,NOT_STARTED,,NOT_RUN,PRE_CROP_RANGE_FROZEN_V1
9,BIO26-L09,أحياء 2,شوكيات الجلد واللافقاريات الحبلية,53,53,52,2,32,TAH-BIO-BIO26-L09-Q032,BIO26-PDF053-L09-S2-Q032,شوكيات الجلد واللافقاريات الحبلية,BIO26-M09,المفصليات وشوكيات الجلد واللافقاريات الحبلية,BIO26-S09-03,شوكيات الجلد واللافقاريات الحبلية,تجميعات الأحياء 2026 — مفتاح الإجابة في PDF p.53,C,2,NOT_STARTED,,NOT_RUN,PRE_CROP_RANGE_FROZEN_V1
9,BIO26-L09,أحياء 2,شوكيات الجلد واللافقاريات الحبلية,53,53,52,2,33,TAH-BIO-BIO26-L09-Q033,BIO26-PDF053-L09-S2-Q033,شوكيات الجلد واللافقاريات الحبلية,BIO26-M09,المفصليات وشوكيات الجلد واللافقاريات الحبلية,BIO26-S09-03,شوكيات الجلد واللافقاريات الحبلية,تجميعات الأحياء 2026 — مفتاح الإجابة في PDF p.53,D,3,NOT_STARTED,,NOT_RUN,PRE_CROP_RANGE_FROZEN_V1
9,BIO26-L09,أحياء 2,شوكيات الجلد واللافقاريات الحبلية,53,53,52,2,34,TAH-BIO-BIO26-L09-Q034,BIO26-PDF053-L09-S2-Q034,شوكيات الجلد واللافقاريات الحبلية,BIO26-M09,المفصليات وشوكيات الجلد واللافقاريات الحبلية,BIO26-S09-03,شوكيات الجلد واللافقاريات الحبلية,تجميعات الأحياء 2026 — مفتاح الإجابة في PDF p.53,A,0,NOT_STARTED,,NOT_RUN,PRE_CROP_RANGE_FROZEN_V1
9,BIO26-L09,أحياء 2,شوكيات الجلد واللافقاريات الحبلية,53,53,52,2,35,TAH-BIO-BIO26-L09-Q035,BIO26-PDF053-L09-S2-Q035,شوكيات الجلد واللافقاريات الحبلية,BIO26-M09,المفصليات وشوكيات الجلد واللافقاريات الحبلية,BIO26-S09-03,شوكيات الجلد واللافقاريات الحبلية,تجميعات الأحياء 2026 — مفتاح الإجابة في PDF p.53,C,2,NOT_STARTED,,NOT_RUN,PRE_CROP_RANGE_FROZEN_V1
9,BIO26-L09,أحياء 2,شوكيات الجلد واللافقاريات الحبلية,53,53,52,2,36,TAH-BIO-BIO26-L09-Q036,BIO26-PDF053-L09-S2-Q036,شوكيات الجلد واللافقاريات الحبلية,BIO26-M09,المفصليات وشوكيات الجلد واللافقاريات الحبلية,BIO26-S09-03,شوكيات الجلد واللافقاريات الحبلية,تجميعات الأحياء 2026 — مفتاح الإجابة في PDF p.53,A,0,NOT_STARTED,,NOT_RUN,PRE_CROP_RANGE_FROZEN_V1
9,BIO26-L09,أحياء 2,شوكيات الجلد واللافقاريات الحبلية,53,53,52,2,37,TAH-BIO-BIO26-L09-Q037,BIO26-PDF053-L09-S2-Q037,شوكيات الجلد واللافقاريات الحبلية,BIO26-M09,المفصليات وشوكيات الجلد واللافقاريات الحبلية,BIO26-S09-03,شوكيات الجلد واللافقاريات الحبلية,تجميعات الأحياء 2026 — مفتاح الإجابة في PDF p.53,A,0,NOT_STARTED,,NOT_RUN,PRE_CROP_RANGE_FROZEN_V1
9,BIO26-L09,أحياء 2,شوكيات الجلد واللافقاريات الحبلية,53,53,52,2,38,TAH-BIO-BIO26-L09-Q038,BIO26-PDF053-L09-S2-Q038,شوكيات الجلد واللافقاريات الحبلية,BIO26-M09,المفصليات وشوكيات الجلد واللافقاريات الحبلية,BIO26-S09-03,شوكيات الجلد واللافقاريات الحبلية,تجميعات الأحياء 2026 — مفتاح الإجابة في PDF p.53,D,3,NOT_STARTED,,NOT_RUN,PRE_CROP_RANGE_FROZEN_V1
9,BIO26-L09,أحياء 2,شوكيات الجلد واللافقاريات الحبلية,53,53,52,2,39,TAH-BIO-BIO26-L09-Q039,BIO26-PDF053-L09-S2-Q039,شوكيات الجلد واللافقاريات الحبلية,BIO26-M09,المفصليات وشوكيات الجلد واللافقاريات الحبلية,BIO26-S09-03,شوكيات الجلد واللافقاريات الحبلية,تجميعات الأحياء 2026 — مفتاح الإجابة في PDF p.53,D,3,NOT_STARTED,,NOT_RUN,PRE_CROP_RANGE_FROZEN_V1
9,BIO26-L09,أحياء 2,شوكيات الجلد واللافقاريات الحبلية,53,53,52,2,40,TAH-BIO-BIO26-L09-Q040,BIO26-PDF053-L09-S2-Q040,شوكيات الجلد واللافقاريات الحبلية,BIO26-M09,المفصليات وشوكيات الجلد واللافقاريات الحبلية,BIO26-S09-03,شوكيات الجلد واللافقاريات الحبلية,تجميعات الأحياء 2026 — مفتاح الإجابة في PDF p.53,B,1,NOT_STARTED,,NOT_RUN,PRE_CROP_RANGE_FROZEN_V1
9,BIO26-L09,أحياء 2,شوكيات الجلد واللافقاريات الحبلية,53,53,52,2,41,TAH-BIO-BIO26-L09-Q041,BIO26-PDF053-L09-S2-Q041,شوكيات الجلد واللافقاريات الحبلية,BIO26-M09,المفصليات وشوكيات الجلد واللافقاريات الحبلية,BIO26-S09-03,شوكيات الجلد واللافقاريات الحبلية,تجميعات الأحياء 2026 — مفتاح الإجابة في PDF p.53,C,2,NOT_STARTED,,NOT_RUN,PRE_CROP_RANGE_FROZEN_V1
9,BIO26-L09,أحياء 2,شوكيات الجلد واللافقاريات الحبلية,54,54,53,2,42,TAH-BIO-BIO26-L09-Q042,BIO26-PDF054-L09-S2-Q042,شوكيات الجلد واللافقاريات الحبلية,BIO26-M09,المفصليات وشوكيات الجلد واللافقاريات الحبلية,BIO26-S09-03,شوكيات الجلد واللافقاريات الحبلية,تجميعات الأحياء 2026 — مفتاح الإجابة في PDF p.54,A,0,NOT_STARTED,,NOT_RUN,PRE_CROP_RANGE_FROZEN_V1
9,BIO26-L09,أحياء 2,شوكيات الجلد واللافقاريات الحبلية,54,54,53,2,43,TAH-BIO-BIO26-L09-Q043,BIO26-PDF054-L09-S2-Q043,شوكيات الجلد واللافقاريات الحبلية,BIO26-M09,المفصليات وشوكيات الجلد واللافقاريات الحبلية,BIO26-S09-03,شوكيات الجلد واللافقاريات الحبلية,تجميعات الأحياء 2026 — مفتاح الإجابة في PDF p.54,D,3,NOT_STARTED,,NOT_RUN,PRE_CROP_RANGE_FROZEN_V1
9,BIO26-L09,أحياء 2,شوكيات الجلد واللافقاريات الحبلية,54,54,53,2,44,TAH-BIO-BIO26-L09-Q044,BIO26-PDF054-L09-S2-Q044,شوكيات الجلد واللافقاريات الحبلية,BIO26-M09,المفصليات وشوكيات الجلد واللافقاريات الحبلية,BIO26-S09-03,شوكيات الجلد واللافقاريات الحبلية,تجميعات الأحياء 2026 — مفتاح الإجابة في PDF p.54,C,2,NOT_STARTED,,NOT_RUN,PRE_CROP_RANGE_FROZEN_V1
9,BIO26-L09,أحياء 2,شوكيات الجلد واللافقاريات الحبلية,54,54,53,2,45,TAH-BIO-BIO26-L09-Q045,BIO26-PDF054-L09-S2-Q045,شوكيات الجلد واللافقاريات الحبلية,BIO26-M09,المفصليات وشوكيات الجلد واللافقاريات الحبلية,BIO26-S09-03,شوكيات الجلد واللافقاريات الحبلية,تجميعات الأحياء 2026 — مفتاح الإجابة في PDF p.54,A,0,NOT_STARTED,,NOT_RUN,PRE_CROP_RANGE_FROZEN_V1
9,BIO26-L09,أحياء 2,شوكيات الجلد واللافقاريات الحبلية,54,54,53,2,46,TAH-BIO-BIO26-L09-Q046,BIO26-PDF054-L09-S2-Q046,شوكيات الجلد واللافقاريات الحبلية,BIO26-M09,المفصليات وشوكيات الجلد واللافقاريات الحبلية,BIO26-S09-03,شوكيات الجلد واللافقاريات الحبلية,تجميعات الأحياء 2026 — مفتاح الإجابة في PDF p.54,D,3,NOT_STARTED,,NOT_RUN,PRE_CROP_RANGE_FROZEN_V1
9,BIO26-L09,أحياء 2,شوكيات الجلد واللافقاريات الحبلية,54,54,53,2,47,TAH-BIO-BIO26-L09-Q047,BIO26-PDF054-L09-S2-Q047,شوكيات الجلد واللافقاريات الحبلية,BIO26-M09,المفصليات وشوكيات الجلد واللافقاريات الحبلية,BIO26-S09-03,شوكيات الجلد واللافقاريات الحبلية,تجميعات الأحياء 2026 — مفتاح الإجابة في PDF p.54,A,0,NOT_STARTED,,NOT_RUN,PRE_CROP_RANGE_FROZEN_V1
9,BIO26-L09,أحياء 2,شوكيات الجلد واللافقاريات الحبلية,54,54,53,2,48,TAH-BIO-BIO26-L09-Q048,BIO26-PDF054-L09-S2-Q048,شوكيات الجلد واللافقاريات الحبلية,BIO26-M09,المفصليات وشوكيات الجلد واللافقاريات الحبلية,BIO26-S09-03,شوكيات الجلد واللافقاريات الحبلية,تجميعات الأحياء 2026 — مفتاح الإجابة في PDF p.54,B,1,NOT_STARTED,,NOT_RUN,PRE_CROP_RANGE_FROZEN_V1
9,BIO26-L09,أحياء 2,شوكيات الجلد واللافقاريات الحبلية,54,54,53,2,49,TAH-BIO-BIO26-L09-Q049,BIO26-PDF054-L09-S2-Q049,شوكيات الجلد واللافقاريات الحبلية,BIO26-M09,المفصليات وشوكيات الجلد واللافقاريات الحبلية,BIO26-S09-03,شوكيات الجلد واللافقاريات الحبلية,تجميعات الأحياء 2026 — مفتاح الإجابة في PDF p.54,C,2,NOT_STARTED,,NOT_RUN,PRE_CROP_RANGE_FROZEN_V1
9,BIO26-L09,أحياء 2,شوكيات الجلد واللافقاريات الحبلية,54,54,53,2,50,TAH-BIO-BIO26-L09-Q050,BIO26-PDF054-L09-S2-Q050,شوكيات الجلد واللافقاريات الحبلية,BIO26-M09,المفصليات وشوكيات الجلد واللافقاريات الحبلية,BIO26-S09-03,شوكيات الجلد واللافقاريات الحبلية,تجميعات الأحياء 2026 — مفتاح الإجابة في PDF p.54,D,3,NOT_STARTED,,NOT_RUN,PRE_CROP_RANGE_FROZEN_V1
9,BIO26-L09,أحياء 2,شوكيات الجلد واللافقاريات الحبلية,54,54,53,2,51,TAH-BIO-BIO26-L09-Q051,BIO26-PDF054-L09-S2-Q051,شوكيات الجلد واللافقاريات الحبلية,BIO26-M09,المفصليات وشوكيات الجلد واللافقاريات الحبلية,BIO26-S09-03,شوكيات الجلد واللافقاريات الحبلية,تجميعات الأحياء 2026 — مفتاح الإجابة في PDF p.54,D,3,NOT_STARTED,,NOT_RUN,PRE_CROP_RANGE_FROZEN_V1
9,BIO26-L09,أحياء 2,شوكيات الجلد واللافقاريات الحبلية,54,54,53,2,52,TAH-BIO-BIO26-L09-Q052,BIO26-PDF054-L09-S2-Q052,شوكيات الجلد واللافقاريات الحبلية,BIO26-M09,المفصليات وشوكيات الجلد واللافقاريات الحبلية,BIO26-S09-03,شوكيات الجلد واللافقاريات الحبلية,تجميعات الأحياء 2026 — مفتاح الإجابة في PDF p.54,C,2,NOT_STARTED,,NOT_RUN,PRE_CROP_RANGE_FROZEN_V1
9,BIO26-L09,أحياء 2,شوكيات الجلد واللافقاريات الحبلية,54,54,53,2,53,TAH-BIO-BIO26-L09-Q053,BIO26-PDF054-L09-S2-Q053,شوكيات الجلد واللافقاريات الحبلية,BIO26-M09,المفصليات وشوكيات الجلد واللافقاريات الحبلية,BIO26-S09-03,شوكيات الجلد واللافقاريات الحبلية,تجميعات الأحياء 2026 — مفتاح الإجابة في PDF p.54,A,0,NOT_STARTED,,NOT_RUN,PRE_CROP_RANGE_FROZEN_V1
9,BIO26-L09,أحياء 2,شوكيات الجلد واللافقاريات الحبلية,54,54,53,2,54,TAH-BIO-BIO26-L09-Q054,BIO26-PDF054-L09-S2-Q054,شوكيات الجلد واللافقاريات الحبلية,BIO26-M09,المفصليات وشوكيات الجلد واللافقاريات الحبلية,BIO26-S09-03,شوكيات الجلد واللافقاريات الحبلية,تجميعات الأحياء 2026 — مفتاح الإجابة في PDF p.54,C,2,NOT_STARTED,,NOT_RUN,PRE_CROP_RANGE_FROZEN_V1
9,BIO26-L09,أحياء 2,شوكيات الجلد واللافقاريات الحبلية,54,54,53,2,55,TAH-BIO-BIO26-L09-Q055,BIO26-PDF054-L09-S2-Q055,شوكيات الجلد واللافقاريات الحبلية,BIO26-M09,المفصليات وشوكيات الجلد واللافقاريات الحبلية,BIO26-S09-03,شوكيات الجلد واللافقاريات الحبلية,تجميعات الأحياء 2026 — مفتاح الإجابة في PDF p.54,C,2,NOT_STARTED,,NOT_RUN,PRE_CROP_RANGE_FROZEN_V1
9,BIO26-L09,أحياء 2,شوكيات الجلد واللافقاريات الحبلية,54,54,53,2,56,TAH-BIO-BIO26-L09-Q056,BIO26-PDF054-L09-S2-Q056,شوكيات الجلد واللافقاريات الحبلية,BIO26-M09,المفصليات وشوكيات الجلد واللافقاريات الحبلية,BIO26-S09-03,شوكيات الجلد واللافقاريات الحبلية,تجميعات الأحياء 2026 — مفتاح الإجابة في PDF p.54,C,2,NOT_STARTED,,NOT_RUN,PRE_CROP_RANGE_FROZEN_V1
9,BIO26-L09,أحياء 2,شوكيات الجلد واللافقاريات الحبلية,54,54,53,2,57,TAH-BIO-BIO26-L09-Q057,BIO26-PDF054-L09-S2-Q057,شوكيات الجلد واللافقاريات الحبلية,BIO26-M09,المفصليات وشوكيات الجلد واللافقاريات الحبلية,BIO26-S09-03,شوكيات الجلد واللافقاريات الحبلية,تجميعات الأحياء 2026 — مفتاح الإجابة في PDF p.54,D,3,NOT_STARTED,,NOT_RUN,PRE_CROP_RANGE_FROZEN_V1
10,BIO26-L10,أحياء 2,الأسماك,55,55,54,1,1,TAH-BIO-BIO26-L10-Q001,BIO26-PDF055-L10-S1-Q001,الأسماك: الخصائص والتصنيف والتكيفات,BIO26-M10,الفقاريات والمقارنات بينها,BIO26-S10-01,الأسماك: الخصائص والتصنيف والتكيفات,تجميعات الأحياء 2026 — مفتاح الإجابة في PDF p.55,A,0,NOT_STARTED,,NOT_RUN,PRE_CROP_RANGE_FROZEN_V1
10,BIO26-L10,أحياء 2,الأسماك,55,55,54,1,2,TAH-BIO-BIO26-L10-Q002,BIO26-PDF055-L10-S1-Q002,الأسماك: الخصائص والتصنيف والتكيفات,BIO26-M10,الفقاريات والمقارنات بينها,BIO26-S10-01,الأسماك: الخصائص والتصنيف والتكيفات,تجميعات الأحياء 2026 — مفتاح الإجابة في PDF p.55,A,0,NOT_STARTED,,NOT_RUN,PRE_CROP_RANGE_FROZEN_V1
10,BIO26-L10,أحياء 2,الأسماك,55,55,54,1,3,TAH-BIO-BIO26-L10-Q003,BIO26-PDF055-L10-S1-Q003,الأسماك: الخصائص والتصنيف والتكيفات,BIO26-M10,الفقاريات والمقارنات بينها,BIO26-S10-01,الأسماك: الخصائص والتصنيف والتكيفات,تجميعات الأحياء 2026 — مفتاح الإجابة في PDF p.55,C,2,NOT_STARTED,,NOT_RUN,PRE_CROP_RANGE_FROZEN_V1
10,BIO26-L10,أحياء 2,الأسماك,55,55,54,1,4,TAH-BIO-BIO26-L10-Q004,BIO26-PDF055-L10-S1-Q004,الأسماك: الخصائص والتصنيف والتكيفات,BIO26-M10,الفقاريات والمقارنات بينها,BIO26-S10-01,الأسماك: الخصائص والتصنيف والتكيفات,تجميعات الأحياء 2026 — مفتاح الإجابة في PDF p.55,A,0,NOT_STARTED,,NOT_RUN,PRE_CROP_RANGE_FROZEN_V1
10,BIO26-L10,أحياء 2,الأسماك,55,55,54,1,5,TAH-BIO-BIO26-L10-Q005,BIO26-PDF055-L10-S1-Q005,الأسماك: الخصائص والتصنيف والتكيفات,BIO26-M10,الفقاريات والمقارنات بينها,BIO26-S10-01,الأسماك: الخصائص والتصنيف والتكيفات,تجميعات الأحياء 2026 — مفتاح الإجابة في PDF p.55,A,0,NOT_STARTED,,NOT_RUN,PRE_CROP_RANGE_FROZEN_V1
10,BIO26-L10,أحياء 2,الأسماك,55,55,54,1,6,TAH-BIO-BIO26-L10-Q006,BIO26-PDF055-L10-S1-Q006,الأسماك: الخصائص والتصنيف والتكيفات,BIO26-M10,الفقاريات والمقارنات بينها,BIO26-S10-01,الأسماك: الخصائص والتصنيف والتكيفات,تجميعات الأحياء 2026 — مفتاح الإجابة في PDF p.55,D,3,NOT_STARTED,,NOT_RUN,PRE_CROP_RANGE_FROZEN_V1
10,BIO26-L10,أحياء 2,الأسماك,55,55,54,1,7,TAH-BIO-BIO26-L10-Q007,BIO26-PDF055-L10-S1-Q007,الأسماك: الخصائص والتصنيف والتكيفات,BIO26-M10,الفقاريات والمقارنات بينها,BIO26-S10-01,الأسماك: الخصائص والتصنيف والتكيفات,تجميعات الأحياء 2026 — مفتاح الإجابة في PDF p.55,A,0,NOT_STARTED,,NOT_RUN,PRE_CROP_RANGE_FROZEN_V1
10,BIO26-L10,أحياء 2,الأسماك,55,55,54,1,8,TAH-BIO-BIO26-L10-Q008,BIO26-PDF055-L10-S1-Q008,الأسماك: الخصائص والتصنيف والتكيفات,BIO26-M10,الفقاريات والمقارنات بينها,BIO26-S10-01,الأسماك: الخصائص والتصنيف والتكيفات,تجميعات الأحياء 2026 — مفتاح الإجابة في PDF p.55,B,1,NOT_STARTED,,NOT_RUN,PRE_CROP_RANGE_FROZEN_V1
10,BIO26-L10,أحياء 2,الأسماك,55,55,54,1,9,TAH-BIO-BIO26-L10-Q009,BIO26-PDF055-L10-S1-Q009,الأسماك: الخصائص والتصنيف والتكيفات,BIO26-M10,الفقاريات والمقارنات بينها,BIO26-S10-01,الأسماك: الخصائص والتصنيف والتكيفات,تجميعات الأحياء 2026 — مفتاح الإجابة في PDF p.55,A,0,NOT_STARTED,,NOT_RUN,PRE_CROP_RANGE_FROZEN_V1
10,BIO26-L10,أحياء 2,الأسماك,55,55,54,1,10,TAH-BIO-BIO26-L10-Q010,BIO26-PDF055-L10-S1-Q010,الأسماك: الخصائص والتصنيف والتكيفات,BIO26-M10,الفقاريات والمقارنات بينها,BIO26-S10-01,الأسماك: الخصائص والتصنيف والتكيفات,تجميعات الأحياء 2026 — مفتاح الإجابة في PDF p.55,B,1,NOT_STARTED,,NOT_RUN,PRE_CROP_RANGE_FROZEN_V1
10,BIO26-L10,أحياء 2,الأسماك,55,55,54,1,11,TAH-BIO-BIO26-L10-Q011,BIO26-PDF055-L10-S1-Q011,الأسماك: الخصائص والتصنيف والتكيفات,BIO26-M10,الفقاريات والمقارنات بينها,BIO26-S10-01,الأسماك: الخصائص والتصنيف والتكيفات,تجميعات الأحياء 2026 — مفتاح الإجابة في PDF p.55,B,1,NOT_STARTED,,NOT_RUN,PRE_CROP_RANGE_FROZEN_V1
10,BIO26-L10,أحياء 2,الأسماك,55,55,54,1,12,TAH-BIO-BIO26-L10-Q012,BIO26-PDF055-L10-S1-Q012,الأسماك: الخصائص والتصنيف والتكيفات,BIO26-M10,الفقاريات والمقارنات بينها,BIO26-S10-01,الأسماك: الخصائص والتصنيف والتكيفات,تجميعات الأحياء 2026 — مفتاح الإجابة في PDF p.55,A,0,NOT_STARTED,,NOT_RUN,PRE_CROP_RANGE_FROZEN_V1
10,BIO26-L10,أحياء 2,الأسماك,55,55,54,1,13,TAH-BIO-BIO26-L10-Q013,BIO26-PDF055-L10-S1-Q013,الأسماك: الخصائص والتصنيف والتكيفات,BIO26-M10,الفقاريات والمقارنات بينها,BIO26-S10-01,الأسماك: الخصائص والتصنيف والتكيفات,تجميعات الأحياء 2026 — مفتاح الإجابة في PDF p.55,B,1,NOT_STARTED,,NOT_RUN,PRE_CROP_RANGE_FROZEN_V1
10,BIO26-L10,أحياء 2,الأسماك,55,55,54,1,14,TAH-BIO-BIO26-L10-Q014,BIO26-PDF055-L10-S1-Q014,الأسماك: الخصائص والتصنيف والتكيفات,BIO26-M10,الفقاريات والمقارنات بينها,BIO26-S10-01,الأسماك: الخصائص والتصنيف والتكيفات,تجميعات الأحياء 2026 — مفتاح الإجابة في PDF p.55,A,0,NOT_STARTED,,NOT_RUN,PRE_CROP_RANGE_FROZEN_V1
10,BIO26-L10,أحياء 2,الأسماك,55,55,54,1,15,TAH-BIO-BIO26-L10-Q015,BIO26-PDF055-L10-S1-Q015,الأسماك: الخصائص والتصنيف والتكيفات,BIO26-M10,الفقاريات والمقارنات بينها,BIO26-S10-01,الأسماك: الخصائص والتصنيف والتكيفات,تجميعات الأحياء 2026 — مفتاح الإجابة في PDF p.55,B,1,NOT_STARTED,,NOT_RUN,PRE_CROP_RANGE_FROZEN_V1
10,BIO26-L10,أحياء 2,الأسماك,55,55,54,1,16,TAH-BIO-BIO26-L10-Q016,BIO26-PDF055-L10-S1-Q016,الأسماك: الخصائص والتصنيف والتكيفات,BIO26-M10,الفقاريات والمقارنات بينها,BIO26-S10-01,الأسماك: الخصائص والتصنيف والتكيفات,تجميعات الأحياء 2026 — مفتاح الإجابة في PDF p.55,A,0,NOT_STARTED,,NOT_RUN,PRE_CROP_RANGE_FROZEN_V1
10,BIO26-L10,أحياء 2,الأسماك,55,55,54,1,17,TAH-BIO-BIO26-L10-Q017,BIO26-PDF055-L10-S1-Q017,الأسماك: الخصائص والتصنيف والتكيفات,BIO26-M10,الفقاريات والمقارنات بينها,BIO26-S10-01,الأسماك: الخصائص والتصنيف والتكيفات,تجميعات الأحياء 2026 — مفتاح الإجابة في PDF p.55,B,1,NOT_STARTED,,NOT_RUN,PRE_CROP_RANGE_FROZEN_V1
10,BIO26-L10,أحياء 2,الأسماك,56,56,55,1,18,TAH-BIO-BIO26-L10-Q018,BIO26-PDF056-L10-S1-Q018,الأسماك: الخصائص والتصنيف والتكيفات,BIO26-M10,الفقاريات والمقارنات بينها,BIO26-S10-01,الأسماك: الخصائص والتصنيف والتكيفات,تجميعات الأحياء 2026 — مفتاح الإجابة في PDF p.56,B,1,NOT_STARTED,,NOT_RUN,PRE_CROP_RANGE_FROZEN_V1
10,BIO26-L10,أحياء 2,الأسماك,56,56,55,1,19,TAH-BIO-BIO26-L10-Q019,BIO26-PDF056-L10-S1-Q019,الأسماك: الخصائص والتصنيف والتكيفات,BIO26-M10,الفقاريات والمقارنات بينها,BIO26-S10-01,الأسماك: الخصائص والتصنيف والتكيفات,تجميعات الأحياء 2026 — مفتاح الإجابة في PDF p.56,B,1,NOT_STARTED,,NOT_RUN,PRE_CROP_RANGE_FROZEN_V1
10,BIO26-L10,أحياء 2,الأسماك,56,56,55,1,20,TAH-BIO-BIO26-L10-Q020,BIO26-PDF056-L10-S1-Q020,الأسماك: الخصائص والتصنيف والتكيفات,BIO26-M10,الفقاريات والمقارنات بينها,BIO26-S10-01,الأسماك: الخصائص والتصنيف والتكيفات,تجميعات الأحياء 2026 — مفتاح الإجابة في PDF p.56,D,3,NOT_STARTED,,NOT_RUN,PRE_CROP_RANGE_FROZEN_V1
10,BIO26-L10,أحياء 2,الأسماك,56,56,55,1,21,TAH-BIO-BIO26-L10-Q021,BIO26-PDF056-L10-S1-Q021,الأسماك: الخصائص والتصنيف والتكيفات,BIO26-M10,الفقاريات والمقارنات بينها,BIO26-S10-01,الأسماك: الخصائص والتصنيف والتكيفات,تجميعات الأحياء 2026 — مفتاح الإجابة في PDF p.56,A,0,NOT_STARTED,,NOT_RUN,PRE_CROP_RANGE_FROZEN_V1
10,BIO26-L10,أحياء 2,الأسماك,56,56,55,1,22,TAH-BIO-BIO26-L10-Q022,BIO26-PDF056-L10-S1-Q022,الأسماك: الخصائص والتصنيف والتكيفات,BIO26-M10,الفقاريات والمقارنات بينها,BIO26-S10-01,الأسماك: الخصائص والتصنيف والتكيفات,تجميعات الأحياء 2026 — مفتاح الإجابة في PDF p.56,B,1,NOT_STARTED,,NOT_RUN,PRE_CROP_RANGE_FROZEN_V1
10,BIO26-L10,أحياء 2,الأسماك,56,56,55,1,23,TAH-BIO-BIO26-L10-Q023,BIO26-PDF056-L10-S1-Q023,الأسماك: الخصائص والتصنيف والتكيفات,BIO26-M10,الفقاريات والمقارنات بينها,BIO26-S10-01,الأسماك: الخصائص والتصنيف والتكيفات,تجميعات الأحياء 2026 — مفتاح الإجابة في PDF p.56,B,1,NOT_STARTED,,NOT_RUN,PRE_CROP_RANGE_FROZEN_V1
10,BIO26-L10,أحياء 2,الأسماك,56,56,55,1,24,TAH-BIO-BIO26-L10-Q024,BIO26-PDF056-L10-S1-Q024,الأسماك: الخصائص والتصنيف والتكيفات,BIO26-M10,الفقاريات والمقارنات بينها,BIO26-S10-01,الأسماك: الخصائص والتصنيف والتكيفات,تجميعات الأحياء 2026 — مفتاح الإجابة في PDF p.56,C,2,NOT_STARTED,,NOT_RUN,PRE_CROP_RANGE_FROZEN_V1
10,BIO26-L10,أحياء 2,الأسماك,56,56,55,1,25,TAH-BIO-BIO26-L10-Q025,BIO26-PDF056-L10-S1-Q025,الأسماك: الخصائص والتصنيف والتكيفات,BIO26-M10,الفقاريات والمقارنات بينها,BIO26-S10-01,الأسماك: الخصائص والتصنيف والتكيفات,تجميعات الأحياء 2026 — مفتاح الإجابة في PDF p.56,A,0,NOT_STARTED,,NOT_RUN,PRE_CROP_RANGE_FROZEN_V1
10,BIO26-L10,أحياء 2,الأسماك,56,56,55,1,26,TAH-BIO-BIO26-L10-Q026,BIO26-PDF056-L10-S1-Q026,الأسماك: الخصائص والتصنيف والتكيفات,BIO26-M10,الفقاريات والمقارنات بينها,BIO26-S10-01,الأسماك: الخصائص والتصنيف والتكيفات,تجميعات الأحياء 2026 — مفتاح الإجابة في PDF p.56,D,3,NOT_STARTED,,NOT_RUN,PRE_CROP_RANGE_FROZEN_V1
10,BIO26-L10,أحياء 2,الأسماك,56,56,55,1,27,TAH-BIO-BIO26-L10-Q027,BIO26-PDF056-L10-S1-Q027,الأسماك: الخصائص والتصنيف والتكيفات,BIO26-M10,الفقاريات والمقارنات بينها,BIO26-S10-01,الأسماك: الخصائص والتصنيف والتكيفات,تجميعات الأحياء 2026 — مفتاح الإجابة في PDF p.56,B,1,NOT_STARTED,,NOT_RUN,PRE_CROP_RANGE_FROZEN_V1
10,BIO26-L10,أحياء 2,الأسماك,56,56,55,1,28,TAH-BIO-BIO26-L10-Q028,BIO26-PDF056-L10-S1-Q028,الأسماك: الخصائص والتصنيف والتكيفات,BIO26-M10,الفقاريات والمقارنات بينها,BIO26-S10-01,الأسماك: الخصائص والتصنيف والتكيفات,تجميعات الأحياء 2026 — مفتاح الإجابة في PDF p.56,A,0,NOT_STARTED,,NOT_RUN,PRE_CROP_RANGE_FROZEN_V1
10,BIO26-L10,أحياء 2,الأسماك,56,56,55,1,29,TAH-BIO-BIO26-L10-Q029,BIO26-PDF056-L10-S1-Q029,الأسماك: الخصائص والتصنيف والتكيفات,BIO26-M10,الفقاريات والمقارنات بينها,BIO26-S10-01,الأسماك: الخصائص والتصنيف والتكيفات,تجميعات الأحياء 2026 — مفتاح الإجابة في PDF p.56,C,2,NOT_STARTED,,NOT_RUN,PRE_CROP_RANGE_FROZEN_V1
10,BIO26-L10,أحياء 2,الأسماك,56,56,55,1,30,TAH-BIO-BIO26-L10-Q030,BIO26-PDF056-L10-S1-Q030,الأسماك: الخصائص والتصنيف والتكيفات,BIO26-M10,الفقاريات والمقارنات بينها,BIO26-S10-01,الأسماك: الخصائص والتصنيف والتكيفات,تجميعات الأحياء 2026 — مفتاح الإجابة في PDF p.56,A,0,NOT_STARTED,,NOT_RUN,PRE_CROP_RANGE_FROZEN_V1
10,BIO26-L10,أحياء 2,الأسماك,57,57,56,1,31,TAH-BIO-BIO26-L10-Q031,BIO26-PDF057-L10-S1-Q031,الأسماك: الخصائص والتصنيف والتكيفات,BIO26-M10,الفقاريات والمقارنات بينها,BIO26-S10-01,الأسماك: الخصائص والتصنيف والتكيفات,تجميعات الأحياء 2026 — مفتاح الإجابة في PDF p.57,C,2,NOT_STARTED,,NOT_RUN,PRE_CROP_RANGE_FROZEN_V1
10,BIO26-L10,أحياء 2,الأسماك,57,57,56,1,32,TAH-BIO-BIO26-L10-Q032,BIO26-PDF057-L10-S1-Q032,الأسماك: الخصائص والتصنيف والتكيفات,BIO26-M10,الفقاريات والمقارنات بينها,BIO26-S10-01,الأسماك: الخصائص والتصنيف والتكيفات,تجميعات الأحياء 2026 — مفتاح الإجابة في PDF p.57,A,0,NOT_STARTED,,NOT_RUN,PRE_CROP_RANGE_FROZEN_V1
10,BIO26-L10,أحياء 2,الأسماك,57,57,56,1,33,TAH-BIO-BIO26-L10-Q033,BIO26-PDF057-L10-S1-Q033,الأسماك: الخصائص والتصنيف والتكيفات,BIO26-M10,الفقاريات والمقارنات بينها,BIO26-S10-01,الأسماك: الخصائص والتصنيف والتكيفات,تجميعات الأحياء 2026 — مفتاح الإجابة في PDF p.57,D,3,NOT_STARTED,,NOT_RUN,PRE_CROP_RANGE_FROZEN_V1
10,BIO26-L10,أحياء 2,الأسماك,57,57,56,1,34,TAH-BIO-BIO26-L10-Q034,BIO26-PDF057-L10-S1-Q034,الأسماك: الخصائص والتصنيف والتكيفات,BIO26-M10,الفقاريات والمقارنات بينها,BIO26-S10-01,الأسماك: الخصائص والتصنيف والتكيفات,تجميعات الأحياء 2026 — مفتاح الإجابة في PDF p.57,D,3,NOT_STARTED,,NOT_RUN,PRE_CROP_RANGE_FROZEN_V1
10,BIO26-L10,أحياء 2,الأسماك,57,57,56,1,35,TAH-BIO-BIO26-L10-Q035,BIO26-PDF057-L10-S1-Q035,الأسماك: الخصائص والتصنيف والتكيفات,BIO26-M10,الفقاريات والمقارنات بينها,BIO26-S10-01,الأسماك: الخصائص والتصنيف والتكيفات,تجميعات الأحياء 2026 — مفتاح الإجابة في PDF p.57,D,3,NOT_STARTED,,NOT_RUN,PRE_CROP_RANGE_FROZEN_V1
10,BIO26-L10,أحياء 2,الأسماك,57,57,56,1,36,TAH-BIO-BIO26-L10-Q036,BIO26-PDF057-L10-S1-Q036,الأسماك: الخصائص والتصنيف والتكيفات,BIO26-M10,الفقاريات والمقارنات بينها,BIO26-S10-01,الأسماك: الخصائص والتصنيف والتكيفات,تجميعات الأحياء 2026 — مفتاح الإجابة في PDF p.57,C,2,NOT_STARTED,,NOT_RUN,PRE_CROP_RANGE_FROZEN_V1
10,BIO26-L10,أحياء 2,الأسماك,57,57,56,1,37,TAH-BIO-BIO26-L10-Q037,BIO26-PDF057-L10-S1-Q037,الأسماك: الخصائص والتصنيف والتكيفات,BIO26-M10,الفقاريات والمقارنات بينها,BIO26-S10-01,الأسماك: الخصائص والتصنيف والتكيفات,تجميعات الأحياء 2026 — مفتاح الإجابة في PDF p.57,B,1,NOT_STARTED,,NOT_RUN,PRE_CROP_RANGE_FROZEN_V1
10,BIO26-L10,أحياء 2,الأسماك,57,57,56,1,38,TAH-BIO-BIO26-L10-Q038,BIO26-PDF057-L10-S1-Q038,الأسماك: الخصائص والتصنيف والتكيفات,BIO26-M10,الفقاريات والمقارنات بينها,BIO26-S10-01,الأسماك: الخصائص والتصنيف والتكيفات,تجميعات الأحياء 2026 — مفتاح الإجابة في PDF p.57,A,0,NOT_STARTED,,NOT_RUN,PRE_CROP_RANGE_FROZEN_V1
10,BIO26-L10,أحياء 2,الأسماك,57,57,56,1,39,TAH-BIO-BIO26-L10-Q039,BIO26-PDF057-L10-S1-Q039,الأسماك: الخصائص والتصنيف والتكيفات,BIO26-M10,الفقاريات والمقارنات بينها,BIO26-S10-01,الأسماك: الخصائص والتصنيف والتكيفات,تجميعات الأحياء 2026 — مفتاح الإجابة في PDF p.57,D,3,NOT_STARTED,,NOT_RUN,PRE_CROP_RANGE_FROZEN_V1
10,BIO26-L10,أحياء 2,الأسماك,58,58,57,2,40,TAH-BIO-BIO26-L10-Q040,BIO26-PDF058-L10-S2-Q040,الأسماك: الخصائص والتصنيف والتكيفات,BIO26-M10,الفقاريات والمقارنات بينها,BIO26-S10-01,الأسماك: الخصائص والتصنيف والتكيفات,تجميعات الأحياء 2026 — مفتاح الإجابة في PDF p.58,A,0,NOT_STARTED,,NOT_RUN,PRE_CROP_RANGE_FROZEN_V1
10,BIO26-L10,أحياء 2,الأسماك,58,58,57,2,41,TAH-BIO-BIO26-L10-Q041,BIO26-PDF058-L10-S2-Q041,الأسماك: الخصائص والتصنيف والتكيفات,BIO26-M10,الفقاريات والمقارنات بينها,BIO26-S10-01,الأسماك: الخصائص والتصنيف والتكيفات,تجميعات الأحياء 2026 — مفتاح الإجابة في PDF p.58,A,0,NOT_STARTED,,NOT_RUN,PRE_CROP_RANGE_FROZEN_V1
10,BIO26-L10,أحياء 2,الأسماك,58,58,57,2,42,TAH-BIO-BIO26-L10-Q042,BIO26-PDF058-L10-S2-Q042,الأسماك: الخصائص والتصنيف والتكيفات,BIO26-M10,الفقاريات والمقارنات بينها,BIO26-S10-01,الأسماك: الخصائص والتصنيف والتكيفات,تجميعات الأحياء 2026 — مفتاح الإجابة في PDF p.58,B,1,NOT_STARTED,,NOT_RUN,PRE_CROP_RANGE_FROZEN_V1
10,BIO26-L10,أحياء 2,الأسماك,58,58,57,2,43,TAH-BIO-BIO26-L10-Q043,BIO26-PDF058-L10-S2-Q043,الأسماك: الخصائص والتصنيف والتكيفات,BIO26-M10,الفقاريات والمقارنات بينها,BIO26-S10-01,الأسماك: الخصائص والتصنيف والتكيفات,تجميعات الأحياء 2026 — مفتاح الإجابة في PDF p.58,B,1,NOT_STARTED,,NOT_RUN,PRE_CROP_RANGE_FROZEN_V1
10,BIO26-L10,أحياء 2,الأسماك,58,58,57,2,44,TAH-BIO-BIO26-L10-Q044,BIO26-PDF058-L10-S2-Q044,الأسماك: الخصائص والتصنيف والتكيفات,BIO26-M10,الفقاريات والمقارنات بينها,BIO26-S10-01,الأسماك: الخصائص والتصنيف والتكيفات,تجميعات الأحياء 2026 — مفتاح الإجابة في PDF p.58,C,2,NOT_STARTED,,NOT_RUN,PRE_CROP_RANGE_FROZEN_V1
10,BIO26-L10,أحياء 2,الأسماك,58,58,57,2,45,TAH-BIO-BIO26-L10-Q045,BIO26-PDF058-L10-S2-Q045,الأسماك: الخصائص والتصنيف والتكيفات,BIO26-M10,الفقاريات والمقارنات بينها,BIO26-S10-01,الأسماك: الخصائص والتصنيف والتكيفات,تجميعات الأحياء 2026 — مفتاح الإجابة في PDF p.58,A,0,NOT_STARTED,,NOT_RUN,PRE_CROP_RANGE_FROZEN_V1
10,BIO26-L10,أحياء 2,الأسماك,58,58,57,2,46,TAH-BIO-BIO26-L10-Q046,BIO26-PDF058-L10-S2-Q046,الأسماك: الخصائص والتصنيف والتكيفات,BIO26-M10,الفقاريات والمقارنات بينها,BIO26-S10-01,الأسماك: الخصائص والتصنيف والتكيفات,تجميعات الأحياء 2026 — مفتاح الإجابة في PDF p.58,B,1,NOT_STARTED,,NOT_RUN,PRE_CROP_RANGE_FROZEN_V1
10,BIO26-L10,أحياء 2,الأسماك,58,58,57,2,47,TAH-BIO-BIO26-L10-Q047,BIO26-PDF058-L10-S2-Q047,الأسماك: الخصائص والتصنيف والتكيفات,BIO26-M10,الفقاريات والمقارنات بينها,BIO26-S10-01,الأسماك: الخصائص والتصنيف والتكيفات,تجميعات الأحياء 2026 — مفتاح الإجابة في PDF p.58,A,0,NOT_STARTED,,NOT_RUN,PRE_CROP_RANGE_FROZEN_V1
10,BIO26-L10,أحياء 2,الأسماك,58,58,57,2,48,TAH-BIO-BIO26-L10-Q048,BIO26-PDF058-L10-S2-Q048,الأسماك: الخصائص والتصنيف والتكيفات,BIO26-M10,الفقاريات والمقارنات بينها,BIO26-S10-01,الأسماك: الخصائص والتصنيف والتكيفات,تجميعات الأحياء 2026 — مفتاح الإجابة في PDF p.58,B,1,NOT_STARTED,,NOT_RUN,PRE_CROP_RANGE_FROZEN_V1
10,BIO26-L10,أحياء 2,الأسماك,58,58,57,2,49,TAH-BIO-BIO26-L10-Q049,BIO26-PDF058-L10-S2-Q049,الأسماك: الخصائص والتصنيف والتكيفات,BIO26-M10,الفقاريات والمقارنات بينها,BIO26-S10-01,الأسماك: الخصائص والتصنيف والتكيفات,تجميعات الأحياء 2026 — مفتاح الإجابة في PDF p.58,A,0,NOT_STARTED,,NOT_RUN,PRE_CROP_RANGE_FROZEN_V1
10,BIO26-L10,أحياء 2,الأسماك,58,58,57,2,50,TAH-BIO-BIO26-L10-Q050,BIO26-PDF058-L10-S2-Q050,الأسماك: الخصائص والتصنيف والتكيفات,BIO26-M10,الفقاريات والمقارنات بينها,BIO26-S10-01,الأسماك: الخصائص والتصنيف والتكيفات,تجميعات الأحياء 2026 — مفتاح الإجابة في PDF p.58,A,0,NOT_STARTED,,NOT_RUN,PRE_CROP_RANGE_FROZEN_V1
10,BIO26-L10,أحياء 2,الأسماك,58,58,57,2,51,TAH-BIO-BIO26-L10-Q051,BIO26-PDF058-L10-S2-Q051,الأسماك: الخصائص والتصنيف والتكيفات,BIO26-M10,الفقاريات والمقارنات بينها,BIO26-S10-01,الأسماك: الخصائص والتصنيف والتكيفات,تجميعات الأحياء 2026 — مفتاح الإجابة في PDF p.58,B,1,NOT_STARTED,,NOT_RUN,PRE_CROP_RANGE_FROZEN_V1
10,BIO26-L10,أحياء 2,الأسماك,58,58,57,2,52,TAH-BIO-BIO26-L10-Q052,BIO26-PDF058-L10-S2-Q052,الأسماك: الخصائص والتصنيف والتكيفات,BIO26-M10,الفقاريات والمقارنات بينها,BIO26-S10-01,الأسماك: الخصائص والتصنيف والتكيفات,تجميعات الأحياء 2026 — مفتاح الإجابة في PDF p.58,B,1,NOT_STARTED,,NOT_RUN,PRE_CROP_RANGE_FROZEN_V1
10,BIO26-L10,أحياء 2,الأسماك,58,58,57,2,53,TAH-BIO-BIO26-L10-Q053,BIO26-PDF058-L10-S2-Q053,الأسماك: الخصائص والتصنيف والتكيفات,BIO26-M10,الفقاريات والمقارنات بينها,BIO26-S10-01,الأسماك: الخصائص والتصنيف والتكيفات,تجميعات الأحياء 2026 — مفتاح الإجابة في PDF p.58,A,0,NOT_STARTED,,NOT_RUN,PRE_CROP_RANGE_FROZEN_V1
10,BIO26-L10,أحياء 2,الأسماك,58,58,57,2,54,TAH-BIO-BIO26-L10-Q054,BIO26-PDF058-L10-S2-Q054,الأسماك: الخصائص والتصنيف والتكيفات,BIO26-M10,الفقاريات والمقارنات بينها,BIO26-S10-01,الأسماك: الخصائص والتصنيف والتكيفات,تجميعات الأحياء 2026 — مفتاح الإجابة في PDF p.58,D,3,NOT_STARTED,,NOT_RUN,PRE_CROP_RANGE_FROZEN_V1
10,BIO26-L10,أحياء 2,الأسماك,58,58,57,2,55,TAH-BIO-BIO26-L10-Q055,BIO26-PDF058-L10-S2-Q055,الأسماك: الخصائص والتصنيف والتكيفات,BIO26-M10,الفقاريات والمقارنات بينها,BIO26-S10-01,الأسماك: الخصائص والتصنيف والتكيفات,تجميعات الأحياء 2026 — مفتاح الإجابة في PDF p.58,C,2,NOT_STARTED,,NOT_RUN,PRE_CROP_RANGE_FROZEN_V1
10,BIO26-L10,أحياء 2,الأسماك,59,59,58,2,56,TAH-BIO-BIO26-L10-Q056,BIO26-PDF059-L10-S2-Q056,الأسماك: الخصائص والتصنيف والتكيفات,BIO26-M10,الفقاريات والمقارنات بينها,BIO26-S10-01,الأسماك: الخصائص والتصنيف والتكيفات,تجميعات الأحياء 2026 — مفتاح الإجابة في PDF p.59,B,1,NOT_STARTED,,NOT_RUN,PRE_CROP_RANGE_FROZEN_V1
10,BIO26-L10,أحياء 2,الأسماك,59,59,58,2,57,TAH-BIO-BIO26-L10-Q057,BIO26-PDF059-L10-S2-Q057,الأسماك: الخصائص والتصنيف والتكيفات,BIO26-M10,الفقاريات والمقارنات بينها,BIO26-S10-01,الأسماك: الخصائص والتصنيف والتكيفات,تجميعات الأحياء 2026 — مفتاح الإجابة في PDF p.59,D,3,NOT_STARTED,,NOT_RUN,PRE_CROP_RANGE_FROZEN_V1
10,BIO26-L10,أحياء 2,الأسماك,59,59,58,2,58,TAH-BIO-BIO26-L10-Q058,BIO26-PDF059-L10-S2-Q058,الأسماك: الخصائص والتصنيف والتكيفات,BIO26-M10,الفقاريات والمقارنات بينها,BIO26-S10-01,الأسماك: الخصائص والتصنيف والتكيفات,تجميعات الأحياء 2026 — مفتاح الإجابة في PDF p.59,B,1,NOT_STARTED,,NOT_RUN,PRE_CROP_RANGE_FROZEN_V1
10,BIO26-L10,أحياء 2,الأسماك,59,59,58,2,59,TAH-BIO-BIO26-L10-Q059,BIO26-PDF059-L10-S2-Q059,الأسماك: الخصائص والتصنيف والتكيفات,BIO26-M10,الفقاريات والمقارنات بينها,BIO26-S10-01,الأسماك: الخصائص والتصنيف والتكيفات,تجميعات الأحياء 2026 — مفتاح الإجابة في PDF p.59,A,0,NOT_STARTED,,NOT_RUN,PRE_CROP_RANGE_FROZEN_V1
10,BIO26-L10,أحياء 2,الأسماك,59,59,58,2,60,TAH-BIO-BIO26-L10-Q060,BIO26-PDF059-L10-S2-Q060,الأسماك: الخصائص والتصنيف والتكيفات,BIO26-M10,الفقاريات والمقارنات بينها,BIO26-S10-01,الأسماك: الخصائص والتصنيف والتكيفات,تجميعات الأحياء 2026 — مفتاح الإجابة في PDF p.59,A,0,NOT_STARTED,,NOT_RUN,PRE_CROP_RANGE_FROZEN_V1
10,BIO26-L10,أحياء 2,الأسماك,59,59,58,2,61,TAH-BIO-BIO26-L10-Q061,BIO26-PDF059-L10-S2-Q061,الأسماك: الخصائص والتصنيف والتكيفات,BIO26-M10,الفقاريات والمقارنات بينها,BIO26-S10-01,الأسماك: الخصائص والتصنيف والتكيفات,تجميعات الأحياء 2026 — مفتاح الإجابة في PDF p.59,C,2,NOT_STARTED,,NOT_RUN,PRE_CROP_RANGE_FROZEN_V1
11,BIO26-L11,أحياء 2,البرمائيات,60,60,59,1,1,TAH-BIO-BIO26-L11-Q001,BIO26-PDF060-L11-S1-Q001,البرمائيات والزواحف والبيضة الأمنيونية,BIO26-M10,الفقاريات والمقارنات بينها,BIO26-S10-02,البرمائيات والزواحف والبيضة الأمنيونية,تجميعات الأحياء 2026 — مفتاح الإجابة في PDF p.60,A,0,NOT_STARTED,,NOT_RUN,PRE_CROP_RANGE_FROZEN_V1
11,BIO26-L11,أحياء 2,البرمائيات,60,60,59,1,2,TAH-BIO-BIO26-L11-Q002,BIO26-PDF060-L11-S1-Q002,البرمائيات والزواحف والبيضة الأمنيونية,BIO26-M10,الفقاريات والمقارنات بينها,BIO26-S10-02,البرمائيات والزواحف والبيضة الأمنيونية,تجميعات الأحياء 2026 — مفتاح الإجابة في PDF p.60,B,1,NOT_STARTED,,NOT_RUN,PRE_CROP_RANGE_FROZEN_V1
11,BIO26-L11,أحياء 2,البرمائيات,60,60,59,1,3,TAH-BIO-BIO26-L11-Q003,BIO26-PDF060-L11-S1-Q003,البرمائيات والزواحف والبيضة الأمنيونية,BIO26-M10,الفقاريات والمقارنات بينها,BIO26-S10-02,البرمائيات والزواحف والبيضة الأمنيونية,تجميعات الأحياء 2026 — مفتاح الإجابة في PDF p.60,D,3,NOT_STARTED,,NOT_RUN,PRE_CROP_RANGE_FROZEN_V1
11,BIO26-L11,أحياء 2,البرمائيات,60,60,59,1,4,TAH-BIO-BIO26-L11-Q004,BIO26-PDF060-L11-S1-Q004,البرمائيات والزواحف والبيضة الأمنيونية,BIO26-M10,الفقاريات والمقارنات بينها,BIO26-S10-02,البرمائيات والزواحف والبيضة الأمنيونية,تجميعات الأحياء 2026 — مفتاح الإجابة في PDF p.60,A,0,NOT_STARTED,,NOT_RUN,PRE_CROP_RANGE_FROZEN_V1
11,BIO26-L11,أحياء 2,البرمائيات,60,60,59,1,5,TAH-BIO-BIO26-L11-Q005,BIO26-PDF060-L11-S1-Q005,البرمائيات والزواحف والبيضة الأمنيونية,BIO26-M10,الفقاريات والمقارنات بينها,BIO26-S10-02,البرمائيات والزواحف والبيضة الأمنيونية,تجميعات الأحياء 2026 — مفتاح الإجابة في PDF p.60,A,0,NOT_STARTED,,NOT_RUN,PRE_CROP_RANGE_FROZEN_V1
11,BIO26-L11,أحياء 2,البرمائيات,60,60,59,1,6,TAH-BIO-BIO26-L11-Q006,BIO26-PDF060-L11-S1-Q006,البرمائيات والزواحف والبيضة الأمنيونية,BIO26-M10,الفقاريات والمقارنات بينها,BIO26-S10-02,البرمائيات والزواحف والبيضة الأمنيونية,تجميعات الأحياء 2026 — مفتاح الإجابة في PDF p.60,D,3,NOT_STARTED,,NOT_RUN,PRE_CROP_RANGE_FROZEN_V1
11,BIO26-L11,أحياء 2,البرمائيات,60,60,59,1,7,TAH-BIO-BIO26-L11-Q007,BIO26-PDF060-L11-S1-Q007,البرمائيات والزواحف والبيضة الأمنيونية,BIO26-M10,الفقاريات والمقارنات بينها,BIO26-S10-02,البرمائيات والزواحف والبيضة الأمنيونية,تجميعات الأحياء 2026 — مفتاح الإجابة في PDF p.60,D,3,NOT_STARTED,,NOT_RUN,PRE_CROP_RANGE_FROZEN_V1
11,BIO26-L11,أحياء 2,البرمائيات,60,60,59,1,8,TAH-BIO-BIO26-L11-Q008,BIO26-PDF060-L11-S1-Q008,البرمائيات والزواحف والبيضة الأمنيونية,BIO26-M10,الفقاريات والمقارنات بينها,BIO26-S10-02,البرمائيات والزواحف والبيضة الأمنيونية,تجميعات الأحياء 2026 — مفتاح الإجابة في PDF p.60,C,2,NOT_STARTED,,NOT_RUN,PRE_CROP_RANGE_FROZEN_V1
11,BIO26-L11,أحياء 2,البرمائيات,60,60,59,1,9,TAH-BIO-BIO26-L11-Q009,BIO26-PDF060-L11-S1-Q009,البرمائيات والزواحف والبيضة الأمنيونية,BIO26-M10,الفقاريات والمقارنات بينها,BIO26-S10-02,البرمائيات والزواحف والبيضة الأمنيونية,تجميعات الأحياء 2026 — مفتاح الإجابة في PDF p.60,B,1,NOT_STARTED,,NOT_RUN,PRE_CROP_RANGE_FROZEN_V1
11,BIO26-L11,أحياء 2,البرمائيات,60,60,59,1,10,TAH-BIO-BIO26-L11-Q010,BIO26-PDF060-L11-S1-Q010,البرمائيات والزواحف والبيضة الأمنيونية,BIO26-M10,الفقاريات والمقارنات بينها,BIO26-S10-02,البرمائيات والزواحف والبيضة الأمنيونية,تجميعات الأحياء 2026 — مفتاح الإجابة في PDF p.60,A,0,NOT_STARTED,,NOT_RUN,PRE_CROP_RANGE_FROZEN_V1
11,BIO26-L11,أحياء 2,البرمائيات,60,60,59,1,11,TAH-BIO-BIO26-L11-Q011,BIO26-PDF060-L11-S1-Q011,البرمائيات والزواحف والبيضة الأمنيونية,BIO26-M10,الفقاريات والمقارنات بينها,BIO26-S10-02,البرمائيات والزواحف والبيضة الأمنيونية,تجميعات الأحياء 2026 — مفتاح الإجابة في PDF p.60,C,2,NOT_STARTED,,NOT_RUN,PRE_CROP_RANGE_FROZEN_V1
11,BIO26-L11,أحياء 2,البرمائيات,60,60,59,1,12,TAH-BIO-BIO26-L11-Q012,BIO26-PDF060-L11-S1-Q012,البرمائيات والزواحف والبيضة الأمنيونية,BIO26-M10,الفقاريات والمقارنات بينها,BIO26-S10-02,البرمائيات والزواحف والبيضة الأمنيونية,تجميعات الأحياء 2026 — مفتاح الإجابة في PDF p.60,A,0,NOT_STARTED,,NOT_RUN,PRE_CROP_RANGE_FROZEN_V1
11,BIO26-L11,أحياء 2,البرمائيات,60,60,59,1,13,TAH-BIO-BIO26-L11-Q013,BIO26-PDF060-L11-S1-Q013,البرمائيات والزواحف والبيضة الأمنيونية,BIO26-M10,الفقاريات والمقارنات بينها,BIO26-S10-02,البرمائيات والزواحف والبيضة الأمنيونية,تجميعات الأحياء 2026 — مفتاح الإجابة في PDF p.60,A,0,NOT_STARTED,,NOT_RUN,PRE_CROP_RANGE_FROZEN_V1
11,BIO26-L11,أحياء 2,البرمائيات,60,60,59,1,14,TAH-BIO-BIO26-L11-Q014,BIO26-PDF060-L11-S1-Q014,البرمائيات والزواحف والبيضة الأمنيونية,BIO26-M10,الفقاريات والمقارنات بينها,BIO26-S10-02,البرمائيات والزواحف والبيضة الأمنيونية,تجميعات الأحياء 2026 — مفتاح الإجابة في PDF p.60,D,3,NOT_STARTED,,NOT_RUN,PRE_CROP_RANGE_FROZEN_V1
11,BIO26-L11,أحياء 2,البرمائيات,60,60,59,1,15,TAH-BIO-BIO26-L11-Q015,BIO26-PDF060-L11-S1-Q015,البرمائيات والزواحف والبيضة الأمنيونية,BIO26-M10,الفقاريات والمقارنات بينها,BIO26-S10-02,البرمائيات والزواحف والبيضة الأمنيونية,تجميعات الأحياء 2026 — مفتاح الإجابة في PDF p.60,D,3,NOT_STARTED,,NOT_RUN,PRE_CROP_RANGE_FROZEN_V1
11,BIO26-L11,أحياء 2,البرمائيات,61,61,60,1,16,TAH-BIO-BIO26-L11-Q016,BIO26-PDF061-L11-S1-Q016,البرمائيات والزواحف والبيضة الأمنيونية,BIO26-M10,الفقاريات والمقارنات بينها,BIO26-S10-02,البرمائيات والزواحف والبيضة الأمنيونية,تجميعات الأحياء 2026 — مفتاح الإجابة في PDF p.61,A,0,NOT_STARTED,,NOT_RUN,PRE_CROP_RANGE_FROZEN_V1
11,BIO26-L11,أحياء 2,البرمائيات,61,61,60,1,17,TAH-BIO-BIO26-L11-Q017,BIO26-PDF061-L11-S1-Q017,البرمائيات والزواحف والبيضة الأمنيونية,BIO26-M10,الفقاريات والمقارنات بينها,BIO26-S10-02,البرمائيات والزواحف والبيضة الأمنيونية,تجميعات الأحياء 2026 — مفتاح الإجابة في PDF p.61,B,1,NOT_STARTED,,NOT_RUN,PRE_CROP_RANGE_FROZEN_V1
11,BIO26-L11,أحياء 2,البرمائيات,61,61,60,1,18,TAH-BIO-BIO26-L11-Q018,BIO26-PDF061-L11-S1-Q018,البرمائيات والزواحف والبيضة الأمنيونية,BIO26-M10,الفقاريات والمقارنات بينها,BIO26-S10-02,البرمائيات والزواحف والبيضة الأمنيونية,تجميعات الأحياء 2026 — مفتاح الإجابة في PDF p.61,C,2,NOT_STARTED,,NOT_RUN,PRE_CROP_RANGE_FROZEN_V1
11,BIO26-L11,أحياء 2,البرمائيات,61,61,60,1,19,TAH-BIO-BIO26-L11-Q019,BIO26-PDF061-L11-S1-Q019,البرمائيات والزواحف والبيضة الأمنيونية,BIO26-M10,الفقاريات والمقارنات بينها,BIO26-S10-02,البرمائيات والزواحف والبيضة الأمنيونية,تجميعات الأحياء 2026 — مفتاح الإجابة في PDF p.61,B,1,NOT_STARTED,,NOT_RUN,PRE_CROP_RANGE_FROZEN_V1
11,BIO26-L11,أحياء 2,البرمائيات,61,61,60,1,20,TAH-BIO-BIO26-L11-Q020,BIO26-PDF061-L11-S1-Q020,البرمائيات والزواحف والبيضة الأمنيونية,BIO26-M10,الفقاريات والمقارنات بينها,BIO26-S10-02,البرمائيات والزواحف والبيضة الأمنيونية,تجميعات الأحياء 2026 — مفتاح الإجابة في PDF p.61,A,0,NOT_STARTED,,NOT_RUN,PRE_CROP_RANGE_FROZEN_V1
11,BIO26-L11,أحياء 2,البرمائيات,61,61,60,1,21,TAH-BIO-BIO26-L11-Q021,BIO26-PDF061-L11-S1-Q021,البرمائيات والزواحف والبيضة الأمنيونية,BIO26-M10,الفقاريات والمقارنات بينها,BIO26-S10-02,البرمائيات والزواحف والبيضة الأمنيونية,تجميعات الأحياء 2026 — مفتاح الإجابة في PDF p.61,A,0,NOT_STARTED,,NOT_RUN,PRE_CROP_RANGE_FROZEN_V1
11,BIO26-L11,أحياء 2,البرمائيات,61,61,60,1,22,TAH-BIO-BIO26-L11-Q022,BIO26-PDF061-L11-S1-Q022,البرمائيات والزواحف والبيضة الأمنيونية,BIO26-M10,الفقاريات والمقارنات بينها,BIO26-S10-02,البرمائيات والزواحف والبيضة الأمنيونية,تجميعات الأحياء 2026 — مفتاح الإجابة في PDF p.61,A,0,NOT_STARTED,,NOT_RUN,PRE_CROP_RANGE_FROZEN_V1
11,BIO26-L11,أحياء 2,البرمائيات,62,62,61,2,23,TAH-BIO-BIO26-L11-Q023,BIO26-PDF062-L11-S2-Q023,البرمائيات والزواحف والبيضة الأمنيونية,BIO26-M10,الفقاريات والمقارنات بينها,BIO26-S10-02,البرمائيات والزواحف والبيضة الأمنيونية,تجميعات الأحياء 2026 — مفتاح الإجابة في PDF p.62,B,1,NOT_STARTED,,NOT_RUN,PRE_CROP_RANGE_FROZEN_V1
11,BIO26-L11,أحياء 2,البرمائيات,62,62,61,2,24,TAH-BIO-BIO26-L11-Q024,BIO26-PDF062-L11-S2-Q024,البرمائيات والزواحف والبيضة الأمنيونية,BIO26-M10,الفقاريات والمقارنات بينها,BIO26-S10-02,البرمائيات والزواحف والبيضة الأمنيونية,تجميعات الأحياء 2026 — مفتاح الإجابة في PDF p.62,B,1,NOT_STARTED,,NOT_RUN,PRE_CROP_RANGE_FROZEN_V1
11,BIO26-L11,أحياء 2,البرمائيات,62,62,61,2,25,TAH-BIO-BIO26-L11-Q025,BIO26-PDF062-L11-S2-Q025,البرمائيات والزواحف والبيضة الأمنيونية,BIO26-M10,الفقاريات والمقارنات بينها,BIO26-S10-02,البرمائيات والزواحف والبيضة الأمنيونية,تجميعات الأحياء 2026 — مفتاح الإجابة في PDF p.62,C,2,NOT_STARTED,,NOT_RUN,PRE_CROP_RANGE_FROZEN_V1
11,BIO26-L11,أحياء 2,البرمائيات,62,62,61,2,26,TAH-BIO-BIO26-L11-Q026,BIO26-PDF062-L11-S2-Q026,البرمائيات والزواحف والبيضة الأمنيونية,BIO26-M10,الفقاريات والمقارنات بينها,BIO26-S10-02,البرمائيات والزواحف والبيضة الأمنيونية,تجميعات الأحياء 2026 — مفتاح الإجابة في PDF p.62,B,1,NOT_STARTED,,NOT_RUN,PRE_CROP_RANGE_FROZEN_V1
11,BIO26-L11,أحياء 2,البرمائيات,62,62,61,2,27,TAH-BIO-BIO26-L11-Q027,BIO26-PDF062-L11-S2-Q027,البرمائيات والزواحف والبيضة الأمنيونية,BIO26-M10,الفقاريات والمقارنات بينها,BIO26-S10-02,البرمائيات والزواحف والبيضة الأمنيونية,تجميعات الأحياء 2026 — مفتاح الإجابة في PDF p.62,D,3,NOT_STARTED,,NOT_RUN,PRE_CROP_RANGE_FROZEN_V1
11,BIO26-L11,أحياء 2,البرمائيات,62,62,61,2,28,TAH-BIO-BIO26-L11-Q028,BIO26-PDF062-L11-S2-Q028,البرمائيات والزواحف والبيضة الأمنيونية,BIO26-M10,الفقاريات والمقارنات بينها,BIO26-S10-02,البرمائيات والزواحف والبيضة الأمنيونية,تجميعات الأحياء 2026 — مفتاح الإجابة في PDF p.62,B,1,NOT_STARTED,,NOT_RUN,PRE_CROP_RANGE_FROZEN_V1
11,BIO26-L11,أحياء 2,البرمائيات,62,62,61,2,29,TAH-BIO-BIO26-L11-Q029,BIO26-PDF062-L11-S2-Q029,البرمائيات والزواحف والبيضة الأمنيونية,BIO26-M10,الفقاريات والمقارنات بينها,BIO26-S10-02,البرمائيات والزواحف والبيضة الأمنيونية,تجميعات الأحياء 2026 — مفتاح الإجابة في PDF p.62,A,0,NOT_STARTED,,NOT_RUN,PRE_CROP_RANGE_FROZEN_V1
11,BIO26-L11,أحياء 2,البرمائيات,62,62,61,2,30,TAH-BIO-BIO26-L11-Q030,BIO26-PDF062-L11-S2-Q030,البرمائيات والزواحف والبيضة الأمنيونية,BIO26-M10,الفقاريات والمقارنات بينها,BIO26-S10-02,البرمائيات والزواحف والبيضة الأمنيونية,تجميعات الأحياء 2026 — مفتاح الإجابة في PDF p.62,B,1,NOT_STARTED,,NOT_RUN,PRE_CROP_RANGE_FROZEN_V1
11,BIO26-L11,أحياء 2,البرمائيات,62,62,61,2,31,TAH-BIO-BIO26-L11-Q031,BIO26-PDF062-L11-S2-Q031,البرمائيات والزواحف والبيضة الأمنيونية,BIO26-M10,الفقاريات والمقارنات بينها,BIO26-S10-02,البرمائيات والزواحف والبيضة الأمنيونية,تجميعات الأحياء 2026 — مفتاح الإجابة في PDF p.62,D,3,NOT_STARTED,,NOT_RUN,PRE_CROP_RANGE_FROZEN_V1
11,BIO26-L11,أحياء 2,البرمائيات,62,62,61,2,32,TAH-BIO-BIO26-L11-Q032,BIO26-PDF062-L11-S2-Q032,البرمائيات والزواحف والبيضة الأمنيونية,BIO26-M10,الفقاريات والمقارنات بينها,BIO26-S10-02,البرمائيات والزواحف والبيضة الأمنيونية,تجميعات الأحياء 2026 — مفتاح الإجابة في PDF p.62,C,2,NOT_STARTED,,NOT_RUN,PRE_CROP_RANGE_FROZEN_V1
11,BIO26-L11,أحياء 2,البرمائيات,62,62,61,2,33,TAH-BIO-BIO26-L11-Q033,BIO26-PDF062-L11-S2-Q033,البرمائيات والزواحف والبيضة الأمنيونية,BIO26-M10,الفقاريات والمقارنات بينها,BIO26-S10-02,البرمائيات والزواحف والبيضة الأمنيونية,تجميعات الأحياء 2026 — مفتاح الإجابة في PDF p.62,B,1,NOT_STARTED,,NOT_RUN,PRE_CROP_RANGE_FROZEN_V1
11,BIO26-L11,أحياء 2,البرمائيات,62,62,61,2,34,TAH-BIO-BIO26-L11-Q034,BIO26-PDF062-L11-S2-Q034,البرمائيات والزواحف والبيضة الأمنيونية,BIO26-M10,الفقاريات والمقارنات بينها,BIO26-S10-02,البرمائيات والزواحف والبيضة الأمنيونية,تجميعات الأحياء 2026 — مفتاح الإجابة في PDF p.62,A,0,NOT_STARTED,,NOT_RUN,PRE_CROP_RANGE_FROZEN_V1
11,BIO26-L11,أحياء 2,البرمائيات,62,62,61,2,35,TAH-BIO-BIO26-L11-Q035,BIO26-PDF062-L11-S2-Q035,البرمائيات والزواحف والبيضة الأمنيونية,BIO26-M10,الفقاريات والمقارنات بينها,BIO26-S10-02,البرمائيات والزواحف والبيضة الأمنيونية,تجميعات الأحياء 2026 — مفتاح الإجابة في PDF p.62,B,1,NOT_STARTED,,NOT_RUN,PRE_CROP_RANGE_FROZEN_V1
11,BIO26-L11,أحياء 2,البرمائيات,62,62,61,2,36,TAH-BIO-BIO26-L11-Q036,BIO26-PDF062-L11-S2-Q036,البرمائيات والزواحف والبيضة الأمنيونية,BIO26-M10,الفقاريات والمقارنات بينها,BIO26-S10-02,البرمائيات والزواحف والبيضة الأمنيونية,تجميعات الأحياء 2026 — مفتاح الإجابة في PDF p.62,B,1,NOT_STARTED,,NOT_RUN,PRE_CROP_RANGE_FROZEN_V1
11,BIO26-L11,أحياء 2,البرمائيات,62,62,61,2,37,TAH-BIO-BIO26-L11-Q037,BIO26-PDF062-L11-S2-Q037,البرمائيات والزواحف والبيضة الأمنيونية,BIO26-M10,الفقاريات والمقارنات بينها,BIO26-S10-02,البرمائيات والزواحف والبيضة الأمنيونية,تجميعات الأحياء 2026 — مفتاح الإجابة في PDF p.62,A,0,NOT_STARTED,,NOT_RUN,PRE_CROP_RANGE_FROZEN_V1
11,BIO26-L11,أحياء 2,البرمائيات,62,62,61,2,38,TAH-BIO-BIO26-L11-Q038,BIO26-PDF062-L11-S2-Q038,البرمائيات والزواحف والبيضة الأمنيونية,BIO26-M10,الفقاريات والمقارنات بينها,BIO26-S10-02,البرمائيات والزواحف والبيضة الأمنيونية,تجميعات الأحياء 2026 — مفتاح الإجابة في PDF p.62,B,1,NOT_STARTED,,NOT_RUN,PRE_CROP_RANGE_FROZEN_V1
11,BIO26-L11,أحياء 2,البرمائيات,62,62,61,2,39,TAH-BIO-BIO26-L11-Q039,BIO26-PDF062-L11-S2-Q039,البرمائيات والزواحف والبيضة الأمنيونية,BIO26-M10,الفقاريات والمقارنات بينها,BIO26-S10-02,البرمائيات والزواحف والبيضة الأمنيونية,تجميعات الأحياء 2026 — مفتاح الإجابة في PDF p.62,D,3,NOT_STARTED,,NOT_RUN,PRE_CROP_RANGE_FROZEN_V1
12,BIO26-L12,أحياء 2,الزواحف,63,63,62,1,1,TAH-BIO-BIO26-L12-Q001,BIO26-PDF063-L12-S1-Q001,البرمائيات والزواحف والبيضة الأمنيونية,BIO26-M10,الفقاريات والمقارنات بينها,BIO26-S10-02,البرمائيات والزواحف والبيضة الأمنيونية,تجميعات الأحياء 2026 — مفتاح الإجابة في PDF p.63,C,2,NOT_STARTED,,NOT_RUN,PRE_CROP_RANGE_FROZEN_V1
12,BIO26-L12,أحياء 2,الزواحف,63,63,62,1,2,TAH-BIO-BIO26-L12-Q002,BIO26-PDF063-L12-S1-Q002,البرمائيات والزواحف والبيضة الأمنيونية,BIO26-M10,الفقاريات والمقارنات بينها,BIO26-S10-02,البرمائيات والزواحف والبيضة الأمنيونية,تجميعات الأحياء 2026 — مفتاح الإجابة في PDF p.63,D,3,NOT_STARTED,,NOT_RUN,PRE_CROP_RANGE_FROZEN_V1
12,BIO26-L12,أحياء 2,الزواحف,63,63,62,1,3,TAH-BIO-BIO26-L12-Q003,BIO26-PDF063-L12-S1-Q003,البرمائيات والزواحف والبيضة الأمنيونية,BIO26-M10,الفقاريات والمقارنات بينها,BIO26-S10-02,البرمائيات والزواحف والبيضة الأمنيونية,تجميعات الأحياء 2026 — مفتاح الإجابة في PDF p.63,A,0,NOT_STARTED,,NOT_RUN,PRE_CROP_RANGE_FROZEN_V1
12,BIO26-L12,أحياء 2,الزواحف,63,63,62,1,4,TAH-BIO-BIO26-L12-Q004,BIO26-PDF063-L12-S1-Q004,البرمائيات والزواحف والبيضة الأمنيونية,BIO26-M10,الفقاريات والمقارنات بينها,BIO26-S10-02,البرمائيات والزواحف والبيضة الأمنيونية,تجميعات الأحياء 2026 — مفتاح الإجابة في PDF p.63,C,2,NOT_STARTED,,NOT_RUN,PRE_CROP_RANGE_FROZEN_V1
12,BIO26-L12,أحياء 2,الزواحف,63,63,62,1,5,TAH-BIO-BIO26-L12-Q005,BIO26-PDF063-L12-S1-Q005,البرمائيات والزواحف والبيضة الأمنيونية,BIO26-M10,الفقاريات والمقارنات بينها,BIO26-S10-02,البرمائيات والزواحف والبيضة الأمنيونية,تجميعات الأحياء 2026 — مفتاح الإجابة في PDF p.63,A,0,NOT_STARTED,,NOT_RUN,PRE_CROP_RANGE_FROZEN_V1
12,BIO26-L12,أحياء 2,الزواحف,63,63,62,1,6,TAH-BIO-BIO26-L12-Q006,BIO26-PDF063-L12-S1-Q006,البرمائيات والزواحف والبيضة الأمنيونية,BIO26-M10,الفقاريات والمقارنات بينها,BIO26-S10-02,البرمائيات والزواحف والبيضة الأمنيونية,تجميعات الأحياء 2026 — مفتاح الإجابة في PDF p.63,A,0,NOT_STARTED,,NOT_RUN,PRE_CROP_RANGE_FROZEN_V1
12,BIO26-L12,أحياء 2,الزواحف,63,63,62,1,7,TAH-BIO-BIO26-L12-Q007,BIO26-PDF063-L12-S1-Q007,البرمائيات والزواحف والبيضة الأمنيونية,BIO26-M10,الفقاريات والمقارنات بينها,BIO26-S10-02,البرمائيات والزواحف والبيضة الأمنيونية,تجميعات الأحياء 2026 — مفتاح الإجابة في PDF p.63,C,2,NOT_STARTED,,NOT_RUN,PRE_CROP_RANGE_FROZEN_V1
12,BIO26-L12,أحياء 2,الزواحف,63,63,62,1,8,TAH-BIO-BIO26-L12-Q008,BIO26-PDF063-L12-S1-Q008,البرمائيات والزواحف والبيضة الأمنيونية,BIO26-M10,الفقاريات والمقارنات بينها,BIO26-S10-02,البرمائيات والزواحف والبيضة الأمنيونية,تجميعات الأحياء 2026 — مفتاح الإجابة في PDF p.63,C,2,NOT_STARTED,,NOT_RUN,PRE_CROP_RANGE_FROZEN_V1
12,BIO26-L12,أحياء 2,الزواحف,63,63,62,1,9,TAH-BIO-BIO26-L12-Q009,BIO26-PDF063-L12-S1-Q009,البرمائيات والزواحف والبيضة الأمنيونية,BIO26-M10,الفقاريات والمقارنات بينها,BIO26-S10-02,البرمائيات والزواحف والبيضة الأمنيونية,تجميعات الأحياء 2026 — مفتاح الإجابة في PDF p.63,B,1,NOT_STARTED,,NOT_RUN,PRE_CROP_RANGE_FROZEN_V1
12,BIO26-L12,أحياء 2,الزواحف,63,63,62,1,10,TAH-BIO-BIO26-L12-Q010,BIO26-PDF063-L12-S1-Q010,البرمائيات والزواحف والبيضة الأمنيونية,BIO26-M10,الفقاريات والمقارنات بينها,BIO26-S10-02,البرمائيات والزواحف والبيضة الأمنيونية,تجميعات الأحياء 2026 — مفتاح الإجابة في PDF p.63,A,0,NOT_STARTED,,NOT_RUN,PRE_CROP_RANGE_FROZEN_V1
12,BIO26-L12,أحياء 2,الزواحف,63,63,62,1,11,TAH-BIO-BIO26-L12-Q011,BIO26-PDF063-L12-S1-Q011,البرمائيات والزواحف والبيضة الأمنيونية,BIO26-M10,الفقاريات والمقارنات بينها,BIO26-S10-02,البرمائيات والزواحف والبيضة الأمنيونية,تجميعات الأحياء 2026 — مفتاح الإجابة في PDF p.63,B,1,NOT_STARTED,,NOT_RUN,PRE_CROP_RANGE_FROZEN_V1
12,BIO26-L12,أحياء 2,الزواحف,63,63,62,1,12,TAH-BIO-BIO26-L12-Q012,BIO26-PDF063-L12-S1-Q012,البرمائيات والزواحف والبيضة الأمنيونية,BIO26-M10,الفقاريات والمقارنات بينها,BIO26-S10-02,البرمائيات والزواحف والبيضة الأمنيونية,تجميعات الأحياء 2026 — مفتاح الإجابة في PDF p.63,B,1,NOT_STARTED,,NOT_RUN,PRE_CROP_RANGE_FROZEN_V1
12,BIO26-L12,أحياء 2,الزواحف,63,63,62,1,13,TAH-BIO-BIO26-L12-Q013,BIO26-PDF063-L12-S1-Q013,البرمائيات والزواحف والبيضة الأمنيونية,BIO26-M10,الفقاريات والمقارنات بينها,BIO26-S10-02,البرمائيات والزواحف والبيضة الأمنيونية,تجميعات الأحياء 2026 — مفتاح الإجابة في PDF p.63,B,1,NOT_STARTED,,NOT_RUN,PRE_CROP_RANGE_FROZEN_V1
12,BIO26-L12,أحياء 2,الزواحف,63,63,62,1,14,TAH-BIO-BIO26-L12-Q014,BIO26-PDF063-L12-S1-Q014,البرمائيات والزواحف والبيضة الأمنيونية,BIO26-M10,الفقاريات والمقارنات بينها,BIO26-S10-02,البرمائيات والزواحف والبيضة الأمنيونية,تجميعات الأحياء 2026 — مفتاح الإجابة في PDF p.63,B,1,NOT_STARTED,,NOT_RUN,PRE_CROP_RANGE_FROZEN_V1
12,BIO26-L12,أحياء 2,الزواحف,63,63,62,1,15,TAH-BIO-BIO26-L12-Q015,BIO26-PDF063-L12-S1-Q015,البرمائيات والزواحف والبيضة الأمنيونية,BIO26-M10,الفقاريات والمقارنات بينها,BIO26-S10-02,البرمائيات والزواحف والبيضة الأمنيونية,تجميعات الأحياء 2026 — مفتاح الإجابة في PDF p.63,D,3,NOT_STARTED,,NOT_RUN,PRE_CROP_RANGE_FROZEN_V1
12,BIO26-L12,أحياء 2,الزواحف,64,64,63,1,16,TAH-BIO-BIO26-L12-Q016,BIO26-PDF064-L12-S1-Q016,البرمائيات والزواحف والبيضة الأمنيونية,BIO26-M10,الفقاريات والمقارنات بينها,BIO26-S10-02,البرمائيات والزواحف والبيضة الأمنيونية,تجميعات الأحياء 2026 — مفتاح الإجابة في PDF p.64,D,3,NOT_STARTED,,NOT_RUN,PRE_CROP_RANGE_FROZEN_V1
12,BIO26-L12,أحياء 2,الزواحف,64,64,63,1,17,TAH-BIO-BIO26-L12-Q017,BIO26-PDF064-L12-S1-Q017,البرمائيات والزواحف والبيضة الأمنيونية,BIO26-M10,الفقاريات والمقارنات بينها,BIO26-S10-02,البرمائيات والزواحف والبيضة الأمنيونية,تجميعات الأحياء 2026 — مفتاح الإجابة في PDF p.64,A,0,NOT_STARTED,,NOT_RUN,PRE_CROP_RANGE_FROZEN_V1
12,BIO26-L12,أحياء 2,الزواحف,64,64,63,1,18,TAH-BIO-BIO26-L12-Q018,BIO26-PDF064-L12-S1-Q018,البرمائيات والزواحف والبيضة الأمنيونية,BIO26-M10,الفقاريات والمقارنات بينها,BIO26-S10-02,البرمائيات والزواحف والبيضة الأمنيونية,تجميعات الأحياء 2026 — مفتاح الإجابة في PDF p.64,B,1,NOT_STARTED,,NOT_RUN,PRE_CROP_RANGE_FROZEN_V1
12,BIO26-L12,أحياء 2,الزواحف,64,64,63,1,19,TAH-BIO-BIO26-L12-Q019,BIO26-PDF064-L12-S1-Q019,البرمائيات والزواحف والبيضة الأمنيونية,BIO26-M10,الفقاريات والمقارنات بينها,BIO26-S10-02,البرمائيات والزواحف والبيضة الأمنيونية,تجميعات الأحياء 2026 — مفتاح الإجابة في PDF p.64,A,0,NOT_STARTED,,NOT_RUN,PRE_CROP_RANGE_FROZEN_V1
12,BIO26-L12,أحياء 2,الزواحف,64,64,63,1,20,TAH-BIO-BIO26-L12-Q020,BIO26-PDF064-L12-S1-Q020,البرمائيات والزواحف والبيضة الأمنيونية,BIO26-M10,الفقاريات والمقارنات بينها,BIO26-S10-02,البرمائيات والزواحف والبيضة الأمنيونية,تجميعات الأحياء 2026 — مفتاح الإجابة في PDF p.64,A,0,NOT_STARTED,,NOT_RUN,PRE_CROP_RANGE_FROZEN_V1
12,BIO26-L12,أحياء 2,الزواحف,65,65,64,2,21,TAH-BIO-BIO26-L12-Q021,BIO26-PDF065-L12-S2-Q021,البرمائيات والزواحف والبيضة الأمنيونية,BIO26-M10,الفقاريات والمقارنات بينها,BIO26-S10-02,البرمائيات والزواحف والبيضة الأمنيونية,تجميعات الأحياء 2026 — مفتاح الإجابة في PDF p.65,A,0,NOT_STARTED,,NOT_RUN,PRE_CROP_RANGE_FROZEN_V1
12,BIO26-L12,أحياء 2,الزواحف,65,65,64,2,22,TAH-BIO-BIO26-L12-Q022,BIO26-PDF065-L12-S2-Q022,البرمائيات والزواحف والبيضة الأمنيونية,BIO26-M10,الفقاريات والمقارنات بينها,BIO26-S10-02,البرمائيات والزواحف والبيضة الأمنيونية,تجميعات الأحياء 2026 — مفتاح الإجابة في PDF p.65,B,1,NOT_STARTED,,NOT_RUN,PRE_CROP_RANGE_FROZEN_V1
12,BIO26-L12,أحياء 2,الزواحف,65,65,64,2,23,TAH-BIO-BIO26-L12-Q023,BIO26-PDF065-L12-S2-Q023,البرمائيات والزواحف والبيضة الأمنيونية,BIO26-M10,الفقاريات والمقارنات بينها,BIO26-S10-02,البرمائيات والزواحف والبيضة الأمنيونية,تجميعات الأحياء 2026 — مفتاح الإجابة في PDF p.65,B,1,NOT_STARTED,,NOT_RUN,PRE_CROP_RANGE_FROZEN_V1
12,BIO26-L12,أحياء 2,الزواحف,65,65,64,2,24,TAH-BIO-BIO26-L12-Q024,BIO26-PDF065-L12-S2-Q024,البرمائيات والزواحف والبيضة الأمنيونية,BIO26-M10,الفقاريات والمقارنات بينها,BIO26-S10-02,البرمائيات والزواحف والبيضة الأمنيونية,تجميعات الأحياء 2026 — مفتاح الإجابة في PDF p.65,C,2,NOT_STARTED,,NOT_RUN,PRE_CROP_RANGE_FROZEN_V1
12,BIO26-L12,أحياء 2,الزواحف,65,65,64,2,25,TAH-BIO-BIO26-L12-Q025,BIO26-PDF065-L12-S2-Q025,البرمائيات والزواحف والبيضة الأمنيونية,BIO26-M10,الفقاريات والمقارنات بينها,BIO26-S10-02,البرمائيات والزواحف والبيضة الأمنيونية,تجميعات الأحياء 2026 — مفتاح الإجابة في PDF p.65,A,0,NOT_STARTED,,NOT_RUN,PRE_CROP_RANGE_FROZEN_V1
12,BIO26-L12,أحياء 2,الزواحف,65,65,64,2,26,TAH-BIO-BIO26-L12-Q026,BIO26-PDF065-L12-S2-Q026,البرمائيات والزواحف والبيضة الأمنيونية,BIO26-M10,الفقاريات والمقارنات بينها,BIO26-S10-02,البرمائيات والزواحف والبيضة الأمنيونية,تجميعات الأحياء 2026 — مفتاح الإجابة في PDF p.65,B,1,NOT_STARTED,,NOT_RUN,PRE_CROP_RANGE_FROZEN_V1
12,BIO26-L12,أحياء 2,الزواحف,65,65,64,2,27,TAH-BIO-BIO26-L12-Q027,BIO26-PDF065-L12-S2-Q027,البرمائيات والزواحف والبيضة الأمنيونية,BIO26-M10,الفقاريات والمقارنات بينها,BIO26-S10-02,البرمائيات والزواحف والبيضة الأمنيونية,تجميعات الأحياء 2026 — مفتاح الإجابة في PDF p.65,B,1,NOT_STARTED,,NOT_RUN,PRE_CROP_RANGE_FROZEN_V1
12,BIO26-L12,أحياء 2,الزواحف,65,65,64,2,28,TAH-BIO-BIO26-L12-Q028,BIO26-PDF065-L12-S2-Q028,البرمائيات والزواحف والبيضة الأمنيونية,BIO26-M10,الفقاريات والمقارنات بينها,BIO26-S10-02,البرمائيات والزواحف والبيضة الأمنيونية,تجميعات الأحياء 2026 — مفتاح الإجابة في PDF p.65,A,0,NOT_STARTED,,NOT_RUN,PRE_CROP_RANGE_FROZEN_V1
12,BIO26-L12,أحياء 2,الزواحف,65,65,64,2,29,TAH-BIO-BIO26-L12-Q029,BIO26-PDF065-L12-S2-Q029,البرمائيات والزواحف والبيضة الأمنيونية,BIO26-M10,الفقاريات والمقارنات بينها,BIO26-S10-02,البرمائيات والزواحف والبيضة الأمنيونية,تجميعات الأحياء 2026 — مفتاح الإجابة في PDF p.65,A,0,NOT_STARTED,,NOT_RUN,PRE_CROP_RANGE_FROZEN_V1
12,BIO26-L12,أحياء 2,الزواحف,65,65,64,2,30,TAH-BIO-BIO26-L12-Q030,BIO26-PDF065-L12-S2-Q030,البرمائيات والزواحف والبيضة الأمنيونية,BIO26-M10,الفقاريات والمقارنات بينها,BIO26-S10-02,البرمائيات والزواحف والبيضة الأمنيونية,تجميعات الأحياء 2026 — مفتاح الإجابة في PDF p.65,B,1,NOT_STARTED,,NOT_RUN,PRE_CROP_RANGE_FROZEN_V1
12,BIO26-L12,أحياء 2,الزواحف,65,65,64,2,31,TAH-BIO-BIO26-L12-Q031,BIO26-PDF065-L12-S2-Q031,البرمائيات والزواحف والبيضة الأمنيونية,BIO26-M10,الفقاريات والمقارنات بينها,BIO26-S10-02,البرمائيات والزواحف والبيضة الأمنيونية,تجميعات الأحياء 2026 — مفتاح الإجابة في PDF p.65,C,2,NOT_STARTED,,NOT_RUN,PRE_CROP_RANGE_FROZEN_V1
12,BIO26-L12,أحياء 2,الزواحف,65,65,64,2,32,TAH-BIO-BIO26-L12-Q032,BIO26-PDF065-L12-S2-Q032,البرمائيات والزواحف والبيضة الأمنيونية,BIO26-M10,الفقاريات والمقارنات بينها,BIO26-S10-02,البرمائيات والزواحف والبيضة الأمنيونية,تجميعات الأحياء 2026 — مفتاح الإجابة في PDF p.65,A,0,NOT_STARTED,,NOT_RUN,PRE_CROP_RANGE_FROZEN_V1
12,BIO26-L12,أحياء 2,الزواحف,65,65,64,2,33,TAH-BIO-BIO26-L12-Q033,BIO26-PDF065-L12-S2-Q033,البرمائيات والزواحف والبيضة الأمنيونية,BIO26-M10,الفقاريات والمقارنات بينها,BIO26-S10-02,البرمائيات والزواحف والبيضة الأمنيونية,تجميعات الأحياء 2026 — مفتاح الإجابة في PDF p.65,D,3,NOT_STARTED,,NOT_RUN,PRE_CROP_RANGE_FROZEN_V1
12,BIO26-L12,أحياء 2,الزواحف,65,65,64,2,34,TAH-BIO-BIO26-L12-Q034,BIO26-PDF065-L12-S2-Q034,البرمائيات والزواحف والبيضة الأمنيونية,BIO26-M10,الفقاريات والمقارنات بينها,BIO26-S10-02,البرمائيات والزواحف والبيضة الأمنيونية,تجميعات الأحياء 2026 — مفتاح الإجابة في PDF p.65,B,1,NOT_STARTED,,NOT_RUN,PRE_CROP_RANGE_FROZEN_V1
12,BIO26-L12,أحياء 2,الزواحف,65,65,64,2,35,TAH-BIO-BIO26-L12-Q035,BIO26-PDF065-L12-S2-Q035,البرمائيات والزواحف والبيضة الأمنيونية,BIO26-M10,الفقاريات والمقارنات بينها,BIO26-S10-02,البرمائيات والزواحف والبيضة الأمنيونية,تجميعات الأحياء 2026 — مفتاح الإجابة في PDF p.65,C,2,NOT_STARTED,,NOT_RUN,PRE_CROP_RANGE_FROZEN_V1
12,BIO26-L12,أحياء 2,الزواحف,65,65,64,2,36,TAH-BIO-BIO26-L12-Q036,BIO26-PDF065-L12-S2-Q036,البرمائيات والزواحف والبيضة الأمنيونية,BIO26-M10,الفقاريات والمقارنات بينها,BIO26-S10-02,البرمائيات والزواحف والبيضة الأمنيونية,تجميعات الأحياء 2026 — مفتاح الإجابة في PDF p.65,B,1,NOT_STARTED,,NOT_RUN,PRE_CROP_RANGE_FROZEN_V1
12,BIO26-L12,أحياء 2,الزواحف,65,65,64,2,37,TAH-BIO-BIO26-L12-Q037,BIO26-PDF065-L12-S2-Q037,البرمائيات والزواحف والبيضة الأمنيونية,BIO26-M10,الفقاريات والمقارنات بينها,BIO26-S10-02,البرمائيات والزواحف والبيضة الأمنيونية,تجميعات الأحياء 2026 — مفتاح الإجابة في PDF p.65,A,0,NOT_STARTED,,NOT_RUN,PRE_CROP_RANGE_FROZEN_V1
13,BIO26-L13,أحياء 2,الطيور,66,66,65,1,1,TAH-BIO-BIO26-L13-Q001,BIO26-PDF066-L13-S1-Q001,الطيور والثدييات: الخصائص والتنوع,BIO26-M10,الفقاريات والمقارنات بينها,BIO26-S10-03,الطيور والثدييات: الخصائص والتنوع,تجميعات الأحياء 2026 — مفتاح الإجابة في PDF p.66,B,1,NOT_STARTED,,NOT_RUN,PRE_CROP_RANGE_FROZEN_V1
13,BIO26-L13,أحياء 2,الطيور,66,66,65,1,2,TAH-BIO-BIO26-L13-Q002,BIO26-PDF066-L13-S1-Q002,الطيور والثدييات: الخصائص والتنوع,BIO26-M10,الفقاريات والمقارنات بينها,BIO26-S10-03,الطيور والثدييات: الخصائص والتنوع,تجميعات الأحياء 2026 — مفتاح الإجابة في PDF p.66,C,2,NOT_STARTED,,NOT_RUN,PRE_CROP_RANGE_FROZEN_V1
13,BIO26-L13,أحياء 2,الطيور,66,66,65,1,3,TAH-BIO-BIO26-L13-Q003,BIO26-PDF066-L13-S1-Q003,الطيور والثدييات: الخصائص والتنوع,BIO26-M10,الفقاريات والمقارنات بينها,BIO26-S10-03,الطيور والثدييات: الخصائص والتنوع,تجميعات الأحياء 2026 — مفتاح الإجابة في PDF p.66,A,0,NOT_STARTED,,NOT_RUN,PRE_CROP_RANGE_FROZEN_V1
13,BIO26-L13,أحياء 2,الطيور,66,66,65,1,4,TAH-BIO-BIO26-L13-Q004,BIO26-PDF066-L13-S1-Q004,الطيور والثدييات: الخصائص والتنوع,BIO26-M10,الفقاريات والمقارنات بينها,BIO26-S10-03,الطيور والثدييات: الخصائص والتنوع,تجميعات الأحياء 2026 — مفتاح الإجابة في PDF p.66,D,3,NOT_STARTED,,NOT_RUN,PRE_CROP_RANGE_FROZEN_V1
13,BIO26-L13,أحياء 2,الطيور,66,66,65,1,5,TAH-BIO-BIO26-L13-Q005,BIO26-PDF066-L13-S1-Q005,الطيور والثدييات: الخصائص والتنوع,BIO26-M10,الفقاريات والمقارنات بينها,BIO26-S10-03,الطيور والثدييات: الخصائص والتنوع,تجميعات الأحياء 2026 — مفتاح الإجابة في PDF p.66,A,0,NOT_STARTED,,NOT_RUN,PRE_CROP_RANGE_FROZEN_V1
13,BIO26-L13,أحياء 2,الطيور,66,66,65,1,6,TAH-BIO-BIO26-L13-Q006,BIO26-PDF066-L13-S1-Q006,الطيور والثدييات: الخصائص والتنوع,BIO26-M10,الفقاريات والمقارنات بينها,BIO26-S10-03,الطيور والثدييات: الخصائص والتنوع,تجميعات الأحياء 2026 — مفتاح الإجابة في PDF p.66,A,0,NOT_STARTED,,NOT_RUN,PRE_CROP_RANGE_FROZEN_V1
13,BIO26-L13,أحياء 2,الطيور,66,66,65,1,7,TAH-BIO-BIO26-L13-Q007,BIO26-PDF066-L13-S1-Q007,الطيور والثدييات: الخصائص والتنوع,BIO26-M10,الفقاريات والمقارنات بينها,BIO26-S10-03,الطيور والثدييات: الخصائص والتنوع,تجميعات الأحياء 2026 — مفتاح الإجابة في PDF p.66,C,2,NOT_STARTED,,NOT_RUN,PRE_CROP_RANGE_FROZEN_V1
13,BIO26-L13,أحياء 2,الطيور,66,66,65,1,8,TAH-BIO-BIO26-L13-Q008,BIO26-PDF066-L13-S1-Q008,الطيور والثدييات: الخصائص والتنوع,BIO26-M10,الفقاريات والمقارنات بينها,BIO26-S10-03,الطيور والثدييات: الخصائص والتنوع,تجميعات الأحياء 2026 — مفتاح الإجابة في PDF p.66,B,1,NOT_STARTED,,NOT_RUN,PRE_CROP_RANGE_FROZEN_V1
13,BIO26-L13,أحياء 2,الطيور,66,66,65,1,9,TAH-BIO-BIO26-L13-Q009,BIO26-PDF066-L13-S1-Q009,الطيور والثدييات: الخصائص والتنوع,BIO26-M10,الفقاريات والمقارنات بينها,BIO26-S10-03,الطيور والثدييات: الخصائص والتنوع,تجميعات الأحياء 2026 — مفتاح الإجابة في PDF p.66,C,2,NOT_STARTED,,NOT_RUN,PRE_CROP_RANGE_FROZEN_V1
13,BIO26-L13,أحياء 2,الطيور,66,66,65,1,10,TAH-BIO-BIO26-L13-Q010,BIO26-PDF066-L13-S1-Q010,الطيور والثدييات: الخصائص والتنوع,BIO26-M10,الفقاريات والمقارنات بينها,BIO26-S10-03,الطيور والثدييات: الخصائص والتنوع,تجميعات الأحياء 2026 — مفتاح الإجابة في PDF p.66,A,0,NOT_STARTED,,NOT_RUN,PRE_CROP_RANGE_FROZEN_V1
13,BIO26-L13,أحياء 2,الطيور,66,66,65,1,11,TAH-BIO-BIO26-L13-Q011,BIO26-PDF066-L13-S1-Q011,الطيور والثدييات: الخصائص والتنوع,BIO26-M10,الفقاريات والمقارنات بينها,BIO26-S10-03,الطيور والثدييات: الخصائص والتنوع,تجميعات الأحياء 2026 — مفتاح الإجابة في PDF p.66,D,3,NOT_STARTED,,NOT_RUN,PRE_CROP_RANGE_FROZEN_V1
13,BIO26-L13,أحياء 2,الطيور,66,66,65,1,12,TAH-BIO-BIO26-L13-Q012,BIO26-PDF066-L13-S1-Q012,الطيور والثدييات: الخصائص والتنوع,BIO26-M10,الفقاريات والمقارنات بينها,BIO26-S10-03,الطيور والثدييات: الخصائص والتنوع,تجميعات الأحياء 2026 — مفتاح الإجابة في PDF p.66,B,1,NOT_STARTED,,NOT_RUN,PRE_CROP_RANGE_FROZEN_V1
13,BIO26-L13,أحياء 2,الطيور,66,66,65,1,13,TAH-BIO-BIO26-L13-Q013,BIO26-PDF066-L13-S1-Q013,الطيور والثدييات: الخصائص والتنوع,BIO26-M10,الفقاريات والمقارنات بينها,BIO26-S10-03,الطيور والثدييات: الخصائص والتنوع,تجميعات الأحياء 2026 — مفتاح الإجابة في PDF p.66,A,0,NOT_STARTED,,NOT_RUN,PRE_CROP_RANGE_FROZEN_V1
13,BIO26-L13,أحياء 2,الطيور,66,66,65,1,14,TAH-BIO-BIO26-L13-Q014,BIO26-PDF066-L13-S1-Q014,الطيور والثدييات: الخصائص والتنوع,BIO26-M10,الفقاريات والمقارنات بينها,BIO26-S10-03,الطيور والثدييات: الخصائص والتنوع,تجميعات الأحياء 2026 — مفتاح الإجابة في PDF p.66,B,1,NOT_STARTED,,NOT_RUN,PRE_CROP_RANGE_FROZEN_V1
13,BIO26-L13,أحياء 2,الطيور,66,66,65,1,15,TAH-BIO-BIO26-L13-Q015,BIO26-PDF066-L13-S1-Q015,الطيور والثدييات: الخصائص والتنوع,BIO26-M10,الفقاريات والمقارنات بينها,BIO26-S10-03,الطيور والثدييات: الخصائص والتنوع,تجميعات الأحياء 2026 — مفتاح الإجابة في PDF p.66,A,0,NOT_STARTED,,NOT_RUN,PRE_CROP_RANGE_FROZEN_V1
13,BIO26-L13,أحياء 2,الطيور,67,67,66,2,16,TAH-BIO-BIO26-L13-Q016,BIO26-PDF067-L13-S2-Q016,الطيور والثدييات: الخصائص والتنوع,BIO26-M10,الفقاريات والمقارنات بينها,BIO26-S10-03,الطيور والثدييات: الخصائص والتنوع,تجميعات الأحياء 2026 — مفتاح الإجابة في PDF p.67,D,3,NOT_STARTED,,NOT_RUN,PRE_CROP_RANGE_FROZEN_V1
13,BIO26-L13,أحياء 2,الطيور,67,67,66,2,17,TAH-BIO-BIO26-L13-Q017,BIO26-PDF067-L13-S2-Q017,الطيور والثدييات: الخصائص والتنوع,BIO26-M10,الفقاريات والمقارنات بينها,BIO26-S10-03,الطيور والثدييات: الخصائص والتنوع,تجميعات الأحياء 2026 — مفتاح الإجابة في PDF p.67,D,3,NOT_STARTED,,NOT_RUN,PRE_CROP_RANGE_FROZEN_V1
13,BIO26-L13,أحياء 2,الطيور,67,67,66,2,18,TAH-BIO-BIO26-L13-Q018,BIO26-PDF067-L13-S2-Q018,الطيور والثدييات: الخصائص والتنوع,BIO26-M10,الفقاريات والمقارنات بينها,BIO26-S10-03,الطيور والثدييات: الخصائص والتنوع,تجميعات الأحياء 2026 — مفتاح الإجابة في PDF p.67,D,3,NOT_STARTED,,NOT_RUN,PRE_CROP_RANGE_FROZEN_V1
13,BIO26-L13,أحياء 2,الطيور,67,67,66,2,19,TAH-BIO-BIO26-L13-Q019,BIO26-PDF067-L13-S2-Q019,الطيور والثدييات: الخصائص والتنوع,BIO26-M10,الفقاريات والمقارنات بينها,BIO26-S10-03,الطيور والثدييات: الخصائص والتنوع,تجميعات الأحياء 2026 — مفتاح الإجابة في PDF p.67,B,1,NOT_STARTED,,NOT_RUN,PRE_CROP_RANGE_FROZEN_V1
13,BIO26-L13,أحياء 2,الطيور,67,67,66,2,20,TAH-BIO-BIO26-L13-Q020,BIO26-PDF067-L13-S2-Q020,الطيور والثدييات: الخصائص والتنوع,BIO26-M10,الفقاريات والمقارنات بينها,BIO26-S10-03,الطيور والثدييات: الخصائص والتنوع,تجميعات الأحياء 2026 — مفتاح الإجابة في PDF p.67,A,0,NOT_STARTED,,NOT_RUN,PRE_CROP_RANGE_FROZEN_V1
13,BIO26-L13,أحياء 2,الطيور,67,67,66,2,21,TAH-BIO-BIO26-L13-Q021,BIO26-PDF067-L13-S2-Q021,الطيور والثدييات: الخصائص والتنوع,BIO26-M10,الفقاريات والمقارنات بينها,BIO26-S10-03,الطيور والثدييات: الخصائص والتنوع,تجميعات الأحياء 2026 — مفتاح الإجابة في PDF p.67,A,0,NOT_STARTED,,NOT_RUN,PRE_CROP_RANGE_FROZEN_V1
13,BIO26-L13,أحياء 2,الطيور,67,67,66,2,22,TAH-BIO-BIO26-L13-Q022,BIO26-PDF067-L13-S2-Q022,الطيور والثدييات: الخصائص والتنوع,BIO26-M10,الفقاريات والمقارنات بينها,BIO26-S10-03,الطيور والثدييات: الخصائص والتنوع,تجميعات الأحياء 2026 — مفتاح الإجابة في PDF p.67,A,0,NOT_STARTED,,NOT_RUN,PRE_CROP_RANGE_FROZEN_V1
13,BIO26-L13,أحياء 2,الطيور,67,67,66,2,23,TAH-BIO-BIO26-L13-Q023,BIO26-PDF067-L13-S2-Q023,الطيور والثدييات: الخصائص والتنوع,BIO26-M10,الفقاريات والمقارنات بينها,BIO26-S10-03,الطيور والثدييات: الخصائص والتنوع,تجميعات الأحياء 2026 — مفتاح الإجابة في PDF p.67,A,0,NOT_STARTED,,NOT_RUN,PRE_CROP_RANGE_FROZEN_V1
13,BIO26-L13,أحياء 2,الطيور,67,67,66,2,24,TAH-BIO-BIO26-L13-Q024,BIO26-PDF067-L13-S2-Q024,الطيور والثدييات: الخصائص والتنوع,BIO26-M10,الفقاريات والمقارنات بينها,BIO26-S10-03,الطيور والثدييات: الخصائص والتنوع,تجميعات الأحياء 2026 — مفتاح الإجابة في PDF p.67,B,1,NOT_STARTED,,NOT_RUN,PRE_CROP_RANGE_FROZEN_V1
13,BIO26-L13,أحياء 2,الطيور,67,67,66,2,25,TAH-BIO-BIO26-L13-Q025,BIO26-PDF067-L13-S2-Q025,الطيور والثدييات: الخصائص والتنوع,BIO26-M10,الفقاريات والمقارنات بينها,BIO26-S10-03,الطيور والثدييات: الخصائص والتنوع,تجميعات الأحياء 2026 — مفتاح الإجابة في PDF p.67,B,1,NOT_STARTED,,NOT_RUN,PRE_CROP_RANGE_FROZEN_V1
13,BIO26-L13,أحياء 2,الطيور,67,67,66,2,26,TAH-BIO-BIO26-L13-Q026,BIO26-PDF067-L13-S2-Q026,الطيور والثدييات: الخصائص والتنوع,BIO26-M10,الفقاريات والمقارنات بينها,BIO26-S10-03,الطيور والثدييات: الخصائص والتنوع,تجميعات الأحياء 2026 — مفتاح الإجابة في PDF p.67,A,0,NOT_STARTED,,NOT_RUN,PRE_CROP_RANGE_FROZEN_V1
13,BIO26-L13,أحياء 2,الطيور,67,67,66,2,27,TAH-BIO-BIO26-L13-Q027,BIO26-PDF067-L13-S2-Q027,الطيور والثدييات: الخصائص والتنوع,BIO26-M10,الفقاريات والمقارنات بينها,BIO26-S10-03,الطيور والثدييات: الخصائص والتنوع,تجميعات الأحياء 2026 — مفتاح الإجابة في PDF p.67,D,3,NOT_STARTED,,NOT_RUN,PRE_CROP_RANGE_FROZEN_V1
13,BIO26-L13,أحياء 2,الطيور,67,67,66,2,28,TAH-BIO-BIO26-L13-Q028,BIO26-PDF067-L13-S2-Q028,الطيور والثدييات: الخصائص والتنوع,BIO26-M10,الفقاريات والمقارنات بينها,BIO26-S10-03,الطيور والثدييات: الخصائص والتنوع,تجميعات الأحياء 2026 — مفتاح الإجابة في PDF p.67,D,3,NOT_STARTED,,NOT_RUN,PRE_CROP_RANGE_FROZEN_V1
13,BIO26-L13,أحياء 2,الطيور,67,67,66,2,29,TAH-BIO-BIO26-L13-Q029,BIO26-PDF067-L13-S2-Q029,الطيور والثدييات: الخصائص والتنوع,BIO26-M10,الفقاريات والمقارنات بينها,BIO26-S10-03,الطيور والثدييات: الخصائص والتنوع,تجميعات الأحياء 2026 — مفتاح الإجابة في PDF p.67,D,3,NOT_STARTED,,NOT_RUN,PRE_CROP_RANGE_FROZEN_V1
13,BIO26-L13,أحياء 2,الطيور,67,67,66,2,30,TAH-BIO-BIO26-L13-Q030,BIO26-PDF067-L13-S2-Q030,الطيور والثدييات: الخصائص والتنوع,BIO26-M10,الفقاريات والمقارنات بينها,BIO26-S10-03,الطيور والثدييات: الخصائص والتنوع,تجميعات الأحياء 2026 — مفتاح الإجابة في PDF p.67,D,3,NOT_STARTED,,NOT_RUN,PRE_CROP_RANGE_FROZEN_V1
13,BIO26-L13,أحياء 2,الطيور,67,67,66,2,31,TAH-BIO-BIO26-L13-Q031,BIO26-PDF067-L13-S2-Q031,الطيور والثدييات: الخصائص والتنوع,BIO26-M10,الفقاريات والمقارنات بينها,BIO26-S10-03,الطيور والثدييات: الخصائص والتنوع,تجميعات الأحياء 2026 — مفتاح الإجابة في PDF p.67,A,0,NOT_STARTED,,NOT_RUN,PRE_CROP_RANGE_FROZEN_V1
13,BIO26-L13,أحياء 2,الطيور,67,67,66,2,32,TAH-BIO-BIO26-L13-Q032,BIO26-PDF067-L13-S2-Q032,الطيور والثدييات: الخصائص والتنوع,BIO26-M10,الفقاريات والمقارنات بينها,BIO26-S10-03,الطيور والثدييات: الخصائص والتنوع,تجميعات الأحياء 2026 — مفتاح الإجابة في PDF p.67,C,2,NOT_STARTED,,NOT_RUN,PRE_CROP_RANGE_FROZEN_V1
14,BIO26-L14,أحياء 2,الثدييات,68,68,67,1,1,TAH-BIO-BIO26-L14-Q001,BIO26-PDF068-L14-S1-Q001,الطيور والثدييات: الخصائص والتنوع,BIO26-M10,الفقاريات والمقارنات بينها,BIO26-S10-03,الطيور والثدييات: الخصائص والتنوع,تجميعات الأحياء 2026 — مفتاح الإجابة في PDF p.68,A,0,NOT_STARTED,,NOT_RUN,PRE_CROP_RANGE_FROZEN_V1
14,BIO26-L14,أحياء 2,الثدييات,68,68,67,1,2,TAH-BIO-BIO26-L14-Q002,BIO26-PDF068-L14-S1-Q002,الطيور والثدييات: الخصائص والتنوع,BIO26-M10,الفقاريات والمقارنات بينها,BIO26-S10-03,الطيور والثدييات: الخصائص والتنوع,تجميعات الأحياء 2026 — مفتاح الإجابة في PDF p.68,C,2,NOT_STARTED,,NOT_RUN,PRE_CROP_RANGE_FROZEN_V1
14,BIO26-L14,أحياء 2,الثدييات,68,68,67,1,3,TAH-BIO-BIO26-L14-Q003,BIO26-PDF068-L14-S1-Q003,الطيور والثدييات: الخصائص والتنوع,BIO26-M10,الفقاريات والمقارنات بينها,BIO26-S10-03,الطيور والثدييات: الخصائص والتنوع,تجميعات الأحياء 2026 — مفتاح الإجابة في PDF p.68,A,0,NOT_STARTED,,NOT_RUN,PRE_CROP_RANGE_FROZEN_V1
14,BIO26-L14,أحياء 2,الثدييات,68,68,67,1,4,TAH-BIO-BIO26-L14-Q004,BIO26-PDF068-L14-S1-Q004,الطيور والثدييات: الخصائص والتنوع,BIO26-M10,الفقاريات والمقارنات بينها,BIO26-S10-03,الطيور والثدييات: الخصائص والتنوع,تجميعات الأحياء 2026 — مفتاح الإجابة في PDF p.68,D,3,NOT_STARTED,,NOT_RUN,PRE_CROP_RANGE_FROZEN_V1
14,BIO26-L14,أحياء 2,الثدييات,68,68,67,1,5,TAH-BIO-BIO26-L14-Q005,BIO26-PDF068-L14-S1-Q005,الطيور والثدييات: الخصائص والتنوع,BIO26-M10,الفقاريات والمقارنات بينها,BIO26-S10-03,الطيور والثدييات: الخصائص والتنوع,تجميعات الأحياء 2026 — مفتاح الإجابة في PDF p.68,C,2,NOT_STARTED,,NOT_RUN,PRE_CROP_RANGE_FROZEN_V1
14,BIO26-L14,أحياء 2,الثدييات,68,68,67,1,6,TAH-BIO-BIO26-L14-Q006,BIO26-PDF068-L14-S1-Q006,الطيور والثدييات: الخصائص والتنوع,BIO26-M10,الفقاريات والمقارنات بينها,BIO26-S10-03,الطيور والثدييات: الخصائص والتنوع,تجميعات الأحياء 2026 — مفتاح الإجابة في PDF p.68,C,2,NOT_STARTED,,NOT_RUN,PRE_CROP_RANGE_FROZEN_V1
14,BIO26-L14,أحياء 2,الثدييات,68,68,67,1,7,TAH-BIO-BIO26-L14-Q007,BIO26-PDF068-L14-S1-Q007,الطيور والثدييات: الخصائص والتنوع,BIO26-M10,الفقاريات والمقارنات بينها,BIO26-S10-03,الطيور والثدييات: الخصائص والتنوع,تجميعات الأحياء 2026 — مفتاح الإجابة في PDF p.68,C,2,NOT_STARTED,,NOT_RUN,PRE_CROP_RANGE_FROZEN_V1
14,BIO26-L14,أحياء 2,الثدييات,68,68,67,1,8,TAH-BIO-BIO26-L14-Q008,BIO26-PDF068-L14-S1-Q008,الطيور والثدييات: الخصائص والتنوع,BIO26-M10,الفقاريات والمقارنات بينها,BIO26-S10-03,الطيور والثدييات: الخصائص والتنوع,تجميعات الأحياء 2026 — مفتاح الإجابة في PDF p.68,C,2,NOT_STARTED,,NOT_RUN,PRE_CROP_RANGE_FROZEN_V1
14,BIO26-L14,أحياء 2,الثدييات,68,68,67,1,9,TAH-BIO-BIO26-L14-Q009,BIO26-PDF068-L14-S1-Q009,الطيور والثدييات: الخصائص والتنوع,BIO26-M10,الفقاريات والمقارنات بينها,BIO26-S10-03,الطيور والثدييات: الخصائص والتنوع,تجميعات الأحياء 2026 — مفتاح الإجابة في PDF p.68,B,1,NOT_STARTED,,NOT_RUN,PRE_CROP_RANGE_FROZEN_V1
14,BIO26-L14,أحياء 2,الثدييات,68,68,67,1,10,TAH-BIO-BIO26-L14-Q010,BIO26-PDF068-L14-S1-Q010,الطيور والثدييات: الخصائص والتنوع,BIO26-M10,الفقاريات والمقارنات بينها,BIO26-S10-03,الطيور والثدييات: الخصائص والتنوع,تجميعات الأحياء 2026 — مفتاح الإجابة في PDF p.68,A,0,NOT_STARTED,,NOT_RUN,PRE_CROP_RANGE_FROZEN_V1
14,BIO26-L14,أحياء 2,الثدييات,68,68,67,1,11,TAH-BIO-BIO26-L14-Q011,BIO26-PDF068-L14-S1-Q011,الطيور والثدييات: الخصائص والتنوع,BIO26-M10,الفقاريات والمقارنات بينها,BIO26-S10-03,الطيور والثدييات: الخصائص والتنوع,تجميعات الأحياء 2026 — مفتاح الإجابة في PDF p.68,D,3,NOT_STARTED,,NOT_RUN,PRE_CROP_RANGE_FROZEN_V1
14,BIO26-L14,أحياء 2,الثدييات,68,68,67,1,12,TAH-BIO-BIO26-L14-Q012,BIO26-PDF068-L14-S1-Q012,الطيور والثدييات: الخصائص والتنوع,BIO26-M10,الفقاريات والمقارنات بينها,BIO26-S10-03,الطيور والثدييات: الخصائص والتنوع,تجميعات الأحياء 2026 — مفتاح الإجابة في PDF p.68,D,3,NOT_STARTED,,NOT_RUN,PRE_CROP_RANGE_FROZEN_V1
14,BIO26-L14,أحياء 2,الثدييات,68,68,67,1,13,TAH-BIO-BIO26-L14-Q013,BIO26-PDF068-L14-S1-Q013,الطيور والثدييات: الخصائص والتنوع,BIO26-M10,الفقاريات والمقارنات بينها,BIO26-S10-03,الطيور والثدييات: الخصائص والتنوع,تجميعات الأحياء 2026 — مفتاح الإجابة في PDF p.68,A,0,NOT_STARTED,,NOT_RUN,PRE_CROP_RANGE_FROZEN_V1
14,BIO26-L14,أحياء 2,الثدييات,68,68,67,1,14,TAH-BIO-BIO26-L14-Q014,BIO26-PDF068-L14-S1-Q014,الطيور والثدييات: الخصائص والتنوع,BIO26-M10,الفقاريات والمقارنات بينها,BIO26-S10-03,الطيور والثدييات: الخصائص والتنوع,تجميعات الأحياء 2026 — مفتاح الإجابة في PDF p.68,D,3,NOT_STARTED,,NOT_RUN,PRE_CROP_RANGE_FROZEN_V1
14,BIO26-L14,أحياء 2,الثدييات,68,68,67,1,15,TAH-BIO-BIO26-L14-Q015,BIO26-PDF068-L14-S1-Q015,الطيور والثدييات: الخصائص والتنوع,BIO26-M10,الفقاريات والمقارنات بينها,BIO26-S10-03,الطيور والثدييات: الخصائص والتنوع,تجميعات الأحياء 2026 — مفتاح الإجابة في PDF p.68,A,0,NOT_STARTED,,NOT_RUN,PRE_CROP_RANGE_FROZEN_V1
14,BIO26-L14,أحياء 2,الثدييات,68,68,67,1,16,TAH-BIO-BIO26-L14-Q016,BIO26-PDF068-L14-S1-Q016,الطيور والثدييات: الخصائص والتنوع,BIO26-M10,الفقاريات والمقارنات بينها,BIO26-S10-03,الطيور والثدييات: الخصائص والتنوع,تجميعات الأحياء 2026 — مفتاح الإجابة في PDF p.68,A,0,NOT_STARTED,,NOT_RUN,PRE_CROP_RANGE_FROZEN_V1
14,BIO26-L14,أحياء 2,الثدييات,69,69,68,1,17,TAH-BIO-BIO26-L14-Q017,BIO26-PDF069-L14-S1-Q017,الطيور والثدييات: الخصائص والتنوع,BIO26-M10,الفقاريات والمقارنات بينها,BIO26-S10-03,الطيور والثدييات: الخصائص والتنوع,تجميعات الأحياء 2026 — مفتاح الإجابة في PDF p.69,C,2,NOT_STARTED,,NOT_RUN,PRE_CROP_RANGE_FROZEN_V1
14,BIO26-L14,أحياء 2,الثدييات,69,69,68,1,18,TAH-BIO-BIO26-L14-Q018,BIO26-PDF069-L14-S1-Q018,الطيور والثدييات: الخصائص والتنوع,BIO26-M10,الفقاريات والمقارنات بينها,BIO26-S10-03,الطيور والثدييات: الخصائص والتنوع,تجميعات الأحياء 2026 — مفتاح الإجابة في PDF p.69,A,0,NOT_STARTED,,NOT_RUN,PRE_CROP_RANGE_FROZEN_V1
14,BIO26-L14,أحياء 2,الثدييات,69,69,68,1,19,TAH-BIO-BIO26-L14-Q019,BIO26-PDF069-L14-S1-Q019,الطيور والثدييات: الخصائص والتنوع,BIO26-M10,الفقاريات والمقارنات بينها,BIO26-S10-03,الطيور والثدييات: الخصائص والتنوع,تجميعات الأحياء 2026 — مفتاح الإجابة في PDF p.69,B,1,NOT_STARTED,,NOT_RUN,PRE_CROP_RANGE_FROZEN_V1
14,BIO26-L14,أحياء 2,الثدييات,69,69,68,1,20,TAH-BIO-BIO26-L14-Q020,BIO26-PDF069-L14-S1-Q020,الطيور والثدييات: الخصائص والتنوع,BIO26-M10,الفقاريات والمقارنات بينها,BIO26-S10-03,الطيور والثدييات: الخصائص والتنوع,تجميعات الأحياء 2026 — مفتاح الإجابة في PDF p.69,A,0,NOT_STARTED,,NOT_RUN,PRE_CROP_RANGE_FROZEN_V1
14,BIO26-L14,أحياء 2,الثدييات,69,69,68,1,21,TAH-BIO-BIO26-L14-Q021,BIO26-PDF069-L14-S1-Q021,الطيور والثدييات: الخصائص والتنوع,BIO26-M10,الفقاريات والمقارنات بينها,BIO26-S10-03,الطيور والثدييات: الخصائص والتنوع,تجميعات الأحياء 2026 — مفتاح الإجابة في PDF p.69,A,0,NOT_STARTED,,NOT_RUN,PRE_CROP_RANGE_FROZEN_V1
14,BIO26-L14,أحياء 2,الثدييات,69,69,68,1,22,TAH-BIO-BIO26-L14-Q022,BIO26-PDF069-L14-S1-Q022,الطيور والثدييات: الخصائص والتنوع,BIO26-M10,الفقاريات والمقارنات بينها,BIO26-S10-03,الطيور والثدييات: الخصائص والتنوع,تجميعات الأحياء 2026 — مفتاح الإجابة في PDF p.69,A,0,NOT_STARTED,,NOT_RUN,PRE_CROP_RANGE_FROZEN_V1
14,BIO26-L14,أحياء 2,الثدييات,69,69,68,1,23,TAH-BIO-BIO26-L14-Q023,BIO26-PDF069-L14-S1-Q023,الطيور والثدييات: الخصائص والتنوع,BIO26-M10,الفقاريات والمقارنات بينها,BIO26-S10-03,الطيور والثدييات: الخصائص والتنوع,تجميعات الأحياء 2026 — مفتاح الإجابة في PDF p.69,C,2,NOT_STARTED,,NOT_RUN,PRE_CROP_RANGE_FROZEN_V1
14,BIO26-L14,أحياء 2,الثدييات,69,69,68,1,24,TAH-BIO-BIO26-L14-Q024,BIO26-PDF069-L14-S1-Q024,الطيور والثدييات: الخصائص والتنوع,BIO26-M10,الفقاريات والمقارنات بينها,BIO26-S10-03,الطيور والثدييات: الخصائص والتنوع,تجميعات الأحياء 2026 — مفتاح الإجابة في PDF p.69,A,0,NOT_STARTED,,NOT_RUN,PRE_CROP_RANGE_FROZEN_V1
14,BIO26-L14,أحياء 2,الثدييات,69,69,68,1,25,TAH-BIO-BIO26-L14-Q025,BIO26-PDF069-L14-S1-Q025,الطيور والثدييات: الخصائص والتنوع,BIO26-M10,الفقاريات والمقارنات بينها,BIO26-S10-03,الطيور والثدييات: الخصائص والتنوع,تجميعات الأحياء 2026 — مفتاح الإجابة في PDF p.69,C,2,NOT_STARTED,,NOT_RUN,PRE_CROP_RANGE_FROZEN_V1
14,BIO26-L14,أحياء 2,الثدييات,69,69,68,1,26,TAH-BIO-BIO26-L14-Q026,BIO26-PDF069-L14-S1-Q026,الطيور والثدييات: الخصائص والتنوع,BIO26-M10,الفقاريات والمقارنات بينها,BIO26-S10-03,الطيور والثدييات: الخصائص والتنوع,تجميعات الأحياء 2026 — مفتاح الإجابة في PDF p.69,D,3,NOT_STARTED,,NOT_RUN,PRE_CROP_RANGE_FROZEN_V1
14,BIO26-L14,أحياء 2,الثدييات,69,69,68,1,27,TAH-BIO-BIO26-L14-Q027,BIO26-PDF069-L14-S1-Q027,الطيور والثدييات: الخصائص والتنوع,BIO26-M10,الفقاريات والمقارنات بينها,BIO26-S10-03,الطيور والثدييات: الخصائص والتنوع,تجميعات الأحياء 2026 — مفتاح الإجابة في PDF p.69,A,0,NOT_STARTED,,NOT_RUN,PRE_CROP_RANGE_FROZEN_V1
14,BIO26-L14,أحياء 2,الثدييات,69,69,68,1,28,TAH-BIO-BIO26-L14-Q028,BIO26-PDF069-L14-S1-Q028,الطيور والثدييات: الخصائص والتنوع,BIO26-M10,الفقاريات والمقارنات بينها,BIO26-S10-03,الطيور والثدييات: الخصائص والتنوع,تجميعات الأحياء 2026 — مفتاح الإجابة في PDF p.69,A,0,NOT_STARTED,,NOT_RUN,PRE_CROP_RANGE_FROZEN_V1
14,BIO26-L14,أحياء 2,الثدييات,69,69,68,1,29,TAH-BIO-BIO26-L14-Q029,BIO26-PDF069-L14-S1-Q029,الطيور والثدييات: الخصائص والتنوع,BIO26-M10,الفقاريات والمقارنات بينها,BIO26-S10-03,الطيور والثدييات: الخصائص والتنوع,تجميعات الأحياء 2026 — مفتاح الإجابة في PDF p.69,A,0,NOT_STARTED,,NOT_RUN,PRE_CROP_RANGE_FROZEN_V1
14,BIO26-L14,أحياء 2,الثدييات,69,69,68,1,30,TAH-BIO-BIO26-L14-Q030,BIO26-PDF069-L14-S1-Q030,الطيور والثدييات: الخصائص والتنوع,BIO26-M10,الفقاريات والمقارنات بينها,BIO26-S10-03,الطيور والثدييات: الخصائص والتنوع,تجميعات الأحياء 2026 — مفتاح الإجابة في PDF p.69,A,0,NOT_STARTED,,NOT_RUN,PRE_CROP_RANGE_FROZEN_V1
14,BIO26-L14,أحياء 2,الثدييات,69,69,68,1,31,TAH-BIO-BIO26-L14-Q031,BIO26-PDF069-L14-S1-Q031,الطيور والثدييات: الخصائص والتنوع,BIO26-M10,الفقاريات والمقارنات بينها,BIO26-S10-03,الطيور والثدييات: الخصائص والتنوع,تجميعات الأحياء 2026 — مفتاح الإجابة في PDF p.69,C,2,NOT_STARTED,,NOT_RUN,PRE_CROP_RANGE_FROZEN_V1
14,BIO26-L14,أحياء 2,الثدييات,69,69,68,1,32,TAH-BIO-BIO26-L14-Q032,BIO26-PDF069-L14-S1-Q032,الطيور والثدييات: الخصائص والتنوع,BIO26-M10,الفقاريات والمقارنات بينها,BIO26-S10-03,الطيور والثدييات: الخصائص والتنوع,تجميعات الأحياء 2026 — مفتاح الإجابة في PDF p.69,C,2,NOT_STARTED,,NOT_RUN,PRE_CROP_RANGE_FROZEN_V1
14,BIO26-L14,أحياء 2,الثدييات,70,70,69,1,33,TAH-BIO-BIO26-L14-Q033,BIO26-PDF070-L14-S1-Q033,الطيور والثدييات: الخصائص والتنوع,BIO26-M10,الفقاريات والمقارنات بينها,BIO26-S10-03,الطيور والثدييات: الخصائص والتنوع,تجميعات الأحياء 2026 — مفتاح الإجابة في PDF p.70,A,0,NOT_STARTED,,NOT_RUN,PRE_CROP_RANGE_FROZEN_V1
14,BIO26-L14,أحياء 2,الثدييات,70,70,69,1,34,TAH-BIO-BIO26-L14-Q034,BIO26-PDF070-L14-S1-Q034,الطيور والثدييات: الخصائص والتنوع,BIO26-M10,الفقاريات والمقارنات بينها,BIO26-S10-03,الطيور والثدييات: الخصائص والتنوع,تجميعات الأحياء 2026 — مفتاح الإجابة في PDF p.70,C,2,NOT_STARTED,,NOT_RUN,PRE_CROP_RANGE_FROZEN_V1
14,BIO26-L14,أحياء 2,الثدييات,70,70,69,1,35,TAH-BIO-BIO26-L14-Q035,BIO26-PDF070-L14-S1-Q035,الطيور والثدييات: الخصائص والتنوع,BIO26-M10,الفقاريات والمقارنات بينها,BIO26-S10-03,الطيور والثدييات: الخصائص والتنوع,تجميعات الأحياء 2026 — مفتاح الإجابة في PDF p.70,C,2,NOT_STARTED,,NOT_RUN,PRE_CROP_RANGE_FROZEN_V1
14,BIO26-L14,أحياء 2,الثدييات,70,70,69,1,36,TAH-BIO-BIO26-L14-Q036,BIO26-PDF070-L14-S1-Q036,الطيور والثدييات: الخصائص والتنوع,BIO26-M10,الفقاريات والمقارنات بينها,BIO26-S10-03,الطيور والثدييات: الخصائص والتنوع,تجميعات الأحياء 2026 — مفتاح الإجابة في PDF p.70,A,0,NOT_STARTED,,NOT_RUN,PRE_CROP_RANGE_FROZEN_V1
14,BIO26-L14,أحياء 2,الثدييات,70,70,69,1,37,TAH-BIO-BIO26-L14-Q037,BIO26-PDF070-L14-S1-Q037,الطيور والثدييات: الخصائص والتنوع,BIO26-M10,الفقاريات والمقارنات بينها,BIO26-S10-03,الطيور والثدييات: الخصائص والتنوع,تجميعات الأحياء 2026 — مفتاح الإجابة في PDF p.70,D,3,NOT_STARTED,,NOT_RUN,PRE_CROP_RANGE_FROZEN_V1
14,BIO26-L14,أحياء 2,الثدييات,70,70,69,1,38,TAH-BIO-BIO26-L14-Q038,BIO26-PDF070-L14-S1-Q038,الطيور والثدييات: الخصائص والتنوع,BIO26-M10,الفقاريات والمقارنات بينها,BIO26-S10-03,الطيور والثدييات: الخصائص والتنوع,تجميعات الأحياء 2026 — مفتاح الإجابة في PDF p.70,B,1,NOT_STARTED,,NOT_RUN,PRE_CROP_RANGE_FROZEN_V1
14,BIO26-L14,أحياء 2,الثدييات,70,70,69,1,39,TAH-BIO-BIO26-L14-Q039,BIO26-PDF070-L14-S1-Q039,الطيور والثدييات: الخصائص والتنوع,BIO26-M10,الفقاريات والمقارنات بينها,BIO26-S10-03,الطيور والثدييات: الخصائص والتنوع,تجميعات الأحياء 2026 — مفتاح الإجابة في PDF p.70,D,3,NOT_STARTED,,NOT_RUN,PRE_CROP_RANGE_FROZEN_V1
14,BIO26-L14,أحياء 2,الثدييات,70,70,69,1,40,TAH-BIO-BIO26-L14-Q040,BIO26-PDF070-L14-S1-Q040,الطيور والثدييات: الخصائص والتنوع,BIO26-M10,الفقاريات والمقارنات بينها,BIO26-S10-03,الطيور والثدييات: الخصائص والتنوع,تجميعات الأحياء 2026 — مفتاح الإجابة في PDF p.70,C,2,NOT_STARTED,,NOT_RUN,PRE_CROP_RANGE_FROZEN_V1
14,BIO26-L14,أحياء 2,الثدييات,70,70,69,1,41,TAH-BIO-BIO26-L14-Q041,BIO26-PDF070-L14-S1-Q041,الطيور والثدييات: الخصائص والتنوع,BIO26-M10,الفقاريات والمقارنات بينها,BIO26-S10-03,الطيور والثدييات: الخصائص والتنوع,تجميعات الأحياء 2026 — مفتاح الإجابة في PDF p.70,A,0,NOT_STARTED,,NOT_RUN,PRE_CROP_RANGE_FROZEN_V1
14,BIO26-L14,أحياء 2,الثدييات,71,71,70,2,42,TAH-BIO-BIO26-L14-Q042,BIO26-PDF071-L14-S2-Q042,الطيور والثدييات: الخصائص والتنوع,BIO26-M10,الفقاريات والمقارنات بينها,BIO26-S10-03,الطيور والثدييات: الخصائص والتنوع,تجميعات الأحياء 2026 — مفتاح الإجابة في PDF p.71,D,3,NOT_STARTED,,NOT_RUN,PRE_CROP_RANGE_FROZEN_V1
14,BIO26-L14,أحياء 2,الثدييات,71,71,70,2,43,TAH-BIO-BIO26-L14-Q043,BIO26-PDF071-L14-S2-Q043,الطيور والثدييات: الخصائص والتنوع,BIO26-M10,الفقاريات والمقارنات بينها,BIO26-S10-03,الطيور والثدييات: الخصائص والتنوع,تجميعات الأحياء 2026 — مفتاح الإجابة في PDF p.71,A,0,NOT_STARTED,,NOT_RUN,PRE_CROP_RANGE_FROZEN_V1
14,BIO26-L14,أحياء 2,الثدييات,71,71,70,2,44,TAH-BIO-BIO26-L14-Q044,BIO26-PDF071-L14-S2-Q044,الطيور والثدييات: الخصائص والتنوع,BIO26-M10,الفقاريات والمقارنات بينها,BIO26-S10-03,الطيور والثدييات: الخصائص والتنوع,تجميعات الأحياء 2026 — مفتاح الإجابة في PDF p.71,B,1,NOT_STARTED,,NOT_RUN,PRE_CROP_RANGE_FROZEN_V1
14,BIO26-L14,أحياء 2,الثدييات,71,71,70,2,45,TAH-BIO-BIO26-L14-Q045,BIO26-PDF071-L14-S2-Q045,الطيور والثدييات: الخصائص والتنوع,BIO26-M10,الفقاريات والمقارنات بينها,BIO26-S10-03,الطيور والثدييات: الخصائص والتنوع,تجميعات الأحياء 2026 — مفتاح الإجابة في PDF p.71,C,2,NOT_STARTED,,NOT_RUN,PRE_CROP_RANGE_FROZEN_V1
14,BIO26-L14,أحياء 2,الثدييات,71,71,70,2,46,TAH-BIO-BIO26-L14-Q046,BIO26-PDF071-L14-S2-Q046,الطيور والثدييات: الخصائص والتنوع,BIO26-M10,الفقاريات والمقارنات بينها,BIO26-S10-03,الطيور والثدييات: الخصائص والتنوع,تجميعات الأحياء 2026 — مفتاح الإجابة في PDF p.71,D,3,NOT_STARTED,,NOT_RUN,PRE_CROP_RANGE_FROZEN_V1
14,BIO26-L14,أحياء 2,الثدييات,71,71,70,2,47,TAH-BIO-BIO26-L14-Q047,BIO26-PDF071-L14-S2-Q047,الطيور والثدييات: الخصائص والتنوع,BIO26-M10,الفقاريات والمقارنات بينها,BIO26-S10-03,الطيور والثدييات: الخصائص والتنوع,تجميعات الأحياء 2026 — مفتاح الإجابة في PDF p.71,D,3,NOT_STARTED,,NOT_RUN,PRE_CROP_RANGE_FROZEN_V1
14,BIO26-L14,أحياء 2,الثدييات,71,71,70,2,48,TAH-BIO-BIO26-L14-Q048,BIO26-PDF071-L14-S2-Q048,الطيور والثدييات: الخصائص والتنوع,BIO26-M10,الفقاريات والمقارنات بينها,BIO26-S10-03,الطيور والثدييات: الخصائص والتنوع,تجميعات الأحياء 2026 — مفتاح الإجابة في PDF p.71,A,0,NOT_STARTED,,NOT_RUN,PRE_CROP_RANGE_FROZEN_V1
14,BIO26-L14,أحياء 2,الثدييات,71,71,70,2,49,TAH-BIO-BIO26-L14-Q049,BIO26-PDF071-L14-S2-Q049,الطيور والثدييات: الخصائص والتنوع,BIO26-M10,الفقاريات والمقارنات بينها,BIO26-S10-03,الطيور والثدييات: الخصائص والتنوع,تجميعات الأحياء 2026 — مفتاح الإجابة في PDF p.71,B,1,NOT_STARTED,,NOT_RUN,PRE_CROP_RANGE_FROZEN_V1
14,BIO26-L14,أحياء 2,الثدييات,71,71,70,2,50,TAH-BIO-BIO26-L14-Q050,BIO26-PDF071-L14-S2-Q050,الطيور والثدييات: الخصائص والتنوع,BIO26-M10,الفقاريات والمقارنات بينها,BIO26-S10-03,الطيور والثدييات: الخصائص والتنوع,تجميعات الأحياء 2026 — مفتاح الإجابة في PDF p.71,A,0,NOT_STARTED,,NOT_RUN,PRE_CROP_RANGE_FROZEN_V1
14,BIO26-L14,أحياء 2,الثدييات,71,71,70,2,51,TAH-BIO-BIO26-L14-Q051,BIO26-PDF071-L14-S2-Q051,الطيور والثدييات: الخصائص والتنوع,BIO26-M10,الفقاريات والمقارنات بينها,BIO26-S10-03,الطيور والثدييات: الخصائص والتنوع,تجميعات الأحياء 2026 — مفتاح الإجابة في PDF p.71,B,1,NOT_STARTED,,NOT_RUN,PRE_CROP_RANGE_FROZEN_V1
14,BIO26-L14,أحياء 2,الثدييات,71,71,70,2,52,TAH-BIO-BIO26-L14-Q052,BIO26-PDF071-L14-S2-Q052,الطيور والثدييات: الخصائص والتنوع,BIO26-M10,الفقاريات والمقارنات بينها,BIO26-S10-03,الطيور والثدييات: الخصائص والتنوع,تجميعات الأحياء 2026 — مفتاح الإجابة في PDF p.71,C,2,NOT_STARTED,,NOT_RUN,PRE_CROP_RANGE_FROZEN_V1
14,BIO26-L14,أحياء 2,الثدييات,71,71,70,2,53,TAH-BIO-BIO26-L14-Q053,BIO26-PDF071-L14-S2-Q053,الطيور والثدييات: الخصائص والتنوع,BIO26-M10,الفقاريات والمقارنات بينها,BIO26-S10-03,الطيور والثدييات: الخصائص والتنوع,تجميعات الأحياء 2026 — مفتاح الإجابة في PDF p.71,B,1,NOT_STARTED,,NOT_RUN,PRE_CROP_RANGE_FROZEN_V1
14,BIO26-L14,أحياء 2,الثدييات,71,71,70,2,54,TAH-BIO-BIO26-L14-Q054,BIO26-PDF071-L14-S2-Q054,الطيور والثدييات: الخصائص والتنوع,BIO26-M10,الفقاريات والمقارنات بينها,BIO26-S10-03,الطيور والثدييات: الخصائص والتنوع,تجميعات الأحياء 2026 — مفتاح الإجابة في PDF p.71,D,3,NOT_STARTED,,NOT_RUN,PRE_CROP_RANGE_FROZEN_V1
14,BIO26-L14,أحياء 2,الثدييات,71,71,70,2,55,TAH-BIO-BIO26-L14-Q055,BIO26-PDF071-L14-S2-Q055,الطيور والثدييات: الخصائص والتنوع,BIO26-M10,الفقاريات والمقارنات بينها,BIO26-S10-03,الطيور والثدييات: الخصائص والتنوع,تجميعات الأحياء 2026 — مفتاح الإجابة في PDF p.71,D,3,NOT_STARTED,,NOT_RUN,PRE_CROP_RANGE_FROZEN_V1
14,BIO26-L14,أحياء 2,الثدييات,71,71,70,2,56,TAH-BIO-BIO26-L14-Q056,BIO26-PDF071-L14-S2-Q056,الطيور والثدييات: الخصائص والتنوع,BIO26-M10,الفقاريات والمقارنات بينها,BIO26-S10-03,الطيور والثدييات: الخصائص والتنوع,تجميعات الأحياء 2026 — مفتاح الإجابة في PDF p.71,A,0,NOT_STARTED,,NOT_RUN,PRE_CROP_RANGE_FROZEN_V1
14,BIO26-L14,أحياء 2,الثدييات,71,71,70,2,57,TAH-BIO-BIO26-L14-Q057,BIO26-PDF071-L14-S2-Q057,الطيور والثدييات: الخصائص والتنوع,BIO26-M10,الفقاريات والمقارنات بينها,BIO26-S10-03,الطيور والثدييات: الخصائص والتنوع,تجميعات الأحياء 2026 — مفتاح الإجابة في PDF p.71,B,1,NOT_STARTED,,NOT_RUN,PRE_CROP_RANGE_FROZEN_V1
14,BIO26-L14,أحياء 2,الثدييات,72,72,71,2,58,TAH-BIO-BIO26-L14-Q058,BIO26-PDF072-L14-S2-Q058,الطيور والثدييات: الخصائص والتنوع,BIO26-M10,الفقاريات والمقارنات بينها,BIO26-S10-03,الطيور والثدييات: الخصائص والتنوع,تجميعات الأحياء 2026 — مفتاح الإجابة في PDF p.72,D,3,NOT_STARTED,,NOT_RUN,PRE_CROP_RANGE_FROZEN_V1
14,BIO26-L14,أحياء 2,الثدييات,72,72,71,2,59,TAH-BIO-BIO26-L14-Q059,BIO26-PDF072-L14-S2-Q059,الطيور والثدييات: الخصائص والتنوع,BIO26-M10,الفقاريات والمقارنات بينها,BIO26-S10-03,الطيور والثدييات: الخصائص والتنوع,تجميعات الأحياء 2026 — مفتاح الإجابة في PDF p.72,A,0,NOT_STARTED,,NOT_RUN,PRE_CROP_RANGE_FROZEN_V1
14,BIO26-L14,أحياء 2,الثدييات,72,72,71,2,60,TAH-BIO-BIO26-L14-Q060,BIO26-PDF072-L14-S2-Q060,الطيور والثدييات: الخصائص والتنوع,BIO26-M10,الفقاريات والمقارنات بينها,BIO26-S10-03,الطيور والثدييات: الخصائص والتنوع,تجميعات الأحياء 2026 — مفتاح الإجابة في PDF p.72,C,2,NOT_STARTED,,NOT_RUN,PRE_CROP_RANGE_FROZEN_V1
14,BIO26-L14,أحياء 2,الثدييات,72,72,71,2,61,TAH-BIO-BIO26-L14-Q061,BIO26-PDF072-L14-S2-Q061,الطيور والثدييات: الخصائص والتنوع,BIO26-M10,الفقاريات والمقارنات بينها,BIO26-S10-03,الطيور والثدييات: الخصائص والتنوع,تجميعات الأحياء 2026 — مفتاح الإجابة في PDF p.72,B,1,NOT_STARTED,,NOT_RUN,PRE_CROP_RANGE_FROZEN_V1
14,BIO26-L14,أحياء 2,الثدييات,72,72,71,2,62,TAH-BIO-BIO26-L14-Q062,BIO26-PDF072-L14-S2-Q062,الطيور والثدييات: الخصائص والتنوع,BIO26-M10,الفقاريات والمقارنات بينها,BIO26-S10-03,الطيور والثدييات: الخصائص والتنوع,تجميعات الأحياء 2026 — مفتاح الإجابة في PDF p.72,B,1,NOT_STARTED,,NOT_RUN,PRE_CROP_RANGE_FROZEN_V1
14,BIO26-L14,أحياء 2,الثدييات,72,72,71,2,63,TAH-BIO-BIO26-L14-Q063,BIO26-PDF072-L14-S2-Q063,الطيور والثدييات: الخصائص والتنوع,BIO26-M10,الفقاريات والمقارنات بينها,BIO26-S10-03,الطيور والثدييات: الخصائص والتنوع,تجميعات الأحياء 2026 — مفتاح الإجابة في PDF p.72,D,3,NOT_STARTED,,NOT_RUN,PRE_CROP_RANGE_FROZEN_V1
14,BIO26-L14,أحياء 2,الثدييات,72,72,71,2,64,TAH-BIO-BIO26-L14-Q064,BIO26-PDF072-L14-S2-Q064,الطيور والثدييات: الخصائص والتنوع,BIO26-M10,الفقاريات والمقارنات بينها,BIO26-S10-03,الطيور والثدييات: الخصائص والتنوع,تجميعات الأحياء 2026 — مفتاح الإجابة في PDF p.72,D,3,NOT_STARTED,,NOT_RUN,PRE_CROP_RANGE_FROZEN_V1
14,BIO26-L14,أحياء 2,الثدييات,72,72,71,2,65,TAH-BIO-BIO26-L14-Q065,BIO26-PDF072-L14-S2-Q065,الطيور والثدييات: الخصائص والتنوع,BIO26-M10,الفقاريات والمقارنات بينها,BIO26-S10-03,الطيور والثدييات: الخصائص والتنوع,تجميعات الأحياء 2026 — مفتاح الإجابة في PDF p.72,D,3,NOT_STARTED,,NOT_RUN,PRE_CROP_RANGE_FROZEN_V1
14,BIO26-L14,أحياء 2,الثدييات,72,72,71,2,66,TAH-BIO-BIO26-L14-Q066,BIO26-PDF072-L14-S2-Q066,الطيور والثدييات: الخصائص والتنوع,BIO26-M10,الفقاريات والمقارنات بينها,BIO26-S10-03,الطيور والثدييات: الخصائص والتنوع,تجميعات الأحياء 2026 — مفتاح الإجابة في PDF p.72,B,1,NOT_STARTED,,NOT_RUN,PRE_CROP_RANGE_FROZEN_V1
14,BIO26-L14,أحياء 2,الثدييات,72,72,71,2,67,TAH-BIO-BIO26-L14-Q067,BIO26-PDF072-L14-S2-Q067,الطيور والثدييات: الخصائص والتنوع,BIO26-M10,الفقاريات والمقارنات بينها,BIO26-S10-03,الطيور والثدييات: الخصائص والتنوع,تجميعات الأحياء 2026 — مفتاح الإجابة في PDF p.72,C,2,NOT_STARTED,,NOT_RUN,PRE_CROP_RANGE_FROZEN_V1
14,BIO26-L14,أحياء 2,الثدييات,72,72,71,2,68,TAH-BIO-BIO26-L14-Q068,BIO26-PDF072-L14-S2-Q068,الطيور والثدييات: الخصائص والتنوع,BIO26-M10,الفقاريات والمقارنات بينها,BIO26-S10-03,الطيور والثدييات: الخصائص والتنوع,تجميعات الأحياء 2026 — مفتاح الإجابة في PDF p.72,A,0,NOT_STARTED,,NOT_RUN,PRE_CROP_RANGE_FROZEN_V1
14,BIO26-L14,أحياء 2,الثدييات,72,72,71,2,69,TAH-BIO-BIO26-L14-Q069,BIO26-PDF072-L14-S2-Q069,الطيور والثدييات: الخصائص والتنوع,BIO26-M10,الفقاريات والمقارنات بينها,BIO26-S10-03,الطيور والثدييات: الخصائص والتنوع,تجميعات الأحياء 2026 — مفتاح الإجابة في PDF p.72,D,3,NOT_STARTED,,NOT_RUN,PRE_CROP_RANGE_FROZEN_V1
14,BIO26-L14,أحياء 2,الثدييات,72,72,71,2,70,TAH-BIO-BIO26-L14-Q070,BIO26-PDF072-L14-S2-Q070,الطيور والثدييات: الخصائص والتنوع,BIO26-M10,الفقاريات والمقارنات بينها,BIO26-S10-03,الطيور والثدييات: الخصائص والتنوع,تجميعات الأحياء 2026 — مفتاح الإجابة في PDF p.72,B,1,NOT_STARTED,,NOT_RUN,PRE_CROP_RANGE_FROZEN_V1
14,BIO26-L14,أحياء 2,الثدييات,72,72,71,2,71,TAH-BIO-BIO26-L14-Q071,BIO26-PDF072-L14-S2-Q071,الطيور والثدييات: الخصائص والتنوع,BIO26-M10,الفقاريات والمقارنات بينها,BIO26-S10-03,الطيور والثدييات: الخصائص والتنوع,تجميعات الأحياء 2026 — مفتاح الإجابة في PDF p.72,A,0,NOT_STARTED,,NOT_RUN,PRE_CROP_RANGE_FROZEN_V1
14,BIO26-L14,أحياء 2,الثدييات,72,72,71,2,72,TAH-BIO-BIO26-L14-Q072,BIO26-PDF072-L14-S2-Q072,الطيور والثدييات: الخصائص والتنوع,BIO26-M10,الفقاريات والمقارنات بينها,BIO26-S10-03,الطيور والثدييات: الخصائص والتنوع,تجميعات الأحياء 2026 — مفتاح الإجابة في PDF p.72,B,1,NOT_STARTED,,NOT_RUN,PRE_CROP_RANGE_FROZEN_V1
14,BIO26-L14,أحياء 2,الثدييات,72,72,71,2,73,TAH-BIO-BIO26-L14-Q073,BIO26-PDF072-L14-S2-Q073,الطيور والثدييات: الخصائص والتنوع,BIO26-M10,الفقاريات والمقارنات بينها,BIO26-S10-03,الطيور والثدييات: الخصائص والتنوع,تجميعات الأحياء 2026 — مفتاح الإجابة في PDF p.72,A,0,NOT_STARTED,,NOT_RUN,PRE_CROP_RANGE_FROZEN_V1
14,BIO26-L14,أحياء 2,الثدييات,72,72,71,2,74,TAH-BIO-BIO26-L14-Q074,BIO26-PDF072-L14-S2-Q074,الطيور والثدييات: الخصائص والتنوع,BIO26-M10,الفقاريات والمقارنات بينها,BIO26-S10-03,الطيور والثدييات: الخصائص والتنوع,تجميعات الأحياء 2026 — مفتاح الإجابة في PDF p.72,A,0,NOT_STARTED,,NOT_RUN,PRE_CROP_RANGE_FROZEN_V1
14,BIO26-L14,أحياء 2,الثدييات,72,72,71,2,75,TAH-BIO-BIO26-L14-Q075,BIO26-PDF072-L14-S2-Q075,الطيور والثدييات: الخصائص والتنوع,BIO26-M10,الفقاريات والمقارنات بينها,BIO26-S10-03,الطيور والثدييات: الخصائص والتنوع,تجميعات الأحياء 2026 — مفتاح الإجابة في PDF p.72,B,1,NOT_STARTED,,NOT_RUN,PRE_CROP_RANGE_FROZEN_V1
14,BIO26-L14,أحياء 2,الثدييات,72,72,71,2,76,TAH-BIO-BIO26-L14-Q076,BIO26-PDF072-L14-S2-Q076,الطيور والثدييات: الخصائص والتنوع,BIO26-M10,الفقاريات والمقارنات بينها,BIO26-S10-03,الطيور والثدييات: الخصائص والتنوع,تجميعات الأحياء 2026 — مفتاح الإجابة في PDF p.72,B,1,NOT_STARTED,,NOT_RUN,PRE_CROP_RANGE_FROZEN_V1
14,BIO26-L14,أحياء 2,الثدييات,72,72,71,2,77,TAH-BIO-BIO26-L14-Q077,BIO26-PDF072-L14-S2-Q077,الطيور والثدييات: الخصائص والتنوع,BIO26-M10,الفقاريات والمقارنات بينها,BIO26-S10-03,الطيور والثدييات: الخصائص والتنوع,تجميعات الأحياء 2026 — مفتاح الإجابة في PDF p.72,A,0,NOT_STARTED,,NOT_RUN,PRE_CROP_RANGE_FROZEN_V1
15,BIO26-L15,أحياء 2,أسئلة المقارنات بين الفقاريات,73,73,72,1,1,TAH-BIO-BIO26-L15-Q001,BIO26-PDF073-L15-S1-Q001,المقارنة بين الفقاريات والأجهزة والتكيفات,BIO26-M10,الفقاريات والمقارنات بينها,BIO26-S10-04,المقارنة بين الفقاريات والأجهزة والتكيفات,تجميعات الأحياء 2026 — مفتاح الإجابة في PDF p.73,D,3,NOT_STARTED,,NOT_RUN,PRE_CROP_RANGE_FROZEN_V1
15,BIO26-L15,أحياء 2,أسئلة المقارنات بين الفقاريات,73,73,72,1,2,TAH-BIO-BIO26-L15-Q002,BIO26-PDF073-L15-S1-Q002,المقارنة بين الفقاريات والأجهزة والتكيفات,BIO26-M10,الفقاريات والمقارنات بينها,BIO26-S10-04,المقارنة بين الفقاريات والأجهزة والتكيفات,تجميعات الأحياء 2026 — مفتاح الإجابة في PDF p.73,A,0,NOT_STARTED,,NOT_RUN,PRE_CROP_RANGE_FROZEN_V1
15,BIO26-L15,أحياء 2,أسئلة المقارنات بين الفقاريات,73,73,72,1,3,TAH-BIO-BIO26-L15-Q003,BIO26-PDF073-L15-S1-Q003,المقارنة بين الفقاريات والأجهزة والتكيفات,BIO26-M10,الفقاريات والمقارنات بينها,BIO26-S10-04,المقارنة بين الفقاريات والأجهزة والتكيفات,تجميعات الأحياء 2026 — مفتاح الإجابة في PDF p.73,A,0,NOT_STARTED,,NOT_RUN,PRE_CROP_RANGE_FROZEN_V1
15,BIO26-L15,أحياء 2,أسئلة المقارنات بين الفقاريات,73,73,72,1,4,TAH-BIO-BIO26-L15-Q004,BIO26-PDF073-L15-S1-Q004,المقارنة بين الفقاريات والأجهزة والتكيفات,BIO26-M10,الفقاريات والمقارنات بينها,BIO26-S10-04,المقارنة بين الفقاريات والأجهزة والتكيفات,تجميعات الأحياء 2026 — مفتاح الإجابة في PDF p.73,A,0,NOT_STARTED,,NOT_RUN,PRE_CROP_RANGE_FROZEN_V1
15,BIO26-L15,أحياء 2,أسئلة المقارنات بين الفقاريات,73,73,72,1,5,TAH-BIO-BIO26-L15-Q005,BIO26-PDF073-L15-S1-Q005,المقارنة بين الفقاريات والأجهزة والتكيفات,BIO26-M10,الفقاريات والمقارنات بينها,BIO26-S10-04,المقارنة بين الفقاريات والأجهزة والتكيفات,تجميعات الأحياء 2026 — مفتاح الإجابة في PDF p.73,A,0,NOT_STARTED,,NOT_RUN,PRE_CROP_RANGE_FROZEN_V1
15,BIO26-L15,أحياء 2,أسئلة المقارنات بين الفقاريات,73,73,72,1,6,TAH-BIO-BIO26-L15-Q006,BIO26-PDF073-L15-S1-Q006,المقارنة بين الفقاريات والأجهزة والتكيفات,BIO26-M10,الفقاريات والمقارنات بينها,BIO26-S10-04,المقارنة بين الفقاريات والأجهزة والتكيفات,تجميعات الأحياء 2026 — مفتاح الإجابة في PDF p.73,A,0,NOT_STARTED,,NOT_RUN,PRE_CROP_RANGE_FROZEN_V1
15,BIO26-L15,أحياء 2,أسئلة المقارنات بين الفقاريات,73,73,72,1,7,TAH-BIO-BIO26-L15-Q007,BIO26-PDF073-L15-S1-Q007,المقارنة بين الفقاريات والأجهزة والتكيفات,BIO26-M10,الفقاريات والمقارنات بينها,BIO26-S10-04,المقارنة بين الفقاريات والأجهزة والتكيفات,تجميعات الأحياء 2026 — مفتاح الإجابة في PDF p.73,B,1,NOT_STARTED,,NOT_RUN,PRE_CROP_RANGE_FROZEN_V1
15,BIO26-L15,أحياء 2,أسئلة المقارنات بين الفقاريات,73,73,72,1,8,TAH-BIO-BIO26-L15-Q008,BIO26-PDF073-L15-S1-Q008,المقارنة بين الفقاريات والأجهزة والتكيفات,BIO26-M10,الفقاريات والمقارنات بينها,BIO26-S10-04,المقارنة بين الفقاريات والأجهزة والتكيفات,تجميعات الأحياء 2026 — مفتاح الإجابة في PDF p.73,C,2,NOT_STARTED,,NOT_RUN,PRE_CROP_RANGE_FROZEN_V1
15,BIO26-L15,أحياء 2,أسئلة المقارنات بين الفقاريات,73,73,72,1,9,TAH-BIO-BIO26-L15-Q009,BIO26-PDF073-L15-S1-Q009,المقارنة بين الفقاريات والأجهزة والتكيفات,BIO26-M10,الفقاريات والمقارنات بينها,BIO26-S10-04,المقارنة بين الفقاريات والأجهزة والتكيفات,تجميعات الأحياء 2026 — مفتاح الإجابة في PDF p.73,A,0,NOT_STARTED,,NOT_RUN,PRE_CROP_RANGE_FROZEN_V1
15,BIO26-L15,أحياء 2,أسئلة المقارنات بين الفقاريات,73,73,72,1,10,TAH-BIO-BIO26-L15-Q010,BIO26-PDF073-L15-S1-Q010,المقارنة بين الفقاريات والأجهزة والتكيفات,BIO26-M10,الفقاريات والمقارنات بينها,BIO26-S10-04,المقارنة بين الفقاريات والأجهزة والتكيفات,تجميعات الأحياء 2026 — مفتاح الإجابة في PDF p.73,B,1,NOT_STARTED,,NOT_RUN,PRE_CROP_RANGE_FROZEN_V1
15,BIO26-L15,أحياء 2,أسئلة المقارنات بين الفقاريات,73,73,72,1,11,TAH-BIO-BIO26-L15-Q011,BIO26-PDF073-L15-S1-Q011,المقارنة بين الفقاريات والأجهزة والتكيفات,BIO26-M10,الفقاريات والمقارنات بينها,BIO26-S10-04,المقارنة بين الفقاريات والأجهزة والتكيفات,تجميعات الأحياء 2026 — مفتاح الإجابة في PDF p.73,B,1,NOT_STARTED,,NOT_RUN,PRE_CROP_RANGE_FROZEN_V1
15,BIO26-L15,أحياء 2,أسئلة المقارنات بين الفقاريات,73,73,72,1,12,TAH-BIO-BIO26-L15-Q012,BIO26-PDF073-L15-S1-Q012,المقارنة بين الفقاريات والأجهزة والتكيفات,BIO26-M10,الفقاريات والمقارنات بينها,BIO26-S10-04,المقارنة بين الفقاريات والأجهزة والتكيفات,تجميعات الأحياء 2026 — مفتاح الإجابة في PDF p.73,A,0,NOT_STARTED,,NOT_RUN,PRE_CROP_RANGE_FROZEN_V1
15,BIO26-L15,أحياء 2,أسئلة المقارنات بين الفقاريات,73,73,72,1,13,TAH-BIO-BIO26-L15-Q013,BIO26-PDF073-L15-S1-Q013,المقارنة بين الفقاريات والأجهزة والتكيفات,BIO26-M10,الفقاريات والمقارنات بينها,BIO26-S10-04,المقارنة بين الفقاريات والأجهزة والتكيفات,تجميعات الأحياء 2026 — مفتاح الإجابة في PDF p.73,A,0,NOT_STARTED,,NOT_RUN,PRE_CROP_RANGE_FROZEN_V1
15,BIO26-L15,أحياء 2,أسئلة المقارنات بين الفقاريات,73,73,72,1,14,TAH-BIO-BIO26-L15-Q014,BIO26-PDF073-L15-S1-Q014,المقارنة بين الفقاريات والأجهزة والتكيفات,BIO26-M10,الفقاريات والمقارنات بينها,BIO26-S10-04,المقارنة بين الفقاريات والأجهزة والتكيفات,تجميعات الأحياء 2026 — مفتاح الإجابة في PDF p.73,A,0,NOT_STARTED,,NOT_RUN,PRE_CROP_RANGE_FROZEN_V1
15,BIO26-L15,أحياء 2,أسئلة المقارنات بين الفقاريات,73,73,72,1,15,TAH-BIO-BIO26-L15-Q015,BIO26-PDF073-L15-S1-Q015,المقارنة بين الفقاريات والأجهزة والتكيفات,BIO26-M10,الفقاريات والمقارنات بينها,BIO26-S10-04,المقارنة بين الفقاريات والأجهزة والتكيفات,تجميعات الأحياء 2026 — مفتاح الإجابة في PDF p.73,C,2,NOT_STARTED,,NOT_RUN,PRE_CROP_RANGE_FROZEN_V1
15,BIO26-L15,أحياء 2,أسئلة المقارنات بين الفقاريات,73,73,72,1,16,TAH-BIO-BIO26-L15-Q016,BIO26-PDF073-L15-S1-Q016,المقارنة بين الفقاريات والأجهزة والتكيفات,BIO26-M10,الفقاريات والمقارنات بينها,BIO26-S10-04,المقارنة بين الفقاريات والأجهزة والتكيفات,تجميعات الأحياء 2026 — مفتاح الإجابة في PDF p.73,B,1,NOT_STARTED,,NOT_RUN,PRE_CROP_RANGE_FROZEN_V1
15,BIO26-L15,أحياء 2,أسئلة المقارنات بين الفقاريات,73,73,72,1,17,TAH-BIO-BIO26-L15-Q017,BIO26-PDF073-L15-S1-Q017,المقارنة بين الفقاريات والأجهزة والتكيفات,BIO26-M10,الفقاريات والمقارنات بينها,BIO26-S10-04,المقارنة بين الفقاريات والأجهزة والتكيفات,تجميعات الأحياء 2026 — مفتاح الإجابة في PDF p.73,A,0,NOT_STARTED,,NOT_RUN,PRE_CROP_RANGE_FROZEN_V1
15,BIO26-L15,أحياء 2,أسئلة المقارنات بين الفقاريات,73,73,72,1,18,TAH-BIO-BIO26-L15-Q018,BIO26-PDF073-L15-S1-Q018,المقارنة بين الفقاريات والأجهزة والتكيفات,BIO26-M10,الفقاريات والمقارنات بينها,BIO26-S10-04,المقارنة بين الفقاريات والأجهزة والتكيفات,تجميعات الأحياء 2026 — مفتاح الإجابة في PDF p.73,D,3,NOT_STARTED,,NOT_RUN,PRE_CROP_RANGE_FROZEN_V1
15,BIO26-L15,أحياء 2,أسئلة المقارنات بين الفقاريات,73,73,72,1,19,TAH-BIO-BIO26-L15-Q019,BIO26-PDF073-L15-S1-Q019,المقارنة بين الفقاريات والأجهزة والتكيفات,BIO26-M10,الفقاريات والمقارنات بينها,BIO26-S10-04,المقارنة بين الفقاريات والأجهزة والتكيفات,تجميعات الأحياء 2026 — مفتاح الإجابة في PDF p.73,C,2,NOT_STARTED,,NOT_RUN,PRE_CROP_RANGE_FROZEN_V1
15,BIO26-L15,أحياء 2,أسئلة المقارنات بين الفقاريات,73,73,72,1,20,TAH-BIO-BIO26-L15-Q020,BIO26-PDF073-L15-S1-Q020,المقارنة بين الفقاريات والأجهزة والتكيفات,BIO26-M10,الفقاريات والمقارنات بينها,BIO26-S10-04,المقارنة بين الفقاريات والأجهزة والتكيفات,تجميعات الأحياء 2026 — مفتاح الإجابة في PDF p.73,C,2,NOT_STARTED,,NOT_RUN,PRE_CROP_RANGE_FROZEN_V1
15,BIO26-L15,أحياء 2,أسئلة المقارنات بين الفقاريات,74,74,73,1,21,TAH-BIO-BIO26-L15-Q021,BIO26-PDF074-L15-S1-Q021,المقارنة بين الفقاريات والأجهزة والتكيفات,BIO26-M10,الفقاريات والمقارنات بينها,BIO26-S10-04,المقارنة بين الفقاريات والأجهزة والتكيفات,تجميعات الأحياء 2026 — مفتاح الإجابة في PDF p.74,A,0,NOT_STARTED,,NOT_RUN,PRE_CROP_RANGE_FROZEN_V1
15,BIO26-L15,أحياء 2,أسئلة المقارنات بين الفقاريات,74,74,73,1,22,TAH-BIO-BIO26-L15-Q022,BIO26-PDF074-L15-S1-Q022,المقارنة بين الفقاريات والأجهزة والتكيفات,BIO26-M10,الفقاريات والمقارنات بينها,BIO26-S10-04,المقارنة بين الفقاريات والأجهزة والتكيفات,تجميعات الأحياء 2026 — مفتاح الإجابة في PDF p.74,D,3,NOT_STARTED,,NOT_RUN,PRE_CROP_RANGE_FROZEN_V1
15,BIO26-L15,أحياء 2,أسئلة المقارنات بين الفقاريات,74,74,73,1,23,TAH-BIO-BIO26-L15-Q023,BIO26-PDF074-L15-S1-Q023,المقارنة بين الفقاريات والأجهزة والتكيفات,BIO26-M10,الفقاريات والمقارنات بينها,BIO26-S10-04,المقارنة بين الفقاريات والأجهزة والتكيفات,تجميعات الأحياء 2026 — مفتاح الإجابة في PDF p.74,A,0,NOT_STARTED,,NOT_RUN,PRE_CROP_RANGE_FROZEN_V1
15,BIO26-L15,أحياء 2,أسئلة المقارنات بين الفقاريات,74,74,73,1,24,TAH-BIO-BIO26-L15-Q024,BIO26-PDF074-L15-S1-Q024,المقارنة بين الفقاريات والأجهزة والتكيفات,BIO26-M10,الفقاريات والمقارنات بينها,BIO26-S10-04,المقارنة بين الفقاريات والأجهزة والتكيفات,تجميعات الأحياء 2026 — مفتاح الإجابة في PDF p.74,A,0,NOT_STARTED,,NOT_RUN,PRE_CROP_RANGE_FROZEN_V1
15,BIO26-L15,أحياء 2,أسئلة المقارنات بين الفقاريات,74,74,73,1,25,TAH-BIO-BIO26-L15-Q025,BIO26-PDF074-L15-S1-Q025,المقارنة بين الفقاريات والأجهزة والتكيفات,BIO26-M10,الفقاريات والمقارنات بينها,BIO26-S10-04,المقارنة بين الفقاريات والأجهزة والتكيفات,تجميعات الأحياء 2026 — مفتاح الإجابة في PDF p.74,A,0,NOT_STARTED,,NOT_RUN,PRE_CROP_RANGE_FROZEN_V1
15,BIO26-L15,أحياء 2,أسئلة المقارنات بين الفقاريات,74,74,73,1,26,TAH-BIO-BIO26-L15-Q026,BIO26-PDF074-L15-S1-Q026,المقارنة بين الفقاريات والأجهزة والتكيفات,BIO26-M10,الفقاريات والمقارنات بينها,BIO26-S10-04,المقارنة بين الفقاريات والأجهزة والتكيفات,تجميعات الأحياء 2026 — مفتاح الإجابة في PDF p.74,C,2,NOT_STARTED,,NOT_RUN,PRE_CROP_RANGE_FROZEN_V1
15,BIO26-L15,أحياء 2,أسئلة المقارنات بين الفقاريات,74,74,73,1,27,TAH-BIO-BIO26-L15-Q027,BIO26-PDF074-L15-S1-Q027,المقارنة بين الفقاريات والأجهزة والتكيفات,BIO26-M10,الفقاريات والمقارنات بينها,BIO26-S10-04,المقارنة بين الفقاريات والأجهزة والتكيفات,تجميعات الأحياء 2026 — مفتاح الإجابة في PDF p.74,D,3,NOT_STARTED,,NOT_RUN,PRE_CROP_RANGE_FROZEN_V1
15,BIO26-L15,أحياء 2,أسئلة المقارنات بين الفقاريات,74,74,73,1,28,TAH-BIO-BIO26-L15-Q028,BIO26-PDF074-L15-S1-Q028,المقارنة بين الفقاريات والأجهزة والتكيفات,BIO26-M10,الفقاريات والمقارنات بينها,BIO26-S10-04,المقارنة بين الفقاريات والأجهزة والتكيفات,تجميعات الأحياء 2026 — مفتاح الإجابة في PDF p.74,B,1,NOT_STARTED,,NOT_RUN,PRE_CROP_RANGE_FROZEN_V1
15,BIO26-L15,أحياء 2,أسئلة المقارنات بين الفقاريات,74,74,73,1,29,TAH-BIO-BIO26-L15-Q029,BIO26-PDF074-L15-S1-Q029,المقارنة بين الفقاريات والأجهزة والتكيفات,BIO26-M10,الفقاريات والمقارنات بينها,BIO26-S10-04,المقارنة بين الفقاريات والأجهزة والتكيفات,تجميعات الأحياء 2026 — مفتاح الإجابة في PDF p.74,A,0,NOT_STARTED,,NOT_RUN,PRE_CROP_RANGE_FROZEN_V1
15,BIO26-L15,أحياء 2,أسئلة المقارنات بين الفقاريات,74,74,73,1,30,TAH-BIO-BIO26-L15-Q030,BIO26-PDF074-L15-S1-Q030,المقارنة بين الفقاريات والأجهزة والتكيفات,BIO26-M10,الفقاريات والمقارنات بينها,BIO26-S10-04,المقارنة بين الفقاريات والأجهزة والتكيفات,تجميعات الأحياء 2026 — مفتاح الإجابة في PDF p.74,A,0,NOT_STARTED,,NOT_RUN,PRE_CROP_RANGE_FROZEN_V1
15,BIO26-L15,أحياء 2,أسئلة المقارنات بين الفقاريات,74,74,73,1,31,TAH-BIO-BIO26-L15-Q031,BIO26-PDF074-L15-S1-Q031,المقارنة بين الفقاريات والأجهزة والتكيفات,BIO26-M10,الفقاريات والمقارنات بينها,BIO26-S10-04,المقارنة بين الفقاريات والأجهزة والتكيفات,تجميعات الأحياء 2026 — مفتاح الإجابة في PDF p.74,A,0,NOT_STARTED,,NOT_RUN,PRE_CROP_RANGE_FROZEN_V1
15,BIO26-L15,أحياء 2,أسئلة المقارنات بين الفقاريات,74,74,73,1,32,TAH-BIO-BIO26-L15-Q032,BIO26-PDF074-L15-S1-Q032,المقارنة بين الفقاريات والأجهزة والتكيفات,BIO26-M10,الفقاريات والمقارنات بينها,BIO26-S10-04,المقارنة بين الفقاريات والأجهزة والتكيفات,تجميعات الأحياء 2026 — مفتاح الإجابة في PDF p.74,C,2,NOT_STARTED,,NOT_RUN,PRE_CROP_RANGE_FROZEN_V1
15,BIO26-L15,أحياء 2,أسئلة المقارنات بين الفقاريات,74,74,73,1,33,TAH-BIO-BIO26-L15-Q033,BIO26-PDF074-L15-S1-Q033,المقارنة بين الفقاريات والأجهزة والتكيفات,BIO26-M10,الفقاريات والمقارنات بينها,BIO26-S10-04,المقارنة بين الفقاريات والأجهزة والتكيفات,تجميعات الأحياء 2026 — مفتاح الإجابة في PDF p.74,A,0,NOT_STARTED,,NOT_RUN,PRE_CROP_RANGE_FROZEN_V1
15,BIO26-L15,أحياء 2,أسئلة المقارنات بين الفقاريات,74,74,73,1,34,TAH-BIO-BIO26-L15-Q034,BIO26-PDF074-L15-S1-Q034,المقارنة بين الفقاريات والأجهزة والتكيفات,BIO26-M10,الفقاريات والمقارنات بينها,BIO26-S10-04,المقارنة بين الفقاريات والأجهزة والتكيفات,تجميعات الأحياء 2026 — مفتاح الإجابة في PDF p.74,A,0,NOT_STARTED,,NOT_RUN,PRE_CROP_RANGE_FROZEN_V1
15,BIO26-L15,أحياء 2,أسئلة المقارنات بين الفقاريات,74,74,73,1,35,TAH-BIO-BIO26-L15-Q035,BIO26-PDF074-L15-S1-Q035,المقارنة بين الفقاريات والأجهزة والتكيفات,BIO26-M10,الفقاريات والمقارنات بينها,BIO26-S10-04,المقارنة بين الفقاريات والأجهزة والتكيفات,تجميعات الأحياء 2026 — مفتاح الإجابة في PDF p.74,A,0,NOT_STARTED,,NOT_RUN,PRE_CROP_RANGE_FROZEN_V1
15,BIO26-L15,أحياء 2,أسئلة المقارنات بين الفقاريات,74,74,73,1,36,TAH-BIO-BIO26-L15-Q036,BIO26-PDF074-L15-S1-Q036,المقارنة بين الفقاريات والأجهزة والتكيفات,BIO26-M10,الفقاريات والمقارنات بينها,BIO26-S10-04,المقارنة بين الفقاريات والأجهزة والتكيفات,تجميعات الأحياء 2026 — مفتاح الإجابة في PDF p.74,D,3,NOT_STARTED,,NOT_RUN,PRE_CROP_RANGE_FROZEN_V1
15,BIO26-L15,أحياء 2,أسئلة المقارنات بين الفقاريات,74,74,73,1,37,TAH-BIO-BIO26-L15-Q037,BIO26-PDF074-L15-S1-Q037,المقارنة بين الفقاريات والأجهزة والتكيفات,BIO26-M10,الفقاريات والمقارنات بينها,BIO26-S10-04,المقارنة بين الفقاريات والأجهزة والتكيفات,تجميعات الأحياء 2026 — مفتاح الإجابة في PDF p.74,D,3,NOT_STARTED,,NOT_RUN,PRE_CROP_RANGE_FROZEN_V1
15,BIO26-L15,أحياء 2,أسئلة المقارنات بين الفقاريات,74,74,73,1,38,TAH-BIO-BIO26-L15-Q038,BIO26-PDF074-L15-S1-Q038,المقارنة بين الفقاريات والأجهزة والتكيفات,BIO26-M10,الفقاريات والمقارنات بينها,BIO26-S10-04,المقارنة بين الفقاريات والأجهزة والتكيفات,تجميعات الأحياء 2026 — مفتاح الإجابة في PDF p.74,D,3,NOT_STARTED,,NOT_RUN,PRE_CROP_RANGE_FROZEN_V1
15,BIO26-L15,أحياء 2,أسئلة المقارنات بين الفقاريات,74,74,73,1,39,TAH-BIO-BIO26-L15-Q039,BIO26-PDF074-L15-S1-Q039,المقارنة بين الفقاريات والأجهزة والتكيفات,BIO26-M10,الفقاريات والمقارنات بينها,BIO26-S10-04,المقارنة بين الفقاريات والأجهزة والتكيفات,تجميعات الأحياء 2026 — مفتاح الإجابة في PDF p.74,B,1,NOT_STARTED,,NOT_RUN,PRE_CROP_RANGE_FROZEN_V1
15,BIO26-L15,أحياء 2,أسئلة المقارنات بين الفقاريات,74,74,73,1,40,TAH-BIO-BIO26-L15-Q040,BIO26-PDF074-L15-S1-Q040,المقارنة بين الفقاريات والأجهزة والتكيفات,BIO26-M10,الفقاريات والمقارنات بينها,BIO26-S10-04,المقارنة بين الفقاريات والأجهزة والتكيفات,تجميعات الأحياء 2026 — مفتاح الإجابة في PDF p.74,B,1,NOT_STARTED,,NOT_RUN,PRE_CROP_RANGE_FROZEN_V1
15,BIO26-L15,أحياء 2,أسئلة المقارنات بين الفقاريات,74,74,73,1,41,TAH-BIO-BIO26-L15-Q041,BIO26-PDF074-L15-S1-Q041,المقارنة بين الفقاريات والأجهزة والتكيفات,BIO26-M10,الفقاريات والمقارنات بينها,BIO26-S10-04,المقارنة بين الفقاريات والأجهزة والتكيفات,تجميعات الأحياء 2026 — مفتاح الإجابة في PDF p.74,A,0,NOT_STARTED,,NOT_RUN,PRE_CROP_RANGE_FROZEN_V1
15,BIO26-L15,أحياء 2,أسئلة المقارنات بين الفقاريات,75,75,74,1,42,TAH-BIO-BIO26-L15-Q042,BIO26-PDF075-L15-S1-Q042,المقارنة بين الفقاريات والأجهزة والتكيفات,BIO26-M10,الفقاريات والمقارنات بينها,BIO26-S10-04,المقارنة بين الفقاريات والأجهزة والتكيفات,تجميعات الأحياء 2026 — مفتاح الإجابة في PDF p.75,B,1,NOT_STARTED,,NOT_RUN,PRE_CROP_RANGE_FROZEN_V1
15,BIO26-L15,أحياء 2,أسئلة المقارنات بين الفقاريات,75,75,74,1,43,TAH-BIO-BIO26-L15-Q043,BIO26-PDF075-L15-S1-Q043,المقارنة بين الفقاريات والأجهزة والتكيفات,BIO26-M10,الفقاريات والمقارنات بينها,BIO26-S10-04,المقارنة بين الفقاريات والأجهزة والتكيفات,تجميعات الأحياء 2026 — مفتاح الإجابة في PDF p.75,D,3,NOT_STARTED,,NOT_RUN,PRE_CROP_RANGE_FROZEN_V1
15,BIO26-L15,أحياء 2,أسئلة المقارنات بين الفقاريات,75,75,74,1,44,TAH-BIO-BIO26-L15-Q044,BIO26-PDF075-L15-S1-Q044,المقارنة بين الفقاريات والأجهزة والتكيفات,BIO26-M10,الفقاريات والمقارنات بينها,BIO26-S10-04,المقارنة بين الفقاريات والأجهزة والتكيفات,تجميعات الأحياء 2026 — مفتاح الإجابة في PDF p.75,B,1,NOT_STARTED,,NOT_RUN,PRE_CROP_RANGE_FROZEN_V1
15,BIO26-L15,أحياء 2,أسئلة المقارنات بين الفقاريات,75,75,74,1,45,TAH-BIO-BIO26-L15-Q045,BIO26-PDF075-L15-S1-Q045,المقارنة بين الفقاريات والأجهزة والتكيفات,BIO26-M10,الفقاريات والمقارنات بينها,BIO26-S10-04,المقارنة بين الفقاريات والأجهزة والتكيفات,تجميعات الأحياء 2026 — مفتاح الإجابة في PDF p.75,C,2,NOT_STARTED,,NOT_RUN,PRE_CROP_RANGE_FROZEN_V1
15,BIO26-L15,أحياء 2,أسئلة المقارنات بين الفقاريات,75,75,74,1,46,TAH-BIO-BIO26-L15-Q046,BIO26-PDF075-L15-S1-Q046,المقارنة بين الفقاريات والأجهزة والتكيفات,BIO26-M10,الفقاريات والمقارنات بينها,BIO26-S10-04,المقارنة بين الفقاريات والأجهزة والتكيفات,تجميعات الأحياء 2026 — مفتاح الإجابة في PDF p.75,D,3,NOT_STARTED,,NOT_RUN,PRE_CROP_RANGE_FROZEN_V1
15,BIO26-L15,أحياء 2,أسئلة المقارنات بين الفقاريات,75,75,74,1,47,TAH-BIO-BIO26-L15-Q047,BIO26-PDF075-L15-S1-Q047,المقارنة بين الفقاريات والأجهزة والتكيفات,BIO26-M10,الفقاريات والمقارنات بينها,BIO26-S10-04,المقارنة بين الفقاريات والأجهزة والتكيفات,تجميعات الأحياء 2026 — مفتاح الإجابة في PDF p.75,A,0,NOT_STARTED,,NOT_RUN,PRE_CROP_RANGE_FROZEN_V1
15,BIO26-L15,أحياء 2,أسئلة المقارنات بين الفقاريات,75,75,74,1,48,TAH-BIO-BIO26-L15-Q048,BIO26-PDF075-L15-S1-Q048,المقارنة بين الفقاريات والأجهزة والتكيفات,BIO26-M10,الفقاريات والمقارنات بينها,BIO26-S10-04,المقارنة بين الفقاريات والأجهزة والتكيفات,تجميعات الأحياء 2026 — مفتاح الإجابة في PDF p.75,D,3,NOT_STARTED,,NOT_RUN,PRE_CROP_RANGE_FROZEN_V1
15,BIO26-L15,أحياء 2,أسئلة المقارنات بين الفقاريات,75,75,74,1,49,TAH-BIO-BIO26-L15-Q049,BIO26-PDF075-L15-S1-Q049,المقارنة بين الفقاريات والأجهزة والتكيفات,BIO26-M10,الفقاريات والمقارنات بينها,BIO26-S10-04,المقارنة بين الفقاريات والأجهزة والتكيفات,تجميعات الأحياء 2026 — مفتاح الإجابة في PDF p.75,D,3,NOT_STARTED,,NOT_RUN,PRE_CROP_RANGE_FROZEN_V1
15,BIO26-L15,أحياء 2,أسئلة المقارنات بين الفقاريات,75,75,74,1,50,TAH-BIO-BIO26-L15-Q050,BIO26-PDF075-L15-S1-Q050,المقارنة بين الفقاريات والأجهزة والتكيفات,BIO26-M10,الفقاريات والمقارنات بينها,BIO26-S10-04,المقارنة بين الفقاريات والأجهزة والتكيفات,تجميعات الأحياء 2026 — مفتاح الإجابة في PDF p.75,A,0,NOT_STARTED,,NOT_RUN,PRE_CROP_RANGE_FROZEN_V1
15,BIO26-L15,أحياء 2,أسئلة المقارنات بين الفقاريات,75,75,74,1,51,TAH-BIO-BIO26-L15-Q051,BIO26-PDF075-L15-S1-Q051,المقارنة بين الفقاريات والأجهزة والتكيفات,BIO26-M10,الفقاريات والمقارنات بينها,BIO26-S10-04,المقارنة بين الفقاريات والأجهزة والتكيفات,تجميعات الأحياء 2026 — مفتاح الإجابة في PDF p.75,B,1,NOT_STARTED,,NOT_RUN,PRE_CROP_RANGE_FROZEN_V1
15,BIO26-L15,أحياء 2,أسئلة المقارنات بين الفقاريات,75,75,74,1,52,TAH-BIO-BIO26-L15-Q052,BIO26-PDF075-L15-S1-Q052,المقارنة بين الفقاريات والأجهزة والتكيفات,BIO26-M10,الفقاريات والمقارنات بينها,BIO26-S10-04,المقارنة بين الفقاريات والأجهزة والتكيفات,تجميعات الأحياء 2026 — مفتاح الإجابة في PDF p.75,D,3,NOT_STARTED,,NOT_RUN,PRE_CROP_RANGE_FROZEN_V1
15,BIO26-L15,أحياء 2,أسئلة المقارنات بين الفقاريات,75,75,74,1,53,TAH-BIO-BIO26-L15-Q053,BIO26-PDF075-L15-S1-Q053,المقارنة بين الفقاريات والأجهزة والتكيفات,BIO26-M10,الفقاريات والمقارنات بينها,BIO26-S10-04,المقارنة بين الفقاريات والأجهزة والتكيفات,تجميعات الأحياء 2026 — مفتاح الإجابة في PDF p.75,D,3,NOT_STARTED,,NOT_RUN,PRE_CROP_RANGE_FROZEN_V1
15,BIO26-L15,أحياء 2,أسئلة المقارنات بين الفقاريات,75,75,74,1,54,TAH-BIO-BIO26-L15-Q054,BIO26-PDF075-L15-S1-Q054,المقارنة بين الفقاريات والأجهزة والتكيفات,BIO26-M10,الفقاريات والمقارنات بينها,BIO26-S10-04,المقارنة بين الفقاريات والأجهزة والتكيفات,تجميعات الأحياء 2026 — مفتاح الإجابة في PDF p.75,B,1,NOT_STARTED,,NOT_RUN,PRE_CROP_RANGE_FROZEN_V1
15,BIO26-L15,أحياء 2,أسئلة المقارنات بين الفقاريات,75,75,74,1,55,TAH-BIO-BIO26-L15-Q055,BIO26-PDF075-L15-S1-Q055,المقارنة بين الفقاريات والأجهزة والتكيفات,BIO26-M10,الفقاريات والمقارنات بينها,BIO26-S10-04,المقارنة بين الفقاريات والأجهزة والتكيفات,تجميعات الأحياء 2026 — مفتاح الإجابة في PDF p.75,C,2,NOT_STARTED,,NOT_RUN,PRE_CROP_RANGE_FROZEN_V1
15,BIO26-L15,أحياء 2,أسئلة المقارنات بين الفقاريات,75,75,74,1,56,TAH-BIO-BIO26-L15-Q056,BIO26-PDF075-L15-S1-Q056,المقارنة بين الفقاريات والأجهزة والتكيفات,BIO26-M10,الفقاريات والمقارنات بينها,BIO26-S10-04,المقارنة بين الفقاريات والأجهزة والتكيفات,تجميعات الأحياء 2026 — مفتاح الإجابة في PDF p.75,A,0,NOT_STARTED,,NOT_RUN,PRE_CROP_RANGE_FROZEN_V1
15,BIO26-L15,أحياء 2,أسئلة المقارنات بين الفقاريات,75,75,74,1,57,TAH-BIO-BIO26-L15-Q057,BIO26-PDF075-L15-S1-Q057,المقارنة بين الفقاريات والأجهزة والتكيفات,BIO26-M10,الفقاريات والمقارنات بينها,BIO26-S10-04,المقارنة بين الفقاريات والأجهزة والتكيفات,تجميعات الأحياء 2026 — مفتاح الإجابة في PDF p.75,B,1,NOT_STARTED,,NOT_RUN,PRE_CROP_RANGE_FROZEN_V1
15,BIO26-L15,أحياء 2,أسئلة المقارنات بين الفقاريات,75,75,74,1,58,TAH-BIO-BIO26-L15-Q058,BIO26-PDF075-L15-S1-Q058,المقارنة بين الفقاريات والأجهزة والتكيفات,BIO26-M10,الفقاريات والمقارنات بينها,BIO26-S10-04,المقارنة بين الفقاريات والأجهزة والتكيفات,تجميعات الأحياء 2026 — مفتاح الإجابة في PDF p.75,A,0,NOT_STARTED,,NOT_RUN,PRE_CROP_RANGE_FROZEN_V1
15,BIO26-L15,أحياء 2,أسئلة المقارنات بين الفقاريات,75,75,74,1,59,TAH-BIO-BIO26-L15-Q059,BIO26-PDF075-L15-S1-Q059,المقارنة بين الفقاريات والأجهزة والتكيفات,BIO26-M10,الفقاريات والمقارنات بينها,BIO26-S10-04,المقارنة بين الفقاريات والأجهزة والتكيفات,تجميعات الأحياء 2026 — مفتاح الإجابة في PDF p.75,C,2,NOT_STARTED,,NOT_RUN,PRE_CROP_RANGE_FROZEN_V1
15,BIO26-L15,أحياء 2,أسئلة المقارنات بين الفقاريات,75,75,74,1,60,TAH-BIO-BIO26-L15-Q060,BIO26-PDF075-L15-S1-Q060,المقارنة بين الفقاريات والأجهزة والتكيفات,BIO26-M10,الفقاريات والمقارنات بينها,BIO26-S10-04,المقارنة بين الفقاريات والأجهزة والتكيفات,تجميعات الأحياء 2026 — مفتاح الإجابة في PDF p.75,D,3,NOT_STARTED,,NOT_RUN,PRE_CROP_RANGE_FROZEN_V1
15,BIO26-L15,أحياء 2,أسئلة المقارنات بين الفقاريات,75,75,74,1,61,TAH-BIO-BIO26-L15-Q061,BIO26-PDF075-L15-S1-Q061,المقارنة بين الفقاريات والأجهزة والتكيفات,BIO26-M10,الفقاريات والمقارنات بينها,BIO26-S10-04,المقارنة بين الفقاريات والأجهزة والتكيفات,تجميعات الأحياء 2026 — مفتاح الإجابة في PDF p.75,A,0,NOT_STARTED,,NOT_RUN,PRE_CROP_RANGE_FROZEN_V1
15,BIO26-L15,أحياء 2,أسئلة المقارنات بين الفقاريات,75,75,74,1,62,TAH-BIO-BIO26-L15-Q062,BIO26-PDF075-L15-S1-Q062,المقارنة بين الفقاريات والأجهزة والتكيفات,BIO26-M10,الفقاريات والمقارنات بينها,BIO26-S10-04,المقارنة بين الفقاريات والأجهزة والتكيفات,تجميعات الأحياء 2026 — مفتاح الإجابة في PDF p.75,C,2,NOT_STARTED,,NOT_RUN,PRE_CROP_RANGE_FROZEN_V1
15,BIO26-L15,أحياء 2,أسئلة المقارنات بين الفقاريات,75,75,74,1,63,TAH-BIO-BIO26-L15-Q063,BIO26-PDF075-L15-S1-Q063,المقارنة بين الفقاريات والأجهزة والتكيفات,BIO26-M10,الفقاريات والمقارنات بينها,BIO26-S10-04,المقارنة بين الفقاريات والأجهزة والتكيفات,تجميعات الأحياء 2026 — مفتاح الإجابة في PDF p.75,C,2,NOT_STARTED,,NOT_RUN,PRE_CROP_RANGE_FROZEN_V1
15,BIO26-L15,أحياء 2,أسئلة المقارنات بين الفقاريات,76,76,75,1,64,TAH-BIO-BIO26-L15-Q064,BIO26-PDF076-L15-S1-Q064,المقارنة بين الفقاريات والأجهزة والتكيفات,BIO26-M10,الفقاريات والمقارنات بينها,BIO26-S10-04,المقارنة بين الفقاريات والأجهزة والتكيفات,تجميعات الأحياء 2026 — مفتاح الإجابة في PDF p.76,B,1,NOT_STARTED,,NOT_RUN,PRE_CROP_RANGE_FROZEN_V1
15,BIO26-L15,أحياء 2,أسئلة المقارنات بين الفقاريات,76,76,75,1,65,TAH-BIO-BIO26-L15-Q065,BIO26-PDF076-L15-S1-Q065,المقارنة بين الفقاريات والأجهزة والتكيفات,BIO26-M10,الفقاريات والمقارنات بينها,BIO26-S10-04,المقارنة بين الفقاريات والأجهزة والتكيفات,تجميعات الأحياء 2026 — مفتاح الإجابة في PDF p.76,D,3,NOT_STARTED,,NOT_RUN,PRE_CROP_RANGE_FROZEN_V1
15,BIO26-L15,أحياء 2,أسئلة المقارنات بين الفقاريات,76,76,75,1,66,TAH-BIO-BIO26-L15-Q066,BIO26-PDF076-L15-S1-Q066,المقارنة بين الفقاريات والأجهزة والتكيفات,BIO26-M10,الفقاريات والمقارنات بينها,BIO26-S10-04,المقارنة بين الفقاريات والأجهزة والتكيفات,تجميعات الأحياء 2026 — مفتاح الإجابة في PDF p.76,C,2,NOT_STARTED,,NOT_RUN,PRE_CROP_RANGE_FROZEN_V1
15,BIO26-L15,أحياء 2,أسئلة المقارنات بين الفقاريات,76,76,75,1,67,TAH-BIO-BIO26-L15-Q067,BIO26-PDF076-L15-S1-Q067,المقارنة بين الفقاريات والأجهزة والتكيفات,BIO26-M10,الفقاريات والمقارنات بينها,BIO26-S10-04,المقارنة بين الفقاريات والأجهزة والتكيفات,تجميعات الأحياء 2026 — مفتاح الإجابة في PDF p.76,B,1,NOT_STARTED,,NOT_RUN,PRE_CROP_RANGE_FROZEN_V1
15,BIO26-L15,أحياء 2,أسئلة المقارنات بين الفقاريات,76,76,75,1,68,TAH-BIO-BIO26-L15-Q068,BIO26-PDF076-L15-S1-Q068,المقارنة بين الفقاريات والأجهزة والتكيفات,BIO26-M10,الفقاريات والمقارنات بينها,BIO26-S10-04,المقارنة بين الفقاريات والأجهزة والتكيفات,تجميعات الأحياء 2026 — مفتاح الإجابة في PDF p.76,A,0,NOT_STARTED,,NOT_RUN,PRE_CROP_RANGE_FROZEN_V1
15,BIO26-L15,أحياء 2,أسئلة المقارنات بين الفقاريات,76,76,75,1,69,TAH-BIO-BIO26-L15-Q069,BIO26-PDF076-L15-S1-Q069,المقارنة بين الفقاريات والأجهزة والتكيفات,BIO26-M10,الفقاريات والمقارنات بينها,BIO26-S10-04,المقارنة بين الفقاريات والأجهزة والتكيفات,تجميعات الأحياء 2026 — مفتاح الإجابة في PDF p.76,A,0,NOT_STARTED,,NOT_RUN,PRE_CROP_RANGE_FROZEN_V1
15,BIO26-L15,أحياء 2,أسئلة المقارنات بين الفقاريات,76,76,75,1,70,TAH-BIO-BIO26-L15-Q070,BIO26-PDF076-L15-S1-Q070,المقارنة بين الفقاريات والأجهزة والتكيفات,BIO26-M10,الفقاريات والمقارنات بينها,BIO26-S10-04,المقارنة بين الفقاريات والأجهزة والتكيفات,تجميعات الأحياء 2026 — مفتاح الإجابة في PDF p.76,A,0,NOT_STARTED,,NOT_RUN,PRE_CROP_RANGE_FROZEN_V1
15,BIO26-L15,أحياء 2,أسئلة المقارنات بين الفقاريات,76,76,75,1,71,TAH-BIO-BIO26-L15-Q071,BIO26-PDF076-L15-S1-Q071,المقارنة بين الفقاريات والأجهزة والتكيفات,BIO26-M10,الفقاريات والمقارنات بينها,BIO26-S10-04,المقارنة بين الفقاريات والأجهزة والتكيفات,تجميعات الأحياء 2026 — مفتاح الإجابة في PDF p.76,D,3,NOT_STARTED,,NOT_RUN,PRE_CROP_RANGE_FROZEN_V1
16,BIO26-L16,أحياء 2,النباتات اللاوعائية والوعائية,77,77,76,1,1,TAH-BIO-BIO26-L16-Q001,BIO26-PDF077-L16-S1-Q001,النباتات اللاوعائية والوعائية اللابذرية وتعاقب الأجيال,BIO26-M11,تنوع النباتات,BIO26-S11-01,النباتات اللاوعائية والوعائية اللابذرية وتعاقب الأجيال,تجميعات الأحياء 2026 — مفتاح الإجابة في PDF p.77,C,2,NOT_STARTED,,NOT_RUN,PRE_CROP_RANGE_FROZEN_V1
16,BIO26-L16,أحياء 2,النباتات اللاوعائية والوعائية,77,77,76,1,2,TAH-BIO-BIO26-L16-Q002,BIO26-PDF077-L16-S1-Q002,النباتات اللاوعائية والوعائية اللابذرية وتعاقب الأجيال,BIO26-M11,تنوع النباتات,BIO26-S11-01,النباتات اللاوعائية والوعائية اللابذرية وتعاقب الأجيال,تجميعات الأحياء 2026 — مفتاح الإجابة في PDF p.77,D,3,NOT_STARTED,,NOT_RUN,PRE_CROP_RANGE_FROZEN_V1
16,BIO26-L16,أحياء 2,النباتات اللاوعائية والوعائية,77,77,76,1,3,TAH-BIO-BIO26-L16-Q003,BIO26-PDF077-L16-S1-Q003,النباتات اللاوعائية والوعائية اللابذرية وتعاقب الأجيال,BIO26-M11,تنوع النباتات,BIO26-S11-01,النباتات اللاوعائية والوعائية اللابذرية وتعاقب الأجيال,تجميعات الأحياء 2026 — مفتاح الإجابة في PDF p.77,B,1,NOT_STARTED,,NOT_RUN,PRE_CROP_RANGE_FROZEN_V1
16,BIO26-L16,أحياء 2,النباتات اللاوعائية والوعائية,77,77,76,1,4,TAH-BIO-BIO26-L16-Q004,BIO26-PDF077-L16-S1-Q004,النباتات اللاوعائية والوعائية اللابذرية وتعاقب الأجيال,BIO26-M11,تنوع النباتات,BIO26-S11-01,النباتات اللاوعائية والوعائية اللابذرية وتعاقب الأجيال,تجميعات الأحياء 2026 — مفتاح الإجابة في PDF p.77,D,3,NOT_STARTED,,NOT_RUN,PRE_CROP_RANGE_FROZEN_V1
16,BIO26-L16,أحياء 2,النباتات اللاوعائية والوعائية,77,77,76,1,5,TAH-BIO-BIO26-L16-Q005,BIO26-PDF077-L16-S1-Q005,النباتات اللاوعائية والوعائية اللابذرية وتعاقب الأجيال,BIO26-M11,تنوع النباتات,BIO26-S11-01,النباتات اللاوعائية والوعائية اللابذرية وتعاقب الأجيال,تجميعات الأحياء 2026 — مفتاح الإجابة في PDF p.77,A,0,NOT_STARTED,,NOT_RUN,PRE_CROP_RANGE_FROZEN_V1
16,BIO26-L16,أحياء 2,النباتات اللاوعائية والوعائية,77,77,76,1,6,TAH-BIO-BIO26-L16-Q006,BIO26-PDF077-L16-S1-Q006,النباتات اللاوعائية والوعائية اللابذرية وتعاقب الأجيال,BIO26-M11,تنوع النباتات,BIO26-S11-01,النباتات اللاوعائية والوعائية اللابذرية وتعاقب الأجيال,تجميعات الأحياء 2026 — مفتاح الإجابة في PDF p.77,A,0,NOT_STARTED,,NOT_RUN,PRE_CROP_RANGE_FROZEN_V1
16,BIO26-L16,أحياء 2,النباتات اللاوعائية والوعائية,77,77,76,1,7,TAH-BIO-BIO26-L16-Q007,BIO26-PDF077-L16-S1-Q007,النباتات اللاوعائية والوعائية اللابذرية وتعاقب الأجيال,BIO26-M11,تنوع النباتات,BIO26-S11-01,النباتات اللاوعائية والوعائية اللابذرية وتعاقب الأجيال,تجميعات الأحياء 2026 — مفتاح الإجابة في PDF p.77,C,2,NOT_STARTED,,NOT_RUN,PRE_CROP_RANGE_FROZEN_V1
16,BIO26-L16,أحياء 2,النباتات اللاوعائية والوعائية,77,77,76,1,8,TAH-BIO-BIO26-L16-Q008,BIO26-PDF077-L16-S1-Q008,النباتات اللاوعائية والوعائية اللابذرية وتعاقب الأجيال,BIO26-M11,تنوع النباتات,BIO26-S11-01,النباتات اللاوعائية والوعائية اللابذرية وتعاقب الأجيال,تجميعات الأحياء 2026 — مفتاح الإجابة في PDF p.77,B,1,NOT_STARTED,,NOT_RUN,PRE_CROP_RANGE_FROZEN_V1
16,BIO26-L16,أحياء 2,النباتات اللاوعائية والوعائية,77,77,76,1,9,TAH-BIO-BIO26-L16-Q009,BIO26-PDF077-L16-S1-Q009,النباتات اللاوعائية والوعائية اللابذرية وتعاقب الأجيال,BIO26-M11,تنوع النباتات,BIO26-S11-01,النباتات اللاوعائية والوعائية اللابذرية وتعاقب الأجيال,تجميعات الأحياء 2026 — مفتاح الإجابة في PDF p.77,A,0,NOT_STARTED,,NOT_RUN,PRE_CROP_RANGE_FROZEN_V1
16,BIO26-L16,أحياء 2,النباتات اللاوعائية والوعائية,77,77,76,1,10,TAH-BIO-BIO26-L16-Q010,BIO26-PDF077-L16-S1-Q010,النباتات اللاوعائية والوعائية اللابذرية وتعاقب الأجيال,BIO26-M11,تنوع النباتات,BIO26-S11-01,النباتات اللاوعائية والوعائية اللابذرية وتعاقب الأجيال,تجميعات الأحياء 2026 — مفتاح الإجابة في PDF p.77,B,1,NOT_STARTED,,NOT_RUN,PRE_CROP_RANGE_FROZEN_V1
16,BIO26-L16,أحياء 2,النباتات اللاوعائية والوعائية,77,77,76,1,11,TAH-BIO-BIO26-L16-Q011,BIO26-PDF077-L16-S1-Q011,النباتات اللاوعائية والوعائية اللابذرية وتعاقب الأجيال,BIO26-M11,تنوع النباتات,BIO26-S11-01,النباتات اللاوعائية والوعائية اللابذرية وتعاقب الأجيال,تجميعات الأحياء 2026 — مفتاح الإجابة في PDF p.77,C,2,NOT_STARTED,,NOT_RUN,PRE_CROP_RANGE_FROZEN_V1
16,BIO26-L16,أحياء 2,النباتات اللاوعائية والوعائية,77,77,76,1,12,TAH-BIO-BIO26-L16-Q012,BIO26-PDF077-L16-S1-Q012,النباتات اللاوعائية والوعائية اللابذرية وتعاقب الأجيال,BIO26-M11,تنوع النباتات,BIO26-S11-01,النباتات اللاوعائية والوعائية اللابذرية وتعاقب الأجيال,تجميعات الأحياء 2026 — مفتاح الإجابة في PDF p.77,A,0,NOT_STARTED,,NOT_RUN,PRE_CROP_RANGE_FROZEN_V1
16,BIO26-L16,أحياء 2,النباتات اللاوعائية والوعائية,77,77,76,1,13,TAH-BIO-BIO26-L16-Q013,BIO26-PDF077-L16-S1-Q013,النباتات اللاوعائية والوعائية اللابذرية وتعاقب الأجيال,BIO26-M11,تنوع النباتات,BIO26-S11-01,النباتات اللاوعائية والوعائية اللابذرية وتعاقب الأجيال,تجميعات الأحياء 2026 — مفتاح الإجابة في PDF p.77,D,3,NOT_STARTED,,NOT_RUN,PRE_CROP_RANGE_FROZEN_V1
16,BIO26-L16,أحياء 2,النباتات اللاوعائية والوعائية,77,77,76,1,14,TAH-BIO-BIO26-L16-Q014,BIO26-PDF077-L16-S1-Q014,النباتات البذرية ومعراة ومغطاة البذور وتكيفاتها,BIO26-M11,تنوع النباتات,BIO26-S11-02,النباتات البذرية ومعراة ومغطاة البذور وتكيفاتها,تجميعات الأحياء 2026 — مفتاح الإجابة في PDF p.77,A,0,NOT_STARTED,,NOT_RUN,PRE_CROP_RANGE_FROZEN_V1
16,BIO26-L16,أحياء 2,النباتات اللاوعائية والوعائية,77,77,76,1,15,TAH-BIO-BIO26-L16-Q015,BIO26-PDF077-L16-S1-Q015,النباتات البذرية ومعراة ومغطاة البذور وتكيفاتها,BIO26-M11,تنوع النباتات,BIO26-S11-02,النباتات البذرية ومعراة ومغطاة البذور وتكيفاتها,تجميعات الأحياء 2026 — مفتاح الإجابة في PDF p.77,D,3,NOT_STARTED,,NOT_RUN,PRE_CROP_RANGE_FROZEN_V1
16,BIO26-L16,أحياء 2,النباتات اللاوعائية والوعائية,78,78,77,1,16,TAH-BIO-BIO26-L16-Q016,BIO26-PDF078-L16-S1-Q016,النباتات البذرية ومعراة ومغطاة البذور وتكيفاتها,BIO26-M11,تنوع النباتات,BIO26-S11-02,النباتات البذرية ومعراة ومغطاة البذور وتكيفاتها,تجميعات الأحياء 2026 — مفتاح الإجابة في PDF p.78,A,0,NOT_STARTED,,NOT_RUN,PRE_CROP_RANGE_FROZEN_V1
16,BIO26-L16,أحياء 2,النباتات اللاوعائية والوعائية,78,78,77,1,17,TAH-BIO-BIO26-L16-Q017,BIO26-PDF078-L16-S1-Q017,النباتات البذرية ومعراة ومغطاة البذور وتكيفاتها,BIO26-M11,تنوع النباتات,BIO26-S11-02,النباتات البذرية ومعراة ومغطاة البذور وتكيفاتها,تجميعات الأحياء 2026 — مفتاح الإجابة في PDF p.78,A,0,NOT_STARTED,,NOT_RUN,PRE_CROP_RANGE_FROZEN_V1
16,BIO26-L16,أحياء 2,النباتات اللاوعائية والوعائية,78,78,77,1,18,TAH-BIO-BIO26-L16-Q018,BIO26-PDF078-L16-S1-Q018,النباتات البذرية ومعراة ومغطاة البذور وتكيفاتها,BIO26-M11,تنوع النباتات,BIO26-S11-02,النباتات البذرية ومعراة ومغطاة البذور وتكيفاتها,تجميعات الأحياء 2026 — مفتاح الإجابة في PDF p.78,A,0,NOT_STARTED,,NOT_RUN,PRE_CROP_RANGE_FROZEN_V1
16,BIO26-L16,أحياء 2,النباتات اللاوعائية والوعائية,78,78,77,1,19,TAH-BIO-BIO26-L16-Q019,BIO26-PDF078-L16-S1-Q019,النباتات البذرية ومعراة ومغطاة البذور وتكيفاتها,BIO26-M11,تنوع النباتات,BIO26-S11-02,النباتات البذرية ومعراة ومغطاة البذور وتكيفاتها,تجميعات الأحياء 2026 — مفتاح الإجابة في PDF p.78,D,3,NOT_STARTED,,NOT_RUN,PRE_CROP_RANGE_FROZEN_V1
16,BIO26-L16,أحياء 2,النباتات اللاوعائية والوعائية,78,78,77,1,20,TAH-BIO-BIO26-L16-Q020,BIO26-PDF078-L16-S1-Q020,النباتات البذرية ومعراة ومغطاة البذور وتكيفاتها,BIO26-M11,تنوع النباتات,BIO26-S11-02,النباتات البذرية ومعراة ومغطاة البذور وتكيفاتها,تجميعات الأحياء 2026 — مفتاح الإجابة في PDF p.78,B,1,NOT_STARTED,,NOT_RUN,PRE_CROP_RANGE_FROZEN_V1
16,BIO26-L16,أحياء 2,النباتات اللاوعائية والوعائية,78,78,77,1,21,TAH-BIO-BIO26-L16-Q021,BIO26-PDF078-L16-S1-Q021,النباتات البذرية ومعراة ومغطاة البذور وتكيفاتها,BIO26-M11,تنوع النباتات,BIO26-S11-02,النباتات البذرية ومعراة ومغطاة البذور وتكيفاتها,تجميعات الأحياء 2026 — مفتاح الإجابة في PDF p.78,A,0,NOT_STARTED,,NOT_RUN,PRE_CROP_RANGE_FROZEN_V1
16,BIO26-L16,أحياء 2,النباتات اللاوعائية والوعائية,79,79,78,2,22,TAH-BIO-BIO26-L16-Q022,BIO26-PDF079-L16-S2-Q022,النباتات اللاوعائية والوعائية اللابذرية وتعاقب الأجيال,BIO26-M11,تنوع النباتات,BIO26-S11-01,النباتات اللاوعائية والوعائية اللابذرية وتعاقب الأجيال,تجميعات الأحياء 2026 — مفتاح الإجابة في PDF p.79,C,2,NOT_STARTED,,NOT_RUN,PRE_CROP_RANGE_FROZEN_V1
16,BIO26-L16,أحياء 2,النباتات اللاوعائية والوعائية,79,79,78,2,23,TAH-BIO-BIO26-L16-Q023,BIO26-PDF079-L16-S2-Q023,النباتات اللاوعائية والوعائية اللابذرية وتعاقب الأجيال,BIO26-M11,تنوع النباتات,BIO26-S11-01,النباتات اللاوعائية والوعائية اللابذرية وتعاقب الأجيال,تجميعات الأحياء 2026 — مفتاح الإجابة في PDF p.79,A,0,NOT_STARTED,,NOT_RUN,PRE_CROP_RANGE_FROZEN_V1
16,BIO26-L16,أحياء 2,النباتات اللاوعائية والوعائية,79,79,78,2,24,TAH-BIO-BIO26-L16-Q024,BIO26-PDF079-L16-S2-Q024,النباتات اللاوعائية والوعائية اللابذرية وتعاقب الأجيال,BIO26-M11,تنوع النباتات,BIO26-S11-01,النباتات اللاوعائية والوعائية اللابذرية وتعاقب الأجيال,تجميعات الأحياء 2026 — مفتاح الإجابة في PDF p.79,A,0,NOT_STARTED,,NOT_RUN,PRE_CROP_RANGE_FROZEN_V1
16,BIO26-L16,أحياء 2,النباتات اللاوعائية والوعائية,79,79,78,2,25,TAH-BIO-BIO26-L16-Q025,BIO26-PDF079-L16-S2-Q025,النباتات اللاوعائية والوعائية اللابذرية وتعاقب الأجيال,BIO26-M11,تنوع النباتات,BIO26-S11-01,النباتات اللاوعائية والوعائية اللابذرية وتعاقب الأجيال,تجميعات الأحياء 2026 — مفتاح الإجابة في PDF p.79,B,1,NOT_STARTED,,NOT_RUN,PRE_CROP_RANGE_FROZEN_V1
16,BIO26-L16,أحياء 2,النباتات اللاوعائية والوعائية,79,79,78,2,26,TAH-BIO-BIO26-L16-Q026,BIO26-PDF079-L16-S2-Q026,النباتات اللاوعائية والوعائية اللابذرية وتعاقب الأجيال,BIO26-M11,تنوع النباتات,BIO26-S11-01,النباتات اللاوعائية والوعائية اللابذرية وتعاقب الأجيال,تجميعات الأحياء 2026 — مفتاح الإجابة في PDF p.79,C,2,NOT_STARTED,,NOT_RUN,PRE_CROP_RANGE_FROZEN_V1
16,BIO26-L16,أحياء 2,النباتات اللاوعائية والوعائية,79,79,78,2,27,TAH-BIO-BIO26-L16-Q027,BIO26-PDF079-L16-S2-Q027,النباتات اللاوعائية والوعائية اللابذرية وتعاقب الأجيال,BIO26-M11,تنوع النباتات,BIO26-S11-01,النباتات اللاوعائية والوعائية اللابذرية وتعاقب الأجيال,تجميعات الأحياء 2026 — مفتاح الإجابة في PDF p.79,B,1,NOT_STARTED,,NOT_RUN,PRE_CROP_RANGE_FROZEN_V1
16,BIO26-L16,أحياء 2,النباتات اللاوعائية والوعائية,79,79,78,2,28,TAH-BIO-BIO26-L16-Q028,BIO26-PDF079-L16-S2-Q028,النباتات اللاوعائية والوعائية اللابذرية وتعاقب الأجيال,BIO26-M11,تنوع النباتات,BIO26-S11-01,النباتات اللاوعائية والوعائية اللابذرية وتعاقب الأجيال,تجميعات الأحياء 2026 — مفتاح الإجابة في PDF p.79,D,3,NOT_STARTED,,NOT_RUN,PRE_CROP_RANGE_FROZEN_V1
16,BIO26-L16,أحياء 2,النباتات اللاوعائية والوعائية,79,79,78,2,29,TAH-BIO-BIO26-L16-Q029,BIO26-PDF079-L16-S2-Q029,النباتات البذرية ومعراة ومغطاة البذور وتكيفاتها,BIO26-M11,تنوع النباتات,BIO26-S11-02,النباتات البذرية ومعراة ومغطاة البذور وتكيفاتها,تجميعات الأحياء 2026 — مفتاح الإجابة في PDF p.79,B,1,NOT_STARTED,,NOT_RUN,PRE_CROP_RANGE_FROZEN_V1
16,BIO26-L16,أحياء 2,النباتات اللاوعائية والوعائية,79,79,78,2,30,TAH-BIO-BIO26-L16-Q030,BIO26-PDF079-L16-S2-Q030,النباتات البذرية ومعراة ومغطاة البذور وتكيفاتها,BIO26-M11,تنوع النباتات,BIO26-S11-02,النباتات البذرية ومعراة ومغطاة البذور وتكيفاتها,تجميعات الأحياء 2026 — مفتاح الإجابة في PDF p.79,C,2,NOT_STARTED,,NOT_RUN,PRE_CROP_RANGE_FROZEN_V1
16,BIO26-L16,أحياء 2,النباتات اللاوعائية والوعائية,79,79,78,2,31,TAH-BIO-BIO26-L16-Q031,BIO26-PDF079-L16-S2-Q031,النباتات البذرية ومعراة ومغطاة البذور وتكيفاتها,BIO26-M11,تنوع النباتات,BIO26-S11-02,النباتات البذرية ومعراة ومغطاة البذور وتكيفاتها,تجميعات الأحياء 2026 — مفتاح الإجابة في PDF p.79,C,2,NOT_STARTED,,NOT_RUN,PRE_CROP_RANGE_FROZEN_V1
16,BIO26-L16,أحياء 2,النباتات اللاوعائية والوعائية,79,79,78,2,32,TAH-BIO-BIO26-L16-Q032,BIO26-PDF079-L16-S2-Q032,النباتات البذرية ومعراة ومغطاة البذور وتكيفاتها,BIO26-M11,تنوع النباتات,BIO26-S11-02,النباتات البذرية ومعراة ومغطاة البذور وتكيفاتها,تجميعات الأحياء 2026 — مفتاح الإجابة في PDF p.79,D,3,NOT_STARTED,,NOT_RUN,PRE_CROP_RANGE_FROZEN_V1
16,BIO26-L16,أحياء 2,النباتات اللاوعائية والوعائية,79,79,78,2,33,TAH-BIO-BIO26-L16-Q033,BIO26-PDF079-L16-S2-Q033,النباتات البذرية ومعراة ومغطاة البذور وتكيفاتها,BIO26-M11,تنوع النباتات,BIO26-S11-02,النباتات البذرية ومعراة ومغطاة البذور وتكيفاتها,تجميعات الأحياء 2026 — مفتاح الإجابة في PDF p.79,D,3,NOT_STARTED,,NOT_RUN,PRE_CROP_RANGE_FROZEN_V1
16,BIO26-L16,أحياء 2,النباتات اللاوعائية والوعائية,79,79,78,2,34,TAH-BIO-BIO26-L16-Q034,BIO26-PDF079-L16-S2-Q034,النباتات البذرية ومعراة ومغطاة البذور وتكيفاتها,BIO26-M11,تنوع النباتات,BIO26-S11-02,النباتات البذرية ومعراة ومغطاة البذور وتكيفاتها,تجميعات الأحياء 2026 — مفتاح الإجابة في PDF p.79,D,3,NOT_STARTED,,NOT_RUN,PRE_CROP_RANGE_FROZEN_V1
16,BIO26-L16,أحياء 2,النباتات اللاوعائية والوعائية,79,79,78,2,35,TAH-BIO-BIO26-L16-Q035,BIO26-PDF079-L16-S2-Q035,النباتات البذرية ومعراة ومغطاة البذور وتكيفاتها,BIO26-M11,تنوع النباتات,BIO26-S11-02,النباتات البذرية ومعراة ومغطاة البذور وتكيفاتها,تجميعات الأحياء 2026 — مفتاح الإجابة في PDF p.79,D,3,NOT_STARTED,,NOT_RUN,PRE_CROP_RANGE_FROZEN_V1
16,BIO26-L16,أحياء 2,النباتات اللاوعائية والوعائية,79,79,78,2,36,TAH-BIO-BIO26-L16-Q036,BIO26-PDF079-L16-S2-Q036,النباتات البذرية ومعراة ومغطاة البذور وتكيفاتها,BIO26-M11,تنوع النباتات,BIO26-S11-02,النباتات البذرية ومعراة ومغطاة البذور وتكيفاتها,تجميعات الأحياء 2026 — مفتاح الإجابة في PDF p.79,D,3,NOT_STARTED,,NOT_RUN,PRE_CROP_RANGE_FROZEN_V1
16,BIO26-L16,أحياء 2,النباتات اللاوعائية والوعائية,79,79,78,2,37,TAH-BIO-BIO26-L16-Q037,BIO26-PDF079-L16-S2-Q037,النباتات البذرية ومعراة ومغطاة البذور وتكيفاتها,BIO26-M11,تنوع النباتات,BIO26-S11-02,النباتات البذرية ومعراة ومغطاة البذور وتكيفاتها,تجميعات الأحياء 2026 — مفتاح الإجابة في PDF p.79,D,3,NOT_STARTED,,NOT_RUN,PRE_CROP_RANGE_FROZEN_V1
16,BIO26-L16,أحياء 2,النباتات اللاوعائية والوعائية,79,79,78,2,38,TAH-BIO-BIO26-L16-Q038,BIO26-PDF079-L16-S2-Q038,النباتات البذرية ومعراة ومغطاة البذور وتكيفاتها,BIO26-M11,تنوع النباتات,BIO26-S11-02,النباتات البذرية ومعراة ومغطاة البذور وتكيفاتها,تجميعات الأحياء 2026 — مفتاح الإجابة في PDF p.79,B,1,NOT_STARTED,,NOT_RUN,PRE_CROP_RANGE_FROZEN_V1
16,BIO26-L16,أحياء 2,النباتات اللاوعائية والوعائية,79,79,78,2,39,TAH-BIO-BIO26-L16-Q039,BIO26-PDF079-L16-S2-Q039,النباتات البذرية ومعراة ومغطاة البذور وتكيفاتها,BIO26-M11,تنوع النباتات,BIO26-S11-02,النباتات البذرية ومعراة ومغطاة البذور وتكيفاتها,تجميعات الأحياء 2026 — مفتاح الإجابة في PDF p.79,A,0,NOT_STARTED,,NOT_RUN,PRE_CROP_RANGE_FROZEN_V1
16,BIO26-L16,أحياء 2,النباتات اللاوعائية والوعائية,79,79,78,2,40,TAH-BIO-BIO26-L16-Q040,BIO26-PDF079-L16-S2-Q040,النباتات البذرية ومعراة ومغطاة البذور وتكيفاتها,BIO26-M11,تنوع النباتات,BIO26-S11-02,النباتات البذرية ومعراة ومغطاة البذور وتكيفاتها,تجميعات الأحياء 2026 — مفتاح الإجابة في PDF p.79,A,0,NOT_STARTED,,NOT_RUN,PRE_CROP_RANGE_FROZEN_V1
17,BIO26-L17,أحياء 2,خلايا وأنسجة النباتات,80,80,79,1,1,TAH-BIO-BIO26-L17-Q001,BIO26-PDF080-L17-S1-Q001,الخلايا النباتية الأساسية والمرستيمية,BIO26-M12,خلايا وأنسجة النبات والنقل,BIO26-S12-01,الخلايا النباتية الأساسية والمرستيمية,تجميعات الأحياء 2026 — مفتاح الإجابة في PDF p.80,D,3,NOT_STARTED,,NOT_RUN,PRE_CROP_RANGE_FROZEN_V1
17,BIO26-L17,أحياء 2,خلايا وأنسجة النباتات,80,80,79,1,2,TAH-BIO-BIO26-L17-Q002,BIO26-PDF080-L17-S1-Q002,الخلايا النباتية الأساسية والمرستيمية,BIO26-M12,خلايا وأنسجة النبات والنقل,BIO26-S12-01,الخلايا النباتية الأساسية والمرستيمية,تجميعات الأحياء 2026 — مفتاح الإجابة في PDF p.80,C,2,NOT_STARTED,,NOT_RUN,PRE_CROP_RANGE_FROZEN_V1
17,BIO26-L17,أحياء 2,خلايا وأنسجة النباتات,80,80,79,1,3,TAH-BIO-BIO26-L17-Q003,BIO26-PDF080-L17-S1-Q003,الخلايا النباتية الأساسية والمرستيمية,BIO26-M12,خلايا وأنسجة النبات والنقل,BIO26-S12-01,الخلايا النباتية الأساسية والمرستيمية,تجميعات الأحياء 2026 — مفتاح الإجابة في PDF p.80,B,1,NOT_STARTED,,NOT_RUN,PRE_CROP_RANGE_FROZEN_V1
17,BIO26-L17,أحياء 2,خلايا وأنسجة النباتات,80,80,79,1,4,TAH-BIO-BIO26-L17-Q004,BIO26-PDF080-L17-S1-Q004,الخلايا النباتية الأساسية والمرستيمية,BIO26-M12,خلايا وأنسجة النبات والنقل,BIO26-S12-01,الخلايا النباتية الأساسية والمرستيمية,تجميعات الأحياء 2026 — مفتاح الإجابة في PDF p.80,B,1,NOT_STARTED,,NOT_RUN,PRE_CROP_RANGE_FROZEN_V1
17,BIO26-L17,أحياء 2,خلايا وأنسجة النباتات,80,80,79,1,5,TAH-BIO-BIO26-L17-Q005,BIO26-PDF080-L17-S1-Q005,الخلايا النباتية الأساسية والمرستيمية,BIO26-M12,خلايا وأنسجة النبات والنقل,BIO26-S12-01,الخلايا النباتية الأساسية والمرستيمية,تجميعات الأحياء 2026 — مفتاح الإجابة في PDF p.80,D,3,NOT_STARTED,,NOT_RUN,PRE_CROP_RANGE_FROZEN_V1
17,BIO26-L17,أحياء 2,خلايا وأنسجة النباتات,80,80,79,1,6,TAH-BIO-BIO26-L17-Q006,BIO26-PDF080-L17-S1-Q006,الخلايا النباتية الأساسية والمرستيمية,BIO26-M12,خلايا وأنسجة النبات والنقل,BIO26-S12-01,الخلايا النباتية الأساسية والمرستيمية,تجميعات الأحياء 2026 — مفتاح الإجابة في PDF p.80,A,0,NOT_STARTED,,NOT_RUN,PRE_CROP_RANGE_FROZEN_V1
17,BIO26-L17,أحياء 2,خلايا وأنسجة النباتات,80,80,79,1,7,TAH-BIO-BIO26-L17-Q007,BIO26-PDF080-L17-S1-Q007,الخلايا النباتية الأساسية والمرستيمية,BIO26-M12,خلايا وأنسجة النبات والنقل,BIO26-S12-01,الخلايا النباتية الأساسية والمرستيمية,تجميعات الأحياء 2026 — مفتاح الإجابة في PDF p.80,A,0,NOT_STARTED,,NOT_RUN,PRE_CROP_RANGE_FROZEN_V1
17,BIO26-L17,أحياء 2,خلايا وأنسجة النباتات,80,80,79,1,8,TAH-BIO-BIO26-L17-Q008,BIO26-PDF080-L17-S1-Q008,الأنسجة النباتية والبشرة والأنسجة الأساسية,BIO26-M12,خلايا وأنسجة النبات والنقل,BIO26-S12-02,الأنسجة النباتية والبشرة والأنسجة الأساسية,تجميعات الأحياء 2026 — مفتاح الإجابة في PDF p.80,D,3,NOT_STARTED,,NOT_RUN,PRE_CROP_RANGE_FROZEN_V1
17,BIO26-L17,أحياء 2,خلايا وأنسجة النباتات,80,80,79,1,9,TAH-BIO-BIO26-L17-Q009,BIO26-PDF080-L17-S1-Q009,الأنسجة النباتية والبشرة والأنسجة الأساسية,BIO26-M12,خلايا وأنسجة النبات والنقل,BIO26-S12-02,الأنسجة النباتية والبشرة والأنسجة الأساسية,تجميعات الأحياء 2026 — مفتاح الإجابة في PDF p.80,A,0,NOT_STARTED,,NOT_RUN,PRE_CROP_RANGE_FROZEN_V1
17,BIO26-L17,أحياء 2,خلايا وأنسجة النباتات,80,80,79,1,10,TAH-BIO-BIO26-L17-Q010,BIO26-PDF080-L17-S1-Q010,الأنسجة النباتية والبشرة والأنسجة الأساسية,BIO26-M12,خلايا وأنسجة النبات والنقل,BIO26-S12-02,الأنسجة النباتية والبشرة والأنسجة الأساسية,تجميعات الأحياء 2026 — مفتاح الإجابة في PDF p.80,C,2,NOT_STARTED,,NOT_RUN,PRE_CROP_RANGE_FROZEN_V1
17,BIO26-L17,أحياء 2,خلايا وأنسجة النباتات,80,80,79,1,11,TAH-BIO-BIO26-L17-Q011,BIO26-PDF080-L17-S1-Q011,الأنسجة النباتية والبشرة والأنسجة الأساسية,BIO26-M12,خلايا وأنسجة النبات والنقل,BIO26-S12-02,الأنسجة النباتية والبشرة والأنسجة الأساسية,تجميعات الأحياء 2026 — مفتاح الإجابة في PDF p.80,B,1,NOT_STARTED,,NOT_RUN,PRE_CROP_RANGE_FROZEN_V1
17,BIO26-L17,أحياء 2,خلايا وأنسجة النباتات,80,80,79,1,12,TAH-BIO-BIO26-L17-Q012,BIO26-PDF080-L17-S1-Q012,الأنسجة الوعائية ونقل الماء والمواد في النبات,BIO26-M12,خلايا وأنسجة النبات والنقل,BIO26-S12-03,الأنسجة الوعائية ونقل الماء والمواد في النبات,تجميعات الأحياء 2026 — مفتاح الإجابة في PDF p.80,B,1,NOT_STARTED,,NOT_RUN,PRE_CROP_RANGE_FROZEN_V1
17,BIO26-L17,أحياء 2,خلايا وأنسجة النباتات,80,80,79,1,13,TAH-BIO-BIO26-L17-Q013,BIO26-PDF080-L17-S1-Q013,الأنسجة الوعائية ونقل الماء والمواد في النبات,BIO26-M12,خلايا وأنسجة النبات والنقل,BIO26-S12-03,الأنسجة الوعائية ونقل الماء والمواد في النبات,تجميعات الأحياء 2026 — مفتاح الإجابة في PDF p.80,A,0,NOT_STARTED,,NOT_RUN,PRE_CROP_RANGE_FROZEN_V1
17,BIO26-L17,أحياء 2,خلايا وأنسجة النباتات,80,80,79,1,14,TAH-BIO-BIO26-L17-Q014,BIO26-PDF080-L17-S1-Q014,الأنسجة الوعائية ونقل الماء والمواد في النبات,BIO26-M12,خلايا وأنسجة النبات والنقل,BIO26-S12-03,الأنسجة الوعائية ونقل الماء والمواد في النبات,تجميعات الأحياء 2026 — مفتاح الإجابة في PDF p.80,B,1,NOT_STARTED,,NOT_RUN,PRE_CROP_RANGE_FROZEN_V1
17,BIO26-L17,أحياء 2,خلايا وأنسجة النباتات,81,81,80,1,15,TAH-BIO-BIO26-L17-Q015,BIO26-PDF081-L17-S1-Q015,الأنسجة الوعائية ونقل الماء والمواد في النبات,BIO26-M12,خلايا وأنسجة النبات والنقل,BIO26-S12-03,الأنسجة الوعائية ونقل الماء والمواد في النبات,تجميعات الأحياء 2026 — مفتاح الإجابة في PDF p.81,C,2,NOT_STARTED,,NOT_RUN,PRE_CROP_RANGE_FROZEN_V1
17,BIO26-L17,أحياء 2,خلايا وأنسجة النباتات,81,81,80,1,16,TAH-BIO-BIO26-L17-Q016,BIO26-PDF081-L17-S1-Q016,الأنسجة الوعائية ونقل الماء والمواد في النبات,BIO26-M12,خلايا وأنسجة النبات والنقل,BIO26-S12-03,الأنسجة الوعائية ونقل الماء والمواد في النبات,تجميعات الأحياء 2026 — مفتاح الإجابة في PDF p.81,B,1,NOT_STARTED,,NOT_RUN,PRE_CROP_RANGE_FROZEN_V1
17,BIO26-L17,أحياء 2,خلايا وأنسجة النباتات,82,82,81,2,17,TAH-BIO-BIO26-L17-Q017,BIO26-PDF082-L17-S2-Q017,الخلايا النباتية الأساسية والمرستيمية,BIO26-M12,خلايا وأنسجة النبات والنقل,BIO26-S12-01,الخلايا النباتية الأساسية والمرستيمية,تجميعات الأحياء 2026 — مفتاح الإجابة في PDF p.82,C,2,NOT_STARTED,,NOT_RUN,PRE_CROP_RANGE_FROZEN_V1
17,BIO26-L17,أحياء 2,خلايا وأنسجة النباتات,82,82,81,2,18,TAH-BIO-BIO26-L17-Q018,BIO26-PDF082-L17-S2-Q018,الخلايا النباتية الأساسية والمرستيمية,BIO26-M12,خلايا وأنسجة النبات والنقل,BIO26-S12-01,الخلايا النباتية الأساسية والمرستيمية,تجميعات الأحياء 2026 — مفتاح الإجابة في PDF p.82,B,1,NOT_STARTED,,NOT_RUN,PRE_CROP_RANGE_FROZEN_V1
17,BIO26-L17,أحياء 2,خلايا وأنسجة النباتات,82,82,81,2,19,TAH-BIO-BIO26-L17-Q019,BIO26-PDF082-L17-S2-Q019,الخلايا النباتية الأساسية والمرستيمية,BIO26-M12,خلايا وأنسجة النبات والنقل,BIO26-S12-01,الخلايا النباتية الأساسية والمرستيمية,تجميعات الأحياء 2026 — مفتاح الإجابة في PDF p.82,A,0,NOT_STARTED,,NOT_RUN,PRE_CROP_RANGE_FROZEN_V1
17,BIO26-L17,أحياء 2,خلايا وأنسجة النباتات,82,82,81,2,20,TAH-BIO-BIO26-L17-Q020,BIO26-PDF082-L17-S2-Q020,الخلايا النباتية الأساسية والمرستيمية,BIO26-M12,خلايا وأنسجة النبات والنقل,BIO26-S12-01,الخلايا النباتية الأساسية والمرستيمية,تجميعات الأحياء 2026 — مفتاح الإجابة في PDF p.82,A,0,NOT_STARTED,,NOT_RUN,PRE_CROP_RANGE_FROZEN_V1
17,BIO26-L17,أحياء 2,خلايا وأنسجة النباتات,82,82,81,2,21,TAH-BIO-BIO26-L17-Q021,BIO26-PDF082-L17-S2-Q021,الخلايا النباتية الأساسية والمرستيمية,BIO26-M12,خلايا وأنسجة النبات والنقل,BIO26-S12-01,الخلايا النباتية الأساسية والمرستيمية,تجميعات الأحياء 2026 — مفتاح الإجابة في PDF p.82,A,0,NOT_STARTED,,NOT_RUN,PRE_CROP_RANGE_FROZEN_V1
17,BIO26-L17,أحياء 2,خلايا وأنسجة النباتات,82,82,81,2,22,TAH-BIO-BIO26-L17-Q022,BIO26-PDF082-L17-S2-Q022,الخلايا النباتية الأساسية والمرستيمية,BIO26-M12,خلايا وأنسجة النبات والنقل,BIO26-S12-01,الخلايا النباتية الأساسية والمرستيمية,تجميعات الأحياء 2026 — مفتاح الإجابة في PDF p.82,A,0,NOT_STARTED,,NOT_RUN,PRE_CROP_RANGE_FROZEN_V1
17,BIO26-L17,أحياء 2,خلايا وأنسجة النباتات,82,82,81,2,23,TAH-BIO-BIO26-L17-Q023,BIO26-PDF082-L17-S2-Q023,الخلايا النباتية الأساسية والمرستيمية,BIO26-M12,خلايا وأنسجة النبات والنقل,BIO26-S12-01,الخلايا النباتية الأساسية والمرستيمية,تجميعات الأحياء 2026 — مفتاح الإجابة في PDF p.82,B,1,NOT_STARTED,,NOT_RUN,PRE_CROP_RANGE_FROZEN_V1
17,BIO26-L17,أحياء 2,خلايا وأنسجة النباتات,82,82,81,2,24,TAH-BIO-BIO26-L17-Q024,BIO26-PDF082-L17-S2-Q024,الأنسجة النباتية والبشرة والأنسجة الأساسية,BIO26-M12,خلايا وأنسجة النبات والنقل,BIO26-S12-02,الأنسجة النباتية والبشرة والأنسجة الأساسية,تجميعات الأحياء 2026 — مفتاح الإجابة في PDF p.82,B,1,NOT_STARTED,,NOT_RUN,PRE_CROP_RANGE_FROZEN_V1
17,BIO26-L17,أحياء 2,خلايا وأنسجة النباتات,82,82,81,2,25,TAH-BIO-BIO26-L17-Q025,BIO26-PDF082-L17-S2-Q025,الأنسجة النباتية والبشرة والأنسجة الأساسية,BIO26-M12,خلايا وأنسجة النبات والنقل,BIO26-S12-02,الأنسجة النباتية والبشرة والأنسجة الأساسية,تجميعات الأحياء 2026 — مفتاح الإجابة في PDF p.82,D,3,NOT_STARTED,,NOT_RUN,PRE_CROP_RANGE_FROZEN_V1
17,BIO26-L17,أحياء 2,خلايا وأنسجة النباتات,82,82,81,2,26,TAH-BIO-BIO26-L17-Q026,BIO26-PDF082-L17-S2-Q026,الأنسجة النباتية والبشرة والأنسجة الأساسية,BIO26-M12,خلايا وأنسجة النبات والنقل,BIO26-S12-02,الأنسجة النباتية والبشرة والأنسجة الأساسية,تجميعات الأحياء 2026 — مفتاح الإجابة في PDF p.82,A,0,NOT_STARTED,,NOT_RUN,PRE_CROP_RANGE_FROZEN_V1
17,BIO26-L17,أحياء 2,خلايا وأنسجة النباتات,82,82,81,2,27,TAH-BIO-BIO26-L17-Q027,BIO26-PDF082-L17-S2-Q027,الأنسجة النباتية والبشرة والأنسجة الأساسية,BIO26-M12,خلايا وأنسجة النبات والنقل,BIO26-S12-02,الأنسجة النباتية والبشرة والأنسجة الأساسية,تجميعات الأحياء 2026 — مفتاح الإجابة في PDF p.82,A,0,NOT_STARTED,,NOT_RUN,PRE_CROP_RANGE_FROZEN_V1
17,BIO26-L17,أحياء 2,خلايا وأنسجة النباتات,82,82,81,2,28,TAH-BIO-BIO26-L17-Q028,BIO26-PDF082-L17-S2-Q028,الأنسجة النباتية والبشرة والأنسجة الأساسية,BIO26-M12,خلايا وأنسجة النبات والنقل,BIO26-S12-02,الأنسجة النباتية والبشرة والأنسجة الأساسية,تجميعات الأحياء 2026 — مفتاح الإجابة في PDF p.82,C,2,NOT_STARTED,,NOT_RUN,PRE_CROP_RANGE_FROZEN_V1
17,BIO26-L17,أحياء 2,خلايا وأنسجة النباتات,82,82,81,2,29,TAH-BIO-BIO26-L17-Q029,BIO26-PDF082-L17-S2-Q029,الأنسجة الوعائية ونقل الماء والمواد في النبات,BIO26-M12,خلايا وأنسجة النبات والنقل,BIO26-S12-03,الأنسجة الوعائية ونقل الماء والمواد في النبات,تجميعات الأحياء 2026 — مفتاح الإجابة في PDF p.82,A,0,NOT_STARTED,,NOT_RUN,PRE_CROP_RANGE_FROZEN_V1
17,BIO26-L17,أحياء 2,خلايا وأنسجة النباتات,82,82,81,2,30,TAH-BIO-BIO26-L17-Q030,BIO26-PDF082-L17-S2-Q030,الأنسجة الوعائية ونقل الماء والمواد في النبات,BIO26-M12,خلايا وأنسجة النبات والنقل,BIO26-S12-03,الأنسجة الوعائية ونقل الماء والمواد في النبات,تجميعات الأحياء 2026 — مفتاح الإجابة في PDF p.82,D,3,NOT_STARTED,,NOT_RUN,PRE_CROP_RANGE_FROZEN_V1
17,BIO26-L17,أحياء 2,خلايا وأنسجة النباتات,82,82,81,2,31,TAH-BIO-BIO26-L17-Q031,BIO26-PDF082-L17-S2-Q031,الأنسجة الوعائية ونقل الماء والمواد في النبات,BIO26-M12,خلايا وأنسجة النبات والنقل,BIO26-S12-03,الأنسجة الوعائية ونقل الماء والمواد في النبات,تجميعات الأحياء 2026 — مفتاح الإجابة في PDF p.82,B,1,NOT_STARTED,,NOT_RUN,PRE_CROP_RANGE_FROZEN_V1
17,BIO26-L17,أحياء 2,خلايا وأنسجة النباتات,82,82,81,2,32,TAH-BIO-BIO26-L17-Q032,BIO26-PDF082-L17-S2-Q032,الأنسجة الوعائية ونقل الماء والمواد في النبات,BIO26-M12,خلايا وأنسجة النبات والنقل,BIO26-S12-03,الأنسجة الوعائية ونقل الماء والمواد في النبات,تجميعات الأحياء 2026 — مفتاح الإجابة في PDF p.82,C,2,NOT_STARTED,,NOT_RUN,PRE_CROP_RANGE_FROZEN_V1
18,BIO26-L18,أحياء 2,الهرمونات واستجابة النبات,83,83,82,1,1,TAH-BIO-BIO26-L18-Q001,BIO26-PDF083-L18-S1-Q001,الهرمونات النباتية ووظائفها,BIO26-M13,تنظيم النبات وتكاثره,BIO26-S13-01,الهرمونات النباتية ووظائفها,تجميعات الأحياء 2026 — مفتاح الإجابة في PDF p.83,B,1,NOT_STARTED,,NOT_RUN,PRE_CROP_RANGE_FROZEN_V1
18,BIO26-L18,أحياء 2,الهرمونات واستجابة النبات,83,83,82,1,2,TAH-BIO-BIO26-L18-Q002,BIO26-PDF083-L18-S1-Q002,الهرمونات النباتية ووظائفها,BIO26-M13,تنظيم النبات وتكاثره,BIO26-S13-01,الهرمونات النباتية ووظائفها,تجميعات الأحياء 2026 — مفتاح الإجابة في PDF p.83,C,2,NOT_STARTED,,NOT_RUN,PRE_CROP_RANGE_FROZEN_V1
18,BIO26-L18,أحياء 2,الهرمونات واستجابة النبات,83,83,82,1,3,TAH-BIO-BIO26-L18-Q003,BIO26-PDF083-L18-S1-Q003,الهرمونات النباتية ووظائفها,BIO26-M13,تنظيم النبات وتكاثره,BIO26-S13-01,الهرمونات النباتية ووظائفها,تجميعات الأحياء 2026 — مفتاح الإجابة في PDF p.83,B,1,NOT_STARTED,,NOT_RUN,PRE_CROP_RANGE_FROZEN_V1
18,BIO26-L18,أحياء 2,الهرمونات واستجابة النبات,83,83,82,1,4,TAH-BIO-BIO26-L18-Q004,BIO26-PDF083-L18-S1-Q004,الهرمونات النباتية ووظائفها,BIO26-M13,تنظيم النبات وتكاثره,BIO26-S13-01,الهرمونات النباتية ووظائفها,تجميعات الأحياء 2026 — مفتاح الإجابة في PDF p.83,A,0,NOT_STARTED,,NOT_RUN,PRE_CROP_RANGE_FROZEN_V1
18,BIO26-L18,أحياء 2,الهرمونات واستجابة النبات,83,83,82,1,5,TAH-BIO-BIO26-L18-Q005,BIO26-PDF083-L18-S1-Q005,الهرمونات النباتية ووظائفها,BIO26-M13,تنظيم النبات وتكاثره,BIO26-S13-01,الهرمونات النباتية ووظائفها,تجميعات الأحياء 2026 — مفتاح الإجابة في PDF p.83,A,0,NOT_STARTED,,NOT_RUN,PRE_CROP_RANGE_FROZEN_V1
18,BIO26-L18,أحياء 2,الهرمونات واستجابة النبات,83,83,82,1,6,TAH-BIO-BIO26-L18-Q006,BIO26-PDF083-L18-S1-Q006,الهرمونات النباتية ووظائفها,BIO26-M13,تنظيم النبات وتكاثره,BIO26-S13-01,الهرمونات النباتية ووظائفها,تجميعات الأحياء 2026 — مفتاح الإجابة في PDF p.83,A,0,NOT_STARTED,,NOT_RUN,PRE_CROP_RANGE_FROZEN_V1
18,BIO26-L18,أحياء 2,الهرمونات واستجابة النبات,83,83,82,1,7,TAH-BIO-BIO26-L18-Q007,BIO26-PDF083-L18-S1-Q007,الهرمونات النباتية ووظائفها,BIO26-M13,تنظيم النبات وتكاثره,BIO26-S13-01,الهرمونات النباتية ووظائفها,تجميعات الأحياء 2026 — مفتاح الإجابة في PDF p.83,C,2,NOT_STARTED,,NOT_RUN,PRE_CROP_RANGE_FROZEN_V1
18,BIO26-L18,أحياء 2,الهرمونات واستجابة النبات,83,83,82,1,8,TAH-BIO-BIO26-L18-Q008,BIO26-PDF083-L18-S1-Q008,الانتحاءات والاستجابات والفترة الضوئية,BIO26-M13,تنظيم النبات وتكاثره,BIO26-S13-02,الانتحاءات والاستجابات والفترة الضوئية,تجميعات الأحياء 2026 — مفتاح الإجابة في PDF p.83,A,0,NOT_STARTED,,NOT_RUN,PRE_CROP_RANGE_FROZEN_V1
18,BIO26-L18,أحياء 2,الهرمونات واستجابة النبات,83,83,82,1,9,TAH-BIO-BIO26-L18-Q009,BIO26-PDF083-L18-S1-Q009,الانتحاءات والاستجابات والفترة الضوئية,BIO26-M13,تنظيم النبات وتكاثره,BIO26-S13-02,الانتحاءات والاستجابات والفترة الضوئية,تجميعات الأحياء 2026 — مفتاح الإجابة في PDF p.83,B,1,NOT_STARTED,,NOT_RUN,PRE_CROP_RANGE_FROZEN_V1
18,BIO26-L18,أحياء 2,الهرمونات واستجابة النبات,83,83,82,1,10,TAH-BIO-BIO26-L18-Q010,BIO26-PDF083-L18-S1-Q010,الانتحاءات والاستجابات والفترة الضوئية,BIO26-M13,تنظيم النبات وتكاثره,BIO26-S13-02,الانتحاءات والاستجابات والفترة الضوئية,تجميعات الأحياء 2026 — مفتاح الإجابة في PDF p.83,C,2,NOT_STARTED,,NOT_RUN,PRE_CROP_RANGE_FROZEN_V1
18,BIO26-L18,أحياء 2,الهرمونات واستجابة النبات,83,83,82,1,11,TAH-BIO-BIO26-L18-Q011,BIO26-PDF083-L18-S1-Q011,الانتحاءات والاستجابات والفترة الضوئية,BIO26-M13,تنظيم النبات وتكاثره,BIO26-S13-02,الانتحاءات والاستجابات والفترة الضوئية,تجميعات الأحياء 2026 — مفتاح الإجابة في PDF p.83,C,2,NOT_STARTED,,NOT_RUN,PRE_CROP_RANGE_FROZEN_V1
18,BIO26-L18,أحياء 2,الهرمونات واستجابة النبات,83,83,82,1,12,TAH-BIO-BIO26-L18-Q012,BIO26-PDF083-L18-S1-Q012,الانتحاءات والاستجابات والفترة الضوئية,BIO26-M13,تنظيم النبات وتكاثره,BIO26-S13-02,الانتحاءات والاستجابات والفترة الضوئية,تجميعات الأحياء 2026 — مفتاح الإجابة في PDF p.83,A,0,NOT_STARTED,,NOT_RUN,PRE_CROP_RANGE_FROZEN_V1
18,BIO26-L18,أحياء 2,الهرمونات واستجابة النبات,83,83,82,1,13,TAH-BIO-BIO26-L18-Q013,BIO26-PDF083-L18-S1-Q013,الانتحاءات والاستجابات والفترة الضوئية,BIO26-M13,تنظيم النبات وتكاثره,BIO26-S13-02,الانتحاءات والاستجابات والفترة الضوئية,تجميعات الأحياء 2026 — مفتاح الإجابة في PDF p.83,A,0,NOT_STARTED,,NOT_RUN,PRE_CROP_RANGE_FROZEN_V1
18,BIO26-L18,أحياء 2,الهرمونات واستجابة النبات,84,84,83,1,14,TAH-BIO-BIO26-L18-Q014,BIO26-PDF084-L18-S1-Q014,الانتحاءات والاستجابات والفترة الضوئية,BIO26-M13,تنظيم النبات وتكاثره,BIO26-S13-02,الانتحاءات والاستجابات والفترة الضوئية,تجميعات الأحياء 2026 — مفتاح الإجابة في PDF p.84,D,3,NOT_STARTED,,NOT_RUN,PRE_CROP_RANGE_FROZEN_V1
18,BIO26-L18,أحياء 2,الهرمونات واستجابة النبات,84,84,83,1,15,TAH-BIO-BIO26-L18-Q015,BIO26-PDF084-L18-S1-Q015,الانتحاءات والاستجابات والفترة الضوئية,BIO26-M13,تنظيم النبات وتكاثره,BIO26-S13-02,الانتحاءات والاستجابات والفترة الضوئية,تجميعات الأحياء 2026 — مفتاح الإجابة في PDF p.84,B,1,NOT_STARTED,,NOT_RUN,PRE_CROP_RANGE_FROZEN_V1
18,BIO26-L18,أحياء 2,الهرمونات واستجابة النبات,84,84,83,1,16,TAH-BIO-BIO26-L18-Q016,BIO26-PDF084-L18-S1-Q016,الانتحاءات والاستجابات والفترة الضوئية,BIO26-M13,تنظيم النبات وتكاثره,BIO26-S13-02,الانتحاءات والاستجابات والفترة الضوئية,تجميعات الأحياء 2026 — مفتاح الإجابة في PDF p.84,B,1,NOT_STARTED,,NOT_RUN,PRE_CROP_RANGE_FROZEN_V1
18,BIO26-L18,أحياء 2,الهرمونات واستجابة النبات,84,84,83,1,17,TAH-BIO-BIO26-L18-Q017,BIO26-PDF084-L18-S1-Q017,الانتحاءات والاستجابات والفترة الضوئية,BIO26-M13,تنظيم النبات وتكاثره,BIO26-S13-02,الانتحاءات والاستجابات والفترة الضوئية,تجميعات الأحياء 2026 — مفتاح الإجابة في PDF p.84,C,2,NOT_STARTED,,NOT_RUN,PRE_CROP_RANGE_FROZEN_V1
18,BIO26-L18,أحياء 2,الهرمونات واستجابة النبات,84,84,83,1,18,TAH-BIO-BIO26-L18-Q018,BIO26-PDF084-L18-S1-Q018,الانتحاءات والاستجابات والفترة الضوئية,BIO26-M13,تنظيم النبات وتكاثره,BIO26-S13-02,الانتحاءات والاستجابات والفترة الضوئية,تجميعات الأحياء 2026 — مفتاح الإجابة في PDF p.84,D,3,NOT_STARTED,,NOT_RUN,PRE_CROP_RANGE_FROZEN_V1
18,BIO26-L18,أحياء 2,الهرمونات واستجابة النبات,84,84,83,1,19,TAH-BIO-BIO26-L18-Q019,BIO26-PDF084-L18-S1-Q019,الانتحاءات والاستجابات والفترة الضوئية,BIO26-M13,تنظيم النبات وتكاثره,BIO26-S13-02,الانتحاءات والاستجابات والفترة الضوئية,تجميعات الأحياء 2026 — مفتاح الإجابة في PDF p.84,A,0,NOT_STARTED,,NOT_RUN,PRE_CROP_RANGE_FROZEN_V1
18,BIO26-L18,أحياء 2,الهرمونات واستجابة النبات,84,84,83,1,20,TAH-BIO-BIO26-L18-Q020,BIO26-PDF084-L18-S1-Q020,الانتحاءات والاستجابات والفترة الضوئية,BIO26-M13,تنظيم النبات وتكاثره,BIO26-S13-02,الانتحاءات والاستجابات والفترة الضوئية,تجميعات الأحياء 2026 — مفتاح الإجابة في PDF p.84,C,2,NOT_STARTED,,NOT_RUN,PRE_CROP_RANGE_FROZEN_V1
18,BIO26-L18,أحياء 2,الهرمونات واستجابة النبات,84,84,83,1,21,TAH-BIO-BIO26-L18-Q021,BIO26-PDF084-L18-S1-Q021,الانتحاءات والاستجابات والفترة الضوئية,BIO26-M13,تنظيم النبات وتكاثره,BIO26-S13-02,الانتحاءات والاستجابات والفترة الضوئية,تجميعات الأحياء 2026 — مفتاح الإجابة في PDF p.84,B,1,NOT_STARTED,,NOT_RUN,PRE_CROP_RANGE_FROZEN_V1
18,BIO26-L18,أحياء 2,الهرمونات واستجابة النبات,84,84,83,1,22,TAH-BIO-BIO26-L18-Q022,BIO26-PDF084-L18-S1-Q022,الانتحاءات والاستجابات والفترة الضوئية,BIO26-M13,تنظيم النبات وتكاثره,BIO26-S13-02,الانتحاءات والاستجابات والفترة الضوئية,تجميعات الأحياء 2026 — مفتاح الإجابة في PDF p.84,D,3,NOT_STARTED,,NOT_RUN,PRE_CROP_RANGE_FROZEN_V1
18,BIO26-L18,أحياء 2,الهرمونات واستجابة النبات,84,84,83,1,23,TAH-BIO-BIO26-L18-Q023,BIO26-PDF084-L18-S1-Q023,الانتحاءات والاستجابات والفترة الضوئية,BIO26-M13,تنظيم النبات وتكاثره,BIO26-S13-02,الانتحاءات والاستجابات والفترة الضوئية,تجميعات الأحياء 2026 — مفتاح الإجابة في PDF p.84,B,1,NOT_STARTED,,NOT_RUN,PRE_CROP_RANGE_FROZEN_V1
18,BIO26-L18,أحياء 2,الهرمونات واستجابة النبات,84,84,83,1,24,TAH-BIO-BIO26-L18-Q024,BIO26-PDF084-L18-S1-Q024,الانتحاءات والاستجابات والفترة الضوئية,BIO26-M13,تنظيم النبات وتكاثره,BIO26-S13-02,الانتحاءات والاستجابات والفترة الضوئية,تجميعات الأحياء 2026 — مفتاح الإجابة في PDF p.84,D,3,NOT_STARTED,,NOT_RUN,PRE_CROP_RANGE_FROZEN_V1
18,BIO26-L18,أحياء 2,الهرمونات واستجابة النبات,85,85,84,1,25,TAH-BIO-BIO26-L18-Q025,BIO26-PDF085-L18-S1-Q025,الانتحاءات والاستجابات والفترة الضوئية,BIO26-M13,تنظيم النبات وتكاثره,BIO26-S13-02,الانتحاءات والاستجابات والفترة الضوئية,تجميعات الأحياء 2026 — مفتاح الإجابة في PDF p.85,B,1,NOT_STARTED,,NOT_RUN,PRE_CROP_RANGE_FROZEN_V1
18,BIO26-L18,أحياء 2,الهرمونات واستجابة النبات,85,85,84,1,26,TAH-BIO-BIO26-L18-Q026,BIO26-PDF085-L18-S1-Q026,الانتحاءات والاستجابات والفترة الضوئية,BIO26-M13,تنظيم النبات وتكاثره,BIO26-S13-02,الانتحاءات والاستجابات والفترة الضوئية,تجميعات الأحياء 2026 — مفتاح الإجابة في PDF p.85,B,1,NOT_STARTED,,NOT_RUN,PRE_CROP_RANGE_FROZEN_V1
18,BIO26-L18,أحياء 2,الهرمونات واستجابة النبات,86,86,85,2,27,TAH-BIO-BIO26-L18-Q027,BIO26-PDF086-L18-S2-Q027,الهرمونات النباتية ووظائفها,BIO26-M13,تنظيم النبات وتكاثره,BIO26-S13-01,الهرمونات النباتية ووظائفها,تجميعات الأحياء 2026 — مفتاح الإجابة في PDF p.86,A,0,NOT_STARTED,,NOT_RUN,PRE_CROP_RANGE_FROZEN_V1
18,BIO26-L18,أحياء 2,الهرمونات واستجابة النبات,86,86,85,2,28,TAH-BIO-BIO26-L18-Q028,BIO26-PDF086-L18-S2-Q028,الهرمونات النباتية ووظائفها,BIO26-M13,تنظيم النبات وتكاثره,BIO26-S13-01,الهرمونات النباتية ووظائفها,تجميعات الأحياء 2026 — مفتاح الإجابة في PDF p.86,D,3,NOT_STARTED,,NOT_RUN,PRE_CROP_RANGE_FROZEN_V1
18,BIO26-L18,أحياء 2,الهرمونات واستجابة النبات,86,86,85,2,29,TAH-BIO-BIO26-L18-Q029,BIO26-PDF086-L18-S2-Q029,الهرمونات النباتية ووظائفها,BIO26-M13,تنظيم النبات وتكاثره,BIO26-S13-01,الهرمونات النباتية ووظائفها,تجميعات الأحياء 2026 — مفتاح الإجابة في PDF p.86,A,0,NOT_STARTED,,NOT_RUN,PRE_CROP_RANGE_FROZEN_V1
18,BIO26-L18,أحياء 2,الهرمونات واستجابة النبات,86,86,85,2,30,TAH-BIO-BIO26-L18-Q030,BIO26-PDF086-L18-S2-Q030,الهرمونات النباتية ووظائفها,BIO26-M13,تنظيم النبات وتكاثره,BIO26-S13-01,الهرمونات النباتية ووظائفها,تجميعات الأحياء 2026 — مفتاح الإجابة في PDF p.86,C,2,NOT_STARTED,,NOT_RUN,PRE_CROP_RANGE_FROZEN_V1
18,BIO26-L18,أحياء 2,الهرمونات واستجابة النبات,86,86,85,2,31,TAH-BIO-BIO26-L18-Q031,BIO26-PDF086-L18-S2-Q031,الهرمونات النباتية ووظائفها,BIO26-M13,تنظيم النبات وتكاثره,BIO26-S13-01,الهرمونات النباتية ووظائفها,تجميعات الأحياء 2026 — مفتاح الإجابة في PDF p.86,B,1,NOT_STARTED,,NOT_RUN,PRE_CROP_RANGE_FROZEN_V1
18,BIO26-L18,أحياء 2,الهرمونات واستجابة النبات,86,86,85,2,32,TAH-BIO-BIO26-L18-Q032,BIO26-PDF086-L18-S2-Q032,الهرمونات النباتية ووظائفها,BIO26-M13,تنظيم النبات وتكاثره,BIO26-S13-01,الهرمونات النباتية ووظائفها,تجميعات الأحياء 2026 — مفتاح الإجابة في PDF p.86,A,0,NOT_STARTED,,NOT_RUN,PRE_CROP_RANGE_FROZEN_V1
18,BIO26-L18,أحياء 2,الهرمونات واستجابة النبات,86,86,85,2,33,TAH-BIO-BIO26-L18-Q033,BIO26-PDF086-L18-S2-Q033,الانتحاءات والاستجابات والفترة الضوئية,BIO26-M13,تنظيم النبات وتكاثره,BIO26-S13-02,الانتحاءات والاستجابات والفترة الضوئية,تجميعات الأحياء 2026 — مفتاح الإجابة في PDF p.86,D,3,NOT_STARTED,,NOT_RUN,PRE_CROP_RANGE_FROZEN_V1
18,BIO26-L18,أحياء 2,الهرمونات واستجابة النبات,86,86,85,2,34,TAH-BIO-BIO26-L18-Q034,BIO26-PDF086-L18-S2-Q034,الانتحاءات والاستجابات والفترة الضوئية,BIO26-M13,تنظيم النبات وتكاثره,BIO26-S13-02,الانتحاءات والاستجابات والفترة الضوئية,تجميعات الأحياء 2026 — مفتاح الإجابة في PDF p.86,D,3,NOT_STARTED,,NOT_RUN,PRE_CROP_RANGE_FROZEN_V1
18,BIO26-L18,أحياء 2,الهرمونات واستجابة النبات,86,86,85,2,35,TAH-BIO-BIO26-L18-Q035,BIO26-PDF086-L18-S2-Q035,الانتحاءات والاستجابات والفترة الضوئية,BIO26-M13,تنظيم النبات وتكاثره,BIO26-S13-02,الانتحاءات والاستجابات والفترة الضوئية,تجميعات الأحياء 2026 — مفتاح الإجابة في PDF p.86,B,1,NOT_STARTED,,NOT_RUN,PRE_CROP_RANGE_FROZEN_V1
19,BIO26-L19,أحياء 2,النباتات الزهرية وتكاثرها,87,87,86,1,1,TAH-BIO-BIO26-L19-Q001,BIO26-PDF087-L19-S1-Q001,الأزهار والتلقيح والإخصاب والبذور والثمار,BIO26-M13,تنظيم النبات وتكاثره,BIO26-S13-03,الأزهار والتلقيح والإخصاب والبذور والثمار,تجميعات الأحياء 2026 — مفتاح الإجابة في PDF p.87,A,0,NOT_STARTED,,NOT_RUN,PRE_CROP_RANGE_FROZEN_V1
19,BIO26-L19,أحياء 2,النباتات الزهرية وتكاثرها,87,87,86,1,2,TAH-BIO-BIO26-L19-Q002,BIO26-PDF087-L19-S1-Q002,الأزهار والتلقيح والإخصاب والبذور والثمار,BIO26-M13,تنظيم النبات وتكاثره,BIO26-S13-03,الأزهار والتلقيح والإخصاب والبذور والثمار,تجميعات الأحياء 2026 — مفتاح الإجابة في PDF p.87,A,0,NOT_STARTED,,NOT_RUN,PRE_CROP_RANGE_FROZEN_V1
19,BIO26-L19,أحياء 2,النباتات الزهرية وتكاثرها,87,87,86,1,3,TAH-BIO-BIO26-L19-Q003,BIO26-PDF087-L19-S1-Q003,الأزهار والتلقيح والإخصاب والبذور والثمار,BIO26-M13,تنظيم النبات وتكاثره,BIO26-S13-03,الأزهار والتلقيح والإخصاب والبذور والثمار,تجميعات الأحياء 2026 — مفتاح الإجابة في PDF p.87,D,3,NOT_STARTED,,NOT_RUN,PRE_CROP_RANGE_FROZEN_V1
19,BIO26-L19,أحياء 2,النباتات الزهرية وتكاثرها,87,87,86,1,4,TAH-BIO-BIO26-L19-Q004,BIO26-PDF087-L19-S1-Q004,الأزهار والتلقيح والإخصاب والبذور والثمار,BIO26-M13,تنظيم النبات وتكاثره,BIO26-S13-03,الأزهار والتلقيح والإخصاب والبذور والثمار,تجميعات الأحياء 2026 — مفتاح الإجابة في PDF p.87,D,3,NOT_STARTED,,NOT_RUN,PRE_CROP_RANGE_FROZEN_V1
19,BIO26-L19,أحياء 2,النباتات الزهرية وتكاثرها,87,87,86,1,5,TAH-BIO-BIO26-L19-Q005,BIO26-PDF087-L19-S1-Q005,الأزهار والتلقيح والإخصاب والبذور والثمار,BIO26-M13,تنظيم النبات وتكاثره,BIO26-S13-03,الأزهار والتلقيح والإخصاب والبذور والثمار,تجميعات الأحياء 2026 — مفتاح الإجابة في PDF p.87,C,2,NOT_STARTED,,NOT_RUN,PRE_CROP_RANGE_FROZEN_V1
19,BIO26-L19,أحياء 2,النباتات الزهرية وتكاثرها,87,87,86,1,6,TAH-BIO-BIO26-L19-Q006,BIO26-PDF087-L19-S1-Q006,الأزهار والتلقيح والإخصاب والبذور والثمار,BIO26-M13,تنظيم النبات وتكاثره,BIO26-S13-03,الأزهار والتلقيح والإخصاب والبذور والثمار,تجميعات الأحياء 2026 — مفتاح الإجابة في PDF p.87,C,2,NOT_STARTED,,NOT_RUN,PRE_CROP_RANGE_FROZEN_V1
19,BIO26-L19,أحياء 2,النباتات الزهرية وتكاثرها,87,87,86,1,7,TAH-BIO-BIO26-L19-Q007,BIO26-PDF087-L19-S1-Q007,الأزهار والتلقيح والإخصاب والبذور والثمار,BIO26-M13,تنظيم النبات وتكاثره,BIO26-S13-03,الأزهار والتلقيح والإخصاب والبذور والثمار,تجميعات الأحياء 2026 — مفتاح الإجابة في PDF p.87,D,3,NOT_STARTED,,NOT_RUN,PRE_CROP_RANGE_FROZEN_V1
19,BIO26-L19,أحياء 2,النباتات الزهرية وتكاثرها,87,87,86,1,8,TAH-BIO-BIO26-L19-Q008,BIO26-PDF087-L19-S1-Q008,الأزهار والتلقيح والإخصاب والبذور والثمار,BIO26-M13,تنظيم النبات وتكاثره,BIO26-S13-03,الأزهار والتلقيح والإخصاب والبذور والثمار,تجميعات الأحياء 2026 — مفتاح الإجابة في PDF p.87,B,1,NOT_STARTED,,NOT_RUN,PRE_CROP_RANGE_FROZEN_V1
19,BIO26-L19,أحياء 2,النباتات الزهرية وتكاثرها,87,87,86,1,9,TAH-BIO-BIO26-L19-Q009,BIO26-PDF087-L19-S1-Q009,الأزهار والتلقيح والإخصاب والبذور والثمار,BIO26-M13,تنظيم النبات وتكاثره,BIO26-S13-03,الأزهار والتلقيح والإخصاب والبذور والثمار,تجميعات الأحياء 2026 — مفتاح الإجابة في PDF p.87,B,1,NOT_STARTED,,NOT_RUN,PRE_CROP_RANGE_FROZEN_V1
19,BIO26-L19,أحياء 2,النباتات الزهرية وتكاثرها,87,87,86,1,10,TAH-BIO-BIO26-L19-Q010,BIO26-PDF087-L19-S1-Q010,الأزهار والتلقيح والإخصاب والبذور والثمار,BIO26-M13,تنظيم النبات وتكاثره,BIO26-S13-03,الأزهار والتلقيح والإخصاب والبذور والثمار,تجميعات الأحياء 2026 — مفتاح الإجابة في PDF p.87,D,3,NOT_STARTED,,NOT_RUN,PRE_CROP_RANGE_FROZEN_V1
19,BIO26-L19,أحياء 2,النباتات الزهرية وتكاثرها,87,87,86,1,11,TAH-BIO-BIO26-L19-Q011,BIO26-PDF087-L19-S1-Q011,الأزهار والتلقيح والإخصاب والبذور والثمار,BIO26-M13,تنظيم النبات وتكاثره,BIO26-S13-03,الأزهار والتلقيح والإخصاب والبذور والثمار,تجميعات الأحياء 2026 — مفتاح الإجابة في PDF p.87,B,1,NOT_STARTED,,NOT_RUN,PRE_CROP_RANGE_FROZEN_V1
19,BIO26-L19,أحياء 2,النباتات الزهرية وتكاثرها,87,87,86,1,12,TAH-BIO-BIO26-L19-Q012,BIO26-PDF087-L19-S1-Q012,الأزهار والتلقيح والإخصاب والبذور والثمار,BIO26-M13,تنظيم النبات وتكاثره,BIO26-S13-03,الأزهار والتلقيح والإخصاب والبذور والثمار,تجميعات الأحياء 2026 — مفتاح الإجابة في PDF p.87,A,0,NOT_STARTED,,NOT_RUN,PRE_CROP_RANGE_FROZEN_V1
19,BIO26-L19,أحياء 2,النباتات الزهرية وتكاثرها,87,87,86,1,13,TAH-BIO-BIO26-L19-Q013,BIO26-PDF087-L19-S1-Q013,الأزهار والتلقيح والإخصاب والبذور والثمار,BIO26-M13,تنظيم النبات وتكاثره,BIO26-S13-03,الأزهار والتلقيح والإخصاب والبذور والثمار,تجميعات الأحياء 2026 — مفتاح الإجابة في PDF p.87,C,2,NOT_STARTED,,NOT_RUN,PRE_CROP_RANGE_FROZEN_V1
19,BIO26-L19,أحياء 2,النباتات الزهرية وتكاثرها,87,87,86,1,14,TAH-BIO-BIO26-L19-Q014,BIO26-PDF087-L19-S1-Q014,الأزهار والتلقيح والإخصاب والبذور والثمار,BIO26-M13,تنظيم النبات وتكاثره,BIO26-S13-03,الأزهار والتلقيح والإخصاب والبذور والثمار,تجميعات الأحياء 2026 — مفتاح الإجابة في PDF p.87,A,0,NOT_STARTED,,NOT_RUN,PRE_CROP_RANGE_FROZEN_V1
19,BIO26-L19,أحياء 2,النباتات الزهرية وتكاثرها,87,87,86,1,15,TAH-BIO-BIO26-L19-Q015,BIO26-PDF087-L19-S1-Q015,الأزهار والتلقيح والإخصاب والبذور والثمار,BIO26-M13,تنظيم النبات وتكاثره,BIO26-S13-03,الأزهار والتلقيح والإخصاب والبذور والثمار,تجميعات الأحياء 2026 — مفتاح الإجابة في PDF p.87,C,2,NOT_STARTED,,NOT_RUN,PRE_CROP_RANGE_FROZEN_V1
19,BIO26-L19,أحياء 2,النباتات الزهرية وتكاثرها,87,87,86,1,16,TAH-BIO-BIO26-L19-Q016,BIO26-PDF087-L19-S1-Q016,الأزهار والتلقيح والإخصاب والبذور والثمار,BIO26-M13,تنظيم النبات وتكاثره,BIO26-S13-03,الأزهار والتلقيح والإخصاب والبذور والثمار,تجميعات الأحياء 2026 — مفتاح الإجابة في PDF p.87,D,3,NOT_STARTED,,NOT_RUN,PRE_CROP_RANGE_FROZEN_V1
19,BIO26-L19,أحياء 2,النباتات الزهرية وتكاثرها,87,87,86,1,17,TAH-BIO-BIO26-L19-Q017,BIO26-PDF087-L19-S1-Q017,الأزهار والتلقيح والإخصاب والبذور والثمار,BIO26-M13,تنظيم النبات وتكاثره,BIO26-S13-03,الأزهار والتلقيح والإخصاب والبذور والثمار,تجميعات الأحياء 2026 — مفتاح الإجابة في PDF p.87,B,1,NOT_STARTED,,NOT_RUN,PRE_CROP_RANGE_FROZEN_V1
19,BIO26-L19,أحياء 2,النباتات الزهرية وتكاثرها,88,88,87,1,18,TAH-BIO-BIO26-L19-Q018,BIO26-PDF088-L19-S1-Q018,الأزهار والتلقيح والإخصاب والبذور والثمار,BIO26-M13,تنظيم النبات وتكاثره,BIO26-S13-03,الأزهار والتلقيح والإخصاب والبذور والثمار,تجميعات الأحياء 2026 — مفتاح الإجابة في PDF p.88,D,3,NOT_STARTED,,NOT_RUN,PRE_CROP_RANGE_FROZEN_V1
19,BIO26-L19,أحياء 2,النباتات الزهرية وتكاثرها,88,88,87,1,19,TAH-BIO-BIO26-L19-Q019,BIO26-PDF088-L19-S1-Q019,الأزهار والتلقيح والإخصاب والبذور والثمار,BIO26-M13,تنظيم النبات وتكاثره,BIO26-S13-03,الأزهار والتلقيح والإخصاب والبذور والثمار,تجميعات الأحياء 2026 — مفتاح الإجابة في PDF p.88,B,1,NOT_STARTED,,NOT_RUN,PRE_CROP_RANGE_FROZEN_V1
19,BIO26-L19,أحياء 2,النباتات الزهرية وتكاثرها,88,88,87,1,20,TAH-BIO-BIO26-L19-Q020,BIO26-PDF088-L19-S1-Q020,الأزهار والتلقيح والإخصاب والبذور والثمار,BIO26-M13,تنظيم النبات وتكاثره,BIO26-S13-03,الأزهار والتلقيح والإخصاب والبذور والثمار,تجميعات الأحياء 2026 — مفتاح الإجابة في PDF p.88,C,2,NOT_STARTED,,NOT_RUN,PRE_CROP_RANGE_FROZEN_V1
19,BIO26-L19,أحياء 2,النباتات الزهرية وتكاثرها,88,88,87,1,21,TAH-BIO-BIO26-L19-Q021,BIO26-PDF088-L19-S1-Q021,الأزهار والتلقيح والإخصاب والبذور والثمار,BIO26-M13,تنظيم النبات وتكاثره,BIO26-S13-03,الأزهار والتلقيح والإخصاب والبذور والثمار,تجميعات الأحياء 2026 — مفتاح الإجابة في PDF p.88,A,0,NOT_STARTED,,NOT_RUN,PRE_CROP_RANGE_FROZEN_V1
19,BIO26-L19,أحياء 2,النباتات الزهرية وتكاثرها,88,88,87,1,22,TAH-BIO-BIO26-L19-Q022,BIO26-PDF088-L19-S1-Q022,الأزهار والتلقيح والإخصاب والبذور والثمار,BIO26-M13,تنظيم النبات وتكاثره,BIO26-S13-03,الأزهار والتلقيح والإخصاب والبذور والثمار,تجميعات الأحياء 2026 — مفتاح الإجابة في PDF p.88,B,1,NOT_STARTED,,NOT_RUN,PRE_CROP_RANGE_FROZEN_V1
19,BIO26-L19,أحياء 2,النباتات الزهرية وتكاثرها,88,88,87,1,23,TAH-BIO-BIO26-L19-Q023,BIO26-PDF088-L19-S1-Q023,الأزهار والتلقيح والإخصاب والبذور والثمار,BIO26-M13,تنظيم النبات وتكاثره,BIO26-S13-03,الأزهار والتلقيح والإخصاب والبذور والثمار,تجميعات الأحياء 2026 — مفتاح الإجابة في PDF p.88,B,1,NOT_STARTED,,NOT_RUN,PRE_CROP_RANGE_FROZEN_V1
19,BIO26-L19,أحياء 2,النباتات الزهرية وتكاثرها,88,88,87,1,24,TAH-BIO-BIO26-L19-Q024,BIO26-PDF088-L19-S1-Q024,الأزهار والتلقيح والإخصاب والبذور والثمار,BIO26-M13,تنظيم النبات وتكاثره,BIO26-S13-03,الأزهار والتلقيح والإخصاب والبذور والثمار,تجميعات الأحياء 2026 — مفتاح الإجابة في PDF p.88,B,1,NOT_STARTED,,NOT_RUN,PRE_CROP_RANGE_FROZEN_V1
19,BIO26-L19,أحياء 2,النباتات الزهرية وتكاثرها,88,88,87,1,25,TAH-BIO-BIO26-L19-Q025,BIO26-PDF088-L19-S1-Q025,الأزهار والتلقيح والإخصاب والبذور والثمار,BIO26-M13,تنظيم النبات وتكاثره,BIO26-S13-03,الأزهار والتلقيح والإخصاب والبذور والثمار,تجميعات الأحياء 2026 — مفتاح الإجابة في PDF p.88,B,1,NOT_STARTED,,NOT_RUN,PRE_CROP_RANGE_FROZEN_V1
19,BIO26-L19,أحياء 2,النباتات الزهرية وتكاثرها,88,88,87,1,26,TAH-BIO-BIO26-L19-Q026,BIO26-PDF088-L19-S1-Q026,الأزهار والتلقيح والإخصاب والبذور والثمار,BIO26-M13,تنظيم النبات وتكاثره,BIO26-S13-03,الأزهار والتلقيح والإخصاب والبذور والثمار,تجميعات الأحياء 2026 — مفتاح الإجابة في PDF p.88,B,1,NOT_STARTED,,NOT_RUN,PRE_CROP_RANGE_FROZEN_V1
19,BIO26-L19,أحياء 2,النباتات الزهرية وتكاثرها,88,88,87,1,27,TAH-BIO-BIO26-L19-Q027,BIO26-PDF088-L19-S1-Q027,الأزهار والتلقيح والإخصاب والبذور والثمار,BIO26-M13,تنظيم النبات وتكاثره,BIO26-S13-03,الأزهار والتلقيح والإخصاب والبذور والثمار,تجميعات الأحياء 2026 — مفتاح الإجابة في PDF p.88,A,0,NOT_STARTED,,NOT_RUN,PRE_CROP_RANGE_FROZEN_V1
19,BIO26-L19,أحياء 2,النباتات الزهرية وتكاثرها,88,88,87,1,28,TAH-BIO-BIO26-L19-Q028,BIO26-PDF088-L19-S1-Q028,الأزهار والتلقيح والإخصاب والبذور والثمار,BIO26-M13,تنظيم النبات وتكاثره,BIO26-S13-03,الأزهار والتلقيح والإخصاب والبذور والثمار,تجميعات الأحياء 2026 — مفتاح الإجابة في PDF p.88,B,1,NOT_STARTED,,NOT_RUN,PRE_CROP_RANGE_FROZEN_V1
19,BIO26-L19,أحياء 2,النباتات الزهرية وتكاثرها,89,89,88,1,29,TAH-BIO-BIO26-L19-Q029,BIO26-PDF089-L19-S1-Q029,الأزهار والتلقيح والإخصاب والبذور والثمار,BIO26-M13,تنظيم النبات وتكاثره,BIO26-S13-03,الأزهار والتلقيح والإخصاب والبذور والثمار,تجميعات الأحياء 2026 — مفتاح الإجابة في PDF p.89,D,3,NOT_STARTED,,NOT_RUN,PRE_CROP_RANGE_FROZEN_V1
19,BIO26-L19,أحياء 2,النباتات الزهرية وتكاثرها,89,89,88,1,30,TAH-BIO-BIO26-L19-Q030,BIO26-PDF089-L19-S1-Q030,الأزهار والتلقيح والإخصاب والبذور والثمار,BIO26-M13,تنظيم النبات وتكاثره,BIO26-S13-03,الأزهار والتلقيح والإخصاب والبذور والثمار,تجميعات الأحياء 2026 — مفتاح الإجابة في PDF p.89,A,0,NOT_STARTED,,NOT_RUN,PRE_CROP_RANGE_FROZEN_V1
19,BIO26-L19,أحياء 2,النباتات الزهرية وتكاثرها,89,89,88,1,31,TAH-BIO-BIO26-L19-Q031,BIO26-PDF089-L19-S1-Q031,الأزهار والتلقيح والإخصاب والبذور والثمار,BIO26-M13,تنظيم النبات وتكاثره,BIO26-S13-03,الأزهار والتلقيح والإخصاب والبذور والثمار,تجميعات الأحياء 2026 — مفتاح الإجابة في PDF p.89,C,2,NOT_STARTED,,NOT_RUN,PRE_CROP_RANGE_FROZEN_V1
19,BIO26-L19,أحياء 2,النباتات الزهرية وتكاثرها,89,89,88,1,32,TAH-BIO-BIO26-L19-Q032,BIO26-PDF089-L19-S1-Q032,الأزهار والتلقيح والإخصاب والبذور والثمار,BIO26-M13,تنظيم النبات وتكاثره,BIO26-S13-03,الأزهار والتلقيح والإخصاب والبذور والثمار,تجميعات الأحياء 2026 — مفتاح الإجابة في PDF p.89,A,0,NOT_STARTED,,NOT_RUN,PRE_CROP_RANGE_FROZEN_V1
19,BIO26-L19,أحياء 2,النباتات الزهرية وتكاثرها,89,89,88,1,33,TAH-BIO-BIO26-L19-Q033,BIO26-PDF089-L19-S1-Q033,الأزهار والتلقيح والإخصاب والبذور والثمار,BIO26-M13,تنظيم النبات وتكاثره,BIO26-S13-03,الأزهار والتلقيح والإخصاب والبذور والثمار,تجميعات الأحياء 2026 — مفتاح الإجابة في PDF p.89,C,2,NOT_STARTED,,NOT_RUN,PRE_CROP_RANGE_FROZEN_V1
19,BIO26-L19,أحياء 2,النباتات الزهرية وتكاثرها,89,89,88,1,34,TAH-BIO-BIO26-L19-Q034,BIO26-PDF089-L19-S1-Q034,الأزهار والتلقيح والإخصاب والبذور والثمار,BIO26-M13,تنظيم النبات وتكاثره,BIO26-S13-03,الأزهار والتلقيح والإخصاب والبذور والثمار,تجميعات الأحياء 2026 — مفتاح الإجابة في PDF p.89,A,0,NOT_STARTED,,NOT_RUN,PRE_CROP_RANGE_FROZEN_V1
19,BIO26-L19,أحياء 2,النباتات الزهرية وتكاثرها,89,89,88,1,35,TAH-BIO-BIO26-L19-Q035,BIO26-PDF089-L19-S1-Q035,الأزهار والتلقيح والإخصاب والبذور والثمار,BIO26-M13,تنظيم النبات وتكاثره,BIO26-S13-03,الأزهار والتلقيح والإخصاب والبذور والثمار,تجميعات الأحياء 2026 — مفتاح الإجابة في PDF p.89,C,2,NOT_STARTED,,NOT_RUN,PRE_CROP_RANGE_FROZEN_V1
19,BIO26-L19,أحياء 2,النباتات الزهرية وتكاثرها,89,89,88,1,36,TAH-BIO-BIO26-L19-Q036,BIO26-PDF089-L19-S1-Q036,الأزهار والتلقيح والإخصاب والبذور والثمار,BIO26-M13,تنظيم النبات وتكاثره,BIO26-S13-03,الأزهار والتلقيح والإخصاب والبذور والثمار,تجميعات الأحياء 2026 — مفتاح الإجابة في PDF p.89,C,2,NOT_STARTED,,NOT_RUN,PRE_CROP_RANGE_FROZEN_V1
19,BIO26-L19,أحياء 2,النباتات الزهرية وتكاثرها,89,89,88,1,37,TAH-BIO-BIO26-L19-Q037,BIO26-PDF089-L19-S1-Q037,الأزهار والتلقيح والإخصاب والبذور والثمار,BIO26-M13,تنظيم النبات وتكاثره,BIO26-S13-03,الأزهار والتلقيح والإخصاب والبذور والثمار,تجميعات الأحياء 2026 — مفتاح الإجابة في PDF p.89,D,3,NOT_STARTED,,NOT_RUN,PRE_CROP_RANGE_FROZEN_V1
19,BIO26-L19,أحياء 2,النباتات الزهرية وتكاثرها,89,89,88,1,38,TAH-BIO-BIO26-L19-Q038,BIO26-PDF089-L19-S1-Q038,الأزهار والتلقيح والإخصاب والبذور والثمار,BIO26-M13,تنظيم النبات وتكاثره,BIO26-S13-03,الأزهار والتلقيح والإخصاب والبذور والثمار,تجميعات الأحياء 2026 — مفتاح الإجابة في PDF p.89,C,2,NOT_STARTED,,NOT_RUN,PRE_CROP_RANGE_FROZEN_V1
19,BIO26-L19,أحياء 2,النباتات الزهرية وتكاثرها,89,89,88,1,39,TAH-BIO-BIO26-L19-Q039,BIO26-PDF089-L19-S1-Q039,الأزهار والتلقيح والإخصاب والبذور والثمار,BIO26-M13,تنظيم النبات وتكاثره,BIO26-S13-03,الأزهار والتلقيح والإخصاب والبذور والثمار,تجميعات الأحياء 2026 — مفتاح الإجابة في PDF p.89,A,0,NOT_STARTED,,NOT_RUN,PRE_CROP_RANGE_FROZEN_V1
19,BIO26-L19,أحياء 2,النباتات الزهرية وتكاثرها,90,90,89,2,40,TAH-BIO-BIO26-L19-Q040,BIO26-PDF090-L19-S2-Q040,الأزهار والتلقيح والإخصاب والبذور والثمار,BIO26-M13,تنظيم النبات وتكاثره,BIO26-S13-03,الأزهار والتلقيح والإخصاب والبذور والثمار,تجميعات الأحياء 2026 — مفتاح الإجابة في PDF p.90,C,2,NOT_STARTED,,NOT_RUN,PRE_CROP_RANGE_FROZEN_V1
19,BIO26-L19,أحياء 2,النباتات الزهرية وتكاثرها,90,90,89,2,41,TAH-BIO-BIO26-L19-Q041,BIO26-PDF090-L19-S2-Q041,الأزهار والتلقيح والإخصاب والبذور والثمار,BIO26-M13,تنظيم النبات وتكاثره,BIO26-S13-03,الأزهار والتلقيح والإخصاب والبذور والثمار,تجميعات الأحياء 2026 — مفتاح الإجابة في PDF p.90,D,3,NOT_STARTED,,NOT_RUN,PRE_CROP_RANGE_FROZEN_V1
19,BIO26-L19,أحياء 2,النباتات الزهرية وتكاثرها,90,90,89,2,42,TAH-BIO-BIO26-L19-Q042,BIO26-PDF090-L19-S2-Q042,الأزهار والتلقيح والإخصاب والبذور والثمار,BIO26-M13,تنظيم النبات وتكاثره,BIO26-S13-03,الأزهار والتلقيح والإخصاب والبذور والثمار,تجميعات الأحياء 2026 — مفتاح الإجابة في PDF p.90,A,0,NOT_STARTED,,NOT_RUN,PRE_CROP_RANGE_FROZEN_V1
19,BIO26-L19,أحياء 2,النباتات الزهرية وتكاثرها,90,90,89,2,43,TAH-BIO-BIO26-L19-Q043,BIO26-PDF090-L19-S2-Q043,الأزهار والتلقيح والإخصاب والبذور والثمار,BIO26-M13,تنظيم النبات وتكاثره,BIO26-S13-03,الأزهار والتلقيح والإخصاب والبذور والثمار,تجميعات الأحياء 2026 — مفتاح الإجابة في PDF p.90,A,0,NOT_STARTED,,NOT_RUN,PRE_CROP_RANGE_FROZEN_V1
19,BIO26-L19,أحياء 2,النباتات الزهرية وتكاثرها,90,90,89,2,44,TAH-BIO-BIO26-L19-Q044,BIO26-PDF090-L19-S2-Q044,الأزهار والتلقيح والإخصاب والبذور والثمار,BIO26-M13,تنظيم النبات وتكاثره,BIO26-S13-03,الأزهار والتلقيح والإخصاب والبذور والثمار,تجميعات الأحياء 2026 — مفتاح الإجابة في PDF p.90,B,1,NOT_STARTED,,NOT_RUN,PRE_CROP_RANGE_FROZEN_V1
19,BIO26-L19,أحياء 2,النباتات الزهرية وتكاثرها,90,90,89,2,45,TAH-BIO-BIO26-L19-Q045,BIO26-PDF090-L19-S2-Q045,الأزهار والتلقيح والإخصاب والبذور والثمار,BIO26-M13,تنظيم النبات وتكاثره,BIO26-S13-03,الأزهار والتلقيح والإخصاب والبذور والثمار,تجميعات الأحياء 2026 — مفتاح الإجابة في PDF p.90,A,0,NOT_STARTED,,NOT_RUN,PRE_CROP_RANGE_FROZEN_V1
19,BIO26-L19,أحياء 2,النباتات الزهرية وتكاثرها,90,90,89,2,46,TAH-BIO-BIO26-L19-Q046,BIO26-PDF090-L19-S2-Q046,الأزهار والتلقيح والإخصاب والبذور والثمار,BIO26-M13,تنظيم النبات وتكاثره,BIO26-S13-03,الأزهار والتلقيح والإخصاب والبذور والثمار,تجميعات الأحياء 2026 — مفتاح الإجابة في PDF p.90,B,1,NOT_STARTED,,NOT_RUN,PRE_CROP_RANGE_FROZEN_V1
19,BIO26-L19,أحياء 2,النباتات الزهرية وتكاثرها,90,90,89,2,47,TAH-BIO-BIO26-L19-Q047,BIO26-PDF090-L19-S2-Q047,الأزهار والتلقيح والإخصاب والبذور والثمار,BIO26-M13,تنظيم النبات وتكاثره,BIO26-S13-03,الأزهار والتلقيح والإخصاب والبذور والثمار,تجميعات الأحياء 2026 — مفتاح الإجابة في PDF p.90,A,0,NOT_STARTED,,NOT_RUN,PRE_CROP_RANGE_FROZEN_V1
19,BIO26-L19,أحياء 2,النباتات الزهرية وتكاثرها,90,90,89,2,48,TAH-BIO-BIO26-L19-Q048,BIO26-PDF090-L19-S2-Q048,الأزهار والتلقيح والإخصاب والبذور والثمار,BIO26-M13,تنظيم النبات وتكاثره,BIO26-S13-03,الأزهار والتلقيح والإخصاب والبذور والثمار,تجميعات الأحياء 2026 — مفتاح الإجابة في PDF p.90,D,3,NOT_STARTED,,NOT_RUN,PRE_CROP_RANGE_FROZEN_V1
19,BIO26-L19,أحياء 2,النباتات الزهرية وتكاثرها,90,90,89,2,49,TAH-BIO-BIO26-L19-Q049,BIO26-PDF090-L19-S2-Q049,الأزهار والتلقيح والإخصاب والبذور والثمار,BIO26-M13,تنظيم النبات وتكاثره,BIO26-S13-03,الأزهار والتلقيح والإخصاب والبذور والثمار,تجميعات الأحياء 2026 — مفتاح الإجابة في PDF p.90,C,2,NOT_STARTED,,NOT_RUN,PRE_CROP_RANGE_FROZEN_V1
19,BIO26-L19,أحياء 2,النباتات الزهرية وتكاثرها,90,90,89,2,50,TAH-BIO-BIO26-L19-Q050,BIO26-PDF090-L19-S2-Q050,الأزهار والتلقيح والإخصاب والبذور والثمار,BIO26-M13,تنظيم النبات وتكاثره,BIO26-S13-03,الأزهار والتلقيح والإخصاب والبذور والثمار,تجميعات الأحياء 2026 — مفتاح الإجابة في PDF p.90,A,0,NOT_STARTED,,NOT_RUN,PRE_CROP_RANGE_FROZEN_V1
19,BIO26-L19,أحياء 2,النباتات الزهرية وتكاثرها,90,90,89,2,51,TAH-BIO-BIO26-L19-Q051,BIO26-PDF090-L19-S2-Q051,الأزهار والتلقيح والإخصاب والبذور والثمار,BIO26-M13,تنظيم النبات وتكاثره,BIO26-S13-03,الأزهار والتلقيح والإخصاب والبذور والثمار,تجميعات الأحياء 2026 — مفتاح الإجابة في PDF p.90,B,1,NOT_STARTED,,NOT_RUN,PRE_CROP_RANGE_FROZEN_V1
20,BIO26-L20,أحياء 3,الجهاز الهيكلي,92,92,91,1,1,TAH-BIO-BIO26-L20-Q001,BIO26-PDF092-L20-S1-Q001,الجهاز الهيكلي: العظام والمفاصل والوظائف والأمراض,BIO26-M14,الجهازان الهيكلي والعضلي,BIO26-S14-01,الجهاز الهيكلي: العظام والمفاصل والوظائف والأمراض,تجميعات الأحياء 2026 — مفتاح الإجابة في PDF p.92,B,1,NOT_STARTED,,NOT_RUN,PRE_CROP_RANGE_FROZEN_V1
20,BIO26-L20,أحياء 3,الجهاز الهيكلي,92,92,91,1,2,TAH-BIO-BIO26-L20-Q002,BIO26-PDF092-L20-S1-Q002,الجهاز الهيكلي: العظام والمفاصل والوظائف والأمراض,BIO26-M14,الجهازان الهيكلي والعضلي,BIO26-S14-01,الجهاز الهيكلي: العظام والمفاصل والوظائف والأمراض,تجميعات الأحياء 2026 — مفتاح الإجابة في PDF p.92,B,1,NOT_STARTED,,NOT_RUN,PRE_CROP_RANGE_FROZEN_V1
20,BIO26-L20,أحياء 3,الجهاز الهيكلي,92,92,91,1,3,TAH-BIO-BIO26-L20-Q003,BIO26-PDF092-L20-S1-Q003,الجهاز الهيكلي: العظام والمفاصل والوظائف والأمراض,BIO26-M14,الجهازان الهيكلي والعضلي,BIO26-S14-01,الجهاز الهيكلي: العظام والمفاصل والوظائف والأمراض,تجميعات الأحياء 2026 — مفتاح الإجابة في PDF p.92,C,2,NOT_STARTED,,NOT_RUN,PRE_CROP_RANGE_FROZEN_V1
20,BIO26-L20,أحياء 3,الجهاز الهيكلي,92,92,91,1,4,TAH-BIO-BIO26-L20-Q004,BIO26-PDF092-L20-S1-Q004,الجهاز الهيكلي: العظام والمفاصل والوظائف والأمراض,BIO26-M14,الجهازان الهيكلي والعضلي,BIO26-S14-01,الجهاز الهيكلي: العظام والمفاصل والوظائف والأمراض,تجميعات الأحياء 2026 — مفتاح الإجابة في PDF p.92,A,0,NOT_STARTED,,NOT_RUN,PRE_CROP_RANGE_FROZEN_V1
20,BIO26-L20,أحياء 3,الجهاز الهيكلي,92,92,91,1,5,TAH-BIO-BIO26-L20-Q005,BIO26-PDF092-L20-S1-Q005,الجهاز الهيكلي: العظام والمفاصل والوظائف والأمراض,BIO26-M14,الجهازان الهيكلي والعضلي,BIO26-S14-01,الجهاز الهيكلي: العظام والمفاصل والوظائف والأمراض,تجميعات الأحياء 2026 — مفتاح الإجابة في PDF p.92,B,1,NOT_STARTED,,NOT_RUN,PRE_CROP_RANGE_FROZEN_V1
20,BIO26-L20,أحياء 3,الجهاز الهيكلي,92,92,91,1,6,TAH-BIO-BIO26-L20-Q006,BIO26-PDF092-L20-S1-Q006,الجهاز الهيكلي: العظام والمفاصل والوظائف والأمراض,BIO26-M14,الجهازان الهيكلي والعضلي,BIO26-S14-01,الجهاز الهيكلي: العظام والمفاصل والوظائف والأمراض,تجميعات الأحياء 2026 — مفتاح الإجابة في PDF p.92,A,0,NOT_STARTED,,NOT_RUN,PRE_CROP_RANGE_FROZEN_V1
20,BIO26-L20,أحياء 3,الجهاز الهيكلي,92,92,91,1,7,TAH-BIO-BIO26-L20-Q007,BIO26-PDF092-L20-S1-Q007,الجهاز الهيكلي: العظام والمفاصل والوظائف والأمراض,BIO26-M14,الجهازان الهيكلي والعضلي,BIO26-S14-01,الجهاز الهيكلي: العظام والمفاصل والوظائف والأمراض,تجميعات الأحياء 2026 — مفتاح الإجابة في PDF p.92,C,2,NOT_STARTED,,NOT_RUN,PRE_CROP_RANGE_FROZEN_V1
20,BIO26-L20,أحياء 3,الجهاز الهيكلي,92,92,91,1,8,TAH-BIO-BIO26-L20-Q008,BIO26-PDF092-L20-S1-Q008,الجهاز الهيكلي: العظام والمفاصل والوظائف والأمراض,BIO26-M14,الجهازان الهيكلي والعضلي,BIO26-S14-01,الجهاز الهيكلي: العظام والمفاصل والوظائف والأمراض,تجميعات الأحياء 2026 — مفتاح الإجابة في PDF p.92,D,3,NOT_STARTED,,NOT_RUN,PRE_CROP_RANGE_FROZEN_V1
20,BIO26-L20,أحياء 3,الجهاز الهيكلي,92,92,91,1,9,TAH-BIO-BIO26-L20-Q009,BIO26-PDF092-L20-S1-Q009,الجهاز الهيكلي: العظام والمفاصل والوظائف والأمراض,BIO26-M14,الجهازان الهيكلي والعضلي,BIO26-S14-01,الجهاز الهيكلي: العظام والمفاصل والوظائف والأمراض,تجميعات الأحياء 2026 — مفتاح الإجابة في PDF p.92,C,2,NOT_STARTED,,NOT_RUN,PRE_CROP_RANGE_FROZEN_V1
20,BIO26-L20,أحياء 3,الجهاز الهيكلي,92,92,91,1,10,TAH-BIO-BIO26-L20-Q010,BIO26-PDF092-L20-S1-Q010,الجهاز الهيكلي: العظام والمفاصل والوظائف والأمراض,BIO26-M14,الجهازان الهيكلي والعضلي,BIO26-S14-01,الجهاز الهيكلي: العظام والمفاصل والوظائف والأمراض,تجميعات الأحياء 2026 — مفتاح الإجابة في PDF p.92,B,1,NOT_STARTED,,NOT_RUN,PRE_CROP_RANGE_FROZEN_V1
20,BIO26-L20,أحياء 3,الجهاز الهيكلي,92,92,91,1,11,TAH-BIO-BIO26-L20-Q011,BIO26-PDF092-L20-S1-Q011,الجهاز الهيكلي: العظام والمفاصل والوظائف والأمراض,BIO26-M14,الجهازان الهيكلي والعضلي,BIO26-S14-01,الجهاز الهيكلي: العظام والمفاصل والوظائف والأمراض,تجميعات الأحياء 2026 — مفتاح الإجابة في PDF p.92,B,1,NOT_STARTED,,NOT_RUN,PRE_CROP_RANGE_FROZEN_V1
20,BIO26-L20,أحياء 3,الجهاز الهيكلي,92,92,91,1,12,TAH-BIO-BIO26-L20-Q012,BIO26-PDF092-L20-S1-Q012,الجهاز الهيكلي: العظام والمفاصل والوظائف والأمراض,BIO26-M14,الجهازان الهيكلي والعضلي,BIO26-S14-01,الجهاز الهيكلي: العظام والمفاصل والوظائف والأمراض,تجميعات الأحياء 2026 — مفتاح الإجابة في PDF p.92,A,0,NOT_STARTED,,NOT_RUN,PRE_CROP_RANGE_FROZEN_V1
20,BIO26-L20,أحياء 3,الجهاز الهيكلي,92,92,91,1,13,TAH-BIO-BIO26-L20-Q013,BIO26-PDF092-L20-S1-Q013,الجهاز الهيكلي: العظام والمفاصل والوظائف والأمراض,BIO26-M14,الجهازان الهيكلي والعضلي,BIO26-S14-01,الجهاز الهيكلي: العظام والمفاصل والوظائف والأمراض,تجميعات الأحياء 2026 — مفتاح الإجابة في PDF p.92,B,1,NOT_STARTED,,NOT_RUN,PRE_CROP_RANGE_FROZEN_V1
20,BIO26-L20,أحياء 3,الجهاز الهيكلي,92,92,91,1,14,TAH-BIO-BIO26-L20-Q014,BIO26-PDF092-L20-S1-Q014,الجهاز الهيكلي: العظام والمفاصل والوظائف والأمراض,BIO26-M14,الجهازان الهيكلي والعضلي,BIO26-S14-01,الجهاز الهيكلي: العظام والمفاصل والوظائف والأمراض,تجميعات الأحياء 2026 — مفتاح الإجابة في PDF p.92,B,1,NOT_STARTED,,NOT_RUN,PRE_CROP_RANGE_FROZEN_V1
20,BIO26-L20,أحياء 3,الجهاز الهيكلي,92,92,91,1,15,TAH-BIO-BIO26-L20-Q015,BIO26-PDF092-L20-S1-Q015,الجهاز الهيكلي: العظام والمفاصل والوظائف والأمراض,BIO26-M14,الجهازان الهيكلي والعضلي,BIO26-S14-01,الجهاز الهيكلي: العظام والمفاصل والوظائف والأمراض,تجميعات الأحياء 2026 — مفتاح الإجابة في PDF p.92,D,3,NOT_STARTED,,NOT_RUN,PRE_CROP_RANGE_FROZEN_V1
20,BIO26-L20,أحياء 3,الجهاز الهيكلي,92,92,91,1,16,TAH-BIO-BIO26-L20-Q016,BIO26-PDF092-L20-S1-Q016,الجهاز الهيكلي: العظام والمفاصل والوظائف والأمراض,BIO26-M14,الجهازان الهيكلي والعضلي,BIO26-S14-01,الجهاز الهيكلي: العظام والمفاصل والوظائف والأمراض,تجميعات الأحياء 2026 — مفتاح الإجابة في PDF p.92,B,1,NOT_STARTED,,NOT_RUN,PRE_CROP_RANGE_FROZEN_V1
20,BIO26-L20,أحياء 3,الجهاز الهيكلي,92,92,91,1,17,TAH-BIO-BIO26-L20-Q017,BIO26-PDF092-L20-S1-Q017,الجهاز الهيكلي: العظام والمفاصل والوظائف والأمراض,BIO26-M14,الجهازان الهيكلي والعضلي,BIO26-S14-01,الجهاز الهيكلي: العظام والمفاصل والوظائف والأمراض,تجميعات الأحياء 2026 — مفتاح الإجابة في PDF p.92,C,2,NOT_STARTED,,NOT_RUN,PRE_CROP_RANGE_FROZEN_V1
20,BIO26-L20,أحياء 3,الجهاز الهيكلي,92,92,91,1,18,TAH-BIO-BIO26-L20-Q018,BIO26-PDF092-L20-S1-Q018,الجهاز الهيكلي: العظام والمفاصل والوظائف والأمراض,BIO26-M14,الجهازان الهيكلي والعضلي,BIO26-S14-01,الجهاز الهيكلي: العظام والمفاصل والوظائف والأمراض,تجميعات الأحياء 2026 — مفتاح الإجابة في PDF p.92,B,1,NOT_STARTED,,NOT_RUN,PRE_CROP_RANGE_FROZEN_V1
20,BIO26-L20,أحياء 3,الجهاز الهيكلي,93,93,92,1,19,TAH-BIO-BIO26-L20-Q019,BIO26-PDF093-L20-S1-Q019,الجهاز الهيكلي: العظام والمفاصل والوظائف والأمراض,BIO26-M14,الجهازان الهيكلي والعضلي,BIO26-S14-01,الجهاز الهيكلي: العظام والمفاصل والوظائف والأمراض,تجميعات الأحياء 2026 — مفتاح الإجابة في PDF p.93,D,3,NOT_STARTED,,NOT_RUN,PRE_CROP_RANGE_FROZEN_V1
20,BIO26-L20,أحياء 3,الجهاز الهيكلي,93,93,92,1,20,TAH-BIO-BIO26-L20-Q020,BIO26-PDF093-L20-S1-Q020,الجهاز الهيكلي: العظام والمفاصل والوظائف والأمراض,BIO26-M14,الجهازان الهيكلي والعضلي,BIO26-S14-01,الجهاز الهيكلي: العظام والمفاصل والوظائف والأمراض,تجميعات الأحياء 2026 — مفتاح الإجابة في PDF p.93,B,1,NOT_STARTED,,NOT_RUN,PRE_CROP_RANGE_FROZEN_V1
20,BIO26-L20,أحياء 3,الجهاز الهيكلي,93,93,92,1,21,TAH-BIO-BIO26-L20-Q021,BIO26-PDF093-L20-S1-Q021,الجهاز الهيكلي: العظام والمفاصل والوظائف والأمراض,BIO26-M14,الجهازان الهيكلي والعضلي,BIO26-S14-01,الجهاز الهيكلي: العظام والمفاصل والوظائف والأمراض,تجميعات الأحياء 2026 — مفتاح الإجابة في PDF p.93,A,0,NOT_STARTED,,NOT_RUN,PRE_CROP_RANGE_FROZEN_V1
20,BIO26-L20,أحياء 3,الجهاز الهيكلي,93,93,92,1,22,TAH-BIO-BIO26-L20-Q022,BIO26-PDF093-L20-S1-Q022,الجهاز الهيكلي: العظام والمفاصل والوظائف والأمراض,BIO26-M14,الجهازان الهيكلي والعضلي,BIO26-S14-01,الجهاز الهيكلي: العظام والمفاصل والوظائف والأمراض,تجميعات الأحياء 2026 — مفتاح الإجابة في PDF p.93,B,1,NOT_STARTED,,NOT_RUN,PRE_CROP_RANGE_FROZEN_V1
20,BIO26-L20,أحياء 3,الجهاز الهيكلي,93,93,92,1,23,TAH-BIO-BIO26-L20-Q023,BIO26-PDF093-L20-S1-Q023,الجهاز الهيكلي: العظام والمفاصل والوظائف والأمراض,BIO26-M14,الجهازان الهيكلي والعضلي,BIO26-S14-01,الجهاز الهيكلي: العظام والمفاصل والوظائف والأمراض,تجميعات الأحياء 2026 — مفتاح الإجابة في PDF p.93,C,2,NOT_STARTED,,NOT_RUN,PRE_CROP_RANGE_FROZEN_V1
20,BIO26-L20,أحياء 3,الجهاز الهيكلي,93,93,92,1,24,TAH-BIO-BIO26-L20-Q024,BIO26-PDF093-L20-S1-Q024,الجهاز الهيكلي: العظام والمفاصل والوظائف والأمراض,BIO26-M14,الجهازان الهيكلي والعضلي,BIO26-S14-01,الجهاز الهيكلي: العظام والمفاصل والوظائف والأمراض,تجميعات الأحياء 2026 — مفتاح الإجابة في PDF p.93,B,1,NOT_STARTED,,NOT_RUN,PRE_CROP_RANGE_FROZEN_V1
20,BIO26-L20,أحياء 3,الجهاز الهيكلي,93,93,92,1,25,TAH-BIO-BIO26-L20-Q025,BIO26-PDF093-L20-S1-Q025,الجهاز الهيكلي: العظام والمفاصل والوظائف والأمراض,BIO26-M14,الجهازان الهيكلي والعضلي,BIO26-S14-01,الجهاز الهيكلي: العظام والمفاصل والوظائف والأمراض,تجميعات الأحياء 2026 — مفتاح الإجابة في PDF p.93,C,2,NOT_STARTED,,NOT_RUN,PRE_CROP_RANGE_FROZEN_V1
20,BIO26-L20,أحياء 3,الجهاز الهيكلي,93,93,92,1,26,TAH-BIO-BIO26-L20-Q026,BIO26-PDF093-L20-S1-Q026,الجهاز الهيكلي: العظام والمفاصل والوظائف والأمراض,BIO26-M14,الجهازان الهيكلي والعضلي,BIO26-S14-01,الجهاز الهيكلي: العظام والمفاصل والوظائف والأمراض,تجميعات الأحياء 2026 — مفتاح الإجابة في PDF p.93,C,2,NOT_STARTED,,NOT_RUN,PRE_CROP_RANGE_FROZEN_V1
20,BIO26-L20,أحياء 3,الجهاز الهيكلي,93,93,92,1,27,TAH-BIO-BIO26-L20-Q027,BIO26-PDF093-L20-S1-Q027,الجهاز الهيكلي: العظام والمفاصل والوظائف والأمراض,BIO26-M14,الجهازان الهيكلي والعضلي,BIO26-S14-01,الجهاز الهيكلي: العظام والمفاصل والوظائف والأمراض,تجميعات الأحياء 2026 — مفتاح الإجابة في PDF p.93,C,2,NOT_STARTED,,NOT_RUN,PRE_CROP_RANGE_FROZEN_V1
20,BIO26-L20,أحياء 3,الجهاز الهيكلي,93,93,92,1,28,TAH-BIO-BIO26-L20-Q028,BIO26-PDF093-L20-S1-Q028,الجهاز الهيكلي: العظام والمفاصل والوظائف والأمراض,BIO26-M14,الجهازان الهيكلي والعضلي,BIO26-S14-01,الجهاز الهيكلي: العظام والمفاصل والوظائف والأمراض,تجميعات الأحياء 2026 — مفتاح الإجابة في PDF p.93,D,3,NOT_STARTED,,NOT_RUN,PRE_CROP_RANGE_FROZEN_V1
20,BIO26-L20,أحياء 3,الجهاز الهيكلي,93,93,92,1,29,TAH-BIO-BIO26-L20-Q029,BIO26-PDF093-L20-S1-Q029,الجهاز الهيكلي: العظام والمفاصل والوظائف والأمراض,BIO26-M14,الجهازان الهيكلي والعضلي,BIO26-S14-01,الجهاز الهيكلي: العظام والمفاصل والوظائف والأمراض,تجميعات الأحياء 2026 — مفتاح الإجابة في PDF p.93,C,2,NOT_STARTED,,NOT_RUN,PRE_CROP_RANGE_FROZEN_V1
20,BIO26-L20,أحياء 3,الجهاز الهيكلي,93,93,92,1,30,TAH-BIO-BIO26-L20-Q030,BIO26-PDF093-L20-S1-Q030,الجهاز الهيكلي: العظام والمفاصل والوظائف والأمراض,BIO26-M14,الجهازان الهيكلي والعضلي,BIO26-S14-01,الجهاز الهيكلي: العظام والمفاصل والوظائف والأمراض,تجميعات الأحياء 2026 — مفتاح الإجابة في PDF p.93,B,1,NOT_STARTED,,NOT_RUN,PRE_CROP_RANGE_FROZEN_V1
20,BIO26-L20,أحياء 3,الجهاز الهيكلي,93,93,92,1,31,TAH-BIO-BIO26-L20-Q031,BIO26-PDF093-L20-S1-Q031,الجهاز الهيكلي: العظام والمفاصل والوظائف والأمراض,BIO26-M14,الجهازان الهيكلي والعضلي,BIO26-S14-01,الجهاز الهيكلي: العظام والمفاصل والوظائف والأمراض,تجميعات الأحياء 2026 — مفتاح الإجابة في PDF p.93,A,0,NOT_STARTED,,NOT_RUN,PRE_CROP_RANGE_FROZEN_V1
20,BIO26-L20,أحياء 3,الجهاز الهيكلي,93,93,92,1,32,TAH-BIO-BIO26-L20-Q032,BIO26-PDF093-L20-S1-Q032,الجهاز الهيكلي: العظام والمفاصل والوظائف والأمراض,BIO26-M14,الجهازان الهيكلي والعضلي,BIO26-S14-01,الجهاز الهيكلي: العظام والمفاصل والوظائف والأمراض,تجميعات الأحياء 2026 — مفتاح الإجابة في PDF p.93,A,0,NOT_STARTED,,NOT_RUN,PRE_CROP_RANGE_FROZEN_V1
20,BIO26-L20,أحياء 3,الجهاز الهيكلي,93,93,92,1,33,TAH-BIO-BIO26-L20-Q033,BIO26-PDF093-L20-S1-Q033,الجهاز الهيكلي: العظام والمفاصل والوظائف والأمراض,BIO26-M14,الجهازان الهيكلي والعضلي,BIO26-S14-01,الجهاز الهيكلي: العظام والمفاصل والوظائف والأمراض,تجميعات الأحياء 2026 — مفتاح الإجابة في PDF p.93,A,0,NOT_STARTED,,NOT_RUN,PRE_CROP_RANGE_FROZEN_V1
20,BIO26-L20,أحياء 3,الجهاز الهيكلي,93,93,92,1,34,TAH-BIO-BIO26-L20-Q034,BIO26-PDF093-L20-S1-Q034,الجهاز الهيكلي: العظام والمفاصل والوظائف والأمراض,BIO26-M14,الجهازان الهيكلي والعضلي,BIO26-S14-01,الجهاز الهيكلي: العظام والمفاصل والوظائف والأمراض,تجميعات الأحياء 2026 — مفتاح الإجابة في PDF p.93,C,2,NOT_STARTED,,NOT_RUN,PRE_CROP_RANGE_FROZEN_V1
20,BIO26-L20,أحياء 3,الجهاز الهيكلي,94,94,93,1,35,TAH-BIO-BIO26-L20-Q035,BIO26-PDF094-L20-S1-Q035,الجهاز الهيكلي: العظام والمفاصل والوظائف والأمراض,BIO26-M14,الجهازان الهيكلي والعضلي,BIO26-S14-01,الجهاز الهيكلي: العظام والمفاصل والوظائف والأمراض,تجميعات الأحياء 2026 — مفتاح الإجابة في PDF p.94,D,3,NOT_STARTED,,NOT_RUN,PRE_CROP_RANGE_FROZEN_V1
20,BIO26-L20,أحياء 3,الجهاز الهيكلي,94,94,93,1,36,TAH-BIO-BIO26-L20-Q036,BIO26-PDF094-L20-S1-Q036,الجهاز الهيكلي: العظام والمفاصل والوظائف والأمراض,BIO26-M14,الجهازان الهيكلي والعضلي,BIO26-S14-01,الجهاز الهيكلي: العظام والمفاصل والوظائف والأمراض,تجميعات الأحياء 2026 — مفتاح الإجابة في PDF p.94,A,0,NOT_STARTED,,NOT_RUN,PRE_CROP_RANGE_FROZEN_V1
20,BIO26-L20,أحياء 3,الجهاز الهيكلي,94,94,93,1,37,TAH-BIO-BIO26-L20-Q037,BIO26-PDF094-L20-S1-Q037,الجهاز الهيكلي: العظام والمفاصل والوظائف والأمراض,BIO26-M14,الجهازان الهيكلي والعضلي,BIO26-S14-01,الجهاز الهيكلي: العظام والمفاصل والوظائف والأمراض,تجميعات الأحياء 2026 — مفتاح الإجابة في PDF p.94,A,0,NOT_STARTED,,NOT_RUN,PRE_CROP_RANGE_FROZEN_V1
20,BIO26-L20,أحياء 3,الجهاز الهيكلي,94,94,93,1,38,TAH-BIO-BIO26-L20-Q038,BIO26-PDF094-L20-S1-Q038,الجهاز الهيكلي: العظام والمفاصل والوظائف والأمراض,BIO26-M14,الجهازان الهيكلي والعضلي,BIO26-S14-01,الجهاز الهيكلي: العظام والمفاصل والوظائف والأمراض,تجميعات الأحياء 2026 — مفتاح الإجابة في PDF p.94,B,1,NOT_STARTED,,NOT_RUN,PRE_CROP_RANGE_FROZEN_V1
20,BIO26-L20,أحياء 3,الجهاز الهيكلي,94,94,93,1,39,TAH-BIO-BIO26-L20-Q039,BIO26-PDF094-L20-S1-Q039,الجهاز الهيكلي: العظام والمفاصل والوظائف والأمراض,BIO26-M14,الجهازان الهيكلي والعضلي,BIO26-S14-01,الجهاز الهيكلي: العظام والمفاصل والوظائف والأمراض,تجميعات الأحياء 2026 — مفتاح الإجابة في PDF p.94,D,3,NOT_STARTED,,NOT_RUN,PRE_CROP_RANGE_FROZEN_V1
20,BIO26-L20,أحياء 3,الجهاز الهيكلي,94,94,93,1,40,TAH-BIO-BIO26-L20-Q040,BIO26-PDF094-L20-S1-Q040,الجهاز الهيكلي: العظام والمفاصل والوظائف والأمراض,BIO26-M14,الجهازان الهيكلي والعضلي,BIO26-S14-01,الجهاز الهيكلي: العظام والمفاصل والوظائف والأمراض,تجميعات الأحياء 2026 — مفتاح الإجابة في PDF p.94,A,0,NOT_STARTED,,NOT_RUN,PRE_CROP_RANGE_FROZEN_V1
20,BIO26-L20,أحياء 3,الجهاز الهيكلي,94,94,93,1,41,TAH-BIO-BIO26-L20-Q041,BIO26-PDF094-L20-S1-Q041,الجهاز الهيكلي: العظام والمفاصل والوظائف والأمراض,BIO26-M14,الجهازان الهيكلي والعضلي,BIO26-S14-01,الجهاز الهيكلي: العظام والمفاصل والوظائف والأمراض,تجميعات الأحياء 2026 — مفتاح الإجابة في PDF p.94,C,2,NOT_STARTED,,NOT_RUN,PRE_CROP_RANGE_FROZEN_V1
20,BIO26-L20,أحياء 3,الجهاز الهيكلي,94,94,93,1,42,TAH-BIO-BIO26-L20-Q042,BIO26-PDF094-L20-S1-Q042,الجهاز الهيكلي: العظام والمفاصل والوظائف والأمراض,BIO26-M14,الجهازان الهيكلي والعضلي,BIO26-S14-01,الجهاز الهيكلي: العظام والمفاصل والوظائف والأمراض,تجميعات الأحياء 2026 — مفتاح الإجابة في PDF p.94,B,1,NOT_STARTED,,NOT_RUN,PRE_CROP_RANGE_FROZEN_V1
20,BIO26-L20,أحياء 3,الجهاز الهيكلي,94,94,93,1,43,TAH-BIO-BIO26-L20-Q043,BIO26-PDF094-L20-S1-Q043,الجهاز الهيكلي: العظام والمفاصل والوظائف والأمراض,BIO26-M14,الجهازان الهيكلي والعضلي,BIO26-S14-01,الجهاز الهيكلي: العظام والمفاصل والوظائف والأمراض,تجميعات الأحياء 2026 — مفتاح الإجابة في PDF p.94,C,2,NOT_STARTED,,NOT_RUN,PRE_CROP_RANGE_FROZEN_V1
20,BIO26-L20,أحياء 3,الجهاز الهيكلي,94,94,93,1,44,TAH-BIO-BIO26-L20-Q044,BIO26-PDF094-L20-S1-Q044,الجهاز الهيكلي: العظام والمفاصل والوظائف والأمراض,BIO26-M14,الجهازان الهيكلي والعضلي,BIO26-S14-01,الجهاز الهيكلي: العظام والمفاصل والوظائف والأمراض,تجميعات الأحياء 2026 — مفتاح الإجابة في PDF p.94,C,2,NOT_STARTED,,NOT_RUN,PRE_CROP_RANGE_FROZEN_V1
20,BIO26-L20,أحياء 3,الجهاز الهيكلي,95,95,94,2,45,TAH-BIO-BIO26-L20-Q045,BIO26-PDF095-L20-S2-Q045,الجهاز الهيكلي: العظام والمفاصل والوظائف والأمراض,BIO26-M14,الجهازان الهيكلي والعضلي,BIO26-S14-01,الجهاز الهيكلي: العظام والمفاصل والوظائف والأمراض,تجميعات الأحياء 2026 — مفتاح الإجابة في PDF p.95,C,2,NOT_STARTED,,NOT_RUN,PRE_CROP_RANGE_FROZEN_V1
20,BIO26-L20,أحياء 3,الجهاز الهيكلي,95,95,94,2,46,TAH-BIO-BIO26-L20-Q046,BIO26-PDF095-L20-S2-Q046,الجهاز الهيكلي: العظام والمفاصل والوظائف والأمراض,BIO26-M14,الجهازان الهيكلي والعضلي,BIO26-S14-01,الجهاز الهيكلي: العظام والمفاصل والوظائف والأمراض,تجميعات الأحياء 2026 — مفتاح الإجابة في PDF p.95,C,2,NOT_STARTED,,NOT_RUN,PRE_CROP_RANGE_FROZEN_V1
20,BIO26-L20,أحياء 3,الجهاز الهيكلي,95,95,94,2,47,TAH-BIO-BIO26-L20-Q047,BIO26-PDF095-L20-S2-Q047,الجهاز الهيكلي: العظام والمفاصل والوظائف والأمراض,BIO26-M14,الجهازان الهيكلي والعضلي,BIO26-S14-01,الجهاز الهيكلي: العظام والمفاصل والوظائف والأمراض,تجميعات الأحياء 2026 — مفتاح الإجابة في PDF p.95,A,0,NOT_STARTED,,NOT_RUN,PRE_CROP_RANGE_FROZEN_V1
20,BIO26-L20,أحياء 3,الجهاز الهيكلي,95,95,94,2,48,TAH-BIO-BIO26-L20-Q048,BIO26-PDF095-L20-S2-Q048,الجهاز الهيكلي: العظام والمفاصل والوظائف والأمراض,BIO26-M14,الجهازان الهيكلي والعضلي,BIO26-S14-01,الجهاز الهيكلي: العظام والمفاصل والوظائف والأمراض,تجميعات الأحياء 2026 — مفتاح الإجابة في PDF p.95,A,0,NOT_STARTED,,NOT_RUN,PRE_CROP_RANGE_FROZEN_V1
20,BIO26-L20,أحياء 3,الجهاز الهيكلي,95,95,94,2,49,TAH-BIO-BIO26-L20-Q049,BIO26-PDF095-L20-S2-Q049,الجهاز الهيكلي: العظام والمفاصل والوظائف والأمراض,BIO26-M14,الجهازان الهيكلي والعضلي,BIO26-S14-01,الجهاز الهيكلي: العظام والمفاصل والوظائف والأمراض,تجميعات الأحياء 2026 — مفتاح الإجابة في PDF p.95,A,0,NOT_STARTED,,NOT_RUN,PRE_CROP_RANGE_FROZEN_V1
20,BIO26-L20,أحياء 3,الجهاز الهيكلي,95,95,94,2,50,TAH-BIO-BIO26-L20-Q050,BIO26-PDF095-L20-S2-Q050,الجهاز الهيكلي: العظام والمفاصل والوظائف والأمراض,BIO26-M14,الجهازان الهيكلي والعضلي,BIO26-S14-01,الجهاز الهيكلي: العظام والمفاصل والوظائف والأمراض,تجميعات الأحياء 2026 — مفتاح الإجابة في PDF p.95,B,1,NOT_STARTED,,NOT_RUN,PRE_CROP_RANGE_FROZEN_V1
20,BIO26-L20,أحياء 3,الجهاز الهيكلي,95,95,94,2,51,TAH-BIO-BIO26-L20-Q051,BIO26-PDF095-L20-S2-Q051,الجهاز الهيكلي: العظام والمفاصل والوظائف والأمراض,BIO26-M14,الجهازان الهيكلي والعضلي,BIO26-S14-01,الجهاز الهيكلي: العظام والمفاصل والوظائف والأمراض,تجميعات الأحياء 2026 — مفتاح الإجابة في PDF p.95,A,0,NOT_STARTED,,NOT_RUN,PRE_CROP_RANGE_FROZEN_V1
20,BIO26-L20,أحياء 3,الجهاز الهيكلي,95,95,94,2,52,TAH-BIO-BIO26-L20-Q052,BIO26-PDF095-L20-S2-Q052,الجهاز الهيكلي: العظام والمفاصل والوظائف والأمراض,BIO26-M14,الجهازان الهيكلي والعضلي,BIO26-S14-01,الجهاز الهيكلي: العظام والمفاصل والوظائف والأمراض,تجميعات الأحياء 2026 — مفتاح الإجابة في PDF p.95,B,1,NOT_STARTED,,NOT_RUN,PRE_CROP_RANGE_FROZEN_V1
20,BIO26-L20,أحياء 3,الجهاز الهيكلي,95,95,94,2,53,TAH-BIO-BIO26-L20-Q053,BIO26-PDF095-L20-S2-Q053,الجهاز الهيكلي: العظام والمفاصل والوظائف والأمراض,BIO26-M14,الجهازان الهيكلي والعضلي,BIO26-S14-01,الجهاز الهيكلي: العظام والمفاصل والوظائف والأمراض,تجميعات الأحياء 2026 — مفتاح الإجابة في PDF p.95,A,0,NOT_STARTED,,NOT_RUN,PRE_CROP_RANGE_FROZEN_V1
20,BIO26-L20,أحياء 3,الجهاز الهيكلي,95,95,94,2,54,TAH-BIO-BIO26-L20-Q054,BIO26-PDF095-L20-S2-Q054,الجهاز الهيكلي: العظام والمفاصل والوظائف والأمراض,BIO26-M14,الجهازان الهيكلي والعضلي,BIO26-S14-01,الجهاز الهيكلي: العظام والمفاصل والوظائف والأمراض,تجميعات الأحياء 2026 — مفتاح الإجابة في PDF p.95,A,0,NOT_STARTED,,NOT_RUN,PRE_CROP_RANGE_FROZEN_V1
20,BIO26-L20,أحياء 3,الجهاز الهيكلي,95,95,94,2,55,TAH-BIO-BIO26-L20-Q055,BIO26-PDF095-L20-S2-Q055,الجهاز الهيكلي: العظام والمفاصل والوظائف والأمراض,BIO26-M14,الجهازان الهيكلي والعضلي,BIO26-S14-01,الجهاز الهيكلي: العظام والمفاصل والوظائف والأمراض,تجميعات الأحياء 2026 — مفتاح الإجابة في PDF p.95,B,1,NOT_STARTED,,NOT_RUN,PRE_CROP_RANGE_FROZEN_V1
20,BIO26-L20,أحياء 3,الجهاز الهيكلي,95,95,94,2,56,TAH-BIO-BIO26-L20-Q056,BIO26-PDF095-L20-S2-Q056,الجهاز الهيكلي: العظام والمفاصل والوظائف والأمراض,BIO26-M14,الجهازان الهيكلي والعضلي,BIO26-S14-01,الجهاز الهيكلي: العظام والمفاصل والوظائف والأمراض,تجميعات الأحياء 2026 — مفتاح الإجابة في PDF p.95,A,0,NOT_STARTED,,NOT_RUN,PRE_CROP_RANGE_FROZEN_V1
20,BIO26-L20,أحياء 3,الجهاز الهيكلي,95,95,94,2,57,TAH-BIO-BIO26-L20-Q057,BIO26-PDF095-L20-S2-Q057,الجهاز الهيكلي: العظام والمفاصل والوظائف والأمراض,BIO26-M14,الجهازان الهيكلي والعضلي,BIO26-S14-01,الجهاز الهيكلي: العظام والمفاصل والوظائف والأمراض,تجميعات الأحياء 2026 — مفتاح الإجابة في PDF p.95,B,1,NOT_STARTED,,NOT_RUN,PRE_CROP_RANGE_FROZEN_V1
20,BIO26-L20,أحياء 3,الجهاز الهيكلي,95,95,94,2,58,TAH-BIO-BIO26-L20-Q058,BIO26-PDF095-L20-S2-Q058,الجهاز الهيكلي: العظام والمفاصل والوظائف والأمراض,BIO26-M14,الجهازان الهيكلي والعضلي,BIO26-S14-01,الجهاز الهيكلي: العظام والمفاصل والوظائف والأمراض,تجميعات الأحياء 2026 — مفتاح الإجابة في PDF p.95,B,1,NOT_STARTED,,NOT_RUN,PRE_CROP_RANGE_FROZEN_V1
21,BIO26-L21,أحياء 3,الجهاز العضلي,96,96,95,1,1,TAH-BIO-BIO26-L21-Q001,BIO26-PDF096-L21-S1-Q001,الجهاز العضلي: الأنواع والانقباض والطاقة والقوة,BIO26-M14,الجهازان الهيكلي والعضلي,BIO26-S14-02,الجهاز العضلي: الأنواع والانقباض والطاقة والقوة,تجميعات الأحياء 2026 — مفتاح الإجابة في PDF p.96,B,1,NOT_STARTED,,NOT_RUN,PRE_CROP_RANGE_FROZEN_V1
21,BIO26-L21,أحياء 3,الجهاز العضلي,96,96,95,1,2,TAH-BIO-BIO26-L21-Q002,BIO26-PDF096-L21-S1-Q002,الجهاز العضلي: الأنواع والانقباض والطاقة والقوة,BIO26-M14,الجهازان الهيكلي والعضلي,BIO26-S14-02,الجهاز العضلي: الأنواع والانقباض والطاقة والقوة,تجميعات الأحياء 2026 — مفتاح الإجابة في PDF p.96,D,3,NOT_STARTED,,NOT_RUN,PRE_CROP_RANGE_FROZEN_V1
21,BIO26-L21,أحياء 3,الجهاز العضلي,96,96,95,1,3,TAH-BIO-BIO26-L21-Q003,BIO26-PDF096-L21-S1-Q003,الجهاز العضلي: الأنواع والانقباض والطاقة والقوة,BIO26-M14,الجهازان الهيكلي والعضلي,BIO26-S14-02,الجهاز العضلي: الأنواع والانقباض والطاقة والقوة,تجميعات الأحياء 2026 — مفتاح الإجابة في PDF p.96,D,3,NOT_STARTED,,NOT_RUN,PRE_CROP_RANGE_FROZEN_V1
21,BIO26-L21,أحياء 3,الجهاز العضلي,96,96,95,1,4,TAH-BIO-BIO26-L21-Q004,BIO26-PDF096-L21-S1-Q004,الجهاز العضلي: الأنواع والانقباض والطاقة والقوة,BIO26-M14,الجهازان الهيكلي والعضلي,BIO26-S14-02,الجهاز العضلي: الأنواع والانقباض والطاقة والقوة,تجميعات الأحياء 2026 — مفتاح الإجابة في PDF p.96,D,3,NOT_STARTED,,NOT_RUN,PRE_CROP_RANGE_FROZEN_V1
21,BIO26-L21,أحياء 3,الجهاز العضلي,96,96,95,1,5,TAH-BIO-BIO26-L21-Q005,BIO26-PDF096-L21-S1-Q005,الجهاز العضلي: الأنواع والانقباض والطاقة والقوة,BIO26-M14,الجهازان الهيكلي والعضلي,BIO26-S14-02,الجهاز العضلي: الأنواع والانقباض والطاقة والقوة,تجميعات الأحياء 2026 — مفتاح الإجابة في PDF p.96,D,3,NOT_STARTED,,NOT_RUN,PRE_CROP_RANGE_FROZEN_V1
21,BIO26-L21,أحياء 3,الجهاز العضلي,96,96,95,1,6,TAH-BIO-BIO26-L21-Q006,BIO26-PDF096-L21-S1-Q006,الجهاز العضلي: الأنواع والانقباض والطاقة والقوة,BIO26-M14,الجهازان الهيكلي والعضلي,BIO26-S14-02,الجهاز العضلي: الأنواع والانقباض والطاقة والقوة,تجميعات الأحياء 2026 — مفتاح الإجابة في PDF p.96,A,0,NOT_STARTED,,NOT_RUN,PRE_CROP_RANGE_FROZEN_V1
21,BIO26-L21,أحياء 3,الجهاز العضلي,96,96,95,1,7,TAH-BIO-BIO26-L21-Q007,BIO26-PDF096-L21-S1-Q007,الجهاز العضلي: الأنواع والانقباض والطاقة والقوة,BIO26-M14,الجهازان الهيكلي والعضلي,BIO26-S14-02,الجهاز العضلي: الأنواع والانقباض والطاقة والقوة,تجميعات الأحياء 2026 — مفتاح الإجابة في PDF p.96,A,0,NOT_STARTED,,NOT_RUN,PRE_CROP_RANGE_FROZEN_V1
21,BIO26-L21,أحياء 3,الجهاز العضلي,96,96,95,1,8,TAH-BIO-BIO26-L21-Q008,BIO26-PDF096-L21-S1-Q008,الجهاز العضلي: الأنواع والانقباض والطاقة والقوة,BIO26-M14,الجهازان الهيكلي والعضلي,BIO26-S14-02,الجهاز العضلي: الأنواع والانقباض والطاقة والقوة,تجميعات الأحياء 2026 — مفتاح الإجابة في PDF p.96,C,2,NOT_STARTED,,NOT_RUN,PRE_CROP_RANGE_FROZEN_V1
21,BIO26-L21,أحياء 3,الجهاز العضلي,96,96,95,1,9,TAH-BIO-BIO26-L21-Q009,BIO26-PDF096-L21-S1-Q009,الجهاز العضلي: الأنواع والانقباض والطاقة والقوة,BIO26-M14,الجهازان الهيكلي والعضلي,BIO26-S14-02,الجهاز العضلي: الأنواع والانقباض والطاقة والقوة,تجميعات الأحياء 2026 — مفتاح الإجابة في PDF p.96,C,2,NOT_STARTED,,NOT_RUN,PRE_CROP_RANGE_FROZEN_V1
21,BIO26-L21,أحياء 3,الجهاز العضلي,96,96,95,1,10,TAH-BIO-BIO26-L21-Q010,BIO26-PDF096-L21-S1-Q010,الجهاز العضلي: الأنواع والانقباض والطاقة والقوة,BIO26-M14,الجهازان الهيكلي والعضلي,BIO26-S14-02,الجهاز العضلي: الأنواع والانقباض والطاقة والقوة,تجميعات الأحياء 2026 — مفتاح الإجابة في PDF p.96,A,0,NOT_STARTED,,NOT_RUN,PRE_CROP_RANGE_FROZEN_V1
21,BIO26-L21,أحياء 3,الجهاز العضلي,96,96,95,1,11,TAH-BIO-BIO26-L21-Q011,BIO26-PDF096-L21-S1-Q011,الجهاز العضلي: الأنواع والانقباض والطاقة والقوة,BIO26-M14,الجهازان الهيكلي والعضلي,BIO26-S14-02,الجهاز العضلي: الأنواع والانقباض والطاقة والقوة,تجميعات الأحياء 2026 — مفتاح الإجابة في PDF p.96,A,0,NOT_STARTED,,NOT_RUN,PRE_CROP_RANGE_FROZEN_V1
21,BIO26-L21,أحياء 3,الجهاز العضلي,96,96,95,1,12,TAH-BIO-BIO26-L21-Q012,BIO26-PDF096-L21-S1-Q012,الجهاز العضلي: الأنواع والانقباض والطاقة والقوة,BIO26-M14,الجهازان الهيكلي والعضلي,BIO26-S14-02,الجهاز العضلي: الأنواع والانقباض والطاقة والقوة,تجميعات الأحياء 2026 — مفتاح الإجابة في PDF p.96,B,1,NOT_STARTED,,NOT_RUN,PRE_CROP_RANGE_FROZEN_V1
21,BIO26-L21,أحياء 3,الجهاز العضلي,96,96,95,1,13,TAH-BIO-BIO26-L21-Q013,BIO26-PDF096-L21-S1-Q013,الجهاز العضلي: الأنواع والانقباض والطاقة والقوة,BIO26-M14,الجهازان الهيكلي والعضلي,BIO26-S14-02,الجهاز العضلي: الأنواع والانقباض والطاقة والقوة,تجميعات الأحياء 2026 — مفتاح الإجابة في PDF p.96,B,1,NOT_STARTED,,NOT_RUN,PRE_CROP_RANGE_FROZEN_V1
21,BIO26-L21,أحياء 3,الجهاز العضلي,97,97,96,1,14,TAH-BIO-BIO26-L21-Q014,BIO26-PDF097-L21-S1-Q014,الجهاز العضلي: الأنواع والانقباض والطاقة والقوة,BIO26-M14,الجهازان الهيكلي والعضلي,BIO26-S14-02,الجهاز العضلي: الأنواع والانقباض والطاقة والقوة,تجميعات الأحياء 2026 — مفتاح الإجابة في PDF p.97,A,0,NOT_STARTED,,NOT_RUN,PRE_CROP_RANGE_FROZEN_V1
21,BIO26-L21,أحياء 3,الجهاز العضلي,97,97,96,1,15,TAH-BIO-BIO26-L21-Q015,BIO26-PDF097-L21-S1-Q015,الجهاز العضلي: الأنواع والانقباض والطاقة والقوة,BIO26-M14,الجهازان الهيكلي والعضلي,BIO26-S14-02,الجهاز العضلي: الأنواع والانقباض والطاقة والقوة,تجميعات الأحياء 2026 — مفتاح الإجابة في PDF p.97,B,1,NOT_STARTED,,NOT_RUN,PRE_CROP_RANGE_FROZEN_V1
21,BIO26-L21,أحياء 3,الجهاز العضلي,98,98,97,2,16,TAH-BIO-BIO26-L21-Q016,BIO26-PDF098-L21-S2-Q016,الجهاز العضلي: الأنواع والانقباض والطاقة والقوة,BIO26-M14,الجهازان الهيكلي والعضلي,BIO26-S14-02,الجهاز العضلي: الأنواع والانقباض والطاقة والقوة,تجميعات الأحياء 2026 — مفتاح الإجابة في PDF p.98,D,3,NOT_STARTED,,NOT_RUN,PRE_CROP_RANGE_FROZEN_V1
21,BIO26-L21,أحياء 3,الجهاز العضلي,98,98,97,2,17,TAH-BIO-BIO26-L21-Q017,BIO26-PDF098-L21-S2-Q017,الجهاز العضلي: الأنواع والانقباض والطاقة والقوة,BIO26-M14,الجهازان الهيكلي والعضلي,BIO26-S14-02,الجهاز العضلي: الأنواع والانقباض والطاقة والقوة,تجميعات الأحياء 2026 — مفتاح الإجابة في PDF p.98,D,3,NOT_STARTED,,NOT_RUN,PRE_CROP_RANGE_FROZEN_V1
21,BIO26-L21,أحياء 3,الجهاز العضلي,98,98,97,2,18,TAH-BIO-BIO26-L21-Q018,BIO26-PDF098-L21-S2-Q018,الجهاز العضلي: الأنواع والانقباض والطاقة والقوة,BIO26-M14,الجهازان الهيكلي والعضلي,BIO26-S14-02,الجهاز العضلي: الأنواع والانقباض والطاقة والقوة,تجميعات الأحياء 2026 — مفتاح الإجابة في PDF p.98,A,0,NOT_STARTED,,NOT_RUN,PRE_CROP_RANGE_FROZEN_V1
21,BIO26-L21,أحياء 3,الجهاز العضلي,98,98,97,2,19,TAH-BIO-BIO26-L21-Q019,BIO26-PDF098-L21-S2-Q019,الجهاز العضلي: الأنواع والانقباض والطاقة والقوة,BIO26-M14,الجهازان الهيكلي والعضلي,BIO26-S14-02,الجهاز العضلي: الأنواع والانقباض والطاقة والقوة,تجميعات الأحياء 2026 — مفتاح الإجابة في PDF p.98,A,0,NOT_STARTED,,NOT_RUN,PRE_CROP_RANGE_FROZEN_V1
21,BIO26-L21,أحياء 3,الجهاز العضلي,98,98,97,2,20,TAH-BIO-BIO26-L21-Q020,BIO26-PDF098-L21-S2-Q020,الجهاز العضلي: الأنواع والانقباض والطاقة والقوة,BIO26-M14,الجهازان الهيكلي والعضلي,BIO26-S14-02,الجهاز العضلي: الأنواع والانقباض والطاقة والقوة,تجميعات الأحياء 2026 — مفتاح الإجابة في PDF p.98,C,2,NOT_STARTED,,NOT_RUN,PRE_CROP_RANGE_FROZEN_V1
21,BIO26-L21,أحياء 3,الجهاز العضلي,98,98,97,2,21,TAH-BIO-BIO26-L21-Q021,BIO26-PDF098-L21-S2-Q021,الجهاز العضلي: الأنواع والانقباض والطاقة والقوة,BIO26-M14,الجهازان الهيكلي والعضلي,BIO26-S14-02,الجهاز العضلي: الأنواع والانقباض والطاقة والقوة,تجميعات الأحياء 2026 — مفتاح الإجابة في PDF p.98,B,1,NOT_STARTED,,NOT_RUN,PRE_CROP_RANGE_FROZEN_V1
21,BIO26-L21,أحياء 3,الجهاز العضلي,98,98,97,2,22,TAH-BIO-BIO26-L21-Q022,BIO26-PDF098-L21-S2-Q022,الجهاز العضلي: الأنواع والانقباض والطاقة والقوة,BIO26-M14,الجهازان الهيكلي والعضلي,BIO26-S14-02,الجهاز العضلي: الأنواع والانقباض والطاقة والقوة,تجميعات الأحياء 2026 — مفتاح الإجابة في PDF p.98,A,0,NOT_STARTED,,NOT_RUN,PRE_CROP_RANGE_FROZEN_V1
21,BIO26-L21,أحياء 3,الجهاز العضلي,98,98,97,2,23,TAH-BIO-BIO26-L21-Q023,BIO26-PDF098-L21-S2-Q023,الجهاز العضلي: الأنواع والانقباض والطاقة والقوة,BIO26-M14,الجهازان الهيكلي والعضلي,BIO26-S14-02,الجهاز العضلي: الأنواع والانقباض والطاقة والقوة,تجميعات الأحياء 2026 — مفتاح الإجابة في PDF p.98,C,2,NOT_STARTED,,NOT_RUN,PRE_CROP_RANGE_FROZEN_V1
21,BIO26-L21,أحياء 3,الجهاز العضلي,98,98,97,2,24,TAH-BIO-BIO26-L21-Q024,BIO26-PDF098-L21-S2-Q024,الجهاز العضلي: الأنواع والانقباض والطاقة والقوة,BIO26-M14,الجهازان الهيكلي والعضلي,BIO26-S14-02,الجهاز العضلي: الأنواع والانقباض والطاقة والقوة,تجميعات الأحياء 2026 — مفتاح الإجابة في PDF p.98,D,3,NOT_STARTED,,NOT_RUN,PRE_CROP_RANGE_FROZEN_V1
21,BIO26-L21,أحياء 3,الجهاز العضلي,98,98,97,2,25,TAH-BIO-BIO26-L21-Q025,BIO26-PDF098-L21-S2-Q025,الجهاز العضلي: الأنواع والانقباض والطاقة والقوة,BIO26-M14,الجهازان الهيكلي والعضلي,BIO26-S14-02,الجهاز العضلي: الأنواع والانقباض والطاقة والقوة,تجميعات الأحياء 2026 — مفتاح الإجابة في PDF p.98,A,0,NOT_STARTED,,NOT_RUN,PRE_CROP_RANGE_FROZEN_V1
21,BIO26-L21,أحياء 3,الجهاز العضلي,98,98,97,2,26,TAH-BIO-BIO26-L21-Q026,BIO26-PDF098-L21-S2-Q026,الجهاز العضلي: الأنواع والانقباض والطاقة والقوة,BIO26-M14,الجهازان الهيكلي والعضلي,BIO26-S14-02,الجهاز العضلي: الأنواع والانقباض والطاقة والقوة,تجميعات الأحياء 2026 — مفتاح الإجابة في PDF p.98,D,3,NOT_STARTED,,NOT_RUN,PRE_CROP_RANGE_FROZEN_V1
21,BIO26-L21,أحياء 3,الجهاز العضلي,98,98,97,2,27,TAH-BIO-BIO26-L21-Q027,BIO26-PDF098-L21-S2-Q027,الجهاز العضلي: الأنواع والانقباض والطاقة والقوة,BIO26-M14,الجهازان الهيكلي والعضلي,BIO26-S14-02,الجهاز العضلي: الأنواع والانقباض والطاقة والقوة,تجميعات الأحياء 2026 — مفتاح الإجابة في PDF p.98,C,2,NOT_STARTED,,NOT_RUN,PRE_CROP_RANGE_FROZEN_V1
21,BIO26-L21,أحياء 3,الجهاز العضلي,98,98,97,2,28,TAH-BIO-BIO26-L21-Q028,BIO26-PDF098-L21-S2-Q028,الجهاز العضلي: الأنواع والانقباض والطاقة والقوة,BIO26-M14,الجهازان الهيكلي والعضلي,BIO26-S14-02,الجهاز العضلي: الأنواع والانقباض والطاقة والقوة,تجميعات الأحياء 2026 — مفتاح الإجابة في PDF p.98,B,1,NOT_STARTED,,NOT_RUN,PRE_CROP_RANGE_FROZEN_V1
21,BIO26-L21,أحياء 3,الجهاز العضلي,98,98,97,2,29,TAH-BIO-BIO26-L21-Q029,BIO26-PDF098-L21-S2-Q029,الجهاز العضلي: الأنواع والانقباض والطاقة والقوة,BIO26-M14,الجهازان الهيكلي والعضلي,BIO26-S14-02,الجهاز العضلي: الأنواع والانقباض والطاقة والقوة,تجميعات الأحياء 2026 — مفتاح الإجابة في PDF p.98,C,2,NOT_STARTED,,NOT_RUN,PRE_CROP_RANGE_FROZEN_V1
21,BIO26-L21,أحياء 3,الجهاز العضلي,98,98,97,2,30,TAH-BIO-BIO26-L21-Q030,BIO26-PDF098-L21-S2-Q030,الجهاز العضلي: الأنواع والانقباض والطاقة والقوة,BIO26-M14,الجهازان الهيكلي والعضلي,BIO26-S14-02,الجهاز العضلي: الأنواع والانقباض والطاقة والقوة,تجميعات الأحياء 2026 — مفتاح الإجابة في PDF p.98,C,2,NOT_STARTED,,NOT_RUN,PRE_CROP_RANGE_FROZEN_V1
21,BIO26-L21,أحياء 3,الجهاز العضلي,98,98,97,2,31,TAH-BIO-BIO26-L21-Q031,BIO26-PDF098-L21-S2-Q031,الجهاز العضلي: الأنواع والانقباض والطاقة والقوة,BIO26-M14,الجهازان الهيكلي والعضلي,BIO26-S14-02,الجهاز العضلي: الأنواع والانقباض والطاقة والقوة,تجميعات الأحياء 2026 — مفتاح الإجابة في PDF p.98,D,3,NOT_STARTED,,NOT_RUN,PRE_CROP_RANGE_FROZEN_V1
21,BIO26-L21,أحياء 3,الجهاز العضلي,98,98,97,2,32,TAH-BIO-BIO26-L21-Q032,BIO26-PDF098-L21-S2-Q032,الجهاز العضلي: الأنواع والانقباض والطاقة والقوة,BIO26-M14,الجهازان الهيكلي والعضلي,BIO26-S14-02,الجهاز العضلي: الأنواع والانقباض والطاقة والقوة,تجميعات الأحياء 2026 — مفتاح الإجابة في PDF p.98,C,2,NOT_STARTED,,NOT_RUN,PRE_CROP_RANGE_FROZEN_V1
21,BIO26-L21,أحياء 3,الجهاز العضلي,98,98,97,2,33,TAH-BIO-BIO26-L21-Q033,BIO26-PDF098-L21-S2-Q033,الجهاز العضلي: الأنواع والانقباض والطاقة والقوة,BIO26-M14,الجهازان الهيكلي والعضلي,BIO26-S14-02,الجهاز العضلي: الأنواع والانقباض والطاقة والقوة,تجميعات الأحياء 2026 — مفتاح الإجابة في PDF p.98,D,3,NOT_STARTED,,NOT_RUN,PRE_CROP_RANGE_FROZEN_V1
21,BIO26-L21,أحياء 3,الجهاز العضلي,98,98,97,2,34,TAH-BIO-BIO26-L21-Q034,BIO26-PDF098-L21-S2-Q034,الجهاز العضلي: الأنواع والانقباض والطاقة والقوة,BIO26-M14,الجهازان الهيكلي والعضلي,BIO26-S14-02,الجهاز العضلي: الأنواع والانقباض والطاقة والقوة,تجميعات الأحياء 2026 — مفتاح الإجابة في PDF p.98,C,2,NOT_STARTED,,NOT_RUN,PRE_CROP_RANGE_FROZEN_V1
21,BIO26-L21,أحياء 3,الجهاز العضلي,99,99,98,2,35,TAH-BIO-BIO26-L21-Q035,BIO26-PDF099-L21-S2-Q035,الجهاز العضلي: الأنواع والانقباض والطاقة والقوة,BIO26-M14,الجهازان الهيكلي والعضلي,BIO26-S14-02,الجهاز العضلي: الأنواع والانقباض والطاقة والقوة,تجميعات الأحياء 2026 — مفتاح الإجابة في PDF p.99,B,1,NOT_STARTED,,NOT_RUN,PRE_CROP_RANGE_FROZEN_V1
21,BIO26-L21,أحياء 3,الجهاز العضلي,99,99,98,2,36,TAH-BIO-BIO26-L21-Q036,BIO26-PDF099-L21-S2-Q036,الجهاز العضلي: الأنواع والانقباض والطاقة والقوة,BIO26-M14,الجهازان الهيكلي والعضلي,BIO26-S14-02,الجهاز العضلي: الأنواع والانقباض والطاقة والقوة,تجميعات الأحياء 2026 — مفتاح الإجابة في PDF p.99,D,3,NOT_STARTED,,NOT_RUN,PRE_CROP_RANGE_FROZEN_V1
21,BIO26-L21,أحياء 3,الجهاز العضلي,99,99,98,2,37,TAH-BIO-BIO26-L21-Q037,BIO26-PDF099-L21-S2-Q037,الجهاز العضلي: الأنواع والانقباض والطاقة والقوة,BIO26-M14,الجهازان الهيكلي والعضلي,BIO26-S14-02,الجهاز العضلي: الأنواع والانقباض والطاقة والقوة,تجميعات الأحياء 2026 — مفتاح الإجابة في PDF p.99,B,1,NOT_STARTED,,NOT_RUN,PRE_CROP_RANGE_FROZEN_V1
21,BIO26-L21,أحياء 3,الجهاز العضلي,99,99,98,2,38,TAH-BIO-BIO26-L21-Q038,BIO26-PDF099-L21-S2-Q038,الجهاز العضلي: الأنواع والانقباض والطاقة والقوة,BIO26-M14,الجهازان الهيكلي والعضلي,BIO26-S14-02,الجهاز العضلي: الأنواع والانقباض والطاقة والقوة,تجميعات الأحياء 2026 — مفتاح الإجابة في PDF p.99,B,1,NOT_STARTED,,NOT_RUN,PRE_CROP_RANGE_FROZEN_V1
22,BIO26-L22,أحياء 3,الجهاز العصبي,100,100,99,1,1,TAH-BIO-BIO26-L22-Q001,BIO26-PDF100-L22-S1-Q001,الخلية العصبية والتشابك العصبي,BIO26-M15,الجهاز العصبي وتنظيمه,BIO26-S15-01,الخلية العصبية والتشابك العصبي,تجميعات الأحياء 2026 — مفتاح الإجابة في PDF p.100,A,0,NOT_STARTED,,NOT_RUN,PRE_CROP_RANGE_FROZEN_V1
22,BIO26-L22,أحياء 3,الجهاز العصبي,100,100,99,1,2,TAH-BIO-BIO26-L22-Q002,BIO26-PDF100-L22-S1-Q002,الخلية العصبية والتشابك العصبي,BIO26-M15,الجهاز العصبي وتنظيمه,BIO26-S15-01,الخلية العصبية والتشابك العصبي,تجميعات الأحياء 2026 — مفتاح الإجابة في PDF p.100,A,0,NOT_STARTED,,NOT_RUN,PRE_CROP_RANGE_FROZEN_V1
22,BIO26-L22,أحياء 3,الجهاز العصبي,100,100,99,1,3,TAH-BIO-BIO26-L22-Q003,BIO26-PDF100-L22-S1-Q003,الخلية العصبية والتشابك العصبي,BIO26-M15,الجهاز العصبي وتنظيمه,BIO26-S15-01,الخلية العصبية والتشابك العصبي,تجميعات الأحياء 2026 — مفتاح الإجابة في PDF p.100,D,3,NOT_STARTED,,NOT_RUN,PRE_CROP_RANGE_FROZEN_V1
22,BIO26-L22,أحياء 3,الجهاز العصبي,100,100,99,1,4,TAH-BIO-BIO26-L22-Q004,BIO26-PDF100-L22-S1-Q004,الخلية العصبية والتشابك العصبي,BIO26-M15,الجهاز العصبي وتنظيمه,BIO26-S15-01,الخلية العصبية والتشابك العصبي,تجميعات الأحياء 2026 — مفتاح الإجابة في PDF p.100,D,3,NOT_STARTED,,NOT_RUN,PRE_CROP_RANGE_FROZEN_V1
22,BIO26-L22,أحياء 3,الجهاز العصبي,100,100,99,1,5,TAH-BIO-BIO26-L22-Q005,BIO26-PDF100-L22-S1-Q005,السيال العصبي وجهد الفعل ورد الفعل المنعكس,BIO26-M15,الجهاز العصبي وتنظيمه,BIO26-S15-02,السيال العصبي وجهد الفعل ورد الفعل المنعكس,تجميعات الأحياء 2026 — مفتاح الإجابة في PDF p.100,D,3,NOT_STARTED,,NOT_RUN,PRE_CROP_RANGE_FROZEN_V1
22,BIO26-L22,أحياء 3,الجهاز العصبي,100,100,99,1,6,TAH-BIO-BIO26-L22-Q006,BIO26-PDF100-L22-S1-Q006,السيال العصبي وجهد الفعل ورد الفعل المنعكس,BIO26-M15,الجهاز العصبي وتنظيمه,BIO26-S15-02,السيال العصبي وجهد الفعل ورد الفعل المنعكس,تجميعات الأحياء 2026 — مفتاح الإجابة في PDF p.100,D,3,NOT_STARTED,,NOT_RUN,PRE_CROP_RANGE_FROZEN_V1
22,BIO26-L22,أحياء 3,الجهاز العصبي,100,100,99,1,7,TAH-BIO-BIO26-L22-Q007,BIO26-PDF100-L22-S1-Q007,السيال العصبي وجهد الفعل ورد الفعل المنعكس,BIO26-M15,الجهاز العصبي وتنظيمه,BIO26-S15-02,السيال العصبي وجهد الفعل ورد الفعل المنعكس,تجميعات الأحياء 2026 — مفتاح الإجابة في PDF p.100,A,0,NOT_STARTED,,NOT_RUN,PRE_CROP_RANGE_FROZEN_V1
22,BIO26-L22,أحياء 3,الجهاز العصبي,100,100,99,1,8,TAH-BIO-BIO26-L22-Q008,BIO26-PDF100-L22-S1-Q008,السيال العصبي وجهد الفعل ورد الفعل المنعكس,BIO26-M15,الجهاز العصبي وتنظيمه,BIO26-S15-02,السيال العصبي وجهد الفعل ورد الفعل المنعكس,تجميعات الأحياء 2026 — مفتاح الإجابة في PDF p.100,C,2,NOT_STARTED,,NOT_RUN,PRE_CROP_RANGE_FROZEN_V1
22,BIO26-L22,أحياء 3,الجهاز العصبي,100,100,99,1,9,TAH-BIO-BIO26-L22-Q009,BIO26-PDF100-L22-S1-Q009,السيال العصبي وجهد الفعل ورد الفعل المنعكس,BIO26-M15,الجهاز العصبي وتنظيمه,BIO26-S15-02,السيال العصبي وجهد الفعل ورد الفعل المنعكس,تجميعات الأحياء 2026 — مفتاح الإجابة في PDF p.100,A,0,NOT_STARTED,,NOT_RUN,PRE_CROP_RANGE_FROZEN_V1
22,BIO26-L22,أحياء 3,الجهاز العصبي,100,100,99,1,10,TAH-BIO-BIO26-L22-Q010,BIO26-PDF100-L22-S1-Q010,السيال العصبي وجهد الفعل ورد الفعل المنعكس,BIO26-M15,الجهاز العصبي وتنظيمه,BIO26-S15-02,السيال العصبي وجهد الفعل ورد الفعل المنعكس,تجميعات الأحياء 2026 — مفتاح الإجابة في PDF p.100,A,0,NOT_STARTED,,NOT_RUN,PRE_CROP_RANGE_FROZEN_V1
22,BIO26-L22,أحياء 3,الجهاز العصبي,100,100,99,1,11,TAH-BIO-BIO26-L22-Q011,BIO26-PDF100-L22-S1-Q011,الجهاز العصبي الطرفي والعقاقير وتأثيراتها,BIO26-M15,الجهاز العصبي وتنظيمه,BIO26-S15-04,الجهاز العصبي الطرفي والعقاقير وتأثيراتها,تجميعات الأحياء 2026 — مفتاح الإجابة في PDF p.100,B,1,NOT_STARTED,,NOT_RUN,PRE_CROP_RANGE_FROZEN_V1
22,BIO26-L22,أحياء 3,الجهاز العصبي,100,100,99,1,12,TAH-BIO-BIO26-L22-Q012,BIO26-PDF100-L22-S1-Q012,الجهاز العصبي الطرفي والعقاقير وتأثيراتها,BIO26-M15,الجهاز العصبي وتنظيمه,BIO26-S15-04,الجهاز العصبي الطرفي والعقاقير وتأثيراتها,تجميعات الأحياء 2026 — مفتاح الإجابة في PDF p.100,C,2,NOT_STARTED,,NOT_RUN,PRE_CROP_RANGE_FROZEN_V1
22,BIO26-L22,أحياء 3,الجهاز العصبي,100,100,99,1,13,TAH-BIO-BIO26-L22-Q013,BIO26-PDF100-L22-S1-Q013,الجهاز العصبي الطرفي والعقاقير وتأثيراتها,BIO26-M15,الجهاز العصبي وتنظيمه,BIO26-S15-04,الجهاز العصبي الطرفي والعقاقير وتأثيراتها,تجميعات الأحياء 2026 — مفتاح الإجابة في PDF p.100,A,0,NOT_STARTED,,NOT_RUN,PRE_CROP_RANGE_FROZEN_V1
22,BIO26-L22,أحياء 3,الجهاز العصبي,101,101,100,1,14,TAH-BIO-BIO26-L22-Q014,BIO26-PDF101-L22-S1-Q014,الجهاز العصبي الطرفي والعقاقير وتأثيراتها,BIO26-M15,الجهاز العصبي وتنظيمه,BIO26-S15-04,الجهاز العصبي الطرفي والعقاقير وتأثيراتها,تجميعات الأحياء 2026 — مفتاح الإجابة في PDF p.101,A,0,NOT_STARTED,,NOT_RUN,PRE_CROP_RANGE_FROZEN_V1
22,BIO26-L22,أحياء 3,الجهاز العصبي,101,101,100,1,15,TAH-BIO-BIO26-L22-Q015,BIO26-PDF101-L22-S1-Q015,الجهاز العصبي الطرفي والعقاقير وتأثيراتها,BIO26-M15,الجهاز العصبي وتنظيمه,BIO26-S15-04,الجهاز العصبي الطرفي والعقاقير وتأثيراتها,تجميعات الأحياء 2026 — مفتاح الإجابة في PDF p.101,B,1,NOT_STARTED,,NOT_RUN,PRE_CROP_RANGE_FROZEN_V1
22,BIO26-L22,أحياء 3,الجهاز العصبي,101,101,100,1,16,TAH-BIO-BIO26-L22-Q016,BIO26-PDF101-L22-S1-Q016,الجهاز العصبي الطرفي والعقاقير وتأثيراتها,BIO26-M15,الجهاز العصبي وتنظيمه,BIO26-S15-04,الجهاز العصبي الطرفي والعقاقير وتأثيراتها,تجميعات الأحياء 2026 — مفتاح الإجابة في PDF p.101,A,0,NOT_STARTED,,NOT_RUN,PRE_CROP_RANGE_FROZEN_V1
22,BIO26-L22,أحياء 3,الجهاز العصبي,101,101,100,1,17,TAH-BIO-BIO26-L22-Q017,BIO26-PDF101-L22-S1-Q017,الجهاز العصبي الطرفي والعقاقير وتأثيراتها,BIO26-M15,الجهاز العصبي وتنظيمه,BIO26-S15-04,الجهاز العصبي الطرفي والعقاقير وتأثيراتها,تجميعات الأحياء 2026 — مفتاح الإجابة في PDF p.101,B,1,NOT_STARTED,,NOT_RUN,PRE_CROP_RANGE_FROZEN_V1
22,BIO26-L22,أحياء 3,الجهاز العصبي,101,101,100,1,18,TAH-BIO-BIO26-L22-Q018,BIO26-PDF101-L22-S1-Q018,الجهاز العصبي الطرفي والعقاقير وتأثيراتها,BIO26-M15,الجهاز العصبي وتنظيمه,BIO26-S15-04,الجهاز العصبي الطرفي والعقاقير وتأثيراتها,تجميعات الأحياء 2026 — مفتاح الإجابة في PDF p.101,D,3,NOT_STARTED,,NOT_RUN,PRE_CROP_RANGE_FROZEN_V1
22,BIO26-L22,أحياء 3,الجهاز العصبي,101,101,100,1,19,TAH-BIO-BIO26-L22-Q019,BIO26-PDF101-L22-S1-Q019,الجهاز العصبي الطرفي والعقاقير وتأثيراتها,BIO26-M15,الجهاز العصبي وتنظيمه,BIO26-S15-04,الجهاز العصبي الطرفي والعقاقير وتأثيراتها,تجميعات الأحياء 2026 — مفتاح الإجابة في PDF p.101,C,2,NOT_STARTED,,NOT_RUN,PRE_CROP_RANGE_FROZEN_V1
22,BIO26-L22,أحياء 3,الجهاز العصبي,101,101,100,1,20,TAH-BIO-BIO26-L22-Q020,BIO26-PDF101-L22-S1-Q020,الجهاز العصبي الطرفي والعقاقير وتأثيراتها,BIO26-M15,الجهاز العصبي وتنظيمه,BIO26-S15-04,الجهاز العصبي الطرفي والعقاقير وتأثيراتها,تجميعات الأحياء 2026 — مفتاح الإجابة في PDF p.101,D,3,NOT_STARTED,,NOT_RUN,PRE_CROP_RANGE_FROZEN_V1
22,BIO26-L22,أحياء 3,الجهاز العصبي,101,101,100,1,21,TAH-BIO-BIO26-L22-Q021,BIO26-PDF101-L22-S1-Q021,الجهاز العصبي الطرفي والعقاقير وتأثيراتها,BIO26-M15,الجهاز العصبي وتنظيمه,BIO26-S15-04,الجهاز العصبي الطرفي والعقاقير وتأثيراتها,تجميعات الأحياء 2026 — مفتاح الإجابة في PDF p.101,A,0,NOT_STARTED,,NOT_RUN,PRE_CROP_RANGE_FROZEN_V1
22,BIO26-L22,أحياء 3,الجهاز العصبي,102,102,101,2,22,TAH-BIO-BIO26-L22-Q022,BIO26-PDF102-L22-S2-Q022,الخلية العصبية والتشابك العصبي,BIO26-M15,الجهاز العصبي وتنظيمه,BIO26-S15-01,الخلية العصبية والتشابك العصبي,تجميعات الأحياء 2026 — مفتاح الإجابة في PDF p.102,A,0,NOT_STARTED,,NOT_RUN,PRE_CROP_RANGE_FROZEN_V1
22,BIO26-L22,أحياء 3,الجهاز العصبي,102,102,101,2,23,TAH-BIO-BIO26-L22-Q023,BIO26-PDF102-L22-S2-Q023,الخلية العصبية والتشابك العصبي,BIO26-M15,الجهاز العصبي وتنظيمه,BIO26-S15-01,الخلية العصبية والتشابك العصبي,تجميعات الأحياء 2026 — مفتاح الإجابة في PDF p.102,B,1,NOT_STARTED,,NOT_RUN,PRE_CROP_RANGE_FROZEN_V1
22,BIO26-L22,أحياء 3,الجهاز العصبي,102,102,101,2,24,TAH-BIO-BIO26-L22-Q024,BIO26-PDF102-L22-S2-Q024,الخلية العصبية والتشابك العصبي,BIO26-M15,الجهاز العصبي وتنظيمه,BIO26-S15-01,الخلية العصبية والتشابك العصبي,تجميعات الأحياء 2026 — مفتاح الإجابة في PDF p.102,A,0,NOT_STARTED,,NOT_RUN,PRE_CROP_RANGE_FROZEN_V1
22,BIO26-L22,أحياء 3,الجهاز العصبي,102,102,101,2,25,TAH-BIO-BIO26-L22-Q025,BIO26-PDF102-L22-S2-Q025,السيال العصبي وجهد الفعل ورد الفعل المنعكس,BIO26-M15,الجهاز العصبي وتنظيمه,BIO26-S15-02,السيال العصبي وجهد الفعل ورد الفعل المنعكس,تجميعات الأحياء 2026 — مفتاح الإجابة في PDF p.102,D,3,NOT_STARTED,,NOT_RUN,PRE_CROP_RANGE_FROZEN_V1
22,BIO26-L22,أحياء 3,الجهاز العصبي,102,102,101,2,26,TAH-BIO-BIO26-L22-Q026,BIO26-PDF102-L22-S2-Q026,السيال العصبي وجهد الفعل ورد الفعل المنعكس,BIO26-M15,الجهاز العصبي وتنظيمه,BIO26-S15-02,السيال العصبي وجهد الفعل ورد الفعل المنعكس,تجميعات الأحياء 2026 — مفتاح الإجابة في PDF p.102,B,1,NOT_STARTED,,NOT_RUN,PRE_CROP_RANGE_FROZEN_V1
22,BIO26-L22,أحياء 3,الجهاز العصبي,102,102,101,2,27,TAH-BIO-BIO26-L22-Q027,BIO26-PDF102-L22-S2-Q027,السيال العصبي وجهد الفعل ورد الفعل المنعكس,BIO26-M15,الجهاز العصبي وتنظيمه,BIO26-S15-02,السيال العصبي وجهد الفعل ورد الفعل المنعكس,تجميعات الأحياء 2026 — مفتاح الإجابة في PDF p.102,A,0,NOT_STARTED,,NOT_RUN,PRE_CROP_RANGE_FROZEN_V1
22,BIO26-L22,أحياء 3,الجهاز العصبي,102,102,101,2,28,TAH-BIO-BIO26-L22-Q028,BIO26-PDF102-L22-S2-Q028,السيال العصبي وجهد الفعل ورد الفعل المنعكس,BIO26-M15,الجهاز العصبي وتنظيمه,BIO26-S15-02,السيال العصبي وجهد الفعل ورد الفعل المنعكس,تجميعات الأحياء 2026 — مفتاح الإجابة في PDF p.102,A,0,NOT_STARTED,,NOT_RUN,PRE_CROP_RANGE_FROZEN_V1
22,BIO26-L22,أحياء 3,الجهاز العصبي,102,102,101,2,29,TAH-BIO-BIO26-L22-Q029,BIO26-PDF102-L22-S2-Q029,السيال العصبي وجهد الفعل ورد الفعل المنعكس,BIO26-M15,الجهاز العصبي وتنظيمه,BIO26-S15-02,السيال العصبي وجهد الفعل ورد الفعل المنعكس,تجميعات الأحياء 2026 — مفتاح الإجابة في PDF p.102,B,1,NOT_STARTED,,NOT_RUN,PRE_CROP_RANGE_FROZEN_V1
22,BIO26-L22,أحياء 3,الجهاز العصبي,102,102,101,2,30,TAH-BIO-BIO26-L22-Q030,BIO26-PDF102-L22-S2-Q030,السيال العصبي وجهد الفعل ورد الفعل المنعكس,BIO26-M15,الجهاز العصبي وتنظيمه,BIO26-S15-02,السيال العصبي وجهد الفعل ورد الفعل المنعكس,تجميعات الأحياء 2026 — مفتاح الإجابة في PDF p.102,D,3,NOT_STARTED,,NOT_RUN,PRE_CROP_RANGE_FROZEN_V1
22,BIO26-L22,أحياء 3,الجهاز العصبي,102,102,101,2,31,TAH-BIO-BIO26-L22-Q031,BIO26-PDF102-L22-S2-Q031,السيال العصبي وجهد الفعل ورد الفعل المنعكس,BIO26-M15,الجهاز العصبي وتنظيمه,BIO26-S15-02,السيال العصبي وجهد الفعل ورد الفعل المنعكس,تجميعات الأحياء 2026 — مفتاح الإجابة في PDF p.102,C,2,NOT_STARTED,,NOT_RUN,PRE_CROP_RANGE_FROZEN_V1
22,BIO26-L22,أحياء 3,الجهاز العصبي,102,102,101,2,32,TAH-BIO-BIO26-L22-Q032,BIO26-PDF102-L22-S2-Q032,السيال العصبي وجهد الفعل ورد الفعل المنعكس,BIO26-M15,الجهاز العصبي وتنظيمه,BIO26-S15-02,السيال العصبي وجهد الفعل ورد الفعل المنعكس,تجميعات الأحياء 2026 — مفتاح الإجابة في PDF p.102,C,2,NOT_STARTED,,NOT_RUN,PRE_CROP_RANGE_FROZEN_V1
22,BIO26-L22,أحياء 3,الجهاز العصبي,102,102,101,2,33,TAH-BIO-BIO26-L22-Q033,BIO26-PDF102-L22-S2-Q033,السيال العصبي وجهد الفعل ورد الفعل المنعكس,BIO26-M15,الجهاز العصبي وتنظيمه,BIO26-S15-02,السيال العصبي وجهد الفعل ورد الفعل المنعكس,تجميعات الأحياء 2026 — مفتاح الإجابة في PDF p.102,C,2,NOT_STARTED,,NOT_RUN,PRE_CROP_RANGE_FROZEN_V1
22,BIO26-L22,أحياء 3,الجهاز العصبي,102,102,101,2,34,TAH-BIO-BIO26-L22-Q034,BIO26-PDF102-L22-S2-Q034,السيال العصبي وجهد الفعل ورد الفعل المنعكس,BIO26-M15,الجهاز العصبي وتنظيمه,BIO26-S15-02,السيال العصبي وجهد الفعل ورد الفعل المنعكس,تجميعات الأحياء 2026 — مفتاح الإجابة في PDF p.102,B,1,NOT_STARTED,,NOT_RUN,PRE_CROP_RANGE_FROZEN_V1
22,BIO26-L22,أحياء 3,الجهاز العصبي,102,102,101,2,35,TAH-BIO-BIO26-L22-Q035,BIO26-PDF102-L22-S2-Q035,الجهاز العصبي الطرفي والعقاقير وتأثيراتها,BIO26-M15,الجهاز العصبي وتنظيمه,BIO26-S15-04,الجهاز العصبي الطرفي والعقاقير وتأثيراتها,تجميعات الأحياء 2026 — مفتاح الإجابة في PDF p.102,C,2,NOT_STARTED,,NOT_RUN,PRE_CROP_RANGE_FROZEN_V1
22,BIO26-L22,أحياء 3,الجهاز العصبي,102,102,101,2,36,TAH-BIO-BIO26-L22-Q036,BIO26-PDF102-L22-S2-Q036,الجهاز العصبي الطرفي والعقاقير وتأثيراتها,BIO26-M15,الجهاز العصبي وتنظيمه,BIO26-S15-04,الجهاز العصبي الطرفي والعقاقير وتأثيراتها,تجميعات الأحياء 2026 — مفتاح الإجابة في PDF p.102,D,3,NOT_STARTED,,NOT_RUN,PRE_CROP_RANGE_FROZEN_V1
22,BIO26-L22,أحياء 3,الجهاز العصبي,102,102,101,2,37,TAH-BIO-BIO26-L22-Q037,BIO26-PDF102-L22-S2-Q037,الجهاز العصبي الطرفي والعقاقير وتأثيراتها,BIO26-M15,الجهاز العصبي وتنظيمه,BIO26-S15-04,الجهاز العصبي الطرفي والعقاقير وتأثيراتها,تجميعات الأحياء 2026 — مفتاح الإجابة في PDF p.102,A,0,NOT_STARTED,,NOT_RUN,PRE_CROP_RANGE_FROZEN_V1
22,BIO26-L22,أحياء 3,الجهاز العصبي,103,103,102,2,38,TAH-BIO-BIO26-L22-Q038,BIO26-PDF103-L22-S2-Q038,الجهاز العصبي الطرفي والعقاقير وتأثيراتها,BIO26-M15,الجهاز العصبي وتنظيمه,BIO26-S15-04,الجهاز العصبي الطرفي والعقاقير وتأثيراتها,تجميعات الأحياء 2026 — مفتاح الإجابة في PDF p.103,A,0,NOT_STARTED,,NOT_RUN,PRE_CROP_RANGE_FROZEN_V1
22,BIO26-L22,أحياء 3,الجهاز العصبي,103,103,102,2,39,TAH-BIO-BIO26-L22-Q039,BIO26-PDF103-L22-S2-Q039,الجهاز العصبي الطرفي والعقاقير وتأثيراتها,BIO26-M15,الجهاز العصبي وتنظيمه,BIO26-S15-04,الجهاز العصبي الطرفي والعقاقير وتأثيراتها,تجميعات الأحياء 2026 — مفتاح الإجابة في PDF p.103,B,1,NOT_STARTED,,NOT_RUN,PRE_CROP_RANGE_FROZEN_V1
22,BIO26-L22,أحياء 3,الجهاز العصبي,103,103,102,2,40,TAH-BIO-BIO26-L22-Q040,BIO26-PDF103-L22-S2-Q040,الجهاز العصبي الطرفي والعقاقير وتأثيراتها,BIO26-M15,الجهاز العصبي وتنظيمه,BIO26-S15-04,الجهاز العصبي الطرفي والعقاقير وتأثيراتها,تجميعات الأحياء 2026 — مفتاح الإجابة في PDF p.103,A,0,NOT_STARTED,,NOT_RUN,PRE_CROP_RANGE_FROZEN_V1
22,BIO26-L22,أحياء 3,الجهاز العصبي,103,103,102,2,41,TAH-BIO-BIO26-L22-Q041,BIO26-PDF103-L22-S2-Q041,الجهاز العصبي الطرفي والعقاقير وتأثيراتها,BIO26-M15,الجهاز العصبي وتنظيمه,BIO26-S15-04,الجهاز العصبي الطرفي والعقاقير وتأثيراتها,تجميعات الأحياء 2026 — مفتاح الإجابة في PDF p.103,B,1,NOT_STARTED,,NOT_RUN,PRE_CROP_RANGE_FROZEN_V1
22,BIO26-L22,أحياء 3,الجهاز العصبي,103,103,102,2,42,TAH-BIO-BIO26-L22-Q042,BIO26-PDF103-L22-S2-Q042,الجهاز العصبي الطرفي والعقاقير وتأثيراتها,BIO26-M15,الجهاز العصبي وتنظيمه,BIO26-S15-04,الجهاز العصبي الطرفي والعقاقير وتأثيراتها,تجميعات الأحياء 2026 — مفتاح الإجابة في PDF p.103,B,1,NOT_STARTED,,NOT_RUN,PRE_CROP_RANGE_FROZEN_V1
22,BIO26-L22,أحياء 3,الجهاز العصبي,103,103,102,2,43,TAH-BIO-BIO26-L22-Q043,BIO26-PDF103-L22-S2-Q043,الجهاز العصبي الطرفي والعقاقير وتأثيراتها,BIO26-M15,الجهاز العصبي وتنظيمه,BIO26-S15-04,الجهاز العصبي الطرفي والعقاقير وتأثيراتها,تجميعات الأحياء 2026 — مفتاح الإجابة في PDF p.103,D,3,NOT_STARTED,,NOT_RUN,PRE_CROP_RANGE_FROZEN_V1
22,BIO26-L22,أحياء 3,الجهاز العصبي,103,103,102,2,44,TAH-BIO-BIO26-L22-Q044,BIO26-PDF103-L22-S2-Q044,الجهاز العصبي الطرفي والعقاقير وتأثيراتها,BIO26-M15,الجهاز العصبي وتنظيمه,BIO26-S15-04,الجهاز العصبي الطرفي والعقاقير وتأثيراتها,تجميعات الأحياء 2026 — مفتاح الإجابة في PDF p.103,A,0,NOT_STARTED,,NOT_RUN,PRE_CROP_RANGE_FROZEN_V1
23,BIO26-L23,أحياء 3,تنظيم الجهاز العصبي,104,104,103,1,1,TAH-BIO-BIO26-L23-Q001,BIO26-PDF104-L23-S1-Q001,الجهاز العصبي المركزي وتنظيمه,BIO26-M15,الجهاز العصبي وتنظيمه,BIO26-S15-03,الجهاز العصبي المركزي وتنظيمه,تجميعات الأحياء 2026 — مفتاح الإجابة في PDF p.104,B,1,NOT_STARTED,,NOT_RUN,PRE_CROP_RANGE_FROZEN_V1
23,BIO26-L23,أحياء 3,تنظيم الجهاز العصبي,104,104,103,1,2,TAH-BIO-BIO26-L23-Q002,BIO26-PDF104-L23-S1-Q002,الجهاز العصبي المركزي وتنظيمه,BIO26-M15,الجهاز العصبي وتنظيمه,BIO26-S15-03,الجهاز العصبي المركزي وتنظيمه,تجميعات الأحياء 2026 — مفتاح الإجابة في PDF p.104,A,0,NOT_STARTED,,NOT_RUN,PRE_CROP_RANGE_FROZEN_V1
23,BIO26-L23,أحياء 3,تنظيم الجهاز العصبي,104,104,103,1,3,TAH-BIO-BIO26-L23-Q003,BIO26-PDF104-L23-S1-Q003,الجهاز العصبي المركزي وتنظيمه,BIO26-M15,الجهاز العصبي وتنظيمه,BIO26-S15-03,الجهاز العصبي المركزي وتنظيمه,تجميعات الأحياء 2026 — مفتاح الإجابة في PDF p.104,B,1,NOT_STARTED,,NOT_RUN,PRE_CROP_RANGE_FROZEN_V1
23,BIO26-L23,أحياء 3,تنظيم الجهاز العصبي,104,104,103,1,4,TAH-BIO-BIO26-L23-Q004,BIO26-PDF104-L23-S1-Q004,الجهاز العصبي المركزي وتنظيمه,BIO26-M15,الجهاز العصبي وتنظيمه,BIO26-S15-03,الجهاز العصبي المركزي وتنظيمه,تجميعات الأحياء 2026 — مفتاح الإجابة في PDF p.104,A,0,NOT_STARTED,,NOT_RUN,PRE_CROP_RANGE_FROZEN_V1
23,BIO26-L23,أحياء 3,تنظيم الجهاز العصبي,104,104,103,1,5,TAH-BIO-BIO26-L23-Q005,BIO26-PDF104-L23-S1-Q005,الجهاز العصبي المركزي وتنظيمه,BIO26-M15,الجهاز العصبي وتنظيمه,BIO26-S15-03,الجهاز العصبي المركزي وتنظيمه,تجميعات الأحياء 2026 — مفتاح الإجابة في PDF p.104,C,2,NOT_STARTED,,NOT_RUN,PRE_CROP_RANGE_FROZEN_V1
23,BIO26-L23,أحياء 3,تنظيم الجهاز العصبي,104,104,103,1,6,TAH-BIO-BIO26-L23-Q006,BIO26-PDF104-L23-S1-Q006,الجهاز العصبي المركزي وتنظيمه,BIO26-M15,الجهاز العصبي وتنظيمه,BIO26-S15-03,الجهاز العصبي المركزي وتنظيمه,تجميعات الأحياء 2026 — مفتاح الإجابة في PDF p.104,C,2,NOT_STARTED,,NOT_RUN,PRE_CROP_RANGE_FROZEN_V1
23,BIO26-L23,أحياء 3,تنظيم الجهاز العصبي,104,104,103,1,7,TAH-BIO-BIO26-L23-Q007,BIO26-PDF104-L23-S1-Q007,الجهاز العصبي المركزي وتنظيمه,BIO26-M15,الجهاز العصبي وتنظيمه,BIO26-S15-03,الجهاز العصبي المركزي وتنظيمه,تجميعات الأحياء 2026 — مفتاح الإجابة في PDF p.104,A,0,NOT_STARTED,,NOT_RUN,PRE_CROP_RANGE_FROZEN_V1
23,BIO26-L23,أحياء 3,تنظيم الجهاز العصبي,104,104,103,1,8,TAH-BIO-BIO26-L23-Q008,BIO26-PDF104-L23-S1-Q008,الجهاز العصبي المركزي وتنظيمه,BIO26-M15,الجهاز العصبي وتنظيمه,BIO26-S15-03,الجهاز العصبي المركزي وتنظيمه,تجميعات الأحياء 2026 — مفتاح الإجابة في PDF p.104,A,0,NOT_STARTED,,NOT_RUN,PRE_CROP_RANGE_FROZEN_V1
23,BIO26-L23,أحياء 3,تنظيم الجهاز العصبي,104,104,103,1,9,TAH-BIO-BIO26-L23-Q009,BIO26-PDF104-L23-S1-Q009,الجهاز العصبي المركزي وتنظيمه,BIO26-M15,الجهاز العصبي وتنظيمه,BIO26-S15-03,الجهاز العصبي المركزي وتنظيمه,تجميعات الأحياء 2026 — مفتاح الإجابة في PDF p.104,D,3,NOT_STARTED,,NOT_RUN,PRE_CROP_RANGE_FROZEN_V1
23,BIO26-L23,أحياء 3,تنظيم الجهاز العصبي,104,104,103,1,10,TAH-BIO-BIO26-L23-Q010,BIO26-PDF104-L23-S1-Q010,الجهاز العصبي المركزي وتنظيمه,BIO26-M15,الجهاز العصبي وتنظيمه,BIO26-S15-03,الجهاز العصبي المركزي وتنظيمه,تجميعات الأحياء 2026 — مفتاح الإجابة في PDF p.104,B,1,NOT_STARTED,,NOT_RUN,PRE_CROP_RANGE_FROZEN_V1
23,BIO26-L23,أحياء 3,تنظيم الجهاز العصبي,104,104,103,1,11,TAH-BIO-BIO26-L23-Q011,BIO26-PDF104-L23-S1-Q011,الجهاز العصبي المركزي وتنظيمه,BIO26-M15,الجهاز العصبي وتنظيمه,BIO26-S15-03,الجهاز العصبي المركزي وتنظيمه,تجميعات الأحياء 2026 — مفتاح الإجابة في PDF p.104,D,3,NOT_STARTED,,NOT_RUN,PRE_CROP_RANGE_FROZEN_V1
23,BIO26-L23,أحياء 3,تنظيم الجهاز العصبي,104,104,103,1,12,TAH-BIO-BIO26-L23-Q012,BIO26-PDF104-L23-S1-Q012,الجهاز العصبي المركزي وتنظيمه,BIO26-M15,الجهاز العصبي وتنظيمه,BIO26-S15-03,الجهاز العصبي المركزي وتنظيمه,تجميعات الأحياء 2026 — مفتاح الإجابة في PDF p.104,A,0,NOT_STARTED,,NOT_RUN,PRE_CROP_RANGE_FROZEN_V1
23,BIO26-L23,أحياء 3,تنظيم الجهاز العصبي,104,104,103,1,13,TAH-BIO-BIO26-L23-Q013,BIO26-PDF104-L23-S1-Q013,الجهاز العصبي المركزي وتنظيمه,BIO26-M15,الجهاز العصبي وتنظيمه,BIO26-S15-03,الجهاز العصبي المركزي وتنظيمه,تجميعات الأحياء 2026 — مفتاح الإجابة في PDF p.104,A,0,NOT_STARTED,,NOT_RUN,PRE_CROP_RANGE_FROZEN_V1
23,BIO26-L23,أحياء 3,تنظيم الجهاز العصبي,104,104,103,1,14,TAH-BIO-BIO26-L23-Q014,BIO26-PDF104-L23-S1-Q014,الجهاز العصبي المركزي وتنظيمه,BIO26-M15,الجهاز العصبي وتنظيمه,BIO26-S15-03,الجهاز العصبي المركزي وتنظيمه,تجميعات الأحياء 2026 — مفتاح الإجابة في PDF p.104,D,3,NOT_STARTED,,NOT_RUN,PRE_CROP_RANGE_FROZEN_V1
23,BIO26-L23,أحياء 3,تنظيم الجهاز العصبي,104,104,103,1,15,TAH-BIO-BIO26-L23-Q015,BIO26-PDF104-L23-S1-Q015,الجهاز العصبي المركزي وتنظيمه,BIO26-M15,الجهاز العصبي وتنظيمه,BIO26-S15-03,الجهاز العصبي المركزي وتنظيمه,تجميعات الأحياء 2026 — مفتاح الإجابة في PDF p.104,A,0,NOT_STARTED,,NOT_RUN,PRE_CROP_RANGE_FROZEN_V1
23,BIO26-L23,أحياء 3,تنظيم الجهاز العصبي,104,104,103,1,16,TAH-BIO-BIO26-L23-Q016,BIO26-PDF104-L23-S1-Q016,الجهاز العصبي الطرفي والعقاقير وتأثيراتها,BIO26-M15,الجهاز العصبي وتنظيمه,BIO26-S15-04,الجهاز العصبي الطرفي والعقاقير وتأثيراتها,تجميعات الأحياء 2026 — مفتاح الإجابة في PDF p.104,B,1,NOT_STARTED,,NOT_RUN,PRE_CROP_RANGE_FROZEN_V1
23,BIO26-L23,أحياء 3,تنظيم الجهاز العصبي,105,105,104,1,17,TAH-BIO-BIO26-L23-Q017,BIO26-PDF105-L23-S1-Q017,الجهاز العصبي الطرفي والعقاقير وتأثيراتها,BIO26-M15,الجهاز العصبي وتنظيمه,BIO26-S15-04,الجهاز العصبي الطرفي والعقاقير وتأثيراتها,تجميعات الأحياء 2026 — مفتاح الإجابة في PDF p.105,C,2,NOT_STARTED,,NOT_RUN,PRE_CROP_RANGE_FROZEN_V1
23,BIO26-L23,أحياء 3,تنظيم الجهاز العصبي,105,105,104,1,18,TAH-BIO-BIO26-L23-Q018,BIO26-PDF105-L23-S1-Q018,الجهاز العصبي الطرفي والعقاقير وتأثيراتها,BIO26-M15,الجهاز العصبي وتنظيمه,BIO26-S15-04,الجهاز العصبي الطرفي والعقاقير وتأثيراتها,تجميعات الأحياء 2026 — مفتاح الإجابة في PDF p.105,C,2,NOT_STARTED,,NOT_RUN,PRE_CROP_RANGE_FROZEN_V1
23,BIO26-L23,أحياء 3,تنظيم الجهاز العصبي,105,105,104,1,19,TAH-BIO-BIO26-L23-Q019,BIO26-PDF105-L23-S1-Q019,الجهاز العصبي الطرفي والعقاقير وتأثيراتها,BIO26-M15,الجهاز العصبي وتنظيمه,BIO26-S15-04,الجهاز العصبي الطرفي والعقاقير وتأثيراتها,تجميعات الأحياء 2026 — مفتاح الإجابة في PDF p.105,D,3,NOT_STARTED,,NOT_RUN,PRE_CROP_RANGE_FROZEN_V1
23,BIO26-L23,أحياء 3,تنظيم الجهاز العصبي,105,105,104,1,20,TAH-BIO-BIO26-L23-Q020,BIO26-PDF105-L23-S1-Q020,الجهاز العصبي الطرفي والعقاقير وتأثيراتها,BIO26-M15,الجهاز العصبي وتنظيمه,BIO26-S15-04,الجهاز العصبي الطرفي والعقاقير وتأثيراتها,تجميعات الأحياء 2026 — مفتاح الإجابة في PDF p.105,A,0,NOT_STARTED,,NOT_RUN,PRE_CROP_RANGE_FROZEN_V1
23,BIO26-L23,أحياء 3,تنظيم الجهاز العصبي,105,105,104,1,21,TAH-BIO-BIO26-L23-Q021,BIO26-PDF105-L23-S1-Q021,الجهاز العصبي الطرفي والعقاقير وتأثيراتها,BIO26-M15,الجهاز العصبي وتنظيمه,BIO26-S15-04,الجهاز العصبي الطرفي والعقاقير وتأثيراتها,تجميعات الأحياء 2026 — مفتاح الإجابة في PDF p.105,B,1,NOT_STARTED,,NOT_RUN,PRE_CROP_RANGE_FROZEN_V1
23,BIO26-L23,أحياء 3,تنظيم الجهاز العصبي,105,105,104,1,22,TAH-BIO-BIO26-L23-Q022,BIO26-PDF105-L23-S1-Q022,الجهاز العصبي الطرفي والعقاقير وتأثيراتها,BIO26-M15,الجهاز العصبي وتنظيمه,BIO26-S15-04,الجهاز العصبي الطرفي والعقاقير وتأثيراتها,تجميعات الأحياء 2026 — مفتاح الإجابة في PDF p.105,B,1,NOT_STARTED,,NOT_RUN,PRE_CROP_RANGE_FROZEN_V1
23,BIO26-L23,أحياء 3,تنظيم الجهاز العصبي,105,105,104,1,23,TAH-BIO-BIO26-L23-Q023,BIO26-PDF105-L23-S1-Q023,الجهاز العصبي الطرفي والعقاقير وتأثيراتها,BIO26-M15,الجهاز العصبي وتنظيمه,BIO26-S15-04,الجهاز العصبي الطرفي والعقاقير وتأثيراتها,تجميعات الأحياء 2026 — مفتاح الإجابة في PDF p.105,A,0,NOT_STARTED,,NOT_RUN,PRE_CROP_RANGE_FROZEN_V1
23,BIO26-L23,أحياء 3,تنظيم الجهاز العصبي,105,105,104,1,24,TAH-BIO-BIO26-L23-Q024,BIO26-PDF105-L23-S1-Q024,الجهاز العصبي الطرفي والعقاقير وتأثيراتها,BIO26-M15,الجهاز العصبي وتنظيمه,BIO26-S15-04,الجهاز العصبي الطرفي والعقاقير وتأثيراتها,تجميعات الأحياء 2026 — مفتاح الإجابة في PDF p.105,D,3,NOT_STARTED,,NOT_RUN,PRE_CROP_RANGE_FROZEN_V1
23,BIO26-L23,أحياء 3,تنظيم الجهاز العصبي,105,105,104,1,25,TAH-BIO-BIO26-L23-Q025,BIO26-PDF105-L23-S1-Q025,الجهاز العصبي الطرفي والعقاقير وتأثيراتها,BIO26-M15,الجهاز العصبي وتنظيمه,BIO26-S15-04,الجهاز العصبي الطرفي والعقاقير وتأثيراتها,تجميعات الأحياء 2026 — مفتاح الإجابة في PDF p.105,A,0,NOT_STARTED,,NOT_RUN,PRE_CROP_RANGE_FROZEN_V1
23,BIO26-L23,أحياء 3,تنظيم الجهاز العصبي,105,105,104,1,26,TAH-BIO-BIO26-L23-Q026,BIO26-PDF105-L23-S1-Q026,الجهاز العصبي الطرفي والعقاقير وتأثيراتها,BIO26-M15,الجهاز العصبي وتنظيمه,BIO26-S15-04,الجهاز العصبي الطرفي والعقاقير وتأثيراتها,تجميعات الأحياء 2026 — مفتاح الإجابة في PDF p.105,B,1,NOT_STARTED,,NOT_RUN,PRE_CROP_RANGE_FROZEN_V1
23,BIO26-L23,أحياء 3,تنظيم الجهاز العصبي,106,106,105,2,27,TAH-BIO-BIO26-L23-Q027,BIO26-PDF106-L23-S2-Q027,الجهاز العصبي المركزي وتنظيمه,BIO26-M15,الجهاز العصبي وتنظيمه,BIO26-S15-03,الجهاز العصبي المركزي وتنظيمه,تجميعات الأحياء 2026 — مفتاح الإجابة في PDF p.106,D,3,NOT_STARTED,,NOT_RUN,PRE_CROP_RANGE_FROZEN_V1
23,BIO26-L23,أحياء 3,تنظيم الجهاز العصبي,106,106,105,2,28,TAH-BIO-BIO26-L23-Q028,BIO26-PDF106-L23-S2-Q028,الجهاز العصبي المركزي وتنظيمه,BIO26-M15,الجهاز العصبي وتنظيمه,BIO26-S15-03,الجهاز العصبي المركزي وتنظيمه,تجميعات الأحياء 2026 — مفتاح الإجابة في PDF p.106,C,2,NOT_STARTED,,NOT_RUN,PRE_CROP_RANGE_FROZEN_V1
23,BIO26-L23,أحياء 3,تنظيم الجهاز العصبي,106,106,105,2,29,TAH-BIO-BIO26-L23-Q029,BIO26-PDF106-L23-S2-Q029,الجهاز العصبي المركزي وتنظيمه,BIO26-M15,الجهاز العصبي وتنظيمه,BIO26-S15-03,الجهاز العصبي المركزي وتنظيمه,تجميعات الأحياء 2026 — مفتاح الإجابة في PDF p.106,A,0,NOT_STARTED,,NOT_RUN,PRE_CROP_RANGE_FROZEN_V1
23,BIO26-L23,أحياء 3,تنظيم الجهاز العصبي,106,106,105,2,30,TAH-BIO-BIO26-L23-Q030,BIO26-PDF106-L23-S2-Q030,الجهاز العصبي المركزي وتنظيمه,BIO26-M15,الجهاز العصبي وتنظيمه,BIO26-S15-03,الجهاز العصبي المركزي وتنظيمه,تجميعات الأحياء 2026 — مفتاح الإجابة في PDF p.106,A,0,NOT_STARTED,,NOT_RUN,PRE_CROP_RANGE_FROZEN_V1
23,BIO26-L23,أحياء 3,تنظيم الجهاز العصبي,106,106,105,2,31,TAH-BIO-BIO26-L23-Q031,BIO26-PDF106-L23-S2-Q031,الجهاز العصبي المركزي وتنظيمه,BIO26-M15,الجهاز العصبي وتنظيمه,BIO26-S15-03,الجهاز العصبي المركزي وتنظيمه,تجميعات الأحياء 2026 — مفتاح الإجابة في PDF p.106,C,2,NOT_STARTED,,NOT_RUN,PRE_CROP_RANGE_FROZEN_V1
23,BIO26-L23,أحياء 3,تنظيم الجهاز العصبي,106,106,105,2,32,TAH-BIO-BIO26-L23-Q032,BIO26-PDF106-L23-S2-Q032,الجهاز العصبي المركزي وتنظيمه,BIO26-M15,الجهاز العصبي وتنظيمه,BIO26-S15-03,الجهاز العصبي المركزي وتنظيمه,تجميعات الأحياء 2026 — مفتاح الإجابة في PDF p.106,B,1,NOT_STARTED,,NOT_RUN,PRE_CROP_RANGE_FROZEN_V1
23,BIO26-L23,أحياء 3,تنظيم الجهاز العصبي,106,106,105,2,33,TAH-BIO-BIO26-L23-Q033,BIO26-PDF106-L23-S2-Q033,الجهاز العصبي الطرفي والعقاقير وتأثيراتها,BIO26-M15,الجهاز العصبي وتنظيمه,BIO26-S15-04,الجهاز العصبي الطرفي والعقاقير وتأثيراتها,تجميعات الأحياء 2026 — مفتاح الإجابة في PDF p.106,C,2,NOT_STARTED,,NOT_RUN,PRE_CROP_RANGE_FROZEN_V1
23,BIO26-L23,أحياء 3,تنظيم الجهاز العصبي,106,106,105,2,34,TAH-BIO-BIO26-L23-Q034,BIO26-PDF106-L23-S2-Q034,الجهاز العصبي الطرفي والعقاقير وتأثيراتها,BIO26-M15,الجهاز العصبي وتنظيمه,BIO26-S15-04,الجهاز العصبي الطرفي والعقاقير وتأثيراتها,تجميعات الأحياء 2026 — مفتاح الإجابة في PDF p.106,C,2,NOT_STARTED,,NOT_RUN,PRE_CROP_RANGE_FROZEN_V1
23,BIO26-L23,أحياء 3,تنظيم الجهاز العصبي,106,106,105,2,35,TAH-BIO-BIO26-L23-Q035,BIO26-PDF106-L23-S2-Q035,الجهاز العصبي الطرفي والعقاقير وتأثيراتها,BIO26-M15,الجهاز العصبي وتنظيمه,BIO26-S15-04,الجهاز العصبي الطرفي والعقاقير وتأثيراتها,تجميعات الأحياء 2026 — مفتاح الإجابة في PDF p.106,A,0,NOT_STARTED,,NOT_RUN,PRE_CROP_RANGE_FROZEN_V1
23,BIO26-L23,أحياء 3,تنظيم الجهاز العصبي,106,106,105,2,36,TAH-BIO-BIO26-L23-Q036,BIO26-PDF106-L23-S2-Q036,الجهاز العصبي الطرفي والعقاقير وتأثيراتها,BIO26-M15,الجهاز العصبي وتنظيمه,BIO26-S15-04,الجهاز العصبي الطرفي والعقاقير وتأثيراتها,تجميعات الأحياء 2026 — مفتاح الإجابة في PDF p.106,A,0,NOT_STARTED,,NOT_RUN,PRE_CROP_RANGE_FROZEN_V1
23,BIO26-L23,أحياء 3,تنظيم الجهاز العصبي,106,106,105,2,37,TAH-BIO-BIO26-L23-Q037,BIO26-PDF106-L23-S2-Q037,الجهاز العصبي الطرفي والعقاقير وتأثيراتها,BIO26-M15,الجهاز العصبي وتنظيمه,BIO26-S15-04,الجهاز العصبي الطرفي والعقاقير وتأثيراتها,تجميعات الأحياء 2026 — مفتاح الإجابة في PDF p.106,D,3,NOT_STARTED,,NOT_RUN,PRE_CROP_RANGE_FROZEN_V1
23,BIO26-L23,أحياء 3,تنظيم الجهاز العصبي,106,106,105,2,38,TAH-BIO-BIO26-L23-Q038,BIO26-PDF106-L23-S2-Q038,الجهاز العصبي الطرفي والعقاقير وتأثيراتها,BIO26-M15,الجهاز العصبي وتنظيمه,BIO26-S15-04,الجهاز العصبي الطرفي والعقاقير وتأثيراتها,تجميعات الأحياء 2026 — مفتاح الإجابة في PDF p.106,C,2,NOT_STARTED,,NOT_RUN,PRE_CROP_RANGE_FROZEN_V1
24,BIO26-L24,أحياء 3,الجهاز الدوراني,107,107,106,1,1,TAH-BIO-BIO26-L24-Q001,BIO26-PDF107-L24-S1-Q001,مكونات الدم وفصائل الدم وعامل Rh,BIO26-M16,الدوران والتنفس والإخراج,BIO26-S16-02,مكونات الدم وفصائل الدم وعامل Rh,تجميعات الأحياء 2026 — مفتاح الإجابة في PDF p.107,B,1,NOT_STARTED,,NOT_RUN,PRE_CROP_RANGE_FROZEN_V1
24,BIO26-L24,أحياء 3,الجهاز الدوراني,107,107,106,1,2,TAH-BIO-BIO26-L24-Q002,BIO26-PDF107-L24-S1-Q002,مكونات الدم وفصائل الدم وعامل Rh,BIO26-M16,الدوران والتنفس والإخراج,BIO26-S16-02,مكونات الدم وفصائل الدم وعامل Rh,تجميعات الأحياء 2026 — مفتاح الإجابة في PDF p.107,A,0,NOT_STARTED,,NOT_RUN,PRE_CROP_RANGE_FROZEN_V1
24,BIO26-L24,أحياء 3,الجهاز الدوراني,107,107,106,1,3,TAH-BIO-BIO26-L24-Q003,BIO26-PDF107-L24-S1-Q003,مكونات الدم وفصائل الدم وعامل Rh,BIO26-M16,الدوران والتنفس والإخراج,BIO26-S16-02,مكونات الدم وفصائل الدم وعامل Rh,تجميعات الأحياء 2026 — مفتاح الإجابة في PDF p.107,B,1,NOT_STARTED,,NOT_RUN,PRE_CROP_RANGE_FROZEN_V1
24,BIO26-L24,أحياء 3,الجهاز الدوراني,107,107,106,1,4,TAH-BIO-BIO26-L24-Q004,BIO26-PDF107-L24-S1-Q004,مكونات الدم وفصائل الدم وعامل Rh,BIO26-M16,الدوران والتنفس والإخراج,BIO26-S16-02,مكونات الدم وفصائل الدم وعامل Rh,تجميعات الأحياء 2026 — مفتاح الإجابة في PDF p.107,A,0,NOT_STARTED,,NOT_RUN,PRE_CROP_RANGE_FROZEN_V1
24,BIO26-L24,أحياء 3,الجهاز الدوراني,107,107,106,1,5,TAH-BIO-BIO26-L24-Q005,BIO26-PDF107-L24-S1-Q005,مكونات الدم وفصائل الدم وعامل Rh,BIO26-M16,الدوران والتنفس والإخراج,BIO26-S16-02,مكونات الدم وفصائل الدم وعامل Rh,تجميعات الأحياء 2026 — مفتاح الإجابة في PDF p.107,B,1,NOT_STARTED,,NOT_RUN,PRE_CROP_RANGE_FROZEN_V1
24,BIO26-L24,أحياء 3,الجهاز الدوراني,107,107,106,1,6,TAH-BIO-BIO26-L24-Q006,BIO26-PDF107-L24-S1-Q006,القلب والأوعية والدورة الدموية,BIO26-M16,الدوران والتنفس والإخراج,BIO26-S16-01,القلب والأوعية والدورة الدموية,تجميعات الأحياء 2026 — مفتاح الإجابة في PDF p.107,A,0,NOT_STARTED,,NOT_RUN,PRE_CROP_RANGE_FROZEN_V1
24,BIO26-L24,أحياء 3,الجهاز الدوراني,107,107,106,1,7,TAH-BIO-BIO26-L24-Q007,BIO26-PDF107-L24-S1-Q007,القلب والأوعية والدورة الدموية,BIO26-M16,الدوران والتنفس والإخراج,BIO26-S16-01,القلب والأوعية والدورة الدموية,تجميعات الأحياء 2026 — مفتاح الإجابة في PDF p.107,C,2,NOT_STARTED,,NOT_RUN,PRE_CROP_RANGE_FROZEN_V1
24,BIO26-L24,أحياء 3,الجهاز الدوراني,107,107,106,1,8,TAH-BIO-BIO26-L24-Q008,BIO26-PDF107-L24-S1-Q008,القلب والأوعية والدورة الدموية,BIO26-M16,الدوران والتنفس والإخراج,BIO26-S16-01,القلب والأوعية والدورة الدموية,تجميعات الأحياء 2026 — مفتاح الإجابة في PDF p.107,B,1,NOT_STARTED,,NOT_RUN,PRE_CROP_RANGE_FROZEN_V1
24,BIO26-L24,أحياء 3,الجهاز الدوراني,107,107,106,1,9,TAH-BIO-BIO26-L24-Q009,BIO26-PDF107-L24-S1-Q009,القلب والأوعية والدورة الدموية,BIO26-M16,الدوران والتنفس والإخراج,BIO26-S16-01,القلب والأوعية والدورة الدموية,تجميعات الأحياء 2026 — مفتاح الإجابة في PDF p.107,B,1,NOT_STARTED,,NOT_RUN,PRE_CROP_RANGE_FROZEN_V1
24,BIO26-L24,أحياء 3,الجهاز الدوراني,107,107,106,1,10,TAH-BIO-BIO26-L24-Q010,BIO26-PDF107-L24-S1-Q010,القلب والأوعية والدورة الدموية,BIO26-M16,الدوران والتنفس والإخراج,BIO26-S16-01,القلب والأوعية والدورة الدموية,تجميعات الأحياء 2026 — مفتاح الإجابة في PDF p.107,B,1,NOT_STARTED,,NOT_RUN,PRE_CROP_RANGE_FROZEN_V1
24,BIO26-L24,أحياء 3,الجهاز الدوراني,107,107,106,1,11,TAH-BIO-BIO26-L24-Q011,BIO26-PDF107-L24-S1-Q011,القلب والأوعية والدورة الدموية,BIO26-M16,الدوران والتنفس والإخراج,BIO26-S16-01,القلب والأوعية والدورة الدموية,تجميعات الأحياء 2026 — مفتاح الإجابة في PDF p.107,A,0,NOT_STARTED,,NOT_RUN,PRE_CROP_RANGE_FROZEN_V1
24,BIO26-L24,أحياء 3,الجهاز الدوراني,107,107,106,1,12,TAH-BIO-BIO26-L24-Q012,BIO26-PDF107-L24-S1-Q012,مكونات الدم وفصائل الدم وعامل Rh,BIO26-M16,الدوران والتنفس والإخراج,BIO26-S16-02,مكونات الدم وفصائل الدم وعامل Rh,تجميعات الأحياء 2026 — مفتاح الإجابة في PDF p.107,A,0,NOT_STARTED,,NOT_RUN,PRE_CROP_RANGE_FROZEN_V1
24,BIO26-L24,أحياء 3,الجهاز الدوراني,107,107,106,1,13,TAH-BIO-BIO26-L24-Q013,BIO26-PDF107-L24-S1-Q013,مكونات الدم وفصائل الدم وعامل Rh,BIO26-M16,الدوران والتنفس والإخراج,BIO26-S16-02,مكونات الدم وفصائل الدم وعامل Rh,تجميعات الأحياء 2026 — مفتاح الإجابة في PDF p.107,A,0,NOT_STARTED,,NOT_RUN,PRE_CROP_RANGE_FROZEN_V1
24,BIO26-L24,أحياء 3,الجهاز الدوراني,107,107,106,1,14,TAH-BIO-BIO26-L24-Q014,BIO26-PDF107-L24-S1-Q014,مكونات الدم وفصائل الدم وعامل Rh,BIO26-M16,الدوران والتنفس والإخراج,BIO26-S16-02,مكونات الدم وفصائل الدم وعامل Rh,تجميعات الأحياء 2026 — مفتاح الإجابة في PDF p.107,B,1,NOT_STARTED,,NOT_RUN,PRE_CROP_RANGE_FROZEN_V1
24,BIO26-L24,أحياء 3,الجهاز الدوراني,107,107,106,1,15,TAH-BIO-BIO26-L24-Q015,BIO26-PDF107-L24-S1-Q015,مكونات الدم وفصائل الدم وعامل Rh,BIO26-M16,الدوران والتنفس والإخراج,BIO26-S16-02,مكونات الدم وفصائل الدم وعامل Rh,تجميعات الأحياء 2026 — مفتاح الإجابة في PDF p.107,D,3,NOT_STARTED,,NOT_RUN,PRE_CROP_RANGE_FROZEN_V1
24,BIO26-L24,أحياء 3,الجهاز الدوراني,107,107,106,1,16,TAH-BIO-BIO26-L24-Q016,BIO26-PDF107-L24-S1-Q016,مكونات الدم وفصائل الدم وعامل Rh,BIO26-M16,الدوران والتنفس والإخراج,BIO26-S16-02,مكونات الدم وفصائل الدم وعامل Rh,تجميعات الأحياء 2026 — مفتاح الإجابة في PDF p.107,D,3,NOT_STARTED,,NOT_RUN,PRE_CROP_RANGE_FROZEN_V1
24,BIO26-L24,أحياء 3,الجهاز الدوراني,108,108,107,1,17,TAH-BIO-BIO26-L24-Q017,BIO26-PDF108-L24-S1-Q017,مكونات الدم وفصائل الدم وعامل Rh,BIO26-M16,الدوران والتنفس والإخراج,BIO26-S16-02,مكونات الدم وفصائل الدم وعامل Rh,تجميعات الأحياء 2026 — مفتاح الإجابة في PDF p.108,B,1,NOT_STARTED,,NOT_RUN,PRE_CROP_RANGE_FROZEN_V1
24,BIO26-L24,أحياء 3,الجهاز الدوراني,108,108,107,1,18,TAH-BIO-BIO26-L24-Q018,BIO26-PDF108-L24-S1-Q018,مكونات الدم وفصائل الدم وعامل Rh,BIO26-M16,الدوران والتنفس والإخراج,BIO26-S16-02,مكونات الدم وفصائل الدم وعامل Rh,تجميعات الأحياء 2026 — مفتاح الإجابة في PDF p.108,C,2,NOT_STARTED,,NOT_RUN,PRE_CROP_RANGE_FROZEN_V1
24,BIO26-L24,أحياء 3,الجهاز الدوراني,108,108,107,1,19,TAH-BIO-BIO26-L24-Q019,BIO26-PDF108-L24-S1-Q019,مكونات الدم وفصائل الدم وعامل Rh,BIO26-M16,الدوران والتنفس والإخراج,BIO26-S16-02,مكونات الدم وفصائل الدم وعامل Rh,تجميعات الأحياء 2026 — مفتاح الإجابة في PDF p.108,A,0,NOT_STARTED,,NOT_RUN,PRE_CROP_RANGE_FROZEN_V1
24,BIO26-L24,أحياء 3,الجهاز الدوراني,108,108,107,1,20,TAH-BIO-BIO26-L24-Q020,BIO26-PDF108-L24-S1-Q020,مكونات الدم وفصائل الدم وعامل Rh,BIO26-M16,الدوران والتنفس والإخراج,BIO26-S16-02,مكونات الدم وفصائل الدم وعامل Rh,تجميعات الأحياء 2026 — مفتاح الإجابة في PDF p.108,C,2,NOT_STARTED,,NOT_RUN,PRE_CROP_RANGE_FROZEN_V1
24,BIO26-L24,أحياء 3,الجهاز الدوراني,108,108,107,1,21,TAH-BIO-BIO26-L24-Q021,BIO26-PDF108-L24-S1-Q021,مكونات الدم وفصائل الدم وعامل Rh,BIO26-M16,الدوران والتنفس والإخراج,BIO26-S16-02,مكونات الدم وفصائل الدم وعامل Rh,تجميعات الأحياء 2026 — مفتاح الإجابة في PDF p.108,B,1,NOT_STARTED,,NOT_RUN,PRE_CROP_RANGE_FROZEN_V1
24,BIO26-L24,أحياء 3,الجهاز الدوراني,108,108,107,1,22,TAH-BIO-BIO26-L24-Q022,BIO26-PDF108-L24-S1-Q022,مكونات الدم وفصائل الدم وعامل Rh,BIO26-M16,الدوران والتنفس والإخراج,BIO26-S16-02,مكونات الدم وفصائل الدم وعامل Rh,تجميعات الأحياء 2026 — مفتاح الإجابة في PDF p.108,B,1,NOT_STARTED,,NOT_RUN,PRE_CROP_RANGE_FROZEN_V1
24,BIO26-L24,أحياء 3,الجهاز الدوراني,108,108,107,1,23,TAH-BIO-BIO26-L24-Q023,BIO26-PDF108-L24-S1-Q023,مكونات الدم وفصائل الدم وعامل Rh,BIO26-M16,الدوران والتنفس والإخراج,BIO26-S16-02,مكونات الدم وفصائل الدم وعامل Rh,تجميعات الأحياء 2026 — مفتاح الإجابة في PDF p.108,A,0,NOT_STARTED,,NOT_RUN,PRE_CROP_RANGE_FROZEN_V1
24,BIO26-L24,أحياء 3,الجهاز الدوراني,108,108,107,1,24,TAH-BIO-BIO26-L24-Q024,BIO26-PDF108-L24-S1-Q024,مكونات الدم وفصائل الدم وعامل Rh,BIO26-M16,الدوران والتنفس والإخراج,BIO26-S16-02,مكونات الدم وفصائل الدم وعامل Rh,تجميعات الأحياء 2026 — مفتاح الإجابة في PDF p.108,D,3,NOT_STARTED,,NOT_RUN,PRE_CROP_RANGE_FROZEN_V1
24,BIO26-L24,أحياء 3,الجهاز الدوراني,108,108,107,1,25,TAH-BIO-BIO26-L24-Q025,BIO26-PDF108-L24-S1-Q025,مكونات الدم وفصائل الدم وعامل Rh,BIO26-M16,الدوران والتنفس والإخراج,BIO26-S16-02,مكونات الدم وفصائل الدم وعامل Rh,تجميعات الأحياء 2026 — مفتاح الإجابة في PDF p.108,B,1,NOT_STARTED,,NOT_RUN,PRE_CROP_RANGE_FROZEN_V1
24,BIO26-L24,أحياء 3,الجهاز الدوراني,108,108,107,1,26,TAH-BIO-BIO26-L24-Q026,BIO26-PDF108-L24-S1-Q026,مكونات الدم وفصائل الدم وعامل Rh,BIO26-M16,الدوران والتنفس والإخراج,BIO26-S16-02,مكونات الدم وفصائل الدم وعامل Rh,تجميعات الأحياء 2026 — مفتاح الإجابة في PDF p.108,C,2,NOT_STARTED,,NOT_RUN,PRE_CROP_RANGE_FROZEN_V1
24,BIO26-L24,أحياء 3,الجهاز الدوراني,108,108,107,1,27,TAH-BIO-BIO26-L24-Q027,BIO26-PDF108-L24-S1-Q027,مكونات الدم وفصائل الدم وعامل Rh,BIO26-M16,الدوران والتنفس والإخراج,BIO26-S16-02,مكونات الدم وفصائل الدم وعامل Rh,تجميعات الأحياء 2026 — مفتاح الإجابة في PDF p.108,D,3,NOT_STARTED,,NOT_RUN,PRE_CROP_RANGE_FROZEN_V1
24,BIO26-L24,أحياء 3,الجهاز الدوراني,108,108,107,1,28,TAH-BIO-BIO26-L24-Q028,BIO26-PDF108-L24-S1-Q028,مكونات الدم وفصائل الدم وعامل Rh,BIO26-M16,الدوران والتنفس والإخراج,BIO26-S16-02,مكونات الدم وفصائل الدم وعامل Rh,تجميعات الأحياء 2026 — مفتاح الإجابة في PDF p.108,C,2,NOT_STARTED,,NOT_RUN,PRE_CROP_RANGE_FROZEN_V1
24,BIO26-L24,أحياء 3,الجهاز الدوراني,108,108,107,1,29,TAH-BIO-BIO26-L24-Q029,BIO26-PDF108-L24-S1-Q029,مكونات الدم وفصائل الدم وعامل Rh,BIO26-M16,الدوران والتنفس والإخراج,BIO26-S16-02,مكونات الدم وفصائل الدم وعامل Rh,تجميعات الأحياء 2026 — مفتاح الإجابة في PDF p.108,A,0,NOT_STARTED,,NOT_RUN,PRE_CROP_RANGE_FROZEN_V1
24,BIO26-L24,أحياء 3,الجهاز الدوراني,108,108,107,1,30,TAH-BIO-BIO26-L24-Q030,BIO26-PDF108-L24-S1-Q030,مكونات الدم وفصائل الدم وعامل Rh,BIO26-M16,الدوران والتنفس والإخراج,BIO26-S16-02,مكونات الدم وفصائل الدم وعامل Rh,تجميعات الأحياء 2026 — مفتاح الإجابة في PDF p.108,C,2,NOT_STARTED,,NOT_RUN,PRE_CROP_RANGE_FROZEN_V1
24,BIO26-L24,أحياء 3,الجهاز الدوراني,108,108,107,1,31,TAH-BIO-BIO26-L24-Q031,BIO26-PDF108-L24-S1-Q031,مكونات الدم وفصائل الدم وعامل Rh,BIO26-M16,الدوران والتنفس والإخراج,BIO26-S16-02,مكونات الدم وفصائل الدم وعامل Rh,تجميعات الأحياء 2026 — مفتاح الإجابة في PDF p.108,B,1,NOT_STARTED,,NOT_RUN,PRE_CROP_RANGE_FROZEN_V1
24,BIO26-L24,أحياء 3,الجهاز الدوراني,108,108,107,1,32,TAH-BIO-BIO26-L24-Q032,BIO26-PDF108-L24-S1-Q032,مكونات الدم وفصائل الدم وعامل Rh,BIO26-M16,الدوران والتنفس والإخراج,BIO26-S16-02,مكونات الدم وفصائل الدم وعامل Rh,تجميعات الأحياء 2026 — مفتاح الإجابة في PDF p.108,B,1,NOT_STARTED,,NOT_RUN,PRE_CROP_RANGE_FROZEN_V1
24,BIO26-L24,أحياء 3,الجهاز الدوراني,108,108,107,1,33,TAH-BIO-BIO26-L24-Q033,BIO26-PDF108-L24-S1-Q033,مكونات الدم وفصائل الدم وعامل Rh,BIO26-M16,الدوران والتنفس والإخراج,BIO26-S16-02,مكونات الدم وفصائل الدم وعامل Rh,تجميعات الأحياء 2026 — مفتاح الإجابة في PDF p.108,D,3,NOT_STARTED,,NOT_RUN,PRE_CROP_RANGE_FROZEN_V1
24,BIO26-L24,أحياء 3,الجهاز الدوراني,108,108,107,1,34,TAH-BIO-BIO26-L24-Q034,BIO26-PDF108-L24-S1-Q034,مكونات الدم وفصائل الدم وعامل Rh,BIO26-M16,الدوران والتنفس والإخراج,BIO26-S16-02,مكونات الدم وفصائل الدم وعامل Rh,تجميعات الأحياء 2026 — مفتاح الإجابة في PDF p.108,C,2,NOT_STARTED,,NOT_RUN,PRE_CROP_RANGE_FROZEN_V1
24,BIO26-L24,أحياء 3,الجهاز الدوراني,108,108,107,1,35,TAH-BIO-BIO26-L24-Q035,BIO26-PDF108-L24-S1-Q035,مكونات الدم وفصائل الدم وعامل Rh,BIO26-M16,الدوران والتنفس والإخراج,BIO26-S16-02,مكونات الدم وفصائل الدم وعامل Rh,تجميعات الأحياء 2026 — مفتاح الإجابة في PDF p.108,A,0,NOT_STARTED,,NOT_RUN,PRE_CROP_RANGE_FROZEN_V1
24,BIO26-L24,أحياء 3,الجهاز الدوراني,109,109,108,1,36,TAH-BIO-BIO26-L24-Q036,BIO26-PDF109-L24-S1-Q036,مكونات الدم وفصائل الدم وعامل Rh,BIO26-M16,الدوران والتنفس والإخراج,BIO26-S16-02,مكونات الدم وفصائل الدم وعامل Rh,تجميعات الأحياء 2026 — مفتاح الإجابة في PDF p.109,D,3,NOT_STARTED,,NOT_RUN,PRE_CROP_RANGE_FROZEN_V1
24,BIO26-L24,أحياء 3,الجهاز الدوراني,109,109,108,1,37,TAH-BIO-BIO26-L24-Q037,BIO26-PDF109-L24-S1-Q037,مكونات الدم وفصائل الدم وعامل Rh,BIO26-M16,الدوران والتنفس والإخراج,BIO26-S16-02,مكونات الدم وفصائل الدم وعامل Rh,تجميعات الأحياء 2026 — مفتاح الإجابة في PDF p.109,A,0,NOT_STARTED,,NOT_RUN,PRE_CROP_RANGE_FROZEN_V1
24,BIO26-L24,أحياء 3,الجهاز الدوراني,109,109,108,1,38,TAH-BIO-BIO26-L24-Q038,BIO26-PDF109-L24-S1-Q038,مكونات الدم وفصائل الدم وعامل Rh,BIO26-M16,الدوران والتنفس والإخراج,BIO26-S16-02,مكونات الدم وفصائل الدم وعامل Rh,تجميعات الأحياء 2026 — مفتاح الإجابة في PDF p.109,A,0,NOT_STARTED,,NOT_RUN,PRE_CROP_RANGE_FROZEN_V1
24,BIO26-L24,أحياء 3,الجهاز الدوراني,109,109,108,1,39,TAH-BIO-BIO26-L24-Q039,BIO26-PDF109-L24-S1-Q039,مكونات الدم وفصائل الدم وعامل Rh,BIO26-M16,الدوران والتنفس والإخراج,BIO26-S16-02,مكونات الدم وفصائل الدم وعامل Rh,تجميعات الأحياء 2026 — مفتاح الإجابة في PDF p.109,A,0,NOT_STARTED,,NOT_RUN,PRE_CROP_RANGE_FROZEN_V1
24,BIO26-L24,أحياء 3,الجهاز الدوراني,109,109,108,1,40,TAH-BIO-BIO26-L24-Q040,BIO26-PDF109-L24-S1-Q040,مكونات الدم وفصائل الدم وعامل Rh,BIO26-M16,الدوران والتنفس والإخراج,BIO26-S16-02,مكونات الدم وفصائل الدم وعامل Rh,تجميعات الأحياء 2026 — مفتاح الإجابة في PDF p.109,C,2,NOT_STARTED,,NOT_RUN,PRE_CROP_RANGE_FROZEN_V1
24,BIO26-L24,أحياء 3,الجهاز الدوراني,109,109,108,1,41,TAH-BIO-BIO26-L24-Q041,BIO26-PDF109-L24-S1-Q041,مكونات الدم وفصائل الدم وعامل Rh,BIO26-M16,الدوران والتنفس والإخراج,BIO26-S16-02,مكونات الدم وفصائل الدم وعامل Rh,تجميعات الأحياء 2026 — مفتاح الإجابة في PDF p.109,A,0,NOT_STARTED,,NOT_RUN,PRE_CROP_RANGE_FROZEN_V1
24,BIO26-L24,أحياء 3,الجهاز الدوراني,109,109,108,1,42,TAH-BIO-BIO26-L24-Q042,BIO26-PDF109-L24-S1-Q042,مكونات الدم وفصائل الدم وعامل Rh,BIO26-M16,الدوران والتنفس والإخراج,BIO26-S16-02,مكونات الدم وفصائل الدم وعامل Rh,تجميعات الأحياء 2026 — مفتاح الإجابة في PDF p.109,D,3,NOT_STARTED,,NOT_RUN,PRE_CROP_RANGE_FROZEN_V1
24,BIO26-L24,أحياء 3,الجهاز الدوراني,109,109,108,1,43,TAH-BIO-BIO26-L24-Q043,BIO26-PDF109-L24-S1-Q043,مكونات الدم وفصائل الدم وعامل Rh,BIO26-M16,الدوران والتنفس والإخراج,BIO26-S16-02,مكونات الدم وفصائل الدم وعامل Rh,تجميعات الأحياء 2026 — مفتاح الإجابة في PDF p.109,B,1,NOT_STARTED,,NOT_RUN,PRE_CROP_RANGE_FROZEN_V1
24,BIO26-L24,أحياء 3,الجهاز الدوراني,109,109,108,1,44,TAH-BIO-BIO26-L24-Q044,BIO26-PDF109-L24-S1-Q044,مكونات الدم وفصائل الدم وعامل Rh,BIO26-M16,الدوران والتنفس والإخراج,BIO26-S16-02,مكونات الدم وفصائل الدم وعامل Rh,تجميعات الأحياء 2026 — مفتاح الإجابة في PDF p.109,B,1,NOT_STARTED,,NOT_RUN,PRE_CROP_RANGE_FROZEN_V1
24,BIO26-L24,أحياء 3,الجهاز الدوراني,109,109,108,1,45,TAH-BIO-BIO26-L24-Q045,BIO26-PDF109-L24-S1-Q045,مكونات الدم وفصائل الدم وعامل Rh,BIO26-M16,الدوران والتنفس والإخراج,BIO26-S16-02,مكونات الدم وفصائل الدم وعامل Rh,تجميعات الأحياء 2026 — مفتاح الإجابة في PDF p.109,D,3,NOT_STARTED,,NOT_RUN,PRE_CROP_RANGE_FROZEN_V1
24,BIO26-L24,أحياء 3,الجهاز الدوراني,109,109,108,1,46,TAH-BIO-BIO26-L24-Q046,BIO26-PDF109-L24-S1-Q046,مكونات الدم وفصائل الدم وعامل Rh,BIO26-M16,الدوران والتنفس والإخراج,BIO26-S16-02,مكونات الدم وفصائل الدم وعامل Rh,تجميعات الأحياء 2026 — مفتاح الإجابة في PDF p.109,D,3,NOT_STARTED,,NOT_RUN,PRE_CROP_RANGE_FROZEN_V1
24,BIO26-L24,أحياء 3,الجهاز الدوراني,109,109,108,1,47,TAH-BIO-BIO26-L24-Q047,BIO26-PDF109-L24-S1-Q047,مكونات الدم وفصائل الدم وعامل Rh,BIO26-M16,الدوران والتنفس والإخراج,BIO26-S16-02,مكونات الدم وفصائل الدم وعامل Rh,تجميعات الأحياء 2026 — مفتاح الإجابة في PDF p.109,A,0,NOT_STARTED,,NOT_RUN,PRE_CROP_RANGE_FROZEN_V1
24,BIO26-L24,أحياء 3,الجهاز الدوراني,110,110,109,1,48,TAH-BIO-BIO26-L24-Q048,BIO26-PDF110-L24-S1-Q048,مكونات الدم وفصائل الدم وعامل Rh,BIO26-M16,الدوران والتنفس والإخراج,BIO26-S16-02,مكونات الدم وفصائل الدم وعامل Rh,تجميعات الأحياء 2026 — مفتاح الإجابة في PDF p.110,C,2,NOT_STARTED,,NOT_RUN,PRE_CROP_RANGE_FROZEN_V1
24,BIO26-L24,أحياء 3,الجهاز الدوراني,110,110,109,1,49,TAH-BIO-BIO26-L24-Q049,BIO26-PDF110-L24-S1-Q049,مكونات الدم وفصائل الدم وعامل Rh,BIO26-M16,الدوران والتنفس والإخراج,BIO26-S16-02,مكونات الدم وفصائل الدم وعامل Rh,تجميعات الأحياء 2026 — مفتاح الإجابة في PDF p.110,B,1,NOT_STARTED,,NOT_RUN,PRE_CROP_RANGE_FROZEN_V1
24,BIO26-L24,أحياء 3,الجهاز الدوراني,110,110,109,1,50,TAH-BIO-BIO26-L24-Q050,BIO26-PDF110-L24-S1-Q050,مكونات الدم وفصائل الدم وعامل Rh,BIO26-M16,الدوران والتنفس والإخراج,BIO26-S16-02,مكونات الدم وفصائل الدم وعامل Rh,تجميعات الأحياء 2026 — مفتاح الإجابة في PDF p.110,A,0,NOT_STARTED,,NOT_RUN,PRE_CROP_RANGE_FROZEN_V1
24,BIO26-L24,أحياء 3,الجهاز الدوراني,110,110,109,1,51,TAH-BIO-BIO26-L24-Q051,BIO26-PDF110-L24-S1-Q051,مكونات الدم وفصائل الدم وعامل Rh,BIO26-M16,الدوران والتنفس والإخراج,BIO26-S16-02,مكونات الدم وفصائل الدم وعامل Rh,تجميعات الأحياء 2026 — مفتاح الإجابة في PDF p.110,C,2,NOT_STARTED,,NOT_RUN,PRE_CROP_RANGE_FROZEN_V1
24,BIO26-L24,أحياء 3,الجهاز الدوراني,110,110,109,1,52,TAH-BIO-BIO26-L24-Q052,BIO26-PDF110-L24-S1-Q052,مكونات الدم وفصائل الدم وعامل Rh,BIO26-M16,الدوران والتنفس والإخراج,BIO26-S16-02,مكونات الدم وفصائل الدم وعامل Rh,تجميعات الأحياء 2026 — مفتاح الإجابة في PDF p.110,A,0,NOT_STARTED,,NOT_RUN,PRE_CROP_RANGE_FROZEN_V1
24,BIO26-L24,أحياء 3,الجهاز الدوراني,110,110,109,1,53,TAH-BIO-BIO26-L24-Q053,BIO26-PDF110-L24-S1-Q053,مكونات الدم وفصائل الدم وعامل Rh,BIO26-M16,الدوران والتنفس والإخراج,BIO26-S16-02,مكونات الدم وفصائل الدم وعامل Rh,تجميعات الأحياء 2026 — مفتاح الإجابة في PDF p.110,A,0,NOT_STARTED,,NOT_RUN,PRE_CROP_RANGE_FROZEN_V1
24,BIO26-L24,أحياء 3,الجهاز الدوراني,110,110,109,1,54,TAH-BIO-BIO26-L24-Q054,BIO26-PDF110-L24-S1-Q054,مكونات الدم وفصائل الدم وعامل Rh,BIO26-M16,الدوران والتنفس والإخراج,BIO26-S16-02,مكونات الدم وفصائل الدم وعامل Rh,تجميعات الأحياء 2026 — مفتاح الإجابة في PDF p.110,D,3,NOT_STARTED,,NOT_RUN,PRE_CROP_RANGE_FROZEN_V1
24,BIO26-L24,أحياء 3,الجهاز الدوراني,110,110,109,1,55,TAH-BIO-BIO26-L24-Q055,BIO26-PDF110-L24-S1-Q055,مكونات الدم وفصائل الدم وعامل Rh,BIO26-M16,الدوران والتنفس والإخراج,BIO26-S16-02,مكونات الدم وفصائل الدم وعامل Rh,تجميعات الأحياء 2026 — مفتاح الإجابة في PDF p.110,A,0,NOT_STARTED,,NOT_RUN,PRE_CROP_RANGE_FROZEN_V1
24,BIO26-L24,أحياء 3,الجهاز الدوراني,111,111,110,2,56,TAH-BIO-BIO26-L24-Q056,BIO26-PDF111-L24-S2-Q056,مكونات الدم وفصائل الدم وعامل Rh,BIO26-M16,الدوران والتنفس والإخراج,BIO26-S16-02,مكونات الدم وفصائل الدم وعامل Rh,تجميعات الأحياء 2026 — مفتاح الإجابة في PDF p.111,B,1,NOT_STARTED,,NOT_RUN,PRE_CROP_RANGE_FROZEN_V1
24,BIO26-L24,أحياء 3,الجهاز الدوراني,111,111,110,2,57,TAH-BIO-BIO26-L24-Q057,BIO26-PDF111-L24-S2-Q057,مكونات الدم وفصائل الدم وعامل Rh,BIO26-M16,الدوران والتنفس والإخراج,BIO26-S16-02,مكونات الدم وفصائل الدم وعامل Rh,تجميعات الأحياء 2026 — مفتاح الإجابة في PDF p.111,B,1,NOT_STARTED,,NOT_RUN,PRE_CROP_RANGE_FROZEN_V1
24,BIO26-L24,أحياء 3,الجهاز الدوراني,111,111,110,2,58,TAH-BIO-BIO26-L24-Q058,BIO26-PDF111-L24-S2-Q058,مكونات الدم وفصائل الدم وعامل Rh,BIO26-M16,الدوران والتنفس والإخراج,BIO26-S16-02,مكونات الدم وفصائل الدم وعامل Rh,تجميعات الأحياء 2026 — مفتاح الإجابة في PDF p.111,C,2,NOT_STARTED,,NOT_RUN,PRE_CROP_RANGE_FROZEN_V1
24,BIO26-L24,أحياء 3,الجهاز الدوراني,111,111,110,2,59,TAH-BIO-BIO26-L24-Q059,BIO26-PDF111-L24-S2-Q059,مكونات الدم وفصائل الدم وعامل Rh,BIO26-M16,الدوران والتنفس والإخراج,BIO26-S16-02,مكونات الدم وفصائل الدم وعامل Rh,تجميعات الأحياء 2026 — مفتاح الإجابة في PDF p.111,C,2,NOT_STARTED,,NOT_RUN,PRE_CROP_RANGE_FROZEN_V1
24,BIO26-L24,أحياء 3,الجهاز الدوراني,111,111,110,2,60,TAH-BIO-BIO26-L24-Q060,BIO26-PDF111-L24-S2-Q060,مكونات الدم وفصائل الدم وعامل Rh,BIO26-M16,الدوران والتنفس والإخراج,BIO26-S16-02,مكونات الدم وفصائل الدم وعامل Rh,تجميعات الأحياء 2026 — مفتاح الإجابة في PDF p.111,C,2,NOT_STARTED,,NOT_RUN,PRE_CROP_RANGE_FROZEN_V1
24,BIO26-L24,أحياء 3,الجهاز الدوراني,111,111,110,2,61,TAH-BIO-BIO26-L24-Q061,BIO26-PDF111-L24-S2-Q061,القلب والأوعية والدورة الدموية,BIO26-M16,الدوران والتنفس والإخراج,BIO26-S16-01,القلب والأوعية والدورة الدموية,تجميعات الأحياء 2026 — مفتاح الإجابة في PDF p.111,A,0,NOT_STARTED,,NOT_RUN,PRE_CROP_RANGE_FROZEN_V1
24,BIO26-L24,أحياء 3,الجهاز الدوراني,111,111,110,2,62,TAH-BIO-BIO26-L24-Q062,BIO26-PDF111-L24-S2-Q062,القلب والأوعية والدورة الدموية,BIO26-M16,الدوران والتنفس والإخراج,BIO26-S16-01,القلب والأوعية والدورة الدموية,تجميعات الأحياء 2026 — مفتاح الإجابة في PDF p.111,D,3,NOT_STARTED,,NOT_RUN,PRE_CROP_RANGE_FROZEN_V1
24,BIO26-L24,أحياء 3,الجهاز الدوراني,111,111,110,2,63,TAH-BIO-BIO26-L24-Q063,BIO26-PDF111-L24-S2-Q063,القلب والأوعية والدورة الدموية,BIO26-M16,الدوران والتنفس والإخراج,BIO26-S16-01,القلب والأوعية والدورة الدموية,تجميعات الأحياء 2026 — مفتاح الإجابة في PDF p.111,B,1,NOT_STARTED,,NOT_RUN,PRE_CROP_RANGE_FROZEN_V1
24,BIO26-L24,أحياء 3,الجهاز الدوراني,111,111,110,2,64,TAH-BIO-BIO26-L24-Q064,BIO26-PDF111-L24-S2-Q064,القلب والأوعية والدورة الدموية,BIO26-M16,الدوران والتنفس والإخراج,BIO26-S16-01,القلب والأوعية والدورة الدموية,تجميعات الأحياء 2026 — مفتاح الإجابة في PDF p.111,A,0,NOT_STARTED,,NOT_RUN,PRE_CROP_RANGE_FROZEN_V1
24,BIO26-L24,أحياء 3,الجهاز الدوراني,111,111,110,2,65,TAH-BIO-BIO26-L24-Q065,BIO26-PDF111-L24-S2-Q065,القلب والأوعية والدورة الدموية,BIO26-M16,الدوران والتنفس والإخراج,BIO26-S16-01,القلب والأوعية والدورة الدموية,تجميعات الأحياء 2026 — مفتاح الإجابة في PDF p.111,C,2,NOT_STARTED,,NOT_RUN,PRE_CROP_RANGE_FROZEN_V1
24,BIO26-L24,أحياء 3,الجهاز الدوراني,111,111,110,2,66,TAH-BIO-BIO26-L24-Q066,BIO26-PDF111-L24-S2-Q066,القلب والأوعية والدورة الدموية,BIO26-M16,الدوران والتنفس والإخراج,BIO26-S16-01,القلب والأوعية والدورة الدموية,تجميعات الأحياء 2026 — مفتاح الإجابة في PDF p.111,A,0,NOT_STARTED,,NOT_RUN,PRE_CROP_RANGE_FROZEN_V1
24,BIO26-L24,أحياء 3,الجهاز الدوراني,111,111,110,2,67,TAH-BIO-BIO26-L24-Q067,BIO26-PDF111-L24-S2-Q067,القلب والأوعية والدورة الدموية,BIO26-M16,الدوران والتنفس والإخراج,BIO26-S16-01,القلب والأوعية والدورة الدموية,تجميعات الأحياء 2026 — مفتاح الإجابة في PDF p.111,C,2,NOT_STARTED,,NOT_RUN,PRE_CROP_RANGE_FROZEN_V1
24,BIO26-L24,أحياء 3,الجهاز الدوراني,111,111,110,2,68,TAH-BIO-BIO26-L24-Q068,BIO26-PDF111-L24-S2-Q068,القلب والأوعية والدورة الدموية,BIO26-M16,الدوران والتنفس والإخراج,BIO26-S16-01,القلب والأوعية والدورة الدموية,تجميعات الأحياء 2026 — مفتاح الإجابة في PDF p.111,B,1,NOT_STARTED,,NOT_RUN,PRE_CROP_RANGE_FROZEN_V1
24,BIO26-L24,أحياء 3,الجهاز الدوراني,111,111,110,2,69,TAH-BIO-BIO26-L24-Q069,BIO26-PDF111-L24-S2-Q069,القلب والأوعية والدورة الدموية,BIO26-M16,الدوران والتنفس والإخراج,BIO26-S16-01,القلب والأوعية والدورة الدموية,تجميعات الأحياء 2026 — مفتاح الإجابة في PDF p.111,B,1,NOT_STARTED,,NOT_RUN,PRE_CROP_RANGE_FROZEN_V1
24,BIO26-L24,أحياء 3,الجهاز الدوراني,111,111,110,2,70,TAH-BIO-BIO26-L24-Q070,BIO26-PDF111-L24-S2-Q070,القلب والأوعية والدورة الدموية,BIO26-M16,الدوران والتنفس والإخراج,BIO26-S16-01,القلب والأوعية والدورة الدموية,تجميعات الأحياء 2026 — مفتاح الإجابة في PDF p.111,B,1,NOT_STARTED,,NOT_RUN,PRE_CROP_RANGE_FROZEN_V1
24,BIO26-L24,أحياء 3,الجهاز الدوراني,111,111,110,2,71,TAH-BIO-BIO26-L24-Q071,BIO26-PDF111-L24-S2-Q071,القلب والأوعية والدورة الدموية,BIO26-M16,الدوران والتنفس والإخراج,BIO26-S16-01,القلب والأوعية والدورة الدموية,تجميعات الأحياء 2026 — مفتاح الإجابة في PDF p.111,C,2,NOT_STARTED,,NOT_RUN,PRE_CROP_RANGE_FROZEN_V1
24,BIO26-L24,أحياء 3,الجهاز الدوراني,111,111,110,2,72,TAH-BIO-BIO26-L24-Q072,BIO26-PDF111-L24-S2-Q072,مكونات الدم وفصائل الدم وعامل Rh,BIO26-M16,الدوران والتنفس والإخراج,BIO26-S16-02,مكونات الدم وفصائل الدم وعامل Rh,تجميعات الأحياء 2026 — مفتاح الإجابة في PDF p.111,B,1,NOT_STARTED,,NOT_RUN,PRE_CROP_RANGE_FROZEN_V1
24,BIO26-L24,أحياء 3,الجهاز الدوراني,111,111,110,2,73,TAH-BIO-BIO26-L24-Q073,BIO26-PDF111-L24-S2-Q073,مكونات الدم وفصائل الدم وعامل Rh,BIO26-M16,الدوران والتنفس والإخراج,BIO26-S16-02,مكونات الدم وفصائل الدم وعامل Rh,تجميعات الأحياء 2026 — مفتاح الإجابة في PDF p.111,B,1,NOT_STARTED,,NOT_RUN,PRE_CROP_RANGE_FROZEN_V1
24,BIO26-L24,أحياء 3,الجهاز الدوراني,112,112,111,2,74,TAH-BIO-BIO26-L24-Q074,BIO26-PDF112-L24-S2-Q074,مكونات الدم وفصائل الدم وعامل Rh,BIO26-M16,الدوران والتنفس والإخراج,BIO26-S16-02,مكونات الدم وفصائل الدم وعامل Rh,تجميعات الأحياء 2026 — مفتاح الإجابة في PDF p.112,C,2,NOT_STARTED,,NOT_RUN,PRE_CROP_RANGE_FROZEN_V1
24,BIO26-L24,أحياء 3,الجهاز الدوراني,112,112,111,2,75,TAH-BIO-BIO26-L24-Q075,BIO26-PDF112-L24-S2-Q075,مكونات الدم وفصائل الدم وعامل Rh,BIO26-M16,الدوران والتنفس والإخراج,BIO26-S16-02,مكونات الدم وفصائل الدم وعامل Rh,تجميعات الأحياء 2026 — مفتاح الإجابة في PDF p.112,D,3,NOT_STARTED,,NOT_RUN,PRE_CROP_RANGE_FROZEN_V1
24,BIO26-L24,أحياء 3,الجهاز الدوراني,112,112,111,2,76,TAH-BIO-BIO26-L24-Q076,BIO26-PDF112-L24-S2-Q076,مكونات الدم وفصائل الدم وعامل Rh,BIO26-M16,الدوران والتنفس والإخراج,BIO26-S16-02,مكونات الدم وفصائل الدم وعامل Rh,تجميعات الأحياء 2026 — مفتاح الإجابة في PDF p.112,D,3,NOT_STARTED,,NOT_RUN,PRE_CROP_RANGE_FROZEN_V1
24,BIO26-L24,أحياء 3,الجهاز الدوراني,112,112,111,2,77,TAH-BIO-BIO26-L24-Q077,BIO26-PDF112-L24-S2-Q077,مكونات الدم وفصائل الدم وعامل Rh,BIO26-M16,الدوران والتنفس والإخراج,BIO26-S16-02,مكونات الدم وفصائل الدم وعامل Rh,تجميعات الأحياء 2026 — مفتاح الإجابة في PDF p.112,C,2,NOT_STARTED,,NOT_RUN,PRE_CROP_RANGE_FROZEN_V1
24,BIO26-L24,أحياء 3,الجهاز الدوراني,112,112,111,2,78,TAH-BIO-BIO26-L24-Q078,BIO26-PDF112-L24-S2-Q078,مكونات الدم وفصائل الدم وعامل Rh,BIO26-M16,الدوران والتنفس والإخراج,BIO26-S16-02,مكونات الدم وفصائل الدم وعامل Rh,تجميعات الأحياء 2026 — مفتاح الإجابة في PDF p.112,A,0,NOT_STARTED,,NOT_RUN,PRE_CROP_RANGE_FROZEN_V1
24,BIO26-L24,أحياء 3,الجهاز الدوراني,112,112,111,2,79,TAH-BIO-BIO26-L24-Q079,BIO26-PDF112-L24-S2-Q079,مكونات الدم وفصائل الدم وعامل Rh,BIO26-M16,الدوران والتنفس والإخراج,BIO26-S16-02,مكونات الدم وفصائل الدم وعامل Rh,تجميعات الأحياء 2026 — مفتاح الإجابة في PDF p.112,B,1,NOT_STARTED,,NOT_RUN,PRE_CROP_RANGE_FROZEN_V1
24,BIO26-L24,أحياء 3,الجهاز الدوراني,112,112,111,2,80,TAH-BIO-BIO26-L24-Q080,BIO26-PDF112-L24-S2-Q080,مكونات الدم وفصائل الدم وعامل Rh,BIO26-M16,الدوران والتنفس والإخراج,BIO26-S16-02,مكونات الدم وفصائل الدم وعامل Rh,تجميعات الأحياء 2026 — مفتاح الإجابة في PDF p.112,B,1,NOT_STARTED,,NOT_RUN,PRE_CROP_RANGE_FROZEN_V1
24,BIO26-L24,أحياء 3,الجهاز الدوراني,112,112,111,2,81,TAH-BIO-BIO26-L24-Q081,BIO26-PDF112-L24-S2-Q081,مكونات الدم وفصائل الدم وعامل Rh,BIO26-M16,الدوران والتنفس والإخراج,BIO26-S16-02,مكونات الدم وفصائل الدم وعامل Rh,تجميعات الأحياء 2026 — مفتاح الإجابة في PDF p.112,D,3,NOT_STARTED,,NOT_RUN,PRE_CROP_RANGE_FROZEN_V1
24,BIO26-L24,أحياء 3,الجهاز الدوراني,112,112,111,2,82,TAH-BIO-BIO26-L24-Q082,BIO26-PDF112-L24-S2-Q082,مكونات الدم وفصائل الدم وعامل Rh,BIO26-M16,الدوران والتنفس والإخراج,BIO26-S16-02,مكونات الدم وفصائل الدم وعامل Rh,تجميعات الأحياء 2026 — مفتاح الإجابة في PDF p.112,B,1,NOT_STARTED,,NOT_RUN,PRE_CROP_RANGE_FROZEN_V1
24,BIO26-L24,أحياء 3,الجهاز الدوراني,112,112,111,2,83,TAH-BIO-BIO26-L24-Q083,BIO26-PDF112-L24-S2-Q083,مكونات الدم وفصائل الدم وعامل Rh,BIO26-M16,الدوران والتنفس والإخراج,BIO26-S16-02,مكونات الدم وفصائل الدم وعامل Rh,تجميعات الأحياء 2026 — مفتاح الإجابة في PDF p.112,B,1,NOT_STARTED,,NOT_RUN,PRE_CROP_RANGE_FROZEN_V1
24,BIO26-L24,أحياء 3,الجهاز الدوراني,112,112,111,2,84,TAH-BIO-BIO26-L24-Q084,BIO26-PDF112-L24-S2-Q084,مكونات الدم وفصائل الدم وعامل Rh,BIO26-M16,الدوران والتنفس والإخراج,BIO26-S16-02,مكونات الدم وفصائل الدم وعامل Rh,تجميعات الأحياء 2026 — مفتاح الإجابة في PDF p.112,C,2,NOT_STARTED,,NOT_RUN,PRE_CROP_RANGE_FROZEN_V1
24,BIO26-L24,أحياء 3,الجهاز الدوراني,112,112,111,2,85,TAH-BIO-BIO26-L24-Q085,BIO26-PDF112-L24-S2-Q085,مكونات الدم وفصائل الدم وعامل Rh,BIO26-M16,الدوران والتنفس والإخراج,BIO26-S16-02,مكونات الدم وفصائل الدم وعامل Rh,تجميعات الأحياء 2026 — مفتاح الإجابة في PDF p.112,C,2,NOT_STARTED,,NOT_RUN,PRE_CROP_RANGE_FROZEN_V1
25,BIO26-L25,أحياء 3,الجهازان التنفسي والإخراجي,113,113,112,1,1,TAH-BIO-BIO26-L25-Q001,BIO26-PDF113-L25-S1-Q001,الجهاز التنفسي وتبادل الغازات وأمراضه,BIO26-M16,الدوران والتنفس والإخراج,BIO26-S16-03,الجهاز التنفسي وتبادل الغازات وأمراضه,تجميعات الأحياء 2026 — مفتاح الإجابة في PDF p.113,D,3,NOT_STARTED,,NOT_RUN,PRE_CROP_RANGE_FROZEN_V1
25,BIO26-L25,أحياء 3,الجهازان التنفسي والإخراجي,113,113,112,1,2,TAH-BIO-BIO26-L25-Q002,BIO26-PDF113-L25-S1-Q002,الجهاز التنفسي وتبادل الغازات وأمراضه,BIO26-M16,الدوران والتنفس والإخراج,BIO26-S16-03,الجهاز التنفسي وتبادل الغازات وأمراضه,تجميعات الأحياء 2026 — مفتاح الإجابة في PDF p.113,B,1,NOT_STARTED,,NOT_RUN,PRE_CROP_RANGE_FROZEN_V1
25,BIO26-L25,أحياء 3,الجهازان التنفسي والإخراجي,113,113,112,1,3,TAH-BIO-BIO26-L25-Q003,BIO26-PDF113-L25-S1-Q003,الجهاز التنفسي وتبادل الغازات وأمراضه,BIO26-M16,الدوران والتنفس والإخراج,BIO26-S16-03,الجهاز التنفسي وتبادل الغازات وأمراضه,تجميعات الأحياء 2026 — مفتاح الإجابة في PDF p.113,B,1,NOT_STARTED,,NOT_RUN,PRE_CROP_RANGE_FROZEN_V1
25,BIO26-L25,أحياء 3,الجهازان التنفسي والإخراجي,113,113,112,1,4,TAH-BIO-BIO26-L25-Q004,BIO26-PDF113-L25-S1-Q004,الجهاز التنفسي وتبادل الغازات وأمراضه,BIO26-M16,الدوران والتنفس والإخراج,BIO26-S16-03,الجهاز التنفسي وتبادل الغازات وأمراضه,تجميعات الأحياء 2026 — مفتاح الإجابة في PDF p.113,B,1,NOT_STARTED,,NOT_RUN,PRE_CROP_RANGE_FROZEN_V1
25,BIO26-L25,أحياء 3,الجهازان التنفسي والإخراجي,113,113,112,1,5,TAH-BIO-BIO26-L25-Q005,BIO26-PDF113-L25-S1-Q005,الجهاز التنفسي وتبادل الغازات وأمراضه,BIO26-M16,الدوران والتنفس والإخراج,BIO26-S16-03,الجهاز التنفسي وتبادل الغازات وأمراضه,تجميعات الأحياء 2026 — مفتاح الإجابة في PDF p.113,D,3,NOT_STARTED,,NOT_RUN,PRE_CROP_RANGE_FROZEN_V1
25,BIO26-L25,أحياء 3,الجهازان التنفسي والإخراجي,113,113,112,1,6,TAH-BIO-BIO26-L25-Q006,BIO26-PDF113-L25-S1-Q006,الجهاز التنفسي وتبادل الغازات وأمراضه,BIO26-M16,الدوران والتنفس والإخراج,BIO26-S16-03,الجهاز التنفسي وتبادل الغازات وأمراضه,تجميعات الأحياء 2026 — مفتاح الإجابة في PDF p.113,A,0,NOT_STARTED,,NOT_RUN,PRE_CROP_RANGE_FROZEN_V1
25,BIO26-L25,أحياء 3,الجهازان التنفسي والإخراجي,113,113,112,1,7,TAH-BIO-BIO26-L25-Q007,BIO26-PDF113-L25-S1-Q007,الجهاز التنفسي وتبادل الغازات وأمراضه,BIO26-M16,الدوران والتنفس والإخراج,BIO26-S16-03,الجهاز التنفسي وتبادل الغازات وأمراضه,تجميعات الأحياء 2026 — مفتاح الإجابة في PDF p.113,A,0,NOT_STARTED,,NOT_RUN,PRE_CROP_RANGE_FROZEN_V1
25,BIO26-L25,أحياء 3,الجهازان التنفسي والإخراجي,113,113,112,1,8,TAH-BIO-BIO26-L25-Q008,BIO26-PDF113-L25-S1-Q008,الكلية والنيفرون والإخراج والاتزان المائي,BIO26-M16,الدوران والتنفس والإخراج,BIO26-S16-04,الكلية والنيفرون والإخراج والاتزان المائي,تجميعات الأحياء 2026 — مفتاح الإجابة في PDF p.113,A,0,NOT_STARTED,,NOT_RUN,PRE_CROP_RANGE_FROZEN_V1
25,BIO26-L25,أحياء 3,الجهازان التنفسي والإخراجي,113,113,112,1,9,TAH-BIO-BIO26-L25-Q009,BIO26-PDF113-L25-S1-Q009,الكلية والنيفرون والإخراج والاتزان المائي,BIO26-M16,الدوران والتنفس والإخراج,BIO26-S16-04,الكلية والنيفرون والإخراج والاتزان المائي,تجميعات الأحياء 2026 — مفتاح الإجابة في PDF p.113,C,2,NOT_STARTED,,NOT_RUN,PRE_CROP_RANGE_FROZEN_V1
25,BIO26-L25,أحياء 3,الجهازان التنفسي والإخراجي,113,113,112,1,10,TAH-BIO-BIO26-L25-Q010,BIO26-PDF113-L25-S1-Q010,الكلية والنيفرون والإخراج والاتزان المائي,BIO26-M16,الدوران والتنفس والإخراج,BIO26-S16-04,الكلية والنيفرون والإخراج والاتزان المائي,تجميعات الأحياء 2026 — مفتاح الإجابة في PDF p.113,A,0,NOT_STARTED,,NOT_RUN,PRE_CROP_RANGE_FROZEN_V1
25,BIO26-L25,أحياء 3,الجهازان التنفسي والإخراجي,113,113,112,1,11,TAH-BIO-BIO26-L25-Q011,BIO26-PDF113-L25-S1-Q011,الكلية والنيفرون والإخراج والاتزان المائي,BIO26-M16,الدوران والتنفس والإخراج,BIO26-S16-04,الكلية والنيفرون والإخراج والاتزان المائي,تجميعات الأحياء 2026 — مفتاح الإجابة في PDF p.113,B,1,NOT_STARTED,,NOT_RUN,PRE_CROP_RANGE_FROZEN_V1
25,BIO26-L25,أحياء 3,الجهازان التنفسي والإخراجي,113,113,112,1,12,TAH-BIO-BIO26-L25-Q012,BIO26-PDF113-L25-S1-Q012,الكلية والنيفرون والإخراج والاتزان المائي,BIO26-M16,الدوران والتنفس والإخراج,BIO26-S16-04,الكلية والنيفرون والإخراج والاتزان المائي,تجميعات الأحياء 2026 — مفتاح الإجابة في PDF p.113,D,3,NOT_STARTED,,NOT_RUN,PRE_CROP_RANGE_FROZEN_V1
25,BIO26-L25,أحياء 3,الجهازان التنفسي والإخراجي,113,113,112,1,13,TAH-BIO-BIO26-L25-Q013,BIO26-PDF113-L25-S1-Q013,الكلية والنيفرون والإخراج والاتزان المائي,BIO26-M16,الدوران والتنفس والإخراج,BIO26-S16-04,الكلية والنيفرون والإخراج والاتزان المائي,تجميعات الأحياء 2026 — مفتاح الإجابة في PDF p.113,A,0,NOT_STARTED,,NOT_RUN,PRE_CROP_RANGE_FROZEN_V1
25,BIO26-L25,أحياء 3,الجهازان التنفسي والإخراجي,113,113,112,1,14,TAH-BIO-BIO26-L25-Q014,BIO26-PDF113-L25-S1-Q014,الكلية والنيفرون والإخراج والاتزان المائي,BIO26-M16,الدوران والتنفس والإخراج,BIO26-S16-04,الكلية والنيفرون والإخراج والاتزان المائي,تجميعات الأحياء 2026 — مفتاح الإجابة في PDF p.113,C,2,NOT_STARTED,,NOT_RUN,PRE_CROP_RANGE_FROZEN_V1
25,BIO26-L25,أحياء 3,الجهازان التنفسي والإخراجي,114,114,113,1,15,TAH-BIO-BIO26-L25-Q015,BIO26-PDF114-L25-S1-Q015,الكلية والنيفرون والإخراج والاتزان المائي,BIO26-M16,الدوران والتنفس والإخراج,BIO26-S16-04,الكلية والنيفرون والإخراج والاتزان المائي,تجميعات الأحياء 2026 — مفتاح الإجابة في PDF p.114,A,0,NOT_STARTED,,NOT_RUN,PRE_CROP_RANGE_FROZEN_V1
25,BIO26-L25,أحياء 3,الجهازان التنفسي والإخراجي,114,114,113,1,16,TAH-BIO-BIO26-L25-Q016,BIO26-PDF114-L25-S1-Q016,الكلية والنيفرون والإخراج والاتزان المائي,BIO26-M16,الدوران والتنفس والإخراج,BIO26-S16-04,الكلية والنيفرون والإخراج والاتزان المائي,تجميعات الأحياء 2026 — مفتاح الإجابة في PDF p.114,D,3,NOT_STARTED,,NOT_RUN,PRE_CROP_RANGE_FROZEN_V1
25,BIO26-L25,أحياء 3,الجهازان التنفسي والإخراجي,114,114,113,1,17,TAH-BIO-BIO26-L25-Q017,BIO26-PDF114-L25-S1-Q017,الكلية والنيفرون والإخراج والاتزان المائي,BIO26-M16,الدوران والتنفس والإخراج,BIO26-S16-04,الكلية والنيفرون والإخراج والاتزان المائي,تجميعات الأحياء 2026 — مفتاح الإجابة في PDF p.114,C,2,NOT_STARTED,,NOT_RUN,PRE_CROP_RANGE_FROZEN_V1
25,BIO26-L25,أحياء 3,الجهازان التنفسي والإخراجي,114,114,113,1,18,TAH-BIO-BIO26-L25-Q018,BIO26-PDF114-L25-S1-Q018,الكلية والنيفرون والإخراج والاتزان المائي,BIO26-M16,الدوران والتنفس والإخراج,BIO26-S16-04,الكلية والنيفرون والإخراج والاتزان المائي,تجميعات الأحياء 2026 — مفتاح الإجابة في PDF p.114,C,2,NOT_STARTED,,NOT_RUN,PRE_CROP_RANGE_FROZEN_V1
25,BIO26-L25,أحياء 3,الجهازان التنفسي والإخراجي,114,114,113,1,19,TAH-BIO-BIO26-L25-Q019,BIO26-PDF114-L25-S1-Q019,الكلية والنيفرون والإخراج والاتزان المائي,BIO26-M16,الدوران والتنفس والإخراج,BIO26-S16-04,الكلية والنيفرون والإخراج والاتزان المائي,تجميعات الأحياء 2026 — مفتاح الإجابة في PDF p.114,B,1,NOT_STARTED,,NOT_RUN,PRE_CROP_RANGE_FROZEN_V1
25,BIO26-L25,أحياء 3,الجهازان التنفسي والإخراجي,114,114,113,1,20,TAH-BIO-BIO26-L25-Q020,BIO26-PDF114-L25-S1-Q020,الكلية والنيفرون والإخراج والاتزان المائي,BIO26-M16,الدوران والتنفس والإخراج,BIO26-S16-04,الكلية والنيفرون والإخراج والاتزان المائي,تجميعات الأحياء 2026 — مفتاح الإجابة في PDF p.114,A,0,NOT_STARTED,,NOT_RUN,PRE_CROP_RANGE_FROZEN_V1
25,BIO26-L25,أحياء 3,الجهازان التنفسي والإخراجي,114,114,113,1,21,TAH-BIO-BIO26-L25-Q021,BIO26-PDF114-L25-S1-Q021,الكلية والنيفرون والإخراج والاتزان المائي,BIO26-M16,الدوران والتنفس والإخراج,BIO26-S16-04,الكلية والنيفرون والإخراج والاتزان المائي,تجميعات الأحياء 2026 — مفتاح الإجابة في PDF p.114,C,2,NOT_STARTED,,NOT_RUN,PRE_CROP_RANGE_FROZEN_V1
25,BIO26-L25,أحياء 3,الجهازان التنفسي والإخراجي,114,114,113,1,22,TAH-BIO-BIO26-L25-Q022,BIO26-PDF114-L25-S1-Q022,الكلية والنيفرون والإخراج والاتزان المائي,BIO26-M16,الدوران والتنفس والإخراج,BIO26-S16-04,الكلية والنيفرون والإخراج والاتزان المائي,تجميعات الأحياء 2026 — مفتاح الإجابة في PDF p.114,B,1,NOT_STARTED,,NOT_RUN,PRE_CROP_RANGE_FROZEN_V1
25,BIO26-L25,أحياء 3,الجهازان التنفسي والإخراجي,114,114,113,1,23,TAH-BIO-BIO26-L25-Q023,BIO26-PDF114-L25-S1-Q023,الكلية والنيفرون والإخراج والاتزان المائي,BIO26-M16,الدوران والتنفس والإخراج,BIO26-S16-04,الكلية والنيفرون والإخراج والاتزان المائي,تجميعات الأحياء 2026 — مفتاح الإجابة في PDF p.114,C,2,NOT_STARTED,,NOT_RUN,PRE_CROP_RANGE_FROZEN_V1
25,BIO26-L25,أحياء 3,الجهازان التنفسي والإخراجي,114,114,113,1,24,TAH-BIO-BIO26-L25-Q024,BIO26-PDF114-L25-S1-Q024,الكلية والنيفرون والإخراج والاتزان المائي,BIO26-M16,الدوران والتنفس والإخراج,BIO26-S16-04,الكلية والنيفرون والإخراج والاتزان المائي,تجميعات الأحياء 2026 — مفتاح الإجابة في PDF p.114,D,3,NOT_STARTED,,NOT_RUN,PRE_CROP_RANGE_FROZEN_V1
25,BIO26-L25,أحياء 3,الجهازان التنفسي والإخراجي,115,115,114,2,25,TAH-BIO-BIO26-L25-Q025,BIO26-PDF115-L25-S2-Q025,الجهاز التنفسي وتبادل الغازات وأمراضه,BIO26-M16,الدوران والتنفس والإخراج,BIO26-S16-03,الجهاز التنفسي وتبادل الغازات وأمراضه,تجميعات الأحياء 2026 — مفتاح الإجابة في PDF p.115,B,1,NOT_STARTED,,NOT_RUN,PRE_CROP_RANGE_FROZEN_V1
25,BIO26-L25,أحياء 3,الجهازان التنفسي والإخراجي,115,115,114,2,26,TAH-BIO-BIO26-L25-Q026,BIO26-PDF115-L25-S2-Q026,الجهاز التنفسي وتبادل الغازات وأمراضه,BIO26-M16,الدوران والتنفس والإخراج,BIO26-S16-03,الجهاز التنفسي وتبادل الغازات وأمراضه,تجميعات الأحياء 2026 — مفتاح الإجابة في PDF p.115,B,1,NOT_STARTED,,NOT_RUN,PRE_CROP_RANGE_FROZEN_V1
25,BIO26-L25,أحياء 3,الجهازان التنفسي والإخراجي,115,115,114,2,27,TAH-BIO-BIO26-L25-Q027,BIO26-PDF115-L25-S2-Q027,الجهاز التنفسي وتبادل الغازات وأمراضه,BIO26-M16,الدوران والتنفس والإخراج,BIO26-S16-03,الجهاز التنفسي وتبادل الغازات وأمراضه,تجميعات الأحياء 2026 — مفتاح الإجابة في PDF p.115,A,0,NOT_STARTED,,NOT_RUN,PRE_CROP_RANGE_FROZEN_V1
25,BIO26-L25,أحياء 3,الجهازان التنفسي والإخراجي,115,115,114,2,28,TAH-BIO-BIO26-L25-Q028,BIO26-PDF115-L25-S2-Q028,الجهاز التنفسي وتبادل الغازات وأمراضه,BIO26-M16,الدوران والتنفس والإخراج,BIO26-S16-03,الجهاز التنفسي وتبادل الغازات وأمراضه,تجميعات الأحياء 2026 — مفتاح الإجابة في PDF p.115,C,2,NOT_STARTED,,NOT_RUN,PRE_CROP_RANGE_FROZEN_V1
25,BIO26-L25,أحياء 3,الجهازان التنفسي والإخراجي,115,115,114,2,29,TAH-BIO-BIO26-L25-Q029,BIO26-PDF115-L25-S2-Q029,الجهاز التنفسي وتبادل الغازات وأمراضه,BIO26-M16,الدوران والتنفس والإخراج,BIO26-S16-03,الجهاز التنفسي وتبادل الغازات وأمراضه,تجميعات الأحياء 2026 — مفتاح الإجابة في PDF p.115,A,0,NOT_STARTED,,NOT_RUN,PRE_CROP_RANGE_FROZEN_V1
25,BIO26-L25,أحياء 3,الجهازان التنفسي والإخراجي,115,115,114,2,30,TAH-BIO-BIO26-L25-Q030,BIO26-PDF115-L25-S2-Q030,الجهاز التنفسي وتبادل الغازات وأمراضه,BIO26-M16,الدوران والتنفس والإخراج,BIO26-S16-03,الجهاز التنفسي وتبادل الغازات وأمراضه,تجميعات الأحياء 2026 — مفتاح الإجابة في PDF p.115,B,1,NOT_STARTED,,NOT_RUN,PRE_CROP_RANGE_FROZEN_V1
25,BIO26-L25,أحياء 3,الجهازان التنفسي والإخراجي,115,115,114,2,31,TAH-BIO-BIO26-L25-Q031,BIO26-PDF115-L25-S2-Q031,الجهاز التنفسي وتبادل الغازات وأمراضه,BIO26-M16,الدوران والتنفس والإخراج,BIO26-S16-03,الجهاز التنفسي وتبادل الغازات وأمراضه,تجميعات الأحياء 2026 — مفتاح الإجابة في PDF p.115,C,2,NOT_STARTED,,NOT_RUN,PRE_CROP_RANGE_FROZEN_V1
25,BIO26-L25,أحياء 3,الجهازان التنفسي والإخراجي,115,115,114,2,32,TAH-BIO-BIO26-L25-Q032,BIO26-PDF115-L25-S2-Q032,الجهاز التنفسي وتبادل الغازات وأمراضه,BIO26-M16,الدوران والتنفس والإخراج,BIO26-S16-03,الجهاز التنفسي وتبادل الغازات وأمراضه,تجميعات الأحياء 2026 — مفتاح الإجابة في PDF p.115,A,0,NOT_STARTED,,NOT_RUN,PRE_CROP_RANGE_FROZEN_V1
25,BIO26-L25,أحياء 3,الجهازان التنفسي والإخراجي,115,115,114,2,33,TAH-BIO-BIO26-L25-Q033,BIO26-PDF115-L25-S2-Q033,الجهاز التنفسي وتبادل الغازات وأمراضه,BIO26-M16,الدوران والتنفس والإخراج,BIO26-S16-03,الجهاز التنفسي وتبادل الغازات وأمراضه,تجميعات الأحياء 2026 — مفتاح الإجابة في PDF p.115,C,2,NOT_STARTED,,NOT_RUN,PRE_CROP_RANGE_FROZEN_V1
25,BIO26-L25,أحياء 3,الجهازان التنفسي والإخراجي,115,115,114,2,34,TAH-BIO-BIO26-L25-Q034,BIO26-PDF115-L25-S2-Q034,الجهاز التنفسي وتبادل الغازات وأمراضه,BIO26-M16,الدوران والتنفس والإخراج,BIO26-S16-03,الجهاز التنفسي وتبادل الغازات وأمراضه,تجميعات الأحياء 2026 — مفتاح الإجابة في PDF p.115,A,0,NOT_STARTED,,NOT_RUN,PRE_CROP_RANGE_FROZEN_V1
25,BIO26-L25,أحياء 3,الجهازان التنفسي والإخراجي,115,115,114,2,35,TAH-BIO-BIO26-L25-Q035,BIO26-PDF115-L25-S2-Q035,الكلية والنيفرون والإخراج والاتزان المائي,BIO26-M16,الدوران والتنفس والإخراج,BIO26-S16-04,الكلية والنيفرون والإخراج والاتزان المائي,تجميعات الأحياء 2026 — مفتاح الإجابة في PDF p.115,A,0,NOT_STARTED,,NOT_RUN,PRE_CROP_RANGE_FROZEN_V1
25,BIO26-L25,أحياء 3,الجهازان التنفسي والإخراجي,115,115,114,2,36,TAH-BIO-BIO26-L25-Q036,BIO26-PDF115-L25-S2-Q036,الكلية والنيفرون والإخراج والاتزان المائي,BIO26-M16,الدوران والتنفس والإخراج,BIO26-S16-04,الكلية والنيفرون والإخراج والاتزان المائي,تجميعات الأحياء 2026 — مفتاح الإجابة في PDF p.115,A,0,NOT_STARTED,,NOT_RUN,PRE_CROP_RANGE_FROZEN_V1
25,BIO26-L25,أحياء 3,الجهازان التنفسي والإخراجي,115,115,114,2,37,TAH-BIO-BIO26-L25-Q037,BIO26-PDF115-L25-S2-Q037,الكلية والنيفرون والإخراج والاتزان المائي,BIO26-M16,الدوران والتنفس والإخراج,BIO26-S16-04,الكلية والنيفرون والإخراج والاتزان المائي,تجميعات الأحياء 2026 — مفتاح الإجابة في PDF p.115,D,3,NOT_STARTED,,NOT_RUN,PRE_CROP_RANGE_FROZEN_V1
25,BIO26-L25,أحياء 3,الجهازان التنفسي والإخراجي,115,115,114,2,38,TAH-BIO-BIO26-L25-Q038,BIO26-PDF115-L25-S2-Q038,الكلية والنيفرون والإخراج والاتزان المائي,BIO26-M16,الدوران والتنفس والإخراج,BIO26-S16-04,الكلية والنيفرون والإخراج والاتزان المائي,تجميعات الأحياء 2026 — مفتاح الإجابة في PDF p.115,C,2,NOT_STARTED,,NOT_RUN,PRE_CROP_RANGE_FROZEN_V1
25,BIO26-L25,أحياء 3,الجهازان التنفسي والإخراجي,115,115,114,2,39,TAH-BIO-BIO26-L25-Q039,BIO26-PDF115-L25-S2-Q039,الكلية والنيفرون والإخراج والاتزان المائي,BIO26-M16,الدوران والتنفس والإخراج,BIO26-S16-04,الكلية والنيفرون والإخراج والاتزان المائي,تجميعات الأحياء 2026 — مفتاح الإجابة في PDF p.115,D,3,NOT_STARTED,,NOT_RUN,PRE_CROP_RANGE_FROZEN_V1
25,BIO26-L25,أحياء 3,الجهازان التنفسي والإخراجي,115,115,114,2,40,TAH-BIO-BIO26-L25-Q040,BIO26-PDF115-L25-S2-Q040,الكلية والنيفرون والإخراج والاتزان المائي,BIO26-M16,الدوران والتنفس والإخراج,BIO26-S16-04,الكلية والنيفرون والإخراج والاتزان المائي,تجميعات الأحياء 2026 — مفتاح الإجابة في PDF p.115,D,3,NOT_STARTED,,NOT_RUN,PRE_CROP_RANGE_FROZEN_V1
25,BIO26-L25,أحياء 3,الجهازان التنفسي والإخراجي,115,115,114,2,41,TAH-BIO-BIO26-L25-Q041,BIO26-PDF115-L25-S2-Q041,الكلية والنيفرون والإخراج والاتزان المائي,BIO26-M16,الدوران والتنفس والإخراج,BIO26-S16-04,الكلية والنيفرون والإخراج والاتزان المائي,تجميعات الأحياء 2026 — مفتاح الإجابة في PDF p.115,D,3,NOT_STARTED,,NOT_RUN,PRE_CROP_RANGE_FROZEN_V1
25,BIO26-L25,أحياء 3,الجهازان التنفسي والإخراجي,115,115,114,2,42,TAH-BIO-BIO26-L25-Q042,BIO26-PDF115-L25-S2-Q042,الكلية والنيفرون والإخراج والاتزان المائي,BIO26-M16,الدوران والتنفس والإخراج,BIO26-S16-04,الكلية والنيفرون والإخراج والاتزان المائي,تجميعات الأحياء 2026 — مفتاح الإجابة في PDF p.115,B,1,NOT_STARTED,,NOT_RUN,PRE_CROP_RANGE_FROZEN_V1
25,BIO26-L25,أحياء 3,الجهازان التنفسي والإخراجي,115,115,114,2,43,TAH-BIO-BIO26-L25-Q043,BIO26-PDF115-L25-S2-Q043,الكلية والنيفرون والإخراج والاتزان المائي,BIO26-M16,الدوران والتنفس والإخراج,BIO26-S16-04,الكلية والنيفرون والإخراج والاتزان المائي,تجميعات الأحياء 2026 — مفتاح الإجابة في PDF p.115,A,0,NOT_STARTED,,NOT_RUN,PRE_CROP_RANGE_FROZEN_V1
26,BIO26-L26,أحياء 3,الجهاز الهضمي,116,116,115,1,1,TAH-BIO-BIO26-L26-Q001,BIO26-PDF116-L26-S1-Q001,القناة الهضمية والهضم والامتصاص,BIO26-M17,الهضم والتغذية والغدد الصماء,BIO26-S17-01,القناة الهضمية والهضم والامتصاص,تجميعات الأحياء 2026 — مفتاح الإجابة في PDF p.116,A,0,NOT_STARTED,,NOT_RUN,PRE_CROP_RANGE_FROZEN_V1
26,BIO26-L26,أحياء 3,الجهاز الهضمي,116,116,115,1,2,TAH-BIO-BIO26-L26-Q002,BIO26-PDF116-L26-S1-Q002,القناة الهضمية والهضم والامتصاص,BIO26-M17,الهضم والتغذية والغدد الصماء,BIO26-S17-01,القناة الهضمية والهضم والامتصاص,تجميعات الأحياء 2026 — مفتاح الإجابة في PDF p.116,C,2,NOT_STARTED,,NOT_RUN,PRE_CROP_RANGE_FROZEN_V1
26,BIO26-L26,أحياء 3,الجهاز الهضمي,116,116,115,1,3,TAH-BIO-BIO26-L26-Q003,BIO26-PDF116-L26-S1-Q003,القناة الهضمية والهضم والامتصاص,BIO26-M17,الهضم والتغذية والغدد الصماء,BIO26-S17-01,القناة الهضمية والهضم والامتصاص,تجميعات الأحياء 2026 — مفتاح الإجابة في PDF p.116,A,0,NOT_STARTED,,NOT_RUN,PRE_CROP_RANGE_FROZEN_V1
26,BIO26-L26,أحياء 3,الجهاز الهضمي,116,116,115,1,4,TAH-BIO-BIO26-L26-Q004,BIO26-PDF116-L26-S1-Q004,القناة الهضمية والهضم والامتصاص,BIO26-M17,الهضم والتغذية والغدد الصماء,BIO26-S17-01,القناة الهضمية والهضم والامتصاص,تجميعات الأحياء 2026 — مفتاح الإجابة في PDF p.116,D,3,NOT_STARTED,,NOT_RUN,PRE_CROP_RANGE_FROZEN_V1
26,BIO26-L26,أحياء 3,الجهاز الهضمي,116,116,115,1,5,TAH-BIO-BIO26-L26-Q005,BIO26-PDF116-L26-S1-Q005,القناة الهضمية والهضم والامتصاص,BIO26-M17,الهضم والتغذية والغدد الصماء,BIO26-S17-01,القناة الهضمية والهضم والامتصاص,تجميعات الأحياء 2026 — مفتاح الإجابة في PDF p.116,A,0,NOT_STARTED,,NOT_RUN,PRE_CROP_RANGE_FROZEN_V1
26,BIO26-L26,أحياء 3,الجهاز الهضمي,116,116,115,1,6,TAH-BIO-BIO26-L26-Q006,BIO26-PDF116-L26-S1-Q006,القناة الهضمية والهضم والامتصاص,BIO26-M17,الهضم والتغذية والغدد الصماء,BIO26-S17-01,القناة الهضمية والهضم والامتصاص,تجميعات الأحياء 2026 — مفتاح الإجابة في PDF p.116,D,3,NOT_STARTED,,NOT_RUN,PRE_CROP_RANGE_FROZEN_V1
26,BIO26-L26,أحياء 3,الجهاز الهضمي,116,116,115,1,7,TAH-BIO-BIO26-L26-Q007,BIO26-PDF116-L26-S1-Q007,القناة الهضمية والهضم والامتصاص,BIO26-M17,الهضم والتغذية والغدد الصماء,BIO26-S17-01,القناة الهضمية والهضم والامتصاص,تجميعات الأحياء 2026 — مفتاح الإجابة في PDF p.116,A,0,NOT_STARTED,,NOT_RUN,PRE_CROP_RANGE_FROZEN_V1
26,BIO26-L26,أحياء 3,الجهاز الهضمي,116,116,115,1,8,TAH-BIO-BIO26-L26-Q008,BIO26-PDF116-L26-S1-Q008,القناة الهضمية والهضم والامتصاص,BIO26-M17,الهضم والتغذية والغدد الصماء,BIO26-S17-01,القناة الهضمية والهضم والامتصاص,تجميعات الأحياء 2026 — مفتاح الإجابة في PDF p.116,A,0,NOT_STARTED,,NOT_RUN,PRE_CROP_RANGE_FROZEN_V1
26,BIO26-L26,أحياء 3,الجهاز الهضمي,116,116,115,1,9,TAH-BIO-BIO26-L26-Q009,BIO26-PDF116-L26-S1-Q009,القناة الهضمية والهضم والامتصاص,BIO26-M17,الهضم والتغذية والغدد الصماء,BIO26-S17-01,القناة الهضمية والهضم والامتصاص,تجميعات الأحياء 2026 — مفتاح الإجابة في PDF p.116,A,0,NOT_STARTED,,NOT_RUN,PRE_CROP_RANGE_FROZEN_V1
26,BIO26-L26,أحياء 3,الجهاز الهضمي,116,116,115,1,10,TAH-BIO-BIO26-L26-Q010,BIO26-PDF116-L26-S1-Q010,القناة الهضمية والهضم والامتصاص,BIO26-M17,الهضم والتغذية والغدد الصماء,BIO26-S17-01,القناة الهضمية والهضم والامتصاص,تجميعات الأحياء 2026 — مفتاح الإجابة في PDF p.116,D,3,NOT_STARTED,,NOT_RUN,PRE_CROP_RANGE_FROZEN_V1
26,BIO26-L26,أحياء 3,الجهاز الهضمي,116,116,115,1,11,TAH-BIO-BIO26-L26-Q011,BIO26-PDF116-L26-S1-Q011,القناة الهضمية والهضم والامتصاص,BIO26-M17,الهضم والتغذية والغدد الصماء,BIO26-S17-01,القناة الهضمية والهضم والامتصاص,تجميعات الأحياء 2026 — مفتاح الإجابة في PDF p.116,A,0,NOT_STARTED,,NOT_RUN,PRE_CROP_RANGE_FROZEN_V1
26,BIO26-L26,أحياء 3,الجهاز الهضمي,116,116,115,1,12,TAH-BIO-BIO26-L26-Q012,BIO26-PDF116-L26-S1-Q012,القناة الهضمية والهضم والامتصاص,BIO26-M17,الهضم والتغذية والغدد الصماء,BIO26-S17-01,القناة الهضمية والهضم والامتصاص,تجميعات الأحياء 2026 — مفتاح الإجابة في PDF p.116,B,1,NOT_STARTED,,NOT_RUN,PRE_CROP_RANGE_FROZEN_V1
26,BIO26-L26,أحياء 3,الجهاز الهضمي,116,116,115,1,13,TAH-BIO-BIO26-L26-Q013,BIO26-PDF116-L26-S1-Q013,القناة الهضمية والهضم والامتصاص,BIO26-M17,الهضم والتغذية والغدد الصماء,BIO26-S17-01,القناة الهضمية والهضم والامتصاص,تجميعات الأحياء 2026 — مفتاح الإجابة في PDF p.116,C,2,NOT_STARTED,,NOT_RUN,PRE_CROP_RANGE_FROZEN_V1
26,BIO26-L26,أحياء 3,الجهاز الهضمي,116,116,115,1,14,TAH-BIO-BIO26-L26-Q014,BIO26-PDF116-L26-S1-Q014,القناة الهضمية والهضم والامتصاص,BIO26-M17,الهضم والتغذية والغدد الصماء,BIO26-S17-01,القناة الهضمية والهضم والامتصاص,تجميعات الأحياء 2026 — مفتاح الإجابة في PDF p.116,A,0,NOT_STARTED,,NOT_RUN,PRE_CROP_RANGE_FROZEN_V1
26,BIO26-L26,أحياء 3,الجهاز الهضمي,116,116,115,1,15,TAH-BIO-BIO26-L26-Q015,BIO26-PDF116-L26-S1-Q015,القناة الهضمية والهضم والامتصاص,BIO26-M17,الهضم والتغذية والغدد الصماء,BIO26-S17-01,القناة الهضمية والهضم والامتصاص,تجميعات الأحياء 2026 — مفتاح الإجابة في PDF p.116,A,0,NOT_STARTED,,NOT_RUN,PRE_CROP_RANGE_FROZEN_V1
26,BIO26-L26,أحياء 3,الجهاز الهضمي,116,116,115,1,16,TAH-BIO-BIO26-L26-Q016,BIO26-PDF116-L26-S1-Q016,القناة الهضمية والهضم والامتصاص,BIO26-M17,الهضم والتغذية والغدد الصماء,BIO26-S17-01,القناة الهضمية والهضم والامتصاص,تجميعات الأحياء 2026 — مفتاح الإجابة في PDF p.116,C,2,NOT_STARTED,,NOT_RUN,PRE_CROP_RANGE_FROZEN_V1
26,BIO26-L26,أحياء 3,الجهاز الهضمي,116,116,115,1,17,TAH-BIO-BIO26-L26-Q017,BIO26-PDF116-L26-S1-Q017,القناة الهضمية والهضم والامتصاص,BIO26-M17,الهضم والتغذية والغدد الصماء,BIO26-S17-01,القناة الهضمية والهضم والامتصاص,تجميعات الأحياء 2026 — مفتاح الإجابة في PDF p.116,A,0,NOT_STARTED,,NOT_RUN,PRE_CROP_RANGE_FROZEN_V1
26,BIO26-L26,أحياء 3,الجهاز الهضمي,117,117,116,1,18,TAH-BIO-BIO26-L26-Q018,BIO26-PDF117-L26-S1-Q018,القناة الهضمية والهضم والامتصاص,BIO26-M17,الهضم والتغذية والغدد الصماء,BIO26-S17-01,القناة الهضمية والهضم والامتصاص,تجميعات الأحياء 2026 — مفتاح الإجابة في PDF p.117,B,1,NOT_STARTED,,NOT_RUN,PRE_CROP_RANGE_FROZEN_V1
26,BIO26-L26,أحياء 3,الجهاز الهضمي,117,117,116,1,19,TAH-BIO-BIO26-L26-Q019,BIO26-PDF117-L26-S1-Q019,القناة الهضمية والهضم والامتصاص,BIO26-M17,الهضم والتغذية والغدد الصماء,BIO26-S17-01,القناة الهضمية والهضم والامتصاص,تجميعات الأحياء 2026 — مفتاح الإجابة في PDF p.117,C,2,NOT_STARTED,,NOT_RUN,PRE_CROP_RANGE_FROZEN_V1
26,BIO26-L26,أحياء 3,الجهاز الهضمي,117,117,116,1,20,TAH-BIO-BIO26-L26-Q020,BIO26-PDF117-L26-S1-Q020,القناة الهضمية والهضم والامتصاص,BIO26-M17,الهضم والتغذية والغدد الصماء,BIO26-S17-01,القناة الهضمية والهضم والامتصاص,تجميعات الأحياء 2026 — مفتاح الإجابة في PDF p.117,C,2,NOT_STARTED,,NOT_RUN,PRE_CROP_RANGE_FROZEN_V1
26,BIO26-L26,أحياء 3,الجهاز الهضمي,117,117,116,1,21,TAH-BIO-BIO26-L26-Q021,BIO26-PDF117-L26-S1-Q021,القناة الهضمية والهضم والامتصاص,BIO26-M17,الهضم والتغذية والغدد الصماء,BIO26-S17-01,القناة الهضمية والهضم والامتصاص,تجميعات الأحياء 2026 — مفتاح الإجابة في PDF p.117,A,0,NOT_STARTED,,NOT_RUN,PRE_CROP_RANGE_FROZEN_V1
26,BIO26-L26,أحياء 3,الجهاز الهضمي,117,117,116,1,22,TAH-BIO-BIO26-L26-Q022,BIO26-PDF117-L26-S1-Q022,القناة الهضمية والهضم والامتصاص,BIO26-M17,الهضم والتغذية والغدد الصماء,BIO26-S17-01,القناة الهضمية والهضم والامتصاص,تجميعات الأحياء 2026 — مفتاح الإجابة في PDF p.117,C,2,NOT_STARTED,,NOT_RUN,PRE_CROP_RANGE_FROZEN_V1
26,BIO26-L26,أحياء 3,الجهاز الهضمي,117,117,116,1,23,TAH-BIO-BIO26-L26-Q023,BIO26-PDF117-L26-S1-Q023,القناة الهضمية والهضم والامتصاص,BIO26-M17,الهضم والتغذية والغدد الصماء,BIO26-S17-01,القناة الهضمية والهضم والامتصاص,تجميعات الأحياء 2026 — مفتاح الإجابة في PDF p.117,B,1,NOT_STARTED,,NOT_RUN,PRE_CROP_RANGE_FROZEN_V1
26,BIO26-L26,أحياء 3,الجهاز الهضمي,117,117,116,1,24,TAH-BIO-BIO26-L26-Q024,BIO26-PDF117-L26-S1-Q024,القناة الهضمية والهضم والامتصاص,BIO26-M17,الهضم والتغذية والغدد الصماء,BIO26-S17-01,القناة الهضمية والهضم والامتصاص,تجميعات الأحياء 2026 — مفتاح الإجابة في PDF p.117,B,1,NOT_STARTED,,NOT_RUN,PRE_CROP_RANGE_FROZEN_V1
26,BIO26-L26,أحياء 3,الجهاز الهضمي,117,117,116,1,25,TAH-BIO-BIO26-L26-Q025,BIO26-PDF117-L26-S1-Q025,القناة الهضمية والهضم والامتصاص,BIO26-M17,الهضم والتغذية والغدد الصماء,BIO26-S17-01,القناة الهضمية والهضم والامتصاص,تجميعات الأحياء 2026 — مفتاح الإجابة في PDF p.117,D,3,NOT_STARTED,,NOT_RUN,PRE_CROP_RANGE_FROZEN_V1
26,BIO26-L26,أحياء 3,الجهاز الهضمي,117,117,116,1,26,TAH-BIO-BIO26-L26-Q026,BIO26-PDF117-L26-S1-Q026,القناة الهضمية والهضم والامتصاص,BIO26-M17,الهضم والتغذية والغدد الصماء,BIO26-S17-01,القناة الهضمية والهضم والامتصاص,تجميعات الأحياء 2026 — مفتاح الإجابة في PDF p.117,C,2,NOT_STARTED,,NOT_RUN,PRE_CROP_RANGE_FROZEN_V1
26,BIO26-L26,أحياء 3,الجهاز الهضمي,117,117,116,1,27,TAH-BIO-BIO26-L26-Q027,BIO26-PDF117-L26-S1-Q027,القناة الهضمية والهضم والامتصاص,BIO26-M17,الهضم والتغذية والغدد الصماء,BIO26-S17-01,القناة الهضمية والهضم والامتصاص,تجميعات الأحياء 2026 — مفتاح الإجابة في PDF p.117,D,3,NOT_STARTED,,NOT_RUN,PRE_CROP_RANGE_FROZEN_V1
26,BIO26-L26,أحياء 3,الجهاز الهضمي,117,117,116,1,28,TAH-BIO-BIO26-L26-Q028,BIO26-PDF117-L26-S1-Q028,القناة الهضمية والهضم والامتصاص,BIO26-M17,الهضم والتغذية والغدد الصماء,BIO26-S17-01,القناة الهضمية والهضم والامتصاص,تجميعات الأحياء 2026 — مفتاح الإجابة في PDF p.117,B,1,NOT_STARTED,,NOT_RUN,PRE_CROP_RANGE_FROZEN_V1
26,BIO26-L26,أحياء 3,الجهاز الهضمي,117,117,116,1,29,TAH-BIO-BIO26-L26-Q029,BIO26-PDF117-L26-S1-Q029,القناة الهضمية والهضم والامتصاص,BIO26-M17,الهضم والتغذية والغدد الصماء,BIO26-S17-01,القناة الهضمية والهضم والامتصاص,تجميعات الأحياء 2026 — مفتاح الإجابة في PDF p.117,B,1,NOT_STARTED,,NOT_RUN,PRE_CROP_RANGE_FROZEN_V1
26,BIO26-L26,أحياء 3,الجهاز الهضمي,118,118,117,2,30,TAH-BIO-BIO26-L26-Q030,BIO26-PDF118-L26-S2-Q030,القناة الهضمية والهضم والامتصاص,BIO26-M17,الهضم والتغذية والغدد الصماء,BIO26-S17-01,القناة الهضمية والهضم والامتصاص,تجميعات الأحياء 2026 — مفتاح الإجابة في PDF p.118,A,0,NOT_STARTED,,NOT_RUN,PRE_CROP_RANGE_FROZEN_V1
26,BIO26-L26,أحياء 3,الجهاز الهضمي,118,118,117,2,31,TAH-BIO-BIO26-L26-Q031,BIO26-PDF118-L26-S2-Q031,القناة الهضمية والهضم والامتصاص,BIO26-M17,الهضم والتغذية والغدد الصماء,BIO26-S17-01,القناة الهضمية والهضم والامتصاص,تجميعات الأحياء 2026 — مفتاح الإجابة في PDF p.118,D,3,NOT_STARTED,,NOT_RUN,PRE_CROP_RANGE_FROZEN_V1
26,BIO26-L26,أحياء 3,الجهاز الهضمي,118,118,117,2,32,TAH-BIO-BIO26-L26-Q032,BIO26-PDF118-L26-S2-Q032,القناة الهضمية والهضم والامتصاص,BIO26-M17,الهضم والتغذية والغدد الصماء,BIO26-S17-01,القناة الهضمية والهضم والامتصاص,تجميعات الأحياء 2026 — مفتاح الإجابة في PDF p.118,B,1,NOT_STARTED,,NOT_RUN,PRE_CROP_RANGE_FROZEN_V1
26,BIO26-L26,أحياء 3,الجهاز الهضمي,118,118,117,2,33,TAH-BIO-BIO26-L26-Q033,BIO26-PDF118-L26-S2-Q033,القناة الهضمية والهضم والامتصاص,BIO26-M17,الهضم والتغذية والغدد الصماء,BIO26-S17-01,القناة الهضمية والهضم والامتصاص,تجميعات الأحياء 2026 — مفتاح الإجابة في PDF p.118,B,1,NOT_STARTED,,NOT_RUN,PRE_CROP_RANGE_FROZEN_V1
26,BIO26-L26,أحياء 3,الجهاز الهضمي,118,118,117,2,34,TAH-BIO-BIO26-L26-Q034,BIO26-PDF118-L26-S2-Q034,القناة الهضمية والهضم والامتصاص,BIO26-M17,الهضم والتغذية والغدد الصماء,BIO26-S17-01,القناة الهضمية والهضم والامتصاص,تجميعات الأحياء 2026 — مفتاح الإجابة في PDF p.118,D,3,NOT_STARTED,,NOT_RUN,PRE_CROP_RANGE_FROZEN_V1
26,BIO26-L26,أحياء 3,الجهاز الهضمي,118,118,117,2,35,TAH-BIO-BIO26-L26-Q035,BIO26-PDF118-L26-S2-Q035,القناة الهضمية والهضم والامتصاص,BIO26-M17,الهضم والتغذية والغدد الصماء,BIO26-S17-01,القناة الهضمية والهضم والامتصاص,تجميعات الأحياء 2026 — مفتاح الإجابة في PDF p.118,A,0,NOT_STARTED,,NOT_RUN,PRE_CROP_RANGE_FROZEN_V1
26,BIO26-L26,أحياء 3,الجهاز الهضمي,118,118,117,2,36,TAH-BIO-BIO26-L26-Q036,BIO26-PDF118-L26-S2-Q036,القناة الهضمية والهضم والامتصاص,BIO26-M17,الهضم والتغذية والغدد الصماء,BIO26-S17-01,القناة الهضمية والهضم والامتصاص,تجميعات الأحياء 2026 — مفتاح الإجابة في PDF p.118,C,2,NOT_STARTED,,NOT_RUN,PRE_CROP_RANGE_FROZEN_V1
26,BIO26-L26,أحياء 3,الجهاز الهضمي,118,118,117,2,37,TAH-BIO-BIO26-L26-Q037,BIO26-PDF118-L26-S2-Q037,القناة الهضمية والهضم والامتصاص,BIO26-M17,الهضم والتغذية والغدد الصماء,BIO26-S17-01,القناة الهضمية والهضم والامتصاص,تجميعات الأحياء 2026 — مفتاح الإجابة في PDF p.118,D,3,NOT_STARTED,,NOT_RUN,PRE_CROP_RANGE_FROZEN_V1
26,BIO26-L26,أحياء 3,الجهاز الهضمي,118,118,117,2,38,TAH-BIO-BIO26-L26-Q038,BIO26-PDF118-L26-S2-Q038,القناة الهضمية والهضم والامتصاص,BIO26-M17,الهضم والتغذية والغدد الصماء,BIO26-S17-01,القناة الهضمية والهضم والامتصاص,تجميعات الأحياء 2026 — مفتاح الإجابة في PDF p.118,B,1,NOT_STARTED,,NOT_RUN,PRE_CROP_RANGE_FROZEN_V1
26,BIO26-L26,أحياء 3,الجهاز الهضمي,118,118,117,2,39,TAH-BIO-BIO26-L26-Q039,BIO26-PDF118-L26-S2-Q039,القناة الهضمية والهضم والامتصاص,BIO26-M17,الهضم والتغذية والغدد الصماء,BIO26-S17-01,القناة الهضمية والهضم والامتصاص,تجميعات الأحياء 2026 — مفتاح الإجابة في PDF p.118,D,3,NOT_STARTED,,NOT_RUN,PRE_CROP_RANGE_FROZEN_V1
26,BIO26-L26,أحياء 3,الجهاز الهضمي,118,118,117,2,40,TAH-BIO-BIO26-L26-Q040,BIO26-PDF118-L26-S2-Q040,القناة الهضمية والهضم والامتصاص,BIO26-M17,الهضم والتغذية والغدد الصماء,BIO26-S17-01,القناة الهضمية والهضم والامتصاص,تجميعات الأحياء 2026 — مفتاح الإجابة في PDF p.118,A,0,NOT_STARTED,,NOT_RUN,PRE_CROP_RANGE_FROZEN_V1
26,BIO26-L26,أحياء 3,الجهاز الهضمي,118,118,117,2,41,TAH-BIO-BIO26-L26-Q041,BIO26-PDF118-L26-S2-Q041,القناة الهضمية والهضم والامتصاص,BIO26-M17,الهضم والتغذية والغدد الصماء,BIO26-S17-01,القناة الهضمية والهضم والامتصاص,تجميعات الأحياء 2026 — مفتاح الإجابة في PDF p.118,A,0,NOT_STARTED,,NOT_RUN,PRE_CROP_RANGE_FROZEN_V1
26,BIO26-L26,أحياء 3,الجهاز الهضمي,118,118,117,2,42,TAH-BIO-BIO26-L26-Q042,BIO26-PDF118-L26-S2-Q042,القناة الهضمية والهضم والامتصاص,BIO26-M17,الهضم والتغذية والغدد الصماء,BIO26-S17-01,القناة الهضمية والهضم والامتصاص,تجميعات الأحياء 2026 — مفتاح الإجابة في PDF p.118,B,1,NOT_STARTED,,NOT_RUN,PRE_CROP_RANGE_FROZEN_V1
26,BIO26-L26,أحياء 3,الجهاز الهضمي,118,118,117,2,43,TAH-BIO-BIO26-L26-Q043,BIO26-PDF118-L26-S2-Q043,القناة الهضمية والهضم والامتصاص,BIO26-M17,الهضم والتغذية والغدد الصماء,BIO26-S17-01,القناة الهضمية والهضم والامتصاص,تجميعات الأحياء 2026 — مفتاح الإجابة في PDF p.118,B,1,NOT_STARTED,,NOT_RUN,PRE_CROP_RANGE_FROZEN_V1
26,BIO26-L26,أحياء 3,الجهاز الهضمي,118,118,117,2,44,TAH-BIO-BIO26-L26-Q044,BIO26-PDF118-L26-S2-Q044,القناة الهضمية والهضم والامتصاص,BIO26-M17,الهضم والتغذية والغدد الصماء,BIO26-S17-01,القناة الهضمية والهضم والامتصاص,تجميعات الأحياء 2026 — مفتاح الإجابة في PDF p.118,A,0,NOT_STARTED,,NOT_RUN,PRE_CROP_RANGE_FROZEN_V1
26,BIO26-L26,أحياء 3,الجهاز الهضمي,119,119,118,2,45,TAH-BIO-BIO26-L26-Q045,BIO26-PDF119-L26-S2-Q045,القناة الهضمية والهضم والامتصاص,BIO26-M17,الهضم والتغذية والغدد الصماء,BIO26-S17-01,القناة الهضمية والهضم والامتصاص,تجميعات الأحياء 2026 — مفتاح الإجابة في PDF p.119,B,1,NOT_STARTED,,NOT_RUN,PRE_CROP_RANGE_FROZEN_V1
26,BIO26-L26,أحياء 3,الجهاز الهضمي,119,119,118,2,46,TAH-BIO-BIO26-L26-Q046,BIO26-PDF119-L26-S2-Q046,القناة الهضمية والهضم والامتصاص,BIO26-M17,الهضم والتغذية والغدد الصماء,BIO26-S17-01,القناة الهضمية والهضم والامتصاص,تجميعات الأحياء 2026 — مفتاح الإجابة في PDF p.119,A,0,NOT_STARTED,,NOT_RUN,PRE_CROP_RANGE_FROZEN_V1
26,BIO26-L26,أحياء 3,الجهاز الهضمي,119,119,118,2,47,TAH-BIO-BIO26-L26-Q047,BIO26-PDF119-L26-S2-Q047,القناة الهضمية والهضم والامتصاص,BIO26-M17,الهضم والتغذية والغدد الصماء,BIO26-S17-01,القناة الهضمية والهضم والامتصاص,تجميعات الأحياء 2026 — مفتاح الإجابة في PDF p.119,D,3,NOT_STARTED,,NOT_RUN,PRE_CROP_RANGE_FROZEN_V1
26,BIO26-L26,أحياء 3,الجهاز الهضمي,119,119,118,2,48,TAH-BIO-BIO26-L26-Q048,BIO26-PDF119-L26-S2-Q048,القناة الهضمية والهضم والامتصاص,BIO26-M17,الهضم والتغذية والغدد الصماء,BIO26-S17-01,القناة الهضمية والهضم والامتصاص,تجميعات الأحياء 2026 — مفتاح الإجابة في PDF p.119,C,2,NOT_STARTED,,NOT_RUN,PRE_CROP_RANGE_FROZEN_V1
26,BIO26-L26,أحياء 3,الجهاز الهضمي,119,119,118,2,49,TAH-BIO-BIO26-L26-Q049,BIO26-PDF119-L26-S2-Q049,القناة الهضمية والهضم والامتصاص,BIO26-M17,الهضم والتغذية والغدد الصماء,BIO26-S17-01,القناة الهضمية والهضم والامتصاص,تجميعات الأحياء 2026 — مفتاح الإجابة في PDF p.119,A,0,NOT_STARTED,,NOT_RUN,PRE_CROP_RANGE_FROZEN_V1
26,BIO26-L26,أحياء 3,الجهاز الهضمي,119,119,118,2,50,TAH-BIO-BIO26-L26-Q050,BIO26-PDF119-L26-S2-Q050,القناة الهضمية والهضم والامتصاص,BIO26-M17,الهضم والتغذية والغدد الصماء,BIO26-S17-01,القناة الهضمية والهضم والامتصاص,تجميعات الأحياء 2026 — مفتاح الإجابة في PDF p.119,C,2,NOT_STARTED,,NOT_RUN,PRE_CROP_RANGE_FROZEN_V1
26,BIO26-L26,أحياء 3,الجهاز الهضمي,119,119,118,2,51,TAH-BIO-BIO26-L26-Q051,BIO26-PDF119-L26-S2-Q051,القناة الهضمية والهضم والامتصاص,BIO26-M17,الهضم والتغذية والغدد الصماء,BIO26-S17-01,القناة الهضمية والهضم والامتصاص,تجميعات الأحياء 2026 — مفتاح الإجابة في PDF p.119,B,1,NOT_STARTED,,NOT_RUN,PRE_CROP_RANGE_FROZEN_V1
26,BIO26-L26,أحياء 3,الجهاز الهضمي,119,119,118,2,52,TAH-BIO-BIO26-L26-Q052,BIO26-PDF119-L26-S2-Q052,القناة الهضمية والهضم والامتصاص,BIO26-M17,الهضم والتغذية والغدد الصماء,BIO26-S17-01,القناة الهضمية والهضم والامتصاص,تجميعات الأحياء 2026 — مفتاح الإجابة في PDF p.119,C,2,NOT_STARTED,,NOT_RUN,PRE_CROP_RANGE_FROZEN_V1
26,BIO26-L26,أحياء 3,الجهاز الهضمي,119,119,118,2,53,TAH-BIO-BIO26-L26-Q053,BIO26-PDF119-L26-S2-Q053,القناة الهضمية والهضم والامتصاص,BIO26-M17,الهضم والتغذية والغدد الصماء,BIO26-S17-01,القناة الهضمية والهضم والامتصاص,تجميعات الأحياء 2026 — مفتاح الإجابة في PDF p.119,D,3,NOT_STARTED,,NOT_RUN,PRE_CROP_RANGE_FROZEN_V1
26,BIO26-L26,أحياء 3,الجهاز الهضمي,119,119,118,2,54,TAH-BIO-BIO26-L26-Q054,BIO26-PDF119-L26-S2-Q054,القناة الهضمية والهضم والامتصاص,BIO26-M17,الهضم والتغذية والغدد الصماء,BIO26-S17-01,القناة الهضمية والهضم والامتصاص,تجميعات الأحياء 2026 — مفتاح الإجابة في PDF p.119,B,1,NOT_STARTED,,NOT_RUN,PRE_CROP_RANGE_FROZEN_V1
26,BIO26-L26,أحياء 3,الجهاز الهضمي,119,119,118,2,55,TAH-BIO-BIO26-L26-Q055,BIO26-PDF119-L26-S2-Q055,القناة الهضمية والهضم والامتصاص,BIO26-M17,الهضم والتغذية والغدد الصماء,BIO26-S17-01,القناة الهضمية والهضم والامتصاص,تجميعات الأحياء 2026 — مفتاح الإجابة في PDF p.119,D,3,NOT_STARTED,,NOT_RUN,PRE_CROP_RANGE_FROZEN_V1
26,BIO26-L26,أحياء 3,الجهاز الهضمي,119,119,118,2,56,TAH-BIO-BIO26-L26-Q056,BIO26-PDF119-L26-S2-Q056,القناة الهضمية والهضم والامتصاص,BIO26-M17,الهضم والتغذية والغدد الصماء,BIO26-S17-01,القناة الهضمية والهضم والامتصاص,تجميعات الأحياء 2026 — مفتاح الإجابة في PDF p.119,C,2,NOT_STARTED,,NOT_RUN,PRE_CROP_RANGE_FROZEN_V1
26,BIO26-L26,أحياء 3,الجهاز الهضمي,119,119,118,2,57,TAH-BIO-BIO26-L26-Q057,BIO26-PDF119-L26-S2-Q057,القناة الهضمية والهضم والامتصاص,BIO26-M17,الهضم والتغذية والغدد الصماء,BIO26-S17-01,القناة الهضمية والهضم والامتصاص,تجميعات الأحياء 2026 — مفتاح الإجابة في PDF p.119,B,1,NOT_STARTED,,NOT_RUN,PRE_CROP_RANGE_FROZEN_V1
26,BIO26-L26,أحياء 3,الجهاز الهضمي,119,119,118,2,58,TAH-BIO-BIO26-L26-Q058,BIO26-PDF119-L26-S2-Q058,القناة الهضمية والهضم والامتصاص,BIO26-M17,الهضم والتغذية والغدد الصماء,BIO26-S17-01,القناة الهضمية والهضم والامتصاص,تجميعات الأحياء 2026 — مفتاح الإجابة في PDF p.119,B,1,NOT_STARTED,,NOT_RUN,PRE_CROP_RANGE_FROZEN_V1
27,BIO26-L27,أحياء 3,التغذية,120,120,119,1,1,TAH-BIO-BIO26-L27-Q001,BIO26-PDF120-L27-S1-Q001,المغذيات الكبرى والسعرات والطاقة,BIO26-M17,الهضم والتغذية والغدد الصماء,BIO26-S17-02,المغذيات الكبرى والسعرات والطاقة,تجميعات الأحياء 2026 — مفتاح الإجابة في PDF p.120,B,1,NOT_STARTED,,NOT_RUN,PRE_CROP_RANGE_FROZEN_V1
27,BIO26-L27,أحياء 3,التغذية,120,120,119,1,2,TAH-BIO-BIO26-L27-Q002,BIO26-PDF120-L27-S1-Q002,المغذيات الكبرى والسعرات والطاقة,BIO26-M17,الهضم والتغذية والغدد الصماء,BIO26-S17-02,المغذيات الكبرى والسعرات والطاقة,تجميعات الأحياء 2026 — مفتاح الإجابة في PDF p.120,B,1,NOT_STARTED,,NOT_RUN,PRE_CROP_RANGE_FROZEN_V1
27,BIO26-L27,أحياء 3,التغذية,120,120,119,1,3,TAH-BIO-BIO26-L27-Q003,BIO26-PDF120-L27-S1-Q003,المغذيات الكبرى والسعرات والطاقة,BIO26-M17,الهضم والتغذية والغدد الصماء,BIO26-S17-02,المغذيات الكبرى والسعرات والطاقة,تجميعات الأحياء 2026 — مفتاح الإجابة في PDF p.120,A,0,NOT_STARTED,,NOT_RUN,PRE_CROP_RANGE_FROZEN_V1
27,BIO26-L27,أحياء 3,التغذية,120,120,119,1,4,TAH-BIO-BIO26-L27-Q004,BIO26-PDF120-L27-S1-Q004,المغذيات الكبرى والسعرات والطاقة,BIO26-M17,الهضم والتغذية والغدد الصماء,BIO26-S17-02,المغذيات الكبرى والسعرات والطاقة,تجميعات الأحياء 2026 — مفتاح الإجابة في PDF p.120,B,1,NOT_STARTED,,NOT_RUN,PRE_CROP_RANGE_FROZEN_V1
27,BIO26-L27,أحياء 3,التغذية,120,120,119,1,5,TAH-BIO-BIO26-L27-Q005,BIO26-PDF120-L27-S1-Q005,المغذيات الكبرى والسعرات والطاقة,BIO26-M17,الهضم والتغذية والغدد الصماء,BIO26-S17-02,المغذيات الكبرى والسعرات والطاقة,تجميعات الأحياء 2026 — مفتاح الإجابة في PDF p.120,B,1,NOT_STARTED,,NOT_RUN,PRE_CROP_RANGE_FROZEN_V1
27,BIO26-L27,أحياء 3,التغذية,120,120,119,1,6,TAH-BIO-BIO26-L27-Q006,BIO26-PDF120-L27-S1-Q006,المغذيات الكبرى والسعرات والطاقة,BIO26-M17,الهضم والتغذية والغدد الصماء,BIO26-S17-02,المغذيات الكبرى والسعرات والطاقة,تجميعات الأحياء 2026 — مفتاح الإجابة في PDF p.120,A,0,NOT_STARTED,,NOT_RUN,PRE_CROP_RANGE_FROZEN_V1
27,BIO26-L27,أحياء 3,التغذية,120,120,119,1,7,TAH-BIO-BIO26-L27-Q007,BIO26-PDF120-L27-S1-Q007,المغذيات الكبرى والسعرات والطاقة,BIO26-M17,الهضم والتغذية والغدد الصماء,BIO26-S17-02,المغذيات الكبرى والسعرات والطاقة,تجميعات الأحياء 2026 — مفتاح الإجابة في PDF p.120,D,3,NOT_STARTED,,NOT_RUN,PRE_CROP_RANGE_FROZEN_V1
27,BIO26-L27,أحياء 3,التغذية,120,120,119,1,8,TAH-BIO-BIO26-L27-Q008,BIO26-PDF120-L27-S1-Q008,المغذيات الكبرى والسعرات والطاقة,BIO26-M17,الهضم والتغذية والغدد الصماء,BIO26-S17-02,المغذيات الكبرى والسعرات والطاقة,تجميعات الأحياء 2026 — مفتاح الإجابة في PDF p.120,B,1,NOT_STARTED,,NOT_RUN,PRE_CROP_RANGE_FROZEN_V1
27,BIO26-L27,أحياء 3,التغذية,120,120,119,1,9,TAH-BIO-BIO26-L27-Q009,BIO26-PDF120-L27-S1-Q009,المغذيات الكبرى والسعرات والطاقة,BIO26-M17,الهضم والتغذية والغدد الصماء,BIO26-S17-02,المغذيات الكبرى والسعرات والطاقة,تجميعات الأحياء 2026 — مفتاح الإجابة في PDF p.120,C,2,NOT_STARTED,,NOT_RUN,PRE_CROP_RANGE_FROZEN_V1
27,BIO26-L27,أحياء 3,التغذية,120,120,119,1,10,TAH-BIO-BIO26-L27-Q010,BIO26-PDF120-L27-S1-Q010,المغذيات الكبرى والسعرات والطاقة,BIO26-M17,الهضم والتغذية والغدد الصماء,BIO26-S17-02,المغذيات الكبرى والسعرات والطاقة,تجميعات الأحياء 2026 — مفتاح الإجابة في PDF p.120,A,0,NOT_STARTED,,NOT_RUN,PRE_CROP_RANGE_FROZEN_V1
27,BIO26-L27,أحياء 3,التغذية,120,120,119,1,11,TAH-BIO-BIO26-L27-Q011,BIO26-PDF120-L27-S1-Q011,المغذيات الكبرى والسعرات والطاقة,BIO26-M17,الهضم والتغذية والغدد الصماء,BIO26-S17-02,المغذيات الكبرى والسعرات والطاقة,تجميعات الأحياء 2026 — مفتاح الإجابة في PDF p.120,D,3,NOT_STARTED,,NOT_RUN,PRE_CROP_RANGE_FROZEN_V1
27,BIO26-L27,أحياء 3,التغذية,120,120,119,1,12,TAH-BIO-BIO26-L27-Q012,BIO26-PDF120-L27-S1-Q012,المغذيات الكبرى والسعرات والطاقة,BIO26-M17,الهضم والتغذية والغدد الصماء,BIO26-S17-02,المغذيات الكبرى والسعرات والطاقة,تجميعات الأحياء 2026 — مفتاح الإجابة في PDF p.120,D,3,NOT_STARTED,,NOT_RUN,PRE_CROP_RANGE_FROZEN_V1
27,BIO26-L27,أحياء 3,التغذية,120,120,119,1,13,TAH-BIO-BIO26-L27-Q013,BIO26-PDF120-L27-S1-Q013,المغذيات الكبرى والسعرات والطاقة,BIO26-M17,الهضم والتغذية والغدد الصماء,BIO26-S17-02,المغذيات الكبرى والسعرات والطاقة,تجميعات الأحياء 2026 — مفتاح الإجابة في PDF p.120,C,2,NOT_STARTED,,NOT_RUN,PRE_CROP_RANGE_FROZEN_V1
27,BIO26-L27,أحياء 3,التغذية,120,120,119,1,14,TAH-BIO-BIO26-L27-Q014,BIO26-PDF120-L27-S1-Q014,المغذيات الكبرى والسعرات والطاقة,BIO26-M17,الهضم والتغذية والغدد الصماء,BIO26-S17-02,المغذيات الكبرى والسعرات والطاقة,تجميعات الأحياء 2026 — مفتاح الإجابة في PDF p.120,C,2,NOT_STARTED,,NOT_RUN,PRE_CROP_RANGE_FROZEN_V1
27,BIO26-L27,أحياء 3,التغذية,120,120,119,1,15,TAH-BIO-BIO26-L27-Q015,BIO26-PDF120-L27-S1-Q015,المغذيات الكبرى والسعرات والطاقة,BIO26-M17,الهضم والتغذية والغدد الصماء,BIO26-S17-02,المغذيات الكبرى والسعرات والطاقة,تجميعات الأحياء 2026 — مفتاح الإجابة في PDF p.120,A,0,NOT_STARTED,,NOT_RUN,PRE_CROP_RANGE_FROZEN_V1
27,BIO26-L27,أحياء 3,التغذية,120,120,119,1,16,TAH-BIO-BIO26-L27-Q016,BIO26-PDF120-L27-S1-Q016,المغذيات الكبرى والسعرات والطاقة,BIO26-M17,الهضم والتغذية والغدد الصماء,BIO26-S17-02,المغذيات الكبرى والسعرات والطاقة,تجميعات الأحياء 2026 — مفتاح الإجابة في PDF p.120,A,0,NOT_STARTED,,NOT_RUN,PRE_CROP_RANGE_FROZEN_V1
27,BIO26-L27,أحياء 3,التغذية,120,120,119,1,17,TAH-BIO-BIO26-L27-Q017,BIO26-PDF120-L27-S1-Q017,المغذيات الكبرى والسعرات والطاقة,BIO26-M17,الهضم والتغذية والغدد الصماء,BIO26-S17-02,المغذيات الكبرى والسعرات والطاقة,تجميعات الأحياء 2026 — مفتاح الإجابة في PDF p.120,D,3,NOT_STARTED,,NOT_RUN,PRE_CROP_RANGE_FROZEN_V1
27,BIO26-L27,أحياء 3,التغذية,121,121,120,1,18,TAH-BIO-BIO26-L27-Q018,BIO26-PDF121-L27-S1-Q018,المغذيات الكبرى والسعرات والطاقة,BIO26-M17,الهضم والتغذية والغدد الصماء,BIO26-S17-02,المغذيات الكبرى والسعرات والطاقة,تجميعات الأحياء 2026 — مفتاح الإجابة في PDF p.121,C,2,NOT_STARTED,,NOT_RUN,PRE_CROP_RANGE_FROZEN_V1
27,BIO26-L27,أحياء 3,التغذية,121,121,120,1,19,TAH-BIO-BIO26-L27-Q019,BIO26-PDF121-L27-S1-Q019,المغذيات الكبرى والسعرات والطاقة,BIO26-M17,الهضم والتغذية والغدد الصماء,BIO26-S17-02,المغذيات الكبرى والسعرات والطاقة,تجميعات الأحياء 2026 — مفتاح الإجابة في PDF p.121,B,1,NOT_STARTED,,NOT_RUN,PRE_CROP_RANGE_FROZEN_V1
27,BIO26-L27,أحياء 3,التغذية,121,121,120,1,20,TAH-BIO-BIO26-L27-Q020,BIO26-PDF121-L27-S1-Q020,المغذيات الكبرى والسعرات والطاقة,BIO26-M17,الهضم والتغذية والغدد الصماء,BIO26-S17-02,المغذيات الكبرى والسعرات والطاقة,تجميعات الأحياء 2026 — مفتاح الإجابة في PDF p.121,A,0,NOT_STARTED,,NOT_RUN,PRE_CROP_RANGE_FROZEN_V1
27,BIO26-L27,أحياء 3,التغذية,121,121,120,1,21,TAH-BIO-BIO26-L27-Q021,BIO26-PDF121-L27-S1-Q021,المغذيات الكبرى والسعرات والطاقة,BIO26-M17,الهضم والتغذية والغدد الصماء,BIO26-S17-02,المغذيات الكبرى والسعرات والطاقة,تجميعات الأحياء 2026 — مفتاح الإجابة في PDF p.121,D,3,NOT_STARTED,,NOT_RUN,PRE_CROP_RANGE_FROZEN_V1
27,BIO26-L27,أحياء 3,التغذية,121,121,120,1,22,TAH-BIO-BIO26-L27-Q022,BIO26-PDF121-L27-S1-Q022,المغذيات الكبرى والسعرات والطاقة,BIO26-M17,الهضم والتغذية والغدد الصماء,BIO26-S17-02,المغذيات الكبرى والسعرات والطاقة,تجميعات الأحياء 2026 — مفتاح الإجابة في PDF p.121,D,3,NOT_STARTED,,NOT_RUN,PRE_CROP_RANGE_FROZEN_V1
27,BIO26-L27,أحياء 3,التغذية,121,121,120,1,23,TAH-BIO-BIO26-L27-Q023,BIO26-PDF121-L27-S1-Q023,المغذيات الكبرى والسعرات والطاقة,BIO26-M17,الهضم والتغذية والغدد الصماء,BIO26-S17-02,المغذيات الكبرى والسعرات والطاقة,تجميعات الأحياء 2026 — مفتاح الإجابة في PDF p.121,B,1,NOT_STARTED,,NOT_RUN,PRE_CROP_RANGE_FROZEN_V1
27,BIO26-L27,أحياء 3,التغذية,121,121,120,1,24,TAH-BIO-BIO26-L27-Q024,BIO26-PDF121-L27-S1-Q024,المغذيات الكبرى والسعرات والطاقة,BIO26-M17,الهضم والتغذية والغدد الصماء,BIO26-S17-02,المغذيات الكبرى والسعرات والطاقة,تجميعات الأحياء 2026 — مفتاح الإجابة في PDF p.121,C,2,NOT_STARTED,,NOT_RUN,PRE_CROP_RANGE_FROZEN_V1
27,BIO26-L27,أحياء 3,التغذية,121,121,120,1,25,TAH-BIO-BIO26-L27-Q025,BIO26-PDF121-L27-S1-Q025,المغذيات الكبرى والسعرات والطاقة,BIO26-M17,الهضم والتغذية والغدد الصماء,BIO26-S17-02,المغذيات الكبرى والسعرات والطاقة,تجميعات الأحياء 2026 — مفتاح الإجابة في PDF p.121,A,0,NOT_STARTED,,NOT_RUN,PRE_CROP_RANGE_FROZEN_V1
27,BIO26-L27,أحياء 3,التغذية,121,121,120,1,26,TAH-BIO-BIO26-L27-Q026,BIO26-PDF121-L27-S1-Q026,الفيتامينات والمعادن والاحتياجات الغذائية,BIO26-M17,الهضم والتغذية والغدد الصماء,BIO26-S17-03,الفيتامينات والمعادن والاحتياجات الغذائية,تجميعات الأحياء 2026 — مفتاح الإجابة في PDF p.121,D,3,NOT_STARTED,,NOT_RUN,PRE_CROP_RANGE_FROZEN_V1
27,BIO26-L27,أحياء 3,التغذية,121,121,120,1,27,TAH-BIO-BIO26-L27-Q027,BIO26-PDF121-L27-S1-Q027,الفيتامينات والمعادن والاحتياجات الغذائية,BIO26-M17,الهضم والتغذية والغدد الصماء,BIO26-S17-03,الفيتامينات والمعادن والاحتياجات الغذائية,تجميعات الأحياء 2026 — مفتاح الإجابة في PDF p.121,D,3,NOT_STARTED,,NOT_RUN,PRE_CROP_RANGE_FROZEN_V1
27,BIO26-L27,أحياء 3,التغذية,121,121,120,1,28,TAH-BIO-BIO26-L27-Q028,BIO26-PDF121-L27-S1-Q028,الفيتامينات والمعادن والاحتياجات الغذائية,BIO26-M17,الهضم والتغذية والغدد الصماء,BIO26-S17-03,الفيتامينات والمعادن والاحتياجات الغذائية,تجميعات الأحياء 2026 — مفتاح الإجابة في PDF p.121,C,2,NOT_STARTED,,NOT_RUN,PRE_CROP_RANGE_FROZEN_V1
27,BIO26-L27,أحياء 3,التغذية,121,121,120,1,29,TAH-BIO-BIO26-L27-Q029,BIO26-PDF121-L27-S1-Q029,الفيتامينات والمعادن والاحتياجات الغذائية,BIO26-M17,الهضم والتغذية والغدد الصماء,BIO26-S17-03,الفيتامينات والمعادن والاحتياجات الغذائية,تجميعات الأحياء 2026 — مفتاح الإجابة في PDF p.121,B,1,NOT_STARTED,,NOT_RUN,PRE_CROP_RANGE_FROZEN_V1
27,BIO26-L27,أحياء 3,التغذية,121,121,120,1,30,TAH-BIO-BIO26-L27-Q030,BIO26-PDF121-L27-S1-Q030,الفيتامينات والمعادن والاحتياجات الغذائية,BIO26-M17,الهضم والتغذية والغدد الصماء,BIO26-S17-03,الفيتامينات والمعادن والاحتياجات الغذائية,تجميعات الأحياء 2026 — مفتاح الإجابة في PDF p.121,A,0,NOT_STARTED,,NOT_RUN,PRE_CROP_RANGE_FROZEN_V1
27,BIO26-L27,أحياء 3,التغذية,121,121,120,1,31,TAH-BIO-BIO26-L27-Q031,BIO26-PDF121-L27-S1-Q031,الفيتامينات والمعادن والاحتياجات الغذائية,BIO26-M17,الهضم والتغذية والغدد الصماء,BIO26-S17-03,الفيتامينات والمعادن والاحتياجات الغذائية,تجميعات الأحياء 2026 — مفتاح الإجابة في PDF p.121,A,0,NOT_STARTED,,NOT_RUN,PRE_CROP_RANGE_FROZEN_V1
27,BIO26-L27,أحياء 3,التغذية,121,121,120,1,32,TAH-BIO-BIO26-L27-Q032,BIO26-PDF121-L27-S1-Q032,الفيتامينات والمعادن والاحتياجات الغذائية,BIO26-M17,الهضم والتغذية والغدد الصماء,BIO26-S17-03,الفيتامينات والمعادن والاحتياجات الغذائية,تجميعات الأحياء 2026 — مفتاح الإجابة في PDF p.121,A,0,NOT_STARTED,,NOT_RUN,PRE_CROP_RANGE_FROZEN_V1
27,BIO26-L27,أحياء 3,التغذية,121,121,120,1,33,TAH-BIO-BIO26-L27-Q033,BIO26-PDF121-L27-S1-Q033,الفيتامينات والمعادن والاحتياجات الغذائية,BIO26-M17,الهضم والتغذية والغدد الصماء,BIO26-S17-03,الفيتامينات والمعادن والاحتياجات الغذائية,تجميعات الأحياء 2026 — مفتاح الإجابة في PDF p.121,D,3,NOT_STARTED,,NOT_RUN,PRE_CROP_RANGE_FROZEN_V1
27,BIO26-L27,أحياء 3,التغذية,121,121,120,1,34,TAH-BIO-BIO26-L27-Q034,BIO26-PDF121-L27-S1-Q034,الفيتامينات والمعادن والاحتياجات الغذائية,BIO26-M17,الهضم والتغذية والغدد الصماء,BIO26-S17-03,الفيتامينات والمعادن والاحتياجات الغذائية,تجميعات الأحياء 2026 — مفتاح الإجابة في PDF p.121,D,3,NOT_STARTED,,NOT_RUN,PRE_CROP_RANGE_FROZEN_V1
27,BIO26-L27,أحياء 3,التغذية,121,121,120,1,35,TAH-BIO-BIO26-L27-Q035,BIO26-PDF121-L27-S1-Q035,الفيتامينات والمعادن والاحتياجات الغذائية,BIO26-M17,الهضم والتغذية والغدد الصماء,BIO26-S17-03,الفيتامينات والمعادن والاحتياجات الغذائية,تجميعات الأحياء 2026 — مفتاح الإجابة في PDF p.121,A,0,NOT_STARTED,,NOT_RUN,PRE_CROP_RANGE_FROZEN_V1
27,BIO26-L27,أحياء 3,التغذية,121,121,120,1,36,TAH-BIO-BIO26-L27-Q036,BIO26-PDF121-L27-S1-Q036,الفيتامينات والمعادن والاحتياجات الغذائية,BIO26-M17,الهضم والتغذية والغدد الصماء,BIO26-S17-03,الفيتامينات والمعادن والاحتياجات الغذائية,تجميعات الأحياء 2026 — مفتاح الإجابة في PDF p.121,B,1,NOT_STARTED,,NOT_RUN,PRE_CROP_RANGE_FROZEN_V1
27,BIO26-L27,أحياء 3,التغذية,122,122,121,1,37,TAH-BIO-BIO26-L27-Q037,BIO26-PDF122-L27-S1-Q037,الفيتامينات والمعادن والاحتياجات الغذائية,BIO26-M17,الهضم والتغذية والغدد الصماء,BIO26-S17-03,الفيتامينات والمعادن والاحتياجات الغذائية,تجميعات الأحياء 2026 — مفتاح الإجابة في PDF p.122,C,2,NOT_STARTED,,NOT_RUN,PRE_CROP_RANGE_FROZEN_V1
27,BIO26-L27,أحياء 3,التغذية,122,122,121,1,38,TAH-BIO-BIO26-L27-Q038,BIO26-PDF122-L27-S1-Q038,الفيتامينات والمعادن والاحتياجات الغذائية,BIO26-M17,الهضم والتغذية والغدد الصماء,BIO26-S17-03,الفيتامينات والمعادن والاحتياجات الغذائية,تجميعات الأحياء 2026 — مفتاح الإجابة في PDF p.122,A,0,NOT_STARTED,,NOT_RUN,PRE_CROP_RANGE_FROZEN_V1
27,BIO26-L27,أحياء 3,التغذية,122,122,121,1,39,TAH-BIO-BIO26-L27-Q039,BIO26-PDF122-L27-S1-Q039,الفيتامينات والمعادن والاحتياجات الغذائية,BIO26-M17,الهضم والتغذية والغدد الصماء,BIO26-S17-03,الفيتامينات والمعادن والاحتياجات الغذائية,تجميعات الأحياء 2026 — مفتاح الإجابة في PDF p.122,C,2,NOT_STARTED,,NOT_RUN,PRE_CROP_RANGE_FROZEN_V1
27,BIO26-L27,أحياء 3,التغذية,122,122,121,1,40,TAH-BIO-BIO26-L27-Q040,BIO26-PDF122-L27-S1-Q040,الفيتامينات والمعادن والاحتياجات الغذائية,BIO26-M17,الهضم والتغذية والغدد الصماء,BIO26-S17-03,الفيتامينات والمعادن والاحتياجات الغذائية,تجميعات الأحياء 2026 — مفتاح الإجابة في PDF p.122,A,0,NOT_STARTED,,NOT_RUN,PRE_CROP_RANGE_FROZEN_V1
27,BIO26-L27,أحياء 3,التغذية,123,123,122,2,41,TAH-BIO-BIO26-L27-Q041,BIO26-PDF123-L27-S2-Q041,المغذيات الكبرى والسعرات والطاقة,BIO26-M17,الهضم والتغذية والغدد الصماء,BIO26-S17-02,المغذيات الكبرى والسعرات والطاقة,تجميعات الأحياء 2026 — مفتاح الإجابة في PDF p.123,A,0,NOT_STARTED,,NOT_RUN,PRE_CROP_RANGE_FROZEN_V1
27,BIO26-L27,أحياء 3,التغذية,123,123,122,2,42,TAH-BIO-BIO26-L27-Q042,BIO26-PDF123-L27-S2-Q042,المغذيات الكبرى والسعرات والطاقة,BIO26-M17,الهضم والتغذية والغدد الصماء,BIO26-S17-02,المغذيات الكبرى والسعرات والطاقة,تجميعات الأحياء 2026 — مفتاح الإجابة في PDF p.123,A,0,NOT_STARTED,,NOT_RUN,PRE_CROP_RANGE_FROZEN_V1
27,BIO26-L27,أحياء 3,التغذية,123,123,122,2,43,TAH-BIO-BIO26-L27-Q043,BIO26-PDF123-L27-S2-Q043,المغذيات الكبرى والسعرات والطاقة,BIO26-M17,الهضم والتغذية والغدد الصماء,BIO26-S17-02,المغذيات الكبرى والسعرات والطاقة,تجميعات الأحياء 2026 — مفتاح الإجابة في PDF p.123,A,0,NOT_STARTED,,NOT_RUN,PRE_CROP_RANGE_FROZEN_V1
27,BIO26-L27,أحياء 3,التغذية,123,123,122,2,44,TAH-BIO-BIO26-L27-Q044,BIO26-PDF123-L27-S2-Q044,المغذيات الكبرى والسعرات والطاقة,BIO26-M17,الهضم والتغذية والغدد الصماء,BIO26-S17-02,المغذيات الكبرى والسعرات والطاقة,تجميعات الأحياء 2026 — مفتاح الإجابة في PDF p.123,C,2,NOT_STARTED,,NOT_RUN,PRE_CROP_RANGE_FROZEN_V1
27,BIO26-L27,أحياء 3,التغذية,123,123,122,2,45,TAH-BIO-BIO26-L27-Q045,BIO26-PDF123-L27-S2-Q045,المغذيات الكبرى والسعرات والطاقة,BIO26-M17,الهضم والتغذية والغدد الصماء,BIO26-S17-02,المغذيات الكبرى والسعرات والطاقة,تجميعات الأحياء 2026 — مفتاح الإجابة في PDF p.123,C,2,NOT_STARTED,,NOT_RUN,PRE_CROP_RANGE_FROZEN_V1
27,BIO26-L27,أحياء 3,التغذية,123,123,122,2,46,TAH-BIO-BIO26-L27-Q046,BIO26-PDF123-L27-S2-Q046,المغذيات الكبرى والسعرات والطاقة,BIO26-M17,الهضم والتغذية والغدد الصماء,BIO26-S17-02,المغذيات الكبرى والسعرات والطاقة,تجميعات الأحياء 2026 — مفتاح الإجابة في PDF p.123,C,2,NOT_STARTED,,NOT_RUN,PRE_CROP_RANGE_FROZEN_V1
27,BIO26-L27,أحياء 3,التغذية,123,123,122,2,47,TAH-BIO-BIO26-L27-Q047,BIO26-PDF123-L27-S2-Q047,المغذيات الكبرى والسعرات والطاقة,BIO26-M17,الهضم والتغذية والغدد الصماء,BIO26-S17-02,المغذيات الكبرى والسعرات والطاقة,تجميعات الأحياء 2026 — مفتاح الإجابة في PDF p.123,C,2,NOT_STARTED,,NOT_RUN,PRE_CROP_RANGE_FROZEN_V1
27,BIO26-L27,أحياء 3,التغذية,123,123,122,2,48,TAH-BIO-BIO26-L27-Q048,BIO26-PDF123-L27-S2-Q048,المغذيات الكبرى والسعرات والطاقة,BIO26-M17,الهضم والتغذية والغدد الصماء,BIO26-S17-02,المغذيات الكبرى والسعرات والطاقة,تجميعات الأحياء 2026 — مفتاح الإجابة في PDF p.123,D,3,NOT_STARTED,,NOT_RUN,PRE_CROP_RANGE_FROZEN_V1
27,BIO26-L27,أحياء 3,التغذية,123,123,122,2,49,TAH-BIO-BIO26-L27-Q049,BIO26-PDF123-L27-S2-Q049,المغذيات الكبرى والسعرات والطاقة,BIO26-M17,الهضم والتغذية والغدد الصماء,BIO26-S17-02,المغذيات الكبرى والسعرات والطاقة,تجميعات الأحياء 2026 — مفتاح الإجابة في PDF p.123,D,3,NOT_STARTED,,NOT_RUN,PRE_CROP_RANGE_FROZEN_V1
27,BIO26-L27,أحياء 3,التغذية,123,123,122,2,50,TAH-BIO-BIO26-L27-Q050,BIO26-PDF123-L27-S2-Q050,المغذيات الكبرى والسعرات والطاقة,BIO26-M17,الهضم والتغذية والغدد الصماء,BIO26-S17-02,المغذيات الكبرى والسعرات والطاقة,تجميعات الأحياء 2026 — مفتاح الإجابة في PDF p.123,B,1,NOT_STARTED,,NOT_RUN,PRE_CROP_RANGE_FROZEN_V1
27,BIO26-L27,أحياء 3,التغذية,123,123,122,2,51,TAH-BIO-BIO26-L27-Q051,BIO26-PDF123-L27-S2-Q051,المغذيات الكبرى والسعرات والطاقة,BIO26-M17,الهضم والتغذية والغدد الصماء,BIO26-S17-02,المغذيات الكبرى والسعرات والطاقة,تجميعات الأحياء 2026 — مفتاح الإجابة في PDF p.123,C,2,NOT_STARTED,,NOT_RUN,PRE_CROP_RANGE_FROZEN_V1
27,BIO26-L27,أحياء 3,التغذية,123,123,122,2,52,TAH-BIO-BIO26-L27-Q052,BIO26-PDF123-L27-S2-Q052,المغذيات الكبرى والسعرات والطاقة,BIO26-M17,الهضم والتغذية والغدد الصماء,BIO26-S17-02,المغذيات الكبرى والسعرات والطاقة,تجميعات الأحياء 2026 — مفتاح الإجابة في PDF p.123,A,0,NOT_STARTED,,NOT_RUN,PRE_CROP_RANGE_FROZEN_V1
27,BIO26-L27,أحياء 3,التغذية,123,123,122,2,53,TAH-BIO-BIO26-L27-Q053,BIO26-PDF123-L27-S2-Q053,المغذيات الكبرى والسعرات والطاقة,BIO26-M17,الهضم والتغذية والغدد الصماء,BIO26-S17-02,المغذيات الكبرى والسعرات والطاقة,تجميعات الأحياء 2026 — مفتاح الإجابة في PDF p.123,A,0,NOT_STARTED,,NOT_RUN,PRE_CROP_RANGE_FROZEN_V1
27,BIO26-L27,أحياء 3,التغذية,123,123,122,2,54,TAH-BIO-BIO26-L27-Q054,BIO26-PDF123-L27-S2-Q054,المغذيات الكبرى والسعرات والطاقة,BIO26-M17,الهضم والتغذية والغدد الصماء,BIO26-S17-02,المغذيات الكبرى والسعرات والطاقة,تجميعات الأحياء 2026 — مفتاح الإجابة في PDF p.123,C,2,NOT_STARTED,,NOT_RUN,PRE_CROP_RANGE_FROZEN_V1
27,BIO26-L27,أحياء 3,التغذية,123,123,122,2,55,TAH-BIO-BIO26-L27-Q055,BIO26-PDF123-L27-S2-Q055,المغذيات الكبرى والسعرات والطاقة,BIO26-M17,الهضم والتغذية والغدد الصماء,BIO26-S17-02,المغذيات الكبرى والسعرات والطاقة,تجميعات الأحياء 2026 — مفتاح الإجابة في PDF p.123,C,2,NOT_STARTED,,NOT_RUN,PRE_CROP_RANGE_FROZEN_V1
27,BIO26-L27,أحياء 3,التغذية,123,123,122,2,56,TAH-BIO-BIO26-L27-Q056,BIO26-PDF123-L27-S2-Q056,المغذيات الكبرى والسعرات والطاقة,BIO26-M17,الهضم والتغذية والغدد الصماء,BIO26-S17-02,المغذيات الكبرى والسعرات والطاقة,تجميعات الأحياء 2026 — مفتاح الإجابة في PDF p.123,C,2,NOT_STARTED,,NOT_RUN,PRE_CROP_RANGE_FROZEN_V1
27,BIO26-L27,أحياء 3,التغذية,123,123,122,2,57,TAH-BIO-BIO26-L27-Q057,BIO26-PDF123-L27-S2-Q057,المغذيات الكبرى والسعرات والطاقة,BIO26-M17,الهضم والتغذية والغدد الصماء,BIO26-S17-02,المغذيات الكبرى والسعرات والطاقة,تجميعات الأحياء 2026 — مفتاح الإجابة في PDF p.123,B,1,NOT_STARTED,,NOT_RUN,PRE_CROP_RANGE_FROZEN_V1
27,BIO26-L27,أحياء 3,التغذية,123,123,122,2,58,TAH-BIO-BIO26-L27-Q058,BIO26-PDF123-L27-S2-Q058,المغذيات الكبرى والسعرات والطاقة,BIO26-M17,الهضم والتغذية والغدد الصماء,BIO26-S17-02,المغذيات الكبرى والسعرات والطاقة,تجميعات الأحياء 2026 — مفتاح الإجابة في PDF p.123,A,0,NOT_STARTED,,NOT_RUN,PRE_CROP_RANGE_FROZEN_V1
27,BIO26-L27,أحياء 3,التغذية,124,124,123,2,59,TAH-BIO-BIO26-L27-Q059,BIO26-PDF124-L27-S2-Q059,المغذيات الكبرى والسعرات والطاقة,BIO26-M17,الهضم والتغذية والغدد الصماء,BIO26-S17-02,المغذيات الكبرى والسعرات والطاقة,تجميعات الأحياء 2026 — مفتاح الإجابة في PDF p.124,B,1,NOT_STARTED,,NOT_RUN,PRE_CROP_RANGE_FROZEN_V1
27,BIO26-L27,أحياء 3,التغذية,124,124,123,2,60,TAH-BIO-BIO26-L27-Q060,BIO26-PDF124-L27-S2-Q060,المغذيات الكبرى والسعرات والطاقة,BIO26-M17,الهضم والتغذية والغدد الصماء,BIO26-S17-02,المغذيات الكبرى والسعرات والطاقة,تجميعات الأحياء 2026 — مفتاح الإجابة في PDF p.124,A,0,NOT_STARTED,,NOT_RUN,PRE_CROP_RANGE_FROZEN_V1
27,BIO26-L27,أحياء 3,التغذية,124,124,123,2,61,TAH-BIO-BIO26-L27-Q061,BIO26-PDF124-L27-S2-Q061,المغذيات الكبرى والسعرات والطاقة,BIO26-M17,الهضم والتغذية والغدد الصماء,BIO26-S17-02,المغذيات الكبرى والسعرات والطاقة,تجميعات الأحياء 2026 — مفتاح الإجابة في PDF p.124,D,3,NOT_STARTED,,NOT_RUN,PRE_CROP_RANGE_FROZEN_V1
27,BIO26-L27,أحياء 3,التغذية,124,124,123,2,62,TAH-BIO-BIO26-L27-Q062,BIO26-PDF124-L27-S2-Q062,المغذيات الكبرى والسعرات والطاقة,BIO26-M17,الهضم والتغذية والغدد الصماء,BIO26-S17-02,المغذيات الكبرى والسعرات والطاقة,تجميعات الأحياء 2026 — مفتاح الإجابة في PDF p.124,B,1,NOT_STARTED,,NOT_RUN,PRE_CROP_RANGE_FROZEN_V1
27,BIO26-L27,أحياء 3,التغذية,124,124,123,2,63,TAH-BIO-BIO26-L27-Q063,BIO26-PDF124-L27-S2-Q063,المغذيات الكبرى والسعرات والطاقة,BIO26-M17,الهضم والتغذية والغدد الصماء,BIO26-S17-02,المغذيات الكبرى والسعرات والطاقة,تجميعات الأحياء 2026 — مفتاح الإجابة في PDF p.124,A,0,NOT_STARTED,,NOT_RUN,PRE_CROP_RANGE_FROZEN_V1
27,BIO26-L27,أحياء 3,التغذية,124,124,123,2,64,TAH-BIO-BIO26-L27-Q064,BIO26-PDF124-L27-S2-Q064,المغذيات الكبرى والسعرات والطاقة,BIO26-M17,الهضم والتغذية والغدد الصماء,BIO26-S17-02,المغذيات الكبرى والسعرات والطاقة,تجميعات الأحياء 2026 — مفتاح الإجابة في PDF p.124,A,0,NOT_STARTED,,NOT_RUN,PRE_CROP_RANGE_FROZEN_V1
27,BIO26-L27,أحياء 3,التغذية,124,124,123,2,65,TAH-BIO-BIO26-L27-Q065,BIO26-PDF124-L27-S2-Q065,الفيتامينات والمعادن والاحتياجات الغذائية,BIO26-M17,الهضم والتغذية والغدد الصماء,BIO26-S17-03,الفيتامينات والمعادن والاحتياجات الغذائية,تجميعات الأحياء 2026 — مفتاح الإجابة في PDF p.124,C,2,NOT_STARTED,,NOT_RUN,PRE_CROP_RANGE_FROZEN_V1
27,BIO26-L27,أحياء 3,التغذية,124,124,123,2,66,TAH-BIO-BIO26-L27-Q066,BIO26-PDF124-L27-S2-Q066,الفيتامينات والمعادن والاحتياجات الغذائية,BIO26-M17,الهضم والتغذية والغدد الصماء,BIO26-S17-03,الفيتامينات والمعادن والاحتياجات الغذائية,تجميعات الأحياء 2026 — مفتاح الإجابة في PDF p.124,B,1,NOT_STARTED,,NOT_RUN,PRE_CROP_RANGE_FROZEN_V1
27,BIO26-L27,أحياء 3,التغذية,124,124,123,2,67,TAH-BIO-BIO26-L27-Q067,BIO26-PDF124-L27-S2-Q067,الفيتامينات والمعادن والاحتياجات الغذائية,BIO26-M17,الهضم والتغذية والغدد الصماء,BIO26-S17-03,الفيتامينات والمعادن والاحتياجات الغذائية,تجميعات الأحياء 2026 — مفتاح الإجابة في PDF p.124,A,0,NOT_STARTED,,NOT_RUN,PRE_CROP_RANGE_FROZEN_V1
27,BIO26-L27,أحياء 3,التغذية,124,124,123,2,68,TAH-BIO-BIO26-L27-Q068,BIO26-PDF124-L27-S2-Q068,الفيتامينات والمعادن والاحتياجات الغذائية,BIO26-M17,الهضم والتغذية والغدد الصماء,BIO26-S17-03,الفيتامينات والمعادن والاحتياجات الغذائية,تجميعات الأحياء 2026 — مفتاح الإجابة في PDF p.124,C,2,NOT_STARTED,,NOT_RUN,PRE_CROP_RANGE_FROZEN_V1
27,BIO26-L27,أحياء 3,التغذية,124,124,123,2,69,TAH-BIO-BIO26-L27-Q069,BIO26-PDF124-L27-S2-Q069,الفيتامينات والمعادن والاحتياجات الغذائية,BIO26-M17,الهضم والتغذية والغدد الصماء,BIO26-S17-03,الفيتامينات والمعادن والاحتياجات الغذائية,تجميعات الأحياء 2026 — مفتاح الإجابة في PDF p.124,B,1,NOT_STARTED,,NOT_RUN,PRE_CROP_RANGE_FROZEN_V1
27,BIO26-L27,أحياء 3,التغذية,124,124,123,2,70,TAH-BIO-BIO26-L27-Q070,BIO26-PDF124-L27-S2-Q070,الفيتامينات والمعادن والاحتياجات الغذائية,BIO26-M17,الهضم والتغذية والغدد الصماء,BIO26-S17-03,الفيتامينات والمعادن والاحتياجات الغذائية,تجميعات الأحياء 2026 — مفتاح الإجابة في PDF p.124,B,1,NOT_STARTED,,NOT_RUN,PRE_CROP_RANGE_FROZEN_V1
27,BIO26-L27,أحياء 3,التغذية,124,124,123,2,71,TAH-BIO-BIO26-L27-Q071,BIO26-PDF124-L27-S2-Q071,الفيتامينات والمعادن والاحتياجات الغذائية,BIO26-M17,الهضم والتغذية والغدد الصماء,BIO26-S17-03,الفيتامينات والمعادن والاحتياجات الغذائية,تجميعات الأحياء 2026 — مفتاح الإجابة في PDF p.124,B,1,NOT_STARTED,,NOT_RUN,PRE_CROP_RANGE_FROZEN_V1
27,BIO26-L27,أحياء 3,التغذية,124,124,123,2,72,TAH-BIO-BIO26-L27-Q072,BIO26-PDF124-L27-S2-Q072,الفيتامينات والمعادن والاحتياجات الغذائية,BIO26-M17,الهضم والتغذية والغدد الصماء,BIO26-S17-03,الفيتامينات والمعادن والاحتياجات الغذائية,تجميعات الأحياء 2026 — مفتاح الإجابة في PDF p.124,A,0,NOT_STARTED,,NOT_RUN,PRE_CROP_RANGE_FROZEN_V1
27,BIO26-L27,أحياء 3,التغذية,124,124,123,2,73,TAH-BIO-BIO26-L27-Q073,BIO26-PDF124-L27-S2-Q073,الفيتامينات والمعادن والاحتياجات الغذائية,BIO26-M17,الهضم والتغذية والغدد الصماء,BIO26-S17-03,الفيتامينات والمعادن والاحتياجات الغذائية,تجميعات الأحياء 2026 — مفتاح الإجابة في PDF p.124,B,1,NOT_STARTED,,NOT_RUN,PRE_CROP_RANGE_FROZEN_V1
28,BIO26-L28,أحياء 3,جهاز الغدد الصم,125,125,124,1,1,TAH-BIO-BIO26-L28-Q001,BIO26-PDF125-L28-S1-Q001,الغدد الصماء والهرمونات والتغذية الراجعة,BIO26-M17,الهضم والتغذية والغدد الصماء,BIO26-S17-04,الغدد الصماء والهرمونات والتغذية الراجعة,تجميعات الأحياء 2026 — مفتاح الإجابة في PDF p.125,B,1,NOT_STARTED,,NOT_RUN,PRE_CROP_RANGE_FROZEN_V1
28,BIO26-L28,أحياء 3,جهاز الغدد الصم,125,125,124,1,2,TAH-BIO-BIO26-L28-Q002,BIO26-PDF125-L28-S1-Q002,الغدد الصماء والهرمونات والتغذية الراجعة,BIO26-M17,الهضم والتغذية والغدد الصماء,BIO26-S17-04,الغدد الصماء والهرمونات والتغذية الراجعة,تجميعات الأحياء 2026 — مفتاح الإجابة في PDF p.125,C,2,NOT_STARTED,,NOT_RUN,PRE_CROP_RANGE_FROZEN_V1
28,BIO26-L28,أحياء 3,جهاز الغدد الصم,125,125,124,1,3,TAH-BIO-BIO26-L28-Q003,BIO26-PDF125-L28-S1-Q003,الغدد الصماء والهرمونات والتغذية الراجعة,BIO26-M17,الهضم والتغذية والغدد الصماء,BIO26-S17-04,الغدد الصماء والهرمونات والتغذية الراجعة,تجميعات الأحياء 2026 — مفتاح الإجابة في PDF p.125,C,2,NOT_STARTED,,NOT_RUN,PRE_CROP_RANGE_FROZEN_V1
28,BIO26-L28,أحياء 3,جهاز الغدد الصم,125,125,124,1,4,TAH-BIO-BIO26-L28-Q004,BIO26-PDF125-L28-S1-Q004,الغدد الصماء والهرمونات والتغذية الراجعة,BIO26-M17,الهضم والتغذية والغدد الصماء,BIO26-S17-04,الغدد الصماء والهرمونات والتغذية الراجعة,تجميعات الأحياء 2026 — مفتاح الإجابة في PDF p.125,A,0,NOT_STARTED,,NOT_RUN,PRE_CROP_RANGE_FROZEN_V1
28,BIO26-L28,أحياء 3,جهاز الغدد الصم,125,125,124,1,5,TAH-BIO-BIO26-L28-Q005,BIO26-PDF125-L28-S1-Q005,الغدد الصماء والهرمونات والتغذية الراجعة,BIO26-M17,الهضم والتغذية والغدد الصماء,BIO26-S17-04,الغدد الصماء والهرمونات والتغذية الراجعة,تجميعات الأحياء 2026 — مفتاح الإجابة في PDF p.125,D,3,NOT_STARTED,,NOT_RUN,PRE_CROP_RANGE_FROZEN_V1
28,BIO26-L28,أحياء 3,جهاز الغدد الصم,125,125,124,1,6,TAH-BIO-BIO26-L28-Q006,BIO26-PDF125-L28-S1-Q006,الغدد الصماء والهرمونات والتغذية الراجعة,BIO26-M17,الهضم والتغذية والغدد الصماء,BIO26-S17-04,الغدد الصماء والهرمونات والتغذية الراجعة,تجميعات الأحياء 2026 — مفتاح الإجابة في PDF p.125,A,0,NOT_STARTED,,NOT_RUN,PRE_CROP_RANGE_FROZEN_V1
28,BIO26-L28,أحياء 3,جهاز الغدد الصم,125,125,124,1,7,TAH-BIO-BIO26-L28-Q007,BIO26-PDF125-L28-S1-Q007,الغدد الصماء والهرمونات والتغذية الراجعة,BIO26-M17,الهضم والتغذية والغدد الصماء,BIO26-S17-04,الغدد الصماء والهرمونات والتغذية الراجعة,تجميعات الأحياء 2026 — مفتاح الإجابة في PDF p.125,D,3,NOT_STARTED,,NOT_RUN,PRE_CROP_RANGE_FROZEN_V1
28,BIO26-L28,أحياء 3,جهاز الغدد الصم,125,125,124,1,8,TAH-BIO-BIO26-L28-Q008,BIO26-PDF125-L28-S1-Q008,الغدد الصماء والهرمونات والتغذية الراجعة,BIO26-M17,الهضم والتغذية والغدد الصماء,BIO26-S17-04,الغدد الصماء والهرمونات والتغذية الراجعة,تجميعات الأحياء 2026 — مفتاح الإجابة في PDF p.125,D,3,NOT_STARTED,,NOT_RUN,PRE_CROP_RANGE_FROZEN_V1
28,BIO26-L28,أحياء 3,جهاز الغدد الصم,125,125,124,1,9,TAH-BIO-BIO26-L28-Q009,BIO26-PDF125-L28-S1-Q009,الغدد الصماء والهرمونات والتغذية الراجعة,BIO26-M17,الهضم والتغذية والغدد الصماء,BIO26-S17-04,الغدد الصماء والهرمونات والتغذية الراجعة,تجميعات الأحياء 2026 — مفتاح الإجابة في PDF p.125,B,1,NOT_STARTED,,NOT_RUN,PRE_CROP_RANGE_FROZEN_V1
28,BIO26-L28,أحياء 3,جهاز الغدد الصم,125,125,124,1,10,TAH-BIO-BIO26-L28-Q010,BIO26-PDF125-L28-S1-Q010,الغدد الصماء والهرمونات والتغذية الراجعة,BIO26-M17,الهضم والتغذية والغدد الصماء,BIO26-S17-04,الغدد الصماء والهرمونات والتغذية الراجعة,تجميعات الأحياء 2026 — مفتاح الإجابة في PDF p.125,B,1,NOT_STARTED,,NOT_RUN,PRE_CROP_RANGE_FROZEN_V1
28,BIO26-L28,أحياء 3,جهاز الغدد الصم,125,125,124,1,11,TAH-BIO-BIO26-L28-Q011,BIO26-PDF125-L28-S1-Q011,الغدد الصماء والهرمونات والتغذية الراجعة,BIO26-M17,الهضم والتغذية والغدد الصماء,BIO26-S17-04,الغدد الصماء والهرمونات والتغذية الراجعة,تجميعات الأحياء 2026 — مفتاح الإجابة في PDF p.125,C,2,NOT_STARTED,,NOT_RUN,PRE_CROP_RANGE_FROZEN_V1
28,BIO26-L28,أحياء 3,جهاز الغدد الصم,125,125,124,1,12,TAH-BIO-BIO26-L28-Q012,BIO26-PDF125-L28-S1-Q012,الغدد الصماء والهرمونات والتغذية الراجعة,BIO26-M17,الهضم والتغذية والغدد الصماء,BIO26-S17-04,الغدد الصماء والهرمونات والتغذية الراجعة,تجميعات الأحياء 2026 — مفتاح الإجابة في PDF p.125,B,1,NOT_STARTED,,NOT_RUN,PRE_CROP_RANGE_FROZEN_V1
28,BIO26-L28,أحياء 3,جهاز الغدد الصم,125,125,124,1,13,TAH-BIO-BIO26-L28-Q013,BIO26-PDF125-L28-S1-Q013,الغدد الصماء والهرمونات والتغذية الراجعة,BIO26-M17,الهضم والتغذية والغدد الصماء,BIO26-S17-04,الغدد الصماء والهرمونات والتغذية الراجعة,تجميعات الأحياء 2026 — مفتاح الإجابة في PDF p.125,B,1,NOT_STARTED,,NOT_RUN,PRE_CROP_RANGE_FROZEN_V1
28,BIO26-L28,أحياء 3,جهاز الغدد الصم,125,125,124,1,14,TAH-BIO-BIO26-L28-Q014,BIO26-PDF125-L28-S1-Q014,الغدد الصماء والهرمونات والتغذية الراجعة,BIO26-M17,الهضم والتغذية والغدد الصماء,BIO26-S17-04,الغدد الصماء والهرمونات والتغذية الراجعة,تجميعات الأحياء 2026 — مفتاح الإجابة في PDF p.125,B,1,NOT_STARTED,,NOT_RUN,PRE_CROP_RANGE_FROZEN_V1
28,BIO26-L28,أحياء 3,جهاز الغدد الصم,125,125,124,1,15,TAH-BIO-BIO26-L28-Q015,BIO26-PDF125-L28-S1-Q015,الغدد الصماء والهرمونات والتغذية الراجعة,BIO26-M17,الهضم والتغذية والغدد الصماء,BIO26-S17-04,الغدد الصماء والهرمونات والتغذية الراجعة,تجميعات الأحياء 2026 — مفتاح الإجابة في PDF p.125,B,1,NOT_STARTED,,NOT_RUN,PRE_CROP_RANGE_FROZEN_V1
28,BIO26-L28,أحياء 3,جهاز الغدد الصم,125,125,124,1,16,TAH-BIO-BIO26-L28-Q016,BIO26-PDF125-L28-S1-Q016,الغدد الصماء والهرمونات والتغذية الراجعة,BIO26-M17,الهضم والتغذية والغدد الصماء,BIO26-S17-04,الغدد الصماء والهرمونات والتغذية الراجعة,تجميعات الأحياء 2026 — مفتاح الإجابة في PDF p.125,B,1,NOT_STARTED,,NOT_RUN,PRE_CROP_RANGE_FROZEN_V1
28,BIO26-L28,أحياء 3,جهاز الغدد الصم,126,126,125,1,17,TAH-BIO-BIO26-L28-Q017,BIO26-PDF126-L28-S1-Q017,الغدد الصماء والهرمونات والتغذية الراجعة,BIO26-M17,الهضم والتغذية والغدد الصماء,BIO26-S17-04,الغدد الصماء والهرمونات والتغذية الراجعة,تجميعات الأحياء 2026 — مفتاح الإجابة في PDF p.126,A,0,NOT_STARTED,,NOT_RUN,PRE_CROP_RANGE_FROZEN_V1
28,BIO26-L28,أحياء 3,جهاز الغدد الصم,126,126,125,1,18,TAH-BIO-BIO26-L28-Q018,BIO26-PDF126-L28-S1-Q018,الغدد الصماء والهرمونات والتغذية الراجعة,BIO26-M17,الهضم والتغذية والغدد الصماء,BIO26-S17-04,الغدد الصماء والهرمونات والتغذية الراجعة,تجميعات الأحياء 2026 — مفتاح الإجابة في PDF p.126,A,0,NOT_STARTED,,NOT_RUN,PRE_CROP_RANGE_FROZEN_V1
28,BIO26-L28,أحياء 3,جهاز الغدد الصم,126,126,125,1,19,TAH-BIO-BIO26-L28-Q019,BIO26-PDF126-L28-S1-Q019,الغدد الصماء والهرمونات والتغذية الراجعة,BIO26-M17,الهضم والتغذية والغدد الصماء,BIO26-S17-04,الغدد الصماء والهرمونات والتغذية الراجعة,تجميعات الأحياء 2026 — مفتاح الإجابة في PDF p.126,D,3,NOT_STARTED,,NOT_RUN,PRE_CROP_RANGE_FROZEN_V1
28,BIO26-L28,أحياء 3,جهاز الغدد الصم,126,126,125,1,20,TAH-BIO-BIO26-L28-Q020,BIO26-PDF126-L28-S1-Q020,الغدد الصماء والهرمونات والتغذية الراجعة,BIO26-M17,الهضم والتغذية والغدد الصماء,BIO26-S17-04,الغدد الصماء والهرمونات والتغذية الراجعة,تجميعات الأحياء 2026 — مفتاح الإجابة في PDF p.126,C,2,NOT_STARTED,,NOT_RUN,PRE_CROP_RANGE_FROZEN_V1
28,BIO26-L28,أحياء 3,جهاز الغدد الصم,126,126,125,1,21,TAH-BIO-BIO26-L28-Q021,BIO26-PDF126-L28-S1-Q021,الغدد الصماء والهرمونات والتغذية الراجعة,BIO26-M17,الهضم والتغذية والغدد الصماء,BIO26-S17-04,الغدد الصماء والهرمونات والتغذية الراجعة,تجميعات الأحياء 2026 — مفتاح الإجابة في PDF p.126,B,1,NOT_STARTED,,NOT_RUN,PRE_CROP_RANGE_FROZEN_V1
28,BIO26-L28,أحياء 3,جهاز الغدد الصم,126,126,125,1,22,TAH-BIO-BIO26-L28-Q022,BIO26-PDF126-L28-S1-Q022,الغدد الصماء والهرمونات والتغذية الراجعة,BIO26-M17,الهضم والتغذية والغدد الصماء,BIO26-S17-04,الغدد الصماء والهرمونات والتغذية الراجعة,تجميعات الأحياء 2026 — مفتاح الإجابة في PDF p.126,B,1,NOT_STARTED,,NOT_RUN,PRE_CROP_RANGE_FROZEN_V1
28,BIO26-L28,أحياء 3,جهاز الغدد الصم,126,126,125,1,23,TAH-BIO-BIO26-L28-Q023,BIO26-PDF126-L28-S1-Q023,الغدد الصماء والهرمونات والتغذية الراجعة,BIO26-M17,الهضم والتغذية والغدد الصماء,BIO26-S17-04,الغدد الصماء والهرمونات والتغذية الراجعة,تجميعات الأحياء 2026 — مفتاح الإجابة في PDF p.126,A,0,NOT_STARTED,,NOT_RUN,PRE_CROP_RANGE_FROZEN_V1
28,BIO26-L28,أحياء 3,جهاز الغدد الصم,126,126,125,1,24,TAH-BIO-BIO26-L28-Q024,BIO26-PDF126-L28-S1-Q024,الغدد الصماء والهرمونات والتغذية الراجعة,BIO26-M17,الهضم والتغذية والغدد الصماء,BIO26-S17-04,الغدد الصماء والهرمونات والتغذية الراجعة,تجميعات الأحياء 2026 — مفتاح الإجابة في PDF p.126,A,0,NOT_STARTED,,NOT_RUN,PRE_CROP_RANGE_FROZEN_V1
28,BIO26-L28,أحياء 3,جهاز الغدد الصم,126,126,125,1,25,TAH-BIO-BIO26-L28-Q025,BIO26-PDF126-L28-S1-Q025,الغدد الصماء والهرمونات والتغذية الراجعة,BIO26-M17,الهضم والتغذية والغدد الصماء,BIO26-S17-04,الغدد الصماء والهرمونات والتغذية الراجعة,تجميعات الأحياء 2026 — مفتاح الإجابة في PDF p.126,A,0,NOT_STARTED,,NOT_RUN,PRE_CROP_RANGE_FROZEN_V1
28,BIO26-L28,أحياء 3,جهاز الغدد الصم,126,126,125,1,26,TAH-BIO-BIO26-L28-Q026,BIO26-PDF126-L28-S1-Q026,الغدد الصماء والهرمونات والتغذية الراجعة,BIO26-M17,الهضم والتغذية والغدد الصماء,BIO26-S17-04,الغدد الصماء والهرمونات والتغذية الراجعة,تجميعات الأحياء 2026 — مفتاح الإجابة في PDF p.126,C,2,NOT_STARTED,,NOT_RUN,PRE_CROP_RANGE_FROZEN_V1
28,BIO26-L28,أحياء 3,جهاز الغدد الصم,126,126,125,1,27,TAH-BIO-BIO26-L28-Q027,BIO26-PDF126-L28-S1-Q027,الغدد الصماء والهرمونات والتغذية الراجعة,BIO26-M17,الهضم والتغذية والغدد الصماء,BIO26-S17-04,الغدد الصماء والهرمونات والتغذية الراجعة,تجميعات الأحياء 2026 — مفتاح الإجابة في PDF p.126,A,0,NOT_STARTED,,NOT_RUN,PRE_CROP_RANGE_FROZEN_V1
28,BIO26-L28,أحياء 3,جهاز الغدد الصم,126,126,125,1,28,TAH-BIO-BIO26-L28-Q028,BIO26-PDF126-L28-S1-Q028,الغدد الصماء والهرمونات والتغذية الراجعة,BIO26-M17,الهضم والتغذية والغدد الصماء,BIO26-S17-04,الغدد الصماء والهرمونات والتغذية الراجعة,تجميعات الأحياء 2026 — مفتاح الإجابة في PDF p.126,B,1,NOT_STARTED,,NOT_RUN,PRE_CROP_RANGE_FROZEN_V1
28,BIO26-L28,أحياء 3,جهاز الغدد الصم,126,126,125,1,29,TAH-BIO-BIO26-L28-Q029,BIO26-PDF126-L28-S1-Q029,الغدد الصماء والهرمونات والتغذية الراجعة,BIO26-M17,الهضم والتغذية والغدد الصماء,BIO26-S17-04,الغدد الصماء والهرمونات والتغذية الراجعة,تجميعات الأحياء 2026 — مفتاح الإجابة في PDF p.126,B,1,NOT_STARTED,,NOT_RUN,PRE_CROP_RANGE_FROZEN_V1
28,BIO26-L28,أحياء 3,جهاز الغدد الصم,126,126,125,1,30,TAH-BIO-BIO26-L28-Q030,BIO26-PDF126-L28-S1-Q030,الغدد الصماء والهرمونات والتغذية الراجعة,BIO26-M17,الهضم والتغذية والغدد الصماء,BIO26-S17-04,الغدد الصماء والهرمونات والتغذية الراجعة,تجميعات الأحياء 2026 — مفتاح الإجابة في PDF p.126,A,0,NOT_STARTED,,NOT_RUN,PRE_CROP_RANGE_FROZEN_V1
28,BIO26-L28,أحياء 3,جهاز الغدد الصم,127,127,126,1,31,TAH-BIO-BIO26-L28-Q031,BIO26-PDF127-L28-S1-Q031,الغدد الصماء والهرمونات والتغذية الراجعة,BIO26-M17,الهضم والتغذية والغدد الصماء,BIO26-S17-04,الغدد الصماء والهرمونات والتغذية الراجعة,تجميعات الأحياء 2026 — مفتاح الإجابة في PDF p.127,C,2,NOT_STARTED,,NOT_RUN,PRE_CROP_RANGE_FROZEN_V1
28,BIO26-L28,أحياء 3,جهاز الغدد الصم,127,127,126,1,32,TAH-BIO-BIO26-L28-Q032,BIO26-PDF127-L28-S1-Q032,الغدد الصماء والهرمونات والتغذية الراجعة,BIO26-M17,الهضم والتغذية والغدد الصماء,BIO26-S17-04,الغدد الصماء والهرمونات والتغذية الراجعة,تجميعات الأحياء 2026 — مفتاح الإجابة في PDF p.127,B,1,NOT_STARTED,,NOT_RUN,PRE_CROP_RANGE_FROZEN_V1
28,BIO26-L28,أحياء 3,جهاز الغدد الصم,127,127,126,1,33,TAH-BIO-BIO26-L28-Q033,BIO26-PDF127-L28-S1-Q033,الغدد الصماء والهرمونات والتغذية الراجعة,BIO26-M17,الهضم والتغذية والغدد الصماء,BIO26-S17-04,الغدد الصماء والهرمونات والتغذية الراجعة,تجميعات الأحياء 2026 — مفتاح الإجابة في PDF p.127,C,2,NOT_STARTED,,NOT_RUN,PRE_CROP_RANGE_FROZEN_V1
28,BIO26-L28,أحياء 3,جهاز الغدد الصم,127,127,126,1,34,TAH-BIO-BIO26-L28-Q034,BIO26-PDF127-L28-S1-Q034,الغدد الصماء والهرمونات والتغذية الراجعة,BIO26-M17,الهضم والتغذية والغدد الصماء,BIO26-S17-04,الغدد الصماء والهرمونات والتغذية الراجعة,تجميعات الأحياء 2026 — مفتاح الإجابة في PDF p.127,A,0,NOT_STARTED,,NOT_RUN,PRE_CROP_RANGE_FROZEN_V1
28,BIO26-L28,أحياء 3,جهاز الغدد الصم,127,127,126,1,35,TAH-BIO-BIO26-L28-Q035,BIO26-PDF127-L28-S1-Q035,الغدد الصماء والهرمونات والتغذية الراجعة,BIO26-M17,الهضم والتغذية والغدد الصماء,BIO26-S17-04,الغدد الصماء والهرمونات والتغذية الراجعة,تجميعات الأحياء 2026 — مفتاح الإجابة في PDF p.127,B,1,NOT_STARTED,,NOT_RUN,PRE_CROP_RANGE_FROZEN_V1
28,BIO26-L28,أحياء 3,جهاز الغدد الصم,128,128,127,2,36,TAH-BIO-BIO26-L28-Q036,BIO26-PDF128-L28-S2-Q036,الغدد الصماء والهرمونات والتغذية الراجعة,BIO26-M17,الهضم والتغذية والغدد الصماء,BIO26-S17-04,الغدد الصماء والهرمونات والتغذية الراجعة,تجميعات الأحياء 2026 — مفتاح الإجابة في PDF p.128,A,0,NOT_STARTED,,NOT_RUN,PRE_CROP_RANGE_FROZEN_V1
28,BIO26-L28,أحياء 3,جهاز الغدد الصم,128,128,127,2,37,TAH-BIO-BIO26-L28-Q037,BIO26-PDF128-L28-S2-Q037,الغدد الصماء والهرمونات والتغذية الراجعة,BIO26-M17,الهضم والتغذية والغدد الصماء,BIO26-S17-04,الغدد الصماء والهرمونات والتغذية الراجعة,تجميعات الأحياء 2026 — مفتاح الإجابة في PDF p.128,B,1,NOT_STARTED,,NOT_RUN,PRE_CROP_RANGE_FROZEN_V1
28,BIO26-L28,أحياء 3,جهاز الغدد الصم,128,128,127,2,38,TAH-BIO-BIO26-L28-Q038,BIO26-PDF128-L28-S2-Q038,الغدد الصماء والهرمونات والتغذية الراجعة,BIO26-M17,الهضم والتغذية والغدد الصماء,BIO26-S17-04,الغدد الصماء والهرمونات والتغذية الراجعة,تجميعات الأحياء 2026 — مفتاح الإجابة في PDF p.128,B,1,NOT_STARTED,,NOT_RUN,PRE_CROP_RANGE_FROZEN_V1
28,BIO26-L28,أحياء 3,جهاز الغدد الصم,128,128,127,2,39,TAH-BIO-BIO26-L28-Q039,BIO26-PDF128-L28-S2-Q039,الغدد الصماء والهرمونات والتغذية الراجعة,BIO26-M17,الهضم والتغذية والغدد الصماء,BIO26-S17-04,الغدد الصماء والهرمونات والتغذية الراجعة,تجميعات الأحياء 2026 — مفتاح الإجابة في PDF p.128,C,2,NOT_STARTED,,NOT_RUN,PRE_CROP_RANGE_FROZEN_V1
28,BIO26-L28,أحياء 3,جهاز الغدد الصم,128,128,127,2,40,TAH-BIO-BIO26-L28-Q040,BIO26-PDF128-L28-S2-Q040,الغدد الصماء والهرمونات والتغذية الراجعة,BIO26-M17,الهضم والتغذية والغدد الصماء,BIO26-S17-04,الغدد الصماء والهرمونات والتغذية الراجعة,تجميعات الأحياء 2026 — مفتاح الإجابة في PDF p.128,D,3,NOT_STARTED,,NOT_RUN,PRE_CROP_RANGE_FROZEN_V1
28,BIO26-L28,أحياء 3,جهاز الغدد الصم,128,128,127,2,41,TAH-BIO-BIO26-L28-Q041,BIO26-PDF128-L28-S2-Q041,الغدد الصماء والهرمونات والتغذية الراجعة,BIO26-M17,الهضم والتغذية والغدد الصماء,BIO26-S17-04,الغدد الصماء والهرمونات والتغذية الراجعة,تجميعات الأحياء 2026 — مفتاح الإجابة في PDF p.128,B,1,NOT_STARTED,,NOT_RUN,PRE_CROP_RANGE_FROZEN_V1
28,BIO26-L28,أحياء 3,جهاز الغدد الصم,128,128,127,2,42,TAH-BIO-BIO26-L28-Q042,BIO26-PDF128-L28-S2-Q042,الغدد الصماء والهرمونات والتغذية الراجعة,BIO26-M17,الهضم والتغذية والغدد الصماء,BIO26-S17-04,الغدد الصماء والهرمونات والتغذية الراجعة,تجميعات الأحياء 2026 — مفتاح الإجابة في PDF p.128,D,3,NOT_STARTED,,NOT_RUN,PRE_CROP_RANGE_FROZEN_V1
28,BIO26-L28,أحياء 3,جهاز الغدد الصم,128,128,127,2,43,TAH-BIO-BIO26-L28-Q043,BIO26-PDF128-L28-S2-Q043,الغدد الصماء والهرمونات والتغذية الراجعة,BIO26-M17,الهضم والتغذية والغدد الصماء,BIO26-S17-04,الغدد الصماء والهرمونات والتغذية الراجعة,تجميعات الأحياء 2026 — مفتاح الإجابة في PDF p.128,A,0,NOT_STARTED,,NOT_RUN,PRE_CROP_RANGE_FROZEN_V1
28,BIO26-L28,أحياء 3,جهاز الغدد الصم,128,128,127,2,44,TAH-BIO-BIO26-L28-Q044,BIO26-PDF128-L28-S2-Q044,الغدد الصماء والهرمونات والتغذية الراجعة,BIO26-M17,الهضم والتغذية والغدد الصماء,BIO26-S17-04,الغدد الصماء والهرمونات والتغذية الراجعة,تجميعات الأحياء 2026 — مفتاح الإجابة في PDF p.128,A,0,NOT_STARTED,,NOT_RUN,PRE_CROP_RANGE_FROZEN_V1
28,BIO26-L28,أحياء 3,جهاز الغدد الصم,128,128,127,2,45,TAH-BIO-BIO26-L28-Q045,BIO26-PDF128-L28-S2-Q045,الغدد الصماء والهرمونات والتغذية الراجعة,BIO26-M17,الهضم والتغذية والغدد الصماء,BIO26-S17-04,الغدد الصماء والهرمونات والتغذية الراجعة,تجميعات الأحياء 2026 — مفتاح الإجابة في PDF p.128,B,1,NOT_STARTED,,NOT_RUN,PRE_CROP_RANGE_FROZEN_V1
28,BIO26-L28,أحياء 3,جهاز الغدد الصم,128,128,127,2,46,TAH-BIO-BIO26-L28-Q046,BIO26-PDF128-L28-S2-Q046,الغدد الصماء والهرمونات والتغذية الراجعة,BIO26-M17,الهضم والتغذية والغدد الصماء,BIO26-S17-04,الغدد الصماء والهرمونات والتغذية الراجعة,تجميعات الأحياء 2026 — مفتاح الإجابة في PDF p.128,B,1,NOT_STARTED,,NOT_RUN,PRE_CROP_RANGE_FROZEN_V1
28,BIO26-L28,أحياء 3,جهاز الغدد الصم,128,128,127,2,47,TAH-BIO-BIO26-L28-Q047,BIO26-PDF128-L28-S2-Q047,الغدد الصماء والهرمونات والتغذية الراجعة,BIO26-M17,الهضم والتغذية والغدد الصماء,BIO26-S17-04,الغدد الصماء والهرمونات والتغذية الراجعة,تجميعات الأحياء 2026 — مفتاح الإجابة في PDF p.128,C,2,NOT_STARTED,,NOT_RUN,PRE_CROP_RANGE_FROZEN_V1
28,BIO26-L28,أحياء 3,جهاز الغدد الصم,128,128,127,2,48,TAH-BIO-BIO26-L28-Q048,BIO26-PDF128-L28-S2-Q048,الغدد الصماء والهرمونات والتغذية الراجعة,BIO26-M17,الهضم والتغذية والغدد الصماء,BIO26-S17-04,الغدد الصماء والهرمونات والتغذية الراجعة,تجميعات الأحياء 2026 — مفتاح الإجابة في PDF p.128,D,3,NOT_STARTED,,NOT_RUN,PRE_CROP_RANGE_FROZEN_V1
28,BIO26-L28,أحياء 3,جهاز الغدد الصم,128,128,127,2,49,TAH-BIO-BIO26-L28-Q049,BIO26-PDF128-L28-S2-Q049,الغدد الصماء والهرمونات والتغذية الراجعة,BIO26-M17,الهضم والتغذية والغدد الصماء,BIO26-S17-04,الغدد الصماء والهرمونات والتغذية الراجعة,تجميعات الأحياء 2026 — مفتاح الإجابة في PDF p.128,B,1,NOT_STARTED,,NOT_RUN,PRE_CROP_RANGE_FROZEN_V1
28,BIO26-L28,أحياء 3,جهاز الغدد الصم,128,128,127,2,50,TAH-BIO-BIO26-L28-Q050,BIO26-PDF128-L28-S2-Q050,الغدد الصماء والهرمونات والتغذية الراجعة,BIO26-M17,الهضم والتغذية والغدد الصماء,BIO26-S17-04,الغدد الصماء والهرمونات والتغذية الراجعة,تجميعات الأحياء 2026 — مفتاح الإجابة في PDF p.128,A,0,NOT_STARTED,,NOT_RUN,PRE_CROP_RANGE_FROZEN_V1
28,BIO26-L28,أحياء 3,جهاز الغدد الصم,128,128,127,2,51,TAH-BIO-BIO26-L28-Q051,BIO26-PDF128-L28-S2-Q051,الغدد الصماء والهرمونات والتغذية الراجعة,BIO26-M17,الهضم والتغذية والغدد الصماء,BIO26-S17-04,الغدد الصماء والهرمونات والتغذية الراجعة,تجميعات الأحياء 2026 — مفتاح الإجابة في PDF p.128,C,2,NOT_STARTED,,NOT_RUN,PRE_CROP_RANGE_FROZEN_V1
28,BIO26-L28,أحياء 3,جهاز الغدد الصم,129,129,128,2,52,TAH-BIO-BIO26-L28-Q052,BIO26-PDF129-L28-S2-Q052,الغدد الصماء والهرمونات والتغذية الراجعة,BIO26-M17,الهضم والتغذية والغدد الصماء,BIO26-S17-04,الغدد الصماء والهرمونات والتغذية الراجعة,تجميعات الأحياء 2026 — مفتاح الإجابة في PDF p.129,C,2,NOT_STARTED,,NOT_RUN,PRE_CROP_RANGE_FROZEN_V1
28,BIO26-L28,أحياء 3,جهاز الغدد الصم,129,129,128,2,53,TAH-BIO-BIO26-L28-Q053,BIO26-PDF129-L28-S2-Q053,الغدد الصماء والهرمونات والتغذية الراجعة,BIO26-M17,الهضم والتغذية والغدد الصماء,BIO26-S17-04,الغدد الصماء والهرمونات والتغذية الراجعة,تجميعات الأحياء 2026 — مفتاح الإجابة في PDF p.129,B,1,NOT_STARTED,,NOT_RUN,PRE_CROP_RANGE_FROZEN_V1
28,BIO26-L28,أحياء 3,جهاز الغدد الصم,129,129,128,2,54,TAH-BIO-BIO26-L28-Q054,BIO26-PDF129-L28-S2-Q054,الغدد الصماء والهرمونات والتغذية الراجعة,BIO26-M17,الهضم والتغذية والغدد الصماء,BIO26-S17-04,الغدد الصماء والهرمونات والتغذية الراجعة,تجميعات الأحياء 2026 — مفتاح الإجابة في PDF p.129,D,3,NOT_STARTED,,NOT_RUN,PRE_CROP_RANGE_FROZEN_V1
28,BIO26-L28,أحياء 3,جهاز الغدد الصم,129,129,128,2,55,TAH-BIO-BIO26-L28-Q055,BIO26-PDF129-L28-S2-Q055,الغدد الصماء والهرمونات والتغذية الراجعة,BIO26-M17,الهضم والتغذية والغدد الصماء,BIO26-S17-04,الغدد الصماء والهرمونات والتغذية الراجعة,تجميعات الأحياء 2026 — مفتاح الإجابة في PDF p.129,C,2,NOT_STARTED,,NOT_RUN,PRE_CROP_RANGE_FROZEN_V1
28,BIO26-L28,أحياء 3,جهاز الغدد الصم,129,129,128,2,56,TAH-BIO-BIO26-L28-Q056,BIO26-PDF129-L28-S2-Q056,الغدد الصماء والهرمونات والتغذية الراجعة,BIO26-M17,الهضم والتغذية والغدد الصماء,BIO26-S17-04,الغدد الصماء والهرمونات والتغذية الراجعة,تجميعات الأحياء 2026 — مفتاح الإجابة في PDF p.129,A,0,NOT_STARTED,,NOT_RUN,PRE_CROP_RANGE_FROZEN_V1
28,BIO26-L28,أحياء 3,جهاز الغدد الصم,129,129,128,2,57,TAH-BIO-BIO26-L28-Q057,BIO26-PDF129-L28-S2-Q057,الغدد الصماء والهرمونات والتغذية الراجعة,BIO26-M17,الهضم والتغذية والغدد الصماء,BIO26-S17-04,الغدد الصماء والهرمونات والتغذية الراجعة,تجميعات الأحياء 2026 — مفتاح الإجابة في PDF p.129,C,2,NOT_STARTED,,NOT_RUN,PRE_CROP_RANGE_FROZEN_V1
28,BIO26-L28,أحياء 3,جهاز الغدد الصم,129,129,128,2,58,TAH-BIO-BIO26-L28-Q058,BIO26-PDF129-L28-S2-Q058,الغدد الصماء والهرمونات والتغذية الراجعة,BIO26-M17,الهضم والتغذية والغدد الصماء,BIO26-S17-04,الغدد الصماء والهرمونات والتغذية الراجعة,تجميعات الأحياء 2026 — مفتاح الإجابة في PDF p.129,A,0,NOT_STARTED,,NOT_RUN,PRE_CROP_RANGE_FROZEN_V1
28,BIO26-L28,أحياء 3,جهاز الغدد الصم,129,129,128,2,59,TAH-BIO-BIO26-L28-Q059,BIO26-PDF129-L28-S2-Q059,الغدد الصماء والهرمونات والتغذية الراجعة,BIO26-M17,الهضم والتغذية والغدد الصماء,BIO26-S17-04,الغدد الصماء والهرمونات والتغذية الراجعة,تجميعات الأحياء 2026 — مفتاح الإجابة في PDF p.129,D,3,NOT_STARTED,,NOT_RUN,PRE_CROP_RANGE_FROZEN_V1
28,BIO26-L28,أحياء 3,جهاز الغدد الصم,129,129,128,2,60,TAH-BIO-BIO26-L28-Q060,BIO26-PDF129-L28-S2-Q060,الغدد الصماء والهرمونات والتغذية الراجعة,BIO26-M17,الهضم والتغذية والغدد الصماء,BIO26-S17-04,الغدد الصماء والهرمونات والتغذية الراجعة,تجميعات الأحياء 2026 — مفتاح الإجابة في PDF p.129,A,0,NOT_STARTED,,NOT_RUN,PRE_CROP_RANGE_FROZEN_V1
28,BIO26-L28,أحياء 3,جهاز الغدد الصم,129,129,128,2,61,TAH-BIO-BIO26-L28-Q061,BIO26-PDF129-L28-S2-Q061,الغدد الصماء والهرمونات والتغذية الراجعة,BIO26-M17,الهضم والتغذية والغدد الصماء,BIO26-S17-04,الغدد الصماء والهرمونات والتغذية الراجعة,تجميعات الأحياء 2026 — مفتاح الإجابة في PDF p.129,C,2,NOT_STARTED,,NOT_RUN,PRE_CROP_RANGE_FROZEN_V1
28,BIO26-L28,أحياء 3,جهاز الغدد الصم,129,129,128,2,62,TAH-BIO-BIO26-L28-Q062,BIO26-PDF129-L28-S2-Q062,الغدد الصماء والهرمونات والتغذية الراجعة,BIO26-M17,الهضم والتغذية والغدد الصماء,BIO26-S17-04,الغدد الصماء والهرمونات والتغذية الراجعة,تجميعات الأحياء 2026 — مفتاح الإجابة في PDF p.129,C,2,NOT_STARTED,,NOT_RUN,PRE_CROP_RANGE_FROZEN_V1
28,BIO26-L28,أحياء 3,جهاز الغدد الصم,129,129,128,2,63,TAH-BIO-BIO26-L28-Q063,BIO26-PDF129-L28-S2-Q063,الغدد الصماء والهرمونات والتغذية الراجعة,BIO26-M17,الهضم والتغذية والغدد الصماء,BIO26-S17-04,الغدد الصماء والهرمونات والتغذية الراجعة,تجميعات الأحياء 2026 — مفتاح الإجابة في PDF p.129,A,0,NOT_STARTED,,NOT_RUN,PRE_CROP_RANGE_FROZEN_V1
28,BIO26-L28,أحياء 3,جهاز الغدد الصم,129,129,128,2,64,TAH-BIO-BIO26-L28-Q064,BIO26-PDF129-L28-S2-Q064,الغدد الصماء والهرمونات والتغذية الراجعة,BIO26-M17,الهضم والتغذية والغدد الصماء,BIO26-S17-04,الغدد الصماء والهرمونات والتغذية الراجعة,تجميعات الأحياء 2026 — مفتاح الإجابة في PDF p.129,A,0,NOT_STARTED,,NOT_RUN,PRE_CROP_RANGE_FROZEN_V1
28,BIO26-L28,أحياء 3,جهاز الغدد الصم,129,129,128,2,65,TAH-BIO-BIO26-L28-Q065,BIO26-PDF129-L28-S2-Q065,الغدد الصماء والهرمونات والتغذية الراجعة,BIO26-M17,الهضم والتغذية والغدد الصماء,BIO26-S17-04,الغدد الصماء والهرمونات والتغذية الراجعة,تجميعات الأحياء 2026 — مفتاح الإجابة في PDF p.129,C,2,NOT_STARTED,,NOT_RUN,PRE_CROP_RANGE_FROZEN_V1
28,BIO26-L28,أحياء 3,جهاز الغدد الصم,129,129,128,2,66,TAH-BIO-BIO26-L28-Q066,BIO26-PDF129-L28-S2-Q066,الغدد الصماء والهرمونات والتغذية الراجعة,BIO26-M17,الهضم والتغذية والغدد الصماء,BIO26-S17-04,الغدد الصماء والهرمونات والتغذية الراجعة,تجميعات الأحياء 2026 — مفتاح الإجابة في PDF p.129,A,0,NOT_STARTED,,NOT_RUN,PRE_CROP_RANGE_FROZEN_V1
28,BIO26-L28,أحياء 3,جهاز الغدد الصم,129,129,128,2,67,TAH-BIO-BIO26-L28-Q067,BIO26-PDF129-L28-S2-Q067,الغدد الصماء والهرمونات والتغذية الراجعة,BIO26-M17,الهضم والتغذية والغدد الصماء,BIO26-S17-04,الغدد الصماء والهرمونات والتغذية الراجعة,تجميعات الأحياء 2026 — مفتاح الإجابة في PDF p.129,C,2,NOT_STARTED,,NOT_RUN,PRE_CROP_RANGE_FROZEN_V1
28,BIO26-L28,أحياء 3,جهاز الغدد الصم,129,129,128,2,68,TAH-BIO-BIO26-L28-Q068,BIO26-PDF129-L28-S2-Q068,الغدد الصماء والهرمونات والتغذية الراجعة,BIO26-M17,الهضم والتغذية والغدد الصماء,BIO26-S17-04,الغدد الصماء والهرمونات والتغذية الراجعة,تجميعات الأحياء 2026 — مفتاح الإجابة في PDF p.129,B,1,NOT_STARTED,,NOT_RUN,PRE_CROP_RANGE_FROZEN_V1
28,BIO26-L28,أحياء 3,جهاز الغدد الصم,130,130,129,2,69,TAH-BIO-BIO26-L28-Q069,BIO26-PDF130-L28-S2-Q069,الغدد الصماء والهرمونات والتغذية الراجعة,BIO26-M17,الهضم والتغذية والغدد الصماء,BIO26-S17-04,الغدد الصماء والهرمونات والتغذية الراجعة,تجميعات الأحياء 2026 — مفتاح الإجابة في PDF p.130,A,0,NOT_STARTED,,NOT_RUN,PRE_CROP_RANGE_FROZEN_V1
28,BIO26-L28,أحياء 3,جهاز الغدد الصم,130,130,129,2,70,TAH-BIO-BIO26-L28-Q070,BIO26-PDF130-L28-S2-Q070,الغدد الصماء والهرمونات والتغذية الراجعة,BIO26-M17,الهضم والتغذية والغدد الصماء,BIO26-S17-04,الغدد الصماء والهرمونات والتغذية الراجعة,تجميعات الأحياء 2026 — مفتاح الإجابة في PDF p.130,A,0,NOT_STARTED,,NOT_RUN,PRE_CROP_RANGE_FROZEN_V1
28,BIO26-L28,أحياء 3,جهاز الغدد الصم,130,130,129,2,71,TAH-BIO-BIO26-L28-Q071,BIO26-PDF130-L28-S2-Q071,الغدد الصماء والهرمونات والتغذية الراجعة,BIO26-M17,الهضم والتغذية والغدد الصماء,BIO26-S17-04,الغدد الصماء والهرمونات والتغذية الراجعة,تجميعات الأحياء 2026 — مفتاح الإجابة في PDF p.130,C,2,NOT_STARTED,,NOT_RUN,PRE_CROP_RANGE_FROZEN_V1
28,BIO26-L28,أحياء 3,جهاز الغدد الصم,130,130,129,2,72,TAH-BIO-BIO26-L28-Q072,BIO26-PDF130-L28-S2-Q072,الغدد الصماء والهرمونات والتغذية الراجعة,BIO26-M17,الهضم والتغذية والغدد الصماء,BIO26-S17-04,الغدد الصماء والهرمونات والتغذية الراجعة,تجميعات الأحياء 2026 — مفتاح الإجابة في PDF p.130,B,1,NOT_STARTED,,NOT_RUN,PRE_CROP_RANGE_FROZEN_V1
28,BIO26-L28,أحياء 3,جهاز الغدد الصم,130,130,129,2,73,TAH-BIO-BIO26-L28-Q073,BIO26-PDF130-L28-S2-Q073,الغدد الصماء والهرمونات والتغذية الراجعة,BIO26-M17,الهضم والتغذية والغدد الصماء,BIO26-S17-04,الغدد الصماء والهرمونات والتغذية الراجعة,تجميعات الأحياء 2026 — مفتاح الإجابة في PDF p.130,C,2,NOT_STARTED,,NOT_RUN,PRE_CROP_RANGE_FROZEN_V1
28,BIO26-L28,أحياء 3,جهاز الغدد الصم,130,130,129,2,74,TAH-BIO-BIO26-L28-Q074,BIO26-PDF130-L28-S2-Q074,الغدد الصماء والهرمونات والتغذية الراجعة,BIO26-M17,الهضم والتغذية والغدد الصماء,BIO26-S17-04,الغدد الصماء والهرمونات والتغذية الراجعة,تجميعات الأحياء 2026 — مفتاح الإجابة في PDF p.130,B,1,NOT_STARTED,,NOT_RUN,PRE_CROP_RANGE_FROZEN_V1
28,BIO26-L28,أحياء 3,جهاز الغدد الصم,130,130,129,2,75,TAH-BIO-BIO26-L28-Q075,BIO26-PDF130-L28-S2-Q075,الغدد الصماء والهرمونات والتغذية الراجعة,BIO26-M17,الهضم والتغذية والغدد الصماء,BIO26-S17-04,الغدد الصماء والهرمونات والتغذية الراجعة,تجميعات الأحياء 2026 — مفتاح الإجابة في PDF p.130,C,2,NOT_STARTED,,NOT_RUN,PRE_CROP_RANGE_FROZEN_V1
28,BIO26-L28,أحياء 3,جهاز الغدد الصم,130,130,129,2,76,TAH-BIO-BIO26-L28-Q076,BIO26-PDF130-L28-S2-Q076,الغدد الصماء والهرمونات والتغذية الراجعة,BIO26-M17,الهضم والتغذية والغدد الصماء,BIO26-S17-04,الغدد الصماء والهرمونات والتغذية الراجعة,تجميعات الأحياء 2026 — مفتاح الإجابة في PDF p.130,A,0,NOT_STARTED,,NOT_RUN,PRE_CROP_RANGE_FROZEN_V1
28,BIO26-L28,أحياء 3,جهاز الغدد الصم,130,130,129,2,77,TAH-BIO-BIO26-L28-Q077,BIO26-PDF130-L28-S2-Q077,الغدد الصماء والهرمونات والتغذية الراجعة,BIO26-M17,الهضم والتغذية والغدد الصماء,BIO26-S17-04,الغدد الصماء والهرمونات والتغذية الراجعة,تجميعات الأحياء 2026 — مفتاح الإجابة في PDF p.130,B,1,NOT_STARTED,,NOT_RUN,PRE_CROP_RANGE_FROZEN_V1
29,BIO26-L29,أحياء 3,جهاز التكاثر في الإنسان,131,131,130,1,1,TAH-BIO-BIO26-L29-Q001,BIO26-PDF131-L29-S1-Q001,الجهاز التناسلي الذكري وتكوين الحيوانات المنوية,BIO26-M18,التكاثر في الإنسان والنمو الجنيني,BIO26-S18-01,الجهاز التناسلي الذكري وتكوين الحيوانات المنوية,تجميعات الأحياء 2026 — مفتاح الإجابة في PDF p.131,C,2,NOT_STARTED,,NOT_RUN,PRE_CROP_RANGE_FROZEN_V1
29,BIO26-L29,أحياء 3,جهاز التكاثر في الإنسان,131,131,130,1,2,TAH-BIO-BIO26-L29-Q002,BIO26-PDF131-L29-S1-Q002,الجهاز التناسلي الذكري وتكوين الحيوانات المنوية,BIO26-M18,التكاثر في الإنسان والنمو الجنيني,BIO26-S18-01,الجهاز التناسلي الذكري وتكوين الحيوانات المنوية,تجميعات الأحياء 2026 — مفتاح الإجابة في PDF p.131,D,3,NOT_STARTED,,NOT_RUN,PRE_CROP_RANGE_FROZEN_V1
29,BIO26-L29,أحياء 3,جهاز التكاثر في الإنسان,131,131,130,1,3,TAH-BIO-BIO26-L29-Q003,BIO26-PDF131-L29-S1-Q003,الجهاز التناسلي الذكري وتكوين الحيوانات المنوية,BIO26-M18,التكاثر في الإنسان والنمو الجنيني,BIO26-S18-01,الجهاز التناسلي الذكري وتكوين الحيوانات المنوية,تجميعات الأحياء 2026 — مفتاح الإجابة في PDF p.131,A,0,NOT_STARTED,,NOT_RUN,PRE_CROP_RANGE_FROZEN_V1
29,BIO26-L29,أحياء 3,جهاز التكاثر في الإنسان,131,131,130,1,4,TAH-BIO-BIO26-L29-Q004,BIO26-PDF131-L29-S1-Q004,الجهاز التناسلي الذكري وتكوين الحيوانات المنوية,BIO26-M18,التكاثر في الإنسان والنمو الجنيني,BIO26-S18-01,الجهاز التناسلي الذكري وتكوين الحيوانات المنوية,تجميعات الأحياء 2026 — مفتاح الإجابة في PDF p.131,C,2,NOT_STARTED,,NOT_RUN,PRE_CROP_RANGE_FROZEN_V1
29,BIO26-L29,أحياء 3,جهاز التكاثر في الإنسان,131,131,130,1,5,TAH-BIO-BIO26-L29-Q005,BIO26-PDF131-L29-S1-Q005,الجهاز التناسلي الأنثوي والهرمونات ودورة الحيض,BIO26-M18,التكاثر في الإنسان والنمو الجنيني,BIO26-S18-02,الجهاز التناسلي الأنثوي والهرمونات ودورة الحيض,تجميعات الأحياء 2026 — مفتاح الإجابة في PDF p.131,A,0,NOT_STARTED,,NOT_RUN,PRE_CROP_RANGE_FROZEN_V1
29,BIO26-L29,أحياء 3,جهاز التكاثر في الإنسان,131,131,130,1,6,TAH-BIO-BIO26-L29-Q006,BIO26-PDF131-L29-S1-Q006,الجهاز التناسلي الأنثوي والهرمونات ودورة الحيض,BIO26-M18,التكاثر في الإنسان والنمو الجنيني,BIO26-S18-02,الجهاز التناسلي الأنثوي والهرمونات ودورة الحيض,تجميعات الأحياء 2026 — مفتاح الإجابة في PDF p.131,D,3,NOT_STARTED,,NOT_RUN,PRE_CROP_RANGE_FROZEN_V1
29,BIO26-L29,أحياء 3,جهاز التكاثر في الإنسان,131,131,130,1,7,TAH-BIO-BIO26-L29-Q007,BIO26-PDF131-L29-S1-Q007,الجهاز التناسلي الأنثوي والهرمونات ودورة الحيض,BIO26-M18,التكاثر في الإنسان والنمو الجنيني,BIO26-S18-02,الجهاز التناسلي الأنثوي والهرمونات ودورة الحيض,تجميعات الأحياء 2026 — مفتاح الإجابة في PDF p.131,B,1,NOT_STARTED,,NOT_RUN,PRE_CROP_RANGE_FROZEN_V1
29,BIO26-L29,أحياء 3,جهاز التكاثر في الإنسان,131,131,130,1,8,TAH-BIO-BIO26-L29-Q008,BIO26-PDF131-L29-S1-Q008,الجهاز التناسلي الأنثوي والهرمونات ودورة الحيض,BIO26-M18,التكاثر في الإنسان والنمو الجنيني,BIO26-S18-02,الجهاز التناسلي الأنثوي والهرمونات ودورة الحيض,تجميعات الأحياء 2026 — مفتاح الإجابة في PDF p.131,C,2,NOT_STARTED,,NOT_RUN,PRE_CROP_RANGE_FROZEN_V1
29,BIO26-L29,أحياء 3,جهاز التكاثر في الإنسان,131,131,130,1,9,TAH-BIO-BIO26-L29-Q009,BIO26-PDF131-L29-S1-Q009,الجهاز التناسلي الأنثوي والهرمونات ودورة الحيض,BIO26-M18,التكاثر في الإنسان والنمو الجنيني,BIO26-S18-02,الجهاز التناسلي الأنثوي والهرمونات ودورة الحيض,تجميعات الأحياء 2026 — مفتاح الإجابة في PDF p.131,D,3,NOT_STARTED,,NOT_RUN,PRE_CROP_RANGE_FROZEN_V1
29,BIO26-L29,أحياء 3,جهاز التكاثر في الإنسان,131,131,130,1,10,TAH-BIO-BIO26-L29-Q010,BIO26-PDF131-L29-S1-Q010,الجهاز التناسلي الأنثوي والهرمونات ودورة الحيض,BIO26-M18,التكاثر في الإنسان والنمو الجنيني,BIO26-S18-02,الجهاز التناسلي الأنثوي والهرمونات ودورة الحيض,تجميعات الأحياء 2026 — مفتاح الإجابة في PDF p.131,D,3,NOT_STARTED,,NOT_RUN,PRE_CROP_RANGE_FROZEN_V1
29,BIO26-L29,أحياء 3,جهاز التكاثر في الإنسان,131,131,130,1,11,TAH-BIO-BIO26-L29-Q011,BIO26-PDF131-L29-S1-Q011,الجهاز التناسلي الأنثوي والهرمونات ودورة الحيض,BIO26-M18,التكاثر في الإنسان والنمو الجنيني,BIO26-S18-02,الجهاز التناسلي الأنثوي والهرمونات ودورة الحيض,تجميعات الأحياء 2026 — مفتاح الإجابة في PDF p.131,C,2,NOT_STARTED,,NOT_RUN,PRE_CROP_RANGE_FROZEN_V1
29,BIO26-L29,أحياء 3,جهاز التكاثر في الإنسان,131,131,130,1,12,TAH-BIO-BIO26-L29-Q012,BIO26-PDF131-L29-S1-Q012,الجهاز التناسلي الأنثوي والهرمونات ودورة الحيض,BIO26-M18,التكاثر في الإنسان والنمو الجنيني,BIO26-S18-02,الجهاز التناسلي الأنثوي والهرمونات ودورة الحيض,تجميعات الأحياء 2026 — مفتاح الإجابة في PDF p.131,A,0,NOT_STARTED,,NOT_RUN,PRE_CROP_RANGE_FROZEN_V1
29,BIO26-L29,أحياء 3,جهاز التكاثر في الإنسان,131,131,130,1,13,TAH-BIO-BIO26-L29-Q013,BIO26-PDF131-L29-S1-Q013,الجهاز التناسلي الأنثوي والهرمونات ودورة الحيض,BIO26-M18,التكاثر في الإنسان والنمو الجنيني,BIO26-S18-02,الجهاز التناسلي الأنثوي والهرمونات ودورة الحيض,تجميعات الأحياء 2026 — مفتاح الإجابة في PDF p.131,A,0,NOT_STARTED,,NOT_RUN,PRE_CROP_RANGE_FROZEN_V1
29,BIO26-L29,أحياء 3,جهاز التكاثر في الإنسان,131,131,130,1,14,TAH-BIO-BIO26-L29-Q014,BIO26-PDF131-L29-S1-Q014,الجهاز التناسلي الأنثوي والهرمونات ودورة الحيض,BIO26-M18,التكاثر في الإنسان والنمو الجنيني,BIO26-S18-02,الجهاز التناسلي الأنثوي والهرمونات ودورة الحيض,تجميعات الأحياء 2026 — مفتاح الإجابة في PDF p.131,D,3,NOT_STARTED,,NOT_RUN,PRE_CROP_RANGE_FROZEN_V1
29,BIO26-L29,أحياء 3,جهاز التكاثر في الإنسان,132,132,131,1,15,TAH-BIO-BIO26-L29-Q015,BIO26-PDF132-L29-S1-Q015,الجهاز التناسلي الأنثوي والهرمونات ودورة الحيض,BIO26-M18,التكاثر في الإنسان والنمو الجنيني,BIO26-S18-02,الجهاز التناسلي الأنثوي والهرمونات ودورة الحيض,تجميعات الأحياء 2026 — مفتاح الإجابة في PDF p.132,C,2,NOT_STARTED,,NOT_RUN,PRE_CROP_RANGE_FROZEN_V1
29,BIO26-L29,أحياء 3,جهاز التكاثر في الإنسان,132,132,131,1,16,TAH-BIO-BIO26-L29-Q016,BIO26-PDF132-L29-S1-Q016,الجهاز التناسلي الأنثوي والهرمونات ودورة الحيض,BIO26-M18,التكاثر في الإنسان والنمو الجنيني,BIO26-S18-02,الجهاز التناسلي الأنثوي والهرمونات ودورة الحيض,تجميعات الأحياء 2026 — مفتاح الإجابة في PDF p.132,A,0,NOT_STARTED,,NOT_RUN,PRE_CROP_RANGE_FROZEN_V1
29,BIO26-L29,أحياء 3,جهاز التكاثر في الإنسان,132,132,131,1,17,TAH-BIO-BIO26-L29-Q017,BIO26-PDF132-L29-S1-Q017,الجهاز التناسلي الأنثوي والهرمونات ودورة الحيض,BIO26-M18,التكاثر في الإنسان والنمو الجنيني,BIO26-S18-02,الجهاز التناسلي الأنثوي والهرمونات ودورة الحيض,تجميعات الأحياء 2026 — مفتاح الإجابة في PDF p.132,B,1,NOT_STARTED,,NOT_RUN,PRE_CROP_RANGE_FROZEN_V1
29,BIO26-L29,أحياء 3,جهاز التكاثر في الإنسان,132,132,131,1,18,TAH-BIO-BIO26-L29-Q018,BIO26-PDF132-L29-S1-Q018,الجهاز التناسلي الأنثوي والهرمونات ودورة الحيض,BIO26-M18,التكاثر في الإنسان والنمو الجنيني,BIO26-S18-02,الجهاز التناسلي الأنثوي والهرمونات ودورة الحيض,تجميعات الأحياء 2026 — مفتاح الإجابة في PDF p.132,A,0,NOT_STARTED,,NOT_RUN,PRE_CROP_RANGE_FROZEN_V1
29,BIO26-L29,أحياء 3,جهاز التكاثر في الإنسان,132,132,131,1,19,TAH-BIO-BIO26-L29-Q019,BIO26-PDF132-L29-S1-Q019,الجهاز التناسلي الأنثوي والهرمونات ودورة الحيض,BIO26-M18,التكاثر في الإنسان والنمو الجنيني,BIO26-S18-02,الجهاز التناسلي الأنثوي والهرمونات ودورة الحيض,تجميعات الأحياء 2026 — مفتاح الإجابة في PDF p.132,D,3,NOT_STARTED,,NOT_RUN,PRE_CROP_RANGE_FROZEN_V1
29,BIO26-L29,أحياء 3,جهاز التكاثر في الإنسان,132,132,131,1,20,TAH-BIO-BIO26-L29-Q020,BIO26-PDF132-L29-S1-Q020,الجهاز التناسلي الأنثوي والهرمونات ودورة الحيض,BIO26-M18,التكاثر في الإنسان والنمو الجنيني,BIO26-S18-02,الجهاز التناسلي الأنثوي والهرمونات ودورة الحيض,تجميعات الأحياء 2026 — مفتاح الإجابة في PDF p.132,B,1,NOT_STARTED,,NOT_RUN,PRE_CROP_RANGE_FROZEN_V1
29,BIO26-L29,أحياء 3,جهاز التكاثر في الإنسان,132,132,131,1,21,TAH-BIO-BIO26-L29-Q021,BIO26-PDF132-L29-S1-Q021,الجهاز التناسلي الأنثوي والهرمونات ودورة الحيض,BIO26-M18,التكاثر في الإنسان والنمو الجنيني,BIO26-S18-02,الجهاز التناسلي الأنثوي والهرمونات ودورة الحيض,تجميعات الأحياء 2026 — مفتاح الإجابة في PDF p.132,B,1,NOT_STARTED,,NOT_RUN,PRE_CROP_RANGE_FROZEN_V1
29,BIO26-L29,أحياء 3,جهاز التكاثر في الإنسان,132,132,131,1,22,TAH-BIO-BIO26-L29-Q022,BIO26-PDF132-L29-S1-Q022,الجهاز التناسلي الأنثوي والهرمونات ودورة الحيض,BIO26-M18,التكاثر في الإنسان والنمو الجنيني,BIO26-S18-02,الجهاز التناسلي الأنثوي والهرمونات ودورة الحيض,تجميعات الأحياء 2026 — مفتاح الإجابة في PDF p.132,A,0,NOT_STARTED,,NOT_RUN,PRE_CROP_RANGE_FROZEN_V1
29,BIO26-L29,أحياء 3,جهاز التكاثر في الإنسان,133,133,132,2,23,TAH-BIO-BIO26-L29-Q023,BIO26-PDF133-L29-S2-Q023,الجهاز التناسلي الذكري وتكوين الحيوانات المنوية,BIO26-M18,التكاثر في الإنسان والنمو الجنيني,BIO26-S18-01,الجهاز التناسلي الذكري وتكوين الحيوانات المنوية,تجميعات الأحياء 2026 — مفتاح الإجابة في PDF p.133,C,2,NOT_STARTED,,NOT_RUN,PRE_CROP_RANGE_FROZEN_V1
29,BIO26-L29,أحياء 3,جهاز التكاثر في الإنسان,133,133,132,2,24,TAH-BIO-BIO26-L29-Q024,BIO26-PDF133-L29-S2-Q024,الجهاز التناسلي الذكري وتكوين الحيوانات المنوية,BIO26-M18,التكاثر في الإنسان والنمو الجنيني,BIO26-S18-01,الجهاز التناسلي الذكري وتكوين الحيوانات المنوية,تجميعات الأحياء 2026 — مفتاح الإجابة في PDF p.133,D,3,NOT_STARTED,,NOT_RUN,PRE_CROP_RANGE_FROZEN_V1
29,BIO26-L29,أحياء 3,جهاز التكاثر في الإنسان,133,133,132,2,25,TAH-BIO-BIO26-L29-Q025,BIO26-PDF133-L29-S2-Q025,الجهاز التناسلي الذكري وتكوين الحيوانات المنوية,BIO26-M18,التكاثر في الإنسان والنمو الجنيني,BIO26-S18-01,الجهاز التناسلي الذكري وتكوين الحيوانات المنوية,تجميعات الأحياء 2026 — مفتاح الإجابة في PDF p.133,A,0,NOT_STARTED,,NOT_RUN,PRE_CROP_RANGE_FROZEN_V1
29,BIO26-L29,أحياء 3,جهاز التكاثر في الإنسان,133,133,132,2,26,TAH-BIO-BIO26-L29-Q026,BIO26-PDF133-L29-S2-Q026,الجهاز التناسلي الذكري وتكوين الحيوانات المنوية,BIO26-M18,التكاثر في الإنسان والنمو الجنيني,BIO26-S18-01,الجهاز التناسلي الذكري وتكوين الحيوانات المنوية,تجميعات الأحياء 2026 — مفتاح الإجابة في PDF p.133,A,0,NOT_STARTED,,NOT_RUN,PRE_CROP_RANGE_FROZEN_V1
29,BIO26-L29,أحياء 3,جهاز التكاثر في الإنسان,133,133,132,2,27,TAH-BIO-BIO26-L29-Q027,BIO26-PDF133-L29-S2-Q027,الجهاز التناسلي الذكري وتكوين الحيوانات المنوية,BIO26-M18,التكاثر في الإنسان والنمو الجنيني,BIO26-S18-01,الجهاز التناسلي الذكري وتكوين الحيوانات المنوية,تجميعات الأحياء 2026 — مفتاح الإجابة في PDF p.133,A,0,NOT_STARTED,,NOT_RUN,PRE_CROP_RANGE_FROZEN_V1
29,BIO26-L29,أحياء 3,جهاز التكاثر في الإنسان,133,133,132,2,28,TAH-BIO-BIO26-L29-Q028,BIO26-PDF133-L29-S2-Q028,الجهاز التناسلي الذكري وتكوين الحيوانات المنوية,BIO26-M18,التكاثر في الإنسان والنمو الجنيني,BIO26-S18-01,الجهاز التناسلي الذكري وتكوين الحيوانات المنوية,تجميعات الأحياء 2026 — مفتاح الإجابة في PDF p.133,C,2,NOT_STARTED,,NOT_RUN,PRE_CROP_RANGE_FROZEN_V1
29,BIO26-L29,أحياء 3,جهاز التكاثر في الإنسان,133,133,132,2,29,TAH-BIO-BIO26-L29-Q029,BIO26-PDF133-L29-S2-Q029,الجهاز التناسلي الذكري وتكوين الحيوانات المنوية,BIO26-M18,التكاثر في الإنسان والنمو الجنيني,BIO26-S18-01,الجهاز التناسلي الذكري وتكوين الحيوانات المنوية,تجميعات الأحياء 2026 — مفتاح الإجابة في PDF p.133,B,1,NOT_STARTED,,NOT_RUN,PRE_CROP_RANGE_FROZEN_V1
29,BIO26-L29,أحياء 3,جهاز التكاثر في الإنسان,133,133,132,2,30,TAH-BIO-BIO26-L29-Q030,BIO26-PDF133-L29-S2-Q030,الجهاز التناسلي الأنثوي والهرمونات ودورة الحيض,BIO26-M18,التكاثر في الإنسان والنمو الجنيني,BIO26-S18-02,الجهاز التناسلي الأنثوي والهرمونات ودورة الحيض,تجميعات الأحياء 2026 — مفتاح الإجابة في PDF p.133,A,0,NOT_STARTED,,NOT_RUN,PRE_CROP_RANGE_FROZEN_V1
29,BIO26-L29,أحياء 3,جهاز التكاثر في الإنسان,133,133,132,2,31,TAH-BIO-BIO26-L29-Q031,BIO26-PDF133-L29-S2-Q031,الجهاز التناسلي الأنثوي والهرمونات ودورة الحيض,BIO26-M18,التكاثر في الإنسان والنمو الجنيني,BIO26-S18-02,الجهاز التناسلي الأنثوي والهرمونات ودورة الحيض,تجميعات الأحياء 2026 — مفتاح الإجابة في PDF p.133,B,1,NOT_STARTED,,NOT_RUN,PRE_CROP_RANGE_FROZEN_V1
29,BIO26-L29,أحياء 3,جهاز التكاثر في الإنسان,133,133,132,2,32,TAH-BIO-BIO26-L29-Q032,BIO26-PDF133-L29-S2-Q032,الجهاز التناسلي الأنثوي والهرمونات ودورة الحيض,BIO26-M18,التكاثر في الإنسان والنمو الجنيني,BIO26-S18-02,الجهاز التناسلي الأنثوي والهرمونات ودورة الحيض,تجميعات الأحياء 2026 — مفتاح الإجابة في PDF p.133,D,3,NOT_STARTED,,NOT_RUN,PRE_CROP_RANGE_FROZEN_V1
29,BIO26-L29,أحياء 3,جهاز التكاثر في الإنسان,133,133,132,2,33,TAH-BIO-BIO26-L29-Q033,BIO26-PDF133-L29-S2-Q033,الجهاز التناسلي الأنثوي والهرمونات ودورة الحيض,BIO26-M18,التكاثر في الإنسان والنمو الجنيني,BIO26-S18-02,الجهاز التناسلي الأنثوي والهرمونات ودورة الحيض,تجميعات الأحياء 2026 — مفتاح الإجابة في PDF p.133,C,2,NOT_STARTED,,NOT_RUN,PRE_CROP_RANGE_FROZEN_V1
29,BIO26-L29,أحياء 3,جهاز التكاثر في الإنسان,133,133,132,2,34,TAH-BIO-BIO26-L29-Q034,BIO26-PDF133-L29-S2-Q034,الجهاز التناسلي الأنثوي والهرمونات ودورة الحيض,BIO26-M18,التكاثر في الإنسان والنمو الجنيني,BIO26-S18-02,الجهاز التناسلي الأنثوي والهرمونات ودورة الحيض,تجميعات الأحياء 2026 — مفتاح الإجابة في PDF p.133,A,0,NOT_STARTED,,NOT_RUN,PRE_CROP_RANGE_FROZEN_V1
29,BIO26-L29,أحياء 3,جهاز التكاثر في الإنسان,133,133,132,2,35,TAH-BIO-BIO26-L29-Q035,BIO26-PDF133-L29-S2-Q035,الجهاز التناسلي الأنثوي والهرمونات ودورة الحيض,BIO26-M18,التكاثر في الإنسان والنمو الجنيني,BIO26-S18-02,الجهاز التناسلي الأنثوي والهرمونات ودورة الحيض,تجميعات الأحياء 2026 — مفتاح الإجابة في PDF p.133,A,0,NOT_STARTED,,NOT_RUN,PRE_CROP_RANGE_FROZEN_V1
29,BIO26-L29,أحياء 3,جهاز التكاثر في الإنسان,133,133,132,2,36,TAH-BIO-BIO26-L29-Q036,BIO26-PDF133-L29-S2-Q036,الجهاز التناسلي الأنثوي والهرمونات ودورة الحيض,BIO26-M18,التكاثر في الإنسان والنمو الجنيني,BIO26-S18-02,الجهاز التناسلي الأنثوي والهرمونات ودورة الحيض,تجميعات الأحياء 2026 — مفتاح الإجابة في PDF p.133,B,1,NOT_STARTED,,NOT_RUN,PRE_CROP_RANGE_FROZEN_V1
29,BIO26-L29,أحياء 3,جهاز التكاثر في الإنسان,133,133,132,2,37,TAH-BIO-BIO26-L29-Q037,BIO26-PDF133-L29-S2-Q037,الجهاز التناسلي الأنثوي والهرمونات ودورة الحيض,BIO26-M18,التكاثر في الإنسان والنمو الجنيني,BIO26-S18-02,الجهاز التناسلي الأنثوي والهرمونات ودورة الحيض,تجميعات الأحياء 2026 — مفتاح الإجابة في PDF p.133,D,3,NOT_STARTED,,NOT_RUN,PRE_CROP_RANGE_FROZEN_V1
29,BIO26-L29,أحياء 3,جهاز التكاثر في الإنسان,133,133,132,2,38,TAH-BIO-BIO26-L29-Q038,BIO26-PDF133-L29-S2-Q038,الجهاز التناسلي الأنثوي والهرمونات ودورة الحيض,BIO26-M18,التكاثر في الإنسان والنمو الجنيني,BIO26-S18-02,الجهاز التناسلي الأنثوي والهرمونات ودورة الحيض,تجميعات الأحياء 2026 — مفتاح الإجابة في PDF p.133,D,3,NOT_STARTED,,NOT_RUN,PRE_CROP_RANGE_FROZEN_V1
29,BIO26-L29,أحياء 3,جهاز التكاثر في الإنسان,133,133,132,2,39,TAH-BIO-BIO26-L29-Q039,BIO26-PDF133-L29-S2-Q039,الجهاز التناسلي الأنثوي والهرمونات ودورة الحيض,BIO26-M18,التكاثر في الإنسان والنمو الجنيني,BIO26-S18-02,الجهاز التناسلي الأنثوي والهرمونات ودورة الحيض,تجميعات الأحياء 2026 — مفتاح الإجابة في PDF p.133,D,3,NOT_STARTED,,NOT_RUN,PRE_CROP_RANGE_FROZEN_V1
29,BIO26-L29,أحياء 3,جهاز التكاثر في الإنسان,133,133,132,2,40,TAH-BIO-BIO26-L29-Q040,BIO26-PDF133-L29-S2-Q040,الجهاز التناسلي الأنثوي والهرمونات ودورة الحيض,BIO26-M18,التكاثر في الإنسان والنمو الجنيني,BIO26-S18-02,الجهاز التناسلي الأنثوي والهرمونات ودورة الحيض,تجميعات الأحياء 2026 — مفتاح الإجابة في PDF p.133,B,1,NOT_STARTED,,NOT_RUN,PRE_CROP_RANGE_FROZEN_V1
29,BIO26-L29,أحياء 3,جهاز التكاثر في الإنسان,134,134,133,2,41,TAH-BIO-BIO26-L29-Q041,BIO26-PDF134-L29-S2-Q041,الجهاز التناسلي الأنثوي والهرمونات ودورة الحيض,BIO26-M18,التكاثر في الإنسان والنمو الجنيني,BIO26-S18-02,الجهاز التناسلي الأنثوي والهرمونات ودورة الحيض,تجميعات الأحياء 2026 — مفتاح الإجابة في PDF p.134,A,0,NOT_STARTED,,NOT_RUN,PRE_CROP_RANGE_FROZEN_V1
29,BIO26-L29,أحياء 3,جهاز التكاثر في الإنسان,134,134,133,2,42,TAH-BIO-BIO26-L29-Q042,BIO26-PDF134-L29-S2-Q042,الجهاز التناسلي الأنثوي والهرمونات ودورة الحيض,BIO26-M18,التكاثر في الإنسان والنمو الجنيني,BIO26-S18-02,الجهاز التناسلي الأنثوي والهرمونات ودورة الحيض,تجميعات الأحياء 2026 — مفتاح الإجابة في PDF p.134,A,0,NOT_STARTED,,NOT_RUN,PRE_CROP_RANGE_FROZEN_V1
29,BIO26-L29,أحياء 3,جهاز التكاثر في الإنسان,134,134,133,2,43,TAH-BIO-BIO26-L29-Q043,BIO26-PDF134-L29-S2-Q043,الجهاز التناسلي الأنثوي والهرمونات ودورة الحيض,BIO26-M18,التكاثر في الإنسان والنمو الجنيني,BIO26-S18-02,الجهاز التناسلي الأنثوي والهرمونات ودورة الحيض,تجميعات الأحياء 2026 — مفتاح الإجابة في PDF p.134,B,1,NOT_STARTED,,NOT_RUN,PRE_CROP_RANGE_FROZEN_V1
30,BIO26-L30,أحياء 3,مراحل نمو الجنين,135,135,134,1,1,TAH-BIO-BIO26-L30-Q001,BIO26-PDF135-L30-S1-Q001,الإخصاب وبدايات النمو والأغشية الجنينية والمشيمة,BIO26-M18,التكاثر في الإنسان والنمو الجنيني,BIO26-S18-03,الإخصاب وبدايات النمو والأغشية الجنينية والمشيمة,تجميعات الأحياء 2026 — مفتاح الإجابة في PDF p.135,A,0,NOT_STARTED,,NOT_RUN,PRE_CROP_RANGE_FROZEN_V1
30,BIO26-L30,أحياء 3,مراحل نمو الجنين,135,135,134,1,2,TAH-BIO-BIO26-L30-Q002,BIO26-PDF135-L30-S1-Q002,الإخصاب وبدايات النمو والأغشية الجنينية والمشيمة,BIO26-M18,التكاثر في الإنسان والنمو الجنيني,BIO26-S18-03,الإخصاب وبدايات النمو والأغشية الجنينية والمشيمة,تجميعات الأحياء 2026 — مفتاح الإجابة في PDF p.135,D,3,NOT_STARTED,,NOT_RUN,PRE_CROP_RANGE_FROZEN_V1
30,BIO26-L30,أحياء 3,مراحل نمو الجنين,135,135,134,1,3,TAH-BIO-BIO26-L30-Q003,BIO26-PDF135-L30-S1-Q003,الإخصاب وبدايات النمو والأغشية الجنينية والمشيمة,BIO26-M18,التكاثر في الإنسان والنمو الجنيني,BIO26-S18-03,الإخصاب وبدايات النمو والأغشية الجنينية والمشيمة,تجميعات الأحياء 2026 — مفتاح الإجابة في PDF p.135,D,3,NOT_STARTED,,NOT_RUN,PRE_CROP_RANGE_FROZEN_V1
30,BIO26-L30,أحياء 3,مراحل نمو الجنين,135,135,134,1,4,TAH-BIO-BIO26-L30-Q004,BIO26-PDF135-L30-S1-Q004,الإخصاب وبدايات النمو والأغشية الجنينية والمشيمة,BIO26-M18,التكاثر في الإنسان والنمو الجنيني,BIO26-S18-03,الإخصاب وبدايات النمو والأغشية الجنينية والمشيمة,تجميعات الأحياء 2026 — مفتاح الإجابة في PDF p.135,B,1,NOT_STARTED,,NOT_RUN,PRE_CROP_RANGE_FROZEN_V1
30,BIO26-L30,أحياء 3,مراحل نمو الجنين,135,135,134,1,5,TAH-BIO-BIO26-L30-Q005,BIO26-PDF135-L30-S1-Q005,الإخصاب وبدايات النمو والأغشية الجنينية والمشيمة,BIO26-M18,التكاثر في الإنسان والنمو الجنيني,BIO26-S18-03,الإخصاب وبدايات النمو والأغشية الجنينية والمشيمة,تجميعات الأحياء 2026 — مفتاح الإجابة في PDF p.135,A,0,NOT_STARTED,,NOT_RUN,PRE_CROP_RANGE_FROZEN_V1
30,BIO26-L30,أحياء 3,مراحل نمو الجنين,135,135,134,1,6,TAH-BIO-BIO26-L30-Q006,BIO26-PDF135-L30-S1-Q006,الإخصاب وبدايات النمو والأغشية الجنينية والمشيمة,BIO26-M18,التكاثر في الإنسان والنمو الجنيني,BIO26-S18-03,الإخصاب وبدايات النمو والأغشية الجنينية والمشيمة,تجميعات الأحياء 2026 — مفتاح الإجابة في PDF p.135,B,1,NOT_STARTED,,NOT_RUN,PRE_CROP_RANGE_FROZEN_V1
30,BIO26-L30,أحياء 3,مراحل نمو الجنين,135,135,134,1,7,TAH-BIO-BIO26-L30-Q007,BIO26-PDF135-L30-S1-Q007,نمو الجنين ومراحله والاختلالات ووسائل التشخيص,BIO26-M18,التكاثر في الإنسان والنمو الجنيني,BIO26-S18-04,نمو الجنين ومراحله والاختلالات ووسائل التشخيص,تجميعات الأحياء 2026 — مفتاح الإجابة في PDF p.135,A,0,NOT_STARTED,,NOT_RUN,PRE_CROP_RANGE_FROZEN_V1
30,BIO26-L30,أحياء 3,مراحل نمو الجنين,135,135,134,1,8,TAH-BIO-BIO26-L30-Q008,BIO26-PDF135-L30-S1-Q008,نمو الجنين ومراحله والاختلالات ووسائل التشخيص,BIO26-M18,التكاثر في الإنسان والنمو الجنيني,BIO26-S18-04,نمو الجنين ومراحله والاختلالات ووسائل التشخيص,تجميعات الأحياء 2026 — مفتاح الإجابة في PDF p.135,D,3,NOT_STARTED,,NOT_RUN,PRE_CROP_RANGE_FROZEN_V1
30,BIO26-L30,أحياء 3,مراحل نمو الجنين,135,135,134,1,9,TAH-BIO-BIO26-L30-Q009,BIO26-PDF135-L30-S1-Q009,نمو الجنين ومراحله والاختلالات ووسائل التشخيص,BIO26-M18,التكاثر في الإنسان والنمو الجنيني,BIO26-S18-04,نمو الجنين ومراحله والاختلالات ووسائل التشخيص,تجميعات الأحياء 2026 — مفتاح الإجابة في PDF p.135,B,1,NOT_STARTED,,NOT_RUN,PRE_CROP_RANGE_FROZEN_V1
30,BIO26-L30,أحياء 3,مراحل نمو الجنين,135,135,134,1,10,TAH-BIO-BIO26-L30-Q010,BIO26-PDF135-L30-S1-Q010,نمو الجنين ومراحله والاختلالات ووسائل التشخيص,BIO26-M18,التكاثر في الإنسان والنمو الجنيني,BIO26-S18-04,نمو الجنين ومراحله والاختلالات ووسائل التشخيص,تجميعات الأحياء 2026 — مفتاح الإجابة في PDF p.135,D,3,NOT_STARTED,,NOT_RUN,PRE_CROP_RANGE_FROZEN_V1
30,BIO26-L30,أحياء 3,مراحل نمو الجنين,135,135,134,1,11,TAH-BIO-BIO26-L30-Q011,BIO26-PDF135-L30-S1-Q011,نمو الجنين ومراحله والاختلالات ووسائل التشخيص,BIO26-M18,التكاثر في الإنسان والنمو الجنيني,BIO26-S18-04,نمو الجنين ومراحله والاختلالات ووسائل التشخيص,تجميعات الأحياء 2026 — مفتاح الإجابة في PDF p.135,B,1,NOT_STARTED,,NOT_RUN,PRE_CROP_RANGE_FROZEN_V1
30,BIO26-L30,أحياء 3,مراحل نمو الجنين,136,136,135,2,12,TAH-BIO-BIO26-L30-Q012,BIO26-PDF136-L30-S2-Q012,الإخصاب وبدايات النمو والأغشية الجنينية والمشيمة,BIO26-M18,التكاثر في الإنسان والنمو الجنيني,BIO26-S18-03,الإخصاب وبدايات النمو والأغشية الجنينية والمشيمة,تجميعات الأحياء 2026 — مفتاح الإجابة في PDF p.136,B,1,NOT_STARTED,,NOT_RUN,PRE_CROP_RANGE_FROZEN_V1
30,BIO26-L30,أحياء 3,مراحل نمو الجنين,136,136,135,2,13,TAH-BIO-BIO26-L30-Q013,BIO26-PDF136-L30-S2-Q013,الإخصاب وبدايات النمو والأغشية الجنينية والمشيمة,BIO26-M18,التكاثر في الإنسان والنمو الجنيني,BIO26-S18-03,الإخصاب وبدايات النمو والأغشية الجنينية والمشيمة,تجميعات الأحياء 2026 — مفتاح الإجابة في PDF p.136,C,2,NOT_STARTED,,NOT_RUN,PRE_CROP_RANGE_FROZEN_V1
30,BIO26-L30,أحياء 3,مراحل نمو الجنين,136,136,135,2,14,TAH-BIO-BIO26-L30-Q014,BIO26-PDF136-L30-S2-Q014,الإخصاب وبدايات النمو والأغشية الجنينية والمشيمة,BIO26-M18,التكاثر في الإنسان والنمو الجنيني,BIO26-S18-03,الإخصاب وبدايات النمو والأغشية الجنينية والمشيمة,تجميعات الأحياء 2026 — مفتاح الإجابة في PDF p.136,A,0,NOT_STARTED,,NOT_RUN,PRE_CROP_RANGE_FROZEN_V1
30,BIO26-L30,أحياء 3,مراحل نمو الجنين,136,136,135,2,15,TAH-BIO-BIO26-L30-Q015,BIO26-PDF136-L30-S2-Q015,الإخصاب وبدايات النمو والأغشية الجنينية والمشيمة,BIO26-M18,التكاثر في الإنسان والنمو الجنيني,BIO26-S18-03,الإخصاب وبدايات النمو والأغشية الجنينية والمشيمة,تجميعات الأحياء 2026 — مفتاح الإجابة في PDF p.136,D,3,NOT_STARTED,,NOT_RUN,PRE_CROP_RANGE_FROZEN_V1
30,BIO26-L30,أحياء 3,مراحل نمو الجنين,136,136,135,2,16,TAH-BIO-BIO26-L30-Q016,BIO26-PDF136-L30-S2-Q016,الإخصاب وبدايات النمو والأغشية الجنينية والمشيمة,BIO26-M18,التكاثر في الإنسان والنمو الجنيني,BIO26-S18-03,الإخصاب وبدايات النمو والأغشية الجنينية والمشيمة,تجميعات الأحياء 2026 — مفتاح الإجابة في PDF p.136,A,0,NOT_STARTED,,NOT_RUN,PRE_CROP_RANGE_FROZEN_V1
30,BIO26-L30,أحياء 3,مراحل نمو الجنين,136,136,135,2,17,TAH-BIO-BIO26-L30-Q017,BIO26-PDF136-L30-S2-Q017,نمو الجنين ومراحله والاختلالات ووسائل التشخيص,BIO26-M18,التكاثر في الإنسان والنمو الجنيني,BIO26-S18-04,نمو الجنين ومراحله والاختلالات ووسائل التشخيص,تجميعات الأحياء 2026 — مفتاح الإجابة في PDF p.136,C,2,NOT_STARTED,,NOT_RUN,PRE_CROP_RANGE_FROZEN_V1
30,BIO26-L30,أحياء 3,مراحل نمو الجنين,136,136,135,2,18,TAH-BIO-BIO26-L30-Q018,BIO26-PDF136-L30-S2-Q018,نمو الجنين ومراحله والاختلالات ووسائل التشخيص,BIO26-M18,التكاثر في الإنسان والنمو الجنيني,BIO26-S18-04,نمو الجنين ومراحله والاختلالات ووسائل التشخيص,تجميعات الأحياء 2026 — مفتاح الإجابة في PDF p.136,A,0,NOT_STARTED,,NOT_RUN,PRE_CROP_RANGE_FROZEN_V1
30,BIO26-L30,أحياء 3,مراحل نمو الجنين,136,136,135,2,19,TAH-BIO-BIO26-L30-Q019,BIO26-PDF136-L30-S2-Q019,نمو الجنين ومراحله والاختلالات ووسائل التشخيص,BIO26-M18,التكاثر في الإنسان والنمو الجنيني,BIO26-S18-04,نمو الجنين ومراحله والاختلالات ووسائل التشخيص,تجميعات الأحياء 2026 — مفتاح الإجابة في PDF p.136,D,3,NOT_STARTED,,NOT_RUN,PRE_CROP_RANGE_FROZEN_V1
30,BIO26-L30,أحياء 3,مراحل نمو الجنين,136,136,135,2,20,TAH-BIO-BIO26-L30-Q020,BIO26-PDF136-L30-S2-Q020,نمو الجنين ومراحله والاختلالات ووسائل التشخيص,BIO26-M18,التكاثر في الإنسان والنمو الجنيني,BIO26-S18-04,نمو الجنين ومراحله والاختلالات ووسائل التشخيص,تجميعات الأحياء 2026 — مفتاح الإجابة في PDF p.136,B,1,NOT_STARTED,,NOT_RUN,PRE_CROP_RANGE_FROZEN_V1
30,BIO26-L30,أحياء 3,مراحل نمو الجنين,136,136,135,2,21,TAH-BIO-BIO26-L30-Q021,BIO26-PDF136-L30-S2-Q021,نمو الجنين ومراحله والاختلالات ووسائل التشخيص,BIO26-M18,التكاثر في الإنسان والنمو الجنيني,BIO26-S18-04,نمو الجنين ومراحله والاختلالات ووسائل التشخيص,تجميعات الأحياء 2026 — مفتاح الإجابة في PDF p.136,B,1,NOT_STARTED,,NOT_RUN,PRE_CROP_RANGE_FROZEN_V1
30,BIO26-L30,أحياء 3,مراحل نمو الجنين,136,136,135,2,22,TAH-BIO-BIO26-L30-Q022,BIO26-PDF136-L30-S2-Q022,نمو الجنين ومراحله والاختلالات ووسائل التشخيص,BIO26-M18,التكاثر في الإنسان والنمو الجنيني,BIO26-S18-04,نمو الجنين ومراحله والاختلالات ووسائل التشخيص,تجميعات الأحياء 2026 — مفتاح الإجابة في PDF p.136,B,1,NOT_STARTED,,NOT_RUN,PRE_CROP_RANGE_FROZEN_V1
30,BIO26-L30,أحياء 3,مراحل نمو الجنين,136,136,135,2,23,TAH-BIO-BIO26-L30-Q023,BIO26-PDF136-L30-S2-Q023,نمو الجنين ومراحله والاختلالات ووسائل التشخيص,BIO26-M18,التكاثر في الإنسان والنمو الجنيني,BIO26-S18-04,نمو الجنين ومراحله والاختلالات ووسائل التشخيص,تجميعات الأحياء 2026 — مفتاح الإجابة في PDF p.136,D,3,NOT_STARTED,,NOT_RUN,PRE_CROP_RANGE_FROZEN_V1
31,BIO26-L31,أحياء 3,الجهاز المناعي,137,137,136,1,1,TAH-BIO-BIO26-L31-Q001,BIO26-PDF137-L31-S1-Q001,المناعة غير المتخصصة والحواجز والالتهاب,BIO26-M19,جهاز المناعة,BIO26-S19-01,المناعة غير المتخصصة والحواجز والالتهاب,تجميعات الأحياء 2026 — مفتاح الإجابة في PDF p.137,A,0,NOT_STARTED,,NOT_RUN,PRE_CROP_RANGE_FROZEN_V1
31,BIO26-L31,أحياء 3,الجهاز المناعي,137,137,136,1,2,TAH-BIO-BIO26-L31-Q002,BIO26-PDF137-L31-S1-Q002,المناعة غير المتخصصة والحواجز والالتهاب,BIO26-M19,جهاز المناعة,BIO26-S19-01,المناعة غير المتخصصة والحواجز والالتهاب,تجميعات الأحياء 2026 — مفتاح الإجابة في PDF p.137,D,3,NOT_STARTED,,NOT_RUN,PRE_CROP_RANGE_FROZEN_V1
31,BIO26-L31,أحياء 3,الجهاز المناعي,137,137,136,1,3,TAH-BIO-BIO26-L31-Q003,BIO26-PDF137-L31-S1-Q003,المناعة غير المتخصصة والحواجز والالتهاب,BIO26-M19,جهاز المناعة,BIO26-S19-01,المناعة غير المتخصصة والحواجز والالتهاب,تجميعات الأحياء 2026 — مفتاح الإجابة في PDF p.137,B,1,NOT_STARTED,,NOT_RUN,PRE_CROP_RANGE_FROZEN_V1
31,BIO26-L31,أحياء 3,الجهاز المناعي,137,137,136,1,4,TAH-BIO-BIO26-L31-Q004,BIO26-PDF137-L31-S1-Q004,المناعة غير المتخصصة والحواجز والالتهاب,BIO26-M19,جهاز المناعة,BIO26-S19-01,المناعة غير المتخصصة والحواجز والالتهاب,تجميعات الأحياء 2026 — مفتاح الإجابة في PDF p.137,A,0,NOT_STARTED,,NOT_RUN,PRE_CROP_RANGE_FROZEN_V1
31,BIO26-L31,أحياء 3,الجهاز المناعي,137,137,136,1,5,TAH-BIO-BIO26-L31-Q005,BIO26-PDF137-L31-S1-Q005,المناعة غير المتخصصة والحواجز والالتهاب,BIO26-M19,جهاز المناعة,BIO26-S19-01,المناعة غير المتخصصة والحواجز والالتهاب,تجميعات الأحياء 2026 — مفتاح الإجابة في PDF p.137,D,3,NOT_STARTED,,NOT_RUN,PRE_CROP_RANGE_FROZEN_V1
31,BIO26-L31,أحياء 3,الجهاز المناعي,137,137,136,1,6,TAH-BIO-BIO26-L31-Q006,BIO26-PDF137-L31-S1-Q006,المناعة غير المتخصصة والحواجز والالتهاب,BIO26-M19,جهاز المناعة,BIO26-S19-01,المناعة غير المتخصصة والحواجز والالتهاب,تجميعات الأحياء 2026 — مفتاح الإجابة في PDF p.137,B,1,NOT_STARTED,,NOT_RUN,PRE_CROP_RANGE_FROZEN_V1
31,BIO26-L31,أحياء 3,الجهاز المناعي,137,137,136,1,7,TAH-BIO-BIO26-L31-Q007,BIO26-PDF137-L31-S1-Q007,المناعة غير المتخصصة والحواجز والالتهاب,BIO26-M19,جهاز المناعة,BIO26-S19-01,المناعة غير المتخصصة والحواجز والالتهاب,تجميعات الأحياء 2026 — مفتاح الإجابة في PDF p.137,C,2,NOT_STARTED,,NOT_RUN,PRE_CROP_RANGE_FROZEN_V1
31,BIO26-L31,أحياء 3,الجهاز المناعي,137,137,136,1,8,TAH-BIO-BIO26-L31-Q008,BIO26-PDF137-L31-S1-Q008,المناعة غير المتخصصة والحواجز والالتهاب,BIO26-M19,جهاز المناعة,BIO26-S19-01,المناعة غير المتخصصة والحواجز والالتهاب,تجميعات الأحياء 2026 — مفتاح الإجابة في PDF p.137,A,0,NOT_STARTED,,NOT_RUN,PRE_CROP_RANGE_FROZEN_V1
31,BIO26-L31,أحياء 3,الجهاز المناعي,137,137,136,1,9,TAH-BIO-BIO26-L31-Q009,BIO26-PDF137-L31-S1-Q009,المناعة غير المتخصصة والحواجز والالتهاب,BIO26-M19,جهاز المناعة,BIO26-S19-01,المناعة غير المتخصصة والحواجز والالتهاب,تجميعات الأحياء 2026 — مفتاح الإجابة في PDF p.137,B,1,NOT_STARTED,,NOT_RUN,PRE_CROP_RANGE_FROZEN_V1
31,BIO26-L31,أحياء 3,الجهاز المناعي,137,137,136,1,10,TAH-BIO-BIO26-L31-Q010,BIO26-PDF137-L31-S1-Q010,المناعة النشطة والسلبية واللقاحات والذاكرة المناعية,BIO26-M19,جهاز المناعة,BIO26-S19-03,المناعة النشطة والسلبية واللقاحات والذاكرة المناعية,تجميعات الأحياء 2026 — مفتاح الإجابة في PDF p.137,D,3,NOT_STARTED,,NOT_RUN,PRE_CROP_RANGE_FROZEN_V1
31,BIO26-L31,أحياء 3,الجهاز المناعي,137,137,136,1,11,TAH-BIO-BIO26-L31-Q011,BIO26-PDF137-L31-S1-Q011,المناعة النشطة والسلبية واللقاحات والذاكرة المناعية,BIO26-M19,جهاز المناعة,BIO26-S19-03,المناعة النشطة والسلبية واللقاحات والذاكرة المناعية,تجميعات الأحياء 2026 — مفتاح الإجابة في PDF p.137,A,0,NOT_STARTED,,NOT_RUN,PRE_CROP_RANGE_FROZEN_V1
31,BIO26-L31,أحياء 3,الجهاز المناعي,137,137,136,1,12,TAH-BIO-BIO26-L31-Q012,BIO26-PDF137-L31-S1-Q012,المناعة النشطة والسلبية واللقاحات والذاكرة المناعية,BIO26-M19,جهاز المناعة,BIO26-S19-03,المناعة النشطة والسلبية واللقاحات والذاكرة المناعية,تجميعات الأحياء 2026 — مفتاح الإجابة في PDF p.137,C,2,NOT_STARTED,,NOT_RUN,PRE_CROP_RANGE_FROZEN_V1
31,BIO26-L31,أحياء 3,الجهاز المناعي,137,137,136,1,13,TAH-BIO-BIO26-L31-Q013,BIO26-PDF137-L31-S1-Q013,المناعة النشطة والسلبية واللقاحات والذاكرة المناعية,BIO26-M19,جهاز المناعة,BIO26-S19-03,المناعة النشطة والسلبية واللقاحات والذاكرة المناعية,تجميعات الأحياء 2026 — مفتاح الإجابة في PDF p.137,B,1,NOT_STARTED,,NOT_RUN,PRE_CROP_RANGE_FROZEN_V1
31,BIO26-L31,أحياء 3,الجهاز المناعي,137,137,136,1,14,TAH-BIO-BIO26-L31-Q014,BIO26-PDF137-L31-S1-Q014,المناعة النشطة والسلبية واللقاحات والذاكرة المناعية,BIO26-M19,جهاز المناعة,BIO26-S19-03,المناعة النشطة والسلبية واللقاحات والذاكرة المناعية,تجميعات الأحياء 2026 — مفتاح الإجابة في PDF p.137,A,0,NOT_STARTED,,NOT_RUN,PRE_CROP_RANGE_FROZEN_V1
31,BIO26-L31,أحياء 3,الجهاز المناعي,138,138,137,1,15,TAH-BIO-BIO26-L31-Q015,BIO26-PDF138-L31-S1-Q015,المناعة المتخصصة والخلايا اللمفية والأجسام المضادة,BIO26-M19,جهاز المناعة,BIO26-S19-02,المناعة المتخصصة والخلايا اللمفية والأجسام المضادة,تجميعات الأحياء 2026 — مفتاح الإجابة في PDF p.138,A,0,NOT_STARTED,,NOT_RUN,PRE_CROP_RANGE_FROZEN_V1
31,BIO26-L31,أحياء 3,الجهاز المناعي,138,138,137,1,16,TAH-BIO-BIO26-L31-Q016,BIO26-PDF138-L31-S1-Q016,المناعة المتخصصة والخلايا اللمفية والأجسام المضادة,BIO26-M19,جهاز المناعة,BIO26-S19-02,المناعة المتخصصة والخلايا اللمفية والأجسام المضادة,تجميعات الأحياء 2026 — مفتاح الإجابة في PDF p.138,A,0,NOT_STARTED,,NOT_RUN,PRE_CROP_RANGE_FROZEN_V1
31,BIO26-L31,أحياء 3,الجهاز المناعي,138,138,137,1,17,TAH-BIO-BIO26-L31-Q017,BIO26-PDF138-L31-S1-Q017,المناعة المتخصصة والخلايا اللمفية والأجسام المضادة,BIO26-M19,جهاز المناعة,BIO26-S19-02,المناعة المتخصصة والخلايا اللمفية والأجسام المضادة,تجميعات الأحياء 2026 — مفتاح الإجابة في PDF p.138,C,2,NOT_STARTED,,NOT_RUN,PRE_CROP_RANGE_FROZEN_V1
31,BIO26-L31,أحياء 3,الجهاز المناعي,138,138,137,1,18,TAH-BIO-BIO26-L31-Q018,BIO26-PDF138-L31-S1-Q018,المناعة المتخصصة والخلايا اللمفية والأجسام المضادة,BIO26-M19,جهاز المناعة,BIO26-S19-02,المناعة المتخصصة والخلايا اللمفية والأجسام المضادة,تجميعات الأحياء 2026 — مفتاح الإجابة في PDF p.138,D,3,NOT_STARTED,,NOT_RUN,PRE_CROP_RANGE_FROZEN_V1
31,BIO26-L31,أحياء 3,الجهاز المناعي,138,138,137,1,19,TAH-BIO-BIO26-L31-Q019,BIO26-PDF138-L31-S1-Q019,المناعة النشطة والسلبية واللقاحات والذاكرة المناعية,BIO26-M19,جهاز المناعة,BIO26-S19-03,المناعة النشطة والسلبية واللقاحات والذاكرة المناعية,تجميعات الأحياء 2026 — مفتاح الإجابة في PDF p.138,D,3,NOT_STARTED,,NOT_RUN,PRE_CROP_RANGE_FROZEN_V1
31,BIO26-L31,أحياء 3,الجهاز المناعي,138,138,137,1,20,TAH-BIO-BIO26-L31-Q020,BIO26-PDF138-L31-S1-Q020,المناعة النشطة والسلبية واللقاحات والذاكرة المناعية,BIO26-M19,جهاز المناعة,BIO26-S19-03,المناعة النشطة والسلبية واللقاحات والذاكرة المناعية,تجميعات الأحياء 2026 — مفتاح الإجابة في PDF p.138,D,3,NOT_STARTED,,NOT_RUN,PRE_CROP_RANGE_FROZEN_V1
31,BIO26-L31,أحياء 3,الجهاز المناعي,138,138,137,1,21,TAH-BIO-BIO26-L31-Q021,BIO26-PDF138-L31-S1-Q021,المناعة النشطة والسلبية واللقاحات والذاكرة المناعية,BIO26-M19,جهاز المناعة,BIO26-S19-03,المناعة النشطة والسلبية واللقاحات والذاكرة المناعية,تجميعات الأحياء 2026 — مفتاح الإجابة في PDF p.138,B,1,NOT_STARTED,,NOT_RUN,PRE_CROP_RANGE_FROZEN_V1
31,BIO26-L31,أحياء 3,الجهاز المناعي,138,138,137,1,22,TAH-BIO-BIO26-L31-Q022,BIO26-PDF138-L31-S1-Q022,المناعة النشطة والسلبية واللقاحات والذاكرة المناعية,BIO26-M19,جهاز المناعة,BIO26-S19-03,المناعة النشطة والسلبية واللقاحات والذاكرة المناعية,تجميعات الأحياء 2026 — مفتاح الإجابة في PDF p.138,D,3,NOT_STARTED,,NOT_RUN,PRE_CROP_RANGE_FROZEN_V1
31,BIO26-L31,أحياء 3,الجهاز المناعي,138,138,137,1,23,TAH-BIO-BIO26-L31-Q023,BIO26-PDF138-L31-S1-Q023,المناعة النشطة والسلبية واللقاحات والذاكرة المناعية,BIO26-M19,جهاز المناعة,BIO26-S19-03,المناعة النشطة والسلبية واللقاحات والذاكرة المناعية,تجميعات الأحياء 2026 — مفتاح الإجابة في PDF p.138,A,0,NOT_STARTED,,NOT_RUN,PRE_CROP_RANGE_FROZEN_V1
31,BIO26-L31,أحياء 3,الجهاز المناعي,139,139,138,2,24,TAH-BIO-BIO26-L31-Q024,BIO26-PDF139-L31-S2-Q024,المناعة غير المتخصصة والحواجز والالتهاب,BIO26-M19,جهاز المناعة,BIO26-S19-01,المناعة غير المتخصصة والحواجز والالتهاب,تجميعات الأحياء 2026 — مفتاح الإجابة في PDF p.139,B,1,NOT_STARTED,,NOT_RUN,PRE_CROP_RANGE_FROZEN_V1
31,BIO26-L31,أحياء 3,الجهاز المناعي,139,139,138,2,25,TAH-BIO-BIO26-L31-Q025,BIO26-PDF139-L31-S2-Q025,المناعة غير المتخصصة والحواجز والالتهاب,BIO26-M19,جهاز المناعة,BIO26-S19-01,المناعة غير المتخصصة والحواجز والالتهاب,تجميعات الأحياء 2026 — مفتاح الإجابة في PDF p.139,A,0,NOT_STARTED,,NOT_RUN,PRE_CROP_RANGE_FROZEN_V1
31,BIO26-L31,أحياء 3,الجهاز المناعي,139,139,138,2,26,TAH-BIO-BIO26-L31-Q026,BIO26-PDF139-L31-S2-Q026,المناعة غير المتخصصة والحواجز والالتهاب,BIO26-M19,جهاز المناعة,BIO26-S19-01,المناعة غير المتخصصة والحواجز والالتهاب,تجميعات الأحياء 2026 — مفتاح الإجابة في PDF p.139,C,2,NOT_STARTED,,NOT_RUN,PRE_CROP_RANGE_FROZEN_V1
31,BIO26-L31,أحياء 3,الجهاز المناعي,139,139,138,2,27,TAH-BIO-BIO26-L31-Q027,BIO26-PDF139-L31-S2-Q027,المناعة غير المتخصصة والحواجز والالتهاب,BIO26-M19,جهاز المناعة,BIO26-S19-01,المناعة غير المتخصصة والحواجز والالتهاب,تجميعات الأحياء 2026 — مفتاح الإجابة في PDF p.139,A,0,NOT_STARTED,,NOT_RUN,PRE_CROP_RANGE_FROZEN_V1
31,BIO26-L31,أحياء 3,الجهاز المناعي,139,139,138,2,28,TAH-BIO-BIO26-L31-Q028,BIO26-PDF139-L31-S2-Q028,المناعة غير المتخصصة والحواجز والالتهاب,BIO26-M19,جهاز المناعة,BIO26-S19-01,المناعة غير المتخصصة والحواجز والالتهاب,تجميعات الأحياء 2026 — مفتاح الإجابة في PDF p.139,D,3,NOT_STARTED,,NOT_RUN,PRE_CROP_RANGE_FROZEN_V1
31,BIO26-L31,أحياء 3,الجهاز المناعي,139,139,138,2,29,TAH-BIO-BIO26-L31-Q029,BIO26-PDF139-L31-S2-Q029,المناعة غير المتخصصة والحواجز والالتهاب,BIO26-M19,جهاز المناعة,BIO26-S19-01,المناعة غير المتخصصة والحواجز والالتهاب,تجميعات الأحياء 2026 — مفتاح الإجابة في PDF p.139,D,3,NOT_STARTED,,NOT_RUN,PRE_CROP_RANGE_FROZEN_V1
31,BIO26-L31,أحياء 3,الجهاز المناعي,139,139,138,2,30,TAH-BIO-BIO26-L31-Q030,BIO26-PDF139-L31-S2-Q030,المناعة غير المتخصصة والحواجز والالتهاب,BIO26-M19,جهاز المناعة,BIO26-S19-01,المناعة غير المتخصصة والحواجز والالتهاب,تجميعات الأحياء 2026 — مفتاح الإجابة في PDF p.139,C,2,NOT_STARTED,,NOT_RUN,PRE_CROP_RANGE_FROZEN_V1
31,BIO26-L31,أحياء 3,الجهاز المناعي,139,139,138,2,31,TAH-BIO-BIO26-L31-Q031,BIO26-PDF139-L31-S2-Q031,المناعة غير المتخصصة والحواجز والالتهاب,BIO26-M19,جهاز المناعة,BIO26-S19-01,المناعة غير المتخصصة والحواجز والالتهاب,تجميعات الأحياء 2026 — مفتاح الإجابة في PDF p.139,D,3,NOT_STARTED,,NOT_RUN,PRE_CROP_RANGE_FROZEN_V1
31,BIO26-L31,أحياء 3,الجهاز المناعي,139,139,138,2,32,TAH-BIO-BIO26-L31-Q032,BIO26-PDF139-L31-S2-Q032,المناعة غير المتخصصة والحواجز والالتهاب,BIO26-M19,جهاز المناعة,BIO26-S19-01,المناعة غير المتخصصة والحواجز والالتهاب,تجميعات الأحياء 2026 — مفتاح الإجابة في PDF p.139,D,3,NOT_STARTED,,NOT_RUN,PRE_CROP_RANGE_FROZEN_V1
31,BIO26-L31,أحياء 3,الجهاز المناعي,139,139,138,2,33,TAH-BIO-BIO26-L31-Q033,BIO26-PDF139-L31-S2-Q033,المناعة غير المتخصصة والحواجز والالتهاب,BIO26-M19,جهاز المناعة,BIO26-S19-01,المناعة غير المتخصصة والحواجز والالتهاب,تجميعات الأحياء 2026 — مفتاح الإجابة في PDF p.139,C,2,NOT_STARTED,,NOT_RUN,PRE_CROP_RANGE_FROZEN_V1
31,BIO26-L31,أحياء 3,الجهاز المناعي,139,139,138,2,34,TAH-BIO-BIO26-L31-Q034,BIO26-PDF139-L31-S2-Q034,المناعة غير المتخصصة والحواجز والالتهاب,BIO26-M19,جهاز المناعة,BIO26-S19-01,المناعة غير المتخصصة والحواجز والالتهاب,تجميعات الأحياء 2026 — مفتاح الإجابة في PDF p.139,B,1,NOT_STARTED,,NOT_RUN,PRE_CROP_RANGE_FROZEN_V1
31,BIO26-L31,أحياء 3,الجهاز المناعي,139,139,138,2,35,TAH-BIO-BIO26-L31-Q035,BIO26-PDF139-L31-S2-Q035,المناعة غير المتخصصة والحواجز والالتهاب,BIO26-M19,جهاز المناعة,BIO26-S19-01,المناعة غير المتخصصة والحواجز والالتهاب,تجميعات الأحياء 2026 — مفتاح الإجابة في PDF p.139,B,1,NOT_STARTED,,NOT_RUN,PRE_CROP_RANGE_FROZEN_V1
31,BIO26-L31,أحياء 3,الجهاز المناعي,139,139,138,2,36,TAH-BIO-BIO26-L31-Q036,BIO26-PDF139-L31-S2-Q036,المناعة غير المتخصصة والحواجز والالتهاب,BIO26-M19,جهاز المناعة,BIO26-S19-01,المناعة غير المتخصصة والحواجز والالتهاب,تجميعات الأحياء 2026 — مفتاح الإجابة في PDF p.139,B,1,NOT_STARTED,,NOT_RUN,PRE_CROP_RANGE_FROZEN_V1
31,BIO26-L31,أحياء 3,الجهاز المناعي,139,139,138,2,37,TAH-BIO-BIO26-L31-Q037,BIO26-PDF139-L31-S2-Q037,المناعة غير المتخصصة والحواجز والالتهاب,BIO26-M19,جهاز المناعة,BIO26-S19-01,المناعة غير المتخصصة والحواجز والالتهاب,تجميعات الأحياء 2026 — مفتاح الإجابة في PDF p.139,B,1,NOT_STARTED,,NOT_RUN,PRE_CROP_RANGE_FROZEN_V1
31,BIO26-L31,أحياء 3,الجهاز المناعي,139,139,138,2,38,TAH-BIO-BIO26-L31-Q038,BIO26-PDF139-L31-S2-Q038,المناعة غير المتخصصة والحواجز والالتهاب,BIO26-M19,جهاز المناعة,BIO26-S19-01,المناعة غير المتخصصة والحواجز والالتهاب,تجميعات الأحياء 2026 — مفتاح الإجابة في PDF p.139,A,0,NOT_STARTED,,NOT_RUN,PRE_CROP_RANGE_FROZEN_V1
31,BIO26-L31,أحياء 3,الجهاز المناعي,139,139,138,2,39,TAH-BIO-BIO26-L31-Q039,BIO26-PDF139-L31-S2-Q039,المناعة المتخصصة والخلايا اللمفية والأجسام المضادة,BIO26-M19,جهاز المناعة,BIO26-S19-02,المناعة المتخصصة والخلايا اللمفية والأجسام المضادة,تجميعات الأحياء 2026 — مفتاح الإجابة في PDF p.139,A,0,NOT_STARTED,,NOT_RUN,PRE_CROP_RANGE_FROZEN_V1
31,BIO26-L31,أحياء 3,الجهاز المناعي,139,139,138,2,40,TAH-BIO-BIO26-L31-Q040,BIO26-PDF139-L31-S2-Q040,المناعة المتخصصة والخلايا اللمفية والأجسام المضادة,BIO26-M19,جهاز المناعة,BIO26-S19-02,المناعة المتخصصة والخلايا اللمفية والأجسام المضادة,تجميعات الأحياء 2026 — مفتاح الإجابة في PDF p.139,C,2,NOT_STARTED,,NOT_RUN,PRE_CROP_RANGE_FROZEN_V1
31,BIO26-L31,أحياء 3,الجهاز المناعي,139,139,138,2,41,TAH-BIO-BIO26-L31-Q041,BIO26-PDF139-L31-S2-Q041,المناعة المتخصصة والخلايا اللمفية والأجسام المضادة,BIO26-M19,جهاز المناعة,BIO26-S19-02,المناعة المتخصصة والخلايا اللمفية والأجسام المضادة,تجميعات الأحياء 2026 — مفتاح الإجابة في PDF p.139,B,1,NOT_STARTED,,NOT_RUN,PRE_CROP_RANGE_FROZEN_V1
32,BIO26-L32,أحياء 4,التراكيب الخلوية,141,141,140,1,1,TAH-BIO-BIO26-L32-Q001,BIO26-PDF141-L32-S1-Q001,بدائية وحقيقية النوى ومقارنة الخلية النباتية والحيوانية,BIO26-M20,التراكيب الخلوية والغشاء والنقل,BIO26-S20-01,بدائية وحقيقية النوى ومقارنة الخلية النباتية والحيوانية,تجميعات الأحياء 2026 — مفتاح الإجابة في PDF p.141,D,3,NOT_STARTED,,NOT_RUN,PRE_CROP_RANGE_FROZEN_V1
32,BIO26-L32,أحياء 4,التراكيب الخلوية,141,141,140,1,2,TAH-BIO-BIO26-L32-Q002,BIO26-PDF141-L32-S1-Q002,بدائية وحقيقية النوى ومقارنة الخلية النباتية والحيوانية,BIO26-M20,التراكيب الخلوية والغشاء والنقل,BIO26-S20-01,بدائية وحقيقية النوى ومقارنة الخلية النباتية والحيوانية,تجميعات الأحياء 2026 — مفتاح الإجابة في PDF p.141,B,1,NOT_STARTED,,NOT_RUN,PRE_CROP_RANGE_FROZEN_V1
32,BIO26-L32,أحياء 4,التراكيب الخلوية,141,141,140,1,3,TAH-BIO-BIO26-L32-Q003,BIO26-PDF141-L32-S1-Q003,بدائية وحقيقية النوى ومقارنة الخلية النباتية والحيوانية,BIO26-M20,التراكيب الخلوية والغشاء والنقل,BIO26-S20-01,بدائية وحقيقية النوى ومقارنة الخلية النباتية والحيوانية,تجميعات الأحياء 2026 — مفتاح الإجابة في PDF p.141,A,0,NOT_STARTED,,NOT_RUN,PRE_CROP_RANGE_FROZEN_V1
32,BIO26-L32,أحياء 4,التراكيب الخلوية,141,141,140,1,4,TAH-BIO-BIO26-L32-Q004,BIO26-PDF141-L32-S1-Q004,بدائية وحقيقية النوى ومقارنة الخلية النباتية والحيوانية,BIO26-M20,التراكيب الخلوية والغشاء والنقل,BIO26-S20-01,بدائية وحقيقية النوى ومقارنة الخلية النباتية والحيوانية,تجميعات الأحياء 2026 — مفتاح الإجابة في PDF p.141,A,0,NOT_STARTED,,NOT_RUN,PRE_CROP_RANGE_FROZEN_V1
32,BIO26-L32,أحياء 4,التراكيب الخلوية,141,141,140,1,5,TAH-BIO-BIO26-L32-Q005,BIO26-PDF141-L32-S1-Q005,بدائية وحقيقية النوى ومقارنة الخلية النباتية والحيوانية,BIO26-M20,التراكيب الخلوية والغشاء والنقل,BIO26-S20-01,بدائية وحقيقية النوى ومقارنة الخلية النباتية والحيوانية,تجميعات الأحياء 2026 — مفتاح الإجابة في PDF p.141,A,0,NOT_STARTED,,NOT_RUN,PRE_CROP_RANGE_FROZEN_V1
32,BIO26-L32,أحياء 4,التراكيب الخلوية,141,141,140,1,6,TAH-BIO-BIO26-L32-Q006,BIO26-PDF141-L32-S1-Q006,بدائية وحقيقية النوى ومقارنة الخلية النباتية والحيوانية,BIO26-M20,التراكيب الخلوية والغشاء والنقل,BIO26-S20-01,بدائية وحقيقية النوى ومقارنة الخلية النباتية والحيوانية,تجميعات الأحياء 2026 — مفتاح الإجابة في PDF p.141,D,3,NOT_STARTED,,NOT_RUN,PRE_CROP_RANGE_FROZEN_V1
32,BIO26-L32,أحياء 4,التراكيب الخلوية,141,141,140,1,7,TAH-BIO-BIO26-L32-Q007,BIO26-PDF141-L32-S1-Q007,بدائية وحقيقية النوى ومقارنة الخلية النباتية والحيوانية,BIO26-M20,التراكيب الخلوية والغشاء والنقل,BIO26-S20-01,بدائية وحقيقية النوى ومقارنة الخلية النباتية والحيوانية,تجميعات الأحياء 2026 — مفتاح الإجابة في PDF p.141,A,0,NOT_STARTED,,NOT_RUN,PRE_CROP_RANGE_FROZEN_V1
32,BIO26-L32,أحياء 4,التراكيب الخلوية,141,141,140,1,8,TAH-BIO-BIO26-L32-Q008,BIO26-PDF141-L32-S1-Q008,بدائية وحقيقية النوى ومقارنة الخلية النباتية والحيوانية,BIO26-M20,التراكيب الخلوية والغشاء والنقل,BIO26-S20-01,بدائية وحقيقية النوى ومقارنة الخلية النباتية والحيوانية,تجميعات الأحياء 2026 — مفتاح الإجابة في PDF p.141,D,3,NOT_STARTED,,NOT_RUN,PRE_CROP_RANGE_FROZEN_V1
32,BIO26-L32,أحياء 4,التراكيب الخلوية,141,141,140,1,9,TAH-BIO-BIO26-L32-Q009,BIO26-PDF141-L32-S1-Q009,بدائية وحقيقية النوى ومقارنة الخلية النباتية والحيوانية,BIO26-M20,التراكيب الخلوية والغشاء والنقل,BIO26-S20-01,بدائية وحقيقية النوى ومقارنة الخلية النباتية والحيوانية,تجميعات الأحياء 2026 — مفتاح الإجابة في PDF p.141,B,1,NOT_STARTED,,NOT_RUN,PRE_CROP_RANGE_FROZEN_V1
32,BIO26-L32,أحياء 4,التراكيب الخلوية,141,141,140,1,10,TAH-BIO-BIO26-L32-Q010,BIO26-PDF141-L32-S1-Q010,بدائية وحقيقية النوى ومقارنة الخلية النباتية والحيوانية,BIO26-M20,التراكيب الخلوية والغشاء والنقل,BIO26-S20-01,بدائية وحقيقية النوى ومقارنة الخلية النباتية والحيوانية,تجميعات الأحياء 2026 — مفتاح الإجابة في PDF p.141,A,0,NOT_STARTED,,NOT_RUN,PRE_CROP_RANGE_FROZEN_V1
32,BIO26-L32,أحياء 4,التراكيب الخلوية,141,141,140,1,11,TAH-BIO-BIO26-L32-Q011,BIO26-PDF141-L32-S1-Q011,بدائية وحقيقية النوى ومقارنة الخلية النباتية والحيوانية,BIO26-M20,التراكيب الخلوية والغشاء والنقل,BIO26-S20-01,بدائية وحقيقية النوى ومقارنة الخلية النباتية والحيوانية,تجميعات الأحياء 2026 — مفتاح الإجابة في PDF p.141,D,3,NOT_STARTED,,NOT_RUN,PRE_CROP_RANGE_FROZEN_V1
32,BIO26-L32,أحياء 4,التراكيب الخلوية,141,141,140,1,12,TAH-BIO-BIO26-L32-Q012,BIO26-PDF141-L32-S1-Q012,بدائية وحقيقية النوى ومقارنة الخلية النباتية والحيوانية,BIO26-M20,التراكيب الخلوية والغشاء والنقل,BIO26-S20-01,بدائية وحقيقية النوى ومقارنة الخلية النباتية والحيوانية,تجميعات الأحياء 2026 — مفتاح الإجابة في PDF p.141,B,1,NOT_STARTED,,NOT_RUN,PRE_CROP_RANGE_FROZEN_V1
32,BIO26-L32,أحياء 4,التراكيب الخلوية,141,141,140,1,13,TAH-BIO-BIO26-L32-Q013,BIO26-PDF141-L32-S1-Q013,بدائية وحقيقية النوى ومقارنة الخلية النباتية والحيوانية,BIO26-M20,التراكيب الخلوية والغشاء والنقل,BIO26-S20-01,بدائية وحقيقية النوى ومقارنة الخلية النباتية والحيوانية,تجميعات الأحياء 2026 — مفتاح الإجابة في PDF p.141,D,3,NOT_STARTED,,NOT_RUN,PRE_CROP_RANGE_FROZEN_V1
32,BIO26-L32,أحياء 4,التراكيب الخلوية,141,141,140,1,14,TAH-BIO-BIO26-L32-Q014,BIO26-PDF141-L32-S1-Q014,بدائية وحقيقية النوى ومقارنة الخلية النباتية والحيوانية,BIO26-M20,التراكيب الخلوية والغشاء والنقل,BIO26-S20-01,بدائية وحقيقية النوى ومقارنة الخلية النباتية والحيوانية,تجميعات الأحياء 2026 — مفتاح الإجابة في PDF p.141,C,2,NOT_STARTED,,NOT_RUN,PRE_CROP_RANGE_FROZEN_V1
32,BIO26-L32,أحياء 4,التراكيب الخلوية,141,141,140,1,15,TAH-BIO-BIO26-L32-Q015,BIO26-PDF141-L32-S1-Q015,بدائية وحقيقية النوى ومقارنة الخلية النباتية والحيوانية,BIO26-M20,التراكيب الخلوية والغشاء والنقل,BIO26-S20-01,بدائية وحقيقية النوى ومقارنة الخلية النباتية والحيوانية,تجميعات الأحياء 2026 — مفتاح الإجابة في PDF p.141,A,0,NOT_STARTED,,NOT_RUN,PRE_CROP_RANGE_FROZEN_V1
32,BIO26-L32,أحياء 4,التراكيب الخلوية,141,141,140,1,16,TAH-BIO-BIO26-L32-Q016,BIO26-PDF141-L32-S1-Q016,بدائية وحقيقية النوى ومقارنة الخلية النباتية والحيوانية,BIO26-M20,التراكيب الخلوية والغشاء والنقل,BIO26-S20-01,بدائية وحقيقية النوى ومقارنة الخلية النباتية والحيوانية,تجميعات الأحياء 2026 — مفتاح الإجابة في PDF p.141,D,3,NOT_STARTED,,NOT_RUN,PRE_CROP_RANGE_FROZEN_V1
32,BIO26-L32,أحياء 4,التراكيب الخلوية,142,142,141,1,17,TAH-BIO-BIO26-L32-Q017,BIO26-PDF142-L32-S1-Q017,بدائية وحقيقية النوى ومقارنة الخلية النباتية والحيوانية,BIO26-M20,التراكيب الخلوية والغشاء والنقل,BIO26-S20-01,بدائية وحقيقية النوى ومقارنة الخلية النباتية والحيوانية,تجميعات الأحياء 2026 — مفتاح الإجابة في PDF p.142,C,2,NOT_STARTED,,NOT_RUN,PRE_CROP_RANGE_FROZEN_V1
32,BIO26-L32,أحياء 4,التراكيب الخلوية,142,142,141,1,18,TAH-BIO-BIO26-L32-Q018,BIO26-PDF142-L32-S1-Q018,بدائية وحقيقية النوى ومقارنة الخلية النباتية والحيوانية,BIO26-M20,التراكيب الخلوية والغشاء والنقل,BIO26-S20-01,بدائية وحقيقية النوى ومقارنة الخلية النباتية والحيوانية,تجميعات الأحياء 2026 — مفتاح الإجابة في PDF p.142,A,0,NOT_STARTED,,NOT_RUN,PRE_CROP_RANGE_FROZEN_V1
32,BIO26-L32,أحياء 4,التراكيب الخلوية,142,142,141,1,19,TAH-BIO-BIO26-L32-Q019,BIO26-PDF142-L32-S1-Q019,بدائية وحقيقية النوى ومقارنة الخلية النباتية والحيوانية,BIO26-M20,التراكيب الخلوية والغشاء والنقل,BIO26-S20-01,بدائية وحقيقية النوى ومقارنة الخلية النباتية والحيوانية,تجميعات الأحياء 2026 — مفتاح الإجابة في PDF p.142,C,2,NOT_STARTED,,NOT_RUN,PRE_CROP_RANGE_FROZEN_V1
32,BIO26-L32,أحياء 4,التراكيب الخلوية,142,142,141,1,20,TAH-BIO-BIO26-L32-Q020,BIO26-PDF142-L32-S1-Q020,بدائية وحقيقية النوى ومقارنة الخلية النباتية والحيوانية,BIO26-M20,التراكيب الخلوية والغشاء والنقل,BIO26-S20-01,بدائية وحقيقية النوى ومقارنة الخلية النباتية والحيوانية,تجميعات الأحياء 2026 — مفتاح الإجابة في PDF p.142,C,2,NOT_STARTED,,NOT_RUN,PRE_CROP_RANGE_FROZEN_V1
32,BIO26-L32,أحياء 4,التراكيب الخلوية,142,142,141,1,21,TAH-BIO-BIO26-L32-Q021,BIO26-PDF142-L32-S1-Q021,العضيات الغشائية ووظائفها وتصنيع ونقل المواد,BIO26-M20,التراكيب الخلوية والغشاء والنقل,BIO26-S20-02,العضيات الغشائية ووظائفها وتصنيع ونقل المواد,تجميعات الأحياء 2026 — مفتاح الإجابة في PDF p.142,A,0,NOT_STARTED,,NOT_RUN,PRE_CROP_RANGE_FROZEN_V1
32,BIO26-L32,أحياء 4,التراكيب الخلوية,142,142,141,1,22,TAH-BIO-BIO26-L32-Q022,BIO26-PDF142-L32-S1-Q022,العضيات الغشائية ووظائفها وتصنيع ونقل المواد,BIO26-M20,التراكيب الخلوية والغشاء والنقل,BIO26-S20-02,العضيات الغشائية ووظائفها وتصنيع ونقل المواد,تجميعات الأحياء 2026 — مفتاح الإجابة في PDF p.142,C,2,NOT_STARTED,,NOT_RUN,PRE_CROP_RANGE_FROZEN_V1
32,BIO26-L32,أحياء 4,التراكيب الخلوية,142,142,141,1,23,TAH-BIO-BIO26-L32-Q023,BIO26-PDF142-L32-S1-Q023,العضيات الغشائية ووظائفها وتصنيع ونقل المواد,BIO26-M20,التراكيب الخلوية والغشاء والنقل,BIO26-S20-02,العضيات الغشائية ووظائفها وتصنيع ونقل المواد,تجميعات الأحياء 2026 — مفتاح الإجابة في PDF p.142,B,1,NOT_STARTED,,NOT_RUN,PRE_CROP_RANGE_FROZEN_V1
32,BIO26-L32,أحياء 4,التراكيب الخلوية,142,142,141,1,24,TAH-BIO-BIO26-L32-Q024,BIO26-PDF142-L32-S1-Q024,العضيات الغشائية ووظائفها وتصنيع ونقل المواد,BIO26-M20,التراكيب الخلوية والغشاء والنقل,BIO26-S20-02,العضيات الغشائية ووظائفها وتصنيع ونقل المواد,تجميعات الأحياء 2026 — مفتاح الإجابة في PDF p.142,C,2,NOT_STARTED,,NOT_RUN,PRE_CROP_RANGE_FROZEN_V1
32,BIO26-L32,أحياء 4,التراكيب الخلوية,142,142,141,1,25,TAH-BIO-BIO26-L32-Q025,BIO26-PDF142-L32-S1-Q025,العضيات الغشائية ووظائفها وتصنيع ونقل المواد,BIO26-M20,التراكيب الخلوية والغشاء والنقل,BIO26-S20-02,العضيات الغشائية ووظائفها وتصنيع ونقل المواد,تجميعات الأحياء 2026 — مفتاح الإجابة في PDF p.142,B,1,NOT_STARTED,,NOT_RUN,PRE_CROP_RANGE_FROZEN_V1
32,BIO26-L32,أحياء 4,التراكيب الخلوية,142,142,141,1,26,TAH-BIO-BIO26-L32-Q026,BIO26-PDF142-L32-S1-Q026,العضيات الغشائية ووظائفها وتصنيع ونقل المواد,BIO26-M20,التراكيب الخلوية والغشاء والنقل,BIO26-S20-02,العضيات الغشائية ووظائفها وتصنيع ونقل المواد,تجميعات الأحياء 2026 — مفتاح الإجابة في PDF p.142,B,1,NOT_STARTED,,NOT_RUN,PRE_CROP_RANGE_FROZEN_V1
32,BIO26-L32,أحياء 4,التراكيب الخلوية,142,142,141,1,27,TAH-BIO-BIO26-L32-Q027,BIO26-PDF142-L32-S1-Q027,العضيات الغشائية ووظائفها وتصنيع ونقل المواد,BIO26-M20,التراكيب الخلوية والغشاء والنقل,BIO26-S20-02,العضيات الغشائية ووظائفها وتصنيع ونقل المواد,تجميعات الأحياء 2026 — مفتاح الإجابة في PDF p.142,B,1,NOT_STARTED,,NOT_RUN,PRE_CROP_RANGE_FROZEN_V1
32,BIO26-L32,أحياء 4,التراكيب الخلوية,142,142,141,1,28,TAH-BIO-BIO26-L32-Q028,BIO26-PDF142-L32-S1-Q028,العضيات الغشائية ووظائفها وتصنيع ونقل المواد,BIO26-M20,التراكيب الخلوية والغشاء والنقل,BIO26-S20-02,العضيات الغشائية ووظائفها وتصنيع ونقل المواد,تجميعات الأحياء 2026 — مفتاح الإجابة في PDF p.142,D,3,NOT_STARTED,,NOT_RUN,PRE_CROP_RANGE_FROZEN_V1
32,BIO26-L32,أحياء 4,التراكيب الخلوية,142,142,141,1,29,TAH-BIO-BIO26-L32-Q029,BIO26-PDF142-L32-S1-Q029,العضيات الغشائية ووظائفها وتصنيع ونقل المواد,BIO26-M20,التراكيب الخلوية والغشاء والنقل,BIO26-S20-02,العضيات الغشائية ووظائفها وتصنيع ونقل المواد,تجميعات الأحياء 2026 — مفتاح الإجابة في PDF p.142,B,1,NOT_STARTED,,NOT_RUN,PRE_CROP_RANGE_FROZEN_V1
32,BIO26-L32,أحياء 4,التراكيب الخلوية,142,142,141,1,30,TAH-BIO-BIO26-L32-Q030,BIO26-PDF142-L32-S1-Q030,النواة والرايبوسومات والهيكل الخلوي والأهداب والأسواط,BIO26-M20,التراكيب الخلوية والغشاء والنقل,BIO26-S20-03,النواة والرايبوسومات والهيكل الخلوي والأهداب والأسواط,تجميعات الأحياء 2026 — مفتاح الإجابة في PDF p.142,B,1,NOT_STARTED,,NOT_RUN,PRE_CROP_RANGE_FROZEN_V1
32,BIO26-L32,أحياء 4,التراكيب الخلوية,142,142,141,1,31,TAH-BIO-BIO26-L32-Q031,BIO26-PDF142-L32-S1-Q031,النواة والرايبوسومات والهيكل الخلوي والأهداب والأسواط,BIO26-M20,التراكيب الخلوية والغشاء والنقل,BIO26-S20-03,النواة والرايبوسومات والهيكل الخلوي والأهداب والأسواط,تجميعات الأحياء 2026 — مفتاح الإجابة في PDF p.142,D,3,NOT_STARTED,,NOT_RUN,PRE_CROP_RANGE_FROZEN_V1
32,BIO26-L32,أحياء 4,التراكيب الخلوية,142,142,141,1,32,TAH-BIO-BIO26-L32-Q032,BIO26-PDF142-L32-S1-Q032,النواة والرايبوسومات والهيكل الخلوي والأهداب والأسواط,BIO26-M20,التراكيب الخلوية والغشاء والنقل,BIO26-S20-03,النواة والرايبوسومات والهيكل الخلوي والأهداب والأسواط,تجميعات الأحياء 2026 — مفتاح الإجابة في PDF p.142,A,0,NOT_STARTED,,NOT_RUN,PRE_CROP_RANGE_FROZEN_V1
32,BIO26-L32,أحياء 4,التراكيب الخلوية,142,142,141,1,33,TAH-BIO-BIO26-L32-Q033,BIO26-PDF142-L32-S1-Q033,النواة والرايبوسومات والهيكل الخلوي والأهداب والأسواط,BIO26-M20,التراكيب الخلوية والغشاء والنقل,BIO26-S20-03,النواة والرايبوسومات والهيكل الخلوي والأهداب والأسواط,تجميعات الأحياء 2026 — مفتاح الإجابة في PDF p.142,B,1,NOT_STARTED,,NOT_RUN,PRE_CROP_RANGE_FROZEN_V1
32,BIO26-L32,أحياء 4,التراكيب الخلوية,143,143,142,1,34,TAH-BIO-BIO26-L32-Q034,BIO26-PDF143-L32-S1-Q034,النواة والرايبوسومات والهيكل الخلوي والأهداب والأسواط,BIO26-M20,التراكيب الخلوية والغشاء والنقل,BIO26-S20-03,النواة والرايبوسومات والهيكل الخلوي والأهداب والأسواط,تجميعات الأحياء 2026 — مفتاح الإجابة في PDF p.143,C,2,NOT_STARTED,,NOT_RUN,PRE_CROP_RANGE_FROZEN_V1
32,BIO26-L32,أحياء 4,التراكيب الخلوية,143,143,142,1,35,TAH-BIO-BIO26-L32-Q035,BIO26-PDF143-L32-S1-Q035,النواة والرايبوسومات والهيكل الخلوي والأهداب والأسواط,BIO26-M20,التراكيب الخلوية والغشاء والنقل,BIO26-S20-03,النواة والرايبوسومات والهيكل الخلوي والأهداب والأسواط,تجميعات الأحياء 2026 — مفتاح الإجابة في PDF p.143,A,0,NOT_STARTED,,NOT_RUN,PRE_CROP_RANGE_FROZEN_V1
32,BIO26-L32,أحياء 4,التراكيب الخلوية,143,143,142,1,36,TAH-BIO-BIO26-L32-Q036,BIO26-PDF143-L32-S1-Q036,النواة والرايبوسومات والهيكل الخلوي والأهداب والأسواط,BIO26-M20,التراكيب الخلوية والغشاء والنقل,BIO26-S20-03,النواة والرايبوسومات والهيكل الخلوي والأهداب والأسواط,تجميعات الأحياء 2026 — مفتاح الإجابة في PDF p.143,A,0,NOT_STARTED,,NOT_RUN,PRE_CROP_RANGE_FROZEN_V1
32,BIO26-L32,أحياء 4,التراكيب الخلوية,143,143,142,1,37,TAH-BIO-BIO26-L32-Q037,BIO26-PDF143-L32-S1-Q037,النواة والرايبوسومات والهيكل الخلوي والأهداب والأسواط,BIO26-M20,التراكيب الخلوية والغشاء والنقل,BIO26-S20-03,النواة والرايبوسومات والهيكل الخلوي والأهداب والأسواط,تجميعات الأحياء 2026 — مفتاح الإجابة في PDF p.143,B,1,NOT_STARTED,,NOT_RUN,PRE_CROP_RANGE_FROZEN_V1
32,BIO26-L32,أحياء 4,التراكيب الخلوية,143,143,142,1,38,TAH-BIO-BIO26-L32-Q038,BIO26-PDF143-L32-S1-Q038,النواة والرايبوسومات والهيكل الخلوي والأهداب والأسواط,BIO26-M20,التراكيب الخلوية والغشاء والنقل,BIO26-S20-03,النواة والرايبوسومات والهيكل الخلوي والأهداب والأسواط,تجميعات الأحياء 2026 — مفتاح الإجابة في PDF p.143,B,1,NOT_STARTED,,NOT_RUN,PRE_CROP_RANGE_FROZEN_V1
32,BIO26-L32,أحياء 4,التراكيب الخلوية,143,143,142,1,39,TAH-BIO-BIO26-L32-Q039,BIO26-PDF143-L32-S1-Q039,النواة والرايبوسومات والهيكل الخلوي والأهداب والأسواط,BIO26-M20,التراكيب الخلوية والغشاء والنقل,BIO26-S20-03,النواة والرايبوسومات والهيكل الخلوي والأهداب والأسواط,تجميعات الأحياء 2026 — مفتاح الإجابة في PDF p.143,B,1,NOT_STARTED,,NOT_RUN,PRE_CROP_RANGE_FROZEN_V1
32,BIO26-L32,أحياء 4,التراكيب الخلوية,143,143,142,1,40,TAH-BIO-BIO26-L32-Q040,BIO26-PDF143-L32-S1-Q040,النواة والرايبوسومات والهيكل الخلوي والأهداب والأسواط,BIO26-M20,التراكيب الخلوية والغشاء والنقل,BIO26-S20-03,النواة والرايبوسومات والهيكل الخلوي والأهداب والأسواط,تجميعات الأحياء 2026 — مفتاح الإجابة في PDF p.143,A,0,NOT_STARTED,,NOT_RUN,PRE_CROP_RANGE_FROZEN_V1
32,BIO26-L32,أحياء 4,التراكيب الخلوية,143,143,142,1,41,TAH-BIO-BIO26-L32-Q041,BIO26-PDF143-L32-S1-Q041,النواة والرايبوسومات والهيكل الخلوي والأهداب والأسواط,BIO26-M20,التراكيب الخلوية والغشاء والنقل,BIO26-S20-03,النواة والرايبوسومات والهيكل الخلوي والأهداب والأسواط,تجميعات الأحياء 2026 — مفتاح الإجابة في PDF p.143,C,2,NOT_STARTED,,NOT_RUN,PRE_CROP_RANGE_FROZEN_V1
32,BIO26-L32,أحياء 4,التراكيب الخلوية,143,143,142,1,42,TAH-BIO-BIO26-L32-Q042,BIO26-PDF143-L32-S1-Q042,النواة والرايبوسومات والهيكل الخلوي والأهداب والأسواط,BIO26-M20,التراكيب الخلوية والغشاء والنقل,BIO26-S20-03,النواة والرايبوسومات والهيكل الخلوي والأهداب والأسواط,تجميعات الأحياء 2026 — مفتاح الإجابة في PDF p.143,B,1,NOT_STARTED,,NOT_RUN,PRE_CROP_RANGE_FROZEN_V1
32,BIO26-L32,أحياء 4,التراكيب الخلوية,143,143,142,1,43,TAH-BIO-BIO26-L32-Q043,BIO26-PDF143-L32-S1-Q043,النواة والرايبوسومات والهيكل الخلوي والأهداب والأسواط,BIO26-M20,التراكيب الخلوية والغشاء والنقل,BIO26-S20-03,النواة والرايبوسومات والهيكل الخلوي والأهداب والأسواط,تجميعات الأحياء 2026 — مفتاح الإجابة في PDF p.143,A,0,NOT_STARTED,,NOT_RUN,PRE_CROP_RANGE_FROZEN_V1
32,BIO26-L32,أحياء 4,التراكيب الخلوية,143,143,142,1,44,TAH-BIO-BIO26-L32-Q044,BIO26-PDF143-L32-S1-Q044,النواة والرايبوسومات والهيكل الخلوي والأهداب والأسواط,BIO26-M20,التراكيب الخلوية والغشاء والنقل,BIO26-S20-03,النواة والرايبوسومات والهيكل الخلوي والأهداب والأسواط,تجميعات الأحياء 2026 — مفتاح الإجابة في PDF p.143,C,2,NOT_STARTED,,NOT_RUN,PRE_CROP_RANGE_FROZEN_V1
32,BIO26-L32,أحياء 4,التراكيب الخلوية,143,143,142,1,45,TAH-BIO-BIO26-L32-Q045,BIO26-PDF143-L32-S1-Q045,النواة والرايبوسومات والهيكل الخلوي والأهداب والأسواط,BIO26-M20,التراكيب الخلوية والغشاء والنقل,BIO26-S20-03,النواة والرايبوسومات والهيكل الخلوي والأهداب والأسواط,تجميعات الأحياء 2026 — مفتاح الإجابة في PDF p.143,B,1,NOT_STARTED,,NOT_RUN,PRE_CROP_RANGE_FROZEN_V1
32,BIO26-L32,أحياء 4,التراكيب الخلوية,143,143,142,1,46,TAH-BIO-BIO26-L32-Q046,BIO26-PDF143-L32-S1-Q046,العضيات الغشائية ووظائفها وتصنيع ونقل المواد,BIO26-M20,التراكيب الخلوية والغشاء والنقل,BIO26-S20-02,العضيات الغشائية ووظائفها وتصنيع ونقل المواد,تجميعات الأحياء 2026 — مفتاح الإجابة في PDF p.143,C,2,NOT_STARTED,,NOT_RUN,PRE_CROP_RANGE_FROZEN_V1
32,BIO26-L32,أحياء 4,التراكيب الخلوية,143,143,142,1,47,TAH-BIO-BIO26-L32-Q047,BIO26-PDF143-L32-S1-Q047,العضيات الغشائية ووظائفها وتصنيع ونقل المواد,BIO26-M20,التراكيب الخلوية والغشاء والنقل,BIO26-S20-02,العضيات الغشائية ووظائفها وتصنيع ونقل المواد,تجميعات الأحياء 2026 — مفتاح الإجابة في PDF p.143,D,3,NOT_STARTED,,NOT_RUN,PRE_CROP_RANGE_FROZEN_V1
32,BIO26-L32,أحياء 4,التراكيب الخلوية,143,143,142,1,48,TAH-BIO-BIO26-L32-Q048,BIO26-PDF143-L32-S1-Q048,العضيات الغشائية ووظائفها وتصنيع ونقل المواد,BIO26-M20,التراكيب الخلوية والغشاء والنقل,BIO26-S20-02,العضيات الغشائية ووظائفها وتصنيع ونقل المواد,تجميعات الأحياء 2026 — مفتاح الإجابة في PDF p.143,C,2,NOT_STARTED,,NOT_RUN,PRE_CROP_RANGE_FROZEN_V1
32,BIO26-L32,أحياء 4,التراكيب الخلوية,143,143,142,1,49,TAH-BIO-BIO26-L32-Q049,BIO26-PDF143-L32-S1-Q049,العضيات الغشائية ووظائفها وتصنيع ونقل المواد,BIO26-M20,التراكيب الخلوية والغشاء والنقل,BIO26-S20-02,العضيات الغشائية ووظائفها وتصنيع ونقل المواد,تجميعات الأحياء 2026 — مفتاح الإجابة في PDF p.143,A,0,NOT_STARTED,,NOT_RUN,PRE_CROP_RANGE_FROZEN_V1
32,BIO26-L32,أحياء 4,التراكيب الخلوية,144,144,143,1,50,TAH-BIO-BIO26-L32-Q050,BIO26-PDF144-L32-S1-Q050,العضيات الغشائية ووظائفها وتصنيع ونقل المواد,BIO26-M20,التراكيب الخلوية والغشاء والنقل,BIO26-S20-02,العضيات الغشائية ووظائفها وتصنيع ونقل المواد,تجميعات الأحياء 2026 — مفتاح الإجابة في PDF p.144,A,0,NOT_STARTED,,NOT_RUN,PRE_CROP_RANGE_FROZEN_V1
32,BIO26-L32,أحياء 4,التراكيب الخلوية,144,144,143,1,51,TAH-BIO-BIO26-L32-Q051,BIO26-PDF144-L32-S1-Q051,العضيات الغشائية ووظائفها وتصنيع ونقل المواد,BIO26-M20,التراكيب الخلوية والغشاء والنقل,BIO26-S20-02,العضيات الغشائية ووظائفها وتصنيع ونقل المواد,تجميعات الأحياء 2026 — مفتاح الإجابة في PDF p.144,A,0,NOT_STARTED,,NOT_RUN,PRE_CROP_RANGE_FROZEN_V1
32,BIO26-L32,أحياء 4,التراكيب الخلوية,144,144,143,1,52,TAH-BIO-BIO26-L32-Q052,BIO26-PDF144-L32-S1-Q052,العضيات الغشائية ووظائفها وتصنيع ونقل المواد,BIO26-M20,التراكيب الخلوية والغشاء والنقل,BIO26-S20-02,العضيات الغشائية ووظائفها وتصنيع ونقل المواد,تجميعات الأحياء 2026 — مفتاح الإجابة في PDF p.144,A,0,NOT_STARTED,,NOT_RUN,PRE_CROP_RANGE_FROZEN_V1
32,BIO26-L32,أحياء 4,التراكيب الخلوية,144,144,143,1,53,TAH-BIO-BIO26-L32-Q053,BIO26-PDF144-L32-S1-Q053,العضيات الغشائية ووظائفها وتصنيع ونقل المواد,BIO26-M20,التراكيب الخلوية والغشاء والنقل,BIO26-S20-02,العضيات الغشائية ووظائفها وتصنيع ونقل المواد,تجميعات الأحياء 2026 — مفتاح الإجابة في PDF p.144,B,1,NOT_STARTED,,NOT_RUN,PRE_CROP_RANGE_FROZEN_V1
32,BIO26-L32,أحياء 4,التراكيب الخلوية,144,144,143,1,54,TAH-BIO-BIO26-L32-Q054,BIO26-PDF144-L32-S1-Q054,العضيات الغشائية ووظائفها وتصنيع ونقل المواد,BIO26-M20,التراكيب الخلوية والغشاء والنقل,BIO26-S20-02,العضيات الغشائية ووظائفها وتصنيع ونقل المواد,تجميعات الأحياء 2026 — مفتاح الإجابة في PDF p.144,D,3,NOT_STARTED,,NOT_RUN,PRE_CROP_RANGE_FROZEN_V1
32,BIO26-L32,أحياء 4,التراكيب الخلوية,144,144,143,1,55,TAH-BIO-BIO26-L32-Q055,BIO26-PDF144-L32-S1-Q055,العضيات الغشائية ووظائفها وتصنيع ونقل المواد,BIO26-M20,التراكيب الخلوية والغشاء والنقل,BIO26-S20-02,العضيات الغشائية ووظائفها وتصنيع ونقل المواد,تجميعات الأحياء 2026 — مفتاح الإجابة في PDF p.144,A,0,NOT_STARTED,,NOT_RUN,PRE_CROP_RANGE_FROZEN_V1
32,BIO26-L32,أحياء 4,التراكيب الخلوية,144,144,143,1,56,TAH-BIO-BIO26-L32-Q056,BIO26-PDF144-L32-S1-Q056,العضيات الغشائية ووظائفها وتصنيع ونقل المواد,BIO26-M20,التراكيب الخلوية والغشاء والنقل,BIO26-S20-02,العضيات الغشائية ووظائفها وتصنيع ونقل المواد,تجميعات الأحياء 2026 — مفتاح الإجابة في PDF p.144,D,3,NOT_STARTED,,NOT_RUN,PRE_CROP_RANGE_FROZEN_V1
32,BIO26-L32,أحياء 4,التراكيب الخلوية,144,144,143,1,57,TAH-BIO-BIO26-L32-Q057,BIO26-PDF144-L32-S1-Q057,العضيات الغشائية ووظائفها وتصنيع ونقل المواد,BIO26-M20,التراكيب الخلوية والغشاء والنقل,BIO26-S20-02,العضيات الغشائية ووظائفها وتصنيع ونقل المواد,تجميعات الأحياء 2026 — مفتاح الإجابة في PDF p.144,B,1,NOT_STARTED,,NOT_RUN,PRE_CROP_RANGE_FROZEN_V1
32,BIO26-L32,أحياء 4,التراكيب الخلوية,144,144,143,1,58,TAH-BIO-BIO26-L32-Q058,BIO26-PDF144-L32-S1-Q058,العضيات الغشائية ووظائفها وتصنيع ونقل المواد,BIO26-M20,التراكيب الخلوية والغشاء والنقل,BIO26-S20-02,العضيات الغشائية ووظائفها وتصنيع ونقل المواد,تجميعات الأحياء 2026 — مفتاح الإجابة في PDF p.144,B,1,NOT_STARTED,,NOT_RUN,PRE_CROP_RANGE_FROZEN_V1
32,BIO26-L32,أحياء 4,التراكيب الخلوية,144,144,143,1,59,TAH-BIO-BIO26-L32-Q059,BIO26-PDF144-L32-S1-Q059,العضيات الغشائية ووظائفها وتصنيع ونقل المواد,BIO26-M20,التراكيب الخلوية والغشاء والنقل,BIO26-S20-02,العضيات الغشائية ووظائفها وتصنيع ونقل المواد,تجميعات الأحياء 2026 — مفتاح الإجابة في PDF p.144,C,2,NOT_STARTED,,NOT_RUN,PRE_CROP_RANGE_FROZEN_V1
32,BIO26-L32,أحياء 4,التراكيب الخلوية,145,145,144,1,60,TAH-BIO-BIO26-L32-Q060,BIO26-PDF145-L32-S1-Q060,العضيات الغشائية ووظائفها وتصنيع ونقل المواد,BIO26-M20,التراكيب الخلوية والغشاء والنقل,BIO26-S20-02,العضيات الغشائية ووظائفها وتصنيع ونقل المواد,تجميعات الأحياء 2026 — مفتاح الإجابة في PDF p.145,D,3,NOT_STARTED,,NOT_RUN,PRE_CROP_RANGE_FROZEN_V1
32,BIO26-L32,أحياء 4,التراكيب الخلوية,145,145,144,1,61,TAH-BIO-BIO26-L32-Q061,BIO26-PDF145-L32-S1-Q061,العضيات الغشائية ووظائفها وتصنيع ونقل المواد,BIO26-M20,التراكيب الخلوية والغشاء والنقل,BIO26-S20-02,العضيات الغشائية ووظائفها وتصنيع ونقل المواد,تجميعات الأحياء 2026 — مفتاح الإجابة في PDF p.145,C,2,NOT_STARTED,,NOT_RUN,PRE_CROP_RANGE_FROZEN_V1
32,BIO26-L32,أحياء 4,التراكيب الخلوية,145,145,144,1,62,TAH-BIO-BIO26-L32-Q062,BIO26-PDF145-L32-S1-Q062,العضيات الغشائية ووظائفها وتصنيع ونقل المواد,BIO26-M20,التراكيب الخلوية والغشاء والنقل,BIO26-S20-02,العضيات الغشائية ووظائفها وتصنيع ونقل المواد,تجميعات الأحياء 2026 — مفتاح الإجابة في PDF p.145,D,3,NOT_STARTED,,NOT_RUN,PRE_CROP_RANGE_FROZEN_V1
32,BIO26-L32,أحياء 4,التراكيب الخلوية,145,145,144,1,63,TAH-BIO-BIO26-L32-Q063,BIO26-PDF145-L32-S1-Q063,العضيات الغشائية ووظائفها وتصنيع ونقل المواد,BIO26-M20,التراكيب الخلوية والغشاء والنقل,BIO26-S20-02,العضيات الغشائية ووظائفها وتصنيع ونقل المواد,تجميعات الأحياء 2026 — مفتاح الإجابة في PDF p.145,B,1,NOT_STARTED,,NOT_RUN,PRE_CROP_RANGE_FROZEN_V1
32,BIO26-L32,أحياء 4,التراكيب الخلوية,145,145,144,1,64,TAH-BIO-BIO26-L32-Q064,BIO26-PDF145-L32-S1-Q064,العضيات الغشائية ووظائفها وتصنيع ونقل المواد,BIO26-M20,التراكيب الخلوية والغشاء والنقل,BIO26-S20-02,العضيات الغشائية ووظائفها وتصنيع ونقل المواد,تجميعات الأحياء 2026 — مفتاح الإجابة في PDF p.145,A,0,NOT_STARTED,,NOT_RUN,PRE_CROP_RANGE_FROZEN_V1
32,BIO26-L32,أحياء 4,التراكيب الخلوية,145,145,144,1,65,TAH-BIO-BIO26-L32-Q065,BIO26-PDF145-L32-S1-Q065,العضيات الغشائية ووظائفها وتصنيع ونقل المواد,BIO26-M20,التراكيب الخلوية والغشاء والنقل,BIO26-S20-02,العضيات الغشائية ووظائفها وتصنيع ونقل المواد,تجميعات الأحياء 2026 — مفتاح الإجابة في PDF p.145,C,2,NOT_STARTED,,NOT_RUN,PRE_CROP_RANGE_FROZEN_V1
32,BIO26-L32,أحياء 4,التراكيب الخلوية,145,145,144,1,66,TAH-BIO-BIO26-L32-Q066,BIO26-PDF145-L32-S1-Q066,العضيات الغشائية ووظائفها وتصنيع ونقل المواد,BIO26-M20,التراكيب الخلوية والغشاء والنقل,BIO26-S20-02,العضيات الغشائية ووظائفها وتصنيع ونقل المواد,تجميعات الأحياء 2026 — مفتاح الإجابة في PDF p.145,B,1,NOT_STARTED,,NOT_RUN,PRE_CROP_RANGE_FROZEN_V1
32,BIO26-L32,أحياء 4,التراكيب الخلوية,145,145,144,1,67,TAH-BIO-BIO26-L32-Q067,BIO26-PDF145-L32-S1-Q067,العضيات الغشائية ووظائفها وتصنيع ونقل المواد,BIO26-M20,التراكيب الخلوية والغشاء والنقل,BIO26-S20-02,العضيات الغشائية ووظائفها وتصنيع ونقل المواد,تجميعات الأحياء 2026 — مفتاح الإجابة في PDF p.145,B,1,NOT_STARTED,,NOT_RUN,PRE_CROP_RANGE_FROZEN_V1
32,BIO26-L32,أحياء 4,التراكيب الخلوية,145,145,144,1,68,TAH-BIO-BIO26-L32-Q068,BIO26-PDF145-L32-S1-Q068,العضيات الغشائية ووظائفها وتصنيع ونقل المواد,BIO26-M20,التراكيب الخلوية والغشاء والنقل,BIO26-S20-02,العضيات الغشائية ووظائفها وتصنيع ونقل المواد,تجميعات الأحياء 2026 — مفتاح الإجابة في PDF p.145,A,0,NOT_STARTED,,NOT_RUN,PRE_CROP_RANGE_FROZEN_V1
32,BIO26-L32,أحياء 4,التراكيب الخلوية,145,145,144,1,69,TAH-BIO-BIO26-L32-Q069,BIO26-PDF145-L32-S1-Q069,العضيات الغشائية ووظائفها وتصنيع ونقل المواد,BIO26-M20,التراكيب الخلوية والغشاء والنقل,BIO26-S20-02,العضيات الغشائية ووظائفها وتصنيع ونقل المواد,تجميعات الأحياء 2026 — مفتاح الإجابة في PDF p.145,B,1,NOT_STARTED,,NOT_RUN,PRE_CROP_RANGE_FROZEN_V1
32,BIO26-L32,أحياء 4,التراكيب الخلوية,146,146,145,1,70,TAH-BIO-BIO26-L32-Q070,BIO26-PDF146-L32-S1-Q070,العضيات الغشائية ووظائفها وتصنيع ونقل المواد,BIO26-M20,التراكيب الخلوية والغشاء والنقل,BIO26-S20-02,العضيات الغشائية ووظائفها وتصنيع ونقل المواد,تجميعات الأحياء 2026 — مفتاح الإجابة في PDF p.146,B,1,NOT_STARTED,,NOT_RUN,PRE_CROP_RANGE_FROZEN_V1
32,BIO26-L32,أحياء 4,التراكيب الخلوية,146,146,145,1,71,TAH-BIO-BIO26-L32-Q071,BIO26-PDF146-L32-S1-Q071,العضيات الغشائية ووظائفها وتصنيع ونقل المواد,BIO26-M20,التراكيب الخلوية والغشاء والنقل,BIO26-S20-02,العضيات الغشائية ووظائفها وتصنيع ونقل المواد,تجميعات الأحياء 2026 — مفتاح الإجابة في PDF p.146,D,3,NOT_STARTED,,NOT_RUN,PRE_CROP_RANGE_FROZEN_V1
32,BIO26-L32,أحياء 4,التراكيب الخلوية,146,146,145,1,72,TAH-BIO-BIO26-L32-Q072,BIO26-PDF146-L32-S1-Q072,العضيات الغشائية ووظائفها وتصنيع ونقل المواد,BIO26-M20,التراكيب الخلوية والغشاء والنقل,BIO26-S20-02,العضيات الغشائية ووظائفها وتصنيع ونقل المواد,تجميعات الأحياء 2026 — مفتاح الإجابة في PDF p.146,A,0,NOT_STARTED,,NOT_RUN,PRE_CROP_RANGE_FROZEN_V1
32,BIO26-L32,أحياء 4,التراكيب الخلوية,146,146,145,1,73,TAH-BIO-BIO26-L32-Q073,BIO26-PDF146-L32-S1-Q073,العضيات الغشائية ووظائفها وتصنيع ونقل المواد,BIO26-M20,التراكيب الخلوية والغشاء والنقل,BIO26-S20-02,العضيات الغشائية ووظائفها وتصنيع ونقل المواد,تجميعات الأحياء 2026 — مفتاح الإجابة في PDF p.146,A,0,NOT_STARTED,,NOT_RUN,PRE_CROP_RANGE_FROZEN_V1
32,BIO26-L32,أحياء 4,التراكيب الخلوية,146,146,145,1,74,TAH-BIO-BIO26-L32-Q074,BIO26-PDF146-L32-S1-Q074,العضيات الغشائية ووظائفها وتصنيع ونقل المواد,BIO26-M20,التراكيب الخلوية والغشاء والنقل,BIO26-S20-02,العضيات الغشائية ووظائفها وتصنيع ونقل المواد,تجميعات الأحياء 2026 — مفتاح الإجابة في PDF p.146,C,2,NOT_STARTED,,NOT_RUN,PRE_CROP_RANGE_FROZEN_V1
32,BIO26-L32,أحياء 4,التراكيب الخلوية,146,146,145,1,75,TAH-BIO-BIO26-L32-Q075,BIO26-PDF146-L32-S1-Q075,العضيات الغشائية ووظائفها وتصنيع ونقل المواد,BIO26-M20,التراكيب الخلوية والغشاء والنقل,BIO26-S20-02,العضيات الغشائية ووظائفها وتصنيع ونقل المواد,تجميعات الأحياء 2026 — مفتاح الإجابة في PDF p.146,B,1,NOT_STARTED,,NOT_RUN,PRE_CROP_RANGE_FROZEN_V1
32,BIO26-L32,أحياء 4,التراكيب الخلوية,146,146,145,1,76,TAH-BIO-BIO26-L32-Q076,BIO26-PDF146-L32-S1-Q076,العضيات الغشائية ووظائفها وتصنيع ونقل المواد,BIO26-M20,التراكيب الخلوية والغشاء والنقل,BIO26-S20-02,العضيات الغشائية ووظائفها وتصنيع ونقل المواد,تجميعات الأحياء 2026 — مفتاح الإجابة في PDF p.146,B,1,NOT_STARTED,,NOT_RUN,PRE_CROP_RANGE_FROZEN_V1
32,BIO26-L32,أحياء 4,التراكيب الخلوية,146,146,145,1,77,TAH-BIO-BIO26-L32-Q077,BIO26-PDF146-L32-S1-Q077,العضيات الغشائية ووظائفها وتصنيع ونقل المواد,BIO26-M20,التراكيب الخلوية والغشاء والنقل,BIO26-S20-02,العضيات الغشائية ووظائفها وتصنيع ونقل المواد,تجميعات الأحياء 2026 — مفتاح الإجابة في PDF p.146,A,0,NOT_STARTED,,NOT_RUN,PRE_CROP_RANGE_FROZEN_V1
32,BIO26-L32,أحياء 4,التراكيب الخلوية,146,146,145,1,78,TAH-BIO-BIO26-L32-Q078,BIO26-PDF146-L32-S1-Q078,العضيات الغشائية ووظائفها وتصنيع ونقل المواد,BIO26-M20,التراكيب الخلوية والغشاء والنقل,BIO26-S20-02,العضيات الغشائية ووظائفها وتصنيع ونقل المواد,تجميعات الأحياء 2026 — مفتاح الإجابة في PDF p.146,D,3,NOT_STARTED,,NOT_RUN,PRE_CROP_RANGE_FROZEN_V1
32,BIO26-L32,أحياء 4,التراكيب الخلوية,146,146,145,1,79,TAH-BIO-BIO26-L32-Q079,BIO26-PDF146-L32-S1-Q079,العضيات الغشائية ووظائفها وتصنيع ونقل المواد,BIO26-M20,التراكيب الخلوية والغشاء والنقل,BIO26-S20-02,العضيات الغشائية ووظائفها وتصنيع ونقل المواد,تجميعات الأحياء 2026 — مفتاح الإجابة في PDF p.146,C,2,NOT_STARTED,,NOT_RUN,PRE_CROP_RANGE_FROZEN_V1
32,BIO26-L32,أحياء 4,التراكيب الخلوية,147,147,146,2,80,TAH-BIO-BIO26-L32-Q080,BIO26-PDF147-L32-S2-Q080,بدائية وحقيقية النوى ومقارنة الخلية النباتية والحيوانية,BIO26-M20,التراكيب الخلوية والغشاء والنقل,BIO26-S20-01,بدائية وحقيقية النوى ومقارنة الخلية النباتية والحيوانية,تجميعات الأحياء 2026 — مفتاح الإجابة في PDF p.147,C,2,NOT_STARTED,,NOT_RUN,PRE_CROP_RANGE_FROZEN_V1
32,BIO26-L32,أحياء 4,التراكيب الخلوية,147,147,146,2,81,TAH-BIO-BIO26-L32-Q081,BIO26-PDF147-L32-S2-Q081,بدائية وحقيقية النوى ومقارنة الخلية النباتية والحيوانية,BIO26-M20,التراكيب الخلوية والغشاء والنقل,BIO26-S20-01,بدائية وحقيقية النوى ومقارنة الخلية النباتية والحيوانية,تجميعات الأحياء 2026 — مفتاح الإجابة في PDF p.147,A,0,NOT_STARTED,,NOT_RUN,PRE_CROP_RANGE_FROZEN_V1
32,BIO26-L32,أحياء 4,التراكيب الخلوية,147,147,146,2,82,TAH-BIO-BIO26-L32-Q082,BIO26-PDF147-L32-S2-Q082,بدائية وحقيقية النوى ومقارنة الخلية النباتية والحيوانية,BIO26-M20,التراكيب الخلوية والغشاء والنقل,BIO26-S20-01,بدائية وحقيقية النوى ومقارنة الخلية النباتية والحيوانية,تجميعات الأحياء 2026 — مفتاح الإجابة في PDF p.147,B,1,NOT_STARTED,,NOT_RUN,PRE_CROP_RANGE_FROZEN_V1
32,BIO26-L32,أحياء 4,التراكيب الخلوية,147,147,146,2,83,TAH-BIO-BIO26-L32-Q083,BIO26-PDF147-L32-S2-Q083,بدائية وحقيقية النوى ومقارنة الخلية النباتية والحيوانية,BIO26-M20,التراكيب الخلوية والغشاء والنقل,BIO26-S20-01,بدائية وحقيقية النوى ومقارنة الخلية النباتية والحيوانية,تجميعات الأحياء 2026 — مفتاح الإجابة في PDF p.147,C,2,NOT_STARTED,,NOT_RUN,PRE_CROP_RANGE_FROZEN_V1
32,BIO26-L32,أحياء 4,التراكيب الخلوية,147,147,146,2,84,TAH-BIO-BIO26-L32-Q084,BIO26-PDF147-L32-S2-Q084,بدائية وحقيقية النوى ومقارنة الخلية النباتية والحيوانية,BIO26-M20,التراكيب الخلوية والغشاء والنقل,BIO26-S20-01,بدائية وحقيقية النوى ومقارنة الخلية النباتية والحيوانية,تجميعات الأحياء 2026 — مفتاح الإجابة في PDF p.147,C,2,NOT_STARTED,,NOT_RUN,PRE_CROP_RANGE_FROZEN_V1
32,BIO26-L32,أحياء 4,التراكيب الخلوية,147,147,146,2,85,TAH-BIO-BIO26-L32-Q085,BIO26-PDF147-L32-S2-Q085,بدائية وحقيقية النوى ومقارنة الخلية النباتية والحيوانية,BIO26-M20,التراكيب الخلوية والغشاء والنقل,BIO26-S20-01,بدائية وحقيقية النوى ومقارنة الخلية النباتية والحيوانية,تجميعات الأحياء 2026 — مفتاح الإجابة في PDF p.147,B,1,NOT_STARTED,,NOT_RUN,PRE_CROP_RANGE_FROZEN_V1
32,BIO26-L32,أحياء 4,التراكيب الخلوية,147,147,146,2,86,TAH-BIO-BIO26-L32-Q086,BIO26-PDF147-L32-S2-Q086,بدائية وحقيقية النوى ومقارنة الخلية النباتية والحيوانية,BIO26-M20,التراكيب الخلوية والغشاء والنقل,BIO26-S20-01,بدائية وحقيقية النوى ومقارنة الخلية النباتية والحيوانية,تجميعات الأحياء 2026 — مفتاح الإجابة في PDF p.147,B,1,NOT_STARTED,,NOT_RUN,PRE_CROP_RANGE_FROZEN_V1
32,BIO26-L32,أحياء 4,التراكيب الخلوية,147,147,146,2,87,TAH-BIO-BIO26-L32-Q087,BIO26-PDF147-L32-S2-Q087,بدائية وحقيقية النوى ومقارنة الخلية النباتية والحيوانية,BIO26-M20,التراكيب الخلوية والغشاء والنقل,BIO26-S20-01,بدائية وحقيقية النوى ومقارنة الخلية النباتية والحيوانية,تجميعات الأحياء 2026 — مفتاح الإجابة في PDF p.147,B,1,NOT_STARTED,,NOT_RUN,PRE_CROP_RANGE_FROZEN_V1
32,BIO26-L32,أحياء 4,التراكيب الخلوية,147,147,146,2,88,TAH-BIO-BIO26-L32-Q088,BIO26-PDF147-L32-S2-Q088,بدائية وحقيقية النوى ومقارنة الخلية النباتية والحيوانية,BIO26-M20,التراكيب الخلوية والغشاء والنقل,BIO26-S20-01,بدائية وحقيقية النوى ومقارنة الخلية النباتية والحيوانية,تجميعات الأحياء 2026 — مفتاح الإجابة في PDF p.147,A,0,NOT_STARTED,,NOT_RUN,PRE_CROP_RANGE_FROZEN_V1
32,BIO26-L32,أحياء 4,التراكيب الخلوية,147,147,146,2,89,TAH-BIO-BIO26-L32-Q089,BIO26-PDF147-L32-S2-Q089,بدائية وحقيقية النوى ومقارنة الخلية النباتية والحيوانية,BIO26-M20,التراكيب الخلوية والغشاء والنقل,BIO26-S20-01,بدائية وحقيقية النوى ومقارنة الخلية النباتية والحيوانية,تجميعات الأحياء 2026 — مفتاح الإجابة في PDF p.147,D,3,NOT_STARTED,,NOT_RUN,PRE_CROP_RANGE_FROZEN_V1
32,BIO26-L32,أحياء 4,التراكيب الخلوية,147,147,146,2,90,TAH-BIO-BIO26-L32-Q090,BIO26-PDF147-L32-S2-Q090,العضيات الغشائية ووظائفها وتصنيع ونقل المواد,BIO26-M20,التراكيب الخلوية والغشاء والنقل,BIO26-S20-02,العضيات الغشائية ووظائفها وتصنيع ونقل المواد,تجميعات الأحياء 2026 — مفتاح الإجابة في PDF p.147,B,1,NOT_STARTED,,NOT_RUN,PRE_CROP_RANGE_FROZEN_V1
32,BIO26-L32,أحياء 4,التراكيب الخلوية,147,147,146,2,91,TAH-BIO-BIO26-L32-Q091,BIO26-PDF147-L32-S2-Q091,العضيات الغشائية ووظائفها وتصنيع ونقل المواد,BIO26-M20,التراكيب الخلوية والغشاء والنقل,BIO26-S20-02,العضيات الغشائية ووظائفها وتصنيع ونقل المواد,تجميعات الأحياء 2026 — مفتاح الإجابة في PDF p.147,A,0,NOT_STARTED,,NOT_RUN,PRE_CROP_RANGE_FROZEN_V1
32,BIO26-L32,أحياء 4,التراكيب الخلوية,147,147,146,2,92,TAH-BIO-BIO26-L32-Q092,BIO26-PDF147-L32-S2-Q092,العضيات الغشائية ووظائفها وتصنيع ونقل المواد,BIO26-M20,التراكيب الخلوية والغشاء والنقل,BIO26-S20-02,العضيات الغشائية ووظائفها وتصنيع ونقل المواد,تجميعات الأحياء 2026 — مفتاح الإجابة في PDF p.147,D,3,NOT_STARTED,,NOT_RUN,PRE_CROP_RANGE_FROZEN_V1
32,BIO26-L32,أحياء 4,التراكيب الخلوية,147,147,146,2,93,TAH-BIO-BIO26-L32-Q093,BIO26-PDF147-L32-S2-Q093,العضيات الغشائية ووظائفها وتصنيع ونقل المواد,BIO26-M20,التراكيب الخلوية والغشاء والنقل,BIO26-S20-02,العضيات الغشائية ووظائفها وتصنيع ونقل المواد,تجميعات الأحياء 2026 — مفتاح الإجابة في PDF p.147,A,0,NOT_STARTED,,NOT_RUN,PRE_CROP_RANGE_FROZEN_V1
32,BIO26-L32,أحياء 4,التراكيب الخلوية,147,147,146,2,94,TAH-BIO-BIO26-L32-Q094,BIO26-PDF147-L32-S2-Q094,العضيات الغشائية ووظائفها وتصنيع ونقل المواد,BIO26-M20,التراكيب الخلوية والغشاء والنقل,BIO26-S20-02,العضيات الغشائية ووظائفها وتصنيع ونقل المواد,تجميعات الأحياء 2026 — مفتاح الإجابة في PDF p.147,C,2,NOT_STARTED,,NOT_RUN,PRE_CROP_RANGE_FROZEN_V1
32,BIO26-L32,أحياء 4,التراكيب الخلوية,147,147,146,2,95,TAH-BIO-BIO26-L32-Q095,BIO26-PDF147-L32-S2-Q095,العضيات الغشائية ووظائفها وتصنيع ونقل المواد,BIO26-M20,التراكيب الخلوية والغشاء والنقل,BIO26-S20-02,العضيات الغشائية ووظائفها وتصنيع ونقل المواد,تجميعات الأحياء 2026 — مفتاح الإجابة في PDF p.147,A,0,NOT_STARTED,,NOT_RUN,PRE_CROP_RANGE_FROZEN_V1
32,BIO26-L32,أحياء 4,التراكيب الخلوية,147,147,146,2,96,TAH-BIO-BIO26-L32-Q096,BIO26-PDF147-L32-S2-Q096,النواة والرايبوسومات والهيكل الخلوي والأهداب والأسواط,BIO26-M20,التراكيب الخلوية والغشاء والنقل,BIO26-S20-03,النواة والرايبوسومات والهيكل الخلوي والأهداب والأسواط,تجميعات الأحياء 2026 — مفتاح الإجابة في PDF p.147,B,1,NOT_STARTED,,NOT_RUN,PRE_CROP_RANGE_FROZEN_V1
32,BIO26-L32,أحياء 4,التراكيب الخلوية,148,148,147,2,97,TAH-BIO-BIO26-L32-Q097,BIO26-PDF148-L32-S2-Q097,النواة والرايبوسومات والهيكل الخلوي والأهداب والأسواط,BIO26-M20,التراكيب الخلوية والغشاء والنقل,BIO26-S20-03,النواة والرايبوسومات والهيكل الخلوي والأهداب والأسواط,تجميعات الأحياء 2026 — مفتاح الإجابة في PDF p.148,B,1,NOT_STARTED,,NOT_RUN,PRE_CROP_RANGE_FROZEN_V1
32,BIO26-L32,أحياء 4,التراكيب الخلوية,148,148,147,2,98,TAH-BIO-BIO26-L32-Q098,BIO26-PDF148-L32-S2-Q098,النواة والرايبوسومات والهيكل الخلوي والأهداب والأسواط,BIO26-M20,التراكيب الخلوية والغشاء والنقل,BIO26-S20-03,النواة والرايبوسومات والهيكل الخلوي والأهداب والأسواط,تجميعات الأحياء 2026 — مفتاح الإجابة في PDF p.148,C,2,NOT_STARTED,,NOT_RUN,PRE_CROP_RANGE_FROZEN_V1
32,BIO26-L32,أحياء 4,التراكيب الخلوية,148,148,147,2,99,TAH-BIO-BIO26-L32-Q099,BIO26-PDF148-L32-S2-Q099,النواة والرايبوسومات والهيكل الخلوي والأهداب والأسواط,BIO26-M20,التراكيب الخلوية والغشاء والنقل,BIO26-S20-03,النواة والرايبوسومات والهيكل الخلوي والأهداب والأسواط,تجميعات الأحياء 2026 — مفتاح الإجابة في PDF p.148,A,0,NOT_STARTED,,NOT_RUN,PRE_CROP_RANGE_FROZEN_V1
32,BIO26-L32,أحياء 4,التراكيب الخلوية,148,148,147,2,100,TAH-BIO-BIO26-L32-Q100,BIO26-PDF148-L32-S2-Q100,الغشاء البلازمي والنقل والانتشار والأسموزية والنقل النشط,BIO26-M20,التراكيب الخلوية والغشاء والنقل,BIO26-S20-04,الغشاء البلازمي والنقل والانتشار والأسموزية والنقل النشط,تجميعات الأحياء 2026 — مفتاح الإجابة في PDF p.148,A,0,NOT_STARTED,,NOT_RUN,PRE_CROP_RANGE_FROZEN_V1
32,BIO26-L32,أحياء 4,التراكيب الخلوية,148,148,147,2,101,TAH-BIO-BIO26-L32-Q101,BIO26-PDF148-L32-S2-Q101,الغشاء البلازمي والنقل والانتشار والأسموزية والنقل النشط,BIO26-M20,التراكيب الخلوية والغشاء والنقل,BIO26-S20-04,الغشاء البلازمي والنقل والانتشار والأسموزية والنقل النشط,تجميعات الأحياء 2026 — مفتاح الإجابة في PDF p.148,A,0,NOT_STARTED,,NOT_RUN,PRE_CROP_RANGE_FROZEN_V1
32,BIO26-L32,أحياء 4,التراكيب الخلوية,148,148,147,2,102,TAH-BIO-BIO26-L32-Q102,BIO26-PDF148-L32-S2-Q102,الغشاء البلازمي والنقل والانتشار والأسموزية والنقل النشط,BIO26-M20,التراكيب الخلوية والغشاء والنقل,BIO26-S20-04,الغشاء البلازمي والنقل والانتشار والأسموزية والنقل النشط,تجميعات الأحياء 2026 — مفتاح الإجابة في PDF p.148,D,3,NOT_STARTED,,NOT_RUN,PRE_CROP_RANGE_FROZEN_V1
32,BIO26-L32,أحياء 4,التراكيب الخلوية,148,148,147,2,103,TAH-BIO-BIO26-L32-Q103,BIO26-PDF148-L32-S2-Q103,الغشاء البلازمي والنقل والانتشار والأسموزية والنقل النشط,BIO26-M20,التراكيب الخلوية والغشاء والنقل,BIO26-S20-04,الغشاء البلازمي والنقل والانتشار والأسموزية والنقل النشط,تجميعات الأحياء 2026 — مفتاح الإجابة في PDF p.148,C,2,NOT_STARTED,,NOT_RUN,PRE_CROP_RANGE_FROZEN_V1
32,BIO26-L32,أحياء 4,التراكيب الخلوية,148,148,147,2,104,TAH-BIO-BIO26-L32-Q104,BIO26-PDF148-L32-S2-Q104,الغشاء البلازمي والنقل والانتشار والأسموزية والنقل النشط,BIO26-M20,التراكيب الخلوية والغشاء والنقل,BIO26-S20-04,الغشاء البلازمي والنقل والانتشار والأسموزية والنقل النشط,تجميعات الأحياء 2026 — مفتاح الإجابة في PDF p.148,B,1,NOT_STARTED,,NOT_RUN,PRE_CROP_RANGE_FROZEN_V1
32,BIO26-L32,أحياء 4,التراكيب الخلوية,148,148,147,2,105,TAH-BIO-BIO26-L32-Q105,BIO26-PDF148-L32-S2-Q105,الغشاء البلازمي والنقل والانتشار والأسموزية والنقل النشط,BIO26-M20,التراكيب الخلوية والغشاء والنقل,BIO26-S20-04,الغشاء البلازمي والنقل والانتشار والأسموزية والنقل النشط,تجميعات الأحياء 2026 — مفتاح الإجابة في PDF p.148,C,2,NOT_STARTED,,NOT_RUN,PRE_CROP_RANGE_FROZEN_V1
32,BIO26-L32,أحياء 4,التراكيب الخلوية,148,148,147,2,106,TAH-BIO-BIO26-L32-Q106,BIO26-PDF148-L32-S2-Q106,النواة والرايبوسومات والهيكل الخلوي والأهداب والأسواط,BIO26-M20,التراكيب الخلوية والغشاء والنقل,BIO26-S20-03,النواة والرايبوسومات والهيكل الخلوي والأهداب والأسواط,تجميعات الأحياء 2026 — مفتاح الإجابة في PDF p.148,D,3,NOT_STARTED,,NOT_RUN,PRE_CROP_RANGE_FROZEN_V1
32,BIO26-L32,أحياء 4,التراكيب الخلوية,148,148,147,2,107,TAH-BIO-BIO26-L32-Q107,BIO26-PDF148-L32-S2-Q107,العضيات الغشائية ووظائفها وتصنيع ونقل المواد,BIO26-M20,التراكيب الخلوية والغشاء والنقل,BIO26-S20-02,العضيات الغشائية ووظائفها وتصنيع ونقل المواد,تجميعات الأحياء 2026 — مفتاح الإجابة في PDF p.148,B,1,NOT_STARTED,,NOT_RUN,PRE_CROP_RANGE_FROZEN_V1
33,BIO26-L33,أحياء 4,كيمياء الخلية,149,149,148,1,1,TAH-BIO-BIO26-L33-Q001,BIO26-PDF149-L33-S1-Q001,الكربوهيدرات والدهون وبنيتها ووظائفها,BIO26-M21,كيمياء الخلية والجزيئات الحيوية,BIO26-S21-01,الكربوهيدرات والدهون وبنيتها ووظائفها,تجميعات الأحياء 2026 — مفتاح الإجابة في PDF p.149,B,1,NOT_STARTED,,NOT_RUN,PRE_CROP_RANGE_FROZEN_V1
33,BIO26-L33,أحياء 4,كيمياء الخلية,149,149,148,1,2,TAH-BIO-BIO26-L33-Q002,BIO26-PDF149-L33-S1-Q002,الكربوهيدرات والدهون وبنيتها ووظائفها,BIO26-M21,كيمياء الخلية والجزيئات الحيوية,BIO26-S21-01,الكربوهيدرات والدهون وبنيتها ووظائفها,تجميعات الأحياء 2026 — مفتاح الإجابة في PDF p.149,C,2,NOT_STARTED,,NOT_RUN,PRE_CROP_RANGE_FROZEN_V1
33,BIO26-L33,أحياء 4,كيمياء الخلية,149,149,148,1,3,TAH-BIO-BIO26-L33-Q003,BIO26-PDF149-L33-S1-Q003,الكربوهيدرات والدهون وبنيتها ووظائفها,BIO26-M21,كيمياء الخلية والجزيئات الحيوية,BIO26-S21-01,الكربوهيدرات والدهون وبنيتها ووظائفها,تجميعات الأحياء 2026 — مفتاح الإجابة في PDF p.149,B,1,NOT_STARTED,,NOT_RUN,PRE_CROP_RANGE_FROZEN_V1
33,BIO26-L33,أحياء 4,كيمياء الخلية,149,149,148,1,4,TAH-BIO-BIO26-L33-Q004,BIO26-PDF149-L33-S1-Q004,الكربوهيدرات والدهون وبنيتها ووظائفها,BIO26-M21,كيمياء الخلية والجزيئات الحيوية,BIO26-S21-01,الكربوهيدرات والدهون وبنيتها ووظائفها,تجميعات الأحياء 2026 — مفتاح الإجابة في PDF p.149,D,3,NOT_STARTED,,NOT_RUN,PRE_CROP_RANGE_FROZEN_V1
33,BIO26-L33,أحياء 4,كيمياء الخلية,149,149,148,1,5,TAH-BIO-BIO26-L33-Q005,BIO26-PDF149-L33-S1-Q005,الكربوهيدرات والدهون وبنيتها ووظائفها,BIO26-M21,كيمياء الخلية والجزيئات الحيوية,BIO26-S21-01,الكربوهيدرات والدهون وبنيتها ووظائفها,تجميعات الأحياء 2026 — مفتاح الإجابة في PDF p.149,D,3,NOT_STARTED,,NOT_RUN,PRE_CROP_RANGE_FROZEN_V1
33,BIO26-L33,أحياء 4,كيمياء الخلية,149,149,148,1,6,TAH-BIO-BIO26-L33-Q006,BIO26-PDF149-L33-S1-Q006,الكربوهيدرات والدهون وبنيتها ووظائفها,BIO26-M21,كيمياء الخلية والجزيئات الحيوية,BIO26-S21-01,الكربوهيدرات والدهون وبنيتها ووظائفها,تجميعات الأحياء 2026 — مفتاح الإجابة في PDF p.149,C,2,NOT_STARTED,,NOT_RUN,PRE_CROP_RANGE_FROZEN_V1
33,BIO26-L33,أحياء 4,كيمياء الخلية,149,149,148,1,7,TAH-BIO-BIO26-L33-Q007,BIO26-PDF149-L33-S1-Q007,الكربوهيدرات والدهون وبنيتها ووظائفها,BIO26-M21,كيمياء الخلية والجزيئات الحيوية,BIO26-S21-01,الكربوهيدرات والدهون وبنيتها ووظائفها,تجميعات الأحياء 2026 — مفتاح الإجابة في PDF p.149,C,2,NOT_STARTED,,NOT_RUN,PRE_CROP_RANGE_FROZEN_V1
33,BIO26-L33,أحياء 4,كيمياء الخلية,149,149,148,1,8,TAH-BIO-BIO26-L33-Q008,BIO26-PDF149-L33-S1-Q008,الكربوهيدرات والدهون وبنيتها ووظائفها,BIO26-M21,كيمياء الخلية والجزيئات الحيوية,BIO26-S21-01,الكربوهيدرات والدهون وبنيتها ووظائفها,تجميعات الأحياء 2026 — مفتاح الإجابة في PDF p.149,C,2,NOT_STARTED,,NOT_RUN,PRE_CROP_RANGE_FROZEN_V1
33,BIO26-L33,أحياء 4,كيمياء الخلية,149,149,148,1,9,TAH-BIO-BIO26-L33-Q009,BIO26-PDF149-L33-S1-Q009,البروتينات والأحماض الأمينية والإنزيمات,BIO26-M21,كيمياء الخلية والجزيئات الحيوية,BIO26-S21-02,البروتينات والأحماض الأمينية والإنزيمات,تجميعات الأحياء 2026 — مفتاح الإجابة في PDF p.149,A,0,NOT_STARTED,,NOT_RUN,PRE_CROP_RANGE_FROZEN_V1
33,BIO26-L33,أحياء 4,كيمياء الخلية,149,149,148,1,10,TAH-BIO-BIO26-L33-Q010,BIO26-PDF149-L33-S1-Q010,البروتينات والأحماض الأمينية والإنزيمات,BIO26-M21,كيمياء الخلية والجزيئات الحيوية,BIO26-S21-02,البروتينات والأحماض الأمينية والإنزيمات,تجميعات الأحياء 2026 — مفتاح الإجابة في PDF p.149,D,3,NOT_STARTED,,NOT_RUN,PRE_CROP_RANGE_FROZEN_V1
33,BIO26-L33,أحياء 4,كيمياء الخلية,149,149,148,1,11,TAH-BIO-BIO26-L33-Q011,BIO26-PDF149-L33-S1-Q011,البروتينات والأحماض الأمينية والإنزيمات,BIO26-M21,كيمياء الخلية والجزيئات الحيوية,BIO26-S21-02,البروتينات والأحماض الأمينية والإنزيمات,تجميعات الأحياء 2026 — مفتاح الإجابة في PDF p.149,C,2,NOT_STARTED,,NOT_RUN,PRE_CROP_RANGE_FROZEN_V1
33,BIO26-L33,أحياء 4,كيمياء الخلية,149,149,148,1,12,TAH-BIO-BIO26-L33-Q012,BIO26-PDF149-L33-S1-Q012,البروتينات والأحماض الأمينية والإنزيمات,BIO26-M21,كيمياء الخلية والجزيئات الحيوية,BIO26-S21-02,البروتينات والأحماض الأمينية والإنزيمات,تجميعات الأحياء 2026 — مفتاح الإجابة في PDF p.149,C,2,NOT_STARTED,,NOT_RUN,PRE_CROP_RANGE_FROZEN_V1
33,BIO26-L33,أحياء 4,كيمياء الخلية,149,149,148,1,13,TAH-BIO-BIO26-L33-Q013,BIO26-PDF149-L33-S1-Q013,البروتينات والأحماض الأمينية والإنزيمات,BIO26-M21,كيمياء الخلية والجزيئات الحيوية,BIO26-S21-02,البروتينات والأحماض الأمينية والإنزيمات,تجميعات الأحياء 2026 — مفتاح الإجابة في PDF p.149,A,0,NOT_STARTED,,NOT_RUN,PRE_CROP_RANGE_FROZEN_V1
33,BIO26-L33,أحياء 4,كيمياء الخلية,149,149,148,1,14,TAH-BIO-BIO26-L33-Q014,BIO26-PDF149-L33-S1-Q014,البروتينات والأحماض الأمينية والإنزيمات,BIO26-M21,كيمياء الخلية والجزيئات الحيوية,BIO26-S21-02,البروتينات والأحماض الأمينية والإنزيمات,تجميعات الأحياء 2026 — مفتاح الإجابة في PDF p.149,B,1,NOT_STARTED,,NOT_RUN,PRE_CROP_RANGE_FROZEN_V1
33,BIO26-L33,أحياء 4,كيمياء الخلية,149,149,148,1,15,TAH-BIO-BIO26-L33-Q015,BIO26-PDF149-L33-S1-Q015,الأحماض النووية والنيوكليوتيدات والجزيئات الحيوية,BIO26-M21,كيمياء الخلية والجزيئات الحيوية,BIO26-S21-03,الأحماض النووية والنيوكليوتيدات والجزيئات الحيوية,تجميعات الأحياء 2026 — مفتاح الإجابة في PDF p.149,B,1,NOT_STARTED,,NOT_RUN,PRE_CROP_RANGE_FROZEN_V1
33,BIO26-L33,أحياء 4,كيمياء الخلية,149,149,148,1,16,TAH-BIO-BIO26-L33-Q016,BIO26-PDF149-L33-S1-Q016,الأحماض النووية والنيوكليوتيدات والجزيئات الحيوية,BIO26-M21,كيمياء الخلية والجزيئات الحيوية,BIO26-S21-03,الأحماض النووية والنيوكليوتيدات والجزيئات الحيوية,تجميعات الأحياء 2026 — مفتاح الإجابة في PDF p.149,B,1,NOT_STARTED,,NOT_RUN,PRE_CROP_RANGE_FROZEN_V1
33,BIO26-L33,أحياء 4,كيمياء الخلية,149,149,148,1,17,TAH-BIO-BIO26-L33-Q017,BIO26-PDF149-L33-S1-Q017,الأحماض النووية والنيوكليوتيدات والجزيئات الحيوية,BIO26-M21,كيمياء الخلية والجزيئات الحيوية,BIO26-S21-03,الأحماض النووية والنيوكليوتيدات والجزيئات الحيوية,تجميعات الأحياء 2026 — مفتاح الإجابة في PDF p.149,D,3,NOT_STARTED,,NOT_RUN,PRE_CROP_RANGE_FROZEN_V1
33,BIO26-L33,أحياء 4,كيمياء الخلية,150,150,149,1,18,TAH-BIO-BIO26-L33-Q018,BIO26-PDF150-L33-S1-Q018,الأحماض النووية والنيوكليوتيدات والجزيئات الحيوية,BIO26-M21,كيمياء الخلية والجزيئات الحيوية,BIO26-S21-03,الأحماض النووية والنيوكليوتيدات والجزيئات الحيوية,تجميعات الأحياء 2026 — مفتاح الإجابة في PDF p.150,B,1,NOT_STARTED,,NOT_RUN,PRE_CROP_RANGE_FROZEN_V1
33,BIO26-L33,أحياء 4,كيمياء الخلية,150,150,149,1,19,TAH-BIO-BIO26-L33-Q019,BIO26-PDF150-L33-S1-Q019,الأحماض النووية والنيوكليوتيدات والجزيئات الحيوية,BIO26-M21,كيمياء الخلية والجزيئات الحيوية,BIO26-S21-03,الأحماض النووية والنيوكليوتيدات والجزيئات الحيوية,تجميعات الأحياء 2026 — مفتاح الإجابة في PDF p.150,C,2,NOT_STARTED,,NOT_RUN,PRE_CROP_RANGE_FROZEN_V1
33,BIO26-L33,أحياء 4,كيمياء الخلية,150,150,149,1,20,TAH-BIO-BIO26-L33-Q020,BIO26-PDF150-L33-S1-Q020,الأحماض النووية والنيوكليوتيدات والجزيئات الحيوية,BIO26-M21,كيمياء الخلية والجزيئات الحيوية,BIO26-S21-03,الأحماض النووية والنيوكليوتيدات والجزيئات الحيوية,تجميعات الأحياء 2026 — مفتاح الإجابة في PDF p.150,C,2,NOT_STARTED,,NOT_RUN,PRE_CROP_RANGE_FROZEN_V1
33,BIO26-L33,أحياء 4,كيمياء الخلية,151,151,150,2,21,TAH-BIO-BIO26-L33-Q021,BIO26-PDF151-L33-S2-Q021,الكربوهيدرات والدهون وبنيتها ووظائفها,BIO26-M21,كيمياء الخلية والجزيئات الحيوية,BIO26-S21-01,الكربوهيدرات والدهون وبنيتها ووظائفها,تجميعات الأحياء 2026 — مفتاح الإجابة في PDF p.151,B,1,NOT_STARTED,,NOT_RUN,PRE_CROP_RANGE_FROZEN_V1
33,BIO26-L33,أحياء 4,كيمياء الخلية,151,151,150,2,22,TAH-BIO-BIO26-L33-Q022,BIO26-PDF151-L33-S2-Q022,الكربوهيدرات والدهون وبنيتها ووظائفها,BIO26-M21,كيمياء الخلية والجزيئات الحيوية,BIO26-S21-01,الكربوهيدرات والدهون وبنيتها ووظائفها,تجميعات الأحياء 2026 — مفتاح الإجابة في PDF p.151,D,3,NOT_STARTED,,NOT_RUN,PRE_CROP_RANGE_FROZEN_V1
33,BIO26-L33,أحياء 4,كيمياء الخلية,151,151,150,2,23,TAH-BIO-BIO26-L33-Q023,BIO26-PDF151-L33-S2-Q023,الكربوهيدرات والدهون وبنيتها ووظائفها,BIO26-M21,كيمياء الخلية والجزيئات الحيوية,BIO26-S21-01,الكربوهيدرات والدهون وبنيتها ووظائفها,تجميعات الأحياء 2026 — مفتاح الإجابة في PDF p.151,C,2,NOT_STARTED,,NOT_RUN,PRE_CROP_RANGE_FROZEN_V1
33,BIO26-L33,أحياء 4,كيمياء الخلية,151,151,150,2,24,TAH-BIO-BIO26-L33-Q024,BIO26-PDF151-L33-S2-Q024,الكربوهيدرات والدهون وبنيتها ووظائفها,BIO26-M21,كيمياء الخلية والجزيئات الحيوية,BIO26-S21-01,الكربوهيدرات والدهون وبنيتها ووظائفها,تجميعات الأحياء 2026 — مفتاح الإجابة في PDF p.151,B,1,NOT_STARTED,,NOT_RUN,PRE_CROP_RANGE_FROZEN_V1
33,BIO26-L33,أحياء 4,كيمياء الخلية,151,151,150,2,25,TAH-BIO-BIO26-L33-Q025,BIO26-PDF151-L33-S2-Q025,الكربوهيدرات والدهون وبنيتها ووظائفها,BIO26-M21,كيمياء الخلية والجزيئات الحيوية,BIO26-S21-01,الكربوهيدرات والدهون وبنيتها ووظائفها,تجميعات الأحياء 2026 — مفتاح الإجابة في PDF p.151,B,1,NOT_STARTED,,NOT_RUN,PRE_CROP_RANGE_FROZEN_V1
33,BIO26-L33,أحياء 4,كيمياء الخلية,151,151,150,2,26,TAH-BIO-BIO26-L33-Q026,BIO26-PDF151-L33-S2-Q026,البروتينات والأحماض الأمينية والإنزيمات,BIO26-M21,كيمياء الخلية والجزيئات الحيوية,BIO26-S21-02,البروتينات والأحماض الأمينية والإنزيمات,تجميعات الأحياء 2026 — مفتاح الإجابة في PDF p.151,D,3,NOT_STARTED,,NOT_RUN,PRE_CROP_RANGE_FROZEN_V1
33,BIO26-L33,أحياء 4,كيمياء الخلية,151,151,150,2,27,TAH-BIO-BIO26-L33-Q027,BIO26-PDF151-L33-S2-Q027,البروتينات والأحماض الأمينية والإنزيمات,BIO26-M21,كيمياء الخلية والجزيئات الحيوية,BIO26-S21-02,البروتينات والأحماض الأمينية والإنزيمات,تجميعات الأحياء 2026 — مفتاح الإجابة في PDF p.151,C,2,NOT_STARTED,,NOT_RUN,PRE_CROP_RANGE_FROZEN_V1
33,BIO26-L33,أحياء 4,كيمياء الخلية,151,151,150,2,28,TAH-BIO-BIO26-L33-Q028,BIO26-PDF151-L33-S2-Q028,البروتينات والأحماض الأمينية والإنزيمات,BIO26-M21,كيمياء الخلية والجزيئات الحيوية,BIO26-S21-02,البروتينات والأحماض الأمينية والإنزيمات,تجميعات الأحياء 2026 — مفتاح الإجابة في PDF p.151,C,2,NOT_STARTED,,NOT_RUN,PRE_CROP_RANGE_FROZEN_V1
33,BIO26-L33,أحياء 4,كيمياء الخلية,151,151,150,2,29,TAH-BIO-BIO26-L33-Q029,BIO26-PDF151-L33-S2-Q029,البروتينات والأحماض الأمينية والإنزيمات,BIO26-M21,كيمياء الخلية والجزيئات الحيوية,BIO26-S21-02,البروتينات والأحماض الأمينية والإنزيمات,تجميعات الأحياء 2026 — مفتاح الإجابة في PDF p.151,A,0,NOT_STARTED,,NOT_RUN,PRE_CROP_RANGE_FROZEN_V1
33,BIO26-L33,أحياء 4,كيمياء الخلية,151,151,150,2,30,TAH-BIO-BIO26-L33-Q030,BIO26-PDF151-L33-S2-Q030,البروتينات والأحماض الأمينية والإنزيمات,BIO26-M21,كيمياء الخلية والجزيئات الحيوية,BIO26-S21-02,البروتينات والأحماض الأمينية والإنزيمات,تجميعات الأحياء 2026 — مفتاح الإجابة في PDF p.151,C,2,NOT_STARTED,,NOT_RUN,PRE_CROP_RANGE_FROZEN_V1
33,BIO26-L33,أحياء 4,كيمياء الخلية,151,151,150,2,31,TAH-BIO-BIO26-L33-Q031,BIO26-PDF151-L33-S2-Q031,البروتينات والأحماض الأمينية والإنزيمات,BIO26-M21,كيمياء الخلية والجزيئات الحيوية,BIO26-S21-02,البروتينات والأحماض الأمينية والإنزيمات,تجميعات الأحياء 2026 — مفتاح الإجابة في PDF p.151,A,0,NOT_STARTED,,NOT_RUN,PRE_CROP_RANGE_FROZEN_V1
33,BIO26-L33,أحياء 4,كيمياء الخلية,151,151,150,2,32,TAH-BIO-BIO26-L33-Q032,BIO26-PDF151-L33-S2-Q032,البروتينات والأحماض الأمينية والإنزيمات,BIO26-M21,كيمياء الخلية والجزيئات الحيوية,BIO26-S21-02,البروتينات والأحماض الأمينية والإنزيمات,تجميعات الأحياء 2026 — مفتاح الإجابة في PDF p.151,B,1,NOT_STARTED,,NOT_RUN,PRE_CROP_RANGE_FROZEN_V1
33,BIO26-L33,أحياء 4,كيمياء الخلية,151,151,150,2,33,TAH-BIO-BIO26-L33-Q033,BIO26-PDF151-L33-S2-Q033,البروتينات والأحماض الأمينية والإنزيمات,BIO26-M21,كيمياء الخلية والجزيئات الحيوية,BIO26-S21-02,البروتينات والأحماض الأمينية والإنزيمات,تجميعات الأحياء 2026 — مفتاح الإجابة في PDF p.151,D,3,NOT_STARTED,,NOT_RUN,PRE_CROP_RANGE_FROZEN_V1
33,BIO26-L33,أحياء 4,كيمياء الخلية,151,151,150,2,34,TAH-BIO-BIO26-L33-Q034,BIO26-PDF151-L33-S2-Q034,البروتينات والأحماض الأمينية والإنزيمات,BIO26-M21,كيمياء الخلية والجزيئات الحيوية,BIO26-S21-02,البروتينات والأحماض الأمينية والإنزيمات,تجميعات الأحياء 2026 — مفتاح الإجابة في PDF p.151,B,1,NOT_STARTED,,NOT_RUN,PRE_CROP_RANGE_FROZEN_V1
33,BIO26-L33,أحياء 4,كيمياء الخلية,151,151,150,2,35,TAH-BIO-BIO26-L33-Q035,BIO26-PDF151-L33-S2-Q035,البروتينات والأحماض الأمينية والإنزيمات,BIO26-M21,كيمياء الخلية والجزيئات الحيوية,BIO26-S21-02,البروتينات والأحماض الأمينية والإنزيمات,تجميعات الأحياء 2026 — مفتاح الإجابة في PDF p.151,A,0,NOT_STARTED,,NOT_RUN,PRE_CROP_RANGE_FROZEN_V1
33,BIO26-L33,أحياء 4,كيمياء الخلية,151,151,150,2,36,TAH-BIO-BIO26-L33-Q036,BIO26-PDF151-L33-S2-Q036,البروتينات والأحماض الأمينية والإنزيمات,BIO26-M21,كيمياء الخلية والجزيئات الحيوية,BIO26-S21-02,البروتينات والأحماض الأمينية والإنزيمات,تجميعات الأحياء 2026 — مفتاح الإجابة في PDF p.151,A,0,NOT_STARTED,,NOT_RUN,PRE_CROP_RANGE_FROZEN_V1
33,BIO26-L33,أحياء 4,كيمياء الخلية,151,151,150,2,37,TAH-BIO-BIO26-L33-Q037,BIO26-PDF151-L33-S2-Q037,البروتينات والأحماض الأمينية والإنزيمات,BIO26-M21,كيمياء الخلية والجزيئات الحيوية,BIO26-S21-02,البروتينات والأحماض الأمينية والإنزيمات,تجميعات الأحياء 2026 — مفتاح الإجابة في PDF p.151,B,1,NOT_STARTED,,NOT_RUN,PRE_CROP_RANGE_FROZEN_V1
33,BIO26-L33,أحياء 4,كيمياء الخلية,151,151,150,2,38,TAH-BIO-BIO26-L33-Q038,BIO26-PDF151-L33-S2-Q038,البروتينات والأحماض الأمينية والإنزيمات,BIO26-M21,كيمياء الخلية والجزيئات الحيوية,BIO26-S21-02,البروتينات والأحماض الأمينية والإنزيمات,تجميعات الأحياء 2026 — مفتاح الإجابة في PDF p.151,B,1,NOT_STARTED,,NOT_RUN,PRE_CROP_RANGE_FROZEN_V1
33,BIO26-L33,أحياء 4,كيمياء الخلية,151,151,150,2,39,TAH-BIO-BIO26-L33-Q039,BIO26-PDF151-L33-S2-Q039,الأحماض النووية والنيوكليوتيدات والجزيئات الحيوية,BIO26-M21,كيمياء الخلية والجزيئات الحيوية,BIO26-S21-03,الأحماض النووية والنيوكليوتيدات والجزيئات الحيوية,تجميعات الأحياء 2026 — مفتاح الإجابة في PDF p.151,D,3,NOT_STARTED,,NOT_RUN,PRE_CROP_RANGE_FROZEN_V1
34,BIO26-L34,أحياء 4,الطاقة الخلوية,152,152,151,1,1,TAH-BIO-BIO26-L34-Q001,BIO26-PDF152-L34-S1-Q001,قوانين الطاقة والمسارات الأيضية وATP,BIO26-M22,الطاقة الخلوية والبناء الضوئي والتنفس,BIO26-S22-01,قوانين الطاقة والمسارات الأيضية وATP,تجميعات الأحياء 2026 — مفتاح الإجابة في PDF p.152,B,1,NOT_STARTED,,NOT_RUN,PRE_CROP_RANGE_FROZEN_V1
34,BIO26-L34,أحياء 4,الطاقة الخلوية,152,152,151,1,2,TAH-BIO-BIO26-L34-Q002,BIO26-PDF152-L34-S1-Q002,قوانين الطاقة والمسارات الأيضية وATP,BIO26-M22,الطاقة الخلوية والبناء الضوئي والتنفس,BIO26-S22-01,قوانين الطاقة والمسارات الأيضية وATP,تجميعات الأحياء 2026 — مفتاح الإجابة في PDF p.152,D,3,NOT_STARTED,,NOT_RUN,PRE_CROP_RANGE_FROZEN_V1
34,BIO26-L34,أحياء 4,الطاقة الخلوية,152,152,151,1,3,TAH-BIO-BIO26-L34-Q003,BIO26-PDF152-L34-S1-Q003,قوانين الطاقة والمسارات الأيضية وATP,BIO26-M22,الطاقة الخلوية والبناء الضوئي والتنفس,BIO26-S22-01,قوانين الطاقة والمسارات الأيضية وATP,تجميعات الأحياء 2026 — مفتاح الإجابة في PDF p.152,C,2,NOT_STARTED,,NOT_RUN,PRE_CROP_RANGE_FROZEN_V1
34,BIO26-L34,أحياء 4,الطاقة الخلوية,152,152,151,1,4,TAH-BIO-BIO26-L34-Q004,BIO26-PDF152-L34-S1-Q004,قوانين الطاقة والمسارات الأيضية وATP,BIO26-M22,الطاقة الخلوية والبناء الضوئي والتنفس,BIO26-S22-01,قوانين الطاقة والمسارات الأيضية وATP,تجميعات الأحياء 2026 — مفتاح الإجابة في PDF p.152,C,2,NOT_STARTED,,NOT_RUN,PRE_CROP_RANGE_FROZEN_V1
34,BIO26-L34,أحياء 4,الطاقة الخلوية,152,152,151,1,5,TAH-BIO-BIO26-L34-Q005,BIO26-PDF152-L34-S1-Q005,قوانين الطاقة والمسارات الأيضية وATP,BIO26-M22,الطاقة الخلوية والبناء الضوئي والتنفس,BIO26-S22-01,قوانين الطاقة والمسارات الأيضية وATP,تجميعات الأحياء 2026 — مفتاح الإجابة في PDF p.152,A,0,NOT_STARTED,,NOT_RUN,PRE_CROP_RANGE_FROZEN_V1
34,BIO26-L34,أحياء 4,الطاقة الخلوية,152,152,151,1,6,TAH-BIO-BIO26-L34-Q006,BIO26-PDF152-L34-S1-Q006,قوانين الطاقة والمسارات الأيضية وATP,BIO26-M22,الطاقة الخلوية والبناء الضوئي والتنفس,BIO26-S22-01,قوانين الطاقة والمسارات الأيضية وATP,تجميعات الأحياء 2026 — مفتاح الإجابة في PDF p.152,A,0,NOT_STARTED,,NOT_RUN,PRE_CROP_RANGE_FROZEN_V1
34,BIO26-L34,أحياء 4,الطاقة الخلوية,152,152,151,1,7,TAH-BIO-BIO26-L34-Q007,BIO26-PDF152-L34-S1-Q007,قوانين الطاقة والمسارات الأيضية وATP,BIO26-M22,الطاقة الخلوية والبناء الضوئي والتنفس,BIO26-S22-01,قوانين الطاقة والمسارات الأيضية وATP,تجميعات الأحياء 2026 — مفتاح الإجابة في PDF p.152,D,3,NOT_STARTED,,NOT_RUN,PRE_CROP_RANGE_FROZEN_V1
34,BIO26-L34,أحياء 4,الطاقة الخلوية,152,152,151,1,8,TAH-BIO-BIO26-L34-Q008,BIO26-PDF152-L34-S1-Q008,قوانين الطاقة والمسارات الأيضية وATP,BIO26-M22,الطاقة الخلوية والبناء الضوئي والتنفس,BIO26-S22-01,قوانين الطاقة والمسارات الأيضية وATP,تجميعات الأحياء 2026 — مفتاح الإجابة في PDF p.152,D,3,NOT_STARTED,,NOT_RUN,PRE_CROP_RANGE_FROZEN_V1
34,BIO26-L34,أحياء 4,الطاقة الخلوية,152,152,151,1,9,TAH-BIO-BIO26-L34-Q009,BIO26-PDF152-L34-S1-Q009,قوانين الطاقة والمسارات الأيضية وATP,BIO26-M22,الطاقة الخلوية والبناء الضوئي والتنفس,BIO26-S22-01,قوانين الطاقة والمسارات الأيضية وATP,تجميعات الأحياء 2026 — مفتاح الإجابة في PDF p.152,B,1,NOT_STARTED,,NOT_RUN,PRE_CROP_RANGE_FROZEN_V1
34,BIO26-L34,أحياء 4,الطاقة الخلوية,152,152,151,1,10,TAH-BIO-BIO26-L34-Q010,BIO26-PDF152-L34-S1-Q010,قوانين الطاقة والمسارات الأيضية وATP,BIO26-M22,الطاقة الخلوية والبناء الضوئي والتنفس,BIO26-S22-01,قوانين الطاقة والمسارات الأيضية وATP,تجميعات الأحياء 2026 — مفتاح الإجابة في PDF p.152,A,0,NOT_STARTED,,NOT_RUN,PRE_CROP_RANGE_FROZEN_V1
34,BIO26-L34,أحياء 4,الطاقة الخلوية,152,152,151,1,11,TAH-BIO-BIO26-L34-Q011,BIO26-PDF152-L34-S1-Q011,قوانين الطاقة والمسارات الأيضية وATP,BIO26-M22,الطاقة الخلوية والبناء الضوئي والتنفس,BIO26-S22-01,قوانين الطاقة والمسارات الأيضية وATP,تجميعات الأحياء 2026 — مفتاح الإجابة في PDF p.152,B,1,NOT_STARTED,,NOT_RUN,PRE_CROP_RANGE_FROZEN_V1
34,BIO26-L34,أحياء 4,الطاقة الخلوية,152,152,151,1,12,TAH-BIO-BIO26-L34-Q012,BIO26-PDF152-L34-S1-Q012,قوانين الطاقة والمسارات الأيضية وATP,BIO26-M22,الطاقة الخلوية والبناء الضوئي والتنفس,BIO26-S22-01,قوانين الطاقة والمسارات الأيضية وATP,تجميعات الأحياء 2026 — مفتاح الإجابة في PDF p.152,D,3,NOT_STARTED,,NOT_RUN,PRE_CROP_RANGE_FROZEN_V1
34,BIO26-L34,أحياء 4,الطاقة الخلوية,152,152,151,1,13,TAH-BIO-BIO26-L34-Q013,BIO26-PDF152-L34-S1-Q013,قوانين الطاقة والمسارات الأيضية وATP,BIO26-M22,الطاقة الخلوية والبناء الضوئي والتنفس,BIO26-S22-01,قوانين الطاقة والمسارات الأيضية وATP,تجميعات الأحياء 2026 — مفتاح الإجابة في PDF p.152,C,2,NOT_STARTED,,NOT_RUN,PRE_CROP_RANGE_FROZEN_V1
34,BIO26-L34,أحياء 4,الطاقة الخلوية,152,152,151,1,14,TAH-BIO-BIO26-L34-Q014,BIO26-PDF152-L34-S1-Q014,قوانين الطاقة والمسارات الأيضية وATP,BIO26-M22,الطاقة الخلوية والبناء الضوئي والتنفس,BIO26-S22-01,قوانين الطاقة والمسارات الأيضية وATP,تجميعات الأحياء 2026 — مفتاح الإجابة في PDF p.152,C,2,NOT_STARTED,,NOT_RUN,PRE_CROP_RANGE_FROZEN_V1
34,BIO26-L34,أحياء 4,الطاقة الخلوية,152,152,151,1,15,TAH-BIO-BIO26-L34-Q015,BIO26-PDF152-L34-S1-Q015,قوانين الطاقة والمسارات الأيضية وATP,BIO26-M22,الطاقة الخلوية والبناء الضوئي والتنفس,BIO26-S22-01,قوانين الطاقة والمسارات الأيضية وATP,تجميعات الأحياء 2026 — مفتاح الإجابة في PDF p.152,C,2,NOT_STARTED,,NOT_RUN,PRE_CROP_RANGE_FROZEN_V1
34,BIO26-L34,أحياء 4,الطاقة الخلوية,152,152,151,1,16,TAH-BIO-BIO26-L34-Q016,BIO26-PDF152-L34-S1-Q016,قوانين الطاقة والمسارات الأيضية وATP,BIO26-M22,الطاقة الخلوية والبناء الضوئي والتنفس,BIO26-S22-01,قوانين الطاقة والمسارات الأيضية وATP,تجميعات الأحياء 2026 — مفتاح الإجابة في PDF p.152,B,1,NOT_STARTED,,NOT_RUN,PRE_CROP_RANGE_FROZEN_V1
34,BIO26-L34,أحياء 4,الطاقة الخلوية,152,152,151,1,17,TAH-BIO-BIO26-L34-Q017,BIO26-PDF152-L34-S1-Q017,قوانين الطاقة والمسارات الأيضية وATP,BIO26-M22,الطاقة الخلوية والبناء الضوئي والتنفس,BIO26-S22-01,قوانين الطاقة والمسارات الأيضية وATP,تجميعات الأحياء 2026 — مفتاح الإجابة في PDF p.152,C,2,NOT_STARTED,,NOT_RUN,PRE_CROP_RANGE_FROZEN_V1
34,BIO26-L34,أحياء 4,الطاقة الخلوية,153,153,152,1,18,TAH-BIO-BIO26-L34-Q018,BIO26-PDF153-L34-S1-Q018,قوانين الطاقة والمسارات الأيضية وATP,BIO26-M22,الطاقة الخلوية والبناء الضوئي والتنفس,BIO26-S22-01,قوانين الطاقة والمسارات الأيضية وATP,تجميعات الأحياء 2026 — مفتاح الإجابة في PDF p.153,A,0,NOT_STARTED,,NOT_RUN,PRE_CROP_RANGE_FROZEN_V1
34,BIO26-L34,أحياء 4,الطاقة الخلوية,153,153,152,1,19,TAH-BIO-BIO26-L34-Q019,BIO26-PDF153-L34-S1-Q019,قوانين الطاقة والمسارات الأيضية وATP,BIO26-M22,الطاقة الخلوية والبناء الضوئي والتنفس,BIO26-S22-01,قوانين الطاقة والمسارات الأيضية وATP,تجميعات الأحياء 2026 — مفتاح الإجابة في PDF p.153,A,0,NOT_STARTED,,NOT_RUN,PRE_CROP_RANGE_FROZEN_V1
34,BIO26-L34,أحياء 4,الطاقة الخلوية,153,153,152,1,20,TAH-BIO-BIO26-L34-Q020,BIO26-PDF153-L34-S1-Q020,قوانين الطاقة والمسارات الأيضية وATP,BIO26-M22,الطاقة الخلوية والبناء الضوئي والتنفس,BIO26-S22-01,قوانين الطاقة والمسارات الأيضية وATP,تجميعات الأحياء 2026 — مفتاح الإجابة في PDF p.153,D,3,NOT_STARTED,,NOT_RUN,PRE_CROP_RANGE_FROZEN_V1
34,BIO26-L34,أحياء 4,الطاقة الخلوية,153,153,152,1,21,TAH-BIO-BIO26-L34-Q021,BIO26-PDF153-L34-S1-Q021,قوانين الطاقة والمسارات الأيضية وATP,BIO26-M22,الطاقة الخلوية والبناء الضوئي والتنفس,BIO26-S22-01,قوانين الطاقة والمسارات الأيضية وATP,تجميعات الأحياء 2026 — مفتاح الإجابة في PDF p.153,B,1,NOT_STARTED,,NOT_RUN,PRE_CROP_RANGE_FROZEN_V1
34,BIO26-L34,أحياء 4,الطاقة الخلوية,153,153,152,1,22,TAH-BIO-BIO26-L34-Q022,BIO26-PDF153-L34-S1-Q022,قوانين الطاقة والمسارات الأيضية وATP,BIO26-M22,الطاقة الخلوية والبناء الضوئي والتنفس,BIO26-S22-01,قوانين الطاقة والمسارات الأيضية وATP,تجميعات الأحياء 2026 — مفتاح الإجابة في PDF p.153,D,3,NOT_STARTED,,NOT_RUN,PRE_CROP_RANGE_FROZEN_V1
34,BIO26-L34,أحياء 4,الطاقة الخلوية,153,153,152,1,23,TAH-BIO-BIO26-L34-Q023,BIO26-PDF153-L34-S1-Q023,قوانين الطاقة والمسارات الأيضية وATP,BIO26-M22,الطاقة الخلوية والبناء الضوئي والتنفس,BIO26-S22-01,قوانين الطاقة والمسارات الأيضية وATP,تجميعات الأحياء 2026 — مفتاح الإجابة في PDF p.153,A,0,NOT_STARTED,,NOT_RUN,PRE_CROP_RANGE_FROZEN_V1
34,BIO26-L34,أحياء 4,الطاقة الخلوية,153,153,152,1,24,TAH-BIO-BIO26-L34-Q024,BIO26-PDF153-L34-S1-Q024,قوانين الطاقة والمسارات الأيضية وATP,BIO26-M22,الطاقة الخلوية والبناء الضوئي والتنفس,BIO26-S22-01,قوانين الطاقة والمسارات الأيضية وATP,تجميعات الأحياء 2026 — مفتاح الإجابة في PDF p.153,A,0,NOT_STARTED,,NOT_RUN,PRE_CROP_RANGE_FROZEN_V1
34,BIO26-L34,أحياء 4,الطاقة الخلوية,153,153,152,1,25,TAH-BIO-BIO26-L34-Q025,BIO26-PDF153-L34-S1-Q025,قوانين الطاقة والمسارات الأيضية وATP,BIO26-M22,الطاقة الخلوية والبناء الضوئي والتنفس,BIO26-S22-01,قوانين الطاقة والمسارات الأيضية وATP,تجميعات الأحياء 2026 — مفتاح الإجابة في PDF p.153,B,1,NOT_STARTED,,NOT_RUN,PRE_CROP_RANGE_FROZEN_V1
34,BIO26-L34,أحياء 4,الطاقة الخلوية,154,154,153,2,26,TAH-BIO-BIO26-L34-Q026,BIO26-PDF154-L34-S2-Q026,قوانين الطاقة والمسارات الأيضية وATP,BIO26-M22,الطاقة الخلوية والبناء الضوئي والتنفس,BIO26-S22-01,قوانين الطاقة والمسارات الأيضية وATP,تجميعات الأحياء 2026 — مفتاح الإجابة في PDF p.154,D,3,NOT_STARTED,,NOT_RUN,PRE_CROP_RANGE_FROZEN_V1
34,BIO26-L34,أحياء 4,الطاقة الخلوية,154,154,153,2,27,TAH-BIO-BIO26-L34-Q027,BIO26-PDF154-L34-S2-Q027,قوانين الطاقة والمسارات الأيضية وATP,BIO26-M22,الطاقة الخلوية والبناء الضوئي والتنفس,BIO26-S22-01,قوانين الطاقة والمسارات الأيضية وATP,تجميعات الأحياء 2026 — مفتاح الإجابة في PDF p.154,D,3,NOT_STARTED,,NOT_RUN,PRE_CROP_RANGE_FROZEN_V1
34,BIO26-L34,أحياء 4,الطاقة الخلوية,154,154,153,2,28,TAH-BIO-BIO26-L34-Q028,BIO26-PDF154-L34-S2-Q028,قوانين الطاقة والمسارات الأيضية وATP,BIO26-M22,الطاقة الخلوية والبناء الضوئي والتنفس,BIO26-S22-01,قوانين الطاقة والمسارات الأيضية وATP,تجميعات الأحياء 2026 — مفتاح الإجابة في PDF p.154,B,1,NOT_STARTED,,NOT_RUN,PRE_CROP_RANGE_FROZEN_V1
34,BIO26-L34,أحياء 4,الطاقة الخلوية,154,154,153,2,29,TAH-BIO-BIO26-L34-Q029,BIO26-PDF154-L34-S2-Q029,قوانين الطاقة والمسارات الأيضية وATP,BIO26-M22,الطاقة الخلوية والبناء الضوئي والتنفس,BIO26-S22-01,قوانين الطاقة والمسارات الأيضية وATP,تجميعات الأحياء 2026 — مفتاح الإجابة في PDF p.154,C,2,NOT_STARTED,,NOT_RUN,PRE_CROP_RANGE_FROZEN_V1
34,BIO26-L34,أحياء 4,الطاقة الخلوية,154,154,153,2,30,TAH-BIO-BIO26-L34-Q030,BIO26-PDF154-L34-S2-Q030,قوانين الطاقة والمسارات الأيضية وATP,BIO26-M22,الطاقة الخلوية والبناء الضوئي والتنفس,BIO26-S22-01,قوانين الطاقة والمسارات الأيضية وATP,تجميعات الأحياء 2026 — مفتاح الإجابة في PDF p.154,B,1,NOT_STARTED,,NOT_RUN,PRE_CROP_RANGE_FROZEN_V1
34,BIO26-L34,أحياء 4,الطاقة الخلوية,154,154,153,2,31,TAH-BIO-BIO26-L34-Q031,BIO26-PDF154-L34-S2-Q031,قوانين الطاقة والمسارات الأيضية وATP,BIO26-M22,الطاقة الخلوية والبناء الضوئي والتنفس,BIO26-S22-01,قوانين الطاقة والمسارات الأيضية وATP,تجميعات الأحياء 2026 — مفتاح الإجابة في PDF p.154,D,3,NOT_STARTED,,NOT_RUN,PRE_CROP_RANGE_FROZEN_V1
34,BIO26-L34,أحياء 4,الطاقة الخلوية,154,154,153,2,32,TAH-BIO-BIO26-L34-Q032,BIO26-PDF154-L34-S2-Q032,قوانين الطاقة والمسارات الأيضية وATP,BIO26-M22,الطاقة الخلوية والبناء الضوئي والتنفس,BIO26-S22-01,قوانين الطاقة والمسارات الأيضية وATP,تجميعات الأحياء 2026 — مفتاح الإجابة في PDF p.154,B,1,NOT_STARTED,,NOT_RUN,PRE_CROP_RANGE_FROZEN_V1
34,BIO26-L34,أحياء 4,الطاقة الخلوية,154,154,153,2,33,TAH-BIO-BIO26-L34-Q033,BIO26-PDF154-L34-S2-Q033,قوانين الطاقة والمسارات الأيضية وATP,BIO26-M22,الطاقة الخلوية والبناء الضوئي والتنفس,BIO26-S22-01,قوانين الطاقة والمسارات الأيضية وATP,تجميعات الأحياء 2026 — مفتاح الإجابة في PDF p.154,B,1,NOT_STARTED,,NOT_RUN,PRE_CROP_RANGE_FROZEN_V1
34,BIO26-L34,أحياء 4,الطاقة الخلوية,154,154,153,2,34,TAH-BIO-BIO26-L34-Q034,BIO26-PDF154-L34-S2-Q034,قوانين الطاقة والمسارات الأيضية وATP,BIO26-M22,الطاقة الخلوية والبناء الضوئي والتنفس,BIO26-S22-01,قوانين الطاقة والمسارات الأيضية وATP,تجميعات الأحياء 2026 — مفتاح الإجابة في PDF p.154,A,0,NOT_STARTED,,NOT_RUN,PRE_CROP_RANGE_FROZEN_V1
35,BIO26-L35,أحياء 4,البناء الضوئي والتنفس الخلوي,155,155,154,1,1,TAH-BIO-BIO26-L35-Q001,BIO26-PDF155-L35-S1-Q001,البناء الضوئي والتفاعلات الضوئية ودورة كالفن والمسارات البديلة,BIO26-M22,الطاقة الخلوية والبناء الضوئي والتنفس,BIO26-S22-02,البناء الضوئي والتفاعلات الضوئية ودورة كالفن والمسارات البديلة,تجميعات الأحياء 2026 — مفتاح الإجابة في PDF p.155,B,1,NOT_STARTED,,NOT_RUN,PRE_CROP_RANGE_FROZEN_V1
35,BIO26-L35,أحياء 4,البناء الضوئي والتنفس الخلوي,155,155,154,1,2,TAH-BIO-BIO26-L35-Q002,BIO26-PDF155-L35-S1-Q002,البناء الضوئي والتفاعلات الضوئية ودورة كالفن والمسارات البديلة,BIO26-M22,الطاقة الخلوية والبناء الضوئي والتنفس,BIO26-S22-02,البناء الضوئي والتفاعلات الضوئية ودورة كالفن والمسارات البديلة,تجميعات الأحياء 2026 — مفتاح الإجابة في PDF p.155,C,2,NOT_STARTED,,NOT_RUN,PRE_CROP_RANGE_FROZEN_V1
35,BIO26-L35,أحياء 4,البناء الضوئي والتنفس الخلوي,155,155,154,1,3,TAH-BIO-BIO26-L35-Q003,BIO26-PDF155-L35-S1-Q003,البناء الضوئي والتفاعلات الضوئية ودورة كالفن والمسارات البديلة,BIO26-M22,الطاقة الخلوية والبناء الضوئي والتنفس,BIO26-S22-02,البناء الضوئي والتفاعلات الضوئية ودورة كالفن والمسارات البديلة,تجميعات الأحياء 2026 — مفتاح الإجابة في PDF p.155,A,0,NOT_STARTED,,NOT_RUN,PRE_CROP_RANGE_FROZEN_V1
35,BIO26-L35,أحياء 4,البناء الضوئي والتنفس الخلوي,155,155,154,1,4,TAH-BIO-BIO26-L35-Q004,BIO26-PDF155-L35-S1-Q004,البناء الضوئي والتفاعلات الضوئية ودورة كالفن والمسارات البديلة,BIO26-M22,الطاقة الخلوية والبناء الضوئي والتنفس,BIO26-S22-02,البناء الضوئي والتفاعلات الضوئية ودورة كالفن والمسارات البديلة,تجميعات الأحياء 2026 — مفتاح الإجابة في PDF p.155,C,2,NOT_STARTED,,NOT_RUN,PRE_CROP_RANGE_FROZEN_V1
35,BIO26-L35,أحياء 4,البناء الضوئي والتنفس الخلوي,155,155,154,1,5,TAH-BIO-BIO26-L35-Q005,BIO26-PDF155-L35-S1-Q005,البناء الضوئي والتفاعلات الضوئية ودورة كالفن والمسارات البديلة,BIO26-M22,الطاقة الخلوية والبناء الضوئي والتنفس,BIO26-S22-02,البناء الضوئي والتفاعلات الضوئية ودورة كالفن والمسارات البديلة,تجميعات الأحياء 2026 — مفتاح الإجابة في PDF p.155,A,0,NOT_STARTED,,NOT_RUN,PRE_CROP_RANGE_FROZEN_V1
35,BIO26-L35,أحياء 4,البناء الضوئي والتنفس الخلوي,155,155,154,1,6,TAH-BIO-BIO26-L35-Q006,BIO26-PDF155-L35-S1-Q006,البناء الضوئي والتفاعلات الضوئية ودورة كالفن والمسارات البديلة,BIO26-M22,الطاقة الخلوية والبناء الضوئي والتنفس,BIO26-S22-02,البناء الضوئي والتفاعلات الضوئية ودورة كالفن والمسارات البديلة,تجميعات الأحياء 2026 — مفتاح الإجابة في PDF p.155,A,0,NOT_STARTED,,NOT_RUN,PRE_CROP_RANGE_FROZEN_V1
35,BIO26-L35,أحياء 4,البناء الضوئي والتنفس الخلوي,155,155,154,1,7,TAH-BIO-BIO26-L35-Q007,BIO26-PDF155-L35-S1-Q007,البناء الضوئي والتفاعلات الضوئية ودورة كالفن والمسارات البديلة,BIO26-M22,الطاقة الخلوية والبناء الضوئي والتنفس,BIO26-S22-02,البناء الضوئي والتفاعلات الضوئية ودورة كالفن والمسارات البديلة,تجميعات الأحياء 2026 — مفتاح الإجابة في PDF p.155,D,3,NOT_STARTED,,NOT_RUN,PRE_CROP_RANGE_FROZEN_V1
35,BIO26-L35,أحياء 4,البناء الضوئي والتنفس الخلوي,155,155,154,1,8,TAH-BIO-BIO26-L35-Q008,BIO26-PDF155-L35-S1-Q008,البناء الضوئي والتفاعلات الضوئية ودورة كالفن والمسارات البديلة,BIO26-M22,الطاقة الخلوية والبناء الضوئي والتنفس,BIO26-S22-02,البناء الضوئي والتفاعلات الضوئية ودورة كالفن والمسارات البديلة,تجميعات الأحياء 2026 — مفتاح الإجابة في PDF p.155,D,3,NOT_STARTED,,NOT_RUN,PRE_CROP_RANGE_FROZEN_V1
35,BIO26-L35,أحياء 4,البناء الضوئي والتنفس الخلوي,155,155,154,1,9,TAH-BIO-BIO26-L35-Q009,BIO26-PDF155-L35-S1-Q009,البناء الضوئي والتفاعلات الضوئية ودورة كالفن والمسارات البديلة,BIO26-M22,الطاقة الخلوية والبناء الضوئي والتنفس,BIO26-S22-02,البناء الضوئي والتفاعلات الضوئية ودورة كالفن والمسارات البديلة,تجميعات الأحياء 2026 — مفتاح الإجابة في PDF p.155,B,1,NOT_STARTED,,NOT_RUN,PRE_CROP_RANGE_FROZEN_V1
35,BIO26-L35,أحياء 4,البناء الضوئي والتنفس الخلوي,155,155,154,1,10,TAH-BIO-BIO26-L35-Q010,BIO26-PDF155-L35-S1-Q010,البناء الضوئي والتفاعلات الضوئية ودورة كالفن والمسارات البديلة,BIO26-M22,الطاقة الخلوية والبناء الضوئي والتنفس,BIO26-S22-02,البناء الضوئي والتفاعلات الضوئية ودورة كالفن والمسارات البديلة,تجميعات الأحياء 2026 — مفتاح الإجابة في PDF p.155,C,2,NOT_STARTED,,NOT_RUN,PRE_CROP_RANGE_FROZEN_V1
35,BIO26-L35,أحياء 4,البناء الضوئي والتنفس الخلوي,155,155,154,1,11,TAH-BIO-BIO26-L35-Q011,BIO26-PDF155-L35-S1-Q011,البناء الضوئي والتفاعلات الضوئية ودورة كالفن والمسارات البديلة,BIO26-M22,الطاقة الخلوية والبناء الضوئي والتنفس,BIO26-S22-02,البناء الضوئي والتفاعلات الضوئية ودورة كالفن والمسارات البديلة,تجميعات الأحياء 2026 — مفتاح الإجابة في PDF p.155,A,0,NOT_STARTED,,NOT_RUN,PRE_CROP_RANGE_FROZEN_V1
35,BIO26-L35,أحياء 4,البناء الضوئي والتنفس الخلوي,155,155,154,1,12,TAH-BIO-BIO26-L35-Q012,BIO26-PDF155-L35-S1-Q012,البناء الضوئي والتفاعلات الضوئية ودورة كالفن والمسارات البديلة,BIO26-M22,الطاقة الخلوية والبناء الضوئي والتنفس,BIO26-S22-02,البناء الضوئي والتفاعلات الضوئية ودورة كالفن والمسارات البديلة,تجميعات الأحياء 2026 — مفتاح الإجابة في PDF p.155,A,0,NOT_STARTED,,NOT_RUN,PRE_CROP_RANGE_FROZEN_V1
35,BIO26-L35,أحياء 4,البناء الضوئي والتنفس الخلوي,155,155,154,1,13,TAH-BIO-BIO26-L35-Q013,BIO26-PDF155-L35-S1-Q013,التنفس الخلوي الهوائي واللاهوائي والتخمر,BIO26-M22,الطاقة الخلوية والبناء الضوئي والتنفس,BIO26-S22-04,التنفس الخلوي الهوائي واللاهوائي والتخمر,تجميعات الأحياء 2026 — مفتاح الإجابة في PDF p.155,C,2,NOT_STARTED,,NOT_RUN,PRE_CROP_RANGE_FROZEN_V1
35,BIO26-L35,أحياء 4,البناء الضوئي والتنفس الخلوي,155,155,154,1,14,TAH-BIO-BIO26-L35-Q014,BIO26-PDF155-L35-S1-Q014,التنفس الخلوي الهوائي واللاهوائي والتخمر,BIO26-M22,الطاقة الخلوية والبناء الضوئي والتنفس,BIO26-S22-04,التنفس الخلوي الهوائي واللاهوائي والتخمر,تجميعات الأحياء 2026 — مفتاح الإجابة في PDF p.155,D,3,NOT_STARTED,,NOT_RUN,PRE_CROP_RANGE_FROZEN_V1
35,BIO26-L35,أحياء 4,البناء الضوئي والتنفس الخلوي,155,155,154,1,15,TAH-BIO-BIO26-L35-Q015,BIO26-PDF155-L35-S1-Q015,التنفس الخلوي الهوائي واللاهوائي والتخمر,BIO26-M22,الطاقة الخلوية والبناء الضوئي والتنفس,BIO26-S22-04,التنفس الخلوي الهوائي واللاهوائي والتخمر,تجميعات الأحياء 2026 — مفتاح الإجابة في PDF p.155,C,2,NOT_STARTED,,NOT_RUN,PRE_CROP_RANGE_FROZEN_V1
35,BIO26-L35,أحياء 4,البناء الضوئي والتنفس الخلوي,156,156,155,1,16,TAH-BIO-BIO26-L35-Q016,BIO26-PDF156-L35-S1-Q016,التنفس الخلوي الهوائي واللاهوائي والتخمر,BIO26-M22,الطاقة الخلوية والبناء الضوئي والتنفس,BIO26-S22-04,التنفس الخلوي الهوائي واللاهوائي والتخمر,تجميعات الأحياء 2026 — مفتاح الإجابة في PDF p.156,C,2,NOT_STARTED,,NOT_RUN,PRE_CROP_RANGE_FROZEN_V1
35,BIO26-L35,أحياء 4,البناء الضوئي والتنفس الخلوي,156,156,155,1,17,TAH-BIO-BIO26-L35-Q017,BIO26-PDF156-L35-S1-Q017,التنفس الخلوي الهوائي واللاهوائي والتخمر,BIO26-M22,الطاقة الخلوية والبناء الضوئي والتنفس,BIO26-S22-04,التنفس الخلوي الهوائي واللاهوائي والتخمر,تجميعات الأحياء 2026 — مفتاح الإجابة في PDF p.156,B,1,NOT_STARTED,,NOT_RUN,PRE_CROP_RANGE_FROZEN_V1
35,BIO26-L35,أحياء 4,البناء الضوئي والتنفس الخلوي,156,156,155,1,18,TAH-BIO-BIO26-L35-Q018,BIO26-PDF156-L35-S1-Q018,التنفس الخلوي الهوائي واللاهوائي والتخمر,BIO26-M22,الطاقة الخلوية والبناء الضوئي والتنفس,BIO26-S22-04,التنفس الخلوي الهوائي واللاهوائي والتخمر,تجميعات الأحياء 2026 — مفتاح الإجابة في PDF p.156,B,1,NOT_STARTED,,NOT_RUN,PRE_CROP_RANGE_FROZEN_V1
35,BIO26-L35,أحياء 4,البناء الضوئي والتنفس الخلوي,156,156,155,1,19,TAH-BIO-BIO26-L35-Q019,BIO26-PDF156-L35-S1-Q019,التنفس الخلوي الهوائي واللاهوائي والتخمر,BIO26-M22,الطاقة الخلوية والبناء الضوئي والتنفس,BIO26-S22-04,التنفس الخلوي الهوائي واللاهوائي والتخمر,تجميعات الأحياء 2026 — مفتاح الإجابة في PDF p.156,C,2,NOT_STARTED,,NOT_RUN,PRE_CROP_RANGE_FROZEN_V1
35,BIO26-L35,أحياء 4,البناء الضوئي والتنفس الخلوي,156,156,155,1,20,TAH-BIO-BIO26-L35-Q020,BIO26-PDF156-L35-S1-Q020,التنفس الخلوي الهوائي واللاهوائي والتخمر,BIO26-M22,الطاقة الخلوية والبناء الضوئي والتنفس,BIO26-S22-04,التنفس الخلوي الهوائي واللاهوائي والتخمر,تجميعات الأحياء 2026 — مفتاح الإجابة في PDF p.156,C,2,NOT_STARTED,,NOT_RUN,PRE_CROP_RANGE_FROZEN_V1
35,BIO26-L35,أحياء 4,البناء الضوئي والتنفس الخلوي,156,156,155,1,21,TAH-BIO-BIO26-L35-Q021,BIO26-PDF156-L35-S1-Q021,التنفس الخلوي الهوائي واللاهوائي والتخمر,BIO26-M22,الطاقة الخلوية والبناء الضوئي والتنفس,BIO26-S22-04,التنفس الخلوي الهوائي واللاهوائي والتخمر,تجميعات الأحياء 2026 — مفتاح الإجابة في PDF p.156,C,2,NOT_STARTED,,NOT_RUN,PRE_CROP_RANGE_FROZEN_V1
35,BIO26-L35,أحياء 4,البناء الضوئي والتنفس الخلوي,156,156,155,1,22,TAH-BIO-BIO26-L35-Q022,BIO26-PDF156-L35-S1-Q022,التنفس الخلوي الهوائي واللاهوائي والتخمر,BIO26-M22,الطاقة الخلوية والبناء الضوئي والتنفس,BIO26-S22-04,التنفس الخلوي الهوائي واللاهوائي والتخمر,تجميعات الأحياء 2026 — مفتاح الإجابة في PDF p.156,C,2,NOT_STARTED,,NOT_RUN,PRE_CROP_RANGE_FROZEN_V1
35,BIO26-L35,أحياء 4,البناء الضوئي والتنفس الخلوي,156,156,155,1,23,TAH-BIO-BIO26-L35-Q023,BIO26-PDF156-L35-S1-Q023,التنفس الخلوي الهوائي واللاهوائي والتخمر,BIO26-M22,الطاقة الخلوية والبناء الضوئي والتنفس,BIO26-S22-04,التنفس الخلوي الهوائي واللاهوائي والتخمر,تجميعات الأحياء 2026 — مفتاح الإجابة في PDF p.156,B,1,NOT_STARTED,,NOT_RUN,PRE_CROP_RANGE_FROZEN_V1
35,BIO26-L35,أحياء 4,البناء الضوئي والتنفس الخلوي,156,156,155,1,24,TAH-BIO-BIO26-L35-Q024,BIO26-PDF156-L35-S1-Q024,التنفس الخلوي الهوائي واللاهوائي والتخمر,BIO26-M22,الطاقة الخلوية والبناء الضوئي والتنفس,BIO26-S22-04,التنفس الخلوي الهوائي واللاهوائي والتخمر,تجميعات الأحياء 2026 — مفتاح الإجابة في PDF p.156,B,1,NOT_STARTED,,NOT_RUN,PRE_CROP_RANGE_FROZEN_V1
35,BIO26-L35,أحياء 4,البناء الضوئي والتنفس الخلوي,156,156,155,1,25,TAH-BIO-BIO26-L35-Q025,BIO26-PDF156-L35-S1-Q025,التنفس الخلوي الهوائي واللاهوائي والتخمر,BIO26-M22,الطاقة الخلوية والبناء الضوئي والتنفس,BIO26-S22-04,التنفس الخلوي الهوائي واللاهوائي والتخمر,تجميعات الأحياء 2026 — مفتاح الإجابة في PDF p.156,B,1,NOT_STARTED,,NOT_RUN,PRE_CROP_RANGE_FROZEN_V1
35,BIO26-L35,أحياء 4,البناء الضوئي والتنفس الخلوي,156,156,155,1,26,TAH-BIO-BIO26-L35-Q026,BIO26-PDF156-L35-S1-Q026,التنفس الخلوي الهوائي واللاهوائي والتخمر,BIO26-M22,الطاقة الخلوية والبناء الضوئي والتنفس,BIO26-S22-04,التنفس الخلوي الهوائي واللاهوائي والتخمر,تجميعات الأحياء 2026 — مفتاح الإجابة في PDF p.156,A,0,NOT_STARTED,,NOT_RUN,PRE_CROP_RANGE_FROZEN_V1
35,BIO26-L35,أحياء 4,البناء الضوئي والتنفس الخلوي,156,156,155,1,27,TAH-BIO-BIO26-L35-Q027,BIO26-PDF156-L35-S1-Q027,التنفس الخلوي الهوائي واللاهوائي والتخمر,BIO26-M22,الطاقة الخلوية والبناء الضوئي والتنفس,BIO26-S22-04,التنفس الخلوي الهوائي واللاهوائي والتخمر,تجميعات الأحياء 2026 — مفتاح الإجابة في PDF p.156,B,1,NOT_STARTED,,NOT_RUN,PRE_CROP_RANGE_FROZEN_V1
35,BIO26-L35,أحياء 4,البناء الضوئي والتنفس الخلوي,156,156,155,1,28,TAH-BIO-BIO26-L35-Q028,BIO26-PDF156-L35-S1-Q028,التنفس الخلوي الهوائي واللاهوائي والتخمر,BIO26-M22,الطاقة الخلوية والبناء الضوئي والتنفس,BIO26-S22-04,التنفس الخلوي الهوائي واللاهوائي والتخمر,تجميعات الأحياء 2026 — مفتاح الإجابة في PDF p.156,B,1,NOT_STARTED,,NOT_RUN,PRE_CROP_RANGE_FROZEN_V1
35,BIO26-L35,أحياء 4,البناء الضوئي والتنفس الخلوي,157,157,156,1,29,TAH-BIO-BIO26-L35-Q029,BIO26-PDF157-L35-S1-Q029,التنفس الخلوي الهوائي واللاهوائي والتخمر,BIO26-M22,الطاقة الخلوية والبناء الضوئي والتنفس,BIO26-S22-04,التنفس الخلوي الهوائي واللاهوائي والتخمر,تجميعات الأحياء 2026 — مفتاح الإجابة في PDF p.157,B,1,NOT_STARTED,,NOT_RUN,PRE_CROP_RANGE_FROZEN_V1
35,BIO26-L35,أحياء 4,البناء الضوئي والتنفس الخلوي,157,157,156,1,30,TAH-BIO-BIO26-L35-Q030,BIO26-PDF157-L35-S1-Q030,التنفس الخلوي الهوائي واللاهوائي والتخمر,BIO26-M22,الطاقة الخلوية والبناء الضوئي والتنفس,BIO26-S22-04,التنفس الخلوي الهوائي واللاهوائي والتخمر,تجميعات الأحياء 2026 — مفتاح الإجابة في PDF p.157,D,3,NOT_STARTED,,NOT_RUN,PRE_CROP_RANGE_FROZEN_V1
35,BIO26-L35,أحياء 4,البناء الضوئي والتنفس الخلوي,157,157,156,1,31,TAH-BIO-BIO26-L35-Q031,BIO26-PDF157-L35-S1-Q031,التنفس الخلوي الهوائي واللاهوائي والتخمر,BIO26-M22,الطاقة الخلوية والبناء الضوئي والتنفس,BIO26-S22-04,التنفس الخلوي الهوائي واللاهوائي والتخمر,تجميعات الأحياء 2026 — مفتاح الإجابة في PDF p.157,C,2,NOT_STARTED,,NOT_RUN,PRE_CROP_RANGE_FROZEN_V1
35,BIO26-L35,أحياء 4,البناء الضوئي والتنفس الخلوي,157,157,156,1,32,TAH-BIO-BIO26-L35-Q032,BIO26-PDF157-L35-S1-Q032,التنفس الخلوي الهوائي واللاهوائي والتخمر,BIO26-M22,الطاقة الخلوية والبناء الضوئي والتنفس,BIO26-S22-04,التنفس الخلوي الهوائي واللاهوائي والتخمر,تجميعات الأحياء 2026 — مفتاح الإجابة في PDF p.157,A,0,NOT_STARTED,,NOT_RUN,PRE_CROP_RANGE_FROZEN_V1
35,BIO26-L35,أحياء 4,البناء الضوئي والتنفس الخلوي,157,157,156,1,33,TAH-BIO-BIO26-L35-Q033,BIO26-PDF157-L35-S1-Q033,التنفس الخلوي الهوائي واللاهوائي والتخمر,BIO26-M22,الطاقة الخلوية والبناء الضوئي والتنفس,BIO26-S22-04,التنفس الخلوي الهوائي واللاهوائي والتخمر,تجميعات الأحياء 2026 — مفتاح الإجابة في PDF p.157,A,0,NOT_STARTED,,NOT_RUN,PRE_CROP_RANGE_FROZEN_V1
35,BIO26-L35,أحياء 4,البناء الضوئي والتنفس الخلوي,157,157,156,1,34,TAH-BIO-BIO26-L35-Q034,BIO26-PDF157-L35-S1-Q034,التنفس الخلوي الهوائي واللاهوائي والتخمر,BIO26-M22,الطاقة الخلوية والبناء الضوئي والتنفس,BIO26-S22-04,التنفس الخلوي الهوائي واللاهوائي والتخمر,تجميعات الأحياء 2026 — مفتاح الإجابة في PDF p.157,A,0,NOT_STARTED,,NOT_RUN,PRE_CROP_RANGE_FROZEN_V1
35,BIO26-L35,أحياء 4,البناء الضوئي والتنفس الخلوي,157,157,156,1,35,TAH-BIO-BIO26-L35-Q035,BIO26-PDF157-L35-S1-Q035,التنفس الخلوي الهوائي واللاهوائي والتخمر,BIO26-M22,الطاقة الخلوية والبناء الضوئي والتنفس,BIO26-S22-04,التنفس الخلوي الهوائي واللاهوائي والتخمر,تجميعات الأحياء 2026 — مفتاح الإجابة في PDF p.157,B,1,NOT_STARTED,,NOT_RUN,PRE_CROP_RANGE_FROZEN_V1
35,BIO26-L35,أحياء 4,البناء الضوئي والتنفس الخلوي,157,157,156,1,36,TAH-BIO-BIO26-L35-Q036,BIO26-PDF157-L35-S1-Q036,التنفس الخلوي الهوائي واللاهوائي والتخمر,BIO26-M22,الطاقة الخلوية والبناء الضوئي والتنفس,BIO26-S22-04,التنفس الخلوي الهوائي واللاهوائي والتخمر,تجميعات الأحياء 2026 — مفتاح الإجابة في PDF p.157,A,0,NOT_STARTED,,NOT_RUN,PRE_CROP_RANGE_FROZEN_V1
35,BIO26-L35,أحياء 4,البناء الضوئي والتنفس الخلوي,157,157,156,1,37,TAH-BIO-BIO26-L35-Q037,BIO26-PDF157-L35-S1-Q037,التنفس الخلوي الهوائي واللاهوائي والتخمر,BIO26-M22,الطاقة الخلوية والبناء الضوئي والتنفس,BIO26-S22-04,التنفس الخلوي الهوائي واللاهوائي والتخمر,تجميعات الأحياء 2026 — مفتاح الإجابة في PDF p.157,C,2,NOT_STARTED,,NOT_RUN,PRE_CROP_RANGE_FROZEN_V1
35,BIO26-L35,أحياء 4,البناء الضوئي والتنفس الخلوي,158,158,157,2,38,TAH-BIO-BIO26-L35-Q038,BIO26-PDF158-L35-S2-Q038,البناء الضوئي والتفاعلات الضوئية ودورة كالفن والمسارات البديلة,BIO26-M22,الطاقة الخلوية والبناء الضوئي والتنفس,BIO26-S22-02,البناء الضوئي والتفاعلات الضوئية ودورة كالفن والمسارات البديلة,تجميعات الأحياء 2026 — مفتاح الإجابة في PDF p.158,A,0,NOT_STARTED,,NOT_RUN,PRE_CROP_RANGE_FROZEN_V1
35,BIO26-L35,أحياء 4,البناء الضوئي والتنفس الخلوي,158,158,157,2,39,TAH-BIO-BIO26-L35-Q039,BIO26-PDF158-L35-S2-Q039,البناء الضوئي والتفاعلات الضوئية ودورة كالفن والمسارات البديلة,BIO26-M22,الطاقة الخلوية والبناء الضوئي والتنفس,BIO26-S22-02,البناء الضوئي والتفاعلات الضوئية ودورة كالفن والمسارات البديلة,تجميعات الأحياء 2026 — مفتاح الإجابة في PDF p.158,B,1,NOT_STARTED,,NOT_RUN,PRE_CROP_RANGE_FROZEN_V1
35,BIO26-L35,أحياء 4,البناء الضوئي والتنفس الخلوي,158,158,157,2,40,TAH-BIO-BIO26-L35-Q040,BIO26-PDF158-L35-S2-Q040,البناء الضوئي والتفاعلات الضوئية ودورة كالفن والمسارات البديلة,BIO26-M22,الطاقة الخلوية والبناء الضوئي والتنفس,BIO26-S22-02,البناء الضوئي والتفاعلات الضوئية ودورة كالفن والمسارات البديلة,تجميعات الأحياء 2026 — مفتاح الإجابة في PDF p.158,A,0,NOT_STARTED,,NOT_RUN,PRE_CROP_RANGE_FROZEN_V1
35,BIO26-L35,أحياء 4,البناء الضوئي والتنفس الخلوي,158,158,157,2,41,TAH-BIO-BIO26-L35-Q041,BIO26-PDF158-L35-S2-Q041,التنفس الخلوي الهوائي واللاهوائي والتخمر,BIO26-M22,الطاقة الخلوية والبناء الضوئي والتنفس,BIO26-S22-04,التنفس الخلوي الهوائي واللاهوائي والتخمر,تجميعات الأحياء 2026 — مفتاح الإجابة في PDF p.158,A,0,NOT_STARTED,,NOT_RUN,PRE_CROP_RANGE_FROZEN_V1
35,BIO26-L35,أحياء 4,البناء الضوئي والتنفس الخلوي,158,158,157,2,42,TAH-BIO-BIO26-L35-Q042,BIO26-PDF158-L35-S2-Q042,التنفس الخلوي الهوائي واللاهوائي والتخمر,BIO26-M22,الطاقة الخلوية والبناء الضوئي والتنفس,BIO26-S22-04,التنفس الخلوي الهوائي واللاهوائي والتخمر,تجميعات الأحياء 2026 — مفتاح الإجابة في PDF p.158,A,0,NOT_STARTED,,NOT_RUN,PRE_CROP_RANGE_FROZEN_V1
35,BIO26-L35,أحياء 4,البناء الضوئي والتنفس الخلوي,158,158,157,2,43,TAH-BIO-BIO26-L35-Q043,BIO26-PDF158-L35-S2-Q043,التنفس الخلوي الهوائي واللاهوائي والتخمر,BIO26-M22,الطاقة الخلوية والبناء الضوئي والتنفس,BIO26-S22-04,التنفس الخلوي الهوائي واللاهوائي والتخمر,تجميعات الأحياء 2026 — مفتاح الإجابة في PDF p.158,D,3,NOT_STARTED,,NOT_RUN,PRE_CROP_RANGE_FROZEN_V1
35,BIO26-L35,أحياء 4,البناء الضوئي والتنفس الخلوي,158,158,157,2,44,TAH-BIO-BIO26-L35-Q044,BIO26-PDF158-L35-S2-Q044,التنفس الخلوي الهوائي واللاهوائي والتخمر,BIO26-M22,الطاقة الخلوية والبناء الضوئي والتنفس,BIO26-S22-04,التنفس الخلوي الهوائي واللاهوائي والتخمر,تجميعات الأحياء 2026 — مفتاح الإجابة في PDF p.158,A,0,NOT_STARTED,,NOT_RUN,PRE_CROP_RANGE_FROZEN_V1
35,BIO26-L35,أحياء 4,البناء الضوئي والتنفس الخلوي,158,158,157,2,45,TAH-BIO-BIO26-L35-Q045,BIO26-PDF158-L35-S2-Q045,التنفس الخلوي الهوائي واللاهوائي والتخمر,BIO26-M22,الطاقة الخلوية والبناء الضوئي والتنفس,BIO26-S22-04,التنفس الخلوي الهوائي واللاهوائي والتخمر,تجميعات الأحياء 2026 — مفتاح الإجابة في PDF p.158,A,0,NOT_STARTED,,NOT_RUN,PRE_CROP_RANGE_FROZEN_V1
35,BIO26-L35,أحياء 4,البناء الضوئي والتنفس الخلوي,158,158,157,2,46,TAH-BIO-BIO26-L35-Q046,BIO26-PDF158-L35-S2-Q046,التنفس الخلوي الهوائي واللاهوائي والتخمر,BIO26-M22,الطاقة الخلوية والبناء الضوئي والتنفس,BIO26-S22-04,التنفس الخلوي الهوائي واللاهوائي والتخمر,تجميعات الأحياء 2026 — مفتاح الإجابة في PDF p.158,D,3,NOT_STARTED,,NOT_RUN,PRE_CROP_RANGE_FROZEN_V1
35,BIO26-L35,أحياء 4,البناء الضوئي والتنفس الخلوي,158,158,157,2,47,TAH-BIO-BIO26-L35-Q047,BIO26-PDF158-L35-S2-Q047,التنفس الخلوي الهوائي واللاهوائي والتخمر,BIO26-M22,الطاقة الخلوية والبناء الضوئي والتنفس,BIO26-S22-04,التنفس الخلوي الهوائي واللاهوائي والتخمر,تجميعات الأحياء 2026 — مفتاح الإجابة في PDF p.158,D,3,NOT_STARTED,,NOT_RUN,PRE_CROP_RANGE_FROZEN_V1
35,BIO26-L35,أحياء 4,البناء الضوئي والتنفس الخلوي,158,158,157,2,48,TAH-BIO-BIO26-L35-Q048,BIO26-PDF158-L35-S2-Q048,التنفس الخلوي الهوائي واللاهوائي والتخمر,BIO26-M22,الطاقة الخلوية والبناء الضوئي والتنفس,BIO26-S22-04,التنفس الخلوي الهوائي واللاهوائي والتخمر,تجميعات الأحياء 2026 — مفتاح الإجابة في PDF p.158,C,2,NOT_STARTED,,NOT_RUN,PRE_CROP_RANGE_FROZEN_V1
35,BIO26-L35,أحياء 4,البناء الضوئي والتنفس الخلوي,158,158,157,2,49,TAH-BIO-BIO26-L35-Q049,BIO26-PDF158-L35-S2-Q049,التنفس الخلوي الهوائي واللاهوائي والتخمر,BIO26-M22,الطاقة الخلوية والبناء الضوئي والتنفس,BIO26-S22-04,التنفس الخلوي الهوائي واللاهوائي والتخمر,تجميعات الأحياء 2026 — مفتاح الإجابة في PDF p.158,C,2,NOT_STARTED,,NOT_RUN,PRE_CROP_RANGE_FROZEN_V1
35,BIO26-L35,أحياء 4,البناء الضوئي والتنفس الخلوي,158,158,157,2,50,TAH-BIO-BIO26-L35-Q050,BIO26-PDF158-L35-S2-Q050,التنفس الخلوي الهوائي واللاهوائي والتخمر,BIO26-M22,الطاقة الخلوية والبناء الضوئي والتنفس,BIO26-S22-04,التنفس الخلوي الهوائي واللاهوائي والتخمر,تجميعات الأحياء 2026 — مفتاح الإجابة في PDF p.158,D,3,NOT_STARTED,,NOT_RUN,PRE_CROP_RANGE_FROZEN_V1
35,BIO26-L35,أحياء 4,البناء الضوئي والتنفس الخلوي,158,158,157,2,51,TAH-BIO-BIO26-L35-Q051,BIO26-PDF158-L35-S2-Q051,التنفس الخلوي الهوائي واللاهوائي والتخمر,BIO26-M22,الطاقة الخلوية والبناء الضوئي والتنفس,BIO26-S22-04,التنفس الخلوي الهوائي واللاهوائي والتخمر,تجميعات الأحياء 2026 — مفتاح الإجابة في PDF p.158,B,1,NOT_STARTED,,NOT_RUN,PRE_CROP_RANGE_FROZEN_V1
35,BIO26-L35,أحياء 4,البناء الضوئي والتنفس الخلوي,158,158,157,2,52,TAH-BIO-BIO26-L35-Q052,BIO26-PDF158-L35-S2-Q052,التنفس الخلوي الهوائي واللاهوائي والتخمر,BIO26-M22,الطاقة الخلوية والبناء الضوئي والتنفس,BIO26-S22-04,التنفس الخلوي الهوائي واللاهوائي والتخمر,تجميعات الأحياء 2026 — مفتاح الإجابة في PDF p.158,B,1,NOT_STARTED,,NOT_RUN,PRE_CROP_RANGE_FROZEN_V1
35,BIO26-L35,أحياء 4,البناء الضوئي والتنفس الخلوي,158,158,157,2,53,TAH-BIO-BIO26-L35-Q053,BIO26-PDF158-L35-S2-Q053,التنفس الخلوي الهوائي واللاهوائي والتخمر,BIO26-M22,الطاقة الخلوية والبناء الضوئي والتنفس,BIO26-S22-04,التنفس الخلوي الهوائي واللاهوائي والتخمر,تجميعات الأحياء 2026 — مفتاح الإجابة في PDF p.158,B,1,NOT_STARTED,,NOT_RUN,PRE_CROP_RANGE_FROZEN_V1
35,BIO26-L35,أحياء 4,البناء الضوئي والتنفس الخلوي,158,158,157,2,54,TAH-BIO-BIO26-L35-Q054,BIO26-PDF158-L35-S2-Q054,التنفس الخلوي الهوائي واللاهوائي والتخمر,BIO26-M22,الطاقة الخلوية والبناء الضوئي والتنفس,BIO26-S22-04,التنفس الخلوي الهوائي واللاهوائي والتخمر,تجميعات الأحياء 2026 — مفتاح الإجابة في PDF p.158,B,1,NOT_STARTED,,NOT_RUN,PRE_CROP_RANGE_FROZEN_V1
35,BIO26-L35,أحياء 4,البناء الضوئي والتنفس الخلوي,158,158,157,2,55,TAH-BIO-BIO26-L35-Q055,BIO26-PDF158-L35-S2-Q055,التنفس الخلوي الهوائي واللاهوائي والتخمر,BIO26-M22,الطاقة الخلوية والبناء الضوئي والتنفس,BIO26-S22-04,التنفس الخلوي الهوائي واللاهوائي والتخمر,تجميعات الأحياء 2026 — مفتاح الإجابة في PDF p.158,D,3,NOT_STARTED,,NOT_RUN,PRE_CROP_RANGE_FROZEN_V1
35,BIO26-L35,أحياء 4,البناء الضوئي والتنفس الخلوي,159,159,158,2,56,TAH-BIO-BIO26-L35-Q056,BIO26-PDF159-L35-S2-Q056,التنفس الخلوي الهوائي واللاهوائي والتخمر,BIO26-M22,الطاقة الخلوية والبناء الضوئي والتنفس,BIO26-S22-04,التنفس الخلوي الهوائي واللاهوائي والتخمر,تجميعات الأحياء 2026 — مفتاح الإجابة في PDF p.159,D,3,NOT_STARTED,,NOT_RUN,PRE_CROP_RANGE_FROZEN_V1
35,BIO26-L35,أحياء 4,البناء الضوئي والتنفس الخلوي,159,159,158,2,57,TAH-BIO-BIO26-L35-Q057,BIO26-PDF159-L35-S2-Q057,التنفس الخلوي الهوائي واللاهوائي والتخمر,BIO26-M22,الطاقة الخلوية والبناء الضوئي والتنفس,BIO26-S22-04,التنفس الخلوي الهوائي واللاهوائي والتخمر,تجميعات الأحياء 2026 — مفتاح الإجابة في PDF p.159,A,0,NOT_STARTED,,NOT_RUN,PRE_CROP_RANGE_FROZEN_V1
35,BIO26-L35,أحياء 4,البناء الضوئي والتنفس الخلوي,159,159,158,2,58,TAH-BIO-BIO26-L35-Q058,BIO26-PDF159-L35-S2-Q058,التنفس الخلوي الهوائي واللاهوائي والتخمر,BIO26-M22,الطاقة الخلوية والبناء الضوئي والتنفس,BIO26-S22-04,التنفس الخلوي الهوائي واللاهوائي والتخمر,تجميعات الأحياء 2026 — مفتاح الإجابة في PDF p.159,B,1,NOT_STARTED,,NOT_RUN,PRE_CROP_RANGE_FROZEN_V1
36,BIO26-L36,أحياء 4,التكاثر الخلوي,160,160,159,1,1,TAH-BIO-BIO26-L36-Q001,BIO26-PDF160-L36-S1-Q001,حجم الخلية ونسبة السطح للحجم ودورة الخلية,BIO26-M23,دورة الخلية والانقسام المتساوي والمنصف,BIO26-S23-01,حجم الخلية ونسبة السطح للحجم ودورة الخلية,تجميعات الأحياء 2026 — مفتاح الإجابة في PDF p.160,C,2,NOT_STARTED,,NOT_RUN,PRE_CROP_RANGE_FROZEN_V1
36,BIO26-L36,أحياء 4,التكاثر الخلوي,160,160,159,1,2,TAH-BIO-BIO26-L36-Q002,BIO26-PDF160-L36-S1-Q002,حجم الخلية ونسبة السطح للحجم ودورة الخلية,BIO26-M23,دورة الخلية والانقسام المتساوي والمنصف,BIO26-S23-01,حجم الخلية ونسبة السطح للحجم ودورة الخلية,تجميعات الأحياء 2026 — مفتاح الإجابة في PDF p.160,C,2,NOT_STARTED,,NOT_RUN,PRE_CROP_RANGE_FROZEN_V1
36,BIO26-L36,أحياء 4,التكاثر الخلوي,160,160,159,1,3,TAH-BIO-BIO26-L36-Q003,BIO26-PDF160-L36-S1-Q003,حجم الخلية ونسبة السطح للحجم ودورة الخلية,BIO26-M23,دورة الخلية والانقسام المتساوي والمنصف,BIO26-S23-01,حجم الخلية ونسبة السطح للحجم ودورة الخلية,تجميعات الأحياء 2026 — مفتاح الإجابة في PDF p.160,D,3,NOT_STARTED,,NOT_RUN,PRE_CROP_RANGE_FROZEN_V1
36,BIO26-L36,أحياء 4,التكاثر الخلوي,160,160,159,1,4,TAH-BIO-BIO26-L36-Q004,BIO26-PDF160-L36-S1-Q004,حجم الخلية ونسبة السطح للحجم ودورة الخلية,BIO26-M23,دورة الخلية والانقسام المتساوي والمنصف,BIO26-S23-01,حجم الخلية ونسبة السطح للحجم ودورة الخلية,تجميعات الأحياء 2026 — مفتاح الإجابة في PDF p.160,A,0,NOT_STARTED,,NOT_RUN,PRE_CROP_RANGE_FROZEN_V1
36,BIO26-L36,أحياء 4,التكاثر الخلوي,160,160,159,1,5,TAH-BIO-BIO26-L36-Q005,BIO26-PDF160-L36-S1-Q005,حجم الخلية ونسبة السطح للحجم ودورة الخلية,BIO26-M23,دورة الخلية والانقسام المتساوي والمنصف,BIO26-S23-01,حجم الخلية ونسبة السطح للحجم ودورة الخلية,تجميعات الأحياء 2026 — مفتاح الإجابة في PDF p.160,D,3,NOT_STARTED,,NOT_RUN,PRE_CROP_RANGE_FROZEN_V1
36,BIO26-L36,أحياء 4,التكاثر الخلوي,160,160,159,1,6,TAH-BIO-BIO26-L36-Q006,BIO26-PDF160-L36-S1-Q006,حجم الخلية ونسبة السطح للحجم ودورة الخلية,BIO26-M23,دورة الخلية والانقسام المتساوي والمنصف,BIO26-S23-01,حجم الخلية ونسبة السطح للحجم ودورة الخلية,تجميعات الأحياء 2026 — مفتاح الإجابة في PDF p.160,C,2,NOT_STARTED,,NOT_RUN,PRE_CROP_RANGE_FROZEN_V1
36,BIO26-L36,أحياء 4,التكاثر الخلوي,160,160,159,1,7,TAH-BIO-BIO26-L36-Q007,BIO26-PDF160-L36-S1-Q007,حجم الخلية ونسبة السطح للحجم ودورة الخلية,BIO26-M23,دورة الخلية والانقسام المتساوي والمنصف,BIO26-S23-01,حجم الخلية ونسبة السطح للحجم ودورة الخلية,تجميعات الأحياء 2026 — مفتاح الإجابة في PDF p.160,B,1,NOT_STARTED,,NOT_RUN,PRE_CROP_RANGE_FROZEN_V1
36,BIO26-L36,أحياء 4,التكاثر الخلوي,160,160,159,1,8,TAH-BIO-BIO26-L36-Q008,BIO26-PDF160-L36-S1-Q008,حجم الخلية ونسبة السطح للحجم ودورة الخلية,BIO26-M23,دورة الخلية والانقسام المتساوي والمنصف,BIO26-S23-01,حجم الخلية ونسبة السطح للحجم ودورة الخلية,تجميعات الأحياء 2026 — مفتاح الإجابة في PDF p.160,B,1,NOT_STARTED,,NOT_RUN,PRE_CROP_RANGE_FROZEN_V1
36,BIO26-L36,أحياء 4,التكاثر الخلوي,160,160,159,1,9,TAH-BIO-BIO26-L36-Q009,BIO26-PDF160-L36-S1-Q009,حجم الخلية ونسبة السطح للحجم ودورة الخلية,BIO26-M23,دورة الخلية والانقسام المتساوي والمنصف,BIO26-S23-01,حجم الخلية ونسبة السطح للحجم ودورة الخلية,تجميعات الأحياء 2026 — مفتاح الإجابة في PDF p.160,D,3,NOT_STARTED,,NOT_RUN,PRE_CROP_RANGE_FROZEN_V1
36,BIO26-L36,أحياء 4,التكاثر الخلوي,160,160,159,1,10,TAH-BIO-BIO26-L36-Q010,BIO26-PDF160-L36-S1-Q010,حجم الخلية ونسبة السطح للحجم ودورة الخلية,BIO26-M23,دورة الخلية والانقسام المتساوي والمنصف,BIO26-S23-01,حجم الخلية ونسبة السطح للحجم ودورة الخلية,تجميعات الأحياء 2026 — مفتاح الإجابة في PDF p.160,A,0,NOT_STARTED,,NOT_RUN,PRE_CROP_RANGE_FROZEN_V1
36,BIO26-L36,أحياء 4,التكاثر الخلوي,160,160,159,1,11,TAH-BIO-BIO26-L36-Q011,BIO26-PDF160-L36-S1-Q011,حجم الخلية ونسبة السطح للحجم ودورة الخلية,BIO26-M23,دورة الخلية والانقسام المتساوي والمنصف,BIO26-S23-01,حجم الخلية ونسبة السطح للحجم ودورة الخلية,تجميعات الأحياء 2026 — مفتاح الإجابة في PDF p.160,A,0,NOT_STARTED,,NOT_RUN,PRE_CROP_RANGE_FROZEN_V1
36,BIO26-L36,أحياء 4,التكاثر الخلوي,160,160,159,1,12,TAH-BIO-BIO26-L36-Q012,BIO26-PDF160-L36-S1-Q012,حجم الخلية ونسبة السطح للحجم ودورة الخلية,BIO26-M23,دورة الخلية والانقسام المتساوي والمنصف,BIO26-S23-01,حجم الخلية ونسبة السطح للحجم ودورة الخلية,تجميعات الأحياء 2026 — مفتاح الإجابة في PDF p.160,C,2,NOT_STARTED,,NOT_RUN,PRE_CROP_RANGE_FROZEN_V1
36,BIO26-L36,أحياء 4,التكاثر الخلوي,160,160,159,1,13,TAH-BIO-BIO26-L36-Q013,BIO26-PDF160-L36-S1-Q013,حجم الخلية ونسبة السطح للحجم ودورة الخلية,BIO26-M23,دورة الخلية والانقسام المتساوي والمنصف,BIO26-S23-01,حجم الخلية ونسبة السطح للحجم ودورة الخلية,تجميعات الأحياء 2026 — مفتاح الإجابة في PDF p.160,C,2,NOT_STARTED,,NOT_RUN,PRE_CROP_RANGE_FROZEN_V1
36,BIO26-L36,أحياء 4,التكاثر الخلوي,160,160,159,1,14,TAH-BIO-BIO26-L36-Q014,BIO26-PDF160-L36-S1-Q014,الانقسام المتساوي ومراحله وانقسام السيتوبلازم,BIO26-M23,دورة الخلية والانقسام المتساوي والمنصف,BIO26-S23-02,الانقسام المتساوي ومراحله وانقسام السيتوبلازم,تجميعات الأحياء 2026 — مفتاح الإجابة في PDF p.160,B,1,NOT_STARTED,,NOT_RUN,PRE_CROP_RANGE_FROZEN_V1
36,BIO26-L36,أحياء 4,التكاثر الخلوي,160,160,159,1,15,TAH-BIO-BIO26-L36-Q015,BIO26-PDF160-L36-S1-Q015,الانقسام المتساوي ومراحله وانقسام السيتوبلازم,BIO26-M23,دورة الخلية والانقسام المتساوي والمنصف,BIO26-S23-02,الانقسام المتساوي ومراحله وانقسام السيتوبلازم,تجميعات الأحياء 2026 — مفتاح الإجابة في PDF p.160,B,1,NOT_STARTED,,NOT_RUN,PRE_CROP_RANGE_FROZEN_V1
36,BIO26-L36,أحياء 4,التكاثر الخلوي,161,161,160,1,16,TAH-BIO-BIO26-L36-Q016,BIO26-PDF161-L36-S1-Q016,الانقسام المتساوي ومراحله وانقسام السيتوبلازم,BIO26-M23,دورة الخلية والانقسام المتساوي والمنصف,BIO26-S23-02,الانقسام المتساوي ومراحله وانقسام السيتوبلازم,تجميعات الأحياء 2026 — مفتاح الإجابة في PDF p.161,B,1,NOT_STARTED,,NOT_RUN,PRE_CROP_RANGE_FROZEN_V1
36,BIO26-L36,أحياء 4,التكاثر الخلوي,161,161,160,1,17,TAH-BIO-BIO26-L36-Q017,BIO26-PDF161-L36-S1-Q017,الانقسام المتساوي ومراحله وانقسام السيتوبلازم,BIO26-M23,دورة الخلية والانقسام المتساوي والمنصف,BIO26-S23-02,الانقسام المتساوي ومراحله وانقسام السيتوبلازم,تجميعات الأحياء 2026 — مفتاح الإجابة في PDF p.161,A,0,NOT_STARTED,,NOT_RUN,PRE_CROP_RANGE_FROZEN_V1
36,BIO26-L36,أحياء 4,التكاثر الخلوي,161,161,160,1,18,TAH-BIO-BIO26-L36-Q018,BIO26-PDF161-L36-S1-Q018,الانقسام المتساوي ومراحله وانقسام السيتوبلازم,BIO26-M23,دورة الخلية والانقسام المتساوي والمنصف,BIO26-S23-02,الانقسام المتساوي ومراحله وانقسام السيتوبلازم,تجميعات الأحياء 2026 — مفتاح الإجابة في PDF p.161,C,2,NOT_STARTED,,NOT_RUN,PRE_CROP_RANGE_FROZEN_V1
36,BIO26-L36,أحياء 4,التكاثر الخلوي,161,161,160,1,19,TAH-BIO-BIO26-L36-Q019,BIO26-PDF161-L36-S1-Q019,الانقسام المتساوي ومراحله وانقسام السيتوبلازم,BIO26-M23,دورة الخلية والانقسام المتساوي والمنصف,BIO26-S23-02,الانقسام المتساوي ومراحله وانقسام السيتوبلازم,تجميعات الأحياء 2026 — مفتاح الإجابة في PDF p.161,A,0,NOT_STARTED,,NOT_RUN,PRE_CROP_RANGE_FROZEN_V1
36,BIO26-L36,أحياء 4,التكاثر الخلوي,161,161,160,1,20,TAH-BIO-BIO26-L36-Q020,BIO26-PDF161-L36-S1-Q020,الانقسام المتساوي ومراحله وانقسام السيتوبلازم,BIO26-M23,دورة الخلية والانقسام المتساوي والمنصف,BIO26-S23-02,الانقسام المتساوي ومراحله وانقسام السيتوبلازم,تجميعات الأحياء 2026 — مفتاح الإجابة في PDF p.161,D,3,NOT_STARTED,,NOT_RUN,PRE_CROP_RANGE_FROZEN_V1
36,BIO26-L36,أحياء 4,التكاثر الخلوي,161,161,160,1,21,TAH-BIO-BIO26-L36-Q021,BIO26-PDF161-L36-S1-Q021,الانقسام المتساوي ومراحله وانقسام السيتوبلازم,BIO26-M23,دورة الخلية والانقسام المتساوي والمنصف,BIO26-S23-02,الانقسام المتساوي ومراحله وانقسام السيتوبلازم,تجميعات الأحياء 2026 — مفتاح الإجابة في PDF p.161,B,1,NOT_STARTED,,NOT_RUN,PRE_CROP_RANGE_FROZEN_V1
36,BIO26-L36,أحياء 4,التكاثر الخلوي,161,161,160,1,22,TAH-BIO-BIO26-L36-Q022,BIO26-PDF161-L36-S1-Q022,الانقسام المتساوي ومراحله وانقسام السيتوبلازم,BIO26-M23,دورة الخلية والانقسام المتساوي والمنصف,BIO26-S23-02,الانقسام المتساوي ومراحله وانقسام السيتوبلازم,تجميعات الأحياء 2026 — مفتاح الإجابة في PDF p.161,C,2,NOT_STARTED,,NOT_RUN,PRE_CROP_RANGE_FROZEN_V1
36,BIO26-L36,أحياء 4,التكاثر الخلوي,161,161,160,1,23,TAH-BIO-BIO26-L36-Q023,BIO26-PDF161-L36-S1-Q023,تنظيم دورة الخلية والسرطان والموت المبرمج والخلايا الجذعية,BIO26-M23,دورة الخلية والانقسام المتساوي والمنصف,BIO26-S23-03,تنظيم دورة الخلية والسرطان والموت المبرمج والخلايا الجذعية,تجميعات الأحياء 2026 — مفتاح الإجابة في PDF p.161,B,1,NOT_STARTED,,NOT_RUN,PRE_CROP_RANGE_FROZEN_V1
36,BIO26-L36,أحياء 4,التكاثر الخلوي,161,161,160,1,24,TAH-BIO-BIO26-L36-Q024,BIO26-PDF161-L36-S1-Q024,تنظيم دورة الخلية والسرطان والموت المبرمج والخلايا الجذعية,BIO26-M23,دورة الخلية والانقسام المتساوي والمنصف,BIO26-S23-03,تنظيم دورة الخلية والسرطان والموت المبرمج والخلايا الجذعية,تجميعات الأحياء 2026 — مفتاح الإجابة في PDF p.161,C,2,NOT_STARTED,,NOT_RUN,PRE_CROP_RANGE_FROZEN_V1
36,BIO26-L36,أحياء 4,التكاثر الخلوي,161,161,160,1,25,TAH-BIO-BIO26-L36-Q025,BIO26-PDF161-L36-S1-Q025,تنظيم دورة الخلية والسرطان والموت المبرمج والخلايا الجذعية,BIO26-M23,دورة الخلية والانقسام المتساوي والمنصف,BIO26-S23-03,تنظيم دورة الخلية والسرطان والموت المبرمج والخلايا الجذعية,تجميعات الأحياء 2026 — مفتاح الإجابة في PDF p.161,B,1,NOT_STARTED,,NOT_RUN,PRE_CROP_RANGE_FROZEN_V1
36,BIO26-L36,أحياء 4,التكاثر الخلوي,161,161,160,1,26,TAH-BIO-BIO26-L36-Q026,BIO26-PDF161-L36-S1-Q026,تنظيم دورة الخلية والسرطان والموت المبرمج والخلايا الجذعية,BIO26-M23,دورة الخلية والانقسام المتساوي والمنصف,BIO26-S23-03,تنظيم دورة الخلية والسرطان والموت المبرمج والخلايا الجذعية,تجميعات الأحياء 2026 — مفتاح الإجابة في PDF p.161,A,0,NOT_STARTED,,NOT_RUN,PRE_CROP_RANGE_FROZEN_V1
36,BIO26-L36,أحياء 4,التكاثر الخلوي,161,161,160,1,27,TAH-BIO-BIO26-L36-Q027,BIO26-PDF161-L36-S1-Q027,تنظيم دورة الخلية والسرطان والموت المبرمج والخلايا الجذعية,BIO26-M23,دورة الخلية والانقسام المتساوي والمنصف,BIO26-S23-03,تنظيم دورة الخلية والسرطان والموت المبرمج والخلايا الجذعية,تجميعات الأحياء 2026 — مفتاح الإجابة في PDF p.161,D,3,NOT_STARTED,,NOT_RUN,PRE_CROP_RANGE_FROZEN_V1
36,BIO26-L36,أحياء 4,التكاثر الخلوي,161,161,160,1,28,TAH-BIO-BIO26-L36-Q028,BIO26-PDF161-L36-S1-Q028,الانقسام المتساوي ومراحله وانقسام السيتوبلازم,BIO26-M23,دورة الخلية والانقسام المتساوي والمنصف,BIO26-S23-02,الانقسام المتساوي ومراحله وانقسام السيتوبلازم,تجميعات الأحياء 2026 — مفتاح الإجابة في PDF p.161,A,0,NOT_STARTED,,NOT_RUN,PRE_CROP_RANGE_FROZEN_V1
36,BIO26-L36,أحياء 4,التكاثر الخلوي,161,161,160,1,29,TAH-BIO-BIO26-L36-Q029,BIO26-PDF161-L36-S1-Q029,الانقسام المتساوي ومراحله وانقسام السيتوبلازم,BIO26-M23,دورة الخلية والانقسام المتساوي والمنصف,BIO26-S23-02,الانقسام المتساوي ومراحله وانقسام السيتوبلازم,تجميعات الأحياء 2026 — مفتاح الإجابة في PDF p.161,C,2,NOT_STARTED,,NOT_RUN,PRE_CROP_RANGE_FROZEN_V1
36,BIO26-L36,أحياء 4,التكاثر الخلوي,161,161,160,1,30,TAH-BIO-BIO26-L36-Q030,BIO26-PDF161-L36-S1-Q030,الانقسام المتساوي ومراحله وانقسام السيتوبلازم,BIO26-M23,دورة الخلية والانقسام المتساوي والمنصف,BIO26-S23-02,الانقسام المتساوي ومراحله وانقسام السيتوبلازم,تجميعات الأحياء 2026 — مفتاح الإجابة في PDF p.161,A,0,NOT_STARTED,,NOT_RUN,PRE_CROP_RANGE_FROZEN_V1
36,BIO26-L36,أحياء 4,التكاثر الخلوي,161,161,160,1,31,TAH-BIO-BIO26-L36-Q031,BIO26-PDF161-L36-S1-Q031,الانقسام المتساوي ومراحله وانقسام السيتوبلازم,BIO26-M23,دورة الخلية والانقسام المتساوي والمنصف,BIO26-S23-02,الانقسام المتساوي ومراحله وانقسام السيتوبلازم,تجميعات الأحياء 2026 — مفتاح الإجابة في PDF p.161,B,1,NOT_STARTED,,NOT_RUN,PRE_CROP_RANGE_FROZEN_V1
36,BIO26-L36,أحياء 4,التكاثر الخلوي,162,162,161,1,32,TAH-BIO-BIO26-L36-Q032,BIO26-PDF162-L36-S1-Q032,الانقسام المتساوي ومراحله وانقسام السيتوبلازم,BIO26-M23,دورة الخلية والانقسام المتساوي والمنصف,BIO26-S23-02,الانقسام المتساوي ومراحله وانقسام السيتوبلازم,تجميعات الأحياء 2026 — مفتاح الإجابة في PDF p.162,B,1,NOT_STARTED,,NOT_RUN,PRE_CROP_RANGE_FROZEN_V1
36,BIO26-L36,أحياء 4,التكاثر الخلوي,162,162,161,1,33,TAH-BIO-BIO26-L36-Q033,BIO26-PDF162-L36-S1-Q033,الانقسام المتساوي ومراحله وانقسام السيتوبلازم,BIO26-M23,دورة الخلية والانقسام المتساوي والمنصف,BIO26-S23-02,الانقسام المتساوي ومراحله وانقسام السيتوبلازم,تجميعات الأحياء 2026 — مفتاح الإجابة في PDF p.162,A,0,NOT_STARTED,,NOT_RUN,PRE_CROP_RANGE_FROZEN_V1
36,BIO26-L36,أحياء 4,التكاثر الخلوي,162,162,161,1,34,TAH-BIO-BIO26-L36-Q034,BIO26-PDF162-L36-S1-Q034,الانقسام المتساوي ومراحله وانقسام السيتوبلازم,BIO26-M23,دورة الخلية والانقسام المتساوي والمنصف,BIO26-S23-02,الانقسام المتساوي ومراحله وانقسام السيتوبلازم,تجميعات الأحياء 2026 — مفتاح الإجابة في PDF p.162,A,0,NOT_STARTED,,NOT_RUN,PRE_CROP_RANGE_FROZEN_V1
36,BIO26-L36,أحياء 4,التكاثر الخلوي,162,162,161,1,35,TAH-BIO-BIO26-L36-Q035,BIO26-PDF162-L36-S1-Q035,الانقسام المتساوي ومراحله وانقسام السيتوبلازم,BIO26-M23,دورة الخلية والانقسام المتساوي والمنصف,BIO26-S23-02,الانقسام المتساوي ومراحله وانقسام السيتوبلازم,تجميعات الأحياء 2026 — مفتاح الإجابة في PDF p.162,A,0,NOT_STARTED,,NOT_RUN,PRE_CROP_RANGE_FROZEN_V1
36,BIO26-L36,أحياء 4,التكاثر الخلوي,162,162,161,1,36,TAH-BIO-BIO26-L36-Q036,BIO26-PDF162-L36-S1-Q036,الانقسام المتساوي ومراحله وانقسام السيتوبلازم,BIO26-M23,دورة الخلية والانقسام المتساوي والمنصف,BIO26-S23-02,الانقسام المتساوي ومراحله وانقسام السيتوبلازم,تجميعات الأحياء 2026 — مفتاح الإجابة في PDF p.162,B,1,NOT_STARTED,,NOT_RUN,PRE_CROP_RANGE_FROZEN_V1
36,BIO26-L36,أحياء 4,التكاثر الخلوي,162,162,161,1,37,TAH-BIO-BIO26-L36-Q037,BIO26-PDF162-L36-S1-Q037,الانقسام المتساوي ومراحله وانقسام السيتوبلازم,BIO26-M23,دورة الخلية والانقسام المتساوي والمنصف,BIO26-S23-02,الانقسام المتساوي ومراحله وانقسام السيتوبلازم,تجميعات الأحياء 2026 — مفتاح الإجابة في PDF p.162,D,3,NOT_STARTED,,NOT_RUN,PRE_CROP_RANGE_FROZEN_V1
36,BIO26-L36,أحياء 4,التكاثر الخلوي,162,162,161,1,38,TAH-BIO-BIO26-L36-Q038,BIO26-PDF162-L36-S1-Q038,الانقسام المتساوي ومراحله وانقسام السيتوبلازم,BIO26-M23,دورة الخلية والانقسام المتساوي والمنصف,BIO26-S23-02,الانقسام المتساوي ومراحله وانقسام السيتوبلازم,تجميعات الأحياء 2026 — مفتاح الإجابة في PDF p.162,A,0,NOT_STARTED,,NOT_RUN,PRE_CROP_RANGE_FROZEN_V1
36,BIO26-L36,أحياء 4,التكاثر الخلوي,162,162,161,1,39,TAH-BIO-BIO26-L36-Q039,BIO26-PDF162-L36-S1-Q039,الانقسام المتساوي ومراحله وانقسام السيتوبلازم,BIO26-M23,دورة الخلية والانقسام المتساوي والمنصف,BIO26-S23-02,الانقسام المتساوي ومراحله وانقسام السيتوبلازم,تجميعات الأحياء 2026 — مفتاح الإجابة في PDF p.162,B,1,NOT_STARTED,,NOT_RUN,PRE_CROP_RANGE_FROZEN_V1
36,BIO26-L36,أحياء 4,التكاثر الخلوي,162,162,161,1,40,TAH-BIO-BIO26-L36-Q040,BIO26-PDF162-L36-S1-Q040,الانقسام المتساوي ومراحله وانقسام السيتوبلازم,BIO26-M23,دورة الخلية والانقسام المتساوي والمنصف,BIO26-S23-02,الانقسام المتساوي ومراحله وانقسام السيتوبلازم,تجميعات الأحياء 2026 — مفتاح الإجابة في PDF p.162,C,2,NOT_STARTED,,NOT_RUN,PRE_CROP_RANGE_FROZEN_V1
36,BIO26-L36,أحياء 4,التكاثر الخلوي,163,163,162,1,41,TAH-BIO-BIO26-L36-Q041,BIO26-PDF163-L36-S1-Q041,الانقسام المتساوي ومراحله وانقسام السيتوبلازم,BIO26-M23,دورة الخلية والانقسام المتساوي والمنصف,BIO26-S23-02,الانقسام المتساوي ومراحله وانقسام السيتوبلازم,تجميعات الأحياء 2026 — مفتاح الإجابة في PDF p.163,B,1,NOT_STARTED,,NOT_RUN,PRE_CROP_RANGE_FROZEN_V1
36,BIO26-L36,أحياء 4,التكاثر الخلوي,163,163,162,1,42,TAH-BIO-BIO26-L36-Q042,BIO26-PDF163-L36-S1-Q042,الانقسام المتساوي ومراحله وانقسام السيتوبلازم,BIO26-M23,دورة الخلية والانقسام المتساوي والمنصف,BIO26-S23-02,الانقسام المتساوي ومراحله وانقسام السيتوبلازم,تجميعات الأحياء 2026 — مفتاح الإجابة في PDF p.163,A,0,NOT_STARTED,,NOT_RUN,PRE_CROP_RANGE_FROZEN_V1
36,BIO26-L36,أحياء 4,التكاثر الخلوي,163,163,162,1,43,TAH-BIO-BIO26-L36-Q043,BIO26-PDF163-L36-S1-Q043,الانقسام المتساوي ومراحله وانقسام السيتوبلازم,BIO26-M23,دورة الخلية والانقسام المتساوي والمنصف,BIO26-S23-02,الانقسام المتساوي ومراحله وانقسام السيتوبلازم,تجميعات الأحياء 2026 — مفتاح الإجابة في PDF p.163,C,2,NOT_STARTED,,NOT_RUN,PRE_CROP_RANGE_FROZEN_V1
36,BIO26-L36,أحياء 4,التكاثر الخلوي,163,163,162,1,44,TAH-BIO-BIO26-L36-Q044,BIO26-PDF163-L36-S1-Q044,الانقسام المتساوي ومراحله وانقسام السيتوبلازم,BIO26-M23,دورة الخلية والانقسام المتساوي والمنصف,BIO26-S23-02,الانقسام المتساوي ومراحله وانقسام السيتوبلازم,تجميعات الأحياء 2026 — مفتاح الإجابة في PDF p.163,A,0,NOT_STARTED,,NOT_RUN,PRE_CROP_RANGE_FROZEN_V1
36,BIO26-L36,أحياء 4,التكاثر الخلوي,163,163,162,1,45,TAH-BIO-BIO26-L36-Q045,BIO26-PDF163-L36-S1-Q045,الانقسام المتساوي ومراحله وانقسام السيتوبلازم,BIO26-M23,دورة الخلية والانقسام المتساوي والمنصف,BIO26-S23-02,الانقسام المتساوي ومراحله وانقسام السيتوبلازم,تجميعات الأحياء 2026 — مفتاح الإجابة في PDF p.163,A,0,NOT_STARTED,,NOT_RUN,PRE_CROP_RANGE_FROZEN_V1
36,BIO26-L36,أحياء 4,التكاثر الخلوي,163,163,162,1,46,TAH-BIO-BIO26-L36-Q046,BIO26-PDF163-L36-S1-Q046,الانقسام المتساوي ومراحله وانقسام السيتوبلازم,BIO26-M23,دورة الخلية والانقسام المتساوي والمنصف,BIO26-S23-02,الانقسام المتساوي ومراحله وانقسام السيتوبلازم,تجميعات الأحياء 2026 — مفتاح الإجابة في PDF p.163,D,3,NOT_STARTED,,NOT_RUN,PRE_CROP_RANGE_FROZEN_V1
36,BIO26-L36,أحياء 4,التكاثر الخلوي,163,163,162,1,47,TAH-BIO-BIO26-L36-Q047,BIO26-PDF163-L36-S1-Q047,الانقسام المتساوي ومراحله وانقسام السيتوبلازم,BIO26-M23,دورة الخلية والانقسام المتساوي والمنصف,BIO26-S23-02,الانقسام المتساوي ومراحله وانقسام السيتوبلازم,تجميعات الأحياء 2026 — مفتاح الإجابة في PDF p.163,B,1,NOT_STARTED,,NOT_RUN,PRE_CROP_RANGE_FROZEN_V1
36,BIO26-L36,أحياء 4,التكاثر الخلوي,164,164,163,2,48,TAH-BIO-BIO26-L36-Q048,BIO26-PDF164-L36-S2-Q048,حجم الخلية ونسبة السطح للحجم ودورة الخلية,BIO26-M23,دورة الخلية والانقسام المتساوي والمنصف,BIO26-S23-01,حجم الخلية ونسبة السطح للحجم ودورة الخلية,تجميعات الأحياء 2026 — مفتاح الإجابة في PDF p.164,A,0,NOT_STARTED,,NOT_RUN,PRE_CROP_RANGE_FROZEN_V1
36,BIO26-L36,أحياء 4,التكاثر الخلوي,164,164,163,2,49,TAH-BIO-BIO26-L36-Q049,BIO26-PDF164-L36-S2-Q049,حجم الخلية ونسبة السطح للحجم ودورة الخلية,BIO26-M23,دورة الخلية والانقسام المتساوي والمنصف,BIO26-S23-01,حجم الخلية ونسبة السطح للحجم ودورة الخلية,تجميعات الأحياء 2026 — مفتاح الإجابة في PDF p.164,C,2,NOT_STARTED,,NOT_RUN,PRE_CROP_RANGE_FROZEN_V1
36,BIO26-L36,أحياء 4,التكاثر الخلوي,164,164,163,2,50,TAH-BIO-BIO26-L36-Q050,BIO26-PDF164-L36-S2-Q050,حجم الخلية ونسبة السطح للحجم ودورة الخلية,BIO26-M23,دورة الخلية والانقسام المتساوي والمنصف,BIO26-S23-01,حجم الخلية ونسبة السطح للحجم ودورة الخلية,تجميعات الأحياء 2026 — مفتاح الإجابة في PDF p.164,B,1,NOT_STARTED,,NOT_RUN,PRE_CROP_RANGE_FROZEN_V1
36,BIO26-L36,أحياء 4,التكاثر الخلوي,164,164,163,2,51,TAH-BIO-BIO26-L36-Q051,BIO26-PDF164-L36-S2-Q051,حجم الخلية ونسبة السطح للحجم ودورة الخلية,BIO26-M23,دورة الخلية والانقسام المتساوي والمنصف,BIO26-S23-01,حجم الخلية ونسبة السطح للحجم ودورة الخلية,تجميعات الأحياء 2026 — مفتاح الإجابة في PDF p.164,C,2,NOT_STARTED,,NOT_RUN,PRE_CROP_RANGE_FROZEN_V1
36,BIO26-L36,أحياء 4,التكاثر الخلوي,164,164,163,2,52,TAH-BIO-BIO26-L36-Q052,BIO26-PDF164-L36-S2-Q052,حجم الخلية ونسبة السطح للحجم ودورة الخلية,BIO26-M23,دورة الخلية والانقسام المتساوي والمنصف,BIO26-S23-01,حجم الخلية ونسبة السطح للحجم ودورة الخلية,تجميعات الأحياء 2026 — مفتاح الإجابة في PDF p.164,C,2,NOT_STARTED,,NOT_RUN,PRE_CROP_RANGE_FROZEN_V1
36,BIO26-L36,أحياء 4,التكاثر الخلوي,164,164,163,2,53,TAH-BIO-BIO26-L36-Q053,BIO26-PDF164-L36-S2-Q053,الانقسام المتساوي ومراحله وانقسام السيتوبلازم,BIO26-M23,دورة الخلية والانقسام المتساوي والمنصف,BIO26-S23-02,الانقسام المتساوي ومراحله وانقسام السيتوبلازم,تجميعات الأحياء 2026 — مفتاح الإجابة في PDF p.164,D,3,NOT_STARTED,,NOT_RUN,PRE_CROP_RANGE_FROZEN_V1
36,BIO26-L36,أحياء 4,التكاثر الخلوي,164,164,163,2,54,TAH-BIO-BIO26-L36-Q054,BIO26-PDF164-L36-S2-Q054,الانقسام المتساوي ومراحله وانقسام السيتوبلازم,BIO26-M23,دورة الخلية والانقسام المتساوي والمنصف,BIO26-S23-02,الانقسام المتساوي ومراحله وانقسام السيتوبلازم,تجميعات الأحياء 2026 — مفتاح الإجابة في PDF p.164,A,0,NOT_STARTED,,NOT_RUN,PRE_CROP_RANGE_FROZEN_V1
36,BIO26-L36,أحياء 4,التكاثر الخلوي,164,164,163,2,55,TAH-BIO-BIO26-L36-Q055,BIO26-PDF164-L36-S2-Q055,الانقسام المتساوي ومراحله وانقسام السيتوبلازم,BIO26-M23,دورة الخلية والانقسام المتساوي والمنصف,BIO26-S23-02,الانقسام المتساوي ومراحله وانقسام السيتوبلازم,تجميعات الأحياء 2026 — مفتاح الإجابة في PDF p.164,B,1,NOT_STARTED,,NOT_RUN,PRE_CROP_RANGE_FROZEN_V1
36,BIO26-L36,أحياء 4,التكاثر الخلوي,164,164,163,2,56,TAH-BIO-BIO26-L36-Q056,BIO26-PDF164-L36-S2-Q056,الانقسام المتساوي ومراحله وانقسام السيتوبلازم,BIO26-M23,دورة الخلية والانقسام المتساوي والمنصف,BIO26-S23-02,الانقسام المتساوي ومراحله وانقسام السيتوبلازم,تجميعات الأحياء 2026 — مفتاح الإجابة في PDF p.164,B,1,NOT_STARTED,,NOT_RUN,PRE_CROP_RANGE_FROZEN_V1
36,BIO26-L36,أحياء 4,التكاثر الخلوي,164,164,163,2,57,TAH-BIO-BIO26-L36-Q057,BIO26-PDF164-L36-S2-Q057,الانقسام المتساوي ومراحله وانقسام السيتوبلازم,BIO26-M23,دورة الخلية والانقسام المتساوي والمنصف,BIO26-S23-02,الانقسام المتساوي ومراحله وانقسام السيتوبلازم,تجميعات الأحياء 2026 — مفتاح الإجابة في PDF p.164,D,3,NOT_STARTED,,NOT_RUN,PRE_CROP_RANGE_FROZEN_V1
36,BIO26-L36,أحياء 4,التكاثر الخلوي,164,164,163,2,58,TAH-BIO-BIO26-L36-Q058,BIO26-PDF164-L36-S2-Q058,الانقسام المتساوي ومراحله وانقسام السيتوبلازم,BIO26-M23,دورة الخلية والانقسام المتساوي والمنصف,BIO26-S23-02,الانقسام المتساوي ومراحله وانقسام السيتوبلازم,تجميعات الأحياء 2026 — مفتاح الإجابة في PDF p.164,B,1,NOT_STARTED,,NOT_RUN,PRE_CROP_RANGE_FROZEN_V1
36,BIO26-L36,أحياء 4,التكاثر الخلوي,164,164,163,2,59,TAH-BIO-BIO26-L36-Q059,BIO26-PDF164-L36-S2-Q059,الانقسام المتساوي ومراحله وانقسام السيتوبلازم,BIO26-M23,دورة الخلية والانقسام المتساوي والمنصف,BIO26-S23-02,الانقسام المتساوي ومراحله وانقسام السيتوبلازم,تجميعات الأحياء 2026 — مفتاح الإجابة في PDF p.164,B,1,NOT_STARTED,,NOT_RUN,PRE_CROP_RANGE_FROZEN_V1
36,BIO26-L36,أحياء 4,التكاثر الخلوي,164,164,163,2,60,TAH-BIO-BIO26-L36-Q060,BIO26-PDF164-L36-S2-Q060,الانقسام المتساوي ومراحله وانقسام السيتوبلازم,BIO26-M23,دورة الخلية والانقسام المتساوي والمنصف,BIO26-S23-02,الانقسام المتساوي ومراحله وانقسام السيتوبلازم,تجميعات الأحياء 2026 — مفتاح الإجابة في PDF p.164,B,1,NOT_STARTED,,NOT_RUN,PRE_CROP_RANGE_FROZEN_V1
36,BIO26-L36,أحياء 4,التكاثر الخلوي,164,164,163,2,61,TAH-BIO-BIO26-L36-Q061,BIO26-PDF164-L36-S2-Q061,الانقسام المتساوي ومراحله وانقسام السيتوبلازم,BIO26-M23,دورة الخلية والانقسام المتساوي والمنصف,BIO26-S23-02,الانقسام المتساوي ومراحله وانقسام السيتوبلازم,تجميعات الأحياء 2026 — مفتاح الإجابة في PDF p.164,A,0,NOT_STARTED,,NOT_RUN,PRE_CROP_RANGE_FROZEN_V1
36,BIO26-L36,أحياء 4,التكاثر الخلوي,164,164,163,2,62,TAH-BIO-BIO26-L36-Q062,BIO26-PDF164-L36-S2-Q062,الانقسام المتساوي ومراحله وانقسام السيتوبلازم,BIO26-M23,دورة الخلية والانقسام المتساوي والمنصف,BIO26-S23-02,الانقسام المتساوي ومراحله وانقسام السيتوبلازم,تجميعات الأحياء 2026 — مفتاح الإجابة في PDF p.164,D,3,NOT_STARTED,,NOT_RUN,PRE_CROP_RANGE_FROZEN_V1
36,BIO26-L36,أحياء 4,التكاثر الخلوي,164,164,163,2,63,TAH-BIO-BIO26-L36-Q063,BIO26-PDF164-L36-S2-Q063,الانقسام المتساوي ومراحله وانقسام السيتوبلازم,BIO26-M23,دورة الخلية والانقسام المتساوي والمنصف,BIO26-S23-02,الانقسام المتساوي ومراحله وانقسام السيتوبلازم,تجميعات الأحياء 2026 — مفتاح الإجابة في PDF p.164,B,1,NOT_STARTED,,NOT_RUN,PRE_CROP_RANGE_FROZEN_V1
36,BIO26-L36,أحياء 4,التكاثر الخلوي,165,165,164,2,64,TAH-BIO-BIO26-L36-Q064,BIO26-PDF165-L36-S2-Q064,الانقسام المتساوي ومراحله وانقسام السيتوبلازم,BIO26-M23,دورة الخلية والانقسام المتساوي والمنصف,BIO26-S23-02,الانقسام المتساوي ومراحله وانقسام السيتوبلازم,تجميعات الأحياء 2026 — مفتاح الإجابة في PDF p.165,B,1,NOT_STARTED,,NOT_RUN,PRE_CROP_RANGE_FROZEN_V1
36,BIO26-L36,أحياء 4,التكاثر الخلوي,165,165,164,2,65,TAH-BIO-BIO26-L36-Q065,BIO26-PDF165-L36-S2-Q065,الانقسام المتساوي ومراحله وانقسام السيتوبلازم,BIO26-M23,دورة الخلية والانقسام المتساوي والمنصف,BIO26-S23-02,الانقسام المتساوي ومراحله وانقسام السيتوبلازم,تجميعات الأحياء 2026 — مفتاح الإجابة في PDF p.165,B,1,NOT_STARTED,,NOT_RUN,PRE_CROP_RANGE_FROZEN_V1
36,BIO26-L36,أحياء 4,التكاثر الخلوي,165,165,164,2,66,TAH-BIO-BIO26-L36-Q066,BIO26-PDF165-L36-S2-Q066,الانقسام المتساوي ومراحله وانقسام السيتوبلازم,BIO26-M23,دورة الخلية والانقسام المتساوي والمنصف,BIO26-S23-02,الانقسام المتساوي ومراحله وانقسام السيتوبلازم,تجميعات الأحياء 2026 — مفتاح الإجابة في PDF p.165,D,3,NOT_STARTED,,NOT_RUN,PRE_CROP_RANGE_FROZEN_V1
36,BIO26-L36,أحياء 4,التكاثر الخلوي,165,165,164,2,67,TAH-BIO-BIO26-L36-Q067,BIO26-PDF165-L36-S2-Q067,الانقسام المتساوي ومراحله وانقسام السيتوبلازم,BIO26-M23,دورة الخلية والانقسام المتساوي والمنصف,BIO26-S23-02,الانقسام المتساوي ومراحله وانقسام السيتوبلازم,تجميعات الأحياء 2026 — مفتاح الإجابة في PDF p.165,A,0,NOT_STARTED,,NOT_RUN,PRE_CROP_RANGE_FROZEN_V1
36,BIO26-L36,أحياء 4,التكاثر الخلوي,165,165,164,2,68,TAH-BIO-BIO26-L36-Q068,BIO26-PDF165-L36-S2-Q068,الانقسام المتساوي ومراحله وانقسام السيتوبلازم,BIO26-M23,دورة الخلية والانقسام المتساوي والمنصف,BIO26-S23-02,الانقسام المتساوي ومراحله وانقسام السيتوبلازم,تجميعات الأحياء 2026 — مفتاح الإجابة في PDF p.165,A,0,NOT_STARTED,,NOT_RUN,PRE_CROP_RANGE_FROZEN_V1
36,BIO26-L36,أحياء 4,التكاثر الخلوي,165,165,164,2,69,TAH-BIO-BIO26-L36-Q069,BIO26-PDF165-L36-S2-Q069,الانقسام المتساوي ومراحله وانقسام السيتوبلازم,BIO26-M23,دورة الخلية والانقسام المتساوي والمنصف,BIO26-S23-02,الانقسام المتساوي ومراحله وانقسام السيتوبلازم,تجميعات الأحياء 2026 — مفتاح الإجابة في PDF p.165,A,0,NOT_STARTED,,NOT_RUN,PRE_CROP_RANGE_FROZEN_V1
36,BIO26-L36,أحياء 4,التكاثر الخلوي,165,165,164,2,70,TAH-BIO-BIO26-L36-Q070,BIO26-PDF165-L36-S2-Q070,الانقسام المتساوي ومراحله وانقسام السيتوبلازم,BIO26-M23,دورة الخلية والانقسام المتساوي والمنصف,BIO26-S23-02,الانقسام المتساوي ومراحله وانقسام السيتوبلازم,تجميعات الأحياء 2026 — مفتاح الإجابة في PDF p.165,C,2,NOT_STARTED,,NOT_RUN,PRE_CROP_RANGE_FROZEN_V1
36,BIO26-L36,أحياء 4,التكاثر الخلوي,165,165,164,2,71,TAH-BIO-BIO26-L36-Q071,BIO26-PDF165-L36-S2-Q071,الانقسام المتساوي ومراحله وانقسام السيتوبلازم,BIO26-M23,دورة الخلية والانقسام المتساوي والمنصف,BIO26-S23-02,الانقسام المتساوي ومراحله وانقسام السيتوبلازم,تجميعات الأحياء 2026 — مفتاح الإجابة في PDF p.165,B,1,NOT_STARTED,,NOT_RUN,PRE_CROP_RANGE_FROZEN_V1
36,BIO26-L36,أحياء 4,التكاثر الخلوي,165,165,164,2,72,TAH-BIO-BIO26-L36-Q072,BIO26-PDF165-L36-S2-Q072,الانقسام المتساوي ومراحله وانقسام السيتوبلازم,BIO26-M23,دورة الخلية والانقسام المتساوي والمنصف,BIO26-S23-02,الانقسام المتساوي ومراحله وانقسام السيتوبلازم,تجميعات الأحياء 2026 — مفتاح الإجابة في PDF p.165,A,0,NOT_STARTED,,NOT_RUN,PRE_CROP_RANGE_FROZEN_V1
36,BIO26-L36,أحياء 4,التكاثر الخلوي,165,165,164,2,73,TAH-BIO-BIO26-L36-Q073,BIO26-PDF165-L36-S2-Q073,الانقسام المتساوي ومراحله وانقسام السيتوبلازم,BIO26-M23,دورة الخلية والانقسام المتساوي والمنصف,BIO26-S23-02,الانقسام المتساوي ومراحله وانقسام السيتوبلازم,تجميعات الأحياء 2026 — مفتاح الإجابة في PDF p.165,D,3,NOT_STARTED,,NOT_RUN,PRE_CROP_RANGE_FROZEN_V1
36,BIO26-L36,أحياء 4,التكاثر الخلوي,165,165,164,2,74,TAH-BIO-BIO26-L36-Q074,BIO26-PDF165-L36-S2-Q074,الانقسام المتساوي ومراحله وانقسام السيتوبلازم,BIO26-M23,دورة الخلية والانقسام المتساوي والمنصف,BIO26-S23-02,الانقسام المتساوي ومراحله وانقسام السيتوبلازم,تجميعات الأحياء 2026 — مفتاح الإجابة في PDF p.165,C,2,NOT_STARTED,,NOT_RUN,PRE_CROP_RANGE_FROZEN_V1
36,BIO26-L36,أحياء 4,التكاثر الخلوي,165,165,164,2,75,TAH-BIO-BIO26-L36-Q075,BIO26-PDF165-L36-S2-Q075,الانقسام المتساوي ومراحله وانقسام السيتوبلازم,BIO26-M23,دورة الخلية والانقسام المتساوي والمنصف,BIO26-S23-02,الانقسام المتساوي ومراحله وانقسام السيتوبلازم,تجميعات الأحياء 2026 — مفتاح الإجابة في PDF p.165,C,2,NOT_STARTED,,NOT_RUN,PRE_CROP_RANGE_FROZEN_V1
36,BIO26-L36,أحياء 4,التكاثر الخلوي,165,165,164,2,76,TAH-BIO-BIO26-L36-Q076,BIO26-PDF165-L36-S2-Q076,الانقسام المتساوي ومراحله وانقسام السيتوبلازم,BIO26-M23,دورة الخلية والانقسام المتساوي والمنصف,BIO26-S23-02,الانقسام المتساوي ومراحله وانقسام السيتوبلازم,تجميعات الأحياء 2026 — مفتاح الإجابة في PDF p.165,D,3,NOT_STARTED,,NOT_RUN,PRE_CROP_RANGE_FROZEN_V1
36,BIO26-L36,أحياء 4,التكاثر الخلوي,165,165,164,2,77,TAH-BIO-BIO26-L36-Q077,BIO26-PDF165-L36-S2-Q077,الانقسام المتساوي ومراحله وانقسام السيتوبلازم,BIO26-M23,دورة الخلية والانقسام المتساوي والمنصف,BIO26-S23-02,الانقسام المتساوي ومراحله وانقسام السيتوبلازم,تجميعات الأحياء 2026 — مفتاح الإجابة في PDF p.165,C,2,NOT_STARTED,,NOT_RUN,PRE_CROP_RANGE_FROZEN_V1
36,BIO26-L36,أحياء 4,التكاثر الخلوي,165,165,164,2,78,TAH-BIO-BIO26-L36-Q078,BIO26-PDF165-L36-S2-Q078,الانقسام المتساوي ومراحله وانقسام السيتوبلازم,BIO26-M23,دورة الخلية والانقسام المتساوي والمنصف,BIO26-S23-02,الانقسام المتساوي ومراحله وانقسام السيتوبلازم,تجميعات الأحياء 2026 — مفتاح الإجابة في PDF p.165,B,1,NOT_STARTED,,NOT_RUN,PRE_CROP_RANGE_FROZEN_V1
36,BIO26-L36,أحياء 4,التكاثر الخلوي,165,165,164,2,79,TAH-BIO-BIO26-L36-Q079,BIO26-PDF165-L36-S2-Q079,الانقسام المتساوي ومراحله وانقسام السيتوبلازم,BIO26-M23,دورة الخلية والانقسام المتساوي والمنصف,BIO26-S23-02,الانقسام المتساوي ومراحله وانقسام السيتوبلازم,تجميعات الأحياء 2026 — مفتاح الإجابة في PDF p.165,A,0,NOT_STARTED,,NOT_RUN,PRE_CROP_RANGE_FROZEN_V1
36,BIO26-L36,أحياء 4,التكاثر الخلوي,165,165,164,2,80,TAH-BIO-BIO26-L36-Q080,BIO26-PDF165-L36-S2-Q080,تنظيم دورة الخلية والسرطان والموت المبرمج والخلايا الجذعية,BIO26-M23,دورة الخلية والانقسام المتساوي والمنصف,BIO26-S23-03,تنظيم دورة الخلية والسرطان والموت المبرمج والخلايا الجذعية,تجميعات الأحياء 2026 — مفتاح الإجابة في PDF p.165,C,2,NOT_STARTED,,NOT_RUN,PRE_CROP_RANGE_FROZEN_V1
36,BIO26-L36,أحياء 4,التكاثر الخلوي,165,165,164,2,81,TAH-BIO-BIO26-L36-Q081,BIO26-PDF165-L36-S2-Q081,تنظيم دورة الخلية والسرطان والموت المبرمج والخلايا الجذعية,BIO26-M23,دورة الخلية والانقسام المتساوي والمنصف,BIO26-S23-03,تنظيم دورة الخلية والسرطان والموت المبرمج والخلايا الجذعية,تجميعات الأحياء 2026 — مفتاح الإجابة في PDF p.165,B,1,NOT_STARTED,,NOT_RUN,PRE_CROP_RANGE_FROZEN_V1
36,BIO26-L36,أحياء 4,التكاثر الخلوي,166,166,165,2,82,TAH-BIO-BIO26-L36-Q082,BIO26-PDF166-L36-S2-Q082,تنظيم دورة الخلية والسرطان والموت المبرمج والخلايا الجذعية,BIO26-M23,دورة الخلية والانقسام المتساوي والمنصف,BIO26-S23-03,تنظيم دورة الخلية والسرطان والموت المبرمج والخلايا الجذعية,تجميعات الأحياء 2026 — مفتاح الإجابة في PDF p.166,B,1,NOT_STARTED,,NOT_RUN,PRE_CROP_RANGE_FROZEN_V1
36,BIO26-L36,أحياء 4,التكاثر الخلوي,166,166,165,2,83,TAH-BIO-BIO26-L36-Q083,BIO26-PDF166-L36-S2-Q083,تنظيم دورة الخلية والسرطان والموت المبرمج والخلايا الجذعية,BIO26-M23,دورة الخلية والانقسام المتساوي والمنصف,BIO26-S23-03,تنظيم دورة الخلية والسرطان والموت المبرمج والخلايا الجذعية,تجميعات الأحياء 2026 — مفتاح الإجابة في PDF p.166,C,2,NOT_STARTED,,NOT_RUN,PRE_CROP_RANGE_FROZEN_V1
36,BIO26-L36,أحياء 4,التكاثر الخلوي,166,166,165,2,84,TAH-BIO-BIO26-L36-Q084,BIO26-PDF166-L36-S2-Q084,تنظيم دورة الخلية والسرطان والموت المبرمج والخلايا الجذعية,BIO26-M23,دورة الخلية والانقسام المتساوي والمنصف,BIO26-S23-03,تنظيم دورة الخلية والسرطان والموت المبرمج والخلايا الجذعية,تجميعات الأحياء 2026 — مفتاح الإجابة في PDF p.166,D,3,NOT_STARTED,,NOT_RUN,PRE_CROP_RANGE_FROZEN_V1
36,BIO26-L36,أحياء 4,التكاثر الخلوي,166,166,165,2,85,TAH-BIO-BIO26-L36-Q085,BIO26-PDF166-L36-S2-Q085,تنظيم دورة الخلية والسرطان والموت المبرمج والخلايا الجذعية,BIO26-M23,دورة الخلية والانقسام المتساوي والمنصف,BIO26-S23-03,تنظيم دورة الخلية والسرطان والموت المبرمج والخلايا الجذعية,تجميعات الأحياء 2026 — مفتاح الإجابة في PDF p.166,D,3,NOT_STARTED,,NOT_RUN,PRE_CROP_RANGE_FROZEN_V1
36,BIO26-L36,أحياء 4,التكاثر الخلوي,166,166,165,2,86,TAH-BIO-BIO26-L36-Q086,BIO26-PDF166-L36-S2-Q086,تنظيم دورة الخلية والسرطان والموت المبرمج والخلايا الجذعية,BIO26-M23,دورة الخلية والانقسام المتساوي والمنصف,BIO26-S23-03,تنظيم دورة الخلية والسرطان والموت المبرمج والخلايا الجذعية,تجميعات الأحياء 2026 — مفتاح الإجابة في PDF p.166,A,0,NOT_STARTED,,NOT_RUN,PRE_CROP_RANGE_FROZEN_V1
36,BIO26-L36,أحياء 4,التكاثر الخلوي,166,166,165,2,87,TAH-BIO-BIO26-L36-Q087,BIO26-PDF166-L36-S2-Q087,الانقسام المتساوي ومراحله وانقسام السيتوبلازم,BIO26-M23,دورة الخلية والانقسام المتساوي والمنصف,BIO26-S23-02,الانقسام المتساوي ومراحله وانقسام السيتوبلازم,تجميعات الأحياء 2026 — مفتاح الإجابة في PDF p.166,B,1,NOT_STARTED,,NOT_RUN,PRE_CROP_RANGE_FROZEN_V1
37,BIO26-L37,أحياء 4,الانقسام المنصف,167,167,166,1,1,TAH-BIO-BIO26-L37-Q001,BIO26-PDF167-L37-S1-Q001,الانقسام المنصف ومراحله ومقارنته بالمتساوي والتنوع الوراثي,BIO26-M23,دورة الخلية والانقسام المتساوي والمنصف,BIO26-S23-04,الانقسام المنصف ومراحله ومقارنته بالمتساوي والتنوع الوراثي,تجميعات الأحياء 2026 — مفتاح الإجابة في PDF p.167,D,3,NOT_STARTED,,NOT_RUN,PRE_CROP_RANGE_FROZEN_V1
37,BIO26-L37,أحياء 4,الانقسام المنصف,167,167,166,1,2,TAH-BIO-BIO26-L37-Q002,BIO26-PDF167-L37-S1-Q002,الانقسام المنصف ومراحله ومقارنته بالمتساوي والتنوع الوراثي,BIO26-M23,دورة الخلية والانقسام المتساوي والمنصف,BIO26-S23-04,الانقسام المنصف ومراحله ومقارنته بالمتساوي والتنوع الوراثي,تجميعات الأحياء 2026 — مفتاح الإجابة في PDF p.167,B,1,NOT_STARTED,,NOT_RUN,PRE_CROP_RANGE_FROZEN_V1
37,BIO26-L37,أحياء 4,الانقسام المنصف,167,167,166,1,3,TAH-BIO-BIO26-L37-Q003,BIO26-PDF167-L37-S1-Q003,الانقسام المنصف ومراحله ومقارنته بالمتساوي والتنوع الوراثي,BIO26-M23,دورة الخلية والانقسام المتساوي والمنصف,BIO26-S23-04,الانقسام المنصف ومراحله ومقارنته بالمتساوي والتنوع الوراثي,تجميعات الأحياء 2026 — مفتاح الإجابة في PDF p.167,B,1,NOT_STARTED,,NOT_RUN,PRE_CROP_RANGE_FROZEN_V1
37,BIO26-L37,أحياء 4,الانقسام المنصف,167,167,166,1,4,TAH-BIO-BIO26-L37-Q004,BIO26-PDF167-L37-S1-Q004,الانقسام المنصف ومراحله ومقارنته بالمتساوي والتنوع الوراثي,BIO26-M23,دورة الخلية والانقسام المتساوي والمنصف,BIO26-S23-04,الانقسام المنصف ومراحله ومقارنته بالمتساوي والتنوع الوراثي,تجميعات الأحياء 2026 — مفتاح الإجابة في PDF p.167,C,2,NOT_STARTED,,NOT_RUN,PRE_CROP_RANGE_FROZEN_V1
37,BIO26-L37,أحياء 4,الانقسام المنصف,167,167,166,1,5,TAH-BIO-BIO26-L37-Q005,BIO26-PDF167-L37-S1-Q005,الانقسام المنصف ومراحله ومقارنته بالمتساوي والتنوع الوراثي,BIO26-M23,دورة الخلية والانقسام المتساوي والمنصف,BIO26-S23-04,الانقسام المنصف ومراحله ومقارنته بالمتساوي والتنوع الوراثي,تجميعات الأحياء 2026 — مفتاح الإجابة في PDF p.167,C,2,NOT_STARTED,,NOT_RUN,PRE_CROP_RANGE_FROZEN_V1
37,BIO26-L37,أحياء 4,الانقسام المنصف,167,167,166,1,6,TAH-BIO-BIO26-L37-Q006,BIO26-PDF167-L37-S1-Q006,الانقسام المنصف ومراحله ومقارنته بالمتساوي والتنوع الوراثي,BIO26-M23,دورة الخلية والانقسام المتساوي والمنصف,BIO26-S23-04,الانقسام المنصف ومراحله ومقارنته بالمتساوي والتنوع الوراثي,تجميعات الأحياء 2026 — مفتاح الإجابة في PDF p.167,C,2,NOT_STARTED,,NOT_RUN,PRE_CROP_RANGE_FROZEN_V1
37,BIO26-L37,أحياء 4,الانقسام المنصف,167,167,166,1,7,TAH-BIO-BIO26-L37-Q007,BIO26-PDF167-L37-S1-Q007,الانقسام المنصف ومراحله ومقارنته بالمتساوي والتنوع الوراثي,BIO26-M23,دورة الخلية والانقسام المتساوي والمنصف,BIO26-S23-04,الانقسام المنصف ومراحله ومقارنته بالمتساوي والتنوع الوراثي,تجميعات الأحياء 2026 — مفتاح الإجابة في PDF p.167,A,0,NOT_STARTED,,NOT_RUN,PRE_CROP_RANGE_FROZEN_V1
37,BIO26-L37,أحياء 4,الانقسام المنصف,167,167,166,1,8,TAH-BIO-BIO26-L37-Q008,BIO26-PDF167-L37-S1-Q008,الانقسام المنصف ومراحله ومقارنته بالمتساوي والتنوع الوراثي,BIO26-M23,دورة الخلية والانقسام المتساوي والمنصف,BIO26-S23-04,الانقسام المنصف ومراحله ومقارنته بالمتساوي والتنوع الوراثي,تجميعات الأحياء 2026 — مفتاح الإجابة في PDF p.167,B,1,NOT_STARTED,,NOT_RUN,PRE_CROP_RANGE_FROZEN_V1
37,BIO26-L37,أحياء 4,الانقسام المنصف,167,167,166,1,9,TAH-BIO-BIO26-L37-Q009,BIO26-PDF167-L37-S1-Q009,الانقسام المنصف ومراحله ومقارنته بالمتساوي والتنوع الوراثي,BIO26-M23,دورة الخلية والانقسام المتساوي والمنصف,BIO26-S23-04,الانقسام المنصف ومراحله ومقارنته بالمتساوي والتنوع الوراثي,تجميعات الأحياء 2026 — مفتاح الإجابة في PDF p.167,C,2,NOT_STARTED,,NOT_RUN,PRE_CROP_RANGE_FROZEN_V1
37,BIO26-L37,أحياء 4,الانقسام المنصف,167,167,166,1,10,TAH-BIO-BIO26-L37-Q010,BIO26-PDF167-L37-S1-Q010,الانقسام المنصف ومراحله ومقارنته بالمتساوي والتنوع الوراثي,BIO26-M23,دورة الخلية والانقسام المتساوي والمنصف,BIO26-S23-04,الانقسام المنصف ومراحله ومقارنته بالمتساوي والتنوع الوراثي,تجميعات الأحياء 2026 — مفتاح الإجابة في PDF p.167,A,0,NOT_STARTED,,NOT_RUN,PRE_CROP_RANGE_FROZEN_V1
37,BIO26-L37,أحياء 4,الانقسام المنصف,167,167,166,1,11,TAH-BIO-BIO26-L37-Q011,BIO26-PDF167-L37-S1-Q011,الانقسام المنصف ومراحله ومقارنته بالمتساوي والتنوع الوراثي,BIO26-M23,دورة الخلية والانقسام المتساوي والمنصف,BIO26-S23-04,الانقسام المنصف ومراحله ومقارنته بالمتساوي والتنوع الوراثي,تجميعات الأحياء 2026 — مفتاح الإجابة في PDF p.167,A,0,NOT_STARTED,,NOT_RUN,PRE_CROP_RANGE_FROZEN_V1
37,BIO26-L37,أحياء 4,الانقسام المنصف,167,167,166,1,12,TAH-BIO-BIO26-L37-Q012,BIO26-PDF167-L37-S1-Q012,الانقسام المنصف ومراحله ومقارنته بالمتساوي والتنوع الوراثي,BIO26-M23,دورة الخلية والانقسام المتساوي والمنصف,BIO26-S23-04,الانقسام المنصف ومراحله ومقارنته بالمتساوي والتنوع الوراثي,تجميعات الأحياء 2026 — مفتاح الإجابة في PDF p.167,D,3,NOT_STARTED,,NOT_RUN,PRE_CROP_RANGE_FROZEN_V1
37,BIO26-L37,أحياء 4,الانقسام المنصف,167,167,166,1,13,TAH-BIO-BIO26-L37-Q013,BIO26-PDF167-L37-S1-Q013,الانقسام المنصف ومراحله ومقارنته بالمتساوي والتنوع الوراثي,BIO26-M23,دورة الخلية والانقسام المتساوي والمنصف,BIO26-S23-04,الانقسام المنصف ومراحله ومقارنته بالمتساوي والتنوع الوراثي,تجميعات الأحياء 2026 — مفتاح الإجابة في PDF p.167,A,0,NOT_STARTED,,NOT_RUN,PRE_CROP_RANGE_FROZEN_V1
37,BIO26-L37,أحياء 4,الانقسام المنصف,168,168,167,1,14,TAH-BIO-BIO26-L37-Q014,BIO26-PDF168-L37-S1-Q014,الانقسام المنصف ومراحله ومقارنته بالمتساوي والتنوع الوراثي,BIO26-M23,دورة الخلية والانقسام المتساوي والمنصف,BIO26-S23-04,الانقسام المنصف ومراحله ومقارنته بالمتساوي والتنوع الوراثي,تجميعات الأحياء 2026 — مفتاح الإجابة في PDF p.168,A,0,NOT_STARTED,,NOT_RUN,PRE_CROP_RANGE_FROZEN_V1
37,BIO26-L37,أحياء 4,الانقسام المنصف,168,168,167,1,15,TAH-BIO-BIO26-L37-Q015,BIO26-PDF168-L37-S1-Q015,الانقسام المنصف ومراحله ومقارنته بالمتساوي والتنوع الوراثي,BIO26-M23,دورة الخلية والانقسام المتساوي والمنصف,BIO26-S23-04,الانقسام المنصف ومراحله ومقارنته بالمتساوي والتنوع الوراثي,تجميعات الأحياء 2026 — مفتاح الإجابة في PDF p.168,C,2,NOT_STARTED,,NOT_RUN,PRE_CROP_RANGE_FROZEN_V1
37,BIO26-L37,أحياء 4,الانقسام المنصف,168,168,167,1,16,TAH-BIO-BIO26-L37-Q016,BIO26-PDF168-L37-S1-Q016,الانقسام المنصف ومراحله ومقارنته بالمتساوي والتنوع الوراثي,BIO26-M23,دورة الخلية والانقسام المتساوي والمنصف,BIO26-S23-04,الانقسام المنصف ومراحله ومقارنته بالمتساوي والتنوع الوراثي,تجميعات الأحياء 2026 — مفتاح الإجابة في PDF p.168,A,0,NOT_STARTED,,NOT_RUN,PRE_CROP_RANGE_FROZEN_V1
37,BIO26-L37,أحياء 4,الانقسام المنصف,168,168,167,1,17,TAH-BIO-BIO26-L37-Q017,BIO26-PDF168-L37-S1-Q017,الانقسام المنصف ومراحله ومقارنته بالمتساوي والتنوع الوراثي,BIO26-M23,دورة الخلية والانقسام المتساوي والمنصف,BIO26-S23-04,الانقسام المنصف ومراحله ومقارنته بالمتساوي والتنوع الوراثي,تجميعات الأحياء 2026 — مفتاح الإجابة في PDF p.168,A,0,NOT_STARTED,,NOT_RUN,PRE_CROP_RANGE_FROZEN_V1
37,BIO26-L37,أحياء 4,الانقسام المنصف,168,168,167,1,18,TAH-BIO-BIO26-L37-Q018,BIO26-PDF168-L37-S1-Q018,الانقسام المنصف ومراحله ومقارنته بالمتساوي والتنوع الوراثي,BIO26-M23,دورة الخلية والانقسام المتساوي والمنصف,BIO26-S23-04,الانقسام المنصف ومراحله ومقارنته بالمتساوي والتنوع الوراثي,تجميعات الأحياء 2026 — مفتاح الإجابة في PDF p.168,D,3,NOT_STARTED,,NOT_RUN,PRE_CROP_RANGE_FROZEN_V1
37,BIO26-L37,أحياء 4,الانقسام المنصف,168,168,167,1,19,TAH-BIO-BIO26-L37-Q019,BIO26-PDF168-L37-S1-Q019,الانقسام المنصف ومراحله ومقارنته بالمتساوي والتنوع الوراثي,BIO26-M23,دورة الخلية والانقسام المتساوي والمنصف,BIO26-S23-04,الانقسام المنصف ومراحله ومقارنته بالمتساوي والتنوع الوراثي,تجميعات الأحياء 2026 — مفتاح الإجابة في PDF p.168,D,3,NOT_STARTED,,NOT_RUN,PRE_CROP_RANGE_FROZEN_V1
37,BIO26-L37,أحياء 4,الانقسام المنصف,168,168,167,1,20,TAH-BIO-BIO26-L37-Q020,BIO26-PDF168-L37-S1-Q020,الانقسام المنصف ومراحله ومقارنته بالمتساوي والتنوع الوراثي,BIO26-M23,دورة الخلية والانقسام المتساوي والمنصف,BIO26-S23-04,الانقسام المنصف ومراحله ومقارنته بالمتساوي والتنوع الوراثي,تجميعات الأحياء 2026 — مفتاح الإجابة في PDF p.168,A,0,NOT_STARTED,,NOT_RUN,PRE_CROP_RANGE_FROZEN_V1
37,BIO26-L37,أحياء 4,الانقسام المنصف,168,168,167,1,21,TAH-BIO-BIO26-L37-Q021,BIO26-PDF168-L37-S1-Q021,الانقسام المنصف ومراحله ومقارنته بالمتساوي والتنوع الوراثي,BIO26-M23,دورة الخلية والانقسام المتساوي والمنصف,BIO26-S23-04,الانقسام المنصف ومراحله ومقارنته بالمتساوي والتنوع الوراثي,تجميعات الأحياء 2026 — مفتاح الإجابة في PDF p.168,B,1,NOT_STARTED,,NOT_RUN,PRE_CROP_RANGE_FROZEN_V1
37,BIO26-L37,أحياء 4,الانقسام المنصف,168,168,167,1,22,TAH-BIO-BIO26-L37-Q022,BIO26-PDF168-L37-S1-Q022,الانقسام المنصف ومراحله ومقارنته بالمتساوي والتنوع الوراثي,BIO26-M23,دورة الخلية والانقسام المتساوي والمنصف,BIO26-S23-04,الانقسام المنصف ومراحله ومقارنته بالمتساوي والتنوع الوراثي,تجميعات الأحياء 2026 — مفتاح الإجابة في PDF p.168,D,3,NOT_STARTED,,NOT_RUN,PRE_CROP_RANGE_FROZEN_V1
37,BIO26-L37,أحياء 4,الانقسام المنصف,169,169,168,2,23,TAH-BIO-BIO26-L37-Q023,BIO26-PDF169-L37-S2-Q023,الانقسام المنصف ومراحله ومقارنته بالمتساوي والتنوع الوراثي,BIO26-M23,دورة الخلية والانقسام المتساوي والمنصف,BIO26-S23-04,الانقسام المنصف ومراحله ومقارنته بالمتساوي والتنوع الوراثي,تجميعات الأحياء 2026 — مفتاح الإجابة في PDF p.169,C,2,NOT_STARTED,,NOT_RUN,PRE_CROP_RANGE_FROZEN_V1
37,BIO26-L37,أحياء 4,الانقسام المنصف,169,169,168,2,24,TAH-BIO-BIO26-L37-Q024,BIO26-PDF169-L37-S2-Q024,الانقسام المنصف ومراحله ومقارنته بالمتساوي والتنوع الوراثي,BIO26-M23,دورة الخلية والانقسام المتساوي والمنصف,BIO26-S23-04,الانقسام المنصف ومراحله ومقارنته بالمتساوي والتنوع الوراثي,تجميعات الأحياء 2026 — مفتاح الإجابة في PDF p.169,B,1,NOT_STARTED,,NOT_RUN,PRE_CROP_RANGE_FROZEN_V1
37,BIO26-L37,أحياء 4,الانقسام المنصف,169,169,168,2,25,TAH-BIO-BIO26-L37-Q025,BIO26-PDF169-L37-S2-Q025,الانقسام المنصف ومراحله ومقارنته بالمتساوي والتنوع الوراثي,BIO26-M23,دورة الخلية والانقسام المتساوي والمنصف,BIO26-S23-04,الانقسام المنصف ومراحله ومقارنته بالمتساوي والتنوع الوراثي,تجميعات الأحياء 2026 — مفتاح الإجابة في PDF p.169,A,0,NOT_STARTED,,NOT_RUN,PRE_CROP_RANGE_FROZEN_V1
37,BIO26-L37,أحياء 4,الانقسام المنصف,169,169,168,2,26,TAH-BIO-BIO26-L37-Q026,BIO26-PDF169-L37-S2-Q026,الانقسام المنصف ومراحله ومقارنته بالمتساوي والتنوع الوراثي,BIO26-M23,دورة الخلية والانقسام المتساوي والمنصف,BIO26-S23-04,الانقسام المنصف ومراحله ومقارنته بالمتساوي والتنوع الوراثي,تجميعات الأحياء 2026 — مفتاح الإجابة في PDF p.169,D,3,NOT_STARTED,,NOT_RUN,PRE_CROP_RANGE_FROZEN_V1
37,BIO26-L37,أحياء 4,الانقسام المنصف,169,169,168,2,27,TAH-BIO-BIO26-L37-Q027,BIO26-PDF169-L37-S2-Q027,الانقسام المنصف ومراحله ومقارنته بالمتساوي والتنوع الوراثي,BIO26-M23,دورة الخلية والانقسام المتساوي والمنصف,BIO26-S23-04,الانقسام المنصف ومراحله ومقارنته بالمتساوي والتنوع الوراثي,تجميعات الأحياء 2026 — مفتاح الإجابة في PDF p.169,C,2,NOT_STARTED,,NOT_RUN,PRE_CROP_RANGE_FROZEN_V1
37,BIO26-L37,أحياء 4,الانقسام المنصف,169,169,168,2,28,TAH-BIO-BIO26-L37-Q028,BIO26-PDF169-L37-S2-Q028,الانقسام المنصف ومراحله ومقارنته بالمتساوي والتنوع الوراثي,BIO26-M23,دورة الخلية والانقسام المتساوي والمنصف,BIO26-S23-04,الانقسام المنصف ومراحله ومقارنته بالمتساوي والتنوع الوراثي,تجميعات الأحياء 2026 — مفتاح الإجابة في PDF p.169,A,0,NOT_STARTED,,NOT_RUN,PRE_CROP_RANGE_FROZEN_V1
37,BIO26-L37,أحياء 4,الانقسام المنصف,169,169,168,2,29,TAH-BIO-BIO26-L37-Q029,BIO26-PDF169-L37-S2-Q029,الانقسام المنصف ومراحله ومقارنته بالمتساوي والتنوع الوراثي,BIO26-M23,دورة الخلية والانقسام المتساوي والمنصف,BIO26-S23-04,الانقسام المنصف ومراحله ومقارنته بالمتساوي والتنوع الوراثي,تجميعات الأحياء 2026 — مفتاح الإجابة في PDF p.169,B,1,NOT_STARTED,,NOT_RUN,PRE_CROP_RANGE_FROZEN_V1
37,BIO26-L37,أحياء 4,الانقسام المنصف,169,169,168,2,30,TAH-BIO-BIO26-L37-Q030,BIO26-PDF169-L37-S2-Q030,الانقسام المنصف ومراحله ومقارنته بالمتساوي والتنوع الوراثي,BIO26-M23,دورة الخلية والانقسام المتساوي والمنصف,BIO26-S23-04,الانقسام المنصف ومراحله ومقارنته بالمتساوي والتنوع الوراثي,تجميعات الأحياء 2026 — مفتاح الإجابة في PDF p.169,D,3,NOT_STARTED,,NOT_RUN,PRE_CROP_RANGE_FROZEN_V1
37,BIO26-L37,أحياء 4,الانقسام المنصف,169,169,168,2,31,TAH-BIO-BIO26-L37-Q031,BIO26-PDF169-L37-S2-Q031,الانقسام المنصف ومراحله ومقارنته بالمتساوي والتنوع الوراثي,BIO26-M23,دورة الخلية والانقسام المتساوي والمنصف,BIO26-S23-04,الانقسام المنصف ومراحله ومقارنته بالمتساوي والتنوع الوراثي,تجميعات الأحياء 2026 — مفتاح الإجابة في PDF p.169,D,3,NOT_STARTED,,NOT_RUN,PRE_CROP_RANGE_FROZEN_V1
37,BIO26-L37,أحياء 4,الانقسام المنصف,169,169,168,2,32,TAH-BIO-BIO26-L37-Q032,BIO26-PDF169-L37-S2-Q032,الانقسام المنصف ومراحله ومقارنته بالمتساوي والتنوع الوراثي,BIO26-M23,دورة الخلية والانقسام المتساوي والمنصف,BIO26-S23-04,الانقسام المنصف ومراحله ومقارنته بالمتساوي والتنوع الوراثي,تجميعات الأحياء 2026 — مفتاح الإجابة في PDF p.169,A,0,NOT_STARTED,,NOT_RUN,PRE_CROP_RANGE_FROZEN_V1
37,BIO26-L37,أحياء 4,الانقسام المنصف,169,169,168,2,33,TAH-BIO-BIO26-L37-Q033,BIO26-PDF169-L37-S2-Q033,الانقسام المنصف ومراحله ومقارنته بالمتساوي والتنوع الوراثي,BIO26-M23,دورة الخلية والانقسام المتساوي والمنصف,BIO26-S23-04,الانقسام المنصف ومراحله ومقارنته بالمتساوي والتنوع الوراثي,تجميعات الأحياء 2026 — مفتاح الإجابة في PDF p.169,B,1,NOT_STARTED,,NOT_RUN,PRE_CROP_RANGE_FROZEN_V1
37,BIO26-L37,أحياء 4,الانقسام المنصف,169,169,168,2,34,TAH-BIO-BIO26-L37-Q034,BIO26-PDF169-L37-S2-Q034,الانقسام المنصف ومراحله ومقارنته بالمتساوي والتنوع الوراثي,BIO26-M23,دورة الخلية والانقسام المتساوي والمنصف,BIO26-S23-04,الانقسام المنصف ومراحله ومقارنته بالمتساوي والتنوع الوراثي,تجميعات الأحياء 2026 — مفتاح الإجابة في PDF p.169,B,1,NOT_STARTED,,NOT_RUN,PRE_CROP_RANGE_FROZEN_V1
37,BIO26-L37,أحياء 4,الانقسام المنصف,169,169,168,2,35,TAH-BIO-BIO26-L37-Q035,BIO26-PDF169-L37-S2-Q035,الانقسام المنصف ومراحله ومقارنته بالمتساوي والتنوع الوراثي,BIO26-M23,دورة الخلية والانقسام المتساوي والمنصف,BIO26-S23-04,الانقسام المنصف ومراحله ومقارنته بالمتساوي والتنوع الوراثي,تجميعات الأحياء 2026 — مفتاح الإجابة في PDF p.169,D,3,NOT_STARTED,,NOT_RUN,PRE_CROP_RANGE_FROZEN_V1
37,BIO26-L37,أحياء 4,الانقسام المنصف,169,169,168,2,36,TAH-BIO-BIO26-L37-Q036,BIO26-PDF169-L37-S2-Q036,الانقسام المنصف ومراحله ومقارنته بالمتساوي والتنوع الوراثي,BIO26-M23,دورة الخلية والانقسام المتساوي والمنصف,BIO26-S23-04,الانقسام المنصف ومراحله ومقارنته بالمتساوي والتنوع الوراثي,تجميعات الأحياء 2026 — مفتاح الإجابة في PDF p.169,A,0,NOT_STARTED,,NOT_RUN,PRE_CROP_RANGE_FROZEN_V1
37,BIO26-L37,أحياء 4,الانقسام المنصف,169,169,168,2,37,TAH-BIO-BIO26-L37-Q037,BIO26-PDF169-L37-S2-Q037,الانقسام المنصف ومراحله ومقارنته بالمتساوي والتنوع الوراثي,BIO26-M23,دورة الخلية والانقسام المتساوي والمنصف,BIO26-S23-04,الانقسام المنصف ومراحله ومقارنته بالمتساوي والتنوع الوراثي,تجميعات الأحياء 2026 — مفتاح الإجابة في PDF p.169,B,1,NOT_STARTED,,NOT_RUN,PRE_CROP_RANGE_FROZEN_V1
37,BIO26-L37,أحياء 4,الانقسام المنصف,169,169,168,2,38,TAH-BIO-BIO26-L37-Q038,BIO26-PDF169-L37-S2-Q038,الانقسام المنصف ومراحله ومقارنته بالمتساوي والتنوع الوراثي,BIO26-M23,دورة الخلية والانقسام المتساوي والمنصف,BIO26-S23-04,الانقسام المنصف ومراحله ومقارنته بالمتساوي والتنوع الوراثي,تجميعات الأحياء 2026 — مفتاح الإجابة في PDF p.169,C,2,NOT_STARTED,,NOT_RUN,PRE_CROP_RANGE_FROZEN_V1
38,BIO26-L38,أحياء 4,الوراثة المندلية,170,170,169,1,1,TAH-BIO-BIO26-L38-Q001,BIO26-PDF170-L38-S1-Q001,مفاهيم مندل: السيادة والطراز الجيني والظاهري,BIO26-M24,الوراثة المندلية,BIO26-S24-01,مفاهيم مندل: السيادة والطراز الجيني والظاهري,تجميعات الأحياء 2026 — مفتاح الإجابة في PDF p.170,D,3,NOT_STARTED,,NOT_RUN,PRE_CROP_RANGE_FROZEN_V1
38,BIO26-L38,أحياء 4,الوراثة المندلية,170,170,169,1,2,TAH-BIO-BIO26-L38-Q002,BIO26-PDF170-L38-S1-Q002,مفاهيم مندل: السيادة والطراز الجيني والظاهري,BIO26-M24,الوراثة المندلية,BIO26-S24-01,مفاهيم مندل: السيادة والطراز الجيني والظاهري,تجميعات الأحياء 2026 — مفتاح الإجابة في PDF p.170,B,1,NOT_STARTED,,NOT_RUN,PRE_CROP_RANGE_FROZEN_V1
38,BIO26-L38,أحياء 4,الوراثة المندلية,170,170,169,1,3,TAH-BIO-BIO26-L38-Q003,BIO26-PDF170-L38-S1-Q003,مفاهيم مندل: السيادة والطراز الجيني والظاهري,BIO26-M24,الوراثة المندلية,BIO26-S24-01,مفاهيم مندل: السيادة والطراز الجيني والظاهري,تجميعات الأحياء 2026 — مفتاح الإجابة في PDF p.170,B,1,NOT_STARTED,,NOT_RUN,PRE_CROP_RANGE_FROZEN_V1
38,BIO26-L38,أحياء 4,الوراثة المندلية,170,170,169,1,4,TAH-BIO-BIO26-L38-Q004,BIO26-PDF170-L38-S1-Q004,مفاهيم مندل: السيادة والطراز الجيني والظاهري,BIO26-M24,الوراثة المندلية,BIO26-S24-01,مفاهيم مندل: السيادة والطراز الجيني والظاهري,تجميعات الأحياء 2026 — مفتاح الإجابة في PDF p.170,D,3,NOT_STARTED,,NOT_RUN,PRE_CROP_RANGE_FROZEN_V1
38,BIO26-L38,أحياء 4,الوراثة المندلية,170,170,169,1,5,TAH-BIO-BIO26-L38-Q005,BIO26-PDF170-L38-S1-Q005,مفاهيم مندل: السيادة والطراز الجيني والظاهري,BIO26-M24,الوراثة المندلية,BIO26-S24-01,مفاهيم مندل: السيادة والطراز الجيني والظاهري,تجميعات الأحياء 2026 — مفتاح الإجابة في PDF p.170,A,0,NOT_STARTED,,NOT_RUN,PRE_CROP_RANGE_FROZEN_V1
38,BIO26-L38,أحياء 4,الوراثة المندلية,170,170,169,1,6,TAH-BIO-BIO26-L38-Q006,BIO26-PDF170-L38-S1-Q006,مفاهيم مندل: السيادة والطراز الجيني والظاهري,BIO26-M24,الوراثة المندلية,BIO26-S24-01,مفاهيم مندل: السيادة والطراز الجيني والظاهري,تجميعات الأحياء 2026 — مفتاح الإجابة في PDF p.170,A,0,NOT_STARTED,,NOT_RUN,PRE_CROP_RANGE_FROZEN_V1
38,BIO26-L38,أحياء 4,الوراثة المندلية,170,170,169,1,7,TAH-BIO-BIO26-L38-Q007,BIO26-PDF170-L38-S1-Q007,مفاهيم مندل: السيادة والطراز الجيني والظاهري,BIO26-M24,الوراثة المندلية,BIO26-S24-01,مفاهيم مندل: السيادة والطراز الجيني والظاهري,تجميعات الأحياء 2026 — مفتاح الإجابة في PDF p.170,D,3,NOT_STARTED,,NOT_RUN,PRE_CROP_RANGE_FROZEN_V1
38,BIO26-L38,أحياء 4,الوراثة المندلية,170,170,169,1,8,TAH-BIO-BIO26-L38-Q008,BIO26-PDF170-L38-S1-Q008,مفاهيم مندل: السيادة والطراز الجيني والظاهري,BIO26-M24,الوراثة المندلية,BIO26-S24-01,مفاهيم مندل: السيادة والطراز الجيني والظاهري,تجميعات الأحياء 2026 — مفتاح الإجابة في PDF p.170,D,3,NOT_STARTED,,NOT_RUN,PRE_CROP_RANGE_FROZEN_V1
38,BIO26-L38,أحياء 4,الوراثة المندلية,170,170,169,1,9,TAH-BIO-BIO26-L38-Q009,BIO26-PDF170-L38-S1-Q009,مفاهيم مندل: السيادة والطراز الجيني والظاهري,BIO26-M24,الوراثة المندلية,BIO26-S24-01,مفاهيم مندل: السيادة والطراز الجيني والظاهري,تجميعات الأحياء 2026 — مفتاح الإجابة في PDF p.170,D,3,NOT_STARTED,,NOT_RUN,PRE_CROP_RANGE_FROZEN_V1
38,BIO26-L38,أحياء 4,الوراثة المندلية,170,170,169,1,10,TAH-BIO-BIO26-L38-Q010,BIO26-PDF170-L38-S1-Q010,مفاهيم مندل: السيادة والطراز الجيني والظاهري,BIO26-M24,الوراثة المندلية,BIO26-S24-01,مفاهيم مندل: السيادة والطراز الجيني والظاهري,تجميعات الأحياء 2026 — مفتاح الإجابة في PDF p.170,D,3,NOT_STARTED,,NOT_RUN,PRE_CROP_RANGE_FROZEN_V1
38,BIO26-L38,أحياء 4,الوراثة المندلية,170,170,169,1,11,TAH-BIO-BIO26-L38-Q011,BIO26-PDF170-L38-S1-Q011,مربعات بانيت والتهجين الأحادي والاحتمالات,BIO26-M24,الوراثة المندلية,BIO26-S24-02,مربعات بانيت والتهجين الأحادي والاحتمالات,تجميعات الأحياء 2026 — مفتاح الإجابة في PDF p.170,A,0,NOT_STARTED,,NOT_RUN,PRE_CROP_RANGE_FROZEN_V1
38,BIO26-L38,أحياء 4,الوراثة المندلية,170,170,169,1,12,TAH-BIO-BIO26-L38-Q012,BIO26-PDF170-L38-S1-Q012,مربعات بانيت والتهجين الأحادي والاحتمالات,BIO26-M24,الوراثة المندلية,BIO26-S24-02,مربعات بانيت والتهجين الأحادي والاحتمالات,تجميعات الأحياء 2026 — مفتاح الإجابة في PDF p.170,D,3,NOT_STARTED,,NOT_RUN,PRE_CROP_RANGE_FROZEN_V1
38,BIO26-L38,أحياء 4,الوراثة المندلية,170,170,169,1,13,TAH-BIO-BIO26-L38-Q013,BIO26-PDF170-L38-S1-Q013,مربعات بانيت والتهجين الأحادي والاحتمالات,BIO26-M24,الوراثة المندلية,BIO26-S24-02,مربعات بانيت والتهجين الأحادي والاحتمالات,تجميعات الأحياء 2026 — مفتاح الإجابة في PDF p.170,D,3,NOT_STARTED,,NOT_RUN,PRE_CROP_RANGE_FROZEN_V1
38,BIO26-L38,أحياء 4,الوراثة المندلية,170,170,169,1,14,TAH-BIO-BIO26-L38-Q014,BIO26-PDF170-L38-S1-Q014,مربعات بانيت والتهجين الأحادي والاحتمالات,BIO26-M24,الوراثة المندلية,BIO26-S24-02,مربعات بانيت والتهجين الأحادي والاحتمالات,تجميعات الأحياء 2026 — مفتاح الإجابة في PDF p.170,A,0,NOT_STARTED,,NOT_RUN,PRE_CROP_RANGE_FROZEN_V1
38,BIO26-L38,أحياء 4,الوراثة المندلية,170,170,169,1,15,TAH-BIO-BIO26-L38-Q015,BIO26-PDF170-L38-S1-Q015,مربعات بانيت والتهجين الأحادي والاحتمالات,BIO26-M24,الوراثة المندلية,BIO26-S24-02,مربعات بانيت والتهجين الأحادي والاحتمالات,تجميعات الأحياء 2026 — مفتاح الإجابة في PDF p.170,B,1,NOT_STARTED,,NOT_RUN,PRE_CROP_RANGE_FROZEN_V1
38,BIO26-L38,أحياء 4,الوراثة المندلية,170,170,169,1,16,TAH-BIO-BIO26-L38-Q016,BIO26-PDF170-L38-S1-Q016,مربعات بانيت والتهجين الأحادي والاحتمالات,BIO26-M24,الوراثة المندلية,BIO26-S24-02,مربعات بانيت والتهجين الأحادي والاحتمالات,تجميعات الأحياء 2026 — مفتاح الإجابة في PDF p.170,C,2,NOT_STARTED,,NOT_RUN,PRE_CROP_RANGE_FROZEN_V1
38,BIO26-L38,أحياء 4,الوراثة المندلية,171,171,170,1,17,TAH-BIO-BIO26-L38-Q017,BIO26-PDF171-L38-S1-Q017,مربعات بانيت والتهجين الأحادي والاحتمالات,BIO26-M24,الوراثة المندلية,BIO26-S24-02,مربعات بانيت والتهجين الأحادي والاحتمالات,تجميعات الأحياء 2026 — مفتاح الإجابة في PDF p.171,C,2,NOT_STARTED,,NOT_RUN,PRE_CROP_RANGE_FROZEN_V1
38,BIO26-L38,أحياء 4,الوراثة المندلية,171,171,170,1,18,TAH-BIO-BIO26-L38-Q018,BIO26-PDF171-L38-S1-Q018,التهجين الثنائي وقانون التوزيع الحر,BIO26-M24,الوراثة المندلية,BIO26-S24-03,التهجين الثنائي وقانون التوزيع الحر,تجميعات الأحياء 2026 — مفتاح الإجابة في PDF p.171,C,2,NOT_STARTED,,NOT_RUN,PRE_CROP_RANGE_FROZEN_V1
38,BIO26-L38,أحياء 4,الوراثة المندلية,171,171,170,1,19,TAH-BIO-BIO26-L38-Q019,BIO26-PDF171-L38-S1-Q019,التهجين الثنائي وقانون التوزيع الحر,BIO26-M24,الوراثة المندلية,BIO26-S24-03,التهجين الثنائي وقانون التوزيع الحر,تجميعات الأحياء 2026 — مفتاح الإجابة في PDF p.171,D,3,NOT_STARTED,,NOT_RUN,PRE_CROP_RANGE_FROZEN_V1
38,BIO26-L38,أحياء 4,الوراثة المندلية,171,171,170,1,20,TAH-BIO-BIO26-L38-Q020,BIO26-PDF171-L38-S1-Q020,التهجين الثنائي وقانون التوزيع الحر,BIO26-M24,الوراثة المندلية,BIO26-S24-03,التهجين الثنائي وقانون التوزيع الحر,تجميعات الأحياء 2026 — مفتاح الإجابة في PDF p.171,D,3,NOT_STARTED,,NOT_RUN,PRE_CROP_RANGE_FROZEN_V1
38,BIO26-L38,أحياء 4,الوراثة المندلية,171,171,170,1,21,TAH-BIO-BIO26-L38-Q021,BIO26-PDF171-L38-S1-Q021,مصادر التنوع الوراثي وتعدد المجموعة الكروموسومية,BIO26-M24,الوراثة المندلية,BIO26-S24-04,مصادر التنوع الوراثي وتعدد المجموعة الكروموسومية,تجميعات الأحياء 2026 — مفتاح الإجابة في PDF p.171,D,3,NOT_STARTED,,NOT_RUN,PRE_CROP_RANGE_FROZEN_V1
38,BIO26-L38,أحياء 4,الوراثة المندلية,171,171,170,1,22,TAH-BIO-BIO26-L38-Q022,BIO26-PDF171-L38-S1-Q022,مصادر التنوع الوراثي وتعدد المجموعة الكروموسومية,BIO26-M24,الوراثة المندلية,BIO26-S24-04,مصادر التنوع الوراثي وتعدد المجموعة الكروموسومية,تجميعات الأحياء 2026 — مفتاح الإجابة في PDF p.171,A,0,NOT_STARTED,,NOT_RUN,PRE_CROP_RANGE_FROZEN_V1
38,BIO26-L38,أحياء 4,الوراثة المندلية,171,171,170,1,23,TAH-BIO-BIO26-L38-Q023,BIO26-PDF171-L38-S1-Q023,مصادر التنوع الوراثي وتعدد المجموعة الكروموسومية,BIO26-M24,الوراثة المندلية,BIO26-S24-04,مصادر التنوع الوراثي وتعدد المجموعة الكروموسومية,تجميعات الأحياء 2026 — مفتاح الإجابة في PDF p.171,D,3,NOT_STARTED,,NOT_RUN,PRE_CROP_RANGE_FROZEN_V1
38,BIO26-L38,أحياء 4,الوراثة المندلية,171,171,170,1,24,TAH-BIO-BIO26-L38-Q024,BIO26-PDF171-L38-S1-Q024,مصادر التنوع الوراثي وتعدد المجموعة الكروموسومية,BIO26-M24,الوراثة المندلية,BIO26-S24-04,مصادر التنوع الوراثي وتعدد المجموعة الكروموسومية,تجميعات الأحياء 2026 — مفتاح الإجابة في PDF p.171,D,3,NOT_STARTED,,NOT_RUN,PRE_CROP_RANGE_FROZEN_V1
38,BIO26-L38,أحياء 4,الوراثة المندلية,171,171,170,1,25,TAH-BIO-BIO26-L38-Q025,BIO26-PDF171-L38-S1-Q025,مصادر التنوع الوراثي وتعدد المجموعة الكروموسومية,BIO26-M24,الوراثة المندلية,BIO26-S24-04,مصادر التنوع الوراثي وتعدد المجموعة الكروموسومية,تجميعات الأحياء 2026 — مفتاح الإجابة في PDF p.171,D,3,NOT_STARTED,,NOT_RUN,PRE_CROP_RANGE_FROZEN_V1
38,BIO26-L38,أحياء 4,الوراثة المندلية,171,171,170,1,26,TAH-BIO-BIO26-L38-Q026,BIO26-PDF171-L38-S1-Q026,مصادر التنوع الوراثي وتعدد المجموعة الكروموسومية,BIO26-M24,الوراثة المندلية,BIO26-S24-04,مصادر التنوع الوراثي وتعدد المجموعة الكروموسومية,تجميعات الأحياء 2026 — مفتاح الإجابة في PDF p.171,B,1,NOT_STARTED,,NOT_RUN,PRE_CROP_RANGE_FROZEN_V1
38,BIO26-L38,أحياء 4,الوراثة المندلية,171,171,170,1,27,TAH-BIO-BIO26-L38-Q027,BIO26-PDF171-L38-S1-Q027,مصادر التنوع الوراثي وتعدد المجموعة الكروموسومية,BIO26-M24,الوراثة المندلية,BIO26-S24-04,مصادر التنوع الوراثي وتعدد المجموعة الكروموسومية,تجميعات الأحياء 2026 — مفتاح الإجابة في PDF p.171,B,1,NOT_STARTED,,NOT_RUN,PRE_CROP_RANGE_FROZEN_V1
38,BIO26-L38,أحياء 4,الوراثة المندلية,171,171,170,1,28,TAH-BIO-BIO26-L38-Q028,BIO26-PDF171-L38-S1-Q028,مصادر التنوع الوراثي وتعدد المجموعة الكروموسومية,BIO26-M24,الوراثة المندلية,BIO26-S24-04,مصادر التنوع الوراثي وتعدد المجموعة الكروموسومية,تجميعات الأحياء 2026 — مفتاح الإجابة في PDF p.171,C,2,NOT_STARTED,,NOT_RUN,PRE_CROP_RANGE_FROZEN_V1
38,BIO26-L38,أحياء 4,الوراثة المندلية,171,171,170,1,29,TAH-BIO-BIO26-L38-Q029,BIO26-PDF171-L38-S1-Q029,مصادر التنوع الوراثي وتعدد المجموعة الكروموسومية,BIO26-M24,الوراثة المندلية,BIO26-S24-04,مصادر التنوع الوراثي وتعدد المجموعة الكروموسومية,تجميعات الأحياء 2026 — مفتاح الإجابة في PDF p.171,C,2,NOT_STARTED,,NOT_RUN,PRE_CROP_RANGE_FROZEN_V1
38,BIO26-L38,أحياء 4,الوراثة المندلية,171,171,170,1,30,TAH-BIO-BIO26-L38-Q030,BIO26-PDF171-L38-S1-Q030,مصادر التنوع الوراثي وتعدد المجموعة الكروموسومية,BIO26-M24,الوراثة المندلية,BIO26-S24-04,مصادر التنوع الوراثي وتعدد المجموعة الكروموسومية,تجميعات الأحياء 2026 — مفتاح الإجابة في PDF p.171,B,1,NOT_STARTED,,NOT_RUN,PRE_CROP_RANGE_FROZEN_V1
38,BIO26-L38,أحياء 4,الوراثة المندلية,172,172,171,1,31,TAH-BIO-BIO26-L38-Q031,BIO26-PDF172-L38-S1-Q031,مصادر التنوع الوراثي وتعدد المجموعة الكروموسومية,BIO26-M24,الوراثة المندلية,BIO26-S24-04,مصادر التنوع الوراثي وتعدد المجموعة الكروموسومية,تجميعات الأحياء 2026 — مفتاح الإجابة في PDF p.172,C,2,NOT_STARTED,,NOT_RUN,PRE_CROP_RANGE_FROZEN_V1
38,BIO26-L38,أحياء 4,الوراثة المندلية,172,172,171,1,32,TAH-BIO-BIO26-L38-Q032,BIO26-PDF172-L38-S1-Q032,مصادر التنوع الوراثي وتعدد المجموعة الكروموسومية,BIO26-M24,الوراثة المندلية,BIO26-S24-04,مصادر التنوع الوراثي وتعدد المجموعة الكروموسومية,تجميعات الأحياء 2026 — مفتاح الإجابة في PDF p.172,C,2,NOT_STARTED,,NOT_RUN,PRE_CROP_RANGE_FROZEN_V1
38,BIO26-L38,أحياء 4,الوراثة المندلية,172,172,171,1,33,TAH-BIO-BIO26-L38-Q033,BIO26-PDF172-L38-S1-Q033,مصادر التنوع الوراثي وتعدد المجموعة الكروموسومية,BIO26-M24,الوراثة المندلية,BIO26-S24-04,مصادر التنوع الوراثي وتعدد المجموعة الكروموسومية,تجميعات الأحياء 2026 — مفتاح الإجابة في PDF p.172,D,3,NOT_STARTED,,NOT_RUN,PRE_CROP_RANGE_FROZEN_V1
38,BIO26-L38,أحياء 4,الوراثة المندلية,172,172,171,1,34,TAH-BIO-BIO26-L38-Q034,BIO26-PDF172-L38-S1-Q034,مصادر التنوع الوراثي وتعدد المجموعة الكروموسومية,BIO26-M24,الوراثة المندلية,BIO26-S24-04,مصادر التنوع الوراثي وتعدد المجموعة الكروموسومية,تجميعات الأحياء 2026 — مفتاح الإجابة في PDF p.172,A,0,NOT_STARTED,,NOT_RUN,PRE_CROP_RANGE_FROZEN_V1
38,BIO26-L38,أحياء 4,الوراثة المندلية,172,172,171,1,35,TAH-BIO-BIO26-L38-Q035,BIO26-PDF172-L38-S1-Q035,مصادر التنوع الوراثي وتعدد المجموعة الكروموسومية,BIO26-M24,الوراثة المندلية,BIO26-S24-04,مصادر التنوع الوراثي وتعدد المجموعة الكروموسومية,تجميعات الأحياء 2026 — مفتاح الإجابة في PDF p.172,A,0,NOT_STARTED,,NOT_RUN,PRE_CROP_RANGE_FROZEN_V1
38,BIO26-L38,أحياء 4,الوراثة المندلية,173,173,172,2,36,TAH-BIO-BIO26-L38-Q036,BIO26-PDF173-L38-S2-Q036,مفاهيم مندل: السيادة والطراز الجيني والظاهري,BIO26-M24,الوراثة المندلية,BIO26-S24-01,مفاهيم مندل: السيادة والطراز الجيني والظاهري,تجميعات الأحياء 2026 — مفتاح الإجابة في PDF p.173,B,1,NOT_STARTED,,NOT_RUN,PRE_CROP_RANGE_FROZEN_V1
38,BIO26-L38,أحياء 4,الوراثة المندلية,173,173,172,2,37,TAH-BIO-BIO26-L38-Q037,BIO26-PDF173-L38-S2-Q037,مفاهيم مندل: السيادة والطراز الجيني والظاهري,BIO26-M24,الوراثة المندلية,BIO26-S24-01,مفاهيم مندل: السيادة والطراز الجيني والظاهري,تجميعات الأحياء 2026 — مفتاح الإجابة في PDF p.173,A,0,NOT_STARTED,,NOT_RUN,PRE_CROP_RANGE_FROZEN_V1
38,BIO26-L38,أحياء 4,الوراثة المندلية,173,173,172,2,38,TAH-BIO-BIO26-L38-Q038,BIO26-PDF173-L38-S2-Q038,مفاهيم مندل: السيادة والطراز الجيني والظاهري,BIO26-M24,الوراثة المندلية,BIO26-S24-01,مفاهيم مندل: السيادة والطراز الجيني والظاهري,تجميعات الأحياء 2026 — مفتاح الإجابة في PDF p.173,B,1,NOT_STARTED,,NOT_RUN,PRE_CROP_RANGE_FROZEN_V1
38,BIO26-L38,أحياء 4,الوراثة المندلية,173,173,172,2,39,TAH-BIO-BIO26-L38-Q039,BIO26-PDF173-L38-S2-Q039,مفاهيم مندل: السيادة والطراز الجيني والظاهري,BIO26-M24,الوراثة المندلية,BIO26-S24-01,مفاهيم مندل: السيادة والطراز الجيني والظاهري,تجميعات الأحياء 2026 — مفتاح الإجابة في PDF p.173,B,1,NOT_STARTED,,NOT_RUN,PRE_CROP_RANGE_FROZEN_V1
38,BIO26-L38,أحياء 4,الوراثة المندلية,173,173,172,2,40,TAH-BIO-BIO26-L38-Q040,BIO26-PDF173-L38-S2-Q040,مفاهيم مندل: السيادة والطراز الجيني والظاهري,BIO26-M24,الوراثة المندلية,BIO26-S24-01,مفاهيم مندل: السيادة والطراز الجيني والظاهري,تجميعات الأحياء 2026 — مفتاح الإجابة في PDF p.173,A,0,NOT_STARTED,,NOT_RUN,PRE_CROP_RANGE_FROZEN_V1
38,BIO26-L38,أحياء 4,الوراثة المندلية,173,173,172,2,41,TAH-BIO-BIO26-L38-Q041,BIO26-PDF173-L38-S2-Q041,مفاهيم مندل: السيادة والطراز الجيني والظاهري,BIO26-M24,الوراثة المندلية,BIO26-S24-01,مفاهيم مندل: السيادة والطراز الجيني والظاهري,تجميعات الأحياء 2026 — مفتاح الإجابة في PDF p.173,C,2,NOT_STARTED,,NOT_RUN,PRE_CROP_RANGE_FROZEN_V1
38,BIO26-L38,أحياء 4,الوراثة المندلية,173,173,172,2,42,TAH-BIO-BIO26-L38-Q042,BIO26-PDF173-L38-S2-Q042,مربعات بانيت والتهجين الأحادي والاحتمالات,BIO26-M24,الوراثة المندلية,BIO26-S24-02,مربعات بانيت والتهجين الأحادي والاحتمالات,تجميعات الأحياء 2026 — مفتاح الإجابة في PDF p.173,D,3,NOT_STARTED,,NOT_RUN,PRE_CROP_RANGE_FROZEN_V1
38,BIO26-L38,أحياء 4,الوراثة المندلية,173,173,172,2,43,TAH-BIO-BIO26-L38-Q043,BIO26-PDF173-L38-S2-Q043,مربعات بانيت والتهجين الأحادي والاحتمالات,BIO26-M24,الوراثة المندلية,BIO26-S24-02,مربعات بانيت والتهجين الأحادي والاحتمالات,تجميعات الأحياء 2026 — مفتاح الإجابة في PDF p.173,C,2,NOT_STARTED,,NOT_RUN,PRE_CROP_RANGE_FROZEN_V1
38,BIO26-L38,أحياء 4,الوراثة المندلية,173,173,172,2,44,TAH-BIO-BIO26-L38-Q044,BIO26-PDF173-L38-S2-Q044,مربعات بانيت والتهجين الأحادي والاحتمالات,BIO26-M24,الوراثة المندلية,BIO26-S24-02,مربعات بانيت والتهجين الأحادي والاحتمالات,تجميعات الأحياء 2026 — مفتاح الإجابة في PDF p.173,D,3,NOT_STARTED,,NOT_RUN,PRE_CROP_RANGE_FROZEN_V1
38,BIO26-L38,أحياء 4,الوراثة المندلية,173,173,172,2,45,TAH-BIO-BIO26-L38-Q045,BIO26-PDF173-L38-S2-Q045,مربعات بانيت والتهجين الأحادي والاحتمالات,BIO26-M24,الوراثة المندلية,BIO26-S24-02,مربعات بانيت والتهجين الأحادي والاحتمالات,تجميعات الأحياء 2026 — مفتاح الإجابة في PDF p.173,A,0,NOT_STARTED,,NOT_RUN,PRE_CROP_RANGE_FROZEN_V1
38,BIO26-L38,أحياء 4,الوراثة المندلية,173,173,172,2,46,TAH-BIO-BIO26-L38-Q046,BIO26-PDF173-L38-S2-Q046,مربعات بانيت والتهجين الأحادي والاحتمالات,BIO26-M24,الوراثة المندلية,BIO26-S24-02,مربعات بانيت والتهجين الأحادي والاحتمالات,تجميعات الأحياء 2026 — مفتاح الإجابة في PDF p.173,A,0,NOT_STARTED,,NOT_RUN,PRE_CROP_RANGE_FROZEN_V1
38,BIO26-L38,أحياء 4,الوراثة المندلية,173,173,172,2,47,TAH-BIO-BIO26-L38-Q047,BIO26-PDF173-L38-S2-Q047,مربعات بانيت والتهجين الأحادي والاحتمالات,BIO26-M24,الوراثة المندلية,BIO26-S24-02,مربعات بانيت والتهجين الأحادي والاحتمالات,تجميعات الأحياء 2026 — مفتاح الإجابة في PDF p.173,B,1,NOT_STARTED,,NOT_RUN,PRE_CROP_RANGE_FROZEN_V1
38,BIO26-L38,أحياء 4,الوراثة المندلية,173,173,172,2,48,TAH-BIO-BIO26-L38-Q048,BIO26-PDF173-L38-S2-Q048,التهجين الثنائي وقانون التوزيع الحر,BIO26-M24,الوراثة المندلية,BIO26-S24-03,التهجين الثنائي وقانون التوزيع الحر,تجميعات الأحياء 2026 — مفتاح الإجابة في PDF p.173,A,0,NOT_STARTED,,NOT_RUN,PRE_CROP_RANGE_FROZEN_V1
38,BIO26-L38,أحياء 4,الوراثة المندلية,173,173,172,2,49,TAH-BIO-BIO26-L38-Q049,BIO26-PDF173-L38-S2-Q049,التهجين الثنائي وقانون التوزيع الحر,BIO26-M24,الوراثة المندلية,BIO26-S24-03,التهجين الثنائي وقانون التوزيع الحر,تجميعات الأحياء 2026 — مفتاح الإجابة في PDF p.173,B,1,NOT_STARTED,,NOT_RUN,PRE_CROP_RANGE_FROZEN_V1
38,BIO26-L38,أحياء 4,الوراثة المندلية,174,174,173,2,50,TAH-BIO-BIO26-L38-Q050,BIO26-PDF174-L38-S2-Q050,مصادر التنوع الوراثي وتعدد المجموعة الكروموسومية,BIO26-M24,الوراثة المندلية,BIO26-S24-04,مصادر التنوع الوراثي وتعدد المجموعة الكروموسومية,تجميعات الأحياء 2026 — مفتاح الإجابة في PDF p.174,B,1,NOT_STARTED,,NOT_RUN,PRE_CROP_RANGE_FROZEN_V1
38,BIO26-L38,أحياء 4,الوراثة المندلية,174,174,173,2,51,TAH-BIO-BIO26-L38-Q051,BIO26-PDF174-L38-S2-Q051,مصادر التنوع الوراثي وتعدد المجموعة الكروموسومية,BIO26-M24,الوراثة المندلية,BIO26-S24-04,مصادر التنوع الوراثي وتعدد المجموعة الكروموسومية,تجميعات الأحياء 2026 — مفتاح الإجابة في PDF p.174,C,2,NOT_STARTED,,NOT_RUN,PRE_CROP_RANGE_FROZEN_V1
38,BIO26-L38,أحياء 4,الوراثة المندلية,174,174,173,2,52,TAH-BIO-BIO26-L38-Q052,BIO26-PDF174-L38-S2-Q052,مصادر التنوع الوراثي وتعدد المجموعة الكروموسومية,BIO26-M24,الوراثة المندلية,BIO26-S24-04,مصادر التنوع الوراثي وتعدد المجموعة الكروموسومية,تجميعات الأحياء 2026 — مفتاح الإجابة في PDF p.174,B,1,NOT_STARTED,,NOT_RUN,PRE_CROP_RANGE_FROZEN_V1
38,BIO26-L38,أحياء 4,الوراثة المندلية,174,174,173,2,53,TAH-BIO-BIO26-L38-Q053,BIO26-PDF174-L38-S2-Q053,مصادر التنوع الوراثي وتعدد المجموعة الكروموسومية,BIO26-M24,الوراثة المندلية,BIO26-S24-04,مصادر التنوع الوراثي وتعدد المجموعة الكروموسومية,تجميعات الأحياء 2026 — مفتاح الإجابة في PDF p.174,B,1,NOT_STARTED,,NOT_RUN,PRE_CROP_RANGE_FROZEN_V1
39,BIO26-L39,أحياء 4,الوراثة المعقدة والبشرية,175,175,174,1,1,TAH-BIO-BIO26-L39-Q001,BIO26-PDF175-L39-S1-Q001,الوراثة البشرية: الاضطرابات ومخطط السلالة والكاريُوتايب وعدم الانفصال,BIO26-M25,الوراثة المعقدة والبشرية,BIO26-S25-04,الوراثة البشرية: الاضطرابات ومخطط السلالة والكاريُوتايب وعدم الانفصال,تجميعات الأحياء 2026 — مفتاح الإجابة في PDF p.175,B,1,NOT_STARTED,,NOT_RUN,PRE_CROP_RANGE_FROZEN_V1
39,BIO26-L39,أحياء 4,الوراثة المعقدة والبشرية,175,175,174,1,2,TAH-BIO-BIO26-L39-Q002,BIO26-PDF175-L39-S1-Q002,الوراثة البشرية: الاضطرابات ومخطط السلالة والكاريُوتايب وعدم الانفصال,BIO26-M25,الوراثة المعقدة والبشرية,BIO26-S25-04,الوراثة البشرية: الاضطرابات ومخطط السلالة والكاريُوتايب وعدم الانفصال,تجميعات الأحياء 2026 — مفتاح الإجابة في PDF p.175,C,2,NOT_STARTED,,NOT_RUN,PRE_CROP_RANGE_FROZEN_V1
39,BIO26-L39,أحياء 4,الوراثة المعقدة والبشرية,175,175,174,1,3,TAH-BIO-BIO26-L39-Q003,BIO26-PDF175-L39-S1-Q003,الوراثة البشرية: الاضطرابات ومخطط السلالة والكاريُوتايب وعدم الانفصال,BIO26-M25,الوراثة المعقدة والبشرية,BIO26-S25-04,الوراثة البشرية: الاضطرابات ومخطط السلالة والكاريُوتايب وعدم الانفصال,تجميعات الأحياء 2026 — مفتاح الإجابة في PDF p.175,A,0,NOT_STARTED,,NOT_RUN,PRE_CROP_RANGE_FROZEN_V1
39,BIO26-L39,أحياء 4,الوراثة المعقدة والبشرية,175,175,174,1,4,TAH-BIO-BIO26-L39-Q004,BIO26-PDF175-L39-S1-Q004,الوراثة البشرية: الاضطرابات ومخطط السلالة والكاريُوتايب وعدم الانفصال,BIO26-M25,الوراثة المعقدة والبشرية,BIO26-S25-04,الوراثة البشرية: الاضطرابات ومخطط السلالة والكاريُوتايب وعدم الانفصال,تجميعات الأحياء 2026 — مفتاح الإجابة في PDF p.175,A,0,NOT_STARTED,,NOT_RUN,PRE_CROP_RANGE_FROZEN_V1
39,BIO26-L39,أحياء 4,الوراثة المعقدة والبشرية,175,175,174,1,5,TAH-BIO-BIO26-L39-Q005,BIO26-PDF175-L39-S1-Q005,الوراثة البشرية: الاضطرابات ومخطط السلالة والكاريُوتايب وعدم الانفصال,BIO26-M25,الوراثة المعقدة والبشرية,BIO26-S25-04,الوراثة البشرية: الاضطرابات ومخطط السلالة والكاريُوتايب وعدم الانفصال,تجميعات الأحياء 2026 — مفتاح الإجابة في PDF p.175,B,1,NOT_STARTED,,NOT_RUN,PRE_CROP_RANGE_FROZEN_V1
39,BIO26-L39,أحياء 4,الوراثة المعقدة والبشرية,175,175,174,1,6,TAH-BIO-BIO26-L39-Q006,BIO26-PDF175-L39-S1-Q006,الوراثة البشرية: الاضطرابات ومخطط السلالة والكاريُوتايب وعدم الانفصال,BIO26-M25,الوراثة المعقدة والبشرية,BIO26-S25-04,الوراثة البشرية: الاضطرابات ومخطط السلالة والكاريُوتايب وعدم الانفصال,تجميعات الأحياء 2026 — مفتاح الإجابة في PDF p.175,D,3,NOT_STARTED,,NOT_RUN,PRE_CROP_RANGE_FROZEN_V1
39,BIO26-L39,أحياء 4,الوراثة المعقدة والبشرية,175,175,174,1,7,TAH-BIO-BIO26-L39-Q007,BIO26-PDF175-L39-S1-Q007,الوراثة البشرية: الاضطرابات ومخطط السلالة والكاريُوتايب وعدم الانفصال,BIO26-M25,الوراثة المعقدة والبشرية,BIO26-S25-04,الوراثة البشرية: الاضطرابات ومخطط السلالة والكاريُوتايب وعدم الانفصال,تجميعات الأحياء 2026 — مفتاح الإجابة في PDF p.175,A,0,NOT_STARTED,,NOT_RUN,PRE_CROP_RANGE_FROZEN_V1
39,BIO26-L39,أحياء 4,الوراثة المعقدة والبشرية,175,175,174,1,8,TAH-BIO-BIO26-L39-Q008,BIO26-PDF175-L39-S1-Q008,الوراثة البشرية: الاضطرابات ومخطط السلالة والكاريُوتايب وعدم الانفصال,BIO26-M25,الوراثة المعقدة والبشرية,BIO26-S25-04,الوراثة البشرية: الاضطرابات ومخطط السلالة والكاريُوتايب وعدم الانفصال,تجميعات الأحياء 2026 — مفتاح الإجابة في PDF p.175,C,2,NOT_STARTED,,NOT_RUN,PRE_CROP_RANGE_FROZEN_V1
39,BIO26-L39,أحياء 4,الوراثة المعقدة والبشرية,175,175,174,1,9,TAH-BIO-BIO26-L39-Q009,BIO26-PDF175-L39-S1-Q009,الوراثة البشرية: الاضطرابات ومخطط السلالة والكاريُوتايب وعدم الانفصال,BIO26-M25,الوراثة المعقدة والبشرية,BIO26-S25-04,الوراثة البشرية: الاضطرابات ومخطط السلالة والكاريُوتايب وعدم الانفصال,تجميعات الأحياء 2026 — مفتاح الإجابة في PDF p.175,C,2,NOT_STARTED,,NOT_RUN,PRE_CROP_RANGE_FROZEN_V1
39,BIO26-L39,أحياء 4,الوراثة المعقدة والبشرية,175,175,174,1,10,TAH-BIO-BIO26-L39-Q010,BIO26-PDF175-L39-S1-Q010,الوراثة البشرية: الاضطرابات ومخطط السلالة والكاريُوتايب وعدم الانفصال,BIO26-M25,الوراثة المعقدة والبشرية,BIO26-S25-04,الوراثة البشرية: الاضطرابات ومخطط السلالة والكاريُوتايب وعدم الانفصال,تجميعات الأحياء 2026 — مفتاح الإجابة في PDF p.175,A,0,NOT_STARTED,,NOT_RUN,PRE_CROP_RANGE_FROZEN_V1
39,BIO26-L39,أحياء 4,الوراثة المعقدة والبشرية,175,175,174,1,11,TAH-BIO-BIO26-L39-Q011,BIO26-PDF175-L39-S1-Q011,الوراثة البشرية: الاضطرابات ومخطط السلالة والكاريُوتايب وعدم الانفصال,BIO26-M25,الوراثة المعقدة والبشرية,BIO26-S25-04,الوراثة البشرية: الاضطرابات ومخطط السلالة والكاريُوتايب وعدم الانفصال,تجميعات الأحياء 2026 — مفتاح الإجابة في PDF p.175,C,2,NOT_STARTED,,NOT_RUN,PRE_CROP_RANGE_FROZEN_V1
39,BIO26-L39,أحياء 4,الوراثة المعقدة والبشرية,175,175,174,1,12,TAH-BIO-BIO26-L39-Q012,BIO26-PDF175-L39-S1-Q012,الوراثة البشرية: الاضطرابات ومخطط السلالة والكاريُوتايب وعدم الانفصال,BIO26-M25,الوراثة المعقدة والبشرية,BIO26-S25-04,الوراثة البشرية: الاضطرابات ومخطط السلالة والكاريُوتايب وعدم الانفصال,تجميعات الأحياء 2026 — مفتاح الإجابة في PDF p.175,C,2,NOT_STARTED,,NOT_RUN,PRE_CROP_RANGE_FROZEN_V1
39,BIO26-L39,أحياء 4,الوراثة المعقدة والبشرية,175,175,174,1,13,TAH-BIO-BIO26-L39-Q013,BIO26-PDF175-L39-S1-Q013,السيادة غير التامة والمشتركة والجينات المتعددة المتقابلة,BIO26-M25,الوراثة المعقدة والبشرية,BIO26-S25-01,السيادة غير التامة والمشتركة والجينات المتعددة المتقابلة,تجميعات الأحياء 2026 — مفتاح الإجابة في PDF p.175,B,1,NOT_STARTED,,NOT_RUN,PRE_CROP_RANGE_FROZEN_V1
39,BIO26-L39,أحياء 4,الوراثة المعقدة والبشرية,175,175,174,1,14,TAH-BIO-BIO26-L39-Q014,BIO26-PDF175-L39-S1-Q014,السيادة غير التامة والمشتركة والجينات المتعددة المتقابلة,BIO26-M25,الوراثة المعقدة والبشرية,BIO26-S25-01,السيادة غير التامة والمشتركة والجينات المتعددة المتقابلة,تجميعات الأحياء 2026 — مفتاح الإجابة في PDF p.175,D,3,NOT_STARTED,,NOT_RUN,PRE_CROP_RANGE_FROZEN_V1
39,BIO26-L39,أحياء 4,الوراثة المعقدة والبشرية,175,175,174,1,15,TAH-BIO-BIO26-L39-Q015,BIO26-PDF175-L39-S1-Q015,السيادة غير التامة والمشتركة والجينات المتعددة المتقابلة,BIO26-M25,الوراثة المعقدة والبشرية,BIO26-S25-01,السيادة غير التامة والمشتركة والجينات المتعددة المتقابلة,تجميعات الأحياء 2026 — مفتاح الإجابة في PDF p.175,B,1,NOT_STARTED,,NOT_RUN,PRE_CROP_RANGE_FROZEN_V1
39,BIO26-L39,أحياء 4,الوراثة المعقدة والبشرية,175,175,174,1,16,TAH-BIO-BIO26-L39-Q016,BIO26-PDF175-L39-S1-Q016,السيادة غير التامة والمشتركة والجينات المتعددة المتقابلة,BIO26-M25,الوراثة المعقدة والبشرية,BIO26-S25-01,السيادة غير التامة والمشتركة والجينات المتعددة المتقابلة,تجميعات الأحياء 2026 — مفتاح الإجابة في PDF p.175,B,1,NOT_STARTED,,NOT_RUN,PRE_CROP_RANGE_FROZEN_V1
39,BIO26-L39,أحياء 4,الوراثة المعقدة والبشرية,175,175,174,1,17,TAH-BIO-BIO26-L39-Q017,BIO26-PDF175-L39-S1-Q017,السيادة غير التامة والمشتركة والجينات المتعددة المتقابلة,BIO26-M25,الوراثة المعقدة والبشرية,BIO26-S25-01,السيادة غير التامة والمشتركة والجينات المتعددة المتقابلة,تجميعات الأحياء 2026 — مفتاح الإجابة في PDF p.175,A,0,NOT_STARTED,,NOT_RUN,PRE_CROP_RANGE_FROZEN_V1
39,BIO26-L39,أحياء 4,الوراثة المعقدة والبشرية,176,176,175,1,18,TAH-BIO-BIO26-L39-Q018,BIO26-PDF176-L39-S1-Q018,الصفات متعددة الجينات والتفوق الجيني والتآثرات الجينية,BIO26-M25,الوراثة المعقدة والبشرية,BIO26-S25-02,الصفات متعددة الجينات والتفوق الجيني والتآثرات الجينية,تجميعات الأحياء 2026 — مفتاح الإجابة في PDF p.176,D,3,NOT_STARTED,,NOT_RUN,PRE_CROP_RANGE_FROZEN_V1
39,BIO26-L39,أحياء 4,الوراثة المعقدة والبشرية,176,176,175,1,19,TAH-BIO-BIO26-L39-Q019,BIO26-PDF176-L39-S1-Q019,الصفات متعددة الجينات والتفوق الجيني والتآثرات الجينية,BIO26-M25,الوراثة المعقدة والبشرية,BIO26-S25-02,الصفات متعددة الجينات والتفوق الجيني والتآثرات الجينية,تجميعات الأحياء 2026 — مفتاح الإجابة في PDF p.176,D,3,NOT_STARTED,,NOT_RUN,PRE_CROP_RANGE_FROZEN_V1
39,BIO26-L39,أحياء 4,الوراثة المعقدة والبشرية,176,176,175,1,20,TAH-BIO-BIO26-L39-Q020,BIO26-PDF176-L39-S1-Q020,الصفات متعددة الجينات والتفوق الجيني والتآثرات الجينية,BIO26-M25,الوراثة المعقدة والبشرية,BIO26-S25-02,الصفات متعددة الجينات والتفوق الجيني والتآثرات الجينية,تجميعات الأحياء 2026 — مفتاح الإجابة في PDF p.176,C,2,NOT_STARTED,,NOT_RUN,PRE_CROP_RANGE_FROZEN_V1
39,BIO26-L39,أحياء 4,الوراثة المعقدة والبشرية,176,176,175,1,21,TAH-BIO-BIO26-L39-Q021,BIO26-PDF176-L39-S1-Q021,الصفات متعددة الجينات والتفوق الجيني والتآثرات الجينية,BIO26-M25,الوراثة المعقدة والبشرية,BIO26-S25-02,الصفات متعددة الجينات والتفوق الجيني والتآثرات الجينية,تجميعات الأحياء 2026 — مفتاح الإجابة في PDF p.176,B,1,NOT_STARTED,,NOT_RUN,PRE_CROP_RANGE_FROZEN_V1
39,BIO26-L39,أحياء 4,الوراثة المعقدة والبشرية,176,176,175,1,22,TAH-BIO-BIO26-L39-Q022,BIO26-PDF176-L39-S1-Q022,الصفات متعددة الجينات والتفوق الجيني والتآثرات الجينية,BIO26-M25,الوراثة المعقدة والبشرية,BIO26-S25-02,الصفات متعددة الجينات والتفوق الجيني والتآثرات الجينية,تجميعات الأحياء 2026 — مفتاح الإجابة في PDF p.176,D,3,NOT_STARTED,,NOT_RUN,PRE_CROP_RANGE_FROZEN_V1
39,BIO26-L39,أحياء 4,الوراثة المعقدة والبشرية,176,176,175,1,23,TAH-BIO-BIO26-L39-Q023,BIO26-PDF176-L39-S1-Q023,الصفات متعددة الجينات والتفوق الجيني والتآثرات الجينية,BIO26-M25,الوراثة المعقدة والبشرية,BIO26-S25-02,الصفات متعددة الجينات والتفوق الجيني والتآثرات الجينية,تجميعات الأحياء 2026 — مفتاح الإجابة في PDF p.176,D,3,NOT_STARTED,,NOT_RUN,PRE_CROP_RANGE_FROZEN_V1
39,BIO26-L39,أحياء 4,الوراثة المعقدة والبشرية,176,176,175,1,24,TAH-BIO-BIO26-L39-Q024,BIO26-PDF176-L39-S1-Q024,الصفات متعددة الجينات والتفوق الجيني والتآثرات الجينية,BIO26-M25,الوراثة المعقدة والبشرية,BIO26-S25-02,الصفات متعددة الجينات والتفوق الجيني والتآثرات الجينية,تجميعات الأحياء 2026 — مفتاح الإجابة في PDF p.176,C,2,NOT_STARTED,,NOT_RUN,PRE_CROP_RANGE_FROZEN_V1
39,BIO26-L39,أحياء 4,الوراثة المعقدة والبشرية,176,176,175,1,25,TAH-BIO-BIO26-L39-Q025,BIO26-PDF176-L39-S1-Q025,الصفات متعددة الجينات والتفوق الجيني والتآثرات الجينية,BIO26-M25,الوراثة المعقدة والبشرية,BIO26-S25-02,الصفات متعددة الجينات والتفوق الجيني والتآثرات الجينية,تجميعات الأحياء 2026 — مفتاح الإجابة في PDF p.176,B,1,NOT_STARTED,,NOT_RUN,PRE_CROP_RANGE_FROZEN_V1
39,BIO26-L39,أحياء 4,الوراثة المعقدة والبشرية,176,176,175,1,26,TAH-BIO-BIO26-L39-Q026,BIO26-PDF176-L39-S1-Q026,الصفات متعددة الجينات والتفوق الجيني والتآثرات الجينية,BIO26-M25,الوراثة المعقدة والبشرية,BIO26-S25-02,الصفات متعددة الجينات والتفوق الجيني والتآثرات الجينية,تجميعات الأحياء 2026 — مفتاح الإجابة في PDF p.176,C,2,NOT_STARTED,,NOT_RUN,PRE_CROP_RANGE_FROZEN_V1
39,BIO26-L39,أحياء 4,الوراثة المعقدة والبشرية,176,176,175,1,27,TAH-BIO-BIO26-L39-Q027,BIO26-PDF176-L39-S1-Q027,الصفات متعددة الجينات والتفوق الجيني والتآثرات الجينية,BIO26-M25,الوراثة المعقدة والبشرية,BIO26-S25-02,الصفات متعددة الجينات والتفوق الجيني والتآثرات الجينية,تجميعات الأحياء 2026 — مفتاح الإجابة في PDF p.176,A,0,NOT_STARTED,,NOT_RUN,PRE_CROP_RANGE_FROZEN_V1
39,BIO26-L39,أحياء 4,الوراثة المعقدة والبشرية,176,176,175,1,28,TAH-BIO-BIO26-L39-Q028,BIO26-PDF176-L39-S1-Q028,الصفات متعددة الجينات والتفوق الجيني والتآثرات الجينية,BIO26-M25,الوراثة المعقدة والبشرية,BIO26-S25-02,الصفات متعددة الجينات والتفوق الجيني والتآثرات الجينية,تجميعات الأحياء 2026 — مفتاح الإجابة في PDF p.176,B,1,NOT_STARTED,,NOT_RUN,PRE_CROP_RANGE_FROZEN_V1
39,BIO26-L39,أحياء 4,الوراثة المعقدة والبشرية,176,176,175,1,29,TAH-BIO-BIO26-L39-Q029,BIO26-PDF176-L39-S1-Q029,الصفات متعددة الجينات والتفوق الجيني والتآثرات الجينية,BIO26-M25,الوراثة المعقدة والبشرية,BIO26-S25-02,الصفات متعددة الجينات والتفوق الجيني والتآثرات الجينية,تجميعات الأحياء 2026 — مفتاح الإجابة في PDF p.176,A,0,NOT_STARTED,,NOT_RUN,PRE_CROP_RANGE_FROZEN_V1
39,BIO26-L39,أحياء 4,الوراثة المعقدة والبشرية,176,176,175,1,30,TAH-BIO-BIO26-L39-Q030,BIO26-PDF176-L39-S1-Q030,الصفات متعددة الجينات والتفوق الجيني والتآثرات الجينية,BIO26-M25,الوراثة المعقدة والبشرية,BIO26-S25-02,الصفات متعددة الجينات والتفوق الجيني والتآثرات الجينية,تجميعات الأحياء 2026 — مفتاح الإجابة في PDF p.176,B,1,NOT_STARTED,,NOT_RUN,PRE_CROP_RANGE_FROZEN_V1
39,BIO26-L39,أحياء 4,الوراثة المعقدة والبشرية,176,176,175,1,31,TAH-BIO-BIO26-L39-Q031,BIO26-PDF176-L39-S1-Q031,الصفات متعددة الجينات والتفوق الجيني والتآثرات الجينية,BIO26-M25,الوراثة المعقدة والبشرية,BIO26-S25-02,الصفات متعددة الجينات والتفوق الجيني والتآثرات الجينية,تجميعات الأحياء 2026 — مفتاح الإجابة في PDF p.176,D,3,NOT_STARTED,,NOT_RUN,PRE_CROP_RANGE_FROZEN_V1
39,BIO26-L39,أحياء 4,الوراثة المعقدة والبشرية,176,176,175,1,32,TAH-BIO-BIO26-L39-Q032,BIO26-PDF176-L39-S1-Q032,الصفات متعددة الجينات والتفوق الجيني والتآثرات الجينية,BIO26-M25,الوراثة المعقدة والبشرية,BIO26-S25-02,الصفات متعددة الجينات والتفوق الجيني والتآثرات الجينية,تجميعات الأحياء 2026 — مفتاح الإجابة في PDF p.176,C,2,NOT_STARTED,,NOT_RUN,PRE_CROP_RANGE_FROZEN_V1
39,BIO26-L39,أحياء 4,الوراثة المعقدة والبشرية,176,176,175,1,33,TAH-BIO-BIO26-L39-Q033,BIO26-PDF176-L39-S1-Q033,الصفات متعددة الجينات والتفوق الجيني والتآثرات الجينية,BIO26-M25,الوراثة المعقدة والبشرية,BIO26-S25-02,الصفات متعددة الجينات والتفوق الجيني والتآثرات الجينية,تجميعات الأحياء 2026 — مفتاح الإجابة في PDF p.176,A,0,NOT_STARTED,,NOT_RUN,PRE_CROP_RANGE_FROZEN_V1
39,BIO26-L39,أحياء 4,الوراثة المعقدة والبشرية,176,176,175,1,34,TAH-BIO-BIO26-L39-Q034,BIO26-PDF176-L39-S1-Q034,الصفات متعددة الجينات والتفوق الجيني والتآثرات الجينية,BIO26-M25,الوراثة المعقدة والبشرية,BIO26-S25-02,الصفات متعددة الجينات والتفوق الجيني والتآثرات الجينية,تجميعات الأحياء 2026 — مفتاح الإجابة في PDF p.176,D,3,NOT_STARTED,,NOT_RUN,PRE_CROP_RANGE_FROZEN_V1
39,BIO26-L39,أحياء 4,الوراثة المعقدة والبشرية,176,176,175,1,35,TAH-BIO-BIO26-L39-Q035,BIO26-PDF176-L39-S1-Q035,الصفات متعددة الجينات والتفوق الجيني والتآثرات الجينية,BIO26-M25,الوراثة المعقدة والبشرية,BIO26-S25-02,الصفات متعددة الجينات والتفوق الجيني والتآثرات الجينية,تجميعات الأحياء 2026 — مفتاح الإجابة في PDF p.176,A,0,NOT_STARTED,,NOT_RUN,PRE_CROP_RANGE_FROZEN_V1
39,BIO26-L39,أحياء 4,الوراثة المعقدة والبشرية,176,176,175,1,36,TAH-BIO-BIO26-L39-Q036,BIO26-PDF176-L39-S1-Q036,الصفات متعددة الجينات والتفوق الجيني والتآثرات الجينية,BIO26-M25,الوراثة المعقدة والبشرية,BIO26-S25-02,الصفات متعددة الجينات والتفوق الجيني والتآثرات الجينية,تجميعات الأحياء 2026 — مفتاح الإجابة في PDF p.176,C,2,NOT_STARTED,,NOT_RUN,PRE_CROP_RANGE_FROZEN_V1
39,BIO26-L39,أحياء 4,الوراثة المعقدة والبشرية,177,177,176,1,37,TAH-BIO-BIO26-L39-Q037,BIO26-PDF177-L39-S1-Q037,الصفات متعددة الجينات والتفوق الجيني والتآثرات الجينية,BIO26-M25,الوراثة المعقدة والبشرية,BIO26-S25-02,الصفات متعددة الجينات والتفوق الجيني والتآثرات الجينية,تجميعات الأحياء 2026 — مفتاح الإجابة في PDF p.177,C,2,NOT_STARTED,,NOT_RUN,PRE_CROP_RANGE_FROZEN_V1
39,BIO26-L39,أحياء 4,الوراثة المعقدة والبشرية,177,177,176,1,38,TAH-BIO-BIO26-L39-Q038,BIO26-PDF177-L39-S1-Q038,الصفات متعددة الجينات والتفوق الجيني والتآثرات الجينية,BIO26-M25,الوراثة المعقدة والبشرية,BIO26-S25-02,الصفات متعددة الجينات والتفوق الجيني والتآثرات الجينية,تجميعات الأحياء 2026 — مفتاح الإجابة في PDF p.177,D,3,NOT_STARTED,,NOT_RUN,PRE_CROP_RANGE_FROZEN_V1
39,BIO26-L39,أحياء 4,الوراثة المعقدة والبشرية,177,177,176,1,39,TAH-BIO-BIO26-L39-Q039,BIO26-PDF177-L39-S1-Q039,تحديد الجنس والصفات المرتبطة والمتأثرة بالجنس,BIO26-M25,الوراثة المعقدة والبشرية,BIO26-S25-03,تحديد الجنس والصفات المرتبطة والمتأثرة بالجنس,تجميعات الأحياء 2026 — مفتاح الإجابة في PDF p.177,A,0,NOT_STARTED,,NOT_RUN,PRE_CROP_RANGE_FROZEN_V1
39,BIO26-L39,أحياء 4,الوراثة المعقدة والبشرية,177,177,176,1,40,TAH-BIO-BIO26-L39-Q040,BIO26-PDF177-L39-S1-Q040,الصفات متعددة الجينات والتفوق الجيني والتآثرات الجينية,BIO26-M25,الوراثة المعقدة والبشرية,BIO26-S25-02,الصفات متعددة الجينات والتفوق الجيني والتآثرات الجينية,تجميعات الأحياء 2026 — مفتاح الإجابة في PDF p.177,A,0,NOT_STARTED,,NOT_RUN,PRE_CROP_RANGE_FROZEN_V1
39,BIO26-L39,أحياء 4,الوراثة المعقدة والبشرية,177,177,176,1,41,TAH-BIO-BIO26-L39-Q041,BIO26-PDF177-L39-S1-Q041,الوراثة البشرية: الاضطرابات ومخطط السلالة والكاريُوتايب وعدم الانفصال,BIO26-M25,الوراثة المعقدة والبشرية,BIO26-S25-04,الوراثة البشرية: الاضطرابات ومخطط السلالة والكاريُوتايب وعدم الانفصال,تجميعات الأحياء 2026 — مفتاح الإجابة في PDF p.177,A,0,NOT_STARTED,,NOT_RUN,PRE_CROP_RANGE_FROZEN_V1
39,BIO26-L39,أحياء 4,الوراثة المعقدة والبشرية,177,177,176,1,42,TAH-BIO-BIO26-L39-Q042,BIO26-PDF177-L39-S1-Q042,الوراثة البشرية: الاضطرابات ومخطط السلالة والكاريُوتايب وعدم الانفصال,BIO26-M25,الوراثة المعقدة والبشرية,BIO26-S25-04,الوراثة البشرية: الاضطرابات ومخطط السلالة والكاريُوتايب وعدم الانفصال,تجميعات الأحياء 2026 — مفتاح الإجابة في PDF p.177,B,1,NOT_STARTED,,NOT_RUN,PRE_CROP_RANGE_FROZEN_V1
39,BIO26-L39,أحياء 4,الوراثة المعقدة والبشرية,177,177,176,1,43,TAH-BIO-BIO26-L39-Q043,BIO26-PDF177-L39-S1-Q043,الوراثة البشرية: الاضطرابات ومخطط السلالة والكاريُوتايب وعدم الانفصال,BIO26-M25,الوراثة المعقدة والبشرية,BIO26-S25-04,الوراثة البشرية: الاضطرابات ومخطط السلالة والكاريُوتايب وعدم الانفصال,تجميعات الأحياء 2026 — مفتاح الإجابة في PDF p.177,A,0,NOT_STARTED,,NOT_RUN,PRE_CROP_RANGE_FROZEN_V1
39,BIO26-L39,أحياء 4,الوراثة المعقدة والبشرية,177,177,176,1,44,TAH-BIO-BIO26-L39-Q044,BIO26-PDF177-L39-S1-Q044,الوراثة البشرية: الاضطرابات ومخطط السلالة والكاريُوتايب وعدم الانفصال,BIO26-M25,الوراثة المعقدة والبشرية,BIO26-S25-04,الوراثة البشرية: الاضطرابات ومخطط السلالة والكاريُوتايب وعدم الانفصال,تجميعات الأحياء 2026 — مفتاح الإجابة في PDF p.177,D,3,NOT_STARTED,,NOT_RUN,PRE_CROP_RANGE_FROZEN_V1
39,BIO26-L39,أحياء 4,الوراثة المعقدة والبشرية,177,177,176,1,45,TAH-BIO-BIO26-L39-Q045,BIO26-PDF177-L39-S1-Q045,الوراثة البشرية: الاضطرابات ومخطط السلالة والكاريُوتايب وعدم الانفصال,BIO26-M25,الوراثة المعقدة والبشرية,BIO26-S25-04,الوراثة البشرية: الاضطرابات ومخطط السلالة والكاريُوتايب وعدم الانفصال,تجميعات الأحياء 2026 — مفتاح الإجابة في PDF p.177,C,2,NOT_STARTED,,NOT_RUN,PRE_CROP_RANGE_FROZEN_V1
39,BIO26-L39,أحياء 4,الوراثة المعقدة والبشرية,177,177,176,1,46,TAH-BIO-BIO26-L39-Q046,BIO26-PDF177-L39-S1-Q046,الوراثة البشرية: الاضطرابات ومخطط السلالة والكاريُوتايب وعدم الانفصال,BIO26-M25,الوراثة المعقدة والبشرية,BIO26-S25-04,الوراثة البشرية: الاضطرابات ومخطط السلالة والكاريُوتايب وعدم الانفصال,تجميعات الأحياء 2026 — مفتاح الإجابة في PDF p.177,C,2,NOT_STARTED,,NOT_RUN,PRE_CROP_RANGE_FROZEN_V1
39,BIO26-L39,أحياء 4,الوراثة المعقدة والبشرية,177,177,176,1,47,TAH-BIO-BIO26-L39-Q047,BIO26-PDF177-L39-S1-Q047,الوراثة البشرية: الاضطرابات ومخطط السلالة والكاريُوتايب وعدم الانفصال,BIO26-M25,الوراثة المعقدة والبشرية,BIO26-S25-04,الوراثة البشرية: الاضطرابات ومخطط السلالة والكاريُوتايب وعدم الانفصال,تجميعات الأحياء 2026 — مفتاح الإجابة في PDF p.177,D,3,NOT_STARTED,,NOT_RUN,PRE_CROP_RANGE_FROZEN_V1
39,BIO26-L39,أحياء 4,الوراثة المعقدة والبشرية,177,177,176,1,48,TAH-BIO-BIO26-L39-Q048,BIO26-PDF177-L39-S1-Q048,الوراثة البشرية: الاضطرابات ومخطط السلالة والكاريُوتايب وعدم الانفصال,BIO26-M25,الوراثة المعقدة والبشرية,BIO26-S25-04,الوراثة البشرية: الاضطرابات ومخطط السلالة والكاريُوتايب وعدم الانفصال,تجميعات الأحياء 2026 — مفتاح الإجابة في PDF p.177,D,3,NOT_STARTED,,NOT_RUN,PRE_CROP_RANGE_FROZEN_V1
39,BIO26-L39,أحياء 4,الوراثة المعقدة والبشرية,177,177,176,1,49,TAH-BIO-BIO26-L39-Q049,BIO26-PDF177-L39-S1-Q049,الوراثة البشرية: الاضطرابات ومخطط السلالة والكاريُوتايب وعدم الانفصال,BIO26-M25,الوراثة المعقدة والبشرية,BIO26-S25-04,الوراثة البشرية: الاضطرابات ومخطط السلالة والكاريُوتايب وعدم الانفصال,تجميعات الأحياء 2026 — مفتاح الإجابة في PDF p.177,D,3,NOT_STARTED,,NOT_RUN,PRE_CROP_RANGE_FROZEN_V1
39,BIO26-L39,أحياء 4,الوراثة المعقدة والبشرية,177,177,176,1,50,TAH-BIO-BIO26-L39-Q050,BIO26-PDF177-L39-S1-Q050,الوراثة البشرية: الاضطرابات ومخطط السلالة والكاريُوتايب وعدم الانفصال,BIO26-M25,الوراثة المعقدة والبشرية,BIO26-S25-04,الوراثة البشرية: الاضطرابات ومخطط السلالة والكاريُوتايب وعدم الانفصال,تجميعات الأحياء 2026 — مفتاح الإجابة في PDF p.177,B,1,NOT_STARTED,,NOT_RUN,PRE_CROP_RANGE_FROZEN_V1
39,BIO26-L39,أحياء 4,الوراثة المعقدة والبشرية,177,177,176,1,51,TAH-BIO-BIO26-L39-Q051,BIO26-PDF177-L39-S1-Q051,الوراثة البشرية: الاضطرابات ومخطط السلالة والكاريُوتايب وعدم الانفصال,BIO26-M25,الوراثة المعقدة والبشرية,BIO26-S25-04,الوراثة البشرية: الاضطرابات ومخطط السلالة والكاريُوتايب وعدم الانفصال,تجميعات الأحياء 2026 — مفتاح الإجابة في PDF p.177,B,1,NOT_STARTED,,NOT_RUN,PRE_CROP_RANGE_FROZEN_V1
39,BIO26-L39,أحياء 4,الوراثة المعقدة والبشرية,177,177,176,1,52,TAH-BIO-BIO26-L39-Q052,BIO26-PDF177-L39-S1-Q052,الوراثة البشرية: الاضطرابات ومخطط السلالة والكاريُوتايب وعدم الانفصال,BIO26-M25,الوراثة المعقدة والبشرية,BIO26-S25-04,الوراثة البشرية: الاضطرابات ومخطط السلالة والكاريُوتايب وعدم الانفصال,تجميعات الأحياء 2026 — مفتاح الإجابة في PDF p.177,D,3,NOT_STARTED,,NOT_RUN,PRE_CROP_RANGE_FROZEN_V1
39,BIO26-L39,أحياء 4,الوراثة المعقدة والبشرية,177,177,176,1,53,TAH-BIO-BIO26-L39-Q053,BIO26-PDF177-L39-S1-Q053,الوراثة البشرية: الاضطرابات ومخطط السلالة والكاريُوتايب وعدم الانفصال,BIO26-M25,الوراثة المعقدة والبشرية,BIO26-S25-04,الوراثة البشرية: الاضطرابات ومخطط السلالة والكاريُوتايب وعدم الانفصال,تجميعات الأحياء 2026 — مفتاح الإجابة في PDF p.177,A,0,NOT_STARTED,,NOT_RUN,PRE_CROP_RANGE_FROZEN_V1
39,BIO26-L39,أحياء 4,الوراثة المعقدة والبشرية,178,178,177,1,54,TAH-BIO-BIO26-L39-Q054,BIO26-PDF178-L39-S1-Q054,الوراثة البشرية: الاضطرابات ومخطط السلالة والكاريُوتايب وعدم الانفصال,BIO26-M25,الوراثة المعقدة والبشرية,BIO26-S25-04,الوراثة البشرية: الاضطرابات ومخطط السلالة والكاريُوتايب وعدم الانفصال,تجميعات الأحياء 2026 — مفتاح الإجابة في PDF p.178,A,0,NOT_STARTED,,NOT_RUN,PRE_CROP_RANGE_FROZEN_V1
39,BIO26-L39,أحياء 4,الوراثة المعقدة والبشرية,178,178,177,1,55,TAH-BIO-BIO26-L39-Q055,BIO26-PDF178-L39-S1-Q055,الوراثة البشرية: الاضطرابات ومخطط السلالة والكاريُوتايب وعدم الانفصال,BIO26-M25,الوراثة المعقدة والبشرية,BIO26-S25-04,الوراثة البشرية: الاضطرابات ومخطط السلالة والكاريُوتايب وعدم الانفصال,تجميعات الأحياء 2026 — مفتاح الإجابة في PDF p.178,C,2,NOT_STARTED,,NOT_RUN,PRE_CROP_RANGE_FROZEN_V1
39,BIO26-L39,أحياء 4,الوراثة المعقدة والبشرية,178,178,177,1,56,TAH-BIO-BIO26-L39-Q056,BIO26-PDF178-L39-S1-Q056,الوراثة البشرية: الاضطرابات ومخطط السلالة والكاريُوتايب وعدم الانفصال,BIO26-M25,الوراثة المعقدة والبشرية,BIO26-S25-04,الوراثة البشرية: الاضطرابات ومخطط السلالة والكاريُوتايب وعدم الانفصال,تجميعات الأحياء 2026 — مفتاح الإجابة في PDF p.178,A,0,NOT_STARTED,,NOT_RUN,PRE_CROP_RANGE_FROZEN_V1
39,BIO26-L39,أحياء 4,الوراثة المعقدة والبشرية,178,178,177,1,57,TAH-BIO-BIO26-L39-Q057,BIO26-PDF178-L39-S1-Q057,الوراثة البشرية: الاضطرابات ومخطط السلالة والكاريُوتايب وعدم الانفصال,BIO26-M25,الوراثة المعقدة والبشرية,BIO26-S25-04,الوراثة البشرية: الاضطرابات ومخطط السلالة والكاريُوتايب وعدم الانفصال,تجميعات الأحياء 2026 — مفتاح الإجابة في PDF p.178,C,2,NOT_STARTED,,NOT_RUN,PRE_CROP_RANGE_FROZEN_V1
39,BIO26-L39,أحياء 4,الوراثة المعقدة والبشرية,178,178,177,1,58,TAH-BIO-BIO26-L39-Q058,BIO26-PDF178-L39-S1-Q058,الوراثة البشرية: الاضطرابات ومخطط السلالة والكاريُوتايب وعدم الانفصال,BIO26-M25,الوراثة المعقدة والبشرية,BIO26-S25-04,الوراثة البشرية: الاضطرابات ومخطط السلالة والكاريُوتايب وعدم الانفصال,تجميعات الأحياء 2026 — مفتاح الإجابة في PDF p.178,B,1,NOT_STARTED,,NOT_RUN,PRE_CROP_RANGE_FROZEN_V1
39,BIO26-L39,أحياء 4,الوراثة المعقدة والبشرية,178,178,177,1,59,TAH-BIO-BIO26-L39-Q059,BIO26-PDF178-L39-S1-Q059,الوراثة البشرية: الاضطرابات ومخطط السلالة والكاريُوتايب وعدم الانفصال,BIO26-M25,الوراثة المعقدة والبشرية,BIO26-S25-04,الوراثة البشرية: الاضطرابات ومخطط السلالة والكاريُوتايب وعدم الانفصال,تجميعات الأحياء 2026 — مفتاح الإجابة في PDF p.178,A,0,NOT_STARTED,,NOT_RUN,PRE_CROP_RANGE_FROZEN_V1
39,BIO26-L39,أحياء 4,الوراثة المعقدة والبشرية,178,178,177,1,60,TAH-BIO-BIO26-L39-Q060,BIO26-PDF178-L39-S1-Q060,الوراثة البشرية: الاضطرابات ومخطط السلالة والكاريُوتايب وعدم الانفصال,BIO26-M25,الوراثة المعقدة والبشرية,BIO26-S25-04,الوراثة البشرية: الاضطرابات ومخطط السلالة والكاريُوتايب وعدم الانفصال,تجميعات الأحياء 2026 — مفتاح الإجابة في PDF p.178,B,1,NOT_STARTED,,NOT_RUN,PRE_CROP_RANGE_FROZEN_V1
39,BIO26-L39,أحياء 4,الوراثة المعقدة والبشرية,178,178,177,1,61,TAH-BIO-BIO26-L39-Q061,BIO26-PDF178-L39-S1-Q061,الوراثة البشرية: الاضطرابات ومخطط السلالة والكاريُوتايب وعدم الانفصال,BIO26-M25,الوراثة المعقدة والبشرية,BIO26-S25-04,الوراثة البشرية: الاضطرابات ومخطط السلالة والكاريُوتايب وعدم الانفصال,تجميعات الأحياء 2026 — مفتاح الإجابة في PDF p.178,B,1,NOT_STARTED,,NOT_RUN,PRE_CROP_RANGE_FROZEN_V1
39,BIO26-L39,أحياء 4,الوراثة المعقدة والبشرية,178,178,177,1,62,TAH-BIO-BIO26-L39-Q062,BIO26-PDF178-L39-S1-Q062,الوراثة البشرية: الاضطرابات ومخطط السلالة والكاريُوتايب وعدم الانفصال,BIO26-M25,الوراثة المعقدة والبشرية,BIO26-S25-04,الوراثة البشرية: الاضطرابات ومخطط السلالة والكاريُوتايب وعدم الانفصال,تجميعات الأحياء 2026 — مفتاح الإجابة في PDF p.178,D,3,NOT_STARTED,,NOT_RUN,PRE_CROP_RANGE_FROZEN_V1
39,BIO26-L39,أحياء 4,الوراثة المعقدة والبشرية,178,178,177,1,63,TAH-BIO-BIO26-L39-Q063,BIO26-PDF178-L39-S1-Q063,الوراثة البشرية: الاضطرابات ومخطط السلالة والكاريُوتايب وعدم الانفصال,BIO26-M25,الوراثة المعقدة والبشرية,BIO26-S25-04,الوراثة البشرية: الاضطرابات ومخطط السلالة والكاريُوتايب وعدم الانفصال,تجميعات الأحياء 2026 — مفتاح الإجابة في PDF p.178,B,1,NOT_STARTED,,NOT_RUN,PRE_CROP_RANGE_FROZEN_V1
39,BIO26-L39,أحياء 4,الوراثة المعقدة والبشرية,178,178,177,1,64,TAH-BIO-BIO26-L39-Q064,BIO26-PDF178-L39-S1-Q064,الوراثة البشرية: الاضطرابات ومخطط السلالة والكاريُوتايب وعدم الانفصال,BIO26-M25,الوراثة المعقدة والبشرية,BIO26-S25-04,الوراثة البشرية: الاضطرابات ومخطط السلالة والكاريُوتايب وعدم الانفصال,تجميعات الأحياء 2026 — مفتاح الإجابة في PDF p.178,C,2,NOT_STARTED,,NOT_RUN,PRE_CROP_RANGE_FROZEN_V1
39,BIO26-L39,أحياء 4,الوراثة المعقدة والبشرية,179,179,178,1,65,TAH-BIO-BIO26-L39-Q065,BIO26-PDF179-L39-S1-Q065,الوراثة البشرية: الاضطرابات ومخطط السلالة والكاريُوتايب وعدم الانفصال,BIO26-M25,الوراثة المعقدة والبشرية,BIO26-S25-04,الوراثة البشرية: الاضطرابات ومخطط السلالة والكاريُوتايب وعدم الانفصال,تجميعات الأحياء 2026 — مفتاح الإجابة في PDF p.179,B,1,NOT_STARTED,,NOT_RUN,PRE_CROP_RANGE_FROZEN_V1
39,BIO26-L39,أحياء 4,الوراثة المعقدة والبشرية,179,179,178,1,66,TAH-BIO-BIO26-L39-Q066,BIO26-PDF179-L39-S1-Q066,الوراثة البشرية: الاضطرابات ومخطط السلالة والكاريُوتايب وعدم الانفصال,BIO26-M25,الوراثة المعقدة والبشرية,BIO26-S25-04,الوراثة البشرية: الاضطرابات ومخطط السلالة والكاريُوتايب وعدم الانفصال,تجميعات الأحياء 2026 — مفتاح الإجابة في PDF p.179,C,2,NOT_STARTED,,NOT_RUN,PRE_CROP_RANGE_FROZEN_V1
39,BIO26-L39,أحياء 4,الوراثة المعقدة والبشرية,179,179,178,1,67,TAH-BIO-BIO26-L39-Q067,BIO26-PDF179-L39-S1-Q067,الوراثة البشرية: الاضطرابات ومخطط السلالة والكاريُوتايب وعدم الانفصال,BIO26-M25,الوراثة المعقدة والبشرية,BIO26-S25-04,الوراثة البشرية: الاضطرابات ومخطط السلالة والكاريُوتايب وعدم الانفصال,تجميعات الأحياء 2026 — مفتاح الإجابة في PDF p.179,C,2,NOT_STARTED,,NOT_RUN,PRE_CROP_RANGE_FROZEN_V1
39,BIO26-L39,أحياء 4,الوراثة المعقدة والبشرية,179,179,178,1,68,TAH-BIO-BIO26-L39-Q068,BIO26-PDF179-L39-S1-Q068,الوراثة البشرية: الاضطرابات ومخطط السلالة والكاريُوتايب وعدم الانفصال,BIO26-M25,الوراثة المعقدة والبشرية,BIO26-S25-04,الوراثة البشرية: الاضطرابات ومخطط السلالة والكاريُوتايب وعدم الانفصال,تجميعات الأحياء 2026 — مفتاح الإجابة في PDF p.179,D,3,NOT_STARTED,,NOT_RUN,PRE_CROP_RANGE_FROZEN_V1
39,BIO26-L39,أحياء 4,الوراثة المعقدة والبشرية,179,179,178,1,69,TAH-BIO-BIO26-L39-Q069,BIO26-PDF179-L39-S1-Q069,الوراثة البشرية: الاضطرابات ومخطط السلالة والكاريُوتايب وعدم الانفصال,BIO26-M25,الوراثة المعقدة والبشرية,BIO26-S25-04,الوراثة البشرية: الاضطرابات ومخطط السلالة والكاريُوتايب وعدم الانفصال,تجميعات الأحياء 2026 — مفتاح الإجابة في PDF p.179,B,1,NOT_STARTED,,NOT_RUN,PRE_CROP_RANGE_FROZEN_V1
39,BIO26-L39,أحياء 4,الوراثة المعقدة والبشرية,179,179,178,1,70,TAH-BIO-BIO26-L39-Q070,BIO26-PDF179-L39-S1-Q070,الوراثة البشرية: الاضطرابات ومخطط السلالة والكاريُوتايب وعدم الانفصال,BIO26-M25,الوراثة المعقدة والبشرية,BIO26-S25-04,الوراثة البشرية: الاضطرابات ومخطط السلالة والكاريُوتايب وعدم الانفصال,تجميعات الأحياء 2026 — مفتاح الإجابة في PDF p.179,A,0,NOT_STARTED,,NOT_RUN,PRE_CROP_RANGE_FROZEN_V1
39,BIO26-L39,أحياء 4,الوراثة المعقدة والبشرية,179,179,178,1,71,TAH-BIO-BIO26-L39-Q071,BIO26-PDF179-L39-S1-Q071,الوراثة البشرية: الاضطرابات ومخطط السلالة والكاريُوتايب وعدم الانفصال,BIO26-M25,الوراثة المعقدة والبشرية,BIO26-S25-04,الوراثة البشرية: الاضطرابات ومخطط السلالة والكاريُوتايب وعدم الانفصال,تجميعات الأحياء 2026 — مفتاح الإجابة في PDF p.179,A,0,NOT_STARTED,,NOT_RUN,PRE_CROP_RANGE_FROZEN_V1
39,BIO26-L39,أحياء 4,الوراثة المعقدة والبشرية,179,179,178,1,72,TAH-BIO-BIO26-L39-Q072,BIO26-PDF179-L39-S1-Q072,الوراثة البشرية: الاضطرابات ومخطط السلالة والكاريُوتايب وعدم الانفصال,BIO26-M25,الوراثة المعقدة والبشرية,BIO26-S25-04,الوراثة البشرية: الاضطرابات ومخطط السلالة والكاريُوتايب وعدم الانفصال,تجميعات الأحياء 2026 — مفتاح الإجابة في PDF p.179,A,0,NOT_STARTED,,NOT_RUN,PRE_CROP_RANGE_FROZEN_V1
39,BIO26-L39,أحياء 4,الوراثة المعقدة والبشرية,179,179,178,1,73,TAH-BIO-BIO26-L39-Q073,BIO26-PDF179-L39-S1-Q073,الوراثة البشرية: الاضطرابات ومخطط السلالة والكاريُوتايب وعدم الانفصال,BIO26-M25,الوراثة المعقدة والبشرية,BIO26-S25-04,الوراثة البشرية: الاضطرابات ومخطط السلالة والكاريُوتايب وعدم الانفصال,تجميعات الأحياء 2026 — مفتاح الإجابة في PDF p.179,C,2,NOT_STARTED,,NOT_RUN,PRE_CROP_RANGE_FROZEN_V1
39,BIO26-L39,أحياء 4,الوراثة المعقدة والبشرية,179,179,178,1,74,TAH-BIO-BIO26-L39-Q074,BIO26-PDF179-L39-S1-Q074,الوراثة البشرية: الاضطرابات ومخطط السلالة والكاريُوتايب وعدم الانفصال,BIO26-M25,الوراثة المعقدة والبشرية,BIO26-S25-04,الوراثة البشرية: الاضطرابات ومخطط السلالة والكاريُوتايب وعدم الانفصال,تجميعات الأحياء 2026 — مفتاح الإجابة في PDF p.179,C,2,NOT_STARTED,,NOT_RUN,PRE_CROP_RANGE_FROZEN_V1
39,BIO26-L39,أحياء 4,الوراثة المعقدة والبشرية,180,180,179,1,75,TAH-BIO-BIO26-L39-Q075,BIO26-PDF180-L39-S1-Q075,الوراثة البشرية: الاضطرابات ومخطط السلالة والكاريُوتايب وعدم الانفصال,BIO26-M25,الوراثة المعقدة والبشرية,BIO26-S25-04,الوراثة البشرية: الاضطرابات ومخطط السلالة والكاريُوتايب وعدم الانفصال,تجميعات الأحياء 2026 — مفتاح الإجابة في PDF p.180,D,3,NOT_STARTED,,NOT_RUN,PRE_CROP_RANGE_FROZEN_V1
39,BIO26-L39,أحياء 4,الوراثة المعقدة والبشرية,180,180,179,1,76,TAH-BIO-BIO26-L39-Q076,BIO26-PDF180-L39-S1-Q076,الوراثة البشرية: الاضطرابات ومخطط السلالة والكاريُوتايب وعدم الانفصال,BIO26-M25,الوراثة المعقدة والبشرية,BIO26-S25-04,الوراثة البشرية: الاضطرابات ومخطط السلالة والكاريُوتايب وعدم الانفصال,تجميعات الأحياء 2026 — مفتاح الإجابة في PDF p.180,D,3,NOT_STARTED,,NOT_RUN,PRE_CROP_RANGE_FROZEN_V1
39,BIO26-L39,أحياء 4,الوراثة المعقدة والبشرية,180,180,179,1,77,TAH-BIO-BIO26-L39-Q077,BIO26-PDF180-L39-S1-Q077,الوراثة البشرية: الاضطرابات ومخطط السلالة والكاريُوتايب وعدم الانفصال,BIO26-M25,الوراثة المعقدة والبشرية,BIO26-S25-04,الوراثة البشرية: الاضطرابات ومخطط السلالة والكاريُوتايب وعدم الانفصال,تجميعات الأحياء 2026 — مفتاح الإجابة في PDF p.180,B,1,NOT_STARTED,,NOT_RUN,PRE_CROP_RANGE_FROZEN_V1
39,BIO26-L39,أحياء 4,الوراثة المعقدة والبشرية,180,180,179,1,78,TAH-BIO-BIO26-L39-Q078,BIO26-PDF180-L39-S1-Q078,الوراثة البشرية: الاضطرابات ومخطط السلالة والكاريُوتايب وعدم الانفصال,BIO26-M25,الوراثة المعقدة والبشرية,BIO26-S25-04,الوراثة البشرية: الاضطرابات ومخطط السلالة والكاريُوتايب وعدم الانفصال,تجميعات الأحياء 2026 — مفتاح الإجابة في PDF p.180,C,2,NOT_STARTED,,NOT_RUN,PRE_CROP_RANGE_FROZEN_V1
39,BIO26-L39,أحياء 4,الوراثة المعقدة والبشرية,180,180,179,1,79,TAH-BIO-BIO26-L39-Q079,BIO26-PDF180-L39-S1-Q079,الوراثة البشرية: الاضطرابات ومخطط السلالة والكاريُوتايب وعدم الانفصال,BIO26-M25,الوراثة المعقدة والبشرية,BIO26-S25-04,الوراثة البشرية: الاضطرابات ومخطط السلالة والكاريُوتايب وعدم الانفصال,تجميعات الأحياء 2026 — مفتاح الإجابة في PDF p.180,B,1,NOT_STARTED,,NOT_RUN,PRE_CROP_RANGE_FROZEN_V1
39,BIO26-L39,أحياء 4,الوراثة المعقدة والبشرية,180,180,179,1,80,TAH-BIO-BIO26-L39-Q080,BIO26-PDF180-L39-S1-Q080,الوراثة البشرية: الاضطرابات ومخطط السلالة والكاريُوتايب وعدم الانفصال,BIO26-M25,الوراثة المعقدة والبشرية,BIO26-S25-04,الوراثة البشرية: الاضطرابات ومخطط السلالة والكاريُوتايب وعدم الانفصال,تجميعات الأحياء 2026 — مفتاح الإجابة في PDF p.180,A,0,NOT_STARTED,,NOT_RUN,PRE_CROP_RANGE_FROZEN_V1
39,BIO26-L39,أحياء 4,الوراثة المعقدة والبشرية,181,181,180,2,81,TAH-BIO-BIO26-L39-Q081,BIO26-PDF181-L39-S2-Q081,الوراثة البشرية: الاضطرابات ومخطط السلالة والكاريُوتايب وعدم الانفصال,BIO26-M25,الوراثة المعقدة والبشرية,BIO26-S25-04,الوراثة البشرية: الاضطرابات ومخطط السلالة والكاريُوتايب وعدم الانفصال,تجميعات الأحياء 2026 — مفتاح الإجابة في PDF p.181,A,0,NOT_STARTED,,NOT_RUN,PRE_CROP_RANGE_FROZEN_V1
39,BIO26-L39,أحياء 4,الوراثة المعقدة والبشرية,181,181,180,2,82,TAH-BIO-BIO26-L39-Q082,BIO26-PDF181-L39-S2-Q082,الوراثة البشرية: الاضطرابات ومخطط السلالة والكاريُوتايب وعدم الانفصال,BIO26-M25,الوراثة المعقدة والبشرية,BIO26-S25-04,الوراثة البشرية: الاضطرابات ومخطط السلالة والكاريُوتايب وعدم الانفصال,تجميعات الأحياء 2026 — مفتاح الإجابة في PDF p.181,C,2,NOT_STARTED,,NOT_RUN,PRE_CROP_RANGE_FROZEN_V1
39,BIO26-L39,أحياء 4,الوراثة المعقدة والبشرية,181,181,180,2,83,TAH-BIO-BIO26-L39-Q083,BIO26-PDF181-L39-S2-Q083,الوراثة البشرية: الاضطرابات ومخطط السلالة والكاريُوتايب وعدم الانفصال,BIO26-M25,الوراثة المعقدة والبشرية,BIO26-S25-04,الوراثة البشرية: الاضطرابات ومخطط السلالة والكاريُوتايب وعدم الانفصال,تجميعات الأحياء 2026 — مفتاح الإجابة في PDF p.181,D,3,NOT_STARTED,,NOT_RUN,PRE_CROP_RANGE_FROZEN_V1
39,BIO26-L39,أحياء 4,الوراثة المعقدة والبشرية,181,181,180,2,84,TAH-BIO-BIO26-L39-Q084,BIO26-PDF181-L39-S2-Q084,الوراثة البشرية: الاضطرابات ومخطط السلالة والكاريُوتايب وعدم الانفصال,BIO26-M25,الوراثة المعقدة والبشرية,BIO26-S25-04,الوراثة البشرية: الاضطرابات ومخطط السلالة والكاريُوتايب وعدم الانفصال,تجميعات الأحياء 2026 — مفتاح الإجابة في PDF p.181,D,3,NOT_STARTED,,NOT_RUN,PRE_CROP_RANGE_FROZEN_V1
39,BIO26-L39,أحياء 4,الوراثة المعقدة والبشرية,181,181,180,2,85,TAH-BIO-BIO26-L39-Q085,BIO26-PDF181-L39-S2-Q085,الوراثة البشرية: الاضطرابات ومخطط السلالة والكاريُوتايب وعدم الانفصال,BIO26-M25,الوراثة المعقدة والبشرية,BIO26-S25-04,الوراثة البشرية: الاضطرابات ومخطط السلالة والكاريُوتايب وعدم الانفصال,تجميعات الأحياء 2026 — مفتاح الإجابة في PDF p.181,B,1,NOT_STARTED,,NOT_RUN,PRE_CROP_RANGE_FROZEN_V1
39,BIO26-L39,أحياء 4,الوراثة المعقدة والبشرية,181,181,180,2,86,TAH-BIO-BIO26-L39-Q086,BIO26-PDF181-L39-S2-Q086,الوراثة البشرية: الاضطرابات ومخطط السلالة والكاريُوتايب وعدم الانفصال,BIO26-M25,الوراثة المعقدة والبشرية,BIO26-S25-04,الوراثة البشرية: الاضطرابات ومخطط السلالة والكاريُوتايب وعدم الانفصال,تجميعات الأحياء 2026 — مفتاح الإجابة في PDF p.181,C,2,NOT_STARTED,,NOT_RUN,PRE_CROP_RANGE_FROZEN_V1
39,BIO26-L39,أحياء 4,الوراثة المعقدة والبشرية,181,181,180,2,87,TAH-BIO-BIO26-L39-Q087,BIO26-PDF181-L39-S2-Q087,الوراثة البشرية: الاضطرابات ومخطط السلالة والكاريُوتايب وعدم الانفصال,BIO26-M25,الوراثة المعقدة والبشرية,BIO26-S25-04,الوراثة البشرية: الاضطرابات ومخطط السلالة والكاريُوتايب وعدم الانفصال,تجميعات الأحياء 2026 — مفتاح الإجابة في PDF p.181,C,2,NOT_STARTED,,NOT_RUN,PRE_CROP_RANGE_FROZEN_V1
39,BIO26-L39,أحياء 4,الوراثة المعقدة والبشرية,181,181,180,2,88,TAH-BIO-BIO26-L39-Q088,BIO26-PDF181-L39-S2-Q088,الوراثة البشرية: الاضطرابات ومخطط السلالة والكاريُوتايب وعدم الانفصال,BIO26-M25,الوراثة المعقدة والبشرية,BIO26-S25-04,الوراثة البشرية: الاضطرابات ومخطط السلالة والكاريُوتايب وعدم الانفصال,تجميعات الأحياء 2026 — مفتاح الإجابة في PDF p.181,A,0,NOT_STARTED,,NOT_RUN,PRE_CROP_RANGE_FROZEN_V1
39,BIO26-L39,أحياء 4,الوراثة المعقدة والبشرية,181,181,180,2,89,TAH-BIO-BIO26-L39-Q089,BIO26-PDF181-L39-S2-Q089,السيادة غير التامة والمشتركة والجينات المتعددة المتقابلة,BIO26-M25,الوراثة المعقدة والبشرية,BIO26-S25-01,السيادة غير التامة والمشتركة والجينات المتعددة المتقابلة,تجميعات الأحياء 2026 — مفتاح الإجابة في PDF p.181,B,1,NOT_STARTED,,NOT_RUN,PRE_CROP_RANGE_FROZEN_V1
39,BIO26-L39,أحياء 4,الوراثة المعقدة والبشرية,181,181,180,2,90,TAH-BIO-BIO26-L39-Q090,BIO26-PDF181-L39-S2-Q090,السيادة غير التامة والمشتركة والجينات المتعددة المتقابلة,BIO26-M25,الوراثة المعقدة والبشرية,BIO26-S25-01,السيادة غير التامة والمشتركة والجينات المتعددة المتقابلة,تجميعات الأحياء 2026 — مفتاح الإجابة في PDF p.181,A,0,NOT_STARTED,,NOT_RUN,PRE_CROP_RANGE_FROZEN_V1
39,BIO26-L39,أحياء 4,الوراثة المعقدة والبشرية,181,181,180,2,91,TAH-BIO-BIO26-L39-Q091,BIO26-PDF181-L39-S2-Q091,السيادة غير التامة والمشتركة والجينات المتعددة المتقابلة,BIO26-M25,الوراثة المعقدة والبشرية,BIO26-S25-01,السيادة غير التامة والمشتركة والجينات المتعددة المتقابلة,تجميعات الأحياء 2026 — مفتاح الإجابة في PDF p.181,B,1,NOT_STARTED,,NOT_RUN,PRE_CROP_RANGE_FROZEN_V1
39,BIO26-L39,أحياء 4,الوراثة المعقدة والبشرية,181,181,180,2,92,TAH-BIO-BIO26-L39-Q092,BIO26-PDF181-L39-S2-Q092,السيادة غير التامة والمشتركة والجينات المتعددة المتقابلة,BIO26-M25,الوراثة المعقدة والبشرية,BIO26-S25-01,السيادة غير التامة والمشتركة والجينات المتعددة المتقابلة,تجميعات الأحياء 2026 — مفتاح الإجابة في PDF p.181,C,2,NOT_STARTED,,NOT_RUN,PRE_CROP_RANGE_FROZEN_V1
39,BIO26-L39,أحياء 4,الوراثة المعقدة والبشرية,181,181,180,2,93,TAH-BIO-BIO26-L39-Q093,BIO26-PDF181-L39-S2-Q093,السيادة غير التامة والمشتركة والجينات المتعددة المتقابلة,BIO26-M25,الوراثة المعقدة والبشرية,BIO26-S25-01,السيادة غير التامة والمشتركة والجينات المتعددة المتقابلة,تجميعات الأحياء 2026 — مفتاح الإجابة في PDF p.181,A,0,NOT_STARTED,,NOT_RUN,PRE_CROP_RANGE_FROZEN_V1
39,BIO26-L39,أحياء 4,الوراثة المعقدة والبشرية,181,181,180,2,94,TAH-BIO-BIO26-L39-Q094,BIO26-PDF181-L39-S2-Q094,السيادة غير التامة والمشتركة والجينات المتعددة المتقابلة,BIO26-M25,الوراثة المعقدة والبشرية,BIO26-S25-01,السيادة غير التامة والمشتركة والجينات المتعددة المتقابلة,تجميعات الأحياء 2026 — مفتاح الإجابة في PDF p.181,D,3,NOT_STARTED,,NOT_RUN,PRE_CROP_RANGE_FROZEN_V1
39,BIO26-L39,أحياء 4,الوراثة المعقدة والبشرية,181,181,180,2,95,TAH-BIO-BIO26-L39-Q095,BIO26-PDF181-L39-S2-Q095,السيادة غير التامة والمشتركة والجينات المتعددة المتقابلة,BIO26-M25,الوراثة المعقدة والبشرية,BIO26-S25-01,السيادة غير التامة والمشتركة والجينات المتعددة المتقابلة,تجميعات الأحياء 2026 — مفتاح الإجابة في PDF p.181,C,2,NOT_STARTED,,NOT_RUN,PRE_CROP_RANGE_FROZEN_V1
39,BIO26-L39,أحياء 4,الوراثة المعقدة والبشرية,181,181,180,2,96,TAH-BIO-BIO26-L39-Q096,BIO26-PDF181-L39-S2-Q096,السيادة غير التامة والمشتركة والجينات المتعددة المتقابلة,BIO26-M25,الوراثة المعقدة والبشرية,BIO26-S25-01,السيادة غير التامة والمشتركة والجينات المتعددة المتقابلة,تجميعات الأحياء 2026 — مفتاح الإجابة في PDF p.181,C,2,NOT_STARTED,,NOT_RUN,PRE_CROP_RANGE_FROZEN_V1
39,BIO26-L39,أحياء 4,الوراثة المعقدة والبشرية,182,182,181,2,97,TAH-BIO-BIO26-L39-Q097,BIO26-PDF182-L39-S2-Q097,السيادة غير التامة والمشتركة والجينات المتعددة المتقابلة,BIO26-M25,الوراثة المعقدة والبشرية,BIO26-S25-01,السيادة غير التامة والمشتركة والجينات المتعددة المتقابلة,تجميعات الأحياء 2026 — مفتاح الإجابة في PDF p.182,B,1,NOT_STARTED,,NOT_RUN,PRE_CROP_RANGE_FROZEN_V1
39,BIO26-L39,أحياء 4,الوراثة المعقدة والبشرية,182,182,181,2,98,TAH-BIO-BIO26-L39-Q098,BIO26-PDF182-L39-S2-Q098,السيادة غير التامة والمشتركة والجينات المتعددة المتقابلة,BIO26-M25,الوراثة المعقدة والبشرية,BIO26-S25-01,السيادة غير التامة والمشتركة والجينات المتعددة المتقابلة,تجميعات الأحياء 2026 — مفتاح الإجابة في PDF p.182,D,3,NOT_STARTED,,NOT_RUN,PRE_CROP_RANGE_FROZEN_V1
39,BIO26-L39,أحياء 4,الوراثة المعقدة والبشرية,182,182,181,2,99,TAH-BIO-BIO26-L39-Q099,BIO26-PDF182-L39-S2-Q099,السيادة غير التامة والمشتركة والجينات المتعددة المتقابلة,BIO26-M25,الوراثة المعقدة والبشرية,BIO26-S25-01,السيادة غير التامة والمشتركة والجينات المتعددة المتقابلة,تجميعات الأحياء 2026 — مفتاح الإجابة في PDF p.182,C,2,NOT_STARTED,,NOT_RUN,PRE_CROP_RANGE_FROZEN_V1
39,BIO26-L39,أحياء 4,الوراثة المعقدة والبشرية,182,182,181,2,100,TAH-BIO-BIO26-L39-Q100,BIO26-PDF182-L39-S2-Q100,السيادة غير التامة والمشتركة والجينات المتعددة المتقابلة,BIO26-M25,الوراثة المعقدة والبشرية,BIO26-S25-01,السيادة غير التامة والمشتركة والجينات المتعددة المتقابلة,تجميعات الأحياء 2026 — مفتاح الإجابة في PDF p.182,B,1,NOT_STARTED,,NOT_RUN,PRE_CROP_RANGE_FROZEN_V1
39,BIO26-L39,أحياء 4,الوراثة المعقدة والبشرية,182,182,181,2,101,TAH-BIO-BIO26-L39-Q101,BIO26-PDF182-L39-S2-Q101,السيادة غير التامة والمشتركة والجينات المتعددة المتقابلة,BIO26-M25,الوراثة المعقدة والبشرية,BIO26-S25-01,السيادة غير التامة والمشتركة والجينات المتعددة المتقابلة,تجميعات الأحياء 2026 — مفتاح الإجابة في PDF p.182,B,1,NOT_STARTED,,NOT_RUN,PRE_CROP_RANGE_FROZEN_V1
39,BIO26-L39,أحياء 4,الوراثة المعقدة والبشرية,182,182,181,2,102,TAH-BIO-BIO26-L39-Q102,BIO26-PDF182-L39-S2-Q102,السيادة غير التامة والمشتركة والجينات المتعددة المتقابلة,BIO26-M25,الوراثة المعقدة والبشرية,BIO26-S25-01,السيادة غير التامة والمشتركة والجينات المتعددة المتقابلة,تجميعات الأحياء 2026 — مفتاح الإجابة في PDF p.182,A,0,NOT_STARTED,,NOT_RUN,PRE_CROP_RANGE_FROZEN_V1
39,BIO26-L39,أحياء 4,الوراثة المعقدة والبشرية,182,182,181,2,103,TAH-BIO-BIO26-L39-Q103,BIO26-PDF182-L39-S2-Q103,السيادة غير التامة والمشتركة والجينات المتعددة المتقابلة,BIO26-M25,الوراثة المعقدة والبشرية,BIO26-S25-01,السيادة غير التامة والمشتركة والجينات المتعددة المتقابلة,تجميعات الأحياء 2026 — مفتاح الإجابة في PDF p.182,C,2,NOT_STARTED,,NOT_RUN,PRE_CROP_RANGE_FROZEN_V1
39,BIO26-L39,أحياء 4,الوراثة المعقدة والبشرية,182,182,181,2,104,TAH-BIO-BIO26-L39-Q104,BIO26-PDF182-L39-S2-Q104,السيادة غير التامة والمشتركة والجينات المتعددة المتقابلة,BIO26-M25,الوراثة المعقدة والبشرية,BIO26-S25-01,السيادة غير التامة والمشتركة والجينات المتعددة المتقابلة,تجميعات الأحياء 2026 — مفتاح الإجابة في PDF p.182,D,3,NOT_STARTED,,NOT_RUN,PRE_CROP_RANGE_FROZEN_V1
39,BIO26-L39,أحياء 4,الوراثة المعقدة والبشرية,182,182,181,2,105,TAH-BIO-BIO26-L39-Q105,BIO26-PDF182-L39-S2-Q105,الصفات متعددة الجينات والتفوق الجيني والتآثرات الجينية,BIO26-M25,الوراثة المعقدة والبشرية,BIO26-S25-02,الصفات متعددة الجينات والتفوق الجيني والتآثرات الجينية,تجميعات الأحياء 2026 — مفتاح الإجابة في PDF p.182,B,1,NOT_STARTED,,NOT_RUN,PRE_CROP_RANGE_FROZEN_V1
39,BIO26-L39,أحياء 4,الوراثة المعقدة والبشرية,182,182,181,2,106,TAH-BIO-BIO26-L39-Q106,BIO26-PDF182-L39-S2-Q106,الصفات متعددة الجينات والتفوق الجيني والتآثرات الجينية,BIO26-M25,الوراثة المعقدة والبشرية,BIO26-S25-02,الصفات متعددة الجينات والتفوق الجيني والتآثرات الجينية,تجميعات الأحياء 2026 — مفتاح الإجابة في PDF p.182,A,0,NOT_STARTED,,NOT_RUN,PRE_CROP_RANGE_FROZEN_V1
39,BIO26-L39,أحياء 4,الوراثة المعقدة والبشرية,182,182,181,2,107,TAH-BIO-BIO26-L39-Q107,BIO26-PDF182-L39-S2-Q107,الصفات متعددة الجينات والتفوق الجيني والتآثرات الجينية,BIO26-M25,الوراثة المعقدة والبشرية,BIO26-S25-02,الصفات متعددة الجينات والتفوق الجيني والتآثرات الجينية,تجميعات الأحياء 2026 — مفتاح الإجابة في PDF p.182,C,2,NOT_STARTED,,NOT_RUN,PRE_CROP_RANGE_FROZEN_V1
39,BIO26-L39,أحياء 4,الوراثة المعقدة والبشرية,182,182,181,2,108,TAH-BIO-BIO26-L39-Q108,BIO26-PDF182-L39-S2-Q108,تحديد الجنس والصفات المرتبطة والمتأثرة بالجنس,BIO26-M25,الوراثة المعقدة والبشرية,BIO26-S25-03,تحديد الجنس والصفات المرتبطة والمتأثرة بالجنس,تجميعات الأحياء 2026 — مفتاح الإجابة في PDF p.182,C,2,NOT_STARTED,,NOT_RUN,PRE_CROP_RANGE_FROZEN_V1
39,BIO26-L39,أحياء 4,الوراثة المعقدة والبشرية,182,182,181,2,109,TAH-BIO-BIO26-L39-Q109,BIO26-PDF182-L39-S2-Q109,تحديد الجنس والصفات المرتبطة والمتأثرة بالجنس,BIO26-M25,الوراثة المعقدة والبشرية,BIO26-S25-03,تحديد الجنس والصفات المرتبطة والمتأثرة بالجنس,تجميعات الأحياء 2026 — مفتاح الإجابة في PDF p.182,B,1,NOT_STARTED,,NOT_RUN,PRE_CROP_RANGE_FROZEN_V1
39,BIO26-L39,أحياء 4,الوراثة المعقدة والبشرية,182,182,181,2,110,TAH-BIO-BIO26-L39-Q110,BIO26-PDF182-L39-S2-Q110,تحديد الجنس والصفات المرتبطة والمتأثرة بالجنس,BIO26-M25,الوراثة المعقدة والبشرية,BIO26-S25-03,تحديد الجنس والصفات المرتبطة والمتأثرة بالجنس,تجميعات الأحياء 2026 — مفتاح الإجابة في PDF p.182,B,1,NOT_STARTED,,NOT_RUN,PRE_CROP_RANGE_FROZEN_V1
39,BIO26-L39,أحياء 4,الوراثة المعقدة والبشرية,182,182,181,2,111,TAH-BIO-BIO26-L39-Q111,BIO26-PDF182-L39-S2-Q111,تحديد الجنس والصفات المرتبطة والمتأثرة بالجنس,BIO26-M25,الوراثة المعقدة والبشرية,BIO26-S25-03,تحديد الجنس والصفات المرتبطة والمتأثرة بالجنس,تجميعات الأحياء 2026 — مفتاح الإجابة في PDF p.182,A,0,NOT_STARTED,,NOT_RUN,PRE_CROP_RANGE_FROZEN_V1
39,BIO26-L39,أحياء 4,الوراثة المعقدة والبشرية,182,182,181,2,112,TAH-BIO-BIO26-L39-Q112,BIO26-PDF182-L39-S2-Q112,تحديد الجنس والصفات المرتبطة والمتأثرة بالجنس,BIO26-M25,الوراثة المعقدة والبشرية,BIO26-S25-03,تحديد الجنس والصفات المرتبطة والمتأثرة بالجنس,تجميعات الأحياء 2026 — مفتاح الإجابة في PDF p.182,A,0,NOT_STARTED,,NOT_RUN,PRE_CROP_RANGE_FROZEN_V1
39,BIO26-L39,أحياء 4,الوراثة المعقدة والبشرية,182,182,181,2,113,TAH-BIO-BIO26-L39-Q113,BIO26-PDF182-L39-S2-Q113,تحديد الجنس والصفات المرتبطة والمتأثرة بالجنس,BIO26-M25,الوراثة المعقدة والبشرية,BIO26-S25-03,تحديد الجنس والصفات المرتبطة والمتأثرة بالجنس,تجميعات الأحياء 2026 — مفتاح الإجابة في PDF p.182,D,3,NOT_STARTED,,NOT_RUN,PRE_CROP_RANGE_FROZEN_V1
39,BIO26-L39,أحياء 4,الوراثة المعقدة والبشرية,182,182,181,2,114,TAH-BIO-BIO26-L39-Q114,BIO26-PDF182-L39-S2-Q114,تحديد الجنس والصفات المرتبطة والمتأثرة بالجنس,BIO26-M25,الوراثة المعقدة والبشرية,BIO26-S25-03,تحديد الجنس والصفات المرتبطة والمتأثرة بالجنس,تجميعات الأحياء 2026 — مفتاح الإجابة في PDF p.182,C,2,NOT_STARTED,,NOT_RUN,PRE_CROP_RANGE_FROZEN_V1
39,BIO26-L39,أحياء 4,الوراثة المعقدة والبشرية,182,182,181,2,115,TAH-BIO-BIO26-L39-Q115,BIO26-PDF182-L39-S2-Q115,تحديد الجنس والصفات المرتبطة والمتأثرة بالجنس,BIO26-M25,الوراثة المعقدة والبشرية,BIO26-S25-03,تحديد الجنس والصفات المرتبطة والمتأثرة بالجنس,تجميعات الأحياء 2026 — مفتاح الإجابة في PDF p.182,D,3,NOT_STARTED,,NOT_RUN,PRE_CROP_RANGE_FROZEN_V1
39,BIO26-L39,أحياء 4,الوراثة المعقدة والبشرية,183,183,182,2,116,TAH-BIO-BIO26-L39-Q116,BIO26-PDF183-L39-S2-Q116,الصفات متعددة الجينات والتفوق الجيني والتآثرات الجينية,BIO26-M25,الوراثة المعقدة والبشرية,BIO26-S25-02,الصفات متعددة الجينات والتفوق الجيني والتآثرات الجينية,تجميعات الأحياء 2026 — مفتاح الإجابة في PDF p.183,B,1,NOT_STARTED,,NOT_RUN,PRE_CROP_RANGE_FROZEN_V1
39,BIO26-L39,أحياء 4,الوراثة المعقدة والبشرية,183,183,182,2,117,TAH-BIO-BIO26-L39-Q117,BIO26-PDF183-L39-S2-Q117,الصفات متعددة الجينات والتفوق الجيني والتآثرات الجينية,BIO26-M25,الوراثة المعقدة والبشرية,BIO26-S25-02,الصفات متعددة الجينات والتفوق الجيني والتآثرات الجينية,تجميعات الأحياء 2026 — مفتاح الإجابة في PDF p.183,B,1,NOT_STARTED,,NOT_RUN,PRE_CROP_RANGE_FROZEN_V1
39,BIO26-L39,أحياء 4,الوراثة المعقدة والبشرية,183,183,182,2,118,TAH-BIO-BIO26-L39-Q118,BIO26-PDF183-L39-S2-Q118,الوراثة البشرية: الاضطرابات ومخطط السلالة والكاريُوتايب وعدم الانفصال,BIO26-M25,الوراثة المعقدة والبشرية,BIO26-S25-04,الوراثة البشرية: الاضطرابات ومخطط السلالة والكاريُوتايب وعدم الانفصال,تجميعات الأحياء 2026 — مفتاح الإجابة في PDF p.183,B,1,NOT_STARTED,,NOT_RUN,PRE_CROP_RANGE_FROZEN_V1
39,BIO26-L39,أحياء 4,الوراثة المعقدة والبشرية,183,183,182,2,119,TAH-BIO-BIO26-L39-Q119,BIO26-PDF183-L39-S2-Q119,الوراثة البشرية: الاضطرابات ومخطط السلالة والكاريُوتايب وعدم الانفصال,BIO26-M25,الوراثة المعقدة والبشرية,BIO26-S25-04,الوراثة البشرية: الاضطرابات ومخطط السلالة والكاريُوتايب وعدم الانفصال,تجميعات الأحياء 2026 — مفتاح الإجابة في PDF p.183,D,3,NOT_STARTED,,NOT_RUN,PRE_CROP_RANGE_FROZEN_V1
39,BIO26-L39,أحياء 4,الوراثة المعقدة والبشرية,183,183,182,2,120,TAH-BIO-BIO26-L39-Q120,BIO26-PDF183-L39-S2-Q120,الوراثة البشرية: الاضطرابات ومخطط السلالة والكاريُوتايب وعدم الانفصال,BIO26-M25,الوراثة المعقدة والبشرية,BIO26-S25-04,الوراثة البشرية: الاضطرابات ومخطط السلالة والكاريُوتايب وعدم الانفصال,تجميعات الأحياء 2026 — مفتاح الإجابة في PDF p.183,A,0,NOT_STARTED,,NOT_RUN,PRE_CROP_RANGE_FROZEN_V1
39,BIO26-L39,أحياء 4,الوراثة المعقدة والبشرية,183,183,182,2,121,TAH-BIO-BIO26-L39-Q121,BIO26-PDF183-L39-S2-Q121,الوراثة البشرية: الاضطرابات ومخطط السلالة والكاريُوتايب وعدم الانفصال,BIO26-M25,الوراثة المعقدة والبشرية,BIO26-S25-04,الوراثة البشرية: الاضطرابات ومخطط السلالة والكاريُوتايب وعدم الانفصال,تجميعات الأحياء 2026 — مفتاح الإجابة في PDF p.183,C,2,NOT_STARTED,,NOT_RUN,PRE_CROP_RANGE_FROZEN_V1
39,BIO26-L39,أحياء 4,الوراثة المعقدة والبشرية,183,183,182,2,122,TAH-BIO-BIO26-L39-Q122,BIO26-PDF183-L39-S2-Q122,الوراثة البشرية: الاضطرابات ومخطط السلالة والكاريُوتايب وعدم الانفصال,BIO26-M25,الوراثة المعقدة والبشرية,BIO26-S25-04,الوراثة البشرية: الاضطرابات ومخطط السلالة والكاريُوتايب وعدم الانفصال,تجميعات الأحياء 2026 — مفتاح الإجابة في PDF p.183,C,2,NOT_STARTED,,NOT_RUN,PRE_CROP_RANGE_FROZEN_V1
39,BIO26-L39,أحياء 4,الوراثة المعقدة والبشرية,183,183,182,2,123,TAH-BIO-BIO26-L39-Q123,BIO26-PDF183-L39-S2-Q123,الوراثة البشرية: الاضطرابات ومخطط السلالة والكاريُوتايب وعدم الانفصال,BIO26-M25,الوراثة المعقدة والبشرية,BIO26-S25-04,الوراثة البشرية: الاضطرابات ومخطط السلالة والكاريُوتايب وعدم الانفصال,تجميعات الأحياء 2026 — مفتاح الإجابة في PDF p.183,C,2,NOT_STARTED,,NOT_RUN,PRE_CROP_RANGE_FROZEN_V1
39,BIO26-L39,أحياء 4,الوراثة المعقدة والبشرية,183,183,182,2,124,TAH-BIO-BIO26-L39-Q124,BIO26-PDF183-L39-S2-Q124,الوراثة البشرية: الاضطرابات ومخطط السلالة والكاريُوتايب وعدم الانفصال,BIO26-M25,الوراثة المعقدة والبشرية,BIO26-S25-04,الوراثة البشرية: الاضطرابات ومخطط السلالة والكاريُوتايب وعدم الانفصال,تجميعات الأحياء 2026 — مفتاح الإجابة في PDF p.183,D,3,NOT_STARTED,,NOT_RUN,PRE_CROP_RANGE_FROZEN_V1
39,BIO26-L39,أحياء 4,الوراثة المعقدة والبشرية,183,183,182,2,125,TAH-BIO-BIO26-L39-Q125,BIO26-PDF183-L39-S2-Q125,الوراثة البشرية: الاضطرابات ومخطط السلالة والكاريُوتايب وعدم الانفصال,BIO26-M25,الوراثة المعقدة والبشرية,BIO26-S25-04,الوراثة البشرية: الاضطرابات ومخطط السلالة والكاريُوتايب وعدم الانفصال,تجميعات الأحياء 2026 — مفتاح الإجابة في PDF p.183,B,1,NOT_STARTED,,NOT_RUN,PRE_CROP_RANGE_FROZEN_V1
40,BIO26-L40,أحياء 4,المادة الوراثية,184,184,183,1,1,TAH-BIO-BIO26-L40-Q001,BIO26-PDF184-L40-S1-Q001,تجارب اكتشاف المادة الوراثية وبنية DNA والكروموسوم,BIO26-M26,المادة الوراثية والتعبير الجيني,BIO26-S26-01,تجارب اكتشاف المادة الوراثية وبنية DNA والكروموسوم,تجميعات الأحياء 2026 — مفتاح الإجابة في PDF p.184,B,1,NOT_STARTED,,NOT_RUN,PRE_CROP_RANGE_FROZEN_V1
40,BIO26-L40,أحياء 4,المادة الوراثية,184,184,183,1,2,TAH-BIO-BIO26-L40-Q002,BIO26-PDF184-L40-S1-Q002,تجارب اكتشاف المادة الوراثية وبنية DNA والكروموسوم,BIO26-M26,المادة الوراثية والتعبير الجيني,BIO26-S26-01,تجارب اكتشاف المادة الوراثية وبنية DNA والكروموسوم,تجميعات الأحياء 2026 — مفتاح الإجابة في PDF p.184,C,2,NOT_STARTED,,NOT_RUN,PRE_CROP_RANGE_FROZEN_V1
40,BIO26-L40,أحياء 4,المادة الوراثية,184,184,183,1,3,TAH-BIO-BIO26-L40-Q003,BIO26-PDF184-L40-S1-Q003,تجارب اكتشاف المادة الوراثية وبنية DNA والكروموسوم,BIO26-M26,المادة الوراثية والتعبير الجيني,BIO26-S26-01,تجارب اكتشاف المادة الوراثية وبنية DNA والكروموسوم,تجميعات الأحياء 2026 — مفتاح الإجابة في PDF p.184,A,0,NOT_STARTED,,NOT_RUN,PRE_CROP_RANGE_FROZEN_V1
40,BIO26-L40,أحياء 4,المادة الوراثية,184,184,183,1,4,TAH-BIO-BIO26-L40-Q004,BIO26-PDF184-L40-S1-Q004,تجارب اكتشاف المادة الوراثية وبنية DNA والكروموسوم,BIO26-M26,المادة الوراثية والتعبير الجيني,BIO26-S26-01,تجارب اكتشاف المادة الوراثية وبنية DNA والكروموسوم,تجميعات الأحياء 2026 — مفتاح الإجابة في PDF p.184,C,2,NOT_STARTED,,NOT_RUN,PRE_CROP_RANGE_FROZEN_V1
40,BIO26-L40,أحياء 4,المادة الوراثية,184,184,183,1,5,TAH-BIO-BIO26-L40-Q005,BIO26-PDF184-L40-S1-Q005,تجارب اكتشاف المادة الوراثية وبنية DNA والكروموسوم,BIO26-M26,المادة الوراثية والتعبير الجيني,BIO26-S26-01,تجارب اكتشاف المادة الوراثية وبنية DNA والكروموسوم,تجميعات الأحياء 2026 — مفتاح الإجابة في PDF p.184,B,1,NOT_STARTED,,NOT_RUN,PRE_CROP_RANGE_FROZEN_V1
40,BIO26-L40,أحياء 4,المادة الوراثية,184,184,183,1,6,TAH-BIO-BIO26-L40-Q006,BIO26-PDF184-L40-S1-Q006,تجارب اكتشاف المادة الوراثية وبنية DNA والكروموسوم,BIO26-M26,المادة الوراثية والتعبير الجيني,BIO26-S26-01,تجارب اكتشاف المادة الوراثية وبنية DNA والكروموسوم,تجميعات الأحياء 2026 — مفتاح الإجابة في PDF p.184,A,0,NOT_STARTED,,NOT_RUN,PRE_CROP_RANGE_FROZEN_V1
40,BIO26-L40,أحياء 4,المادة الوراثية,184,184,183,1,7,TAH-BIO-BIO26-L40-Q007,BIO26-PDF184-L40-S1-Q007,تجارب اكتشاف المادة الوراثية وبنية DNA والكروموسوم,BIO26-M26,المادة الوراثية والتعبير الجيني,BIO26-S26-01,تجارب اكتشاف المادة الوراثية وبنية DNA والكروموسوم,تجميعات الأحياء 2026 — مفتاح الإجابة في PDF p.184,B,1,NOT_STARTED,,NOT_RUN,PRE_CROP_RANGE_FROZEN_V1
40,BIO26-L40,أحياء 4,المادة الوراثية,184,184,183,1,8,TAH-BIO-BIO26-L40-Q008,BIO26-PDF184-L40-S1-Q008,تجارب اكتشاف المادة الوراثية وبنية DNA والكروموسوم,BIO26-M26,المادة الوراثية والتعبير الجيني,BIO26-S26-01,تجارب اكتشاف المادة الوراثية وبنية DNA والكروموسوم,تجميعات الأحياء 2026 — مفتاح الإجابة في PDF p.184,D,3,NOT_STARTED,,NOT_RUN,PRE_CROP_RANGE_FROZEN_V1
40,BIO26-L40,أحياء 4,المادة الوراثية,184,184,183,1,9,TAH-BIO-BIO26-L40-Q009,BIO26-PDF184-L40-S1-Q009,تجارب اكتشاف المادة الوراثية وبنية DNA والكروموسوم,BIO26-M26,المادة الوراثية والتعبير الجيني,BIO26-S26-01,تجارب اكتشاف المادة الوراثية وبنية DNA والكروموسوم,تجميعات الأحياء 2026 — مفتاح الإجابة في PDF p.184,B,1,NOT_STARTED,,NOT_RUN,PRE_CROP_RANGE_FROZEN_V1
40,BIO26-L40,أحياء 4,المادة الوراثية,184,184,183,1,10,TAH-BIO-BIO26-L40-Q010,BIO26-PDF184-L40-S1-Q010,تجارب اكتشاف المادة الوراثية وبنية DNA والكروموسوم,BIO26-M26,المادة الوراثية والتعبير الجيني,BIO26-S26-01,تجارب اكتشاف المادة الوراثية وبنية DNA والكروموسوم,تجميعات الأحياء 2026 — مفتاح الإجابة في PDF p.184,C,2,NOT_STARTED,,NOT_RUN,PRE_CROP_RANGE_FROZEN_V1
40,BIO26-L40,أحياء 4,المادة الوراثية,184,184,183,1,11,TAH-BIO-BIO26-L40-Q011,BIO26-PDF184-L40-S1-Q011,تجارب اكتشاف المادة الوراثية وبنية DNA والكروموسوم,BIO26-M26,المادة الوراثية والتعبير الجيني,BIO26-S26-01,تجارب اكتشاف المادة الوراثية وبنية DNA والكروموسوم,تجميعات الأحياء 2026 — مفتاح الإجابة في PDF p.184,D,3,NOT_STARTED,,NOT_RUN,PRE_CROP_RANGE_FROZEN_V1
40,BIO26-L40,أحياء 4,المادة الوراثية,184,184,183,1,12,TAH-BIO-BIO26-L40-Q012,BIO26-PDF184-L40-S1-Q012,تجارب اكتشاف المادة الوراثية وبنية DNA والكروموسوم,BIO26-M26,المادة الوراثية والتعبير الجيني,BIO26-S26-01,تجارب اكتشاف المادة الوراثية وبنية DNA والكروموسوم,تجميعات الأحياء 2026 — مفتاح الإجابة في PDF p.184,A,0,NOT_STARTED,,NOT_RUN,PRE_CROP_RANGE_FROZEN_V1
40,BIO26-L40,أحياء 4,المادة الوراثية,184,184,183,1,13,TAH-BIO-BIO26-L40-Q013,BIO26-PDF184-L40-S1-Q013,تجارب اكتشاف المادة الوراثية وبنية DNA والكروموسوم,BIO26-M26,المادة الوراثية والتعبير الجيني,BIO26-S26-01,تجارب اكتشاف المادة الوراثية وبنية DNA والكروموسوم,تجميعات الأحياء 2026 — مفتاح الإجابة في PDF p.184,A,0,NOT_STARTED,,NOT_RUN,PRE_CROP_RANGE_FROZEN_V1
40,BIO26-L40,أحياء 4,المادة الوراثية,184,184,183,1,14,TAH-BIO-BIO26-L40-Q014,BIO26-PDF184-L40-S1-Q014,تجارب اكتشاف المادة الوراثية وبنية DNA والكروموسوم,BIO26-M26,المادة الوراثية والتعبير الجيني,BIO26-S26-01,تجارب اكتشاف المادة الوراثية وبنية DNA والكروموسوم,تجميعات الأحياء 2026 — مفتاح الإجابة في PDF p.184,D,3,NOT_STARTED,,NOT_RUN,PRE_CROP_RANGE_FROZEN_V1
40,BIO26-L40,أحياء 4,المادة الوراثية,184,184,183,1,15,TAH-BIO-BIO26-L40-Q015,BIO26-PDF184-L40-S1-Q015,تضاعف DNA وقواعد تشارجاف والطفرات,BIO26-M26,المادة الوراثية والتعبير الجيني,BIO26-S26-02,تضاعف DNA وقواعد تشارجاف والطفرات,تجميعات الأحياء 2026 — مفتاح الإجابة في PDF p.184,C,2,NOT_STARTED,,NOT_RUN,PRE_CROP_RANGE_FROZEN_V1
40,BIO26-L40,أحياء 4,المادة الوراثية,184,184,183,1,16,TAH-BIO-BIO26-L40-Q016,BIO26-PDF184-L40-S1-Q016,تضاعف DNA وقواعد تشارجاف والطفرات,BIO26-M26,المادة الوراثية والتعبير الجيني,BIO26-S26-02,تضاعف DNA وقواعد تشارجاف والطفرات,تجميعات الأحياء 2026 — مفتاح الإجابة في PDF p.184,B,1,NOT_STARTED,,NOT_RUN,PRE_CROP_RANGE_FROZEN_V1
40,BIO26-L40,أحياء 4,المادة الوراثية,185,185,184,1,17,TAH-BIO-BIO26-L40-Q017,BIO26-PDF185-L40-S1-Q017,تضاعف DNA وقواعد تشارجاف والطفرات,BIO26-M26,المادة الوراثية والتعبير الجيني,BIO26-S26-02,تضاعف DNA وقواعد تشارجاف والطفرات,تجميعات الأحياء 2026 — مفتاح الإجابة في PDF p.185,B,1,NOT_STARTED,,NOT_RUN,PRE_CROP_RANGE_FROZEN_V1
40,BIO26-L40,أحياء 4,المادة الوراثية,185,185,184,1,18,TAH-BIO-BIO26-L40-Q018,BIO26-PDF185-L40-S1-Q018,تضاعف DNA وقواعد تشارجاف والطفرات,BIO26-M26,المادة الوراثية والتعبير الجيني,BIO26-S26-02,تضاعف DNA وقواعد تشارجاف والطفرات,تجميعات الأحياء 2026 — مفتاح الإجابة في PDF p.185,B,1,NOT_STARTED,,NOT_RUN,PRE_CROP_RANGE_FROZEN_V1
40,BIO26-L40,أحياء 4,المادة الوراثية,185,185,184,1,19,TAH-BIO-BIO26-L40-Q019,BIO26-PDF185-L40-S1-Q019,تضاعف DNA وقواعد تشارجاف والطفرات,BIO26-M26,المادة الوراثية والتعبير الجيني,BIO26-S26-02,تضاعف DNA وقواعد تشارجاف والطفرات,تجميعات الأحياء 2026 — مفتاح الإجابة في PDF p.185,B,1,NOT_STARTED,,NOT_RUN,PRE_CROP_RANGE_FROZEN_V1
40,BIO26-L40,أحياء 4,المادة الوراثية,185,185,184,1,20,TAH-BIO-BIO26-L40-Q020,BIO26-PDF185-L40-S1-Q020,تضاعف DNA وقواعد تشارجاف والطفرات,BIO26-M26,المادة الوراثية والتعبير الجيني,BIO26-S26-02,تضاعف DNA وقواعد تشارجاف والطفرات,تجميعات الأحياء 2026 — مفتاح الإجابة في PDF p.185,C,2,NOT_STARTED,,NOT_RUN,PRE_CROP_RANGE_FROZEN_V1
40,BIO26-L40,أحياء 4,المادة الوراثية,185,185,184,1,21,TAH-BIO-BIO26-L40-Q021,BIO26-PDF185-L40-S1-Q021,تضاعف DNA وقواعد تشارجاف والطفرات,BIO26-M26,المادة الوراثية والتعبير الجيني,BIO26-S26-02,تضاعف DNA وقواعد تشارجاف والطفرات,تجميعات الأحياء 2026 — مفتاح الإجابة في PDF p.185,A,0,NOT_STARTED,,NOT_RUN,PRE_CROP_RANGE_FROZEN_V1
40,BIO26-L40,أحياء 4,المادة الوراثية,185,185,184,1,22,TAH-BIO-BIO26-L40-Q022,BIO26-PDF185-L40-S1-Q022,تضاعف DNA وقواعد تشارجاف والطفرات,BIO26-M26,المادة الوراثية والتعبير الجيني,BIO26-S26-02,تضاعف DNA وقواعد تشارجاف والطفرات,تجميعات الأحياء 2026 — مفتاح الإجابة في PDF p.185,B,1,NOT_STARTED,,NOT_RUN,PRE_CROP_RANGE_FROZEN_V1
40,BIO26-L40,أحياء 4,المادة الوراثية,185,185,184,1,23,TAH-BIO-BIO26-L40-Q023,BIO26-PDF185-L40-S1-Q023,تضاعف DNA وقواعد تشارجاف والطفرات,BIO26-M26,المادة الوراثية والتعبير الجيني,BIO26-S26-02,تضاعف DNA وقواعد تشارجاف والطفرات,تجميعات الأحياء 2026 — مفتاح الإجابة في PDF p.185,B,1,NOT_STARTED,,NOT_RUN,PRE_CROP_RANGE_FROZEN_V1
40,BIO26-L40,أحياء 4,المادة الوراثية,185,185,184,1,24,TAH-BIO-BIO26-L40-Q024,BIO26-PDF185-L40-S1-Q024,تضاعف DNA وقواعد تشارجاف والطفرات,BIO26-M26,المادة الوراثية والتعبير الجيني,BIO26-S26-02,تضاعف DNA وقواعد تشارجاف والطفرات,تجميعات الأحياء 2026 — مفتاح الإجابة في PDF p.185,A,0,NOT_STARTED,,NOT_RUN,PRE_CROP_RANGE_FROZEN_V1
40,BIO26-L40,أحياء 4,المادة الوراثية,185,185,184,1,25,TAH-BIO-BIO26-L40-Q025,BIO26-PDF185-L40-S1-Q025,تضاعف DNA وقواعد تشارجاف والطفرات,BIO26-M26,المادة الوراثية والتعبير الجيني,BIO26-S26-02,تضاعف DNA وقواعد تشارجاف والطفرات,تجميعات الأحياء 2026 — مفتاح الإجابة في PDF p.185,C,2,NOT_STARTED,,NOT_RUN,PRE_CROP_RANGE_FROZEN_V1
40,BIO26-L40,أحياء 4,المادة الوراثية,185,185,184,1,26,TAH-BIO-BIO26-L40-Q026,BIO26-PDF185-L40-S1-Q026,تضاعف DNA وقواعد تشارجاف والطفرات,BIO26-M26,المادة الوراثية والتعبير الجيني,BIO26-S26-02,تضاعف DNA وقواعد تشارجاف والطفرات,تجميعات الأحياء 2026 — مفتاح الإجابة في PDF p.185,A,0,NOT_STARTED,,NOT_RUN,PRE_CROP_RANGE_FROZEN_V1
40,BIO26-L40,أحياء 4,المادة الوراثية,185,185,184,1,27,TAH-BIO-BIO26-L40-Q027,BIO26-PDF185-L40-S1-Q027,تضاعف DNA وقواعد تشارجاف والطفرات,BIO26-M26,المادة الوراثية والتعبير الجيني,BIO26-S26-02,تضاعف DNA وقواعد تشارجاف والطفرات,تجميعات الأحياء 2026 — مفتاح الإجابة في PDF p.185,C,2,NOT_STARTED,,NOT_RUN,PRE_CROP_RANGE_FROZEN_V1
40,BIO26-L40,أحياء 4,المادة الوراثية,185,185,184,1,28,TAH-BIO-BIO26-L40-Q028,BIO26-PDF185-L40-S1-Q028,تضاعف DNA وقواعد تشارجاف والطفرات,BIO26-M26,المادة الوراثية والتعبير الجيني,BIO26-S26-02,تضاعف DNA وقواعد تشارجاف والطفرات,تجميعات الأحياء 2026 — مفتاح الإجابة في PDF p.185,C,2,NOT_STARTED,,NOT_RUN,PRE_CROP_RANGE_FROZEN_V1
40,BIO26-L40,أحياء 4,المادة الوراثية,185,185,184,1,29,TAH-BIO-BIO26-L40-Q029,BIO26-PDF185-L40-S1-Q029,RNA والنسخ والترجمة والشفرة الوراثية وتصنيع البروتين,BIO26-M26,المادة الوراثية والتعبير الجيني,BIO26-S26-03,RNA والنسخ والترجمة والشفرة الوراثية وتصنيع البروتين,تجميعات الأحياء 2026 — مفتاح الإجابة في PDF p.185,A,0,NOT_STARTED,,NOT_RUN,PRE_CROP_RANGE_FROZEN_V1
40,BIO26-L40,أحياء 4,المادة الوراثية,185,185,184,1,30,TAH-BIO-BIO26-L40-Q030,BIO26-PDF185-L40-S1-Q030,RNA والنسخ والترجمة والشفرة الوراثية وتصنيع البروتين,BIO26-M26,المادة الوراثية والتعبير الجيني,BIO26-S26-03,RNA والنسخ والترجمة والشفرة الوراثية وتصنيع البروتين,تجميعات الأحياء 2026 — مفتاح الإجابة في PDF p.185,B,1,NOT_STARTED,,NOT_RUN,PRE_CROP_RANGE_FROZEN_V1
40,BIO26-L40,أحياء 4,المادة الوراثية,185,185,184,1,31,TAH-BIO-BIO26-L40-Q031,BIO26-PDF185-L40-S1-Q031,RNA والنسخ والترجمة والشفرة الوراثية وتصنيع البروتين,BIO26-M26,المادة الوراثية والتعبير الجيني,BIO26-S26-03,RNA والنسخ والترجمة والشفرة الوراثية وتصنيع البروتين,تجميعات الأحياء 2026 — مفتاح الإجابة في PDF p.185,B,1,NOT_STARTED,,NOT_RUN,PRE_CROP_RANGE_FROZEN_V1
40,BIO26-L40,أحياء 4,المادة الوراثية,185,185,184,1,32,TAH-BIO-BIO26-L40-Q032,BIO26-PDF185-L40-S1-Q032,RNA والنسخ والترجمة والشفرة الوراثية وتصنيع البروتين,BIO26-M26,المادة الوراثية والتعبير الجيني,BIO26-S26-03,RNA والنسخ والترجمة والشفرة الوراثية وتصنيع البروتين,تجميعات الأحياء 2026 — مفتاح الإجابة في PDF p.185,A,0,NOT_STARTED,,NOT_RUN,PRE_CROP_RANGE_FROZEN_V1
40,BIO26-L40,أحياء 4,المادة الوراثية,185,185,184,1,33,TAH-BIO-BIO26-L40-Q033,BIO26-PDF185-L40-S1-Q033,RNA والنسخ والترجمة والشفرة الوراثية وتصنيع البروتين,BIO26-M26,المادة الوراثية والتعبير الجيني,BIO26-S26-03,RNA والنسخ والترجمة والشفرة الوراثية وتصنيع البروتين,تجميعات الأحياء 2026 — مفتاح الإجابة في PDF p.185,A,0,NOT_STARTED,,NOT_RUN,PRE_CROP_RANGE_FROZEN_V1
40,BIO26-L40,أحياء 4,المادة الوراثية,185,185,184,1,34,TAH-BIO-BIO26-L40-Q034,BIO26-PDF185-L40-S1-Q034,RNA والنسخ والترجمة والشفرة الوراثية وتصنيع البروتين,BIO26-M26,المادة الوراثية والتعبير الجيني,BIO26-S26-03,RNA والنسخ والترجمة والشفرة الوراثية وتصنيع البروتين,تجميعات الأحياء 2026 — مفتاح الإجابة في PDF p.185,B,1,NOT_STARTED,,NOT_RUN,PRE_CROP_RANGE_FROZEN_V1
40,BIO26-L40,أحياء 4,المادة الوراثية,185,185,184,1,35,TAH-BIO-BIO26-L40-Q035,BIO26-PDF185-L40-S1-Q035,RNA والنسخ والترجمة والشفرة الوراثية وتصنيع البروتين,BIO26-M26,المادة الوراثية والتعبير الجيني,BIO26-S26-03,RNA والنسخ والترجمة والشفرة الوراثية وتصنيع البروتين,تجميعات الأحياء 2026 — مفتاح الإجابة في PDF p.185,D,3,NOT_STARTED,,NOT_RUN,PRE_CROP_RANGE_FROZEN_V1
40,BIO26-L40,أحياء 4,المادة الوراثية,186,186,185,1,36,TAH-BIO-BIO26-L40-Q036,BIO26-PDF186-L40-S1-Q036,RNA والنسخ والترجمة والشفرة الوراثية وتصنيع البروتين,BIO26-M26,المادة الوراثية والتعبير الجيني,BIO26-S26-03,RNA والنسخ والترجمة والشفرة الوراثية وتصنيع البروتين,تجميعات الأحياء 2026 — مفتاح الإجابة في PDF p.186,B,1,NOT_STARTED,,NOT_RUN,PRE_CROP_RANGE_FROZEN_V1
40,BIO26-L40,أحياء 4,المادة الوراثية,186,186,185,1,37,TAH-BIO-BIO26-L40-Q037,BIO26-PDF186-L40-S1-Q037,RNA والنسخ والترجمة والشفرة الوراثية وتصنيع البروتين,BIO26-M26,المادة الوراثية والتعبير الجيني,BIO26-S26-03,RNA والنسخ والترجمة والشفرة الوراثية وتصنيع البروتين,تجميعات الأحياء 2026 — مفتاح الإجابة في PDF p.186,A,0,NOT_STARTED,,NOT_RUN,PRE_CROP_RANGE_FROZEN_V1
40,BIO26-L40,أحياء 4,المادة الوراثية,186,186,185,1,38,TAH-BIO-BIO26-L40-Q038,BIO26-PDF186-L40-S1-Q038,RNA والنسخ والترجمة والشفرة الوراثية وتصنيع البروتين,BIO26-M26,المادة الوراثية والتعبير الجيني,BIO26-S26-03,RNA والنسخ والترجمة والشفرة الوراثية وتصنيع البروتين,تجميعات الأحياء 2026 — مفتاح الإجابة في PDF p.186,C,2,NOT_STARTED,,NOT_RUN,PRE_CROP_RANGE_FROZEN_V1
40,BIO26-L40,أحياء 4,المادة الوراثية,186,186,185,1,39,TAH-BIO-BIO26-L40-Q039,BIO26-PDF186-L40-S1-Q039,RNA والنسخ والترجمة والشفرة الوراثية وتصنيع البروتين,BIO26-M26,المادة الوراثية والتعبير الجيني,BIO26-S26-03,RNA والنسخ والترجمة والشفرة الوراثية وتصنيع البروتين,تجميعات الأحياء 2026 — مفتاح الإجابة في PDF p.186,B,1,NOT_STARTED,,NOT_RUN,PRE_CROP_RANGE_FROZEN_V1
40,BIO26-L40,أحياء 4,المادة الوراثية,186,186,185,1,40,TAH-BIO-BIO26-L40-Q040,BIO26-PDF186-L40-S1-Q040,RNA والنسخ والترجمة والشفرة الوراثية وتصنيع البروتين,BIO26-M26,المادة الوراثية والتعبير الجيني,BIO26-S26-03,RNA والنسخ والترجمة والشفرة الوراثية وتصنيع البروتين,تجميعات الأحياء 2026 — مفتاح الإجابة في PDF p.186,C,2,NOT_STARTED,,NOT_RUN,PRE_CROP_RANGE_FROZEN_V1
40,BIO26-L40,أحياء 4,المادة الوراثية,186,186,185,1,41,TAH-BIO-BIO26-L40-Q041,BIO26-PDF186-L40-S1-Q041,RNA والنسخ والترجمة والشفرة الوراثية وتصنيع البروتين,BIO26-M26,المادة الوراثية والتعبير الجيني,BIO26-S26-03,RNA والنسخ والترجمة والشفرة الوراثية وتصنيع البروتين,تجميعات الأحياء 2026 — مفتاح الإجابة في PDF p.186,B,1,NOT_STARTED,,NOT_RUN,PRE_CROP_RANGE_FROZEN_V1
40,BIO26-L40,أحياء 4,المادة الوراثية,186,186,185,1,42,TAH-BIO-BIO26-L40-Q042,BIO26-PDF186-L40-S1-Q042,RNA والنسخ والترجمة والشفرة الوراثية وتصنيع البروتين,BIO26-M26,المادة الوراثية والتعبير الجيني,BIO26-S26-03,RNA والنسخ والترجمة والشفرة الوراثية وتصنيع البروتين,تجميعات الأحياء 2026 — مفتاح الإجابة في PDF p.186,D,3,NOT_STARTED,,NOT_RUN,PRE_CROP_RANGE_FROZEN_V1
40,BIO26-L40,أحياء 4,المادة الوراثية,186,186,185,1,43,TAH-BIO-BIO26-L40-Q043,BIO26-PDF186-L40-S1-Q043,تنظيم الجينات والهندسة الوراثية والتقنيات الحيوية,BIO26-M26,المادة الوراثية والتعبير الجيني,BIO26-S26-04,تنظيم الجينات والهندسة الوراثية والتقنيات الحيوية,تجميعات الأحياء 2026 — مفتاح الإجابة في PDF p.186,B,1,NOT_STARTED,,NOT_RUN,PRE_CROP_RANGE_FROZEN_V1
40,BIO26-L40,أحياء 4,المادة الوراثية,186,186,185,1,44,TAH-BIO-BIO26-L40-Q044,BIO26-PDF186-L40-S1-Q044,تنظيم الجينات والهندسة الوراثية والتقنيات الحيوية,BIO26-M26,المادة الوراثية والتعبير الجيني,BIO26-S26-04,تنظيم الجينات والهندسة الوراثية والتقنيات الحيوية,تجميعات الأحياء 2026 — مفتاح الإجابة في PDF p.186,C,2,NOT_STARTED,,NOT_RUN,PRE_CROP_RANGE_FROZEN_V1
40,BIO26-L40,أحياء 4,المادة الوراثية,186,186,185,1,45,TAH-BIO-BIO26-L40-Q045,BIO26-PDF186-L40-S1-Q045,تنظيم الجينات والهندسة الوراثية والتقنيات الحيوية,BIO26-M26,المادة الوراثية والتعبير الجيني,BIO26-S26-04,تنظيم الجينات والهندسة الوراثية والتقنيات الحيوية,تجميعات الأحياء 2026 — مفتاح الإجابة في PDF p.186,A,0,NOT_STARTED,,NOT_RUN,PRE_CROP_RANGE_FROZEN_V1
40,BIO26-L40,أحياء 4,المادة الوراثية,186,186,185,1,46,TAH-BIO-BIO26-L40-Q046,BIO26-PDF186-L40-S1-Q046,تنظيم الجينات والهندسة الوراثية والتقنيات الحيوية,BIO26-M26,المادة الوراثية والتعبير الجيني,BIO26-S26-04,تنظيم الجينات والهندسة الوراثية والتقنيات الحيوية,تجميعات الأحياء 2026 — مفتاح الإجابة في PDF p.186,A,0,NOT_STARTED,,NOT_RUN,PRE_CROP_RANGE_FROZEN_V1
40,BIO26-L40,أحياء 4,المادة الوراثية,186,186,185,1,47,TAH-BIO-BIO26-L40-Q047,BIO26-PDF186-L40-S1-Q047,تنظيم الجينات والهندسة الوراثية والتقنيات الحيوية,BIO26-M26,المادة الوراثية والتعبير الجيني,BIO26-S26-04,تنظيم الجينات والهندسة الوراثية والتقنيات الحيوية,تجميعات الأحياء 2026 — مفتاح الإجابة في PDF p.186,C,2,NOT_STARTED,,NOT_RUN,PRE_CROP_RANGE_FROZEN_V1
40,BIO26-L40,أحياء 4,المادة الوراثية,186,186,185,1,48,TAH-BIO-BIO26-L40-Q048,BIO26-PDF186-L40-S1-Q048,تنظيم الجينات والهندسة الوراثية والتقنيات الحيوية,BIO26-M26,المادة الوراثية والتعبير الجيني,BIO26-S26-04,تنظيم الجينات والهندسة الوراثية والتقنيات الحيوية,تجميعات الأحياء 2026 — مفتاح الإجابة في PDF p.186,C,2,NOT_STARTED,,NOT_RUN,PRE_CROP_RANGE_FROZEN_V1
40,BIO26-L40,أحياء 4,المادة الوراثية,186,186,185,1,49,TAH-BIO-BIO26-L40-Q049,BIO26-PDF186-L40-S1-Q049,تنظيم الجينات والهندسة الوراثية والتقنيات الحيوية,BIO26-M26,المادة الوراثية والتعبير الجيني,BIO26-S26-04,تنظيم الجينات والهندسة الوراثية والتقنيات الحيوية,تجميعات الأحياء 2026 — مفتاح الإجابة في PDF p.186,D,3,NOT_STARTED,,NOT_RUN,PRE_CROP_RANGE_FROZEN_V1
40,BIO26-L40,أحياء 4,المادة الوراثية,187,187,186,1,50,TAH-BIO-BIO26-L40-Q050,BIO26-PDF187-L40-S1-Q050,تنظيم الجينات والهندسة الوراثية والتقنيات الحيوية,BIO26-M26,المادة الوراثية والتعبير الجيني,BIO26-S26-04,تنظيم الجينات والهندسة الوراثية والتقنيات الحيوية,تجميعات الأحياء 2026 — مفتاح الإجابة في PDF p.187,B,1,NOT_STARTED,,NOT_RUN,PRE_CROP_RANGE_FROZEN_V1
40,BIO26-L40,أحياء 4,المادة الوراثية,187,187,186,1,51,TAH-BIO-BIO26-L40-Q051,BIO26-PDF187-L40-S1-Q051,تنظيم الجينات والهندسة الوراثية والتقنيات الحيوية,BIO26-M26,المادة الوراثية والتعبير الجيني,BIO26-S26-04,تنظيم الجينات والهندسة الوراثية والتقنيات الحيوية,تجميعات الأحياء 2026 — مفتاح الإجابة في PDF p.187,D,3,NOT_STARTED,,NOT_RUN,PRE_CROP_RANGE_FROZEN_V1
40,BIO26-L40,أحياء 4,المادة الوراثية,187,187,186,1,52,TAH-BIO-BIO26-L40-Q052,BIO26-PDF187-L40-S1-Q052,تنظيم الجينات والهندسة الوراثية والتقنيات الحيوية,BIO26-M26,المادة الوراثية والتعبير الجيني,BIO26-S26-04,تنظيم الجينات والهندسة الوراثية والتقنيات الحيوية,تجميعات الأحياء 2026 — مفتاح الإجابة في PDF p.187,C,2,NOT_STARTED,,NOT_RUN,PRE_CROP_RANGE_FROZEN_V1
40,BIO26-L40,أحياء 4,المادة الوراثية,187,187,186,1,53,TAH-BIO-BIO26-L40-Q053,BIO26-PDF187-L40-S1-Q053,تنظيم الجينات والهندسة الوراثية والتقنيات الحيوية,BIO26-M26,المادة الوراثية والتعبير الجيني,BIO26-S26-04,تنظيم الجينات والهندسة الوراثية والتقنيات الحيوية,تجميعات الأحياء 2026 — مفتاح الإجابة في PDF p.187,C,2,NOT_STARTED,,NOT_RUN,PRE_CROP_RANGE_FROZEN_V1
40,BIO26-L40,أحياء 4,المادة الوراثية,187,187,186,1,54,TAH-BIO-BIO26-L40-Q054,BIO26-PDF187-L40-S1-Q054,تنظيم الجينات والهندسة الوراثية والتقنيات الحيوية,BIO26-M26,المادة الوراثية والتعبير الجيني,BIO26-S26-04,تنظيم الجينات والهندسة الوراثية والتقنيات الحيوية,تجميعات الأحياء 2026 — مفتاح الإجابة في PDF p.187,C,2,NOT_STARTED,,NOT_RUN,PRE_CROP_RANGE_FROZEN_V1
40,BIO26-L40,أحياء 4,المادة الوراثية,187,187,186,1,55,TAH-BIO-BIO26-L40-Q055,BIO26-PDF187-L40-S1-Q055,تنظيم الجينات والهندسة الوراثية والتقنيات الحيوية,BIO26-M26,المادة الوراثية والتعبير الجيني,BIO26-S26-04,تنظيم الجينات والهندسة الوراثية والتقنيات الحيوية,تجميعات الأحياء 2026 — مفتاح الإجابة في PDF p.187,B,1,NOT_STARTED,,NOT_RUN,PRE_CROP_RANGE_FROZEN_V1
40,BIO26-L40,أحياء 4,المادة الوراثية,188,188,187,2,56,TAH-BIO-BIO26-L40-Q056,BIO26-PDF188-L40-S2-Q056,تجارب اكتشاف المادة الوراثية وبنية DNA والكروموسوم,BIO26-M26,المادة الوراثية والتعبير الجيني,BIO26-S26-01,تجارب اكتشاف المادة الوراثية وبنية DNA والكروموسوم,تجميعات الأحياء 2026 — مفتاح الإجابة في PDF p.188,A,0,NOT_STARTED,,NOT_RUN,PRE_CROP_RANGE_FROZEN_V1
40,BIO26-L40,أحياء 4,المادة الوراثية,188,188,187,2,57,TAH-BIO-BIO26-L40-Q057,BIO26-PDF188-L40-S2-Q057,تجارب اكتشاف المادة الوراثية وبنية DNA والكروموسوم,BIO26-M26,المادة الوراثية والتعبير الجيني,BIO26-S26-01,تجارب اكتشاف المادة الوراثية وبنية DNA والكروموسوم,تجميعات الأحياء 2026 — مفتاح الإجابة في PDF p.188,B,1,NOT_STARTED,,NOT_RUN,PRE_CROP_RANGE_FROZEN_V1
40,BIO26-L40,أحياء 4,المادة الوراثية,188,188,187,2,58,TAH-BIO-BIO26-L40-Q058,BIO26-PDF188-L40-S2-Q058,تجارب اكتشاف المادة الوراثية وبنية DNA والكروموسوم,BIO26-M26,المادة الوراثية والتعبير الجيني,BIO26-S26-01,تجارب اكتشاف المادة الوراثية وبنية DNA والكروموسوم,تجميعات الأحياء 2026 — مفتاح الإجابة في PDF p.188,A,0,NOT_STARTED,,NOT_RUN,PRE_CROP_RANGE_FROZEN_V1
40,BIO26-L40,أحياء 4,المادة الوراثية,188,188,187,2,59,TAH-BIO-BIO26-L40-Q059,BIO26-PDF188-L40-S2-Q059,تجارب اكتشاف المادة الوراثية وبنية DNA والكروموسوم,BIO26-M26,المادة الوراثية والتعبير الجيني,BIO26-S26-01,تجارب اكتشاف المادة الوراثية وبنية DNA والكروموسوم,تجميعات الأحياء 2026 — مفتاح الإجابة في PDF p.188,A,0,NOT_STARTED,,NOT_RUN,PRE_CROP_RANGE_FROZEN_V1
40,BIO26-L40,أحياء 4,المادة الوراثية,188,188,187,2,60,TAH-BIO-BIO26-L40-Q060,BIO26-PDF188-L40-S2-Q060,تجارب اكتشاف المادة الوراثية وبنية DNA والكروموسوم,BIO26-M26,المادة الوراثية والتعبير الجيني,BIO26-S26-01,تجارب اكتشاف المادة الوراثية وبنية DNA والكروموسوم,تجميعات الأحياء 2026 — مفتاح الإجابة في PDF p.188,C,2,NOT_STARTED,,NOT_RUN,PRE_CROP_RANGE_FROZEN_V1
40,BIO26-L40,أحياء 4,المادة الوراثية,188,188,187,2,61,TAH-BIO-BIO26-L40-Q061,BIO26-PDF188-L40-S2-Q061,تجارب اكتشاف المادة الوراثية وبنية DNA والكروموسوم,BIO26-M26,المادة الوراثية والتعبير الجيني,BIO26-S26-01,تجارب اكتشاف المادة الوراثية وبنية DNA والكروموسوم,تجميعات الأحياء 2026 — مفتاح الإجابة في PDF p.188,C,2,NOT_STARTED,,NOT_RUN,PRE_CROP_RANGE_FROZEN_V1
40,BIO26-L40,أحياء 4,المادة الوراثية,188,188,187,2,62,TAH-BIO-BIO26-L40-Q062,BIO26-PDF188-L40-S2-Q062,تجارب اكتشاف المادة الوراثية وبنية DNA والكروموسوم,BIO26-M26,المادة الوراثية والتعبير الجيني,BIO26-S26-01,تجارب اكتشاف المادة الوراثية وبنية DNA والكروموسوم,تجميعات الأحياء 2026 — مفتاح الإجابة في PDF p.188,C,2,NOT_STARTED,,NOT_RUN,PRE_CROP_RANGE_FROZEN_V1
40,BIO26-L40,أحياء 4,المادة الوراثية,188,188,187,2,63,TAH-BIO-BIO26-L40-Q063,BIO26-PDF188-L40-S2-Q063,تجارب اكتشاف المادة الوراثية وبنية DNA والكروموسوم,BIO26-M26,المادة الوراثية والتعبير الجيني,BIO26-S26-01,تجارب اكتشاف المادة الوراثية وبنية DNA والكروموسوم,تجميعات الأحياء 2026 — مفتاح الإجابة في PDF p.188,D,3,NOT_STARTED,,NOT_RUN,PRE_CROP_RANGE_FROZEN_V1
40,BIO26-L40,أحياء 4,المادة الوراثية,188,188,187,2,64,TAH-BIO-BIO26-L40-Q064,BIO26-PDF188-L40-S2-Q064,تجارب اكتشاف المادة الوراثية وبنية DNA والكروموسوم,BIO26-M26,المادة الوراثية والتعبير الجيني,BIO26-S26-01,تجارب اكتشاف المادة الوراثية وبنية DNA والكروموسوم,تجميعات الأحياء 2026 — مفتاح الإجابة في PDF p.188,C,2,NOT_STARTED,,NOT_RUN,PRE_CROP_RANGE_FROZEN_V1
40,BIO26-L40,أحياء 4,المادة الوراثية,188,188,187,2,65,TAH-BIO-BIO26-L40-Q065,BIO26-PDF188-L40-S2-Q065,تجارب اكتشاف المادة الوراثية وبنية DNA والكروموسوم,BIO26-M26,المادة الوراثية والتعبير الجيني,BIO26-S26-01,تجارب اكتشاف المادة الوراثية وبنية DNA والكروموسوم,تجميعات الأحياء 2026 — مفتاح الإجابة في PDF p.188,A,0,NOT_STARTED,,NOT_RUN,PRE_CROP_RANGE_FROZEN_V1
40,BIO26-L40,أحياء 4,المادة الوراثية,188,188,187,2,66,TAH-BIO-BIO26-L40-Q066,BIO26-PDF188-L40-S2-Q066,تجارب اكتشاف المادة الوراثية وبنية DNA والكروموسوم,BIO26-M26,المادة الوراثية والتعبير الجيني,BIO26-S26-01,تجارب اكتشاف المادة الوراثية وبنية DNA والكروموسوم,تجميعات الأحياء 2026 — مفتاح الإجابة في PDF p.188,C,2,NOT_STARTED,,NOT_RUN,PRE_CROP_RANGE_FROZEN_V1
40,BIO26-L40,أحياء 4,المادة الوراثية,188,188,187,2,67,TAH-BIO-BIO26-L40-Q067,BIO26-PDF188-L40-S2-Q067,تجارب اكتشاف المادة الوراثية وبنية DNA والكروموسوم,BIO26-M26,المادة الوراثية والتعبير الجيني,BIO26-S26-01,تجارب اكتشاف المادة الوراثية وبنية DNA والكروموسوم,تجميعات الأحياء 2026 — مفتاح الإجابة في PDF p.188,A,0,NOT_STARTED,,NOT_RUN,PRE_CROP_RANGE_FROZEN_V1
40,BIO26-L40,أحياء 4,المادة الوراثية,188,188,187,2,68,TAH-BIO-BIO26-L40-Q068,BIO26-PDF188-L40-S2-Q068,تجارب اكتشاف المادة الوراثية وبنية DNA والكروموسوم,BIO26-M26,المادة الوراثية والتعبير الجيني,BIO26-S26-01,تجارب اكتشاف المادة الوراثية وبنية DNA والكروموسوم,تجميعات الأحياء 2026 — مفتاح الإجابة في PDF p.188,A,0,NOT_STARTED,,NOT_RUN,PRE_CROP_RANGE_FROZEN_V1
40,BIO26-L40,أحياء 4,المادة الوراثية,188,188,187,2,69,TAH-BIO-BIO26-L40-Q069,BIO26-PDF188-L40-S2-Q069,تجارب اكتشاف المادة الوراثية وبنية DNA والكروموسوم,BIO26-M26,المادة الوراثية والتعبير الجيني,BIO26-S26-01,تجارب اكتشاف المادة الوراثية وبنية DNA والكروموسوم,تجميعات الأحياء 2026 — مفتاح الإجابة في PDF p.188,A,0,NOT_STARTED,,NOT_RUN,PRE_CROP_RANGE_FROZEN_V1
40,BIO26-L40,أحياء 4,المادة الوراثية,188,188,187,2,70,TAH-BIO-BIO26-L40-Q070,BIO26-PDF188-L40-S2-Q070,تجارب اكتشاف المادة الوراثية وبنية DNA والكروموسوم,BIO26-M26,المادة الوراثية والتعبير الجيني,BIO26-S26-01,تجارب اكتشاف المادة الوراثية وبنية DNA والكروموسوم,تجميعات الأحياء 2026 — مفتاح الإجابة في PDF p.188,C,2,NOT_STARTED,,NOT_RUN,PRE_CROP_RANGE_FROZEN_V1
40,BIO26-L40,أحياء 4,المادة الوراثية,188,188,187,2,71,TAH-BIO-BIO26-L40-Q071,BIO26-PDF188-L40-S2-Q071,تجارب اكتشاف المادة الوراثية وبنية DNA والكروموسوم,BIO26-M26,المادة الوراثية والتعبير الجيني,BIO26-S26-01,تجارب اكتشاف المادة الوراثية وبنية DNA والكروموسوم,تجميعات الأحياء 2026 — مفتاح الإجابة في PDF p.188,A,0,NOT_STARTED,,NOT_RUN,PRE_CROP_RANGE_FROZEN_V1
40,BIO26-L40,أحياء 4,المادة الوراثية,188,188,187,2,72,TAH-BIO-BIO26-L40-Q072,BIO26-PDF188-L40-S2-Q072,تجارب اكتشاف المادة الوراثية وبنية DNA والكروموسوم,BIO26-M26,المادة الوراثية والتعبير الجيني,BIO26-S26-01,تجارب اكتشاف المادة الوراثية وبنية DNA والكروموسوم,تجميعات الأحياء 2026 — مفتاح الإجابة في PDF p.188,A,0,NOT_STARTED,,NOT_RUN,PRE_CROP_RANGE_FROZEN_V1
40,BIO26-L40,أحياء 4,المادة الوراثية,188,188,187,2,73,TAH-BIO-BIO26-L40-Q073,BIO26-PDF188-L40-S2-Q073,تجارب اكتشاف المادة الوراثية وبنية DNA والكروموسوم,BIO26-M26,المادة الوراثية والتعبير الجيني,BIO26-S26-01,تجارب اكتشاف المادة الوراثية وبنية DNA والكروموسوم,تجميعات الأحياء 2026 — مفتاح الإجابة في PDF p.188,B,1,NOT_STARTED,,NOT_RUN,PRE_CROP_RANGE_FROZEN_V1
40,BIO26-L40,أحياء 4,المادة الوراثية,188,188,187,2,74,TAH-BIO-BIO26-L40-Q074,BIO26-PDF188-L40-S2-Q074,RNA والنسخ والترجمة والشفرة الوراثية وتصنيع البروتين,BIO26-M26,المادة الوراثية والتعبير الجيني,BIO26-S26-03,RNA والنسخ والترجمة والشفرة الوراثية وتصنيع البروتين,تجميعات الأحياء 2026 — مفتاح الإجابة في PDF p.188,A,0,NOT_STARTED,,NOT_RUN,PRE_CROP_RANGE_FROZEN_V1
40,BIO26-L40,أحياء 4,المادة الوراثية,188,188,187,2,75,TAH-BIO-BIO26-L40-Q075,BIO26-PDF188-L40-S2-Q075,RNA والنسخ والترجمة والشفرة الوراثية وتصنيع البروتين,BIO26-M26,المادة الوراثية والتعبير الجيني,BIO26-S26-03,RNA والنسخ والترجمة والشفرة الوراثية وتصنيع البروتين,تجميعات الأحياء 2026 — مفتاح الإجابة في PDF p.188,A,0,NOT_STARTED,,NOT_RUN,PRE_CROP_RANGE_FROZEN_V1
40,BIO26-L40,أحياء 4,المادة الوراثية,189,189,188,2,76,TAH-BIO-BIO26-L40-Q076,BIO26-PDF189-L40-S2-Q076,RNA والنسخ والترجمة والشفرة الوراثية وتصنيع البروتين,BIO26-M26,المادة الوراثية والتعبير الجيني,BIO26-S26-03,RNA والنسخ والترجمة والشفرة الوراثية وتصنيع البروتين,تجميعات الأحياء 2026 — مفتاح الإجابة في PDF p.189,A,0,NOT_STARTED,,NOT_RUN,PRE_CROP_RANGE_FROZEN_V1
40,BIO26-L40,أحياء 4,المادة الوراثية,189,189,188,2,77,TAH-BIO-BIO26-L40-Q077,BIO26-PDF189-L40-S2-Q077,RNA والنسخ والترجمة والشفرة الوراثية وتصنيع البروتين,BIO26-M26,المادة الوراثية والتعبير الجيني,BIO26-S26-03,RNA والنسخ والترجمة والشفرة الوراثية وتصنيع البروتين,تجميعات الأحياء 2026 — مفتاح الإجابة في PDF p.189,B,1,NOT_STARTED,,NOT_RUN,PRE_CROP_RANGE_FROZEN_V1
40,BIO26-L40,أحياء 4,المادة الوراثية,189,189,188,2,78,TAH-BIO-BIO26-L40-Q078,BIO26-PDF189-L40-S2-Q078,RNA والنسخ والترجمة والشفرة الوراثية وتصنيع البروتين,BIO26-M26,المادة الوراثية والتعبير الجيني,BIO26-S26-03,RNA والنسخ والترجمة والشفرة الوراثية وتصنيع البروتين,تجميعات الأحياء 2026 — مفتاح الإجابة في PDF p.189,D,3,NOT_STARTED,,NOT_RUN,PRE_CROP_RANGE_FROZEN_V1
40,BIO26-L40,أحياء 4,المادة الوراثية,189,189,188,2,79,TAH-BIO-BIO26-L40-Q079,BIO26-PDF189-L40-S2-Q079,RNA والنسخ والترجمة والشفرة الوراثية وتصنيع البروتين,BIO26-M26,المادة الوراثية والتعبير الجيني,BIO26-S26-03,RNA والنسخ والترجمة والشفرة الوراثية وتصنيع البروتين,تجميعات الأحياء 2026 — مفتاح الإجابة في PDF p.189,C,2,NOT_STARTED,,NOT_RUN,PRE_CROP_RANGE_FROZEN_V1
40,BIO26-L40,أحياء 4,المادة الوراثية,189,189,188,2,80,TAH-BIO-BIO26-L40-Q080,BIO26-PDF189-L40-S2-Q080,RNA والنسخ والترجمة والشفرة الوراثية وتصنيع البروتين,BIO26-M26,المادة الوراثية والتعبير الجيني,BIO26-S26-03,RNA والنسخ والترجمة والشفرة الوراثية وتصنيع البروتين,تجميعات الأحياء 2026 — مفتاح الإجابة في PDF p.189,B,1,NOT_STARTED,,NOT_RUN,PRE_CROP_RANGE_FROZEN_V1
40,BIO26-L40,أحياء 4,المادة الوراثية,189,189,188,2,81,TAH-BIO-BIO26-L40-Q081,BIO26-PDF189-L40-S2-Q081,RNA والنسخ والترجمة والشفرة الوراثية وتصنيع البروتين,BIO26-M26,المادة الوراثية والتعبير الجيني,BIO26-S26-03,RNA والنسخ والترجمة والشفرة الوراثية وتصنيع البروتين,تجميعات الأحياء 2026 — مفتاح الإجابة في PDF p.189,D,3,NOT_STARTED,,NOT_RUN,PRE_CROP_RANGE_FROZEN_V1
40,BIO26-L40,أحياء 4,المادة الوراثية,189,189,188,2,82,TAH-BIO-BIO26-L40-Q082,BIO26-PDF189-L40-S2-Q082,RNA والنسخ والترجمة والشفرة الوراثية وتصنيع البروتين,BIO26-M26,المادة الوراثية والتعبير الجيني,BIO26-S26-03,RNA والنسخ والترجمة والشفرة الوراثية وتصنيع البروتين,تجميعات الأحياء 2026 — مفتاح الإجابة في PDF p.189,C,2,NOT_STARTED,,NOT_RUN,PRE_CROP_RANGE_FROZEN_V1
40,BIO26-L40,أحياء 4,المادة الوراثية,189,189,188,2,83,TAH-BIO-BIO26-L40-Q083,BIO26-PDF189-L40-S2-Q083,RNA والنسخ والترجمة والشفرة الوراثية وتصنيع البروتين,BIO26-M26,المادة الوراثية والتعبير الجيني,BIO26-S26-03,RNA والنسخ والترجمة والشفرة الوراثية وتصنيع البروتين,تجميعات الأحياء 2026 — مفتاح الإجابة في PDF p.189,A,0,NOT_STARTED,,NOT_RUN,PRE_CROP_RANGE_FROZEN_V1
40,BIO26-L40,أحياء 4,المادة الوراثية,189,189,188,2,84,TAH-BIO-BIO26-L40-Q084,BIO26-PDF189-L40-S2-Q084,RNA والنسخ والترجمة والشفرة الوراثية وتصنيع البروتين,BIO26-M26,المادة الوراثية والتعبير الجيني,BIO26-S26-03,RNA والنسخ والترجمة والشفرة الوراثية وتصنيع البروتين,تجميعات الأحياء 2026 — مفتاح الإجابة في PDF p.189,B,1,NOT_STARTED,,NOT_RUN,PRE_CROP_RANGE_FROZEN_V1
40,BIO26-L40,أحياء 4,المادة الوراثية,189,189,188,2,85,TAH-BIO-BIO26-L40-Q085,BIO26-PDF189-L40-S2-Q085,RNA والنسخ والترجمة والشفرة الوراثية وتصنيع البروتين,BIO26-M26,المادة الوراثية والتعبير الجيني,BIO26-S26-03,RNA والنسخ والترجمة والشفرة الوراثية وتصنيع البروتين,تجميعات الأحياء 2026 — مفتاح الإجابة في PDF p.189,A,0,NOT_STARTED,,NOT_RUN,PRE_CROP_RANGE_FROZEN_V1
40,BIO26-L40,أحياء 4,المادة الوراثية,189,189,188,2,86,TAH-BIO-BIO26-L40-Q086,BIO26-PDF189-L40-S2-Q086,RNA والنسخ والترجمة والشفرة الوراثية وتصنيع البروتين,BIO26-M26,المادة الوراثية والتعبير الجيني,BIO26-S26-03,RNA والنسخ والترجمة والشفرة الوراثية وتصنيع البروتين,تجميعات الأحياء 2026 — مفتاح الإجابة في PDF p.189,A,0,NOT_STARTED,,NOT_RUN,PRE_CROP_RANGE_FROZEN_V1
40,BIO26-L40,أحياء 4,المادة الوراثية,189,189,188,2,87,TAH-BIO-BIO26-L40-Q087,BIO26-PDF189-L40-S2-Q087,RNA والنسخ والترجمة والشفرة الوراثية وتصنيع البروتين,BIO26-M26,المادة الوراثية والتعبير الجيني,BIO26-S26-03,RNA والنسخ والترجمة والشفرة الوراثية وتصنيع البروتين,تجميعات الأحياء 2026 — مفتاح الإجابة في PDF p.189,D,3,NOT_STARTED,,NOT_RUN,PRE_CROP_RANGE_FROZEN_V1
40,BIO26-L40,أحياء 4,المادة الوراثية,189,189,188,2,88,TAH-BIO-BIO26-L40-Q088,BIO26-PDF189-L40-S2-Q088,RNA والنسخ والترجمة والشفرة الوراثية وتصنيع البروتين,BIO26-M26,المادة الوراثية والتعبير الجيني,BIO26-S26-03,RNA والنسخ والترجمة والشفرة الوراثية وتصنيع البروتين,تجميعات الأحياء 2026 — مفتاح الإجابة في PDF p.189,B,1,NOT_STARTED,,NOT_RUN,PRE_CROP_RANGE_FROZEN_V1
40,BIO26-L40,أحياء 4,المادة الوراثية,189,189,188,2,89,TAH-BIO-BIO26-L40-Q089,BIO26-PDF189-L40-S2-Q089,تنظيم الجينات والهندسة الوراثية والتقنيات الحيوية,BIO26-M26,المادة الوراثية والتعبير الجيني,BIO26-S26-04,تنظيم الجينات والهندسة الوراثية والتقنيات الحيوية,تجميعات الأحياء 2026 — مفتاح الإجابة في PDF p.189,A,0,NOT_STARTED,,NOT_RUN,PRE_CROP_RANGE_FROZEN_V1
40,BIO26-L40,أحياء 4,المادة الوراثية,189,189,188,2,90,TAH-BIO-BIO26-L40-Q090,BIO26-PDF189-L40-S2-Q090,تنظيم الجينات والهندسة الوراثية والتقنيات الحيوية,BIO26-M26,المادة الوراثية والتعبير الجيني,BIO26-S26-04,تنظيم الجينات والهندسة الوراثية والتقنيات الحيوية,تجميعات الأحياء 2026 — مفتاح الإجابة في PDF p.189,C,2,NOT_STARTED,,NOT_RUN,PRE_CROP_RANGE_FROZEN_V1
40,BIO26-L40,أحياء 4,المادة الوراثية,189,189,188,2,91,TAH-BIO-BIO26-L40-Q091,BIO26-PDF189-L40-S2-Q091,تنظيم الجينات والهندسة الوراثية والتقنيات الحيوية,BIO26-M26,المادة الوراثية والتعبير الجيني,BIO26-S26-04,تنظيم الجينات والهندسة الوراثية والتقنيات الحيوية,تجميعات الأحياء 2026 — مفتاح الإجابة في PDF p.189,D,3,NOT_STARTED,,NOT_RUN,PRE_CROP_RANGE_FROZEN_V1
40,BIO26-L40,أحياء 4,المادة الوراثية,189,189,188,2,92,TAH-BIO-BIO26-L40-Q092,BIO26-PDF189-L40-S2-Q092,تنظيم الجينات والهندسة الوراثية والتقنيات الحيوية,BIO26-M26,المادة الوراثية والتعبير الجيني,BIO26-S26-04,تنظيم الجينات والهندسة الوراثية والتقنيات الحيوية,تجميعات الأحياء 2026 — مفتاح الإجابة في PDF p.189,D,3,NOT_STARTED,,NOT_RUN,PRE_CROP_RANGE_FROZEN_V1
40,BIO26-L40,أحياء 4,المادة الوراثية,189,189,188,2,93,TAH-BIO-BIO26-L40-Q093,BIO26-PDF189-L40-S2-Q093,تنظيم الجينات والهندسة الوراثية والتقنيات الحيوية,BIO26-M26,المادة الوراثية والتعبير الجيني,BIO26-S26-04,تنظيم الجينات والهندسة الوراثية والتقنيات الحيوية,تجميعات الأحياء 2026 — مفتاح الإجابة في PDF p.189,D,3,NOT_STARTED,,NOT_RUN,PRE_CROP_RANGE_FROZEN_V1
40,BIO26-L40,أحياء 4,المادة الوراثية,190,190,189,2,94,TAH-BIO-BIO26-L40-Q094,BIO26-PDF190-L40-S2-Q094,تنظيم الجينات والهندسة الوراثية والتقنيات الحيوية,BIO26-M26,المادة الوراثية والتعبير الجيني,BIO26-S26-04,تنظيم الجينات والهندسة الوراثية والتقنيات الحيوية,تجميعات الأحياء 2026 — مفتاح الإجابة في PDF p.190,B,1,NOT_STARTED,,NOT_RUN,PRE_CROP_RANGE_FROZEN_V1
40,BIO26-L40,أحياء 4,المادة الوراثية,190,190,189,2,95,TAH-BIO-BIO26-L40-Q095,BIO26-PDF190-L40-S2-Q095,تنظيم الجينات والهندسة الوراثية والتقنيات الحيوية,BIO26-M26,المادة الوراثية والتعبير الجيني,BIO26-S26-04,تنظيم الجينات والهندسة الوراثية والتقنيات الحيوية,تجميعات الأحياء 2026 — مفتاح الإجابة في PDF p.190,C,2,NOT_STARTED,,NOT_RUN,PRE_CROP_RANGE_FROZEN_V1
40,BIO26-L40,أحياء 4,المادة الوراثية,190,190,189,2,96,TAH-BIO-BIO26-L40-Q096,BIO26-PDF190-L40-S2-Q096,تنظيم الجينات والهندسة الوراثية والتقنيات الحيوية,BIO26-M26,المادة الوراثية والتعبير الجيني,BIO26-S26-04,تنظيم الجينات والهندسة الوراثية والتقنيات الحيوية,تجميعات الأحياء 2026 — مفتاح الإجابة في PDF p.190,A,0,NOT_STARTED,,NOT_RUN,PRE_CROP_RANGE_FROZEN_V1
40,BIO26-L40,أحياء 4,المادة الوراثية,190,190,189,2,97,TAH-BIO-BIO26-L40-Q097,BIO26-PDF190-L40-S2-Q097,تنظيم الجينات والهندسة الوراثية والتقنيات الحيوية,BIO26-M26,المادة الوراثية والتعبير الجيني,BIO26-S26-04,تنظيم الجينات والهندسة الوراثية والتقنيات الحيوية,تجميعات الأحياء 2026 — مفتاح الإجابة في PDF p.190,B,1,NOT_STARTED,,NOT_RUN,PRE_CROP_RANGE_FROZEN_V1
40,BIO26-L40,أحياء 4,المادة الوراثية,190,190,189,2,98,TAH-BIO-BIO26-L40-Q098,BIO26-PDF190-L40-S2-Q098,تنظيم الجينات والهندسة الوراثية والتقنيات الحيوية,BIO26-M26,المادة الوراثية والتعبير الجيني,BIO26-S26-04,تنظيم الجينات والهندسة الوراثية والتقنيات الحيوية,تجميعات الأحياء 2026 — مفتاح الإجابة في PDF p.190,D,3,NOT_STARTED,,NOT_RUN,PRE_CROP_RANGE_FROZEN_V1
40,BIO26-L40,أحياء 4,المادة الوراثية,190,190,189,2,99,TAH-BIO-BIO26-L40-Q099,BIO26-PDF190-L40-S2-Q099,تنظيم الجينات والهندسة الوراثية والتقنيات الحيوية,BIO26-M26,المادة الوراثية والتعبير الجيني,BIO26-S26-04,تنظيم الجينات والهندسة الوراثية والتقنيات الحيوية,تجميعات الأحياء 2026 — مفتاح الإجابة في PDF p.190,C,2,NOT_STARTED,,NOT_RUN,PRE_CROP_RANGE_FROZEN_V1
40,BIO26-L40,أحياء 4,المادة الوراثية,190,190,189,2,100,TAH-BIO-BIO26-L40-Q100,BIO26-PDF190-L40-S2-Q100,تنظيم الجينات والهندسة الوراثية والتقنيات الحيوية,BIO26-M26,المادة الوراثية والتعبير الجيني,BIO26-S26-04,تنظيم الجينات والهندسة الوراثية والتقنيات الحيوية,تجميعات الأحياء 2026 — مفتاح الإجابة في PDF p.190,D,3,NOT_STARTED,,NOT_RUN,PRE_CROP_RANGE_FROZEN_V1
40,BIO26-L40,أحياء 4,المادة الوراثية,190,190,189,2,101,TAH-BIO-BIO26-L40-Q101,BIO26-PDF190-L40-S2-Q101,تنظيم الجينات والهندسة الوراثية والتقنيات الحيوية,BIO26-M26,المادة الوراثية والتعبير الجيني,BIO26-S26-04,تنظيم الجينات والهندسة الوراثية والتقنيات الحيوية,تجميعات الأحياء 2026 — مفتاح الإجابة في PDF p.190,B,1,NOT_STARTED,,NOT_RUN,PRE_CROP_RANGE_FROZEN_V1
40,BIO26-L40,أحياء 4,المادة الوراثية,190,190,189,2,102,TAH-BIO-BIO26-L40-Q102,BIO26-PDF190-L40-S2-Q102,تنظيم الجينات والهندسة الوراثية والتقنيات الحيوية,BIO26-M26,المادة الوراثية والتعبير الجيني,BIO26-S26-04,تنظيم الجينات والهندسة الوراثية والتقنيات الحيوية,تجميعات الأحياء 2026 — مفتاح الإجابة في PDF p.190,A,0,NOT_STARTED,,NOT_RUN,PRE_CROP_RANGE_FROZEN_V1
40,BIO26-L40,أحياء 4,المادة الوراثية,190,190,189,2,103,TAH-BIO-BIO26-L40-Q103,BIO26-PDF190-L40-S2-Q103,تنظيم الجينات والهندسة الوراثية والتقنيات الحيوية,BIO26-M26,المادة الوراثية والتعبير الجيني,BIO26-S26-04,تنظيم الجينات والهندسة الوراثية والتقنيات الحيوية,تجميعات الأحياء 2026 — مفتاح الإجابة في PDF p.190,C,2,NOT_STARTED,,NOT_RUN,PRE_CROP_RANGE_FROZEN_V1
41,BIO26-L41,علم البيئة,المخلوقات الحية وعلاقاتها المتبادلة,192,192,191,1,1,TAH-BIO-BIO26-L41-Q001,BIO26-PDF192-L41-S1-Q001,العوامل الحيوية واللاحيوية ومستويات التنظيم والعلاقات البيئية,BIO26-M27,العلاقات البيئية وانتقال الطاقة ودورات المواد,BIO26-S27-01,العوامل الحيوية واللاحيوية ومستويات التنظيم والعلاقات البيئية,تجميعات الأحياء 2026 — مفتاح الإجابة في PDF p.192,C,2,NOT_STARTED,,NOT_RUN,PRE_CROP_RANGE_FROZEN_V1
41,BIO26-L41,علم البيئة,المخلوقات الحية وعلاقاتها المتبادلة,192,192,191,1,2,TAH-BIO-BIO26-L41-Q002,BIO26-PDF192-L41-S1-Q002,العوامل الحيوية واللاحيوية ومستويات التنظيم والعلاقات البيئية,BIO26-M27,العلاقات البيئية وانتقال الطاقة ودورات المواد,BIO26-S27-01,العوامل الحيوية واللاحيوية ومستويات التنظيم والعلاقات البيئية,تجميعات الأحياء 2026 — مفتاح الإجابة في PDF p.192,A,0,NOT_STARTED,,NOT_RUN,PRE_CROP_RANGE_FROZEN_V1
41,BIO26-L41,علم البيئة,المخلوقات الحية وعلاقاتها المتبادلة,192,192,191,1,3,TAH-BIO-BIO26-L41-Q003,BIO26-PDF192-L41-S1-Q003,العوامل الحيوية واللاحيوية ومستويات التنظيم والعلاقات البيئية,BIO26-M27,العلاقات البيئية وانتقال الطاقة ودورات المواد,BIO26-S27-01,العوامل الحيوية واللاحيوية ومستويات التنظيم والعلاقات البيئية,تجميعات الأحياء 2026 — مفتاح الإجابة في PDF p.192,A,0,NOT_STARTED,,NOT_RUN,PRE_CROP_RANGE_FROZEN_V1
41,BIO26-L41,علم البيئة,المخلوقات الحية وعلاقاتها المتبادلة,192,192,191,1,4,TAH-BIO-BIO26-L41-Q004,BIO26-PDF192-L41-S1-Q004,العوامل الحيوية واللاحيوية ومستويات التنظيم والعلاقات البيئية,BIO26-M27,العلاقات البيئية وانتقال الطاقة ودورات المواد,BIO26-S27-01,العوامل الحيوية واللاحيوية ومستويات التنظيم والعلاقات البيئية,تجميعات الأحياء 2026 — مفتاح الإجابة في PDF p.192,B,1,NOT_STARTED,,NOT_RUN,PRE_CROP_RANGE_FROZEN_V1
41,BIO26-L41,علم البيئة,المخلوقات الحية وعلاقاتها المتبادلة,192,192,191,1,5,TAH-BIO-BIO26-L41-Q005,BIO26-PDF192-L41-S1-Q005,العوامل الحيوية واللاحيوية ومستويات التنظيم والعلاقات البيئية,BIO26-M27,العلاقات البيئية وانتقال الطاقة ودورات المواد,BIO26-S27-01,العوامل الحيوية واللاحيوية ومستويات التنظيم والعلاقات البيئية,تجميعات الأحياء 2026 — مفتاح الإجابة في PDF p.192,B,1,NOT_STARTED,,NOT_RUN,PRE_CROP_RANGE_FROZEN_V1
41,BIO26-L41,علم البيئة,المخلوقات الحية وعلاقاتها المتبادلة,192,192,191,1,6,TAH-BIO-BIO26-L41-Q006,BIO26-PDF192-L41-S1-Q006,العوامل الحيوية واللاحيوية ومستويات التنظيم والعلاقات البيئية,BIO26-M27,العلاقات البيئية وانتقال الطاقة ودورات المواد,BIO26-S27-01,العوامل الحيوية واللاحيوية ومستويات التنظيم والعلاقات البيئية,تجميعات الأحياء 2026 — مفتاح الإجابة في PDF p.192,B,1,NOT_STARTED,,NOT_RUN,PRE_CROP_RANGE_FROZEN_V1
41,BIO26-L41,علم البيئة,المخلوقات الحية وعلاقاتها المتبادلة,192,192,191,1,7,TAH-BIO-BIO26-L41-Q007,BIO26-PDF192-L41-S1-Q007,العوامل الحيوية واللاحيوية ومستويات التنظيم والعلاقات البيئية,BIO26-M27,العلاقات البيئية وانتقال الطاقة ودورات المواد,BIO26-S27-01,العوامل الحيوية واللاحيوية ومستويات التنظيم والعلاقات البيئية,تجميعات الأحياء 2026 — مفتاح الإجابة في PDF p.192,D,3,NOT_STARTED,,NOT_RUN,PRE_CROP_RANGE_FROZEN_V1
41,BIO26-L41,علم البيئة,المخلوقات الحية وعلاقاتها المتبادلة,192,192,191,1,8,TAH-BIO-BIO26-L41-Q008,BIO26-PDF192-L41-S1-Q008,العوامل الحيوية واللاحيوية ومستويات التنظيم والعلاقات البيئية,BIO26-M27,العلاقات البيئية وانتقال الطاقة ودورات المواد,BIO26-S27-01,العوامل الحيوية واللاحيوية ومستويات التنظيم والعلاقات البيئية,تجميعات الأحياء 2026 — مفتاح الإجابة في PDF p.192,C,2,NOT_STARTED,,NOT_RUN,PRE_CROP_RANGE_FROZEN_V1
41,BIO26-L41,علم البيئة,المخلوقات الحية وعلاقاتها المتبادلة,192,192,191,1,9,TAH-BIO-BIO26-L41-Q009,BIO26-PDF192-L41-S1-Q009,العوامل الحيوية واللاحيوية ومستويات التنظيم والعلاقات البيئية,BIO26-M27,العلاقات البيئية وانتقال الطاقة ودورات المواد,BIO26-S27-01,العوامل الحيوية واللاحيوية ومستويات التنظيم والعلاقات البيئية,تجميعات الأحياء 2026 — مفتاح الإجابة في PDF p.192,D,3,NOT_STARTED,,NOT_RUN,PRE_CROP_RANGE_FROZEN_V1
41,BIO26-L41,علم البيئة,المخلوقات الحية وعلاقاتها المتبادلة,192,192,191,1,10,TAH-BIO-BIO26-L41-Q010,BIO26-PDF192-L41-S1-Q010,العوامل الحيوية واللاحيوية ومستويات التنظيم والعلاقات البيئية,BIO26-M27,العلاقات البيئية وانتقال الطاقة ودورات المواد,BIO26-S27-01,العوامل الحيوية واللاحيوية ومستويات التنظيم والعلاقات البيئية,تجميعات الأحياء 2026 — مفتاح الإجابة في PDF p.192,D,3,NOT_STARTED,,NOT_RUN,PRE_CROP_RANGE_FROZEN_V1
41,BIO26-L41,علم البيئة,المخلوقات الحية وعلاقاتها المتبادلة,192,192,191,1,11,TAH-BIO-BIO26-L41-Q011,BIO26-PDF192-L41-S1-Q011,العوامل الحيوية واللاحيوية ومستويات التنظيم والعلاقات البيئية,BIO26-M27,العلاقات البيئية وانتقال الطاقة ودورات المواد,BIO26-S27-01,العوامل الحيوية واللاحيوية ومستويات التنظيم والعلاقات البيئية,تجميعات الأحياء 2026 — مفتاح الإجابة في PDF p.192,C,2,NOT_STARTED,,NOT_RUN,PRE_CROP_RANGE_FROZEN_V1
41,BIO26-L41,علم البيئة,المخلوقات الحية وعلاقاتها المتبادلة,192,192,191,1,12,TAH-BIO-BIO26-L41-Q012,BIO26-PDF192-L41-S1-Q012,العوامل الحيوية واللاحيوية ومستويات التنظيم والعلاقات البيئية,BIO26-M27,العلاقات البيئية وانتقال الطاقة ودورات المواد,BIO26-S27-01,العوامل الحيوية واللاحيوية ومستويات التنظيم والعلاقات البيئية,تجميعات الأحياء 2026 — مفتاح الإجابة في PDF p.192,D,3,NOT_STARTED,,NOT_RUN,PRE_CROP_RANGE_FROZEN_V1
41,BIO26-L41,علم البيئة,المخلوقات الحية وعلاقاتها المتبادلة,192,192,191,1,13,TAH-BIO-BIO26-L41-Q013,BIO26-PDF192-L41-S1-Q013,العوامل الحيوية واللاحيوية ومستويات التنظيم والعلاقات البيئية,BIO26-M27,العلاقات البيئية وانتقال الطاقة ودورات المواد,BIO26-S27-01,العوامل الحيوية واللاحيوية ومستويات التنظيم والعلاقات البيئية,تجميعات الأحياء 2026 — مفتاح الإجابة في PDF p.192,C,2,NOT_STARTED,,NOT_RUN,PRE_CROP_RANGE_FROZEN_V1
41,BIO26-L41,علم البيئة,المخلوقات الحية وعلاقاتها المتبادلة,192,192,191,1,14,TAH-BIO-BIO26-L41-Q014,BIO26-PDF192-L41-S1-Q014,العوامل الحيوية واللاحيوية ومستويات التنظيم والعلاقات البيئية,BIO26-M27,العلاقات البيئية وانتقال الطاقة ودورات المواد,BIO26-S27-01,العوامل الحيوية واللاحيوية ومستويات التنظيم والعلاقات البيئية,تجميعات الأحياء 2026 — مفتاح الإجابة في PDF p.192,D,3,NOT_STARTED,,NOT_RUN,PRE_CROP_RANGE_FROZEN_V1
41,BIO26-L41,علم البيئة,المخلوقات الحية وعلاقاتها المتبادلة,192,192,191,1,15,TAH-BIO-BIO26-L41-Q015,BIO26-PDF192-L41-S1-Q015,العوامل الحيوية واللاحيوية ومستويات التنظيم والعلاقات البيئية,BIO26-M27,العلاقات البيئية وانتقال الطاقة ودورات المواد,BIO26-S27-01,العوامل الحيوية واللاحيوية ومستويات التنظيم والعلاقات البيئية,تجميعات الأحياء 2026 — مفتاح الإجابة في PDF p.192,A,0,NOT_STARTED,,NOT_RUN,PRE_CROP_RANGE_FROZEN_V1
41,BIO26-L41,علم البيئة,المخلوقات الحية وعلاقاتها المتبادلة,192,192,191,1,16,TAH-BIO-BIO26-L41-Q016,BIO26-PDF192-L41-S1-Q016,العوامل الحيوية واللاحيوية ومستويات التنظيم والعلاقات البيئية,BIO26-M27,العلاقات البيئية وانتقال الطاقة ودورات المواد,BIO26-S27-01,العوامل الحيوية واللاحيوية ومستويات التنظيم والعلاقات البيئية,تجميعات الأحياء 2026 — مفتاح الإجابة في PDF p.192,A,0,NOT_STARTED,,NOT_RUN,PRE_CROP_RANGE_FROZEN_V1
41,BIO26-L41,علم البيئة,المخلوقات الحية وعلاقاتها المتبادلة,193,193,192,1,17,TAH-BIO-BIO26-L41-Q017,BIO26-PDF193-L41-S1-Q017,العوامل الحيوية واللاحيوية ومستويات التنظيم والعلاقات البيئية,BIO26-M27,العلاقات البيئية وانتقال الطاقة ودورات المواد,BIO26-S27-01,العوامل الحيوية واللاحيوية ومستويات التنظيم والعلاقات البيئية,تجميعات الأحياء 2026 — مفتاح الإجابة في PDF p.193,C,2,NOT_STARTED,,NOT_RUN,PRE_CROP_RANGE_FROZEN_V1
41,BIO26-L41,علم البيئة,المخلوقات الحية وعلاقاتها المتبادلة,193,193,192,1,18,TAH-BIO-BIO26-L41-Q018,BIO26-PDF193-L41-S1-Q018,العوامل الحيوية واللاحيوية ومستويات التنظيم والعلاقات البيئية,BIO26-M27,العلاقات البيئية وانتقال الطاقة ودورات المواد,BIO26-S27-01,العوامل الحيوية واللاحيوية ومستويات التنظيم والعلاقات البيئية,تجميعات الأحياء 2026 — مفتاح الإجابة في PDF p.193,C,2,NOT_STARTED,,NOT_RUN,PRE_CROP_RANGE_FROZEN_V1
41,BIO26-L41,علم البيئة,المخلوقات الحية وعلاقاتها المتبادلة,193,193,192,1,19,TAH-BIO-BIO26-L41-Q019,BIO26-PDF193-L41-S1-Q019,العوامل الحيوية واللاحيوية ومستويات التنظيم والعلاقات البيئية,BIO26-M27,العلاقات البيئية وانتقال الطاقة ودورات المواد,BIO26-S27-01,العوامل الحيوية واللاحيوية ومستويات التنظيم والعلاقات البيئية,تجميعات الأحياء 2026 — مفتاح الإجابة في PDF p.193,C,2,NOT_STARTED,,NOT_RUN,PRE_CROP_RANGE_FROZEN_V1
41,BIO26-L41,علم البيئة,المخلوقات الحية وعلاقاتها المتبادلة,193,193,192,1,20,TAH-BIO-BIO26-L41-Q020,BIO26-PDF193-L41-S1-Q020,العوامل الحيوية واللاحيوية ومستويات التنظيم والعلاقات البيئية,BIO26-M27,العلاقات البيئية وانتقال الطاقة ودورات المواد,BIO26-S27-01,العوامل الحيوية واللاحيوية ومستويات التنظيم والعلاقات البيئية,تجميعات الأحياء 2026 — مفتاح الإجابة في PDF p.193,B,1,NOT_STARTED,,NOT_RUN,PRE_CROP_RANGE_FROZEN_V1
41,BIO26-L41,علم البيئة,المخلوقات الحية وعلاقاتها المتبادلة,193,193,192,1,21,TAH-BIO-BIO26-L41-Q021,BIO26-PDF193-L41-S1-Q021,العوامل الحيوية واللاحيوية ومستويات التنظيم والعلاقات البيئية,BIO26-M27,العلاقات البيئية وانتقال الطاقة ودورات المواد,BIO26-S27-01,العوامل الحيوية واللاحيوية ومستويات التنظيم والعلاقات البيئية,تجميعات الأحياء 2026 — مفتاح الإجابة في PDF p.193,D,3,NOT_STARTED,,NOT_RUN,PRE_CROP_RANGE_FROZEN_V1
41,BIO26-L41,علم البيئة,المخلوقات الحية وعلاقاتها المتبادلة,193,193,192,1,22,TAH-BIO-BIO26-L41-Q022,BIO26-PDF193-L41-S1-Q022,العوامل الحيوية واللاحيوية ومستويات التنظيم والعلاقات البيئية,BIO26-M27,العلاقات البيئية وانتقال الطاقة ودورات المواد,BIO26-S27-01,العوامل الحيوية واللاحيوية ومستويات التنظيم والعلاقات البيئية,تجميعات الأحياء 2026 — مفتاح الإجابة في PDF p.193,A,0,NOT_STARTED,,NOT_RUN,PRE_CROP_RANGE_FROZEN_V1
41,BIO26-L41,علم البيئة,المخلوقات الحية وعلاقاتها المتبادلة,193,193,192,1,23,TAH-BIO-BIO26-L41-Q023,BIO26-PDF193-L41-S1-Q023,العوامل الحيوية واللاحيوية ومستويات التنظيم والعلاقات البيئية,BIO26-M27,العلاقات البيئية وانتقال الطاقة ودورات المواد,BIO26-S27-01,العوامل الحيوية واللاحيوية ومستويات التنظيم والعلاقات البيئية,تجميعات الأحياء 2026 — مفتاح الإجابة في PDF p.193,B,1,NOT_STARTED,,NOT_RUN,PRE_CROP_RANGE_FROZEN_V1
41,BIO26-L41,علم البيئة,المخلوقات الحية وعلاقاتها المتبادلة,193,193,192,1,24,TAH-BIO-BIO26-L41-Q024,BIO26-PDF193-L41-S1-Q024,العوامل الحيوية واللاحيوية ومستويات التنظيم والعلاقات البيئية,BIO26-M27,العلاقات البيئية وانتقال الطاقة ودورات المواد,BIO26-S27-01,العوامل الحيوية واللاحيوية ومستويات التنظيم والعلاقات البيئية,تجميعات الأحياء 2026 — مفتاح الإجابة في PDF p.193,A,0,NOT_STARTED,,NOT_RUN,PRE_CROP_RANGE_FROZEN_V1
41,BIO26-L41,علم البيئة,المخلوقات الحية وعلاقاتها المتبادلة,193,193,192,1,25,TAH-BIO-BIO26-L41-Q025,BIO26-PDF193-L41-S1-Q025,العوامل الحيوية واللاحيوية ومستويات التنظيم والعلاقات البيئية,BIO26-M27,العلاقات البيئية وانتقال الطاقة ودورات المواد,BIO26-S27-01,العوامل الحيوية واللاحيوية ومستويات التنظيم والعلاقات البيئية,تجميعات الأحياء 2026 — مفتاح الإجابة في PDF p.193,B,1,NOT_STARTED,,NOT_RUN,PRE_CROP_RANGE_FROZEN_V1
41,BIO26-L41,علم البيئة,المخلوقات الحية وعلاقاتها المتبادلة,193,193,192,1,26,TAH-BIO-BIO26-L41-Q026,BIO26-PDF193-L41-S1-Q026,العوامل الحيوية واللاحيوية ومستويات التنظيم والعلاقات البيئية,BIO26-M27,العلاقات البيئية وانتقال الطاقة ودورات المواد,BIO26-S27-01,العوامل الحيوية واللاحيوية ومستويات التنظيم والعلاقات البيئية,تجميعات الأحياء 2026 — مفتاح الإجابة في PDF p.193,A,0,NOT_STARTED,,NOT_RUN,PRE_CROP_RANGE_FROZEN_V1
41,BIO26-L41,علم البيئة,المخلوقات الحية وعلاقاتها المتبادلة,193,193,192,1,27,TAH-BIO-BIO26-L41-Q027,BIO26-PDF193-L41-S1-Q027,العوامل الحيوية واللاحيوية ومستويات التنظيم والعلاقات البيئية,BIO26-M27,العلاقات البيئية وانتقال الطاقة ودورات المواد,BIO26-S27-01,العوامل الحيوية واللاحيوية ومستويات التنظيم والعلاقات البيئية,تجميعات الأحياء 2026 — مفتاح الإجابة في PDF p.193,A,0,NOT_STARTED,,NOT_RUN,PRE_CROP_RANGE_FROZEN_V1
41,BIO26-L41,علم البيئة,المخلوقات الحية وعلاقاتها المتبادلة,193,193,192,1,28,TAH-BIO-BIO26-L41-Q028,BIO26-PDF193-L41-S1-Q028,العوامل الحيوية واللاحيوية ومستويات التنظيم والعلاقات البيئية,BIO26-M27,العلاقات البيئية وانتقال الطاقة ودورات المواد,BIO26-S27-01,العوامل الحيوية واللاحيوية ومستويات التنظيم والعلاقات البيئية,تجميعات الأحياء 2026 — مفتاح الإجابة في PDF p.193,A,0,NOT_STARTED,,NOT_RUN,PRE_CROP_RANGE_FROZEN_V1
41,BIO26-L41,علم البيئة,المخلوقات الحية وعلاقاتها المتبادلة,193,193,192,1,29,TAH-BIO-BIO26-L41-Q029,BIO26-PDF193-L41-S1-Q029,العوامل الحيوية واللاحيوية ومستويات التنظيم والعلاقات البيئية,BIO26-M27,العلاقات البيئية وانتقال الطاقة ودورات المواد,BIO26-S27-01,العوامل الحيوية واللاحيوية ومستويات التنظيم والعلاقات البيئية,تجميعات الأحياء 2026 — مفتاح الإجابة في PDF p.193,B,1,NOT_STARTED,,NOT_RUN,PRE_CROP_RANGE_FROZEN_V1
41,BIO26-L41,علم البيئة,المخلوقات الحية وعلاقاتها المتبادلة,193,193,192,1,30,TAH-BIO-BIO26-L41-Q030,BIO26-PDF193-L41-S1-Q030,العوامل الحيوية واللاحيوية ومستويات التنظيم والعلاقات البيئية,BIO26-M27,العلاقات البيئية وانتقال الطاقة ودورات المواد,BIO26-S27-01,العوامل الحيوية واللاحيوية ومستويات التنظيم والعلاقات البيئية,تجميعات الأحياء 2026 — مفتاح الإجابة في PDF p.193,A,0,NOT_STARTED,,NOT_RUN,PRE_CROP_RANGE_FROZEN_V1
41,BIO26-L41,علم البيئة,المخلوقات الحية وعلاقاتها المتبادلة,193,193,192,1,31,TAH-BIO-BIO26-L41-Q031,BIO26-PDF193-L41-S1-Q031,العوامل الحيوية واللاحيوية ومستويات التنظيم والعلاقات البيئية,BIO26-M27,العلاقات البيئية وانتقال الطاقة ودورات المواد,BIO26-S27-01,العوامل الحيوية واللاحيوية ومستويات التنظيم والعلاقات البيئية,تجميعات الأحياء 2026 — مفتاح الإجابة في PDF p.193,B,1,NOT_STARTED,,NOT_RUN,PRE_CROP_RANGE_FROZEN_V1
41,BIO26-L41,علم البيئة,المخلوقات الحية وعلاقاتها المتبادلة,193,193,192,1,32,TAH-BIO-BIO26-L41-Q032,BIO26-PDF193-L41-S1-Q032,العوامل الحيوية واللاحيوية ومستويات التنظيم والعلاقات البيئية,BIO26-M27,العلاقات البيئية وانتقال الطاقة ودورات المواد,BIO26-S27-01,العوامل الحيوية واللاحيوية ومستويات التنظيم والعلاقات البيئية,تجميعات الأحياء 2026 — مفتاح الإجابة في PDF p.193,B,1,NOT_STARTED,,NOT_RUN,PRE_CROP_RANGE_FROZEN_V1
41,BIO26-L41,علم البيئة,المخلوقات الحية وعلاقاتها المتبادلة,193,193,192,1,33,TAH-BIO-BIO26-L41-Q033,BIO26-PDF193-L41-S1-Q033,العوامل الحيوية واللاحيوية ومستويات التنظيم والعلاقات البيئية,BIO26-M27,العلاقات البيئية وانتقال الطاقة ودورات المواد,BIO26-S27-01,العوامل الحيوية واللاحيوية ومستويات التنظيم والعلاقات البيئية,تجميعات الأحياء 2026 — مفتاح الإجابة في PDF p.193,B,1,NOT_STARTED,,NOT_RUN,PRE_CROP_RANGE_FROZEN_V1
41,BIO26-L41,علم البيئة,المخلوقات الحية وعلاقاتها المتبادلة,193,193,192,1,34,TAH-BIO-BIO26-L41-Q034,BIO26-PDF193-L41-S1-Q034,العوامل الحيوية واللاحيوية ومستويات التنظيم والعلاقات البيئية,BIO26-M27,العلاقات البيئية وانتقال الطاقة ودورات المواد,BIO26-S27-01,العوامل الحيوية واللاحيوية ومستويات التنظيم والعلاقات البيئية,تجميعات الأحياء 2026 — مفتاح الإجابة في PDF p.193,D,3,NOT_STARTED,,NOT_RUN,PRE_CROP_RANGE_FROZEN_V1
41,BIO26-L41,علم البيئة,المخلوقات الحية وعلاقاتها المتبادلة,193,193,192,1,35,TAH-BIO-BIO26-L41-Q035,BIO26-PDF193-L41-S1-Q035,العوامل الحيوية واللاحيوية ومستويات التنظيم والعلاقات البيئية,BIO26-M27,العلاقات البيئية وانتقال الطاقة ودورات المواد,BIO26-S27-01,العوامل الحيوية واللاحيوية ومستويات التنظيم والعلاقات البيئية,تجميعات الأحياء 2026 — مفتاح الإجابة في PDF p.193,B,1,NOT_STARTED,,NOT_RUN,PRE_CROP_RANGE_FROZEN_V1
41,BIO26-L41,علم البيئة,المخلوقات الحية وعلاقاتها المتبادلة,193,193,192,1,36,TAH-BIO-BIO26-L41-Q036,BIO26-PDF193-L41-S1-Q036,العوامل الحيوية واللاحيوية ومستويات التنظيم والعلاقات البيئية,BIO26-M27,العلاقات البيئية وانتقال الطاقة ودورات المواد,BIO26-S27-01,العوامل الحيوية واللاحيوية ومستويات التنظيم والعلاقات البيئية,تجميعات الأحياء 2026 — مفتاح الإجابة في PDF p.193,A,0,NOT_STARTED,,NOT_RUN,PRE_CROP_RANGE_FROZEN_V1
41,BIO26-L41,علم البيئة,المخلوقات الحية وعلاقاتها المتبادلة,194,194,193,1,37,TAH-BIO-BIO26-L41-Q037,BIO26-PDF194-L41-S1-Q037,العوامل الحيوية واللاحيوية ومستويات التنظيم والعلاقات البيئية,BIO26-M27,العلاقات البيئية وانتقال الطاقة ودورات المواد,BIO26-S27-01,العوامل الحيوية واللاحيوية ومستويات التنظيم والعلاقات البيئية,تجميعات الأحياء 2026 — مفتاح الإجابة في PDF p.194,A,0,NOT_STARTED,,NOT_RUN,PRE_CROP_RANGE_FROZEN_V1
41,BIO26-L41,علم البيئة,المخلوقات الحية وعلاقاتها المتبادلة,194,194,193,1,38,TAH-BIO-BIO26-L41-Q038,BIO26-PDF194-L41-S1-Q038,العوامل الحيوية واللاحيوية ومستويات التنظيم والعلاقات البيئية,BIO26-M27,العلاقات البيئية وانتقال الطاقة ودورات المواد,BIO26-S27-01,العوامل الحيوية واللاحيوية ومستويات التنظيم والعلاقات البيئية,تجميعات الأحياء 2026 — مفتاح الإجابة في PDF p.194,A,0,NOT_STARTED,,NOT_RUN,PRE_CROP_RANGE_FROZEN_V1
41,BIO26-L41,علم البيئة,المخلوقات الحية وعلاقاتها المتبادلة,194,194,193,1,39,TAH-BIO-BIO26-L41-Q039,BIO26-PDF194-L41-S1-Q039,العوامل الحيوية واللاحيوية ومستويات التنظيم والعلاقات البيئية,BIO26-M27,العلاقات البيئية وانتقال الطاقة ودورات المواد,BIO26-S27-01,العوامل الحيوية واللاحيوية ومستويات التنظيم والعلاقات البيئية,تجميعات الأحياء 2026 — مفتاح الإجابة في PDF p.194,B,1,NOT_STARTED,,NOT_RUN,PRE_CROP_RANGE_FROZEN_V1
41,BIO26-L41,علم البيئة,المخلوقات الحية وعلاقاتها المتبادلة,194,194,193,1,40,TAH-BIO-BIO26-L41-Q040,BIO26-PDF194-L41-S1-Q040,العوامل الحيوية واللاحيوية ومستويات التنظيم والعلاقات البيئية,BIO26-M27,العلاقات البيئية وانتقال الطاقة ودورات المواد,BIO26-S27-01,العوامل الحيوية واللاحيوية ومستويات التنظيم والعلاقات البيئية,تجميعات الأحياء 2026 — مفتاح الإجابة في PDF p.194,A,0,NOT_STARTED,,NOT_RUN,PRE_CROP_RANGE_FROZEN_V1
41,BIO26-L41,علم البيئة,المخلوقات الحية وعلاقاتها المتبادلة,194,194,193,1,41,TAH-BIO-BIO26-L41-Q041,BIO26-PDF194-L41-S1-Q041,العوامل الحيوية واللاحيوية ومستويات التنظيم والعلاقات البيئية,BIO26-M27,العلاقات البيئية وانتقال الطاقة ودورات المواد,BIO26-S27-01,العوامل الحيوية واللاحيوية ومستويات التنظيم والعلاقات البيئية,تجميعات الأحياء 2026 — مفتاح الإجابة في PDF p.194,C,2,NOT_STARTED,,NOT_RUN,PRE_CROP_RANGE_FROZEN_V1
41,BIO26-L41,علم البيئة,المخلوقات الحية وعلاقاتها المتبادلة,194,194,193,1,42,TAH-BIO-BIO26-L41-Q042,BIO26-PDF194-L41-S1-Q042,العوامل الحيوية واللاحيوية ومستويات التنظيم والعلاقات البيئية,BIO26-M27,العلاقات البيئية وانتقال الطاقة ودورات المواد,BIO26-S27-01,العوامل الحيوية واللاحيوية ومستويات التنظيم والعلاقات البيئية,تجميعات الأحياء 2026 — مفتاح الإجابة في PDF p.194,A,0,NOT_STARTED,,NOT_RUN,PRE_CROP_RANGE_FROZEN_V1
41,BIO26-L41,علم البيئة,المخلوقات الحية وعلاقاتها المتبادلة,194,194,193,1,43,TAH-BIO-BIO26-L41-Q043,BIO26-PDF194-L41-S1-Q043,العوامل الحيوية واللاحيوية ومستويات التنظيم والعلاقات البيئية,BIO26-M27,العلاقات البيئية وانتقال الطاقة ودورات المواد,BIO26-S27-01,العوامل الحيوية واللاحيوية ومستويات التنظيم والعلاقات البيئية,تجميعات الأحياء 2026 — مفتاح الإجابة في PDF p.194,A,0,NOT_STARTED,,NOT_RUN,PRE_CROP_RANGE_FROZEN_V1
41,BIO26-L41,علم البيئة,المخلوقات الحية وعلاقاتها المتبادلة,194,194,193,1,44,TAH-BIO-BIO26-L41-Q044,BIO26-PDF194-L41-S1-Q044,العوامل الحيوية واللاحيوية ومستويات التنظيم والعلاقات البيئية,BIO26-M27,العلاقات البيئية وانتقال الطاقة ودورات المواد,BIO26-S27-01,العوامل الحيوية واللاحيوية ومستويات التنظيم والعلاقات البيئية,تجميعات الأحياء 2026 — مفتاح الإجابة في PDF p.194,A,0,NOT_STARTED,,NOT_RUN,PRE_CROP_RANGE_FROZEN_V1
41,BIO26-L41,علم البيئة,المخلوقات الحية وعلاقاتها المتبادلة,194,194,193,1,45,TAH-BIO-BIO26-L41-Q045,BIO26-PDF194-L41-S1-Q045,العوامل الحيوية واللاحيوية ومستويات التنظيم والعلاقات البيئية,BIO26-M27,العلاقات البيئية وانتقال الطاقة ودورات المواد,BIO26-S27-01,العوامل الحيوية واللاحيوية ومستويات التنظيم والعلاقات البيئية,تجميعات الأحياء 2026 — مفتاح الإجابة في PDF p.194,B,1,NOT_STARTED,,NOT_RUN,PRE_CROP_RANGE_FROZEN_V1
41,BIO26-L41,علم البيئة,المخلوقات الحية وعلاقاتها المتبادلة,194,194,193,1,46,TAH-BIO-BIO26-L41-Q046,BIO26-PDF194-L41-S1-Q046,العوامل الحيوية واللاحيوية ومستويات التنظيم والعلاقات البيئية,BIO26-M27,العلاقات البيئية وانتقال الطاقة ودورات المواد,BIO26-S27-01,العوامل الحيوية واللاحيوية ومستويات التنظيم والعلاقات البيئية,تجميعات الأحياء 2026 — مفتاح الإجابة في PDF p.194,B,1,NOT_STARTED,,NOT_RUN,PRE_CROP_RANGE_FROZEN_V1
41,BIO26-L41,علم البيئة,المخلوقات الحية وعلاقاتها المتبادلة,195,195,194,2,47,TAH-BIO-BIO26-L41-Q047,BIO26-PDF195-L41-S2-Q047,العوامل الحيوية واللاحيوية ومستويات التنظيم والعلاقات البيئية,BIO26-M27,العلاقات البيئية وانتقال الطاقة ودورات المواد,BIO26-S27-01,العوامل الحيوية واللاحيوية ومستويات التنظيم والعلاقات البيئية,تجميعات الأحياء 2026 — مفتاح الإجابة في PDF p.195,B,1,NOT_STARTED,,NOT_RUN,PRE_CROP_RANGE_FROZEN_V1
41,BIO26-L41,علم البيئة,المخلوقات الحية وعلاقاتها المتبادلة,195,195,194,2,48,TAH-BIO-BIO26-L41-Q048,BIO26-PDF195-L41-S2-Q048,العوامل الحيوية واللاحيوية ومستويات التنظيم والعلاقات البيئية,BIO26-M27,العلاقات البيئية وانتقال الطاقة ودورات المواد,BIO26-S27-01,العوامل الحيوية واللاحيوية ومستويات التنظيم والعلاقات البيئية,تجميعات الأحياء 2026 — مفتاح الإجابة في PDF p.195,A,0,NOT_STARTED,,NOT_RUN,PRE_CROP_RANGE_FROZEN_V1
41,BIO26-L41,علم البيئة,المخلوقات الحية وعلاقاتها المتبادلة,195,195,194,2,49,TAH-BIO-BIO26-L41-Q049,BIO26-PDF195-L41-S2-Q049,العوامل الحيوية واللاحيوية ومستويات التنظيم والعلاقات البيئية,BIO26-M27,العلاقات البيئية وانتقال الطاقة ودورات المواد,BIO26-S27-01,العوامل الحيوية واللاحيوية ومستويات التنظيم والعلاقات البيئية,تجميعات الأحياء 2026 — مفتاح الإجابة في PDF p.195,A,0,NOT_STARTED,,NOT_RUN,PRE_CROP_RANGE_FROZEN_V1
41,BIO26-L41,علم البيئة,المخلوقات الحية وعلاقاتها المتبادلة,195,195,194,2,50,TAH-BIO-BIO26-L41-Q050,BIO26-PDF195-L41-S2-Q050,العوامل الحيوية واللاحيوية ومستويات التنظيم والعلاقات البيئية,BIO26-M27,العلاقات البيئية وانتقال الطاقة ودورات المواد,BIO26-S27-01,العوامل الحيوية واللاحيوية ومستويات التنظيم والعلاقات البيئية,تجميعات الأحياء 2026 — مفتاح الإجابة في PDF p.195,C,2,NOT_STARTED,,NOT_RUN,PRE_CROP_RANGE_FROZEN_V1
41,BIO26-L41,علم البيئة,المخلوقات الحية وعلاقاتها المتبادلة,195,195,194,2,51,TAH-BIO-BIO26-L41-Q051,BIO26-PDF195-L41-S2-Q051,العوامل الحيوية واللاحيوية ومستويات التنظيم والعلاقات البيئية,BIO26-M27,العلاقات البيئية وانتقال الطاقة ودورات المواد,BIO26-S27-01,العوامل الحيوية واللاحيوية ومستويات التنظيم والعلاقات البيئية,تجميعات الأحياء 2026 — مفتاح الإجابة في PDF p.195,B,1,NOT_STARTED,,NOT_RUN,PRE_CROP_RANGE_FROZEN_V1
41,BIO26-L41,علم البيئة,المخلوقات الحية وعلاقاتها المتبادلة,195,195,194,2,52,TAH-BIO-BIO26-L41-Q052,BIO26-PDF195-L41-S2-Q052,العوامل الحيوية واللاحيوية ومستويات التنظيم والعلاقات البيئية,BIO26-M27,العلاقات البيئية وانتقال الطاقة ودورات المواد,BIO26-S27-01,العوامل الحيوية واللاحيوية ومستويات التنظيم والعلاقات البيئية,تجميعات الأحياء 2026 — مفتاح الإجابة في PDF p.195,C,2,NOT_STARTED,,NOT_RUN,PRE_CROP_RANGE_FROZEN_V1
41,BIO26-L41,علم البيئة,المخلوقات الحية وعلاقاتها المتبادلة,195,195,194,2,53,TAH-BIO-BIO26-L41-Q053,BIO26-PDF195-L41-S2-Q053,العوامل الحيوية واللاحيوية ومستويات التنظيم والعلاقات البيئية,BIO26-M27,العلاقات البيئية وانتقال الطاقة ودورات المواد,BIO26-S27-01,العوامل الحيوية واللاحيوية ومستويات التنظيم والعلاقات البيئية,تجميعات الأحياء 2026 — مفتاح الإجابة في PDF p.195,D,3,NOT_STARTED,,NOT_RUN,PRE_CROP_RANGE_FROZEN_V1
41,BIO26-L41,علم البيئة,المخلوقات الحية وعلاقاتها المتبادلة,195,195,194,2,54,TAH-BIO-BIO26-L41-Q054,BIO26-PDF195-L41-S2-Q054,العوامل الحيوية واللاحيوية ومستويات التنظيم والعلاقات البيئية,BIO26-M27,العلاقات البيئية وانتقال الطاقة ودورات المواد,BIO26-S27-01,العوامل الحيوية واللاحيوية ومستويات التنظيم والعلاقات البيئية,تجميعات الأحياء 2026 — مفتاح الإجابة في PDF p.195,A,0,NOT_STARTED,,NOT_RUN,PRE_CROP_RANGE_FROZEN_V1
41,BIO26-L41,علم البيئة,المخلوقات الحية وعلاقاتها المتبادلة,195,195,194,2,55,TAH-BIO-BIO26-L41-Q055,BIO26-PDF195-L41-S2-Q055,العوامل الحيوية واللاحيوية ومستويات التنظيم والعلاقات البيئية,BIO26-M27,العلاقات البيئية وانتقال الطاقة ودورات المواد,BIO26-S27-01,العوامل الحيوية واللاحيوية ومستويات التنظيم والعلاقات البيئية,تجميعات الأحياء 2026 — مفتاح الإجابة في PDF p.195,D,3,NOT_STARTED,,NOT_RUN,PRE_CROP_RANGE_FROZEN_V1
41,BIO26-L41,علم البيئة,المخلوقات الحية وعلاقاتها المتبادلة,195,195,194,2,56,TAH-BIO-BIO26-L41-Q056,BIO26-PDF195-L41-S2-Q056,العوامل الحيوية واللاحيوية ومستويات التنظيم والعلاقات البيئية,BIO26-M27,العلاقات البيئية وانتقال الطاقة ودورات المواد,BIO26-S27-01,العوامل الحيوية واللاحيوية ومستويات التنظيم والعلاقات البيئية,تجميعات الأحياء 2026 — مفتاح الإجابة في PDF p.195,C,2,NOT_STARTED,,NOT_RUN,PRE_CROP_RANGE_FROZEN_V1
41,BIO26-L41,علم البيئة,المخلوقات الحية وعلاقاتها المتبادلة,195,195,194,2,57,TAH-BIO-BIO26-L41-Q057,BIO26-PDF195-L41-S2-Q057,العوامل الحيوية واللاحيوية ومستويات التنظيم والعلاقات البيئية,BIO26-M27,العلاقات البيئية وانتقال الطاقة ودورات المواد,BIO26-S27-01,العوامل الحيوية واللاحيوية ومستويات التنظيم والعلاقات البيئية,تجميعات الأحياء 2026 — مفتاح الإجابة في PDF p.195,B,1,NOT_STARTED,,NOT_RUN,PRE_CROP_RANGE_FROZEN_V1
41,BIO26-L41,علم البيئة,المخلوقات الحية وعلاقاتها المتبادلة,195,195,194,2,58,TAH-BIO-BIO26-L41-Q058,BIO26-PDF195-L41-S2-Q058,العوامل الحيوية واللاحيوية ومستويات التنظيم والعلاقات البيئية,BIO26-M27,العلاقات البيئية وانتقال الطاقة ودورات المواد,BIO26-S27-01,العوامل الحيوية واللاحيوية ومستويات التنظيم والعلاقات البيئية,تجميعات الأحياء 2026 — مفتاح الإجابة في PDF p.195,A,0,NOT_STARTED,,NOT_RUN,PRE_CROP_RANGE_FROZEN_V1
41,BIO26-L41,علم البيئة,المخلوقات الحية وعلاقاتها المتبادلة,195,195,194,2,59,TAH-BIO-BIO26-L41-Q059,BIO26-PDF195-L41-S2-Q059,العوامل الحيوية واللاحيوية ومستويات التنظيم والعلاقات البيئية,BIO26-M27,العلاقات البيئية وانتقال الطاقة ودورات المواد,BIO26-S27-01,العوامل الحيوية واللاحيوية ومستويات التنظيم والعلاقات البيئية,تجميعات الأحياء 2026 — مفتاح الإجابة في PDF p.195,A,0,NOT_STARTED,,NOT_RUN,PRE_CROP_RANGE_FROZEN_V1
41,BIO26-L41,علم البيئة,المخلوقات الحية وعلاقاتها المتبادلة,195,195,194,2,60,TAH-BIO-BIO26-L41-Q060,BIO26-PDF195-L41-S2-Q060,العوامل الحيوية واللاحيوية ومستويات التنظيم والعلاقات البيئية,BIO26-M27,العلاقات البيئية وانتقال الطاقة ودورات المواد,BIO26-S27-01,العوامل الحيوية واللاحيوية ومستويات التنظيم والعلاقات البيئية,تجميعات الأحياء 2026 — مفتاح الإجابة في PDF p.195,A,0,NOT_STARTED,,NOT_RUN,PRE_CROP_RANGE_FROZEN_V1
41,BIO26-L41,علم البيئة,المخلوقات الحية وعلاقاتها المتبادلة,195,195,194,2,61,TAH-BIO-BIO26-L41-Q061,BIO26-PDF195-L41-S2-Q061,العوامل الحيوية واللاحيوية ومستويات التنظيم والعلاقات البيئية,BIO26-M27,العلاقات البيئية وانتقال الطاقة ودورات المواد,BIO26-S27-01,العوامل الحيوية واللاحيوية ومستويات التنظيم والعلاقات البيئية,تجميعات الأحياء 2026 — مفتاح الإجابة في PDF p.195,B,1,NOT_STARTED,,NOT_RUN,PRE_CROP_RANGE_FROZEN_V1
42,BIO26-L42,علم البيئة,انتقال الطاقة في النظام البيئي,196,196,195,1,1,TAH-BIO-BIO26-L42-Q001,BIO26-PDF196-L42-S1-Q001,السلاسل والشبكات الغذائية والأدوار التغذوية,BIO26-M27,العلاقات البيئية وانتقال الطاقة ودورات المواد,BIO26-S27-02,السلاسل والشبكات الغذائية والأدوار التغذوية,تجميعات الأحياء 2026 — مفتاح الإجابة في PDF p.196,D,3,NOT_STARTED,,NOT_RUN,PRE_CROP_RANGE_FROZEN_V1
42,BIO26-L42,علم البيئة,انتقال الطاقة في النظام البيئي,196,196,195,1,2,TAH-BIO-BIO26-L42-Q002,BIO26-PDF196-L42-S1-Q002,السلاسل والشبكات الغذائية والأدوار التغذوية,BIO26-M27,العلاقات البيئية وانتقال الطاقة ودورات المواد,BIO26-S27-02,السلاسل والشبكات الغذائية والأدوار التغذوية,تجميعات الأحياء 2026 — مفتاح الإجابة في PDF p.196,C,2,NOT_STARTED,,NOT_RUN,PRE_CROP_RANGE_FROZEN_V1
42,BIO26-L42,علم البيئة,انتقال الطاقة في النظام البيئي,196,196,195,1,3,TAH-BIO-BIO26-L42-Q003,BIO26-PDF196-L42-S1-Q003,السلاسل والشبكات الغذائية والأدوار التغذوية,BIO26-M27,العلاقات البيئية وانتقال الطاقة ودورات المواد,BIO26-S27-02,السلاسل والشبكات الغذائية والأدوار التغذوية,تجميعات الأحياء 2026 — مفتاح الإجابة في PDF p.196,A,0,NOT_STARTED,,NOT_RUN,PRE_CROP_RANGE_FROZEN_V1
42,BIO26-L42,علم البيئة,انتقال الطاقة في النظام البيئي,196,196,195,1,4,TAH-BIO-BIO26-L42-Q004,BIO26-PDF196-L42-S1-Q004,السلاسل والشبكات الغذائية والأدوار التغذوية,BIO26-M27,العلاقات البيئية وانتقال الطاقة ودورات المواد,BIO26-S27-02,السلاسل والشبكات الغذائية والأدوار التغذوية,تجميعات الأحياء 2026 — مفتاح الإجابة في PDF p.196,A,0,NOT_STARTED,,NOT_RUN,PRE_CROP_RANGE_FROZEN_V1
42,BIO26-L42,علم البيئة,انتقال الطاقة في النظام البيئي,196,196,195,1,5,TAH-BIO-BIO26-L42-Q005,BIO26-PDF196-L42-S1-Q005,السلاسل والشبكات الغذائية والأدوار التغذوية,BIO26-M27,العلاقات البيئية وانتقال الطاقة ودورات المواد,BIO26-S27-02,السلاسل والشبكات الغذائية والأدوار التغذوية,تجميعات الأحياء 2026 — مفتاح الإجابة في PDF p.196,B,1,NOT_STARTED,,NOT_RUN,PRE_CROP_RANGE_FROZEN_V1
42,BIO26-L42,علم البيئة,انتقال الطاقة في النظام البيئي,196,196,195,1,6,TAH-BIO-BIO26-L42-Q006,BIO26-PDF196-L42-S1-Q006,السلاسل والشبكات الغذائية والأدوار التغذوية,BIO26-M27,العلاقات البيئية وانتقال الطاقة ودورات المواد,BIO26-S27-02,السلاسل والشبكات الغذائية والأدوار التغذوية,تجميعات الأحياء 2026 — مفتاح الإجابة في PDF p.196,A,0,NOT_STARTED,,NOT_RUN,PRE_CROP_RANGE_FROZEN_V1
42,BIO26-L42,علم البيئة,انتقال الطاقة في النظام البيئي,196,196,195,1,7,TAH-BIO-BIO26-L42-Q007,BIO26-PDF196-L42-S1-Q007,السلاسل والشبكات الغذائية والأدوار التغذوية,BIO26-M27,العلاقات البيئية وانتقال الطاقة ودورات المواد,BIO26-S27-02,السلاسل والشبكات الغذائية والأدوار التغذوية,تجميعات الأحياء 2026 — مفتاح الإجابة في PDF p.196,D,3,NOT_STARTED,,NOT_RUN,PRE_CROP_RANGE_FROZEN_V1
42,BIO26-L42,علم البيئة,انتقال الطاقة في النظام البيئي,196,196,195,1,8,TAH-BIO-BIO26-L42-Q008,BIO26-PDF196-L42-S1-Q008,السلاسل والشبكات الغذائية والأدوار التغذوية,BIO26-M27,العلاقات البيئية وانتقال الطاقة ودورات المواد,BIO26-S27-02,السلاسل والشبكات الغذائية والأدوار التغذوية,تجميعات الأحياء 2026 — مفتاح الإجابة في PDF p.196,A,0,NOT_STARTED,,NOT_RUN,PRE_CROP_RANGE_FROZEN_V1
42,BIO26-L42,علم البيئة,انتقال الطاقة في النظام البيئي,196,196,195,1,9,TAH-BIO-BIO26-L42-Q009,BIO26-PDF196-L42-S1-Q009,السلاسل والشبكات الغذائية والأدوار التغذوية,BIO26-M27,العلاقات البيئية وانتقال الطاقة ودورات المواد,BIO26-S27-02,السلاسل والشبكات الغذائية والأدوار التغذوية,تجميعات الأحياء 2026 — مفتاح الإجابة في PDF p.196,D,3,NOT_STARTED,,NOT_RUN,PRE_CROP_RANGE_FROZEN_V1
42,BIO26-L42,علم البيئة,انتقال الطاقة في النظام البيئي,196,196,195,1,10,TAH-BIO-BIO26-L42-Q010,BIO26-PDF196-L42-S1-Q010,السلاسل والشبكات الغذائية والأدوار التغذوية,BIO26-M27,العلاقات البيئية وانتقال الطاقة ودورات المواد,BIO26-S27-02,السلاسل والشبكات الغذائية والأدوار التغذوية,تجميعات الأحياء 2026 — مفتاح الإجابة في PDF p.196,C,2,NOT_STARTED,,NOT_RUN,PRE_CROP_RANGE_FROZEN_V1
42,BIO26-L42,علم البيئة,انتقال الطاقة في النظام البيئي,196,196,195,1,11,TAH-BIO-BIO26-L42-Q011,BIO26-PDF196-L42-S1-Q011,السلاسل والشبكات الغذائية والأدوار التغذوية,BIO26-M27,العلاقات البيئية وانتقال الطاقة ودورات المواد,BIO26-S27-02,السلاسل والشبكات الغذائية والأدوار التغذوية,تجميعات الأحياء 2026 — مفتاح الإجابة في PDF p.196,A,0,NOT_STARTED,,NOT_RUN,PRE_CROP_RANGE_FROZEN_V1
42,BIO26-L42,علم البيئة,انتقال الطاقة في النظام البيئي,196,196,195,1,12,TAH-BIO-BIO26-L42-Q012,BIO26-PDF196-L42-S1-Q012,السلاسل والشبكات الغذائية والأدوار التغذوية,BIO26-M27,العلاقات البيئية وانتقال الطاقة ودورات المواد,BIO26-S27-02,السلاسل والشبكات الغذائية والأدوار التغذوية,تجميعات الأحياء 2026 — مفتاح الإجابة في PDF p.196,A,0,NOT_STARTED,,NOT_RUN,PRE_CROP_RANGE_FROZEN_V1
42,BIO26-L42,علم البيئة,انتقال الطاقة في النظام البيئي,196,196,195,1,13,TAH-BIO-BIO26-L42-Q013,BIO26-PDF196-L42-S1-Q013,السلاسل والشبكات الغذائية والأدوار التغذوية,BIO26-M27,العلاقات البيئية وانتقال الطاقة ودورات المواد,BIO26-S27-02,السلاسل والشبكات الغذائية والأدوار التغذوية,تجميعات الأحياء 2026 — مفتاح الإجابة في PDF p.196,A,0,NOT_STARTED,,NOT_RUN,PRE_CROP_RANGE_FROZEN_V1
42,BIO26-L42,علم البيئة,انتقال الطاقة في النظام البيئي,196,196,195,1,14,TAH-BIO-BIO26-L42-Q014,BIO26-PDF196-L42-S1-Q014,السلاسل والشبكات الغذائية والأدوار التغذوية,BIO26-M27,العلاقات البيئية وانتقال الطاقة ودورات المواد,BIO26-S27-02,السلاسل والشبكات الغذائية والأدوار التغذوية,تجميعات الأحياء 2026 — مفتاح الإجابة في PDF p.196,A,0,NOT_STARTED,,NOT_RUN,PRE_CROP_RANGE_FROZEN_V1
42,BIO26-L42,علم البيئة,انتقال الطاقة في النظام البيئي,196,196,195,1,15,TAH-BIO-BIO26-L42-Q015,BIO26-PDF196-L42-S1-Q015,السلاسل والشبكات الغذائية والأدوار التغذوية,BIO26-M27,العلاقات البيئية وانتقال الطاقة ودورات المواد,BIO26-S27-02,السلاسل والشبكات الغذائية والأدوار التغذوية,تجميعات الأحياء 2026 — مفتاح الإجابة في PDF p.196,B,1,NOT_STARTED,,NOT_RUN,PRE_CROP_RANGE_FROZEN_V1
42,BIO26-L42,علم البيئة,انتقال الطاقة في النظام البيئي,196,196,195,1,16,TAH-BIO-BIO26-L42-Q016,BIO26-PDF196-L42-S1-Q016,انتقال الطاقة والأهرام البيئية والإنتاجية,BIO26-M27,العلاقات البيئية وانتقال الطاقة ودورات المواد,BIO26-S27-03,انتقال الطاقة والأهرام البيئية والإنتاجية,تجميعات الأحياء 2026 — مفتاح الإجابة في PDF p.196,B,1,NOT_STARTED,,NOT_RUN,PRE_CROP_RANGE_FROZEN_V1
42,BIO26-L42,علم البيئة,انتقال الطاقة في النظام البيئي,196,196,195,1,17,TAH-BIO-BIO26-L42-Q017,BIO26-PDF196-L42-S1-Q017,انتقال الطاقة والأهرام البيئية والإنتاجية,BIO26-M27,العلاقات البيئية وانتقال الطاقة ودورات المواد,BIO26-S27-03,انتقال الطاقة والأهرام البيئية والإنتاجية,تجميعات الأحياء 2026 — مفتاح الإجابة في PDF p.196,C,2,NOT_STARTED,,NOT_RUN,PRE_CROP_RANGE_FROZEN_V1
42,BIO26-L42,علم البيئة,انتقال الطاقة في النظام البيئي,196,196,195,1,18,TAH-BIO-BIO26-L42-Q018,BIO26-PDF196-L42-S1-Q018,انتقال الطاقة والأهرام البيئية والإنتاجية,BIO26-M27,العلاقات البيئية وانتقال الطاقة ودورات المواد,BIO26-S27-03,انتقال الطاقة والأهرام البيئية والإنتاجية,تجميعات الأحياء 2026 — مفتاح الإجابة في PDF p.196,D,3,NOT_STARTED,,NOT_RUN,PRE_CROP_RANGE_FROZEN_V1
42,BIO26-L42,علم البيئة,انتقال الطاقة في النظام البيئي,196,196,195,1,19,TAH-BIO-BIO26-L42-Q019,BIO26-PDF196-L42-S1-Q019,انتقال الطاقة والأهرام البيئية والإنتاجية,BIO26-M27,العلاقات البيئية وانتقال الطاقة ودورات المواد,BIO26-S27-03,انتقال الطاقة والأهرام البيئية والإنتاجية,تجميعات الأحياء 2026 — مفتاح الإجابة في PDF p.196,B,1,NOT_STARTED,,NOT_RUN,PRE_CROP_RANGE_FROZEN_V1
42,BIO26-L42,علم البيئة,انتقال الطاقة في النظام البيئي,197,197,196,1,20,TAH-BIO-BIO26-L42-Q020,BIO26-PDF197-L42-S1-Q020,انتقال الطاقة والأهرام البيئية والإنتاجية,BIO26-M27,العلاقات البيئية وانتقال الطاقة ودورات المواد,BIO26-S27-03,انتقال الطاقة والأهرام البيئية والإنتاجية,تجميعات الأحياء 2026 — مفتاح الإجابة في PDF p.197,C,2,NOT_STARTED,,NOT_RUN,PRE_CROP_RANGE_FROZEN_V1
42,BIO26-L42,علم البيئة,انتقال الطاقة في النظام البيئي,197,197,196,1,21,TAH-BIO-BIO26-L42-Q021,BIO26-PDF197-L42-S1-Q021,انتقال الطاقة والأهرام البيئية والإنتاجية,BIO26-M27,العلاقات البيئية وانتقال الطاقة ودورات المواد,BIO26-S27-03,انتقال الطاقة والأهرام البيئية والإنتاجية,تجميعات الأحياء 2026 — مفتاح الإجابة في PDF p.197,B,1,NOT_STARTED,,NOT_RUN,PRE_CROP_RANGE_FROZEN_V1
42,BIO26-L42,علم البيئة,انتقال الطاقة في النظام البيئي,197,197,196,1,22,TAH-BIO-BIO26-L42-Q022,BIO26-PDF197-L42-S1-Q022,انتقال الطاقة والأهرام البيئية والإنتاجية,BIO26-M27,العلاقات البيئية وانتقال الطاقة ودورات المواد,BIO26-S27-03,انتقال الطاقة والأهرام البيئية والإنتاجية,تجميعات الأحياء 2026 — مفتاح الإجابة في PDF p.197,A,0,NOT_STARTED,,NOT_RUN,PRE_CROP_RANGE_FROZEN_V1
42,BIO26-L42,علم البيئة,انتقال الطاقة في النظام البيئي,197,197,196,1,23,TAH-BIO-BIO26-L42-Q023,BIO26-PDF197-L42-S1-Q023,انتقال الطاقة والأهرام البيئية والإنتاجية,BIO26-M27,العلاقات البيئية وانتقال الطاقة ودورات المواد,BIO26-S27-03,انتقال الطاقة والأهرام البيئية والإنتاجية,تجميعات الأحياء 2026 — مفتاح الإجابة في PDF p.197,B,1,NOT_STARTED,,NOT_RUN,PRE_CROP_RANGE_FROZEN_V1
42,BIO26-L42,علم البيئة,انتقال الطاقة في النظام البيئي,197,197,196,1,24,TAH-BIO-BIO26-L42-Q024,BIO26-PDF197-L42-S1-Q024,انتقال الطاقة والأهرام البيئية والإنتاجية,BIO26-M27,العلاقات البيئية وانتقال الطاقة ودورات المواد,BIO26-S27-03,انتقال الطاقة والأهرام البيئية والإنتاجية,تجميعات الأحياء 2026 — مفتاح الإجابة في PDF p.197,B,1,NOT_STARTED,,NOT_RUN,PRE_CROP_RANGE_FROZEN_V1
42,BIO26-L42,علم البيئة,انتقال الطاقة في النظام البيئي,197,197,196,1,25,TAH-BIO-BIO26-L42-Q025,BIO26-PDF197-L42-S1-Q025,انتقال الطاقة والأهرام البيئية والإنتاجية,BIO26-M27,العلاقات البيئية وانتقال الطاقة ودورات المواد,BIO26-S27-03,انتقال الطاقة والأهرام البيئية والإنتاجية,تجميعات الأحياء 2026 — مفتاح الإجابة في PDF p.197,C,2,NOT_STARTED,,NOT_RUN,PRE_CROP_RANGE_FROZEN_V1
42,BIO26-L42,علم البيئة,انتقال الطاقة في النظام البيئي,197,197,196,1,26,TAH-BIO-BIO26-L42-Q026,BIO26-PDF197-L42-S1-Q026,انتقال الطاقة والأهرام البيئية والإنتاجية,BIO26-M27,العلاقات البيئية وانتقال الطاقة ودورات المواد,BIO26-S27-03,انتقال الطاقة والأهرام البيئية والإنتاجية,تجميعات الأحياء 2026 — مفتاح الإجابة في PDF p.197,C,2,NOT_STARTED,,NOT_RUN,PRE_CROP_RANGE_FROZEN_V1
42,BIO26-L42,علم البيئة,انتقال الطاقة في النظام البيئي,197,197,196,1,27,TAH-BIO-BIO26-L42-Q027,BIO26-PDF197-L42-S1-Q027,انتقال الطاقة والأهرام البيئية والإنتاجية,BIO26-M27,العلاقات البيئية وانتقال الطاقة ودورات المواد,BIO26-S27-03,انتقال الطاقة والأهرام البيئية والإنتاجية,تجميعات الأحياء 2026 — مفتاح الإجابة في PDF p.197,B,1,NOT_STARTED,,NOT_RUN,PRE_CROP_RANGE_FROZEN_V1
42,BIO26-L42,علم البيئة,انتقال الطاقة في النظام البيئي,197,197,196,1,28,TAH-BIO-BIO26-L42-Q028,BIO26-PDF197-L42-S1-Q028,انتقال الطاقة والأهرام البيئية والإنتاجية,BIO26-M27,العلاقات البيئية وانتقال الطاقة ودورات المواد,BIO26-S27-03,انتقال الطاقة والأهرام البيئية والإنتاجية,تجميعات الأحياء 2026 — مفتاح الإجابة في PDF p.197,B,1,NOT_STARTED,,NOT_RUN,PRE_CROP_RANGE_FROZEN_V1
42,BIO26-L42,علم البيئة,انتقال الطاقة في النظام البيئي,197,197,196,1,29,TAH-BIO-BIO26-L42-Q029,BIO26-PDF197-L42-S1-Q029,انتقال الطاقة والأهرام البيئية والإنتاجية,BIO26-M27,العلاقات البيئية وانتقال الطاقة ودورات المواد,BIO26-S27-03,انتقال الطاقة والأهرام البيئية والإنتاجية,تجميعات الأحياء 2026 — مفتاح الإجابة في PDF p.197,A,0,NOT_STARTED,,NOT_RUN,PRE_CROP_RANGE_FROZEN_V1
42,BIO26-L42,علم البيئة,انتقال الطاقة في النظام البيئي,198,198,197,1,30,TAH-BIO-BIO26-L42-Q030,BIO26-PDF198-L42-S1-Q030,انتقال الطاقة والأهرام البيئية والإنتاجية,BIO26-M27,العلاقات البيئية وانتقال الطاقة ودورات المواد,BIO26-S27-03,انتقال الطاقة والأهرام البيئية والإنتاجية,تجميعات الأحياء 2026 — مفتاح الإجابة في PDF p.198,D,3,NOT_STARTED,,NOT_RUN,PRE_CROP_RANGE_FROZEN_V1
42,BIO26-L42,علم البيئة,انتقال الطاقة في النظام البيئي,198,198,197,1,31,TAH-BIO-BIO26-L42-Q031,BIO26-PDF198-L42-S1-Q031,انتقال الطاقة والأهرام البيئية والإنتاجية,BIO26-M27,العلاقات البيئية وانتقال الطاقة ودورات المواد,BIO26-S27-03,انتقال الطاقة والأهرام البيئية والإنتاجية,تجميعات الأحياء 2026 — مفتاح الإجابة في PDF p.198,C,2,NOT_STARTED,,NOT_RUN,PRE_CROP_RANGE_FROZEN_V1
42,BIO26-L42,علم البيئة,انتقال الطاقة في النظام البيئي,198,198,197,1,32,TAH-BIO-BIO26-L42-Q032,BIO26-PDF198-L42-S1-Q032,انتقال الطاقة والأهرام البيئية والإنتاجية,BIO26-M27,العلاقات البيئية وانتقال الطاقة ودورات المواد,BIO26-S27-03,انتقال الطاقة والأهرام البيئية والإنتاجية,تجميعات الأحياء 2026 — مفتاح الإجابة في PDF p.198,A,0,NOT_STARTED,,NOT_RUN,PRE_CROP_RANGE_FROZEN_V1
42,BIO26-L42,علم البيئة,انتقال الطاقة في النظام البيئي,198,198,197,1,33,TAH-BIO-BIO26-L42-Q033,BIO26-PDF198-L42-S1-Q033,انتقال الطاقة والأهرام البيئية والإنتاجية,BIO26-M27,العلاقات البيئية وانتقال الطاقة ودورات المواد,BIO26-S27-03,انتقال الطاقة والأهرام البيئية والإنتاجية,تجميعات الأحياء 2026 — مفتاح الإجابة في PDF p.198,A,0,NOT_STARTED,,NOT_RUN,PRE_CROP_RANGE_FROZEN_V1
42,BIO26-L42,علم البيئة,انتقال الطاقة في النظام البيئي,198,198,197,1,34,TAH-BIO-BIO26-L42-Q034,BIO26-PDF198-L42-S1-Q034,انتقال الطاقة والأهرام البيئية والإنتاجية,BIO26-M27,العلاقات البيئية وانتقال الطاقة ودورات المواد,BIO26-S27-03,انتقال الطاقة والأهرام البيئية والإنتاجية,تجميعات الأحياء 2026 — مفتاح الإجابة في PDF p.198,A,0,NOT_STARTED,,NOT_RUN,PRE_CROP_RANGE_FROZEN_V1
42,BIO26-L42,علم البيئة,انتقال الطاقة في النظام البيئي,198,198,197,1,35,TAH-BIO-BIO26-L42-Q035,BIO26-PDF198-L42-S1-Q035,انتقال الطاقة والأهرام البيئية والإنتاجية,BIO26-M27,العلاقات البيئية وانتقال الطاقة ودورات المواد,BIO26-S27-03,انتقال الطاقة والأهرام البيئية والإنتاجية,تجميعات الأحياء 2026 — مفتاح الإجابة في PDF p.198,D,3,NOT_STARTED,,NOT_RUN,PRE_CROP_RANGE_FROZEN_V1
42,BIO26-L42,علم البيئة,انتقال الطاقة في النظام البيئي,198,198,197,1,36,TAH-BIO-BIO26-L42-Q036,BIO26-PDF198-L42-S1-Q036,انتقال الطاقة والأهرام البيئية والإنتاجية,BIO26-M27,العلاقات البيئية وانتقال الطاقة ودورات المواد,BIO26-S27-03,انتقال الطاقة والأهرام البيئية والإنتاجية,تجميعات الأحياء 2026 — مفتاح الإجابة في PDF p.198,D,3,NOT_STARTED,,NOT_RUN,PRE_CROP_RANGE_FROZEN_V1
42,BIO26-L42,علم البيئة,انتقال الطاقة في النظام البيئي,198,198,197,1,37,TAH-BIO-BIO26-L42-Q037,BIO26-PDF198-L42-S1-Q037,انتقال الطاقة والأهرام البيئية والإنتاجية,BIO26-M27,العلاقات البيئية وانتقال الطاقة ودورات المواد,BIO26-S27-03,انتقال الطاقة والأهرام البيئية والإنتاجية,تجميعات الأحياء 2026 — مفتاح الإجابة في PDF p.198,D,3,NOT_STARTED,,NOT_RUN,PRE_CROP_RANGE_FROZEN_V1
42,BIO26-L42,علم البيئة,انتقال الطاقة في النظام البيئي,199,199,198,1,38,TAH-BIO-BIO26-L42-Q038,BIO26-PDF199-L42-S1-Q038,انتقال الطاقة والأهرام البيئية والإنتاجية,BIO26-M27,العلاقات البيئية وانتقال الطاقة ودورات المواد,BIO26-S27-03,انتقال الطاقة والأهرام البيئية والإنتاجية,تجميعات الأحياء 2026 — مفتاح الإجابة في PDF p.199,A,0,NOT_STARTED,,NOT_RUN,PRE_CROP_RANGE_FROZEN_V1
42,BIO26-L42,علم البيئة,انتقال الطاقة في النظام البيئي,199,199,198,1,39,TAH-BIO-BIO26-L42-Q039,BIO26-PDF199-L42-S1-Q039,انتقال الطاقة والأهرام البيئية والإنتاجية,BIO26-M27,العلاقات البيئية وانتقال الطاقة ودورات المواد,BIO26-S27-03,انتقال الطاقة والأهرام البيئية والإنتاجية,تجميعات الأحياء 2026 — مفتاح الإجابة في PDF p.199,C,2,NOT_STARTED,,NOT_RUN,PRE_CROP_RANGE_FROZEN_V1
42,BIO26-L42,علم البيئة,انتقال الطاقة في النظام البيئي,199,199,198,1,40,TAH-BIO-BIO26-L42-Q040,BIO26-PDF199-L42-S1-Q040,انتقال الطاقة والأهرام البيئية والإنتاجية,BIO26-M27,العلاقات البيئية وانتقال الطاقة ودورات المواد,BIO26-S27-03,انتقال الطاقة والأهرام البيئية والإنتاجية,تجميعات الأحياء 2026 — مفتاح الإجابة في PDF p.199,C,2,NOT_STARTED,,NOT_RUN,PRE_CROP_RANGE_FROZEN_V1
42,BIO26-L42,علم البيئة,انتقال الطاقة في النظام البيئي,199,199,198,1,41,TAH-BIO-BIO26-L42-Q041,BIO26-PDF199-L42-S1-Q041,انتقال الطاقة والأهرام البيئية والإنتاجية,BIO26-M27,العلاقات البيئية وانتقال الطاقة ودورات المواد,BIO26-S27-03,انتقال الطاقة والأهرام البيئية والإنتاجية,تجميعات الأحياء 2026 — مفتاح الإجابة في PDF p.199,D,3,NOT_STARTED,,NOT_RUN,PRE_CROP_RANGE_FROZEN_V1
42,BIO26-L42,علم البيئة,انتقال الطاقة في النظام البيئي,199,199,198,1,42,TAH-BIO-BIO26-L42-Q042,BIO26-PDF199-L42-S1-Q042,انتقال الطاقة والأهرام البيئية والإنتاجية,BIO26-M27,العلاقات البيئية وانتقال الطاقة ودورات المواد,BIO26-S27-03,انتقال الطاقة والأهرام البيئية والإنتاجية,تجميعات الأحياء 2026 — مفتاح الإجابة في PDF p.199,A,0,NOT_STARTED,,NOT_RUN,PRE_CROP_RANGE_FROZEN_V1
42,BIO26-L42,علم البيئة,انتقال الطاقة في النظام البيئي,199,199,198,1,43,TAH-BIO-BIO26-L42-Q043,BIO26-PDF199-L42-S1-Q043,انتقال الطاقة والأهرام البيئية والإنتاجية,BIO26-M27,العلاقات البيئية وانتقال الطاقة ودورات المواد,BIO26-S27-03,انتقال الطاقة والأهرام البيئية والإنتاجية,تجميعات الأحياء 2026 — مفتاح الإجابة في PDF p.199,B,1,NOT_STARTED,,NOT_RUN,PRE_CROP_RANGE_FROZEN_V1
42,BIO26-L42,علم البيئة,انتقال الطاقة في النظام البيئي,199,199,198,1,44,TAH-BIO-BIO26-L42-Q044,BIO26-PDF199-L42-S1-Q044,انتقال الطاقة والأهرام البيئية والإنتاجية,BIO26-M27,العلاقات البيئية وانتقال الطاقة ودورات المواد,BIO26-S27-03,انتقال الطاقة والأهرام البيئية والإنتاجية,تجميعات الأحياء 2026 — مفتاح الإجابة في PDF p.199,A,0,NOT_STARTED,,NOT_RUN,PRE_CROP_RANGE_FROZEN_V1
42,BIO26-L42,علم البيئة,انتقال الطاقة في النظام البيئي,199,199,198,1,45,TAH-BIO-BIO26-L42-Q045,BIO26-PDF199-L42-S1-Q045,انتقال الطاقة والأهرام البيئية والإنتاجية,BIO26-M27,العلاقات البيئية وانتقال الطاقة ودورات المواد,BIO26-S27-03,انتقال الطاقة والأهرام البيئية والإنتاجية,تجميعات الأحياء 2026 — مفتاح الإجابة في PDF p.199,C,2,NOT_STARTED,,NOT_RUN,PRE_CROP_RANGE_FROZEN_V1
42,BIO26-L42,علم البيئة,انتقال الطاقة في النظام البيئي,200,200,199,1,46,TAH-BIO-BIO26-L42-Q046,BIO26-PDF200-L42-S1-Q046,انتقال الطاقة والأهرام البيئية والإنتاجية,BIO26-M27,العلاقات البيئية وانتقال الطاقة ودورات المواد,BIO26-S27-03,انتقال الطاقة والأهرام البيئية والإنتاجية,تجميعات الأحياء 2026 — مفتاح الإجابة في PDF p.200,B,1,NOT_STARTED,,NOT_RUN,PRE_CROP_RANGE_FROZEN_V1
42,BIO26-L42,علم البيئة,انتقال الطاقة في النظام البيئي,200,200,199,1,47,TAH-BIO-BIO26-L42-Q047,BIO26-PDF200-L42-S1-Q047,انتقال الطاقة والأهرام البيئية والإنتاجية,BIO26-M27,العلاقات البيئية وانتقال الطاقة ودورات المواد,BIO26-S27-03,انتقال الطاقة والأهرام البيئية والإنتاجية,تجميعات الأحياء 2026 — مفتاح الإجابة في PDF p.200,B,1,NOT_STARTED,,NOT_RUN,PRE_CROP_RANGE_FROZEN_V1
42,BIO26-L42,علم البيئة,انتقال الطاقة في النظام البيئي,200,200,199,1,48,TAH-BIO-BIO26-L42-Q048,BIO26-PDF200-L42-S1-Q048,انتقال الطاقة والأهرام البيئية والإنتاجية,BIO26-M27,العلاقات البيئية وانتقال الطاقة ودورات المواد,BIO26-S27-03,انتقال الطاقة والأهرام البيئية والإنتاجية,تجميعات الأحياء 2026 — مفتاح الإجابة في PDF p.200,C,2,NOT_STARTED,,NOT_RUN,PRE_CROP_RANGE_FROZEN_V1
42,BIO26-L42,علم البيئة,انتقال الطاقة في النظام البيئي,201,201,200,2,49,TAH-BIO-BIO26-L42-Q049,BIO26-PDF201-L42-S2-Q049,السلاسل والشبكات الغذائية والأدوار التغذوية,BIO26-M27,العلاقات البيئية وانتقال الطاقة ودورات المواد,BIO26-S27-02,السلاسل والشبكات الغذائية والأدوار التغذوية,تجميعات الأحياء 2026 — مفتاح الإجابة في PDF p.201,B,1,NOT_STARTED,,NOT_RUN,PRE_CROP_RANGE_FROZEN_V1
42,BIO26-L42,علم البيئة,انتقال الطاقة في النظام البيئي,201,201,200,2,50,TAH-BIO-BIO26-L42-Q050,BIO26-PDF201-L42-S2-Q050,السلاسل والشبكات الغذائية والأدوار التغذوية,BIO26-M27,العلاقات البيئية وانتقال الطاقة ودورات المواد,BIO26-S27-02,السلاسل والشبكات الغذائية والأدوار التغذوية,تجميعات الأحياء 2026 — مفتاح الإجابة في PDF p.201,B,1,NOT_STARTED,,NOT_RUN,PRE_CROP_RANGE_FROZEN_V1
42,BIO26-L42,علم البيئة,انتقال الطاقة في النظام البيئي,201,201,200,2,51,TAH-BIO-BIO26-L42-Q051,BIO26-PDF201-L42-S2-Q051,السلاسل والشبكات الغذائية والأدوار التغذوية,BIO26-M27,العلاقات البيئية وانتقال الطاقة ودورات المواد,BIO26-S27-02,السلاسل والشبكات الغذائية والأدوار التغذوية,تجميعات الأحياء 2026 — مفتاح الإجابة في PDF p.201,D,3,NOT_STARTED,,NOT_RUN,PRE_CROP_RANGE_FROZEN_V1
42,BIO26-L42,علم البيئة,انتقال الطاقة في النظام البيئي,201,201,200,2,52,TAH-BIO-BIO26-L42-Q052,BIO26-PDF201-L42-S2-Q052,السلاسل والشبكات الغذائية والأدوار التغذوية,BIO26-M27,العلاقات البيئية وانتقال الطاقة ودورات المواد,BIO26-S27-02,السلاسل والشبكات الغذائية والأدوار التغذوية,تجميعات الأحياء 2026 — مفتاح الإجابة في PDF p.201,C,2,NOT_STARTED,,NOT_RUN,PRE_CROP_RANGE_FROZEN_V1
42,BIO26-L42,علم البيئة,انتقال الطاقة في النظام البيئي,201,201,200,2,53,TAH-BIO-BIO26-L42-Q053,BIO26-PDF201-L42-S2-Q053,السلاسل والشبكات الغذائية والأدوار التغذوية,BIO26-M27,العلاقات البيئية وانتقال الطاقة ودورات المواد,BIO26-S27-02,السلاسل والشبكات الغذائية والأدوار التغذوية,تجميعات الأحياء 2026 — مفتاح الإجابة في PDF p.201,C,2,NOT_STARTED,,NOT_RUN,PRE_CROP_RANGE_FROZEN_V1
42,BIO26-L42,علم البيئة,انتقال الطاقة في النظام البيئي,201,201,200,2,54,TAH-BIO-BIO26-L42-Q054,BIO26-PDF201-L42-S2-Q054,السلاسل والشبكات الغذائية والأدوار التغذوية,BIO26-M27,العلاقات البيئية وانتقال الطاقة ودورات المواد,BIO26-S27-02,السلاسل والشبكات الغذائية والأدوار التغذوية,تجميعات الأحياء 2026 — مفتاح الإجابة في PDF p.201,B,1,NOT_STARTED,,NOT_RUN,PRE_CROP_RANGE_FROZEN_V1
42,BIO26-L42,علم البيئة,انتقال الطاقة في النظام البيئي,201,201,200,2,55,TAH-BIO-BIO26-L42-Q055,BIO26-PDF201-L42-S2-Q055,السلاسل والشبكات الغذائية والأدوار التغذوية,BIO26-M27,العلاقات البيئية وانتقال الطاقة ودورات المواد,BIO26-S27-02,السلاسل والشبكات الغذائية والأدوار التغذوية,تجميعات الأحياء 2026 — مفتاح الإجابة في PDF p.201,D,3,NOT_STARTED,,NOT_RUN,PRE_CROP_RANGE_FROZEN_V1
42,BIO26-L42,علم البيئة,انتقال الطاقة في النظام البيئي,201,201,200,2,56,TAH-BIO-BIO26-L42-Q056,BIO26-PDF201-L42-S2-Q056,انتقال الطاقة والأهرام البيئية والإنتاجية,BIO26-M27,العلاقات البيئية وانتقال الطاقة ودورات المواد,BIO26-S27-03,انتقال الطاقة والأهرام البيئية والإنتاجية,تجميعات الأحياء 2026 — مفتاح الإجابة في PDF p.201,A,0,NOT_STARTED,,NOT_RUN,PRE_CROP_RANGE_FROZEN_V1
42,BIO26-L42,علم البيئة,انتقال الطاقة في النظام البيئي,201,201,200,2,57,TAH-BIO-BIO26-L42-Q057,BIO26-PDF201-L42-S2-Q057,انتقال الطاقة والأهرام البيئية والإنتاجية,BIO26-M27,العلاقات البيئية وانتقال الطاقة ودورات المواد,BIO26-S27-03,انتقال الطاقة والأهرام البيئية والإنتاجية,تجميعات الأحياء 2026 — مفتاح الإجابة في PDF p.201,A,0,NOT_STARTED,,NOT_RUN,PRE_CROP_RANGE_FROZEN_V1
42,BIO26-L42,علم البيئة,انتقال الطاقة في النظام البيئي,201,201,200,2,58,TAH-BIO-BIO26-L42-Q058,BIO26-PDF201-L42-S2-Q058,انتقال الطاقة والأهرام البيئية والإنتاجية,BIO26-M27,العلاقات البيئية وانتقال الطاقة ودورات المواد,BIO26-S27-03,انتقال الطاقة والأهرام البيئية والإنتاجية,تجميعات الأحياء 2026 — مفتاح الإجابة في PDF p.201,D,3,NOT_STARTED,,NOT_RUN,PRE_CROP_RANGE_FROZEN_V1
42,BIO26-L42,علم البيئة,انتقال الطاقة في النظام البيئي,201,201,200,2,59,TAH-BIO-BIO26-L42-Q059,BIO26-PDF201-L42-S2-Q059,انتقال الطاقة والأهرام البيئية والإنتاجية,BIO26-M27,العلاقات البيئية وانتقال الطاقة ودورات المواد,BIO26-S27-03,انتقال الطاقة والأهرام البيئية والإنتاجية,تجميعات الأحياء 2026 — مفتاح الإجابة في PDF p.201,C,2,NOT_STARTED,,NOT_RUN,PRE_CROP_RANGE_FROZEN_V1
42,BIO26-L42,علم البيئة,انتقال الطاقة في النظام البيئي,201,201,200,2,60,TAH-BIO-BIO26-L42-Q060,BIO26-PDF201-L42-S2-Q060,انتقال الطاقة والأهرام البيئية والإنتاجية,BIO26-M27,العلاقات البيئية وانتقال الطاقة ودورات المواد,BIO26-S27-03,انتقال الطاقة والأهرام البيئية والإنتاجية,تجميعات الأحياء 2026 — مفتاح الإجابة في PDF p.201,B,1,NOT_STARTED,,NOT_RUN,PRE_CROP_RANGE_FROZEN_V1
42,BIO26-L42,علم البيئة,انتقال الطاقة في النظام البيئي,201,201,200,2,61,TAH-BIO-BIO26-L42-Q061,BIO26-PDF201-L42-S2-Q061,انتقال الطاقة والأهرام البيئية والإنتاجية,BIO26-M27,العلاقات البيئية وانتقال الطاقة ودورات المواد,BIO26-S27-03,انتقال الطاقة والأهرام البيئية والإنتاجية,تجميعات الأحياء 2026 — مفتاح الإجابة في PDF p.201,A,0,NOT_STARTED,,NOT_RUN,PRE_CROP_RANGE_FROZEN_V1
42,BIO26-L42,علم البيئة,انتقال الطاقة في النظام البيئي,201,201,200,2,62,TAH-BIO-BIO26-L42-Q062,BIO26-PDF201-L42-S2-Q062,انتقال الطاقة والأهرام البيئية والإنتاجية,BIO26-M27,العلاقات البيئية وانتقال الطاقة ودورات المواد,BIO26-S27-03,انتقال الطاقة والأهرام البيئية والإنتاجية,تجميعات الأحياء 2026 — مفتاح الإجابة في PDF p.201,D,3,NOT_STARTED,,NOT_RUN,PRE_CROP_RANGE_FROZEN_V1
43,BIO26-L43,علم البيئة,تدوير المواد,202,202,201,1,1,TAH-BIO-BIO26-L43-Q001,BIO26-PDF202-L43-S1-Q001,دورات الماء والكربون والأكسجين والنيتروجين والفوسفور,BIO26-M27,العلاقات البيئية وانتقال الطاقة ودورات المواد,BIO26-S27-04,دورات الماء والكربون والأكسجين والنيتروجين والفوسفور,تجميعات الأحياء 2026 — مفتاح الإجابة في PDF p.202,D,3,NOT_STARTED,,NOT_RUN,PRE_CROP_RANGE_FROZEN_V1
43,BIO26-L43,علم البيئة,تدوير المواد,202,202,201,1,2,TAH-BIO-BIO26-L43-Q002,BIO26-PDF202-L43-S1-Q002,دورات الماء والكربون والأكسجين والنيتروجين والفوسفور,BIO26-M27,العلاقات البيئية وانتقال الطاقة ودورات المواد,BIO26-S27-04,دورات الماء والكربون والأكسجين والنيتروجين والفوسفور,تجميعات الأحياء 2026 — مفتاح الإجابة في PDF p.202,D,3,NOT_STARTED,,NOT_RUN,PRE_CROP_RANGE_FROZEN_V1
43,BIO26-L43,علم البيئة,تدوير المواد,202,202,201,1,3,TAH-BIO-BIO26-L43-Q003,BIO26-PDF202-L43-S1-Q003,دورات الماء والكربون والأكسجين والنيتروجين والفوسفور,BIO26-M27,العلاقات البيئية وانتقال الطاقة ودورات المواد,BIO26-S27-04,دورات الماء والكربون والأكسجين والنيتروجين والفوسفور,تجميعات الأحياء 2026 — مفتاح الإجابة في PDF p.202,D,3,NOT_STARTED,,NOT_RUN,PRE_CROP_RANGE_FROZEN_V1
43,BIO26-L43,علم البيئة,تدوير المواد,202,202,201,1,4,TAH-BIO-BIO26-L43-Q004,BIO26-PDF202-L43-S1-Q004,دورات الماء والكربون والأكسجين والنيتروجين والفوسفور,BIO26-M27,العلاقات البيئية وانتقال الطاقة ودورات المواد,BIO26-S27-04,دورات الماء والكربون والأكسجين والنيتروجين والفوسفور,تجميعات الأحياء 2026 — مفتاح الإجابة في PDF p.202,C,2,NOT_STARTED,,NOT_RUN,PRE_CROP_RANGE_FROZEN_V1
43,BIO26-L43,علم البيئة,تدوير المواد,202,202,201,1,5,TAH-BIO-BIO26-L43-Q005,BIO26-PDF202-L43-S1-Q005,دورات الماء والكربون والأكسجين والنيتروجين والفوسفور,BIO26-M27,العلاقات البيئية وانتقال الطاقة ودورات المواد,BIO26-S27-04,دورات الماء والكربون والأكسجين والنيتروجين والفوسفور,تجميعات الأحياء 2026 — مفتاح الإجابة في PDF p.202,A,0,NOT_STARTED,,NOT_RUN,PRE_CROP_RANGE_FROZEN_V1
43,BIO26-L43,علم البيئة,تدوير المواد,202,202,201,1,6,TAH-BIO-BIO26-L43-Q006,BIO26-PDF202-L43-S1-Q006,دورات الماء والكربون والأكسجين والنيتروجين والفوسفور,BIO26-M27,العلاقات البيئية وانتقال الطاقة ودورات المواد,BIO26-S27-04,دورات الماء والكربون والأكسجين والنيتروجين والفوسفور,تجميعات الأحياء 2026 — مفتاح الإجابة في PDF p.202,B,1,NOT_STARTED,,NOT_RUN,PRE_CROP_RANGE_FROZEN_V1
43,BIO26-L43,علم البيئة,تدوير المواد,202,202,201,1,7,TAH-BIO-BIO26-L43-Q007,BIO26-PDF202-L43-S1-Q007,دورات الماء والكربون والأكسجين والنيتروجين والفوسفور,BIO26-M27,العلاقات البيئية وانتقال الطاقة ودورات المواد,BIO26-S27-04,دورات الماء والكربون والأكسجين والنيتروجين والفوسفور,تجميعات الأحياء 2026 — مفتاح الإجابة في PDF p.202,C,2,NOT_STARTED,,NOT_RUN,PRE_CROP_RANGE_FROZEN_V1
43,BIO26-L43,علم البيئة,تدوير المواد,202,202,201,1,8,TAH-BIO-BIO26-L43-Q008,BIO26-PDF202-L43-S1-Q008,دورات الماء والكربون والأكسجين والنيتروجين والفوسفور,BIO26-M27,العلاقات البيئية وانتقال الطاقة ودورات المواد,BIO26-S27-04,دورات الماء والكربون والأكسجين والنيتروجين والفوسفور,تجميعات الأحياء 2026 — مفتاح الإجابة في PDF p.202,C,2,NOT_STARTED,,NOT_RUN,PRE_CROP_RANGE_FROZEN_V1
43,BIO26-L43,علم البيئة,تدوير المواد,202,202,201,1,9,TAH-BIO-BIO26-L43-Q009,BIO26-PDF202-L43-S1-Q009,دورات الماء والكربون والأكسجين والنيتروجين والفوسفور,BIO26-M27,العلاقات البيئية وانتقال الطاقة ودورات المواد,BIO26-S27-04,دورات الماء والكربون والأكسجين والنيتروجين والفوسفور,تجميعات الأحياء 2026 — مفتاح الإجابة في PDF p.202,D,3,NOT_STARTED,,NOT_RUN,PRE_CROP_RANGE_FROZEN_V1
43,BIO26-L43,علم البيئة,تدوير المواد,202,202,201,1,10,TAH-BIO-BIO26-L43-Q010,BIO26-PDF202-L43-S1-Q010,دورات الماء والكربون والأكسجين والنيتروجين والفوسفور,BIO26-M27,العلاقات البيئية وانتقال الطاقة ودورات المواد,BIO26-S27-04,دورات الماء والكربون والأكسجين والنيتروجين والفوسفور,تجميعات الأحياء 2026 — مفتاح الإجابة في PDF p.202,C,2,NOT_STARTED,,NOT_RUN,PRE_CROP_RANGE_FROZEN_V1
43,BIO26-L43,علم البيئة,تدوير المواد,202,202,201,1,11,TAH-BIO-BIO26-L43-Q011,BIO26-PDF202-L43-S1-Q011,دورات الماء والكربون والأكسجين والنيتروجين والفوسفور,BIO26-M27,العلاقات البيئية وانتقال الطاقة ودورات المواد,BIO26-S27-04,دورات الماء والكربون والأكسجين والنيتروجين والفوسفور,تجميعات الأحياء 2026 — مفتاح الإجابة في PDF p.202,C,2,NOT_STARTED,,NOT_RUN,PRE_CROP_RANGE_FROZEN_V1
43,BIO26-L43,علم البيئة,تدوير المواد,203,203,202,1,12,TAH-BIO-BIO26-L43-Q012,BIO26-PDF203-L43-S1-Q012,دورات الماء والكربون والأكسجين والنيتروجين والفوسفور,BIO26-M27,العلاقات البيئية وانتقال الطاقة ودورات المواد,BIO26-S27-04,دورات الماء والكربون والأكسجين والنيتروجين والفوسفور,تجميعات الأحياء 2026 — مفتاح الإجابة في PDF p.203,D,3,NOT_STARTED,,NOT_RUN,PRE_CROP_RANGE_FROZEN_V1
43,BIO26-L43,علم البيئة,تدوير المواد,203,203,202,1,13,TAH-BIO-BIO26-L43-Q013,BIO26-PDF203-L43-S1-Q013,دورات الماء والكربون والأكسجين والنيتروجين والفوسفور,BIO26-M27,العلاقات البيئية وانتقال الطاقة ودورات المواد,BIO26-S27-04,دورات الماء والكربون والأكسجين والنيتروجين والفوسفور,تجميعات الأحياء 2026 — مفتاح الإجابة في PDF p.203,B,1,NOT_STARTED,,NOT_RUN,PRE_CROP_RANGE_FROZEN_V1
43,BIO26-L43,علم البيئة,تدوير المواد,203,203,202,1,14,TAH-BIO-BIO26-L43-Q014,BIO26-PDF203-L43-S1-Q014,دورات الماء والكربون والأكسجين والنيتروجين والفوسفور,BIO26-M27,العلاقات البيئية وانتقال الطاقة ودورات المواد,BIO26-S27-04,دورات الماء والكربون والأكسجين والنيتروجين والفوسفور,تجميعات الأحياء 2026 — مفتاح الإجابة في PDF p.203,D,3,NOT_STARTED,,NOT_RUN,PRE_CROP_RANGE_FROZEN_V1
43,BIO26-L43,علم البيئة,تدوير المواد,203,203,202,1,15,TAH-BIO-BIO26-L43-Q015,BIO26-PDF203-L43-S1-Q015,دورات الماء والكربون والأكسجين والنيتروجين والفوسفور,BIO26-M27,العلاقات البيئية وانتقال الطاقة ودورات المواد,BIO26-S27-04,دورات الماء والكربون والأكسجين والنيتروجين والفوسفور,تجميعات الأحياء 2026 — مفتاح الإجابة في PDF p.203,B,1,NOT_STARTED,,NOT_RUN,PRE_CROP_RANGE_FROZEN_V1
43,BIO26-L43,علم البيئة,تدوير المواد,203,203,202,1,16,TAH-BIO-BIO26-L43-Q016,BIO26-PDF203-L43-S1-Q016,دورات الماء والكربون والأكسجين والنيتروجين والفوسفور,BIO26-M27,العلاقات البيئية وانتقال الطاقة ودورات المواد,BIO26-S27-04,دورات الماء والكربون والأكسجين والنيتروجين والفوسفور,تجميعات الأحياء 2026 — مفتاح الإجابة في PDF p.203,B,1,NOT_STARTED,,NOT_RUN,PRE_CROP_RANGE_FROZEN_V1
43,BIO26-L43,علم البيئة,تدوير المواد,203,203,202,1,17,TAH-BIO-BIO26-L43-Q017,BIO26-PDF203-L43-S1-Q017,دورات الماء والكربون والأكسجين والنيتروجين والفوسفور,BIO26-M27,العلاقات البيئية وانتقال الطاقة ودورات المواد,BIO26-S27-04,دورات الماء والكربون والأكسجين والنيتروجين والفوسفور,تجميعات الأحياء 2026 — مفتاح الإجابة في PDF p.203,C,2,NOT_STARTED,,NOT_RUN,PRE_CROP_RANGE_FROZEN_V1
43,BIO26-L43,علم البيئة,تدوير المواد,204,204,203,2,18,TAH-BIO-BIO26-L43-Q018,BIO26-PDF204-L43-S2-Q018,دورات الماء والكربون والأكسجين والنيتروجين والفوسفور,BIO26-M27,العلاقات البيئية وانتقال الطاقة ودورات المواد,BIO26-S27-04,دورات الماء والكربون والأكسجين والنيتروجين والفوسفور,تجميعات الأحياء 2026 — مفتاح الإجابة في PDF p.204,D,3,NOT_STARTED,,NOT_RUN,PRE_CROP_RANGE_FROZEN_V1
43,BIO26-L43,علم البيئة,تدوير المواد,204,204,203,2,19,TAH-BIO-BIO26-L43-Q019,BIO26-PDF204-L43-S2-Q019,دورات الماء والكربون والأكسجين والنيتروجين والفوسفور,BIO26-M27,العلاقات البيئية وانتقال الطاقة ودورات المواد,BIO26-S27-04,دورات الماء والكربون والأكسجين والنيتروجين والفوسفور,تجميعات الأحياء 2026 — مفتاح الإجابة في PDF p.204,D,3,NOT_STARTED,,NOT_RUN,PRE_CROP_RANGE_FROZEN_V1
43,BIO26-L43,علم البيئة,تدوير المواد,204,204,203,2,20,TAH-BIO-BIO26-L43-Q020,BIO26-PDF204-L43-S2-Q020,دورات الماء والكربون والأكسجين والنيتروجين والفوسفور,BIO26-M27,العلاقات البيئية وانتقال الطاقة ودورات المواد,BIO26-S27-04,دورات الماء والكربون والأكسجين والنيتروجين والفوسفور,تجميعات الأحياء 2026 — مفتاح الإجابة في PDF p.204,C,2,NOT_STARTED,,NOT_RUN,PRE_CROP_RANGE_FROZEN_V1
43,BIO26-L43,علم البيئة,تدوير المواد,204,204,203,2,21,TAH-BIO-BIO26-L43-Q021,BIO26-PDF204-L43-S2-Q021,دورات الماء والكربون والأكسجين والنيتروجين والفوسفور,BIO26-M27,العلاقات البيئية وانتقال الطاقة ودورات المواد,BIO26-S27-04,دورات الماء والكربون والأكسجين والنيتروجين والفوسفور,تجميعات الأحياء 2026 — مفتاح الإجابة في PDF p.204,D,3,NOT_STARTED,,NOT_RUN,PRE_CROP_RANGE_FROZEN_V1
43,BIO26-L43,علم البيئة,تدوير المواد,204,204,203,2,22,TAH-BIO-BIO26-L43-Q022,BIO26-PDF204-L43-S2-Q022,دورات الماء والكربون والأكسجين والنيتروجين والفوسفور,BIO26-M27,العلاقات البيئية وانتقال الطاقة ودورات المواد,BIO26-S27-04,دورات الماء والكربون والأكسجين والنيتروجين والفوسفور,تجميعات الأحياء 2026 — مفتاح الإجابة في PDF p.204,A,0,NOT_STARTED,,NOT_RUN,PRE_CROP_RANGE_FROZEN_V1
43,BIO26-L43,علم البيئة,تدوير المواد,204,204,203,2,23,TAH-BIO-BIO26-L43-Q023,BIO26-PDF204-L43-S2-Q023,دورات الماء والكربون والأكسجين والنيتروجين والفوسفور,BIO26-M27,العلاقات البيئية وانتقال الطاقة ودورات المواد,BIO26-S27-04,دورات الماء والكربون والأكسجين والنيتروجين والفوسفور,تجميعات الأحياء 2026 — مفتاح الإجابة في PDF p.204,D,3,NOT_STARTED,,NOT_RUN,PRE_CROP_RANGE_FROZEN_V1
43,BIO26-L43,علم البيئة,تدوير المواد,204,204,203,2,24,TAH-BIO-BIO26-L43-Q024,BIO26-PDF204-L43-S2-Q024,دورات الماء والكربون والأكسجين والنيتروجين والفوسفور,BIO26-M27,العلاقات البيئية وانتقال الطاقة ودورات المواد,BIO26-S27-04,دورات الماء والكربون والأكسجين والنيتروجين والفوسفور,تجميعات الأحياء 2026 — مفتاح الإجابة في PDF p.204,C,2,NOT_STARTED,,NOT_RUN,PRE_CROP_RANGE_FROZEN_V1
43,BIO26-L43,علم البيئة,تدوير المواد,204,204,203,2,25,TAH-BIO-BIO26-L43-Q025,BIO26-PDF204-L43-S2-Q025,دورات الماء والكربون والأكسجين والنيتروجين والفوسفور,BIO26-M27,العلاقات البيئية وانتقال الطاقة ودورات المواد,BIO26-S27-04,دورات الماء والكربون والأكسجين والنيتروجين والفوسفور,تجميعات الأحياء 2026 — مفتاح الإجابة في PDF p.204,B,1,NOT_STARTED,,NOT_RUN,PRE_CROP_RANGE_FROZEN_V1
43,BIO26-L43,علم البيئة,تدوير المواد,204,204,203,2,26,TAH-BIO-BIO26-L43-Q026,BIO26-PDF204-L43-S2-Q026,دورات الماء والكربون والأكسجين والنيتروجين والفوسفور,BIO26-M27,العلاقات البيئية وانتقال الطاقة ودورات المواد,BIO26-S27-04,دورات الماء والكربون والأكسجين والنيتروجين والفوسفور,تجميعات الأحياء 2026 — مفتاح الإجابة في PDF p.204,A,0,NOT_STARTED,,NOT_RUN,PRE_CROP_RANGE_FROZEN_V1
43,BIO26-L43,علم البيئة,تدوير المواد,204,204,203,2,27,TAH-BIO-BIO26-L43-Q027,BIO26-PDF204-L43-S2-Q027,دورات الماء والكربون والأكسجين والنيتروجين والفوسفور,BIO26-M27,العلاقات البيئية وانتقال الطاقة ودورات المواد,BIO26-S27-04,دورات الماء والكربون والأكسجين والنيتروجين والفوسفور,تجميعات الأحياء 2026 — مفتاح الإجابة في PDF p.204,C,2,NOT_STARTED,,NOT_RUN,PRE_CROP_RANGE_FROZEN_V1
43,BIO26-L43,علم البيئة,تدوير المواد,204,204,203,2,28,TAH-BIO-BIO26-L43-Q028,BIO26-PDF204-L43-S2-Q028,دورات الماء والكربون والأكسجين والنيتروجين والفوسفور,BIO26-M27,العلاقات البيئية وانتقال الطاقة ودورات المواد,BIO26-S27-04,دورات الماء والكربون والأكسجين والنيتروجين والفوسفور,تجميعات الأحياء 2026 — مفتاح الإجابة في PDF p.204,A,0,NOT_STARTED,,NOT_RUN,PRE_CROP_RANGE_FROZEN_V1
43,BIO26-L43,علم البيئة,تدوير المواد,204,204,203,2,29,TAH-BIO-BIO26-L43-Q029,BIO26-PDF204-L43-S2-Q029,دورات الماء والكربون والأكسجين والنيتروجين والفوسفور,BIO26-M27,العلاقات البيئية وانتقال الطاقة ودورات المواد,BIO26-S27-04,دورات الماء والكربون والأكسجين والنيتروجين والفوسفور,تجميعات الأحياء 2026 — مفتاح الإجابة في PDF p.204,A,0,NOT_STARTED,,NOT_RUN,PRE_CROP_RANGE_FROZEN_V1
44,BIO26-L44,علم البيئة,المجتمعات والمناطق الحيوية,205,205,204,1,1,TAH-BIO-BIO26-L44-Q001,BIO26-PDF205-L44-S1-Q001,التعاقب والعوامل المحددة والمناطق الحيوية والأنظمة المائية,BIO26-M28,المجتمعات والجماعات والتنوع الحيوي,BIO26-S28-01,التعاقب والعوامل المحددة والمناطق الحيوية والأنظمة المائية,تجميعات الأحياء 2026 — مفتاح الإجابة في PDF p.205,D,3,NOT_STARTED,,NOT_RUN,PRE_CROP_RANGE_FROZEN_V1
44,BIO26-L44,علم البيئة,المجتمعات والمناطق الحيوية,205,205,204,1,2,TAH-BIO-BIO26-L44-Q002,BIO26-PDF205-L44-S1-Q002,التعاقب والعوامل المحددة والمناطق الحيوية والأنظمة المائية,BIO26-M28,المجتمعات والجماعات والتنوع الحيوي,BIO26-S28-01,التعاقب والعوامل المحددة والمناطق الحيوية والأنظمة المائية,تجميعات الأحياء 2026 — مفتاح الإجابة في PDF p.205,C,2,NOT_STARTED,,NOT_RUN,PRE_CROP_RANGE_FROZEN_V1
44,BIO26-L44,علم البيئة,المجتمعات والمناطق الحيوية,205,205,204,1,3,TAH-BIO-BIO26-L44-Q003,BIO26-PDF205-L44-S1-Q003,التعاقب والعوامل المحددة والمناطق الحيوية والأنظمة المائية,BIO26-M28,المجتمعات والجماعات والتنوع الحيوي,BIO26-S28-01,التعاقب والعوامل المحددة والمناطق الحيوية والأنظمة المائية,تجميعات الأحياء 2026 — مفتاح الإجابة في PDF p.205,C,2,NOT_STARTED,,NOT_RUN,PRE_CROP_RANGE_FROZEN_V1
44,BIO26-L44,علم البيئة,المجتمعات والمناطق الحيوية,205,205,204,1,4,TAH-BIO-BIO26-L44-Q004,BIO26-PDF205-L44-S1-Q004,التعاقب والعوامل المحددة والمناطق الحيوية والأنظمة المائية,BIO26-M28,المجتمعات والجماعات والتنوع الحيوي,BIO26-S28-01,التعاقب والعوامل المحددة والمناطق الحيوية والأنظمة المائية,تجميعات الأحياء 2026 — مفتاح الإجابة في PDF p.205,A,0,NOT_STARTED,,NOT_RUN,PRE_CROP_RANGE_FROZEN_V1
44,BIO26-L44,علم البيئة,المجتمعات والمناطق الحيوية,205,205,204,1,5,TAH-BIO-BIO26-L44-Q005,BIO26-PDF205-L44-S1-Q005,التعاقب والعوامل المحددة والمناطق الحيوية والأنظمة المائية,BIO26-M28,المجتمعات والجماعات والتنوع الحيوي,BIO26-S28-01,التعاقب والعوامل المحددة والمناطق الحيوية والأنظمة المائية,تجميعات الأحياء 2026 — مفتاح الإجابة في PDF p.205,D,3,NOT_STARTED,,NOT_RUN,PRE_CROP_RANGE_FROZEN_V1
44,BIO26-L44,علم البيئة,المجتمعات والمناطق الحيوية,205,205,204,1,6,TAH-BIO-BIO26-L44-Q006,BIO26-PDF205-L44-S1-Q006,التعاقب والعوامل المحددة والمناطق الحيوية والأنظمة المائية,BIO26-M28,المجتمعات والجماعات والتنوع الحيوي,BIO26-S28-01,التعاقب والعوامل المحددة والمناطق الحيوية والأنظمة المائية,تجميعات الأحياء 2026 — مفتاح الإجابة في PDF p.205,C,2,NOT_STARTED,,NOT_RUN,PRE_CROP_RANGE_FROZEN_V1
44,BIO26-L44,علم البيئة,المجتمعات والمناطق الحيوية,205,205,204,1,7,TAH-BIO-BIO26-L44-Q007,BIO26-PDF205-L44-S1-Q007,التعاقب والعوامل المحددة والمناطق الحيوية والأنظمة المائية,BIO26-M28,المجتمعات والجماعات والتنوع الحيوي,BIO26-S28-01,التعاقب والعوامل المحددة والمناطق الحيوية والأنظمة المائية,تجميعات الأحياء 2026 — مفتاح الإجابة في PDF p.205,B,1,NOT_STARTED,,NOT_RUN,PRE_CROP_RANGE_FROZEN_V1
44,BIO26-L44,علم البيئة,المجتمعات والمناطق الحيوية,205,205,204,1,8,TAH-BIO-BIO26-L44-Q008,BIO26-PDF205-L44-S1-Q008,التعاقب والعوامل المحددة والمناطق الحيوية والأنظمة المائية,BIO26-M28,المجتمعات والجماعات والتنوع الحيوي,BIO26-S28-01,التعاقب والعوامل المحددة والمناطق الحيوية والأنظمة المائية,تجميعات الأحياء 2026 — مفتاح الإجابة في PDF p.205,B,1,NOT_STARTED,,NOT_RUN,PRE_CROP_RANGE_FROZEN_V1
44,BIO26-L44,علم البيئة,المجتمعات والمناطق الحيوية,205,205,204,1,9,TAH-BIO-BIO26-L44-Q009,BIO26-PDF205-L44-S1-Q009,التعاقب والعوامل المحددة والمناطق الحيوية والأنظمة المائية,BIO26-M28,المجتمعات والجماعات والتنوع الحيوي,BIO26-S28-01,التعاقب والعوامل المحددة والمناطق الحيوية والأنظمة المائية,تجميعات الأحياء 2026 — مفتاح الإجابة في PDF p.205,A,0,NOT_STARTED,,NOT_RUN,PRE_CROP_RANGE_FROZEN_V1
44,BIO26-L44,علم البيئة,المجتمعات والمناطق الحيوية,205,205,204,1,10,TAH-BIO-BIO26-L44-Q010,BIO26-PDF205-L44-S1-Q010,التعاقب والعوامل المحددة والمناطق الحيوية والأنظمة المائية,BIO26-M28,المجتمعات والجماعات والتنوع الحيوي,BIO26-S28-01,التعاقب والعوامل المحددة والمناطق الحيوية والأنظمة المائية,تجميعات الأحياء 2026 — مفتاح الإجابة في PDF p.205,A,0,NOT_STARTED,,NOT_RUN,PRE_CROP_RANGE_FROZEN_V1
44,BIO26-L44,علم البيئة,المجتمعات والمناطق الحيوية,205,205,204,1,11,TAH-BIO-BIO26-L44-Q011,BIO26-PDF205-L44-S1-Q011,التعاقب والعوامل المحددة والمناطق الحيوية والأنظمة المائية,BIO26-M28,المجتمعات والجماعات والتنوع الحيوي,BIO26-S28-01,التعاقب والعوامل المحددة والمناطق الحيوية والأنظمة المائية,تجميعات الأحياء 2026 — مفتاح الإجابة في PDF p.205,B,1,NOT_STARTED,,NOT_RUN,PRE_CROP_RANGE_FROZEN_V1
44,BIO26-L44,علم البيئة,المجتمعات والمناطق الحيوية,205,205,204,1,12,TAH-BIO-BIO26-L44-Q012,BIO26-PDF205-L44-S1-Q012,التعاقب والعوامل المحددة والمناطق الحيوية والأنظمة المائية,BIO26-M28,المجتمعات والجماعات والتنوع الحيوي,BIO26-S28-01,التعاقب والعوامل المحددة والمناطق الحيوية والأنظمة المائية,تجميعات الأحياء 2026 — مفتاح الإجابة في PDF p.205,A,0,NOT_STARTED,,NOT_RUN,PRE_CROP_RANGE_FROZEN_V1
44,BIO26-L44,علم البيئة,المجتمعات والمناطق الحيوية,205,205,204,1,13,TAH-BIO-BIO26-L44-Q013,BIO26-PDF205-L44-S1-Q013,التعاقب والعوامل المحددة والمناطق الحيوية والأنظمة المائية,BIO26-M28,المجتمعات والجماعات والتنوع الحيوي,BIO26-S28-01,التعاقب والعوامل المحددة والمناطق الحيوية والأنظمة المائية,تجميعات الأحياء 2026 — مفتاح الإجابة في PDF p.205,C,2,NOT_STARTED,,NOT_RUN,PRE_CROP_RANGE_FROZEN_V1
44,BIO26-L44,علم البيئة,المجتمعات والمناطق الحيوية,205,205,204,1,14,TAH-BIO-BIO26-L44-Q014,BIO26-PDF205-L44-S1-Q014,التعاقب والعوامل المحددة والمناطق الحيوية والأنظمة المائية,BIO26-M28,المجتمعات والجماعات والتنوع الحيوي,BIO26-S28-01,التعاقب والعوامل المحددة والمناطق الحيوية والأنظمة المائية,تجميعات الأحياء 2026 — مفتاح الإجابة في PDF p.205,D,3,NOT_STARTED,,NOT_RUN,PRE_CROP_RANGE_FROZEN_V1
44,BIO26-L44,علم البيئة,المجتمعات والمناطق الحيوية,205,205,204,1,15,TAH-BIO-BIO26-L44-Q015,BIO26-PDF205-L44-S1-Q015,التعاقب والعوامل المحددة والمناطق الحيوية والأنظمة المائية,BIO26-M28,المجتمعات والجماعات والتنوع الحيوي,BIO26-S28-01,التعاقب والعوامل المحددة والمناطق الحيوية والأنظمة المائية,تجميعات الأحياء 2026 — مفتاح الإجابة في PDF p.205,C,2,NOT_STARTED,,NOT_RUN,PRE_CROP_RANGE_FROZEN_V1
44,BIO26-L44,علم البيئة,المجتمعات والمناطق الحيوية,206,206,205,1,16,TAH-BIO-BIO26-L44-Q016,BIO26-PDF206-L44-S1-Q016,التعاقب والعوامل المحددة والمناطق الحيوية والأنظمة المائية,BIO26-M28,المجتمعات والجماعات والتنوع الحيوي,BIO26-S28-01,التعاقب والعوامل المحددة والمناطق الحيوية والأنظمة المائية,تجميعات الأحياء 2026 — مفتاح الإجابة في PDF p.206,A,0,NOT_STARTED,,NOT_RUN,PRE_CROP_RANGE_FROZEN_V1
44,BIO26-L44,علم البيئة,المجتمعات والمناطق الحيوية,206,206,205,1,17,TAH-BIO-BIO26-L44-Q017,BIO26-PDF206-L44-S1-Q017,التعاقب والعوامل المحددة والمناطق الحيوية والأنظمة المائية,BIO26-M28,المجتمعات والجماعات والتنوع الحيوي,BIO26-S28-01,التعاقب والعوامل المحددة والمناطق الحيوية والأنظمة المائية,تجميعات الأحياء 2026 — مفتاح الإجابة في PDF p.206,B,1,NOT_STARTED,,NOT_RUN,PRE_CROP_RANGE_FROZEN_V1
44,BIO26-L44,علم البيئة,المجتمعات والمناطق الحيوية,206,206,205,1,18,TAH-BIO-BIO26-L44-Q018,BIO26-PDF206-L44-S1-Q018,التعاقب والعوامل المحددة والمناطق الحيوية والأنظمة المائية,BIO26-M28,المجتمعات والجماعات والتنوع الحيوي,BIO26-S28-01,التعاقب والعوامل المحددة والمناطق الحيوية والأنظمة المائية,تجميعات الأحياء 2026 — مفتاح الإجابة في PDF p.206,B,1,NOT_STARTED,,NOT_RUN,PRE_CROP_RANGE_FROZEN_V1
44,BIO26-L44,علم البيئة,المجتمعات والمناطق الحيوية,206,206,205,1,19,TAH-BIO-BIO26-L44-Q019,BIO26-PDF206-L44-S1-Q019,التعاقب والعوامل المحددة والمناطق الحيوية والأنظمة المائية,BIO26-M28,المجتمعات والجماعات والتنوع الحيوي,BIO26-S28-01,التعاقب والعوامل المحددة والمناطق الحيوية والأنظمة المائية,تجميعات الأحياء 2026 — مفتاح الإجابة في PDF p.206,C,2,NOT_STARTED,,NOT_RUN,PRE_CROP_RANGE_FROZEN_V1
44,BIO26-L44,علم البيئة,المجتمعات والمناطق الحيوية,206,206,205,1,20,TAH-BIO-BIO26-L44-Q020,BIO26-PDF206-L44-S1-Q020,التعاقب والعوامل المحددة والمناطق الحيوية والأنظمة المائية,BIO26-M28,المجتمعات والجماعات والتنوع الحيوي,BIO26-S28-01,التعاقب والعوامل المحددة والمناطق الحيوية والأنظمة المائية,تجميعات الأحياء 2026 — مفتاح الإجابة في PDF p.206,A,0,NOT_STARTED,,NOT_RUN,PRE_CROP_RANGE_FROZEN_V1
44,BIO26-L44,علم البيئة,المجتمعات والمناطق الحيوية,206,206,205,1,21,TAH-BIO-BIO26-L44-Q021,BIO26-PDF206-L44-S1-Q021,التعاقب والعوامل المحددة والمناطق الحيوية والأنظمة المائية,BIO26-M28,المجتمعات والجماعات والتنوع الحيوي,BIO26-S28-01,التعاقب والعوامل المحددة والمناطق الحيوية والأنظمة المائية,تجميعات الأحياء 2026 — مفتاح الإجابة في PDF p.206,B,1,NOT_STARTED,,NOT_RUN,PRE_CROP_RANGE_FROZEN_V1
44,BIO26-L44,علم البيئة,المجتمعات والمناطق الحيوية,206,206,205,1,22,TAH-BIO-BIO26-L44-Q022,BIO26-PDF206-L44-S1-Q022,التعاقب والعوامل المحددة والمناطق الحيوية والأنظمة المائية,BIO26-M28,المجتمعات والجماعات والتنوع الحيوي,BIO26-S28-01,التعاقب والعوامل المحددة والمناطق الحيوية والأنظمة المائية,تجميعات الأحياء 2026 — مفتاح الإجابة في PDF p.206,B,1,NOT_STARTED,,NOT_RUN,PRE_CROP_RANGE_FROZEN_V1
44,BIO26-L44,علم البيئة,المجتمعات والمناطق الحيوية,206,206,205,1,23,TAH-BIO-BIO26-L44-Q023,BIO26-PDF206-L44-S1-Q023,التعاقب والعوامل المحددة والمناطق الحيوية والأنظمة المائية,BIO26-M28,المجتمعات والجماعات والتنوع الحيوي,BIO26-S28-01,التعاقب والعوامل المحددة والمناطق الحيوية والأنظمة المائية,تجميعات الأحياء 2026 — مفتاح الإجابة في PDF p.206,B,1,NOT_STARTED,,NOT_RUN,PRE_CROP_RANGE_FROZEN_V1
44,BIO26-L44,علم البيئة,المجتمعات والمناطق الحيوية,206,206,205,1,24,TAH-BIO-BIO26-L44-Q024,BIO26-PDF206-L44-S1-Q024,التعاقب والعوامل المحددة والمناطق الحيوية والأنظمة المائية,BIO26-M28,المجتمعات والجماعات والتنوع الحيوي,BIO26-S28-01,التعاقب والعوامل المحددة والمناطق الحيوية والأنظمة المائية,تجميعات الأحياء 2026 — مفتاح الإجابة في PDF p.206,D,3,NOT_STARTED,,NOT_RUN,PRE_CROP_RANGE_FROZEN_V1
44,BIO26-L44,علم البيئة,المجتمعات والمناطق الحيوية,206,206,205,1,25,TAH-BIO-BIO26-L44-Q025,BIO26-PDF206-L44-S1-Q025,التعاقب والعوامل المحددة والمناطق الحيوية والأنظمة المائية,BIO26-M28,المجتمعات والجماعات والتنوع الحيوي,BIO26-S28-01,التعاقب والعوامل المحددة والمناطق الحيوية والأنظمة المائية,تجميعات الأحياء 2026 — مفتاح الإجابة في PDF p.206,A,0,NOT_STARTED,,NOT_RUN,PRE_CROP_RANGE_FROZEN_V1
44,BIO26-L44,علم البيئة,المجتمعات والمناطق الحيوية,206,206,205,1,26,TAH-BIO-BIO26-L44-Q026,BIO26-PDF206-L44-S1-Q026,التعاقب والعوامل المحددة والمناطق الحيوية والأنظمة المائية,BIO26-M28,المجتمعات والجماعات والتنوع الحيوي,BIO26-S28-01,التعاقب والعوامل المحددة والمناطق الحيوية والأنظمة المائية,تجميعات الأحياء 2026 — مفتاح الإجابة في PDF p.206,A,0,NOT_STARTED,,NOT_RUN,PRE_CROP_RANGE_FROZEN_V1
44,BIO26-L44,علم البيئة,المجتمعات والمناطق الحيوية,207,207,206,2,27,TAH-BIO-BIO26-L44-Q027,BIO26-PDF207-L44-S2-Q027,التعاقب والعوامل المحددة والمناطق الحيوية والأنظمة المائية,BIO26-M28,المجتمعات والجماعات والتنوع الحيوي,BIO26-S28-01,التعاقب والعوامل المحددة والمناطق الحيوية والأنظمة المائية,تجميعات الأحياء 2026 — مفتاح الإجابة في PDF p.207,B,1,NOT_STARTED,,NOT_RUN,PRE_CROP_RANGE_FROZEN_V1
44,BIO26-L44,علم البيئة,المجتمعات والمناطق الحيوية,207,207,206,2,28,TAH-BIO-BIO26-L44-Q028,BIO26-PDF207-L44-S2-Q028,التعاقب والعوامل المحددة والمناطق الحيوية والأنظمة المائية,BIO26-M28,المجتمعات والجماعات والتنوع الحيوي,BIO26-S28-01,التعاقب والعوامل المحددة والمناطق الحيوية والأنظمة المائية,تجميعات الأحياء 2026 — مفتاح الإجابة في PDF p.207,B,1,NOT_STARTED,,NOT_RUN,PRE_CROP_RANGE_FROZEN_V1
44,BIO26-L44,علم البيئة,المجتمعات والمناطق الحيوية,207,207,206,2,29,TAH-BIO-BIO26-L44-Q029,BIO26-PDF207-L44-S2-Q029,التعاقب والعوامل المحددة والمناطق الحيوية والأنظمة المائية,BIO26-M28,المجتمعات والجماعات والتنوع الحيوي,BIO26-S28-01,التعاقب والعوامل المحددة والمناطق الحيوية والأنظمة المائية,تجميعات الأحياء 2026 — مفتاح الإجابة في PDF p.207,B,1,NOT_STARTED,,NOT_RUN,PRE_CROP_RANGE_FROZEN_V1
44,BIO26-L44,علم البيئة,المجتمعات والمناطق الحيوية,207,207,206,2,30,TAH-BIO-BIO26-L44-Q030,BIO26-PDF207-L44-S2-Q030,التعاقب والعوامل المحددة والمناطق الحيوية والأنظمة المائية,BIO26-M28,المجتمعات والجماعات والتنوع الحيوي,BIO26-S28-01,التعاقب والعوامل المحددة والمناطق الحيوية والأنظمة المائية,تجميعات الأحياء 2026 — مفتاح الإجابة في PDF p.207,A,0,NOT_STARTED,,NOT_RUN,PRE_CROP_RANGE_FROZEN_V1
44,BIO26-L44,علم البيئة,المجتمعات والمناطق الحيوية,207,207,206,2,31,TAH-BIO-BIO26-L44-Q031,BIO26-PDF207-L44-S2-Q031,التعاقب والعوامل المحددة والمناطق الحيوية والأنظمة المائية,BIO26-M28,المجتمعات والجماعات والتنوع الحيوي,BIO26-S28-01,التعاقب والعوامل المحددة والمناطق الحيوية والأنظمة المائية,تجميعات الأحياء 2026 — مفتاح الإجابة في PDF p.207,C,2,NOT_STARTED,,NOT_RUN,PRE_CROP_RANGE_FROZEN_V1
44,BIO26-L44,علم البيئة,المجتمعات والمناطق الحيوية,207,207,206,2,32,TAH-BIO-BIO26-L44-Q032,BIO26-PDF207-L44-S2-Q032,التعاقب والعوامل المحددة والمناطق الحيوية والأنظمة المائية,BIO26-M28,المجتمعات والجماعات والتنوع الحيوي,BIO26-S28-01,التعاقب والعوامل المحددة والمناطق الحيوية والأنظمة المائية,تجميعات الأحياء 2026 — مفتاح الإجابة في PDF p.207,D,3,NOT_STARTED,,NOT_RUN,PRE_CROP_RANGE_FROZEN_V1
44,BIO26-L44,علم البيئة,المجتمعات والمناطق الحيوية,207,207,206,2,33,TAH-BIO-BIO26-L44-Q033,BIO26-PDF207-L44-S2-Q033,التعاقب والعوامل المحددة والمناطق الحيوية والأنظمة المائية,BIO26-M28,المجتمعات والجماعات والتنوع الحيوي,BIO26-S28-01,التعاقب والعوامل المحددة والمناطق الحيوية والأنظمة المائية,تجميعات الأحياء 2026 — مفتاح الإجابة في PDF p.207,A,0,NOT_STARTED,,NOT_RUN,PRE_CROP_RANGE_FROZEN_V1
44,BIO26-L44,علم البيئة,المجتمعات والمناطق الحيوية,207,207,206,2,34,TAH-BIO-BIO26-L44-Q034,BIO26-PDF207-L44-S2-Q034,التعاقب والعوامل المحددة والمناطق الحيوية والأنظمة المائية,BIO26-M28,المجتمعات والجماعات والتنوع الحيوي,BIO26-S28-01,التعاقب والعوامل المحددة والمناطق الحيوية والأنظمة المائية,تجميعات الأحياء 2026 — مفتاح الإجابة في PDF p.207,B,1,NOT_STARTED,,NOT_RUN,PRE_CROP_RANGE_FROZEN_V1
44,BIO26-L44,علم البيئة,المجتمعات والمناطق الحيوية,207,207,206,2,35,TAH-BIO-BIO26-L44-Q035,BIO26-PDF207-L44-S2-Q035,التعاقب والعوامل المحددة والمناطق الحيوية والأنظمة المائية,BIO26-M28,المجتمعات والجماعات والتنوع الحيوي,BIO26-S28-01,التعاقب والعوامل المحددة والمناطق الحيوية والأنظمة المائية,تجميعات الأحياء 2026 — مفتاح الإجابة في PDF p.207,B,1,NOT_STARTED,,NOT_RUN,PRE_CROP_RANGE_FROZEN_V1
44,BIO26-L44,علم البيئة,المجتمعات والمناطق الحيوية,207,207,206,2,36,TAH-BIO-BIO26-L44-Q036,BIO26-PDF207-L44-S2-Q036,التعاقب والعوامل المحددة والمناطق الحيوية والأنظمة المائية,BIO26-M28,المجتمعات والجماعات والتنوع الحيوي,BIO26-S28-01,التعاقب والعوامل المحددة والمناطق الحيوية والأنظمة المائية,تجميعات الأحياء 2026 — مفتاح الإجابة في PDF p.207,D,3,NOT_STARTED,,NOT_RUN,PRE_CROP_RANGE_FROZEN_V1
44,BIO26-L44,علم البيئة,المجتمعات والمناطق الحيوية,207,207,206,2,37,TAH-BIO-BIO26-L44-Q037,BIO26-PDF207-L44-S2-Q037,التعاقب والعوامل المحددة والمناطق الحيوية والأنظمة المائية,BIO26-M28,المجتمعات والجماعات والتنوع الحيوي,BIO26-S28-01,التعاقب والعوامل المحددة والمناطق الحيوية والأنظمة المائية,تجميعات الأحياء 2026 — مفتاح الإجابة في PDF p.207,A,0,NOT_STARTED,,NOT_RUN,PRE_CROP_RANGE_FROZEN_V1
44,BIO26-L44,علم البيئة,المجتمعات والمناطق الحيوية,207,207,206,2,38,TAH-BIO-BIO26-L44-Q038,BIO26-PDF207-L44-S2-Q038,التعاقب والعوامل المحددة والمناطق الحيوية والأنظمة المائية,BIO26-M28,المجتمعات والجماعات والتنوع الحيوي,BIO26-S28-01,التعاقب والعوامل المحددة والمناطق الحيوية والأنظمة المائية,تجميعات الأحياء 2026 — مفتاح الإجابة في PDF p.207,D,3,NOT_STARTED,,NOT_RUN,PRE_CROP_RANGE_FROZEN_V1
44,BIO26-L44,علم البيئة,المجتمعات والمناطق الحيوية,207,207,206,2,39,TAH-BIO-BIO26-L44-Q039,BIO26-PDF207-L44-S2-Q039,التعاقب والعوامل المحددة والمناطق الحيوية والأنظمة المائية,BIO26-M28,المجتمعات والجماعات والتنوع الحيوي,BIO26-S28-01,التعاقب والعوامل المحددة والمناطق الحيوية والأنظمة المائية,تجميعات الأحياء 2026 — مفتاح الإجابة في PDF p.207,A,0,NOT_STARTED,,NOT_RUN,PRE_CROP_RANGE_FROZEN_V1
44,BIO26-L44,علم البيئة,المجتمعات والمناطق الحيوية,207,207,206,2,40,TAH-BIO-BIO26-L44-Q040,BIO26-PDF207-L44-S2-Q040,التعاقب والعوامل المحددة والمناطق الحيوية والأنظمة المائية,BIO26-M28,المجتمعات والجماعات والتنوع الحيوي,BIO26-S28-01,التعاقب والعوامل المحددة والمناطق الحيوية والأنظمة المائية,تجميعات الأحياء 2026 — مفتاح الإجابة في PDF p.207,B,1,NOT_STARTED,,NOT_RUN,PRE_CROP_RANGE_FROZEN_V1
44,BIO26-L44,علم البيئة,المجتمعات والمناطق الحيوية,207,207,206,2,41,TAH-BIO-BIO26-L44-Q041,BIO26-PDF207-L44-S2-Q041,التعاقب والعوامل المحددة والمناطق الحيوية والأنظمة المائية,BIO26-M28,المجتمعات والجماعات والتنوع الحيوي,BIO26-S28-01,التعاقب والعوامل المحددة والمناطق الحيوية والأنظمة المائية,تجميعات الأحياء 2026 — مفتاح الإجابة في PDF p.207,D,3,NOT_STARTED,,NOT_RUN,PRE_CROP_RANGE_FROZEN_V1
44,BIO26-L44,علم البيئة,المجتمعات والمناطق الحيوية,207,207,206,2,42,TAH-BIO-BIO26-L44-Q042,BIO26-PDF207-L44-S2-Q042,التعاقب والعوامل المحددة والمناطق الحيوية والأنظمة المائية,BIO26-M28,المجتمعات والجماعات والتنوع الحيوي,BIO26-S28-01,التعاقب والعوامل المحددة والمناطق الحيوية والأنظمة المائية,تجميعات الأحياء 2026 — مفتاح الإجابة في PDF p.207,D,3,NOT_STARTED,,NOT_RUN,PRE_CROP_RANGE_FROZEN_V1
45,BIO26-L45,علم البيئة,الأنظمة البيئية المائية,208,208,207,1,1,TAH-BIO-BIO26-L45-Q001,BIO26-PDF208-L45-S1-Q001,التعاقب والعوامل المحددة والمناطق الحيوية والأنظمة المائية,BIO26-M28,المجتمعات والجماعات والتنوع الحيوي,BIO26-S28-01,التعاقب والعوامل المحددة والمناطق الحيوية والأنظمة المائية,تجميعات الأحياء 2026 — مفتاح الإجابة في PDF p.208,D,3,NOT_STARTED,,NOT_RUN,PRE_CROP_RANGE_FROZEN_V1
45,BIO26-L45,علم البيئة,الأنظمة البيئية المائية,208,208,207,1,2,TAH-BIO-BIO26-L45-Q002,BIO26-PDF208-L45-S1-Q002,التعاقب والعوامل المحددة والمناطق الحيوية والأنظمة المائية,BIO26-M28,المجتمعات والجماعات والتنوع الحيوي,BIO26-S28-01,التعاقب والعوامل المحددة والمناطق الحيوية والأنظمة المائية,تجميعات الأحياء 2026 — مفتاح الإجابة في PDF p.208,D,3,NOT_STARTED,,NOT_RUN,PRE_CROP_RANGE_FROZEN_V1
45,BIO26-L45,علم البيئة,الأنظمة البيئية المائية,208,208,207,1,3,TAH-BIO-BIO26-L45-Q003,BIO26-PDF208-L45-S1-Q003,التعاقب والعوامل المحددة والمناطق الحيوية والأنظمة المائية,BIO26-M28,المجتمعات والجماعات والتنوع الحيوي,BIO26-S28-01,التعاقب والعوامل المحددة والمناطق الحيوية والأنظمة المائية,تجميعات الأحياء 2026 — مفتاح الإجابة في PDF p.208,A,0,NOT_STARTED,,NOT_RUN,PRE_CROP_RANGE_FROZEN_V1
45,BIO26-L45,علم البيئة,الأنظمة البيئية المائية,208,208,207,1,4,TAH-BIO-BIO26-L45-Q004,BIO26-PDF208-L45-S1-Q004,التعاقب والعوامل المحددة والمناطق الحيوية والأنظمة المائية,BIO26-M28,المجتمعات والجماعات والتنوع الحيوي,BIO26-S28-01,التعاقب والعوامل المحددة والمناطق الحيوية والأنظمة المائية,تجميعات الأحياء 2026 — مفتاح الإجابة في PDF p.208,A,0,NOT_STARTED,,NOT_RUN,PRE_CROP_RANGE_FROZEN_V1
45,BIO26-L45,علم البيئة,الأنظمة البيئية المائية,208,208,207,1,5,TAH-BIO-BIO26-L45-Q005,BIO26-PDF208-L45-S1-Q005,التعاقب والعوامل المحددة والمناطق الحيوية والأنظمة المائية,BIO26-M28,المجتمعات والجماعات والتنوع الحيوي,BIO26-S28-01,التعاقب والعوامل المحددة والمناطق الحيوية والأنظمة المائية,تجميعات الأحياء 2026 — مفتاح الإجابة في PDF p.208,D,3,NOT_STARTED,,NOT_RUN,PRE_CROP_RANGE_FROZEN_V1
45,BIO26-L45,علم البيئة,الأنظمة البيئية المائية,208,208,207,1,6,TAH-BIO-BIO26-L45-Q006,BIO26-PDF208-L45-S1-Q006,التعاقب والعوامل المحددة والمناطق الحيوية والأنظمة المائية,BIO26-M28,المجتمعات والجماعات والتنوع الحيوي,BIO26-S28-01,التعاقب والعوامل المحددة والمناطق الحيوية والأنظمة المائية,تجميعات الأحياء 2026 — مفتاح الإجابة في PDF p.208,B,1,NOT_STARTED,,NOT_RUN,PRE_CROP_RANGE_FROZEN_V1
45,BIO26-L45,علم البيئة,الأنظمة البيئية المائية,208,208,207,1,7,TAH-BIO-BIO26-L45-Q007,BIO26-PDF208-L45-S1-Q007,التعاقب والعوامل المحددة والمناطق الحيوية والأنظمة المائية,BIO26-M28,المجتمعات والجماعات والتنوع الحيوي,BIO26-S28-01,التعاقب والعوامل المحددة والمناطق الحيوية والأنظمة المائية,تجميعات الأحياء 2026 — مفتاح الإجابة في PDF p.208,B,1,NOT_STARTED,,NOT_RUN,PRE_CROP_RANGE_FROZEN_V1
45,BIO26-L45,علم البيئة,الأنظمة البيئية المائية,208,208,207,1,8,TAH-BIO-BIO26-L45-Q008,BIO26-PDF208-L45-S1-Q008,التعاقب والعوامل المحددة والمناطق الحيوية والأنظمة المائية,BIO26-M28,المجتمعات والجماعات والتنوع الحيوي,BIO26-S28-01,التعاقب والعوامل المحددة والمناطق الحيوية والأنظمة المائية,تجميعات الأحياء 2026 — مفتاح الإجابة في PDF p.208,D,3,NOT_STARTED,,NOT_RUN,PRE_CROP_RANGE_FROZEN_V1
45,BIO26-L45,علم البيئة,الأنظمة البيئية المائية,208,208,207,1,9,TAH-BIO-BIO26-L45-Q009,BIO26-PDF208-L45-S1-Q009,التعاقب والعوامل المحددة والمناطق الحيوية والأنظمة المائية,BIO26-M28,المجتمعات والجماعات والتنوع الحيوي,BIO26-S28-01,التعاقب والعوامل المحددة والمناطق الحيوية والأنظمة المائية,تجميعات الأحياء 2026 — مفتاح الإجابة في PDF p.208,D,3,NOT_STARTED,,NOT_RUN,PRE_CROP_RANGE_FROZEN_V1
45,BIO26-L45,علم البيئة,الأنظمة البيئية المائية,208,208,207,1,10,TAH-BIO-BIO26-L45-Q010,BIO26-PDF208-L45-S1-Q010,التعاقب والعوامل المحددة والمناطق الحيوية والأنظمة المائية,BIO26-M28,المجتمعات والجماعات والتنوع الحيوي,BIO26-S28-01,التعاقب والعوامل المحددة والمناطق الحيوية والأنظمة المائية,تجميعات الأحياء 2026 — مفتاح الإجابة في PDF p.208,A,0,NOT_STARTED,,NOT_RUN,PRE_CROP_RANGE_FROZEN_V1
45,BIO26-L45,علم البيئة,الأنظمة البيئية المائية,209,209,208,2,11,TAH-BIO-BIO26-L45-Q011,BIO26-PDF209-L45-S2-Q011,التعاقب والعوامل المحددة والمناطق الحيوية والأنظمة المائية,BIO26-M28,المجتمعات والجماعات والتنوع الحيوي,BIO26-S28-01,التعاقب والعوامل المحددة والمناطق الحيوية والأنظمة المائية,تجميعات الأحياء 2026 — مفتاح الإجابة في PDF p.209,A,0,NOT_STARTED,,NOT_RUN,PRE_CROP_RANGE_FROZEN_V1
45,BIO26-L45,علم البيئة,الأنظمة البيئية المائية,209,209,208,2,12,TAH-BIO-BIO26-L45-Q012,BIO26-PDF209-L45-S2-Q012,التعاقب والعوامل المحددة والمناطق الحيوية والأنظمة المائية,BIO26-M28,المجتمعات والجماعات والتنوع الحيوي,BIO26-S28-01,التعاقب والعوامل المحددة والمناطق الحيوية والأنظمة المائية,تجميعات الأحياء 2026 — مفتاح الإجابة في PDF p.209,D,3,NOT_STARTED,,NOT_RUN,PRE_CROP_RANGE_FROZEN_V1
45,BIO26-L45,علم البيئة,الأنظمة البيئية المائية,209,209,208,2,13,TAH-BIO-BIO26-L45-Q013,BIO26-PDF209-L45-S2-Q013,التعاقب والعوامل المحددة والمناطق الحيوية والأنظمة المائية,BIO26-M28,المجتمعات والجماعات والتنوع الحيوي,BIO26-S28-01,التعاقب والعوامل المحددة والمناطق الحيوية والأنظمة المائية,تجميعات الأحياء 2026 — مفتاح الإجابة في PDF p.209,B,1,NOT_STARTED,,NOT_RUN,PRE_CROP_RANGE_FROZEN_V1
45,BIO26-L45,علم البيئة,الأنظمة البيئية المائية,209,209,208,2,14,TAH-BIO-BIO26-L45-Q014,BIO26-PDF209-L45-S2-Q014,التعاقب والعوامل المحددة والمناطق الحيوية والأنظمة المائية,BIO26-M28,المجتمعات والجماعات والتنوع الحيوي,BIO26-S28-01,التعاقب والعوامل المحددة والمناطق الحيوية والأنظمة المائية,تجميعات الأحياء 2026 — مفتاح الإجابة في PDF p.209,D,3,NOT_STARTED,,NOT_RUN,PRE_CROP_RANGE_FROZEN_V1
45,BIO26-L45,علم البيئة,الأنظمة البيئية المائية,209,209,208,2,15,TAH-BIO-BIO26-L45-Q015,BIO26-PDF209-L45-S2-Q015,التعاقب والعوامل المحددة والمناطق الحيوية والأنظمة المائية,BIO26-M28,المجتمعات والجماعات والتنوع الحيوي,BIO26-S28-01,التعاقب والعوامل المحددة والمناطق الحيوية والأنظمة المائية,تجميعات الأحياء 2026 — مفتاح الإجابة في PDF p.209,B,1,NOT_STARTED,,NOT_RUN,PRE_CROP_RANGE_FROZEN_V1
45,BIO26-L45,علم البيئة,الأنظمة البيئية المائية,209,209,208,2,16,TAH-BIO-BIO26-L45-Q016,BIO26-PDF209-L45-S2-Q016,التعاقب والعوامل المحددة والمناطق الحيوية والأنظمة المائية,BIO26-M28,المجتمعات والجماعات والتنوع الحيوي,BIO26-S28-01,التعاقب والعوامل المحددة والمناطق الحيوية والأنظمة المائية,تجميعات الأحياء 2026 — مفتاح الإجابة في PDF p.209,C,2,NOT_STARTED,,NOT_RUN,PRE_CROP_RANGE_FROZEN_V1
45,BIO26-L45,علم البيئة,الأنظمة البيئية المائية,209,209,208,2,17,TAH-BIO-BIO26-L45-Q017,BIO26-PDF209-L45-S2-Q017,التعاقب والعوامل المحددة والمناطق الحيوية والأنظمة المائية,BIO26-M28,المجتمعات والجماعات والتنوع الحيوي,BIO26-S28-01,التعاقب والعوامل المحددة والمناطق الحيوية والأنظمة المائية,تجميعات الأحياء 2026 — مفتاح الإجابة في PDF p.209,C,2,NOT_STARTED,,NOT_RUN,PRE_CROP_RANGE_FROZEN_V1
45,BIO26-L45,علم البيئة,الأنظمة البيئية المائية,209,209,208,2,18,TAH-BIO-BIO26-L45-Q018,BIO26-PDF209-L45-S2-Q018,التعاقب والعوامل المحددة والمناطق الحيوية والأنظمة المائية,BIO26-M28,المجتمعات والجماعات والتنوع الحيوي,BIO26-S28-01,التعاقب والعوامل المحددة والمناطق الحيوية والأنظمة المائية,تجميعات الأحياء 2026 — مفتاح الإجابة في PDF p.209,C,2,NOT_STARTED,,NOT_RUN,PRE_CROP_RANGE_FROZEN_V1
45,BIO26-L45,علم البيئة,الأنظمة البيئية المائية,209,209,208,2,19,TAH-BIO-BIO26-L45-Q019,BIO26-PDF209-L45-S2-Q019,التعاقب والعوامل المحددة والمناطق الحيوية والأنظمة المائية,BIO26-M28,المجتمعات والجماعات والتنوع الحيوي,BIO26-S28-01,التعاقب والعوامل المحددة والمناطق الحيوية والأنظمة المائية,تجميعات الأحياء 2026 — مفتاح الإجابة في PDF p.209,A,0,NOT_STARTED,,NOT_RUN,PRE_CROP_RANGE_FROZEN_V1
45,BIO26-L45,علم البيئة,الأنظمة البيئية المائية,209,209,208,2,20,TAH-BIO-BIO26-L45-Q020,BIO26-PDF209-L45-S2-Q020,التعاقب والعوامل المحددة والمناطق الحيوية والأنظمة المائية,BIO26-M28,المجتمعات والجماعات والتنوع الحيوي,BIO26-S28-01,التعاقب والعوامل المحددة والمناطق الحيوية والأنظمة المائية,تجميعات الأحياء 2026 — مفتاح الإجابة في PDF p.209,C,2,NOT_STARTED,,NOT_RUN,PRE_CROP_RANGE_FROZEN_V1
46,BIO26-L46,علم البيئة,علم بيئة الجماعات الحيوية,210,210,209,1,1,TAH-BIO-BIO26-L46-Q001,BIO26-PDF210-L46-S1-Q001,كثافة وتوزيع ونمو الجماعات والقدرة الاستيعابية والديموغرافيا,BIO26-M28,المجتمعات والجماعات والتنوع الحيوي,BIO26-S28-02,كثافة وتوزيع ونمو الجماعات والقدرة الاستيعابية والديموغرافيا,تجميعات الأحياء 2026 — مفتاح الإجابة في PDF p.210,A,0,NOT_STARTED,,NOT_RUN,PRE_CROP_RANGE_FROZEN_V1
46,BIO26-L46,علم البيئة,علم بيئة الجماعات الحيوية,210,210,209,1,2,TAH-BIO-BIO26-L46-Q002,BIO26-PDF210-L46-S1-Q002,كثافة وتوزيع ونمو الجماعات والقدرة الاستيعابية والديموغرافيا,BIO26-M28,المجتمعات والجماعات والتنوع الحيوي,BIO26-S28-02,كثافة وتوزيع ونمو الجماعات والقدرة الاستيعابية والديموغرافيا,تجميعات الأحياء 2026 — مفتاح الإجابة في PDF p.210,C,2,NOT_STARTED,,NOT_RUN,PRE_CROP_RANGE_FROZEN_V1
46,BIO26-L46,علم البيئة,علم بيئة الجماعات الحيوية,210,210,209,1,3,TAH-BIO-BIO26-L46-Q003,BIO26-PDF210-L46-S1-Q003,كثافة وتوزيع ونمو الجماعات والقدرة الاستيعابية والديموغرافيا,BIO26-M28,المجتمعات والجماعات والتنوع الحيوي,BIO26-S28-02,كثافة وتوزيع ونمو الجماعات والقدرة الاستيعابية والديموغرافيا,تجميعات الأحياء 2026 — مفتاح الإجابة في PDF p.210,A,0,NOT_STARTED,,NOT_RUN,PRE_CROP_RANGE_FROZEN_V1
46,BIO26-L46,علم البيئة,علم بيئة الجماعات الحيوية,210,210,209,1,4,TAH-BIO-BIO26-L46-Q004,BIO26-PDF210-L46-S1-Q004,كثافة وتوزيع ونمو الجماعات والقدرة الاستيعابية والديموغرافيا,BIO26-M28,المجتمعات والجماعات والتنوع الحيوي,BIO26-S28-02,كثافة وتوزيع ونمو الجماعات والقدرة الاستيعابية والديموغرافيا,تجميعات الأحياء 2026 — مفتاح الإجابة في PDF p.210,A,0,NOT_STARTED,,NOT_RUN,PRE_CROP_RANGE_FROZEN_V1
46,BIO26-L46,علم البيئة,علم بيئة الجماعات الحيوية,210,210,209,1,5,TAH-BIO-BIO26-L46-Q005,BIO26-PDF210-L46-S1-Q005,كثافة وتوزيع ونمو الجماعات والقدرة الاستيعابية والديموغرافيا,BIO26-M28,المجتمعات والجماعات والتنوع الحيوي,BIO26-S28-02,كثافة وتوزيع ونمو الجماعات والقدرة الاستيعابية والديموغرافيا,تجميعات الأحياء 2026 — مفتاح الإجابة في PDF p.210,C,2,NOT_STARTED,,NOT_RUN,PRE_CROP_RANGE_FROZEN_V1
46,BIO26-L46,علم البيئة,علم بيئة الجماعات الحيوية,210,210,209,1,6,TAH-BIO-BIO26-L46-Q006,BIO26-PDF210-L46-S1-Q006,كثافة وتوزيع ونمو الجماعات والقدرة الاستيعابية والديموغرافيا,BIO26-M28,المجتمعات والجماعات والتنوع الحيوي,BIO26-S28-02,كثافة وتوزيع ونمو الجماعات والقدرة الاستيعابية والديموغرافيا,تجميعات الأحياء 2026 — مفتاح الإجابة في PDF p.210,D,3,NOT_STARTED,,NOT_RUN,PRE_CROP_RANGE_FROZEN_V1
46,BIO26-L46,علم البيئة,علم بيئة الجماعات الحيوية,210,210,209,1,7,TAH-BIO-BIO26-L46-Q007,BIO26-PDF210-L46-S1-Q007,كثافة وتوزيع ونمو الجماعات والقدرة الاستيعابية والديموغرافيا,BIO26-M28,المجتمعات والجماعات والتنوع الحيوي,BIO26-S28-02,كثافة وتوزيع ونمو الجماعات والقدرة الاستيعابية والديموغرافيا,تجميعات الأحياء 2026 — مفتاح الإجابة في PDF p.210,D,3,NOT_STARTED,,NOT_RUN,PRE_CROP_RANGE_FROZEN_V1
46,BIO26-L46,علم البيئة,علم بيئة الجماعات الحيوية,210,210,209,1,8,TAH-BIO-BIO26-L46-Q008,BIO26-PDF210-L46-S1-Q008,كثافة وتوزيع ونمو الجماعات والقدرة الاستيعابية والديموغرافيا,BIO26-M28,المجتمعات والجماعات والتنوع الحيوي,BIO26-S28-02,كثافة وتوزيع ونمو الجماعات والقدرة الاستيعابية والديموغرافيا,تجميعات الأحياء 2026 — مفتاح الإجابة في PDF p.210,C,2,NOT_STARTED,,NOT_RUN,PRE_CROP_RANGE_FROZEN_V1
46,BIO26-L46,علم البيئة,علم بيئة الجماعات الحيوية,210,210,209,1,9,TAH-BIO-BIO26-L46-Q009,BIO26-PDF210-L46-S1-Q009,كثافة وتوزيع ونمو الجماعات والقدرة الاستيعابية والديموغرافيا,BIO26-M28,المجتمعات والجماعات والتنوع الحيوي,BIO26-S28-02,كثافة وتوزيع ونمو الجماعات والقدرة الاستيعابية والديموغرافيا,تجميعات الأحياء 2026 — مفتاح الإجابة في PDF p.210,B,1,NOT_STARTED,,NOT_RUN,PRE_CROP_RANGE_FROZEN_V1
46,BIO26-L46,علم البيئة,علم بيئة الجماعات الحيوية,210,210,209,1,10,TAH-BIO-BIO26-L46-Q010,BIO26-PDF210-L46-S1-Q010,كثافة وتوزيع ونمو الجماعات والقدرة الاستيعابية والديموغرافيا,BIO26-M28,المجتمعات والجماعات والتنوع الحيوي,BIO26-S28-02,كثافة وتوزيع ونمو الجماعات والقدرة الاستيعابية والديموغرافيا,تجميعات الأحياء 2026 — مفتاح الإجابة في PDF p.210,C,2,NOT_STARTED,,NOT_RUN,PRE_CROP_RANGE_FROZEN_V1
46,BIO26-L46,علم البيئة,علم بيئة الجماعات الحيوية,210,210,209,1,11,TAH-BIO-BIO26-L46-Q011,BIO26-PDF210-L46-S1-Q011,كثافة وتوزيع ونمو الجماعات والقدرة الاستيعابية والديموغرافيا,BIO26-M28,المجتمعات والجماعات والتنوع الحيوي,BIO26-S28-02,كثافة وتوزيع ونمو الجماعات والقدرة الاستيعابية والديموغرافيا,تجميعات الأحياء 2026 — مفتاح الإجابة في PDF p.210,D,3,NOT_STARTED,,NOT_RUN,PRE_CROP_RANGE_FROZEN_V1
46,BIO26-L46,علم البيئة,علم بيئة الجماعات الحيوية,210,210,209,1,12,TAH-BIO-BIO26-L46-Q012,BIO26-PDF210-L46-S1-Q012,كثافة وتوزيع ونمو الجماعات والقدرة الاستيعابية والديموغرافيا,BIO26-M28,المجتمعات والجماعات والتنوع الحيوي,BIO26-S28-02,كثافة وتوزيع ونمو الجماعات والقدرة الاستيعابية والديموغرافيا,تجميعات الأحياء 2026 — مفتاح الإجابة في PDF p.210,D,3,NOT_STARTED,,NOT_RUN,PRE_CROP_RANGE_FROZEN_V1
46,BIO26-L46,علم البيئة,علم بيئة الجماعات الحيوية,210,210,209,1,13,TAH-BIO-BIO26-L46-Q013,BIO26-PDF210-L46-S1-Q013,كثافة وتوزيع ونمو الجماعات والقدرة الاستيعابية والديموغرافيا,BIO26-M28,المجتمعات والجماعات والتنوع الحيوي,BIO26-S28-02,كثافة وتوزيع ونمو الجماعات والقدرة الاستيعابية والديموغرافيا,تجميعات الأحياء 2026 — مفتاح الإجابة في PDF p.210,D,3,NOT_STARTED,,NOT_RUN,PRE_CROP_RANGE_FROZEN_V1
46,BIO26-L46,علم البيئة,علم بيئة الجماعات الحيوية,210,210,209,1,14,TAH-BIO-BIO26-L46-Q014,BIO26-PDF210-L46-S1-Q014,كثافة وتوزيع ونمو الجماعات والقدرة الاستيعابية والديموغرافيا,BIO26-M28,المجتمعات والجماعات والتنوع الحيوي,BIO26-S28-02,كثافة وتوزيع ونمو الجماعات والقدرة الاستيعابية والديموغرافيا,تجميعات الأحياء 2026 — مفتاح الإجابة في PDF p.210,D,3,NOT_STARTED,,NOT_RUN,PRE_CROP_RANGE_FROZEN_V1
46,BIO26-L46,علم البيئة,علم بيئة الجماعات الحيوية,210,210,209,1,15,TAH-BIO-BIO26-L46-Q015,BIO26-PDF210-L46-S1-Q015,كثافة وتوزيع ونمو الجماعات والقدرة الاستيعابية والديموغرافيا,BIO26-M28,المجتمعات والجماعات والتنوع الحيوي,BIO26-S28-02,كثافة وتوزيع ونمو الجماعات والقدرة الاستيعابية والديموغرافيا,تجميعات الأحياء 2026 — مفتاح الإجابة في PDF p.210,C,2,NOT_STARTED,,NOT_RUN,PRE_CROP_RANGE_FROZEN_V1
46,BIO26-L46,علم البيئة,علم بيئة الجماعات الحيوية,210,210,209,1,16,TAH-BIO-BIO26-L46-Q016,BIO26-PDF210-L46-S1-Q016,كثافة وتوزيع ونمو الجماعات والقدرة الاستيعابية والديموغرافيا,BIO26-M28,المجتمعات والجماعات والتنوع الحيوي,BIO26-S28-02,كثافة وتوزيع ونمو الجماعات والقدرة الاستيعابية والديموغرافيا,تجميعات الأحياء 2026 — مفتاح الإجابة في PDF p.210,C,2,NOT_STARTED,,NOT_RUN,PRE_CROP_RANGE_FROZEN_V1
46,BIO26-L46,علم البيئة,علم بيئة الجماعات الحيوية,210,210,209,1,17,TAH-BIO-BIO26-L46-Q017,BIO26-PDF210-L46-S1-Q017,كثافة وتوزيع ونمو الجماعات والقدرة الاستيعابية والديموغرافيا,BIO26-M28,المجتمعات والجماعات والتنوع الحيوي,BIO26-S28-02,كثافة وتوزيع ونمو الجماعات والقدرة الاستيعابية والديموغرافيا,تجميعات الأحياء 2026 — مفتاح الإجابة في PDF p.210,A,0,NOT_STARTED,,NOT_RUN,PRE_CROP_RANGE_FROZEN_V1
46,BIO26-L46,علم البيئة,علم بيئة الجماعات الحيوية,211,211,210,1,18,TAH-BIO-BIO26-L46-Q018,BIO26-PDF211-L46-S1-Q018,كثافة وتوزيع ونمو الجماعات والقدرة الاستيعابية والديموغرافيا,BIO26-M28,المجتمعات والجماعات والتنوع الحيوي,BIO26-S28-02,كثافة وتوزيع ونمو الجماعات والقدرة الاستيعابية والديموغرافيا,تجميعات الأحياء 2026 — مفتاح الإجابة في PDF p.211,B,1,NOT_STARTED,,NOT_RUN,PRE_CROP_RANGE_FROZEN_V1
46,BIO26-L46,علم البيئة,علم بيئة الجماعات الحيوية,211,211,210,1,19,TAH-BIO-BIO26-L46-Q019,BIO26-PDF211-L46-S1-Q019,كثافة وتوزيع ونمو الجماعات والقدرة الاستيعابية والديموغرافيا,BIO26-M28,المجتمعات والجماعات والتنوع الحيوي,BIO26-S28-02,كثافة وتوزيع ونمو الجماعات والقدرة الاستيعابية والديموغرافيا,تجميعات الأحياء 2026 — مفتاح الإجابة في PDF p.211,D,3,NOT_STARTED,,NOT_RUN,PRE_CROP_RANGE_FROZEN_V1
46,BIO26-L46,علم البيئة,علم بيئة الجماعات الحيوية,211,211,210,1,20,TAH-BIO-BIO26-L46-Q020,BIO26-PDF211-L46-S1-Q020,كثافة وتوزيع ونمو الجماعات والقدرة الاستيعابية والديموغرافيا,BIO26-M28,المجتمعات والجماعات والتنوع الحيوي,BIO26-S28-02,كثافة وتوزيع ونمو الجماعات والقدرة الاستيعابية والديموغرافيا,تجميعات الأحياء 2026 — مفتاح الإجابة في PDF p.211,B,1,NOT_STARTED,,NOT_RUN,PRE_CROP_RANGE_FROZEN_V1
46,BIO26-L46,علم البيئة,علم بيئة الجماعات الحيوية,211,211,210,1,21,TAH-BIO-BIO26-L46-Q021,BIO26-PDF211-L46-S1-Q021,كثافة وتوزيع ونمو الجماعات والقدرة الاستيعابية والديموغرافيا,BIO26-M28,المجتمعات والجماعات والتنوع الحيوي,BIO26-S28-02,كثافة وتوزيع ونمو الجماعات والقدرة الاستيعابية والديموغرافيا,تجميعات الأحياء 2026 — مفتاح الإجابة في PDF p.211,A,0,NOT_STARTED,,NOT_RUN,PRE_CROP_RANGE_FROZEN_V1
46,BIO26-L46,علم البيئة,علم بيئة الجماعات الحيوية,211,211,210,1,22,TAH-BIO-BIO26-L46-Q022,BIO26-PDF211-L46-S1-Q022,كثافة وتوزيع ونمو الجماعات والقدرة الاستيعابية والديموغرافيا,BIO26-M28,المجتمعات والجماعات والتنوع الحيوي,BIO26-S28-02,كثافة وتوزيع ونمو الجماعات والقدرة الاستيعابية والديموغرافيا,تجميعات الأحياء 2026 — مفتاح الإجابة في PDF p.211,D,3,NOT_STARTED,,NOT_RUN,PRE_CROP_RANGE_FROZEN_V1
46,BIO26-L46,علم البيئة,علم بيئة الجماعات الحيوية,211,211,210,1,23,TAH-BIO-BIO26-L46-Q023,BIO26-PDF211-L46-S1-Q023,كثافة وتوزيع ونمو الجماعات والقدرة الاستيعابية والديموغرافيا,BIO26-M28,المجتمعات والجماعات والتنوع الحيوي,BIO26-S28-02,كثافة وتوزيع ونمو الجماعات والقدرة الاستيعابية والديموغرافيا,تجميعات الأحياء 2026 — مفتاح الإجابة في PDF p.211,C,2,NOT_STARTED,,NOT_RUN,PRE_CROP_RANGE_FROZEN_V1
46,BIO26-L46,علم البيئة,علم بيئة الجماعات الحيوية,211,211,210,1,24,TAH-BIO-BIO26-L46-Q024,BIO26-PDF211-L46-S1-Q024,كثافة وتوزيع ونمو الجماعات والقدرة الاستيعابية والديموغرافيا,BIO26-M28,المجتمعات والجماعات والتنوع الحيوي,BIO26-S28-02,كثافة وتوزيع ونمو الجماعات والقدرة الاستيعابية والديموغرافيا,تجميعات الأحياء 2026 — مفتاح الإجابة في PDF p.211,A,0,NOT_STARTED,,NOT_RUN,PRE_CROP_RANGE_FROZEN_V1
46,BIO26-L46,علم البيئة,علم بيئة الجماعات الحيوية,211,211,210,1,25,TAH-BIO-BIO26-L46-Q025,BIO26-PDF211-L46-S1-Q025,كثافة وتوزيع ونمو الجماعات والقدرة الاستيعابية والديموغرافيا,BIO26-M28,المجتمعات والجماعات والتنوع الحيوي,BIO26-S28-02,كثافة وتوزيع ونمو الجماعات والقدرة الاستيعابية والديموغرافيا,تجميعات الأحياء 2026 — مفتاح الإجابة في PDF p.211,D,3,NOT_STARTED,,NOT_RUN,PRE_CROP_RANGE_FROZEN_V1
46,BIO26-L46,علم البيئة,علم بيئة الجماعات الحيوية,211,211,210,1,26,TAH-BIO-BIO26-L46-Q026,BIO26-PDF211-L46-S1-Q026,كثافة وتوزيع ونمو الجماعات والقدرة الاستيعابية والديموغرافيا,BIO26-M28,المجتمعات والجماعات والتنوع الحيوي,BIO26-S28-02,كثافة وتوزيع ونمو الجماعات والقدرة الاستيعابية والديموغرافيا,تجميعات الأحياء 2026 — مفتاح الإجابة في PDF p.211,B,1,NOT_STARTED,,NOT_RUN,PRE_CROP_RANGE_FROZEN_V1
46,BIO26-L46,علم البيئة,علم بيئة الجماعات الحيوية,212,212,211,1,27,TAH-BIO-BIO26-L46-Q027,BIO26-PDF212-L46-S1-Q027,كثافة وتوزيع ونمو الجماعات والقدرة الاستيعابية والديموغرافيا,BIO26-M28,المجتمعات والجماعات والتنوع الحيوي,BIO26-S28-02,كثافة وتوزيع ونمو الجماعات والقدرة الاستيعابية والديموغرافيا,تجميعات الأحياء 2026 — مفتاح الإجابة في PDF p.212,A,0,NOT_STARTED,,NOT_RUN,PRE_CROP_RANGE_FROZEN_V1
46,BIO26-L46,علم البيئة,علم بيئة الجماعات الحيوية,212,212,211,1,28,TAH-BIO-BIO26-L46-Q028,BIO26-PDF212-L46-S1-Q028,كثافة وتوزيع ونمو الجماعات والقدرة الاستيعابية والديموغرافيا,BIO26-M28,المجتمعات والجماعات والتنوع الحيوي,BIO26-S28-02,كثافة وتوزيع ونمو الجماعات والقدرة الاستيعابية والديموغرافيا,تجميعات الأحياء 2026 — مفتاح الإجابة في PDF p.212,B,1,NOT_STARTED,,NOT_RUN,PRE_CROP_RANGE_FROZEN_V1
46,BIO26-L46,علم البيئة,علم بيئة الجماعات الحيوية,212,212,211,1,29,TAH-BIO-BIO26-L46-Q029,BIO26-PDF212-L46-S1-Q029,كثافة وتوزيع ونمو الجماعات والقدرة الاستيعابية والديموغرافيا,BIO26-M28,المجتمعات والجماعات والتنوع الحيوي,BIO26-S28-02,كثافة وتوزيع ونمو الجماعات والقدرة الاستيعابية والديموغرافيا,تجميعات الأحياء 2026 — مفتاح الإجابة في PDF p.212,C,2,NOT_STARTED,,NOT_RUN,PRE_CROP_RANGE_FROZEN_V1
46,BIO26-L46,علم البيئة,علم بيئة الجماعات الحيوية,212,212,211,1,30,TAH-BIO-BIO26-L46-Q030,BIO26-PDF212-L46-S1-Q030,كثافة وتوزيع ونمو الجماعات والقدرة الاستيعابية والديموغرافيا,BIO26-M28,المجتمعات والجماعات والتنوع الحيوي,BIO26-S28-02,كثافة وتوزيع ونمو الجماعات والقدرة الاستيعابية والديموغرافيا,تجميعات الأحياء 2026 — مفتاح الإجابة في PDF p.212,A,0,NOT_STARTED,,NOT_RUN,PRE_CROP_RANGE_FROZEN_V1
46,BIO26-L46,علم البيئة,علم بيئة الجماعات الحيوية,212,212,211,1,31,TAH-BIO-BIO26-L46-Q031,BIO26-PDF212-L46-S1-Q031,كثافة وتوزيع ونمو الجماعات والقدرة الاستيعابية والديموغرافيا,BIO26-M28,المجتمعات والجماعات والتنوع الحيوي,BIO26-S28-02,كثافة وتوزيع ونمو الجماعات والقدرة الاستيعابية والديموغرافيا,تجميعات الأحياء 2026 — مفتاح الإجابة في PDF p.212,D,3,NOT_STARTED,,NOT_RUN,PRE_CROP_RANGE_FROZEN_V1
46,BIO26-L46,علم البيئة,علم بيئة الجماعات الحيوية,212,212,211,1,32,TAH-BIO-BIO26-L46-Q032,BIO26-PDF212-L46-S1-Q032,كثافة وتوزيع ونمو الجماعات والقدرة الاستيعابية والديموغرافيا,BIO26-M28,المجتمعات والجماعات والتنوع الحيوي,BIO26-S28-02,كثافة وتوزيع ونمو الجماعات والقدرة الاستيعابية والديموغرافيا,تجميعات الأحياء 2026 — مفتاح الإجابة في PDF p.212,A,0,NOT_STARTED,,NOT_RUN,PRE_CROP_RANGE_FROZEN_V1
46,BIO26-L46,علم البيئة,علم بيئة الجماعات الحيوية,213,213,212,2,33,TAH-BIO-BIO26-L46-Q033,BIO26-PDF213-L46-S2-Q033,كثافة وتوزيع ونمو الجماعات والقدرة الاستيعابية والديموغرافيا,BIO26-M28,المجتمعات والجماعات والتنوع الحيوي,BIO26-S28-02,كثافة وتوزيع ونمو الجماعات والقدرة الاستيعابية والديموغرافيا,تجميعات الأحياء 2026 — مفتاح الإجابة في PDF p.213,B,1,NOT_STARTED,,NOT_RUN,PRE_CROP_RANGE_FROZEN_V1
46,BIO26-L46,علم البيئة,علم بيئة الجماعات الحيوية,213,213,212,2,34,TAH-BIO-BIO26-L46-Q034,BIO26-PDF213-L46-S2-Q034,كثافة وتوزيع ونمو الجماعات والقدرة الاستيعابية والديموغرافيا,BIO26-M28,المجتمعات والجماعات والتنوع الحيوي,BIO26-S28-02,كثافة وتوزيع ونمو الجماعات والقدرة الاستيعابية والديموغرافيا,تجميعات الأحياء 2026 — مفتاح الإجابة في PDF p.213,A,0,NOT_STARTED,,NOT_RUN,PRE_CROP_RANGE_FROZEN_V1
46,BIO26-L46,علم البيئة,علم بيئة الجماعات الحيوية,213,213,212,2,35,TAH-BIO-BIO26-L46-Q035,BIO26-PDF213-L46-S2-Q035,كثافة وتوزيع ونمو الجماعات والقدرة الاستيعابية والديموغرافيا,BIO26-M28,المجتمعات والجماعات والتنوع الحيوي,BIO26-S28-02,كثافة وتوزيع ونمو الجماعات والقدرة الاستيعابية والديموغرافيا,تجميعات الأحياء 2026 — مفتاح الإجابة في PDF p.213,C,2,NOT_STARTED,,NOT_RUN,PRE_CROP_RANGE_FROZEN_V1
46,BIO26-L46,علم البيئة,علم بيئة الجماعات الحيوية,213,213,212,2,36,TAH-BIO-BIO26-L46-Q036,BIO26-PDF213-L46-S2-Q036,كثافة وتوزيع ونمو الجماعات والقدرة الاستيعابية والديموغرافيا,BIO26-M28,المجتمعات والجماعات والتنوع الحيوي,BIO26-S28-02,كثافة وتوزيع ونمو الجماعات والقدرة الاستيعابية والديموغرافيا,تجميعات الأحياء 2026 — مفتاح الإجابة في PDF p.213,A,0,NOT_STARTED,,NOT_RUN,PRE_CROP_RANGE_FROZEN_V1
46,BIO26-L46,علم البيئة,علم بيئة الجماعات الحيوية,213,213,212,2,37,TAH-BIO-BIO26-L46-Q037,BIO26-PDF213-L46-S2-Q037,كثافة وتوزيع ونمو الجماعات والقدرة الاستيعابية والديموغرافيا,BIO26-M28,المجتمعات والجماعات والتنوع الحيوي,BIO26-S28-02,كثافة وتوزيع ونمو الجماعات والقدرة الاستيعابية والديموغرافيا,تجميعات الأحياء 2026 — مفتاح الإجابة في PDF p.213,A,0,NOT_STARTED,,NOT_RUN,PRE_CROP_RANGE_FROZEN_V1
46,BIO26-L46,علم البيئة,علم بيئة الجماعات الحيوية,213,213,212,2,38,TAH-BIO-BIO26-L46-Q038,BIO26-PDF213-L46-S2-Q038,كثافة وتوزيع ونمو الجماعات والقدرة الاستيعابية والديموغرافيا,BIO26-M28,المجتمعات والجماعات والتنوع الحيوي,BIO26-S28-02,كثافة وتوزيع ونمو الجماعات والقدرة الاستيعابية والديموغرافيا,تجميعات الأحياء 2026 — مفتاح الإجابة في PDF p.213,B,1,NOT_STARTED,,NOT_RUN,PRE_CROP_RANGE_FROZEN_V1
46,BIO26-L46,علم البيئة,علم بيئة الجماعات الحيوية,213,213,212,2,39,TAH-BIO-BIO26-L46-Q039,BIO26-PDF213-L46-S2-Q039,كثافة وتوزيع ونمو الجماعات والقدرة الاستيعابية والديموغرافيا,BIO26-M28,المجتمعات والجماعات والتنوع الحيوي,BIO26-S28-02,كثافة وتوزيع ونمو الجماعات والقدرة الاستيعابية والديموغرافيا,تجميعات الأحياء 2026 — مفتاح الإجابة في PDF p.213,D,3,NOT_STARTED,,NOT_RUN,PRE_CROP_RANGE_FROZEN_V1
46,BIO26-L46,علم البيئة,علم بيئة الجماعات الحيوية,213,213,212,2,40,TAH-BIO-BIO26-L46-Q040,BIO26-PDF213-L46-S2-Q040,كثافة وتوزيع ونمو الجماعات والقدرة الاستيعابية والديموغرافيا,BIO26-M28,المجتمعات والجماعات والتنوع الحيوي,BIO26-S28-02,كثافة وتوزيع ونمو الجماعات والقدرة الاستيعابية والديموغرافيا,تجميعات الأحياء 2026 — مفتاح الإجابة في PDF p.213,C,2,NOT_STARTED,,NOT_RUN,PRE_CROP_RANGE_FROZEN_V1
46,BIO26-L46,علم البيئة,علم بيئة الجماعات الحيوية,213,213,212,2,41,TAH-BIO-BIO26-L46-Q041,BIO26-PDF213-L46-S2-Q041,كثافة وتوزيع ونمو الجماعات والقدرة الاستيعابية والديموغرافيا,BIO26-M28,المجتمعات والجماعات والتنوع الحيوي,BIO26-S28-02,كثافة وتوزيع ونمو الجماعات والقدرة الاستيعابية والديموغرافيا,تجميعات الأحياء 2026 — مفتاح الإجابة في PDF p.213,C,2,NOT_STARTED,,NOT_RUN,PRE_CROP_RANGE_FROZEN_V1
46,BIO26-L46,علم البيئة,علم بيئة الجماعات الحيوية,213,213,212,2,42,TAH-BIO-BIO26-L46-Q042,BIO26-PDF213-L46-S2-Q042,كثافة وتوزيع ونمو الجماعات والقدرة الاستيعابية والديموغرافيا,BIO26-M28,المجتمعات والجماعات والتنوع الحيوي,BIO26-S28-02,كثافة وتوزيع ونمو الجماعات والقدرة الاستيعابية والديموغرافيا,تجميعات الأحياء 2026 — مفتاح الإجابة في PDF p.213,C,2,NOT_STARTED,,NOT_RUN,PRE_CROP_RANGE_FROZEN_V1
46,BIO26-L46,علم البيئة,علم بيئة الجماعات الحيوية,213,213,212,2,43,TAH-BIO-BIO26-L46-Q043,BIO26-PDF213-L46-S2-Q043,كثافة وتوزيع ونمو الجماعات والقدرة الاستيعابية والديموغرافيا,BIO26-M28,المجتمعات والجماعات والتنوع الحيوي,BIO26-S28-02,كثافة وتوزيع ونمو الجماعات والقدرة الاستيعابية والديموغرافيا,تجميعات الأحياء 2026 — مفتاح الإجابة في PDF p.213,B,1,NOT_STARTED,,NOT_RUN,PRE_CROP_RANGE_FROZEN_V1
46,BIO26-L46,علم البيئة,علم بيئة الجماعات الحيوية,213,213,212,2,44,TAH-BIO-BIO26-L46-Q044,BIO26-PDF213-L46-S2-Q044,كثافة وتوزيع ونمو الجماعات والقدرة الاستيعابية والديموغرافيا,BIO26-M28,المجتمعات والجماعات والتنوع الحيوي,BIO26-S28-02,كثافة وتوزيع ونمو الجماعات والقدرة الاستيعابية والديموغرافيا,تجميعات الأحياء 2026 — مفتاح الإجابة في PDF p.213,C,2,NOT_STARTED,,NOT_RUN,PRE_CROP_RANGE_FROZEN_V1
46,BIO26-L46,علم البيئة,علم بيئة الجماعات الحيوية,213,213,212,2,45,TAH-BIO-BIO26-L46-Q045,BIO26-PDF213-L46-S2-Q045,كثافة وتوزيع ونمو الجماعات والقدرة الاستيعابية والديموغرافيا,BIO26-M28,المجتمعات والجماعات والتنوع الحيوي,BIO26-S28-02,كثافة وتوزيع ونمو الجماعات والقدرة الاستيعابية والديموغرافيا,تجميعات الأحياء 2026 — مفتاح الإجابة في PDF p.213,D,3,NOT_STARTED,,NOT_RUN,PRE_CROP_RANGE_FROZEN_V1
46,BIO26-L46,علم البيئة,علم بيئة الجماعات الحيوية,213,213,212,2,46,TAH-BIO-BIO26-L46-Q046,BIO26-PDF213-L46-S2-Q046,كثافة وتوزيع ونمو الجماعات والقدرة الاستيعابية والديموغرافيا,BIO26-M28,المجتمعات والجماعات والتنوع الحيوي,BIO26-S28-02,كثافة وتوزيع ونمو الجماعات والقدرة الاستيعابية والديموغرافيا,تجميعات الأحياء 2026 — مفتاح الإجابة في PDF p.213,A,0,NOT_STARTED,,NOT_RUN,PRE_CROP_RANGE_FROZEN_V1
46,BIO26-L46,علم البيئة,علم بيئة الجماعات الحيوية,213,213,212,2,47,TAH-BIO-BIO26-L46-Q047,BIO26-PDF213-L46-S2-Q047,كثافة وتوزيع ونمو الجماعات والقدرة الاستيعابية والديموغرافيا,BIO26-M28,المجتمعات والجماعات والتنوع الحيوي,BIO26-S28-02,كثافة وتوزيع ونمو الجماعات والقدرة الاستيعابية والديموغرافيا,تجميعات الأحياء 2026 — مفتاح الإجابة في PDF p.213,B,1,NOT_STARTED,,NOT_RUN,PRE_CROP_RANGE_FROZEN_V1
46,BIO26-L46,علم البيئة,علم بيئة الجماعات الحيوية,213,213,212,2,48,TAH-BIO-BIO26-L46-Q048,BIO26-PDF213-L46-S2-Q048,كثافة وتوزيع ونمو الجماعات والقدرة الاستيعابية والديموغرافيا,BIO26-M28,المجتمعات والجماعات والتنوع الحيوي,BIO26-S28-02,كثافة وتوزيع ونمو الجماعات والقدرة الاستيعابية والديموغرافيا,تجميعات الأحياء 2026 — مفتاح الإجابة في PDF p.213,A,0,NOT_STARTED,,NOT_RUN,PRE_CROP_RANGE_FROZEN_V1
46,BIO26-L46,علم البيئة,علم بيئة الجماعات الحيوية,214,214,213,2,49,TAH-BIO-BIO26-L46-Q049,BIO26-PDF214-L46-S2-Q049,كثافة وتوزيع ونمو الجماعات والقدرة الاستيعابية والديموغرافيا,BIO26-M28,المجتمعات والجماعات والتنوع الحيوي,BIO26-S28-02,كثافة وتوزيع ونمو الجماعات والقدرة الاستيعابية والديموغرافيا,تجميعات الأحياء 2026 — مفتاح الإجابة في PDF p.214,B,1,NOT_STARTED,,NOT_RUN,PRE_CROP_RANGE_FROZEN_V1
46,BIO26-L46,علم البيئة,علم بيئة الجماعات الحيوية,214,214,213,2,50,TAH-BIO-BIO26-L46-Q050,BIO26-PDF214-L46-S2-Q050,كثافة وتوزيع ونمو الجماعات والقدرة الاستيعابية والديموغرافيا,BIO26-M28,المجتمعات والجماعات والتنوع الحيوي,BIO26-S28-02,كثافة وتوزيع ونمو الجماعات والقدرة الاستيعابية والديموغرافيا,تجميعات الأحياء 2026 — مفتاح الإجابة في PDF p.214,A,0,NOT_STARTED,,NOT_RUN,PRE_CROP_RANGE_FROZEN_V1
46,BIO26-L46,علم البيئة,علم بيئة الجماعات الحيوية,214,214,213,2,51,TAH-BIO-BIO26-L46-Q051,BIO26-PDF214-L46-S2-Q051,كثافة وتوزيع ونمو الجماعات والقدرة الاستيعابية والديموغرافيا,BIO26-M28,المجتمعات والجماعات والتنوع الحيوي,BIO26-S28-02,كثافة وتوزيع ونمو الجماعات والقدرة الاستيعابية والديموغرافيا,تجميعات الأحياء 2026 — مفتاح الإجابة في PDF p.214,A,0,NOT_STARTED,,NOT_RUN,PRE_CROP_RANGE_FROZEN_V1
46,BIO26-L46,علم البيئة,علم بيئة الجماعات الحيوية,214,214,213,2,52,TAH-BIO-BIO26-L46-Q052,BIO26-PDF214-L46-S2-Q052,كثافة وتوزيع ونمو الجماعات والقدرة الاستيعابية والديموغرافيا,BIO26-M28,المجتمعات والجماعات والتنوع الحيوي,BIO26-S28-02,كثافة وتوزيع ونمو الجماعات والقدرة الاستيعابية والديموغرافيا,تجميعات الأحياء 2026 — مفتاح الإجابة في PDF p.214,A,0,NOT_STARTED,,NOT_RUN,PRE_CROP_RANGE_FROZEN_V1
46,BIO26-L46,علم البيئة,علم بيئة الجماعات الحيوية,214,214,213,2,53,TAH-BIO-BIO26-L46-Q053,BIO26-PDF214-L46-S2-Q053,كثافة وتوزيع ونمو الجماعات والقدرة الاستيعابية والديموغرافيا,BIO26-M28,المجتمعات والجماعات والتنوع الحيوي,BIO26-S28-02,كثافة وتوزيع ونمو الجماعات والقدرة الاستيعابية والديموغرافيا,تجميعات الأحياء 2026 — مفتاح الإجابة في PDF p.214,C,2,NOT_STARTED,,NOT_RUN,PRE_CROP_RANGE_FROZEN_V1
47,BIO26-L47,علم البيئة,التنوع الحيوي والمحافظة عليه,215,215,214,1,1,TAH-BIO-BIO26-L47-Q001,BIO26-PDF215-L47-S1-Q001,التنوع الحيوي والتهديدات والمحافظة على الموارد واستعادة الأنظمة,BIO26-M28,المجتمعات والجماعات والتنوع الحيوي,BIO26-S28-03,التنوع الحيوي والتهديدات والمحافظة على الموارد واستعادة الأنظمة,تجميعات الأحياء 2026 — مفتاح الإجابة في PDF p.215,B,1,NOT_STARTED,,NOT_RUN,PRE_CROP_RANGE_FROZEN_V1
47,BIO26-L47,علم البيئة,التنوع الحيوي والمحافظة عليه,215,215,214,1,2,TAH-BIO-BIO26-L47-Q002,BIO26-PDF215-L47-S1-Q002,التنوع الحيوي والتهديدات والمحافظة على الموارد واستعادة الأنظمة,BIO26-M28,المجتمعات والجماعات والتنوع الحيوي,BIO26-S28-03,التنوع الحيوي والتهديدات والمحافظة على الموارد واستعادة الأنظمة,تجميعات الأحياء 2026 — مفتاح الإجابة في PDF p.215,A,0,NOT_STARTED,,NOT_RUN,PRE_CROP_RANGE_FROZEN_V1
47,BIO26-L47,علم البيئة,التنوع الحيوي والمحافظة عليه,215,215,214,1,3,TAH-BIO-BIO26-L47-Q003,BIO26-PDF215-L47-S1-Q003,التنوع الحيوي والتهديدات والمحافظة على الموارد واستعادة الأنظمة,BIO26-M28,المجتمعات والجماعات والتنوع الحيوي,BIO26-S28-03,التنوع الحيوي والتهديدات والمحافظة على الموارد واستعادة الأنظمة,تجميعات الأحياء 2026 — مفتاح الإجابة في PDF p.215,D,3,NOT_STARTED,,NOT_RUN,PRE_CROP_RANGE_FROZEN_V1
47,BIO26-L47,علم البيئة,التنوع الحيوي والمحافظة عليه,215,215,214,1,4,TAH-BIO-BIO26-L47-Q004,BIO26-PDF215-L47-S1-Q004,التنوع الحيوي والتهديدات والمحافظة على الموارد واستعادة الأنظمة,BIO26-M28,المجتمعات والجماعات والتنوع الحيوي,BIO26-S28-03,التنوع الحيوي والتهديدات والمحافظة على الموارد واستعادة الأنظمة,تجميعات الأحياء 2026 — مفتاح الإجابة في PDF p.215,C,2,NOT_STARTED,,NOT_RUN,PRE_CROP_RANGE_FROZEN_V1
47,BIO26-L47,علم البيئة,التنوع الحيوي والمحافظة عليه,215,215,214,1,5,TAH-BIO-BIO26-L47-Q005,BIO26-PDF215-L47-S1-Q005,التنوع الحيوي والتهديدات والمحافظة على الموارد واستعادة الأنظمة,BIO26-M28,المجتمعات والجماعات والتنوع الحيوي,BIO26-S28-03,التنوع الحيوي والتهديدات والمحافظة على الموارد واستعادة الأنظمة,تجميعات الأحياء 2026 — مفتاح الإجابة في PDF p.215,A,0,NOT_STARTED,,NOT_RUN,PRE_CROP_RANGE_FROZEN_V1
47,BIO26-L47,علم البيئة,التنوع الحيوي والمحافظة عليه,215,215,214,1,6,TAH-BIO-BIO26-L47-Q006,BIO26-PDF215-L47-S1-Q006,التنوع الحيوي والتهديدات والمحافظة على الموارد واستعادة الأنظمة,BIO26-M28,المجتمعات والجماعات والتنوع الحيوي,BIO26-S28-03,التنوع الحيوي والتهديدات والمحافظة على الموارد واستعادة الأنظمة,تجميعات الأحياء 2026 — مفتاح الإجابة في PDF p.215,A,0,NOT_STARTED,,NOT_RUN,PRE_CROP_RANGE_FROZEN_V1
47,BIO26-L47,علم البيئة,التنوع الحيوي والمحافظة عليه,215,215,214,1,7,TAH-BIO-BIO26-L47-Q007,BIO26-PDF215-L47-S1-Q007,التنوع الحيوي والتهديدات والمحافظة على الموارد واستعادة الأنظمة,BIO26-M28,المجتمعات والجماعات والتنوع الحيوي,BIO26-S28-03,التنوع الحيوي والتهديدات والمحافظة على الموارد واستعادة الأنظمة,تجميعات الأحياء 2026 — مفتاح الإجابة في PDF p.215,D,3,NOT_STARTED,,NOT_RUN,PRE_CROP_RANGE_FROZEN_V1
47,BIO26-L47,علم البيئة,التنوع الحيوي والمحافظة عليه,215,215,214,1,8,TAH-BIO-BIO26-L47-Q008,BIO26-PDF215-L47-S1-Q008,التنوع الحيوي والتهديدات والمحافظة على الموارد واستعادة الأنظمة,BIO26-M28,المجتمعات والجماعات والتنوع الحيوي,BIO26-S28-03,التنوع الحيوي والتهديدات والمحافظة على الموارد واستعادة الأنظمة,تجميعات الأحياء 2026 — مفتاح الإجابة في PDF p.215,B,1,NOT_STARTED,,NOT_RUN,PRE_CROP_RANGE_FROZEN_V1
47,BIO26-L47,علم البيئة,التنوع الحيوي والمحافظة عليه,215,215,214,1,9,TAH-BIO-BIO26-L47-Q009,BIO26-PDF215-L47-S1-Q009,التنوع الحيوي والتهديدات والمحافظة على الموارد واستعادة الأنظمة,BIO26-M28,المجتمعات والجماعات والتنوع الحيوي,BIO26-S28-03,التنوع الحيوي والتهديدات والمحافظة على الموارد واستعادة الأنظمة,تجميعات الأحياء 2026 — مفتاح الإجابة في PDF p.215,D,3,NOT_STARTED,,NOT_RUN,PRE_CROP_RANGE_FROZEN_V1
47,BIO26-L47,علم البيئة,التنوع الحيوي والمحافظة عليه,215,215,214,1,10,TAH-BIO-BIO26-L47-Q010,BIO26-PDF215-L47-S1-Q010,التنوع الحيوي والتهديدات والمحافظة على الموارد واستعادة الأنظمة,BIO26-M28,المجتمعات والجماعات والتنوع الحيوي,BIO26-S28-03,التنوع الحيوي والتهديدات والمحافظة على الموارد واستعادة الأنظمة,تجميعات الأحياء 2026 — مفتاح الإجابة في PDF p.215,D,3,NOT_STARTED,,NOT_RUN,PRE_CROP_RANGE_FROZEN_V1
47,BIO26-L47,علم البيئة,التنوع الحيوي والمحافظة عليه,215,215,214,1,11,TAH-BIO-BIO26-L47-Q011,BIO26-PDF215-L47-S1-Q011,التنوع الحيوي والتهديدات والمحافظة على الموارد واستعادة الأنظمة,BIO26-M28,المجتمعات والجماعات والتنوع الحيوي,BIO26-S28-03,التنوع الحيوي والتهديدات والمحافظة على الموارد واستعادة الأنظمة,تجميعات الأحياء 2026 — مفتاح الإجابة في PDF p.215,A,0,NOT_STARTED,,NOT_RUN,PRE_CROP_RANGE_FROZEN_V1
47,BIO26-L47,علم البيئة,التنوع الحيوي والمحافظة عليه,215,215,214,1,12,TAH-BIO-BIO26-L47-Q012,BIO26-PDF215-L47-S1-Q012,التنوع الحيوي والتهديدات والمحافظة على الموارد واستعادة الأنظمة,BIO26-M28,المجتمعات والجماعات والتنوع الحيوي,BIO26-S28-03,التنوع الحيوي والتهديدات والمحافظة على الموارد واستعادة الأنظمة,تجميعات الأحياء 2026 — مفتاح الإجابة في PDF p.215,C,2,NOT_STARTED,,NOT_RUN,PRE_CROP_RANGE_FROZEN_V1
47,BIO26-L47,علم البيئة,التنوع الحيوي والمحافظة عليه,215,215,214,1,13,TAH-BIO-BIO26-L47-Q013,BIO26-PDF215-L47-S1-Q013,التنوع الحيوي والتهديدات والمحافظة على الموارد واستعادة الأنظمة,BIO26-M28,المجتمعات والجماعات والتنوع الحيوي,BIO26-S28-03,التنوع الحيوي والتهديدات والمحافظة على الموارد واستعادة الأنظمة,تجميعات الأحياء 2026 — مفتاح الإجابة في PDF p.215,A,0,NOT_STARTED,,NOT_RUN,PRE_CROP_RANGE_FROZEN_V1
47,BIO26-L47,علم البيئة,التنوع الحيوي والمحافظة عليه,215,215,214,1,14,TAH-BIO-BIO26-L47-Q014,BIO26-PDF215-L47-S1-Q014,التنوع الحيوي والتهديدات والمحافظة على الموارد واستعادة الأنظمة,BIO26-M28,المجتمعات والجماعات والتنوع الحيوي,BIO26-S28-03,التنوع الحيوي والتهديدات والمحافظة على الموارد واستعادة الأنظمة,تجميعات الأحياء 2026 — مفتاح الإجابة في PDF p.215,B,1,NOT_STARTED,,NOT_RUN,PRE_CROP_RANGE_FROZEN_V1
47,BIO26-L47,علم البيئة,التنوع الحيوي والمحافظة عليه,215,215,214,1,15,TAH-BIO-BIO26-L47-Q015,BIO26-PDF215-L47-S1-Q015,التنوع الحيوي والتهديدات والمحافظة على الموارد واستعادة الأنظمة,BIO26-M28,المجتمعات والجماعات والتنوع الحيوي,BIO26-S28-03,التنوع الحيوي والتهديدات والمحافظة على الموارد واستعادة الأنظمة,تجميعات الأحياء 2026 — مفتاح الإجابة في PDF p.215,C,2,NOT_STARTED,,NOT_RUN,PRE_CROP_RANGE_FROZEN_V1
47,BIO26-L47,علم البيئة,التنوع الحيوي والمحافظة عليه,215,215,214,1,16,TAH-BIO-BIO26-L47-Q016,BIO26-PDF215-L47-S1-Q016,التنوع الحيوي والتهديدات والمحافظة على الموارد واستعادة الأنظمة,BIO26-M28,المجتمعات والجماعات والتنوع الحيوي,BIO26-S28-03,التنوع الحيوي والتهديدات والمحافظة على الموارد واستعادة الأنظمة,تجميعات الأحياء 2026 — مفتاح الإجابة في PDF p.215,B,1,NOT_STARTED,,NOT_RUN,PRE_CROP_RANGE_FROZEN_V1
47,BIO26-L47,علم البيئة,التنوع الحيوي والمحافظة عليه,216,216,215,1,17,TAH-BIO-BIO26-L47-Q017,BIO26-PDF216-L47-S1-Q017,التنوع الحيوي والتهديدات والمحافظة على الموارد واستعادة الأنظمة,BIO26-M28,المجتمعات والجماعات والتنوع الحيوي,BIO26-S28-03,التنوع الحيوي والتهديدات والمحافظة على الموارد واستعادة الأنظمة,تجميعات الأحياء 2026 — مفتاح الإجابة في PDF p.216,A,0,NOT_STARTED,,NOT_RUN,PRE_CROP_RANGE_FROZEN_V1
47,BIO26-L47,علم البيئة,التنوع الحيوي والمحافظة عليه,216,216,215,1,18,TAH-BIO-BIO26-L47-Q018,BIO26-PDF216-L47-S1-Q018,التنوع الحيوي والتهديدات والمحافظة على الموارد واستعادة الأنظمة,BIO26-M28,المجتمعات والجماعات والتنوع الحيوي,BIO26-S28-03,التنوع الحيوي والتهديدات والمحافظة على الموارد واستعادة الأنظمة,تجميعات الأحياء 2026 — مفتاح الإجابة في PDF p.216,B,1,NOT_STARTED,,NOT_RUN,PRE_CROP_RANGE_FROZEN_V1
47,BIO26-L47,علم البيئة,التنوع الحيوي والمحافظة عليه,216,216,215,1,19,TAH-BIO-BIO26-L47-Q019,BIO26-PDF216-L47-S1-Q019,التنوع الحيوي والتهديدات والمحافظة على الموارد واستعادة الأنظمة,BIO26-M28,المجتمعات والجماعات والتنوع الحيوي,BIO26-S28-03,التنوع الحيوي والتهديدات والمحافظة على الموارد واستعادة الأنظمة,تجميعات الأحياء 2026 — مفتاح الإجابة في PDF p.216,A,0,NOT_STARTED,,NOT_RUN,PRE_CROP_RANGE_FROZEN_V1
47,BIO26-L47,علم البيئة,التنوع الحيوي والمحافظة عليه,216,216,215,1,20,TAH-BIO-BIO26-L47-Q020,BIO26-PDF216-L47-S1-Q020,التنوع الحيوي والتهديدات والمحافظة على الموارد واستعادة الأنظمة,BIO26-M28,المجتمعات والجماعات والتنوع الحيوي,BIO26-S28-03,التنوع الحيوي والتهديدات والمحافظة على الموارد واستعادة الأنظمة,تجميعات الأحياء 2026 — مفتاح الإجابة في PDF p.216,B,1,NOT_STARTED,,NOT_RUN,PRE_CROP_RANGE_FROZEN_V1
47,BIO26-L47,علم البيئة,التنوع الحيوي والمحافظة عليه,216,216,215,1,21,TAH-BIO-BIO26-L47-Q021,BIO26-PDF216-L47-S1-Q021,التنوع الحيوي والتهديدات والمحافظة على الموارد واستعادة الأنظمة,BIO26-M28,المجتمعات والجماعات والتنوع الحيوي,BIO26-S28-03,التنوع الحيوي والتهديدات والمحافظة على الموارد واستعادة الأنظمة,تجميعات الأحياء 2026 — مفتاح الإجابة في PDF p.216,C,2,NOT_STARTED,,NOT_RUN,PRE_CROP_RANGE_FROZEN_V1
47,BIO26-L47,علم البيئة,التنوع الحيوي والمحافظة عليه,216,216,215,1,22,TAH-BIO-BIO26-L47-Q022,BIO26-PDF216-L47-S1-Q022,التنوع الحيوي والتهديدات والمحافظة على الموارد واستعادة الأنظمة,BIO26-M28,المجتمعات والجماعات والتنوع الحيوي,BIO26-S28-03,التنوع الحيوي والتهديدات والمحافظة على الموارد واستعادة الأنظمة,تجميعات الأحياء 2026 — مفتاح الإجابة في PDF p.216,A,0,NOT_STARTED,,NOT_RUN,PRE_CROP_RANGE_FROZEN_V1
47,BIO26-L47,علم البيئة,التنوع الحيوي والمحافظة عليه,216,216,215,1,23,TAH-BIO-BIO26-L47-Q023,BIO26-PDF216-L47-S1-Q023,التنوع الحيوي والتهديدات والمحافظة على الموارد واستعادة الأنظمة,BIO26-M28,المجتمعات والجماعات والتنوع الحيوي,BIO26-S28-03,التنوع الحيوي والتهديدات والمحافظة على الموارد واستعادة الأنظمة,تجميعات الأحياء 2026 — مفتاح الإجابة في PDF p.216,C,2,NOT_STARTED,,NOT_RUN,PRE_CROP_RANGE_FROZEN_V1
47,BIO26-L47,علم البيئة,التنوع الحيوي والمحافظة عليه,216,216,215,1,24,TAH-BIO-BIO26-L47-Q024,BIO26-PDF216-L47-S1-Q024,التنوع الحيوي والتهديدات والمحافظة على الموارد واستعادة الأنظمة,BIO26-M28,المجتمعات والجماعات والتنوع الحيوي,BIO26-S28-03,التنوع الحيوي والتهديدات والمحافظة على الموارد واستعادة الأنظمة,تجميعات الأحياء 2026 — مفتاح الإجابة في PDF p.216,B,1,NOT_STARTED,,NOT_RUN,PRE_CROP_RANGE_FROZEN_V1
47,BIO26-L47,علم البيئة,التنوع الحيوي والمحافظة عليه,216,216,215,1,25,TAH-BIO-BIO26-L47-Q025,BIO26-PDF216-L47-S1-Q025,التنوع الحيوي والتهديدات والمحافظة على الموارد واستعادة الأنظمة,BIO26-M28,المجتمعات والجماعات والتنوع الحيوي,BIO26-S28-03,التنوع الحيوي والتهديدات والمحافظة على الموارد واستعادة الأنظمة,تجميعات الأحياء 2026 — مفتاح الإجابة في PDF p.216,D,3,NOT_STARTED,,NOT_RUN,PRE_CROP_RANGE_FROZEN_V1
47,BIO26-L47,علم البيئة,التنوع الحيوي والمحافظة عليه,216,216,215,1,26,TAH-BIO-BIO26-L47-Q026,BIO26-PDF216-L47-S1-Q026,التنوع الحيوي والتهديدات والمحافظة على الموارد واستعادة الأنظمة,BIO26-M28,المجتمعات والجماعات والتنوع الحيوي,BIO26-S28-03,التنوع الحيوي والتهديدات والمحافظة على الموارد واستعادة الأنظمة,تجميعات الأحياء 2026 — مفتاح الإجابة في PDF p.216,B,1,NOT_STARTED,,NOT_RUN,PRE_CROP_RANGE_FROZEN_V1
47,BIO26-L47,علم البيئة,التنوع الحيوي والمحافظة عليه,216,216,215,1,27,TAH-BIO-BIO26-L47-Q027,BIO26-PDF216-L47-S1-Q027,التنوع الحيوي والتهديدات والمحافظة على الموارد واستعادة الأنظمة,BIO26-M28,المجتمعات والجماعات والتنوع الحيوي,BIO26-S28-03,التنوع الحيوي والتهديدات والمحافظة على الموارد واستعادة الأنظمة,تجميعات الأحياء 2026 — مفتاح الإجابة في PDF p.216,B,1,NOT_STARTED,,NOT_RUN,PRE_CROP_RANGE_FROZEN_V1
47,BIO26-L47,علم البيئة,التنوع الحيوي والمحافظة عليه,216,216,215,1,28,TAH-BIO-BIO26-L47-Q028,BIO26-PDF216-L47-S1-Q028,التنوع الحيوي والتهديدات والمحافظة على الموارد واستعادة الأنظمة,BIO26-M28,المجتمعات والجماعات والتنوع الحيوي,BIO26-S28-03,التنوع الحيوي والتهديدات والمحافظة على الموارد واستعادة الأنظمة,تجميعات الأحياء 2026 — مفتاح الإجابة في PDF p.216,C,2,NOT_STARTED,,NOT_RUN,PRE_CROP_RANGE_FROZEN_V1
47,BIO26-L47,علم البيئة,التنوع الحيوي والمحافظة عليه,216,216,215,1,29,TAH-BIO-BIO26-L47-Q029,BIO26-PDF216-L47-S1-Q029,التنوع الحيوي والتهديدات والمحافظة على الموارد واستعادة الأنظمة,BIO26-M28,المجتمعات والجماعات والتنوع الحيوي,BIO26-S28-03,التنوع الحيوي والتهديدات والمحافظة على الموارد واستعادة الأنظمة,تجميعات الأحياء 2026 — مفتاح الإجابة في PDF p.216,D,3,NOT_STARTED,,NOT_RUN,PRE_CROP_RANGE_FROZEN_V1
47,BIO26-L47,علم البيئة,التنوع الحيوي والمحافظة عليه,216,216,215,1,30,TAH-BIO-BIO26-L47-Q030,BIO26-PDF216-L47-S1-Q030,التنوع الحيوي والتهديدات والمحافظة على الموارد واستعادة الأنظمة,BIO26-M28,المجتمعات والجماعات والتنوع الحيوي,BIO26-S28-03,التنوع الحيوي والتهديدات والمحافظة على الموارد واستعادة الأنظمة,تجميعات الأحياء 2026 — مفتاح الإجابة في PDF p.216,A,0,NOT_STARTED,,NOT_RUN,PRE_CROP_RANGE_FROZEN_V1
47,BIO26-L47,علم البيئة,التنوع الحيوي والمحافظة عليه,216,216,215,1,31,TAH-BIO-BIO26-L47-Q031,BIO26-PDF216-L47-S1-Q031,التنوع الحيوي والتهديدات والمحافظة على الموارد واستعادة الأنظمة,BIO26-M28,المجتمعات والجماعات والتنوع الحيوي,BIO26-S28-03,التنوع الحيوي والتهديدات والمحافظة على الموارد واستعادة الأنظمة,تجميعات الأحياء 2026 — مفتاح الإجابة في PDF p.216,B,1,NOT_STARTED,,NOT_RUN,PRE_CROP_RANGE_FROZEN_V1
47,BIO26-L47,علم البيئة,التنوع الحيوي والمحافظة عليه,216,216,215,1,32,TAH-BIO-BIO26-L47-Q032,BIO26-PDF216-L47-S1-Q032,التنوع الحيوي والتهديدات والمحافظة على الموارد واستعادة الأنظمة,BIO26-M28,المجتمعات والجماعات والتنوع الحيوي,BIO26-S28-03,التنوع الحيوي والتهديدات والمحافظة على الموارد واستعادة الأنظمة,تجميعات الأحياء 2026 — مفتاح الإجابة في PDF p.216,D,3,NOT_STARTED,,NOT_RUN,PRE_CROP_RANGE_FROZEN_V1
47,BIO26-L47,علم البيئة,التنوع الحيوي والمحافظة عليه,216,216,215,1,33,TAH-BIO-BIO26-L47-Q033,BIO26-PDF216-L47-S1-Q033,التنوع الحيوي والتهديدات والمحافظة على الموارد واستعادة الأنظمة,BIO26-M28,المجتمعات والجماعات والتنوع الحيوي,BIO26-S28-03,التنوع الحيوي والتهديدات والمحافظة على الموارد واستعادة الأنظمة,تجميعات الأحياء 2026 — مفتاح الإجابة في PDF p.216,D,3,NOT_STARTED,,NOT_RUN,PRE_CROP_RANGE_FROZEN_V1
47,BIO26-L47,علم البيئة,التنوع الحيوي والمحافظة عليه,216,216,215,1,34,TAH-BIO-BIO26-L47-Q034,BIO26-PDF216-L47-S1-Q034,التنوع الحيوي والتهديدات والمحافظة على الموارد واستعادة الأنظمة,BIO26-M28,المجتمعات والجماعات والتنوع الحيوي,BIO26-S28-03,التنوع الحيوي والتهديدات والمحافظة على الموارد واستعادة الأنظمة,تجميعات الأحياء 2026 — مفتاح الإجابة في PDF p.216,A,0,NOT_STARTED,,NOT_RUN,PRE_CROP_RANGE_FROZEN_V1
47,BIO26-L47,علم البيئة,التنوع الحيوي والمحافظة عليه,217,217,216,1,35,TAH-BIO-BIO26-L47-Q035,BIO26-PDF217-L47-S1-Q035,التنوع الحيوي والتهديدات والمحافظة على الموارد واستعادة الأنظمة,BIO26-M28,المجتمعات والجماعات والتنوع الحيوي,BIO26-S28-03,التنوع الحيوي والتهديدات والمحافظة على الموارد واستعادة الأنظمة,تجميعات الأحياء 2026 — مفتاح الإجابة في PDF p.217,D,3,NOT_STARTED,,NOT_RUN,PRE_CROP_RANGE_FROZEN_V1
47,BIO26-L47,علم البيئة,التنوع الحيوي والمحافظة عليه,217,217,216,1,36,TAH-BIO-BIO26-L47-Q036,BIO26-PDF217-L47-S1-Q036,التنوع الحيوي والتهديدات والمحافظة على الموارد واستعادة الأنظمة,BIO26-M28,المجتمعات والجماعات والتنوع الحيوي,BIO26-S28-03,التنوع الحيوي والتهديدات والمحافظة على الموارد واستعادة الأنظمة,تجميعات الأحياء 2026 — مفتاح الإجابة في PDF p.217,B,1,NOT_STARTED,,NOT_RUN,PRE_CROP_RANGE_FROZEN_V1
47,BIO26-L47,علم البيئة,التنوع الحيوي والمحافظة عليه,217,217,216,1,37,TAH-BIO-BIO26-L47-Q037,BIO26-PDF217-L47-S1-Q037,التنوع الحيوي والتهديدات والمحافظة على الموارد واستعادة الأنظمة,BIO26-M28,المجتمعات والجماعات والتنوع الحيوي,BIO26-S28-03,التنوع الحيوي والتهديدات والمحافظة على الموارد واستعادة الأنظمة,تجميعات الأحياء 2026 — مفتاح الإجابة في PDF p.217,C,2,NOT_STARTED,,NOT_RUN,PRE_CROP_RANGE_FROZEN_V1
47,BIO26-L47,علم البيئة,التنوع الحيوي والمحافظة عليه,217,217,216,1,38,TAH-BIO-BIO26-L47-Q038,BIO26-PDF217-L47-S1-Q038,التنوع الحيوي والتهديدات والمحافظة على الموارد واستعادة الأنظمة,BIO26-M28,المجتمعات والجماعات والتنوع الحيوي,BIO26-S28-03,التنوع الحيوي والتهديدات والمحافظة على الموارد واستعادة الأنظمة,تجميعات الأحياء 2026 — مفتاح الإجابة في PDF p.217,D,3,NOT_STARTED,,NOT_RUN,PRE_CROP_RANGE_FROZEN_V1
47,BIO26-L47,علم البيئة,التنوع الحيوي والمحافظة عليه,217,217,216,1,39,TAH-BIO-BIO26-L47-Q039,BIO26-PDF217-L47-S1-Q039,التنوع الحيوي والتهديدات والمحافظة على الموارد واستعادة الأنظمة,BIO26-M28,المجتمعات والجماعات والتنوع الحيوي,BIO26-S28-03,التنوع الحيوي والتهديدات والمحافظة على الموارد واستعادة الأنظمة,تجميعات الأحياء 2026 — مفتاح الإجابة في PDF p.217,D,3,NOT_STARTED,,NOT_RUN,PRE_CROP_RANGE_FROZEN_V1
47,BIO26-L47,علم البيئة,التنوع الحيوي والمحافظة عليه,217,217,216,1,40,TAH-BIO-BIO26-L47-Q040,BIO26-PDF217-L47-S1-Q040,التنوع الحيوي والتهديدات والمحافظة على الموارد واستعادة الأنظمة,BIO26-M28,المجتمعات والجماعات والتنوع الحيوي,BIO26-S28-03,التنوع الحيوي والتهديدات والمحافظة على الموارد واستعادة الأنظمة,تجميعات الأحياء 2026 — مفتاح الإجابة في PDF p.217,D,3,NOT_STARTED,,NOT_RUN,PRE_CROP_RANGE_FROZEN_V1
47,BIO26-L47,علم البيئة,التنوع الحيوي والمحافظة عليه,217,217,216,1,41,TAH-BIO-BIO26-L47-Q041,BIO26-PDF217-L47-S1-Q041,التنوع الحيوي والتهديدات والمحافظة على الموارد واستعادة الأنظمة,BIO26-M28,المجتمعات والجماعات والتنوع الحيوي,BIO26-S28-03,التنوع الحيوي والتهديدات والمحافظة على الموارد واستعادة الأنظمة,تجميعات الأحياء 2026 — مفتاح الإجابة في PDF p.217,C,2,NOT_STARTED,,NOT_RUN,PRE_CROP_RANGE_FROZEN_V1
47,BIO26-L47,علم البيئة,التنوع الحيوي والمحافظة عليه,217,217,216,1,42,TAH-BIO-BIO26-L47-Q042,BIO26-PDF217-L47-S1-Q042,التنوع الحيوي والتهديدات والمحافظة على الموارد واستعادة الأنظمة,BIO26-M28,المجتمعات والجماعات والتنوع الحيوي,BIO26-S28-03,التنوع الحيوي والتهديدات والمحافظة على الموارد واستعادة الأنظمة,تجميعات الأحياء 2026 — مفتاح الإجابة في PDF p.217,C,2,NOT_STARTED,,NOT_RUN,PRE_CROP_RANGE_FROZEN_V1
47,BIO26-L47,علم البيئة,التنوع الحيوي والمحافظة عليه,217,217,216,1,43,TAH-BIO-BIO26-L47-Q043,BIO26-PDF217-L47-S1-Q043,التنوع الحيوي والتهديدات والمحافظة على الموارد واستعادة الأنظمة,BIO26-M28,المجتمعات والجماعات والتنوع الحيوي,BIO26-S28-03,التنوع الحيوي والتهديدات والمحافظة على الموارد واستعادة الأنظمة,تجميعات الأحياء 2026 — مفتاح الإجابة في PDF p.217,A,0,NOT_STARTED,,NOT_RUN,PRE_CROP_RANGE_FROZEN_V1
47,BIO26-L47,علم البيئة,التنوع الحيوي والمحافظة عليه,217,217,216,1,44,TAH-BIO-BIO26-L47-Q044,BIO26-PDF217-L47-S1-Q044,التنوع الحيوي والتهديدات والمحافظة على الموارد واستعادة الأنظمة,BIO26-M28,المجتمعات والجماعات والتنوع الحيوي,BIO26-S28-03,التنوع الحيوي والتهديدات والمحافظة على الموارد واستعادة الأنظمة,تجميعات الأحياء 2026 — مفتاح الإجابة في PDF p.217,A,0,NOT_STARTED,,NOT_RUN,PRE_CROP_RANGE_FROZEN_V1
47,BIO26-L47,علم البيئة,التنوع الحيوي والمحافظة عليه,217,217,216,1,45,TAH-BIO-BIO26-L47-Q045,BIO26-PDF217-L47-S1-Q045,التنوع الحيوي والتهديدات والمحافظة على الموارد واستعادة الأنظمة,BIO26-M28,المجتمعات والجماعات والتنوع الحيوي,BIO26-S28-03,التنوع الحيوي والتهديدات والمحافظة على الموارد واستعادة الأنظمة,تجميعات الأحياء 2026 — مفتاح الإجابة في PDF p.217,D,3,NOT_STARTED,,NOT_RUN,PRE_CROP_RANGE_FROZEN_V1
47,BIO26-L47,علم البيئة,التنوع الحيوي والمحافظة عليه,218,218,217,1,46,TAH-BIO-BIO26-L47-Q046,BIO26-PDF218-L47-S1-Q046,التنوع الحيوي والتهديدات والمحافظة على الموارد واستعادة الأنظمة,BIO26-M28,المجتمعات والجماعات والتنوع الحيوي,BIO26-S28-03,التنوع الحيوي والتهديدات والمحافظة على الموارد واستعادة الأنظمة,تجميعات الأحياء 2026 — مفتاح الإجابة في PDF p.218,B,1,NOT_STARTED,,NOT_RUN,PRE_CROP_RANGE_FROZEN_V1
47,BIO26-L47,علم البيئة,التنوع الحيوي والمحافظة عليه,218,218,217,1,47,TAH-BIO-BIO26-L47-Q047,BIO26-PDF218-L47-S1-Q047,التنوع الحيوي والتهديدات والمحافظة على الموارد واستعادة الأنظمة,BIO26-M28,المجتمعات والجماعات والتنوع الحيوي,BIO26-S28-03,التنوع الحيوي والتهديدات والمحافظة على الموارد واستعادة الأنظمة,تجميعات الأحياء 2026 — مفتاح الإجابة في PDF p.218,A,0,NOT_STARTED,,NOT_RUN,PRE_CROP_RANGE_FROZEN_V1
47,BIO26-L47,علم البيئة,التنوع الحيوي والمحافظة عليه,218,218,217,1,48,TAH-BIO-BIO26-L47-Q048,BIO26-PDF218-L47-S1-Q048,التنوع الحيوي والتهديدات والمحافظة على الموارد واستعادة الأنظمة,BIO26-M28,المجتمعات والجماعات والتنوع الحيوي,BIO26-S28-03,التنوع الحيوي والتهديدات والمحافظة على الموارد واستعادة الأنظمة,تجميعات الأحياء 2026 — مفتاح الإجابة في PDF p.218,B,1,NOT_STARTED,,NOT_RUN,PRE_CROP_RANGE_FROZEN_V1
47,BIO26-L47,علم البيئة,التنوع الحيوي والمحافظة عليه,218,218,217,1,49,TAH-BIO-BIO26-L47-Q049,BIO26-PDF218-L47-S1-Q049,التنوع الحيوي والتهديدات والمحافظة على الموارد واستعادة الأنظمة,BIO26-M28,المجتمعات والجماعات والتنوع الحيوي,BIO26-S28-03,التنوع الحيوي والتهديدات والمحافظة على الموارد واستعادة الأنظمة,تجميعات الأحياء 2026 — مفتاح الإجابة في PDF p.218,D,3,NOT_STARTED,,NOT_RUN,PRE_CROP_RANGE_FROZEN_V1
47,BIO26-L47,علم البيئة,التنوع الحيوي والمحافظة عليه,219,219,218,2,50,TAH-BIO-BIO26-L47-Q050,BIO26-PDF219-L47-S2-Q050,التنوع الحيوي والتهديدات والمحافظة على الموارد واستعادة الأنظمة,BIO26-M28,المجتمعات والجماعات والتنوع الحيوي,BIO26-S28-03,التنوع الحيوي والتهديدات والمحافظة على الموارد واستعادة الأنظمة,تجميعات الأحياء 2026 — مفتاح الإجابة في PDF p.219,C,2,NOT_STARTED,,NOT_RUN,PRE_CROP_RANGE_FROZEN_V1
47,BIO26-L47,علم البيئة,التنوع الحيوي والمحافظة عليه,219,219,218,2,51,TAH-BIO-BIO26-L47-Q051,BIO26-PDF219-L47-S2-Q051,التنوع الحيوي والتهديدات والمحافظة على الموارد واستعادة الأنظمة,BIO26-M28,المجتمعات والجماعات والتنوع الحيوي,BIO26-S28-03,التنوع الحيوي والتهديدات والمحافظة على الموارد واستعادة الأنظمة,تجميعات الأحياء 2026 — مفتاح الإجابة في PDF p.219,B,1,NOT_STARTED,,NOT_RUN,PRE_CROP_RANGE_FROZEN_V1
47,BIO26-L47,علم البيئة,التنوع الحيوي والمحافظة عليه,219,219,218,2,52,TAH-BIO-BIO26-L47-Q052,BIO26-PDF219-L47-S2-Q052,التنوع الحيوي والتهديدات والمحافظة على الموارد واستعادة الأنظمة,BIO26-M28,المجتمعات والجماعات والتنوع الحيوي,BIO26-S28-03,التنوع الحيوي والتهديدات والمحافظة على الموارد واستعادة الأنظمة,تجميعات الأحياء 2026 — مفتاح الإجابة في PDF p.219,A,0,NOT_STARTED,,NOT_RUN,PRE_CROP_RANGE_FROZEN_V1
47,BIO26-L47,علم البيئة,التنوع الحيوي والمحافظة عليه,219,219,218,2,53,TAH-BIO-BIO26-L47-Q053,BIO26-PDF219-L47-S2-Q053,التنوع الحيوي والتهديدات والمحافظة على الموارد واستعادة الأنظمة,BIO26-M28,المجتمعات والجماعات والتنوع الحيوي,BIO26-S28-03,التنوع الحيوي والتهديدات والمحافظة على الموارد واستعادة الأنظمة,تجميعات الأحياء 2026 — مفتاح الإجابة في PDF p.219,A,0,NOT_STARTED,,NOT_RUN,PRE_CROP_RANGE_FROZEN_V1
47,BIO26-L47,علم البيئة,التنوع الحيوي والمحافظة عليه,219,219,218,2,54,TAH-BIO-BIO26-L47-Q054,BIO26-PDF219-L47-S2-Q054,التنوع الحيوي والتهديدات والمحافظة على الموارد واستعادة الأنظمة,BIO26-M28,المجتمعات والجماعات والتنوع الحيوي,BIO26-S28-03,التنوع الحيوي والتهديدات والمحافظة على الموارد واستعادة الأنظمة,تجميعات الأحياء 2026 — مفتاح الإجابة في PDF p.219,A,0,NOT_STARTED,,NOT_RUN,PRE_CROP_RANGE_FROZEN_V1
47,BIO26-L47,علم البيئة,التنوع الحيوي والمحافظة عليه,219,219,218,2,55,TAH-BIO-BIO26-L47-Q055,BIO26-PDF219-L47-S2-Q055,التنوع الحيوي والتهديدات والمحافظة على الموارد واستعادة الأنظمة,BIO26-M28,المجتمعات والجماعات والتنوع الحيوي,BIO26-S28-03,التنوع الحيوي والتهديدات والمحافظة على الموارد واستعادة الأنظمة,تجميعات الأحياء 2026 — مفتاح الإجابة في PDF p.219,A,0,NOT_STARTED,,NOT_RUN,PRE_CROP_RANGE_FROZEN_V1
47,BIO26-L47,علم البيئة,التنوع الحيوي والمحافظة عليه,219,219,218,2,56,TAH-BIO-BIO26-L47-Q056,BIO26-PDF219-L47-S2-Q056,التنوع الحيوي والتهديدات والمحافظة على الموارد واستعادة الأنظمة,BIO26-M28,المجتمعات والجماعات والتنوع الحيوي,BIO26-S28-03,التنوع الحيوي والتهديدات والمحافظة على الموارد واستعادة الأنظمة,تجميعات الأحياء 2026 — مفتاح الإجابة في PDF p.219,B,1,NOT_STARTED,,NOT_RUN,PRE_CROP_RANGE_FROZEN_V1
47,BIO26-L47,علم البيئة,التنوع الحيوي والمحافظة عليه,219,219,218,2,57,TAH-BIO-BIO26-L47-Q057,BIO26-PDF219-L47-S2-Q057,التنوع الحيوي والتهديدات والمحافظة على الموارد واستعادة الأنظمة,BIO26-M28,المجتمعات والجماعات والتنوع الحيوي,BIO26-S28-03,التنوع الحيوي والتهديدات والمحافظة على الموارد واستعادة الأنظمة,تجميعات الأحياء 2026 — مفتاح الإجابة في PDF p.219,D,3,NOT_STARTED,,NOT_RUN,PRE_CROP_RANGE_FROZEN_V1
47,BIO26-L47,علم البيئة,التنوع الحيوي والمحافظة عليه,219,219,218,2,58,TAH-BIO-BIO26-L47-Q058,BIO26-PDF219-L47-S2-Q058,التنوع الحيوي والتهديدات والمحافظة على الموارد واستعادة الأنظمة,BIO26-M28,المجتمعات والجماعات والتنوع الحيوي,BIO26-S28-03,التنوع الحيوي والتهديدات والمحافظة على الموارد واستعادة الأنظمة,تجميعات الأحياء 2026 — مفتاح الإجابة في PDF p.219,B,1,NOT_STARTED,,NOT_RUN,PRE_CROP_RANGE_FROZEN_V1
47,BIO26-L47,علم البيئة,التنوع الحيوي والمحافظة عليه,219,219,218,2,59,TAH-BIO-BIO26-L47-Q059,BIO26-PDF219-L47-S2-Q059,التنوع الحيوي والتهديدات والمحافظة على الموارد واستعادة الأنظمة,BIO26-M28,المجتمعات والجماعات والتنوع الحيوي,BIO26-S28-03,التنوع الحيوي والتهديدات والمحافظة على الموارد واستعادة الأنظمة,تجميعات الأحياء 2026 — مفتاح الإجابة في PDF p.219,B,1,NOT_STARTED,,NOT_RUN,PRE_CROP_RANGE_FROZEN_V1
47,BIO26-L47,علم البيئة,التنوع الحيوي والمحافظة عليه,219,219,218,2,60,TAH-BIO-BIO26-L47-Q060,BIO26-PDF219-L47-S2-Q060,التنوع الحيوي والتهديدات والمحافظة على الموارد واستعادة الأنظمة,BIO26-M28,المجتمعات والجماعات والتنوع الحيوي,BIO26-S28-03,التنوع الحيوي والتهديدات والمحافظة على الموارد واستعادة الأنظمة,تجميعات الأحياء 2026 — مفتاح الإجابة في PDF p.219,C,2,NOT_STARTED,,NOT_RUN,PRE_CROP_RANGE_FROZEN_V1
47,BIO26-L47,علم البيئة,التنوع الحيوي والمحافظة عليه,219,219,218,2,61,TAH-BIO-BIO26-L47-Q061,BIO26-PDF219-L47-S2-Q061,التنوع الحيوي والتهديدات والمحافظة على الموارد واستعادة الأنظمة,BIO26-M28,المجتمعات والجماعات والتنوع الحيوي,BIO26-S28-03,التنوع الحيوي والتهديدات والمحافظة على الموارد واستعادة الأنظمة,تجميعات الأحياء 2026 — مفتاح الإجابة في PDF p.219,A,0,NOT_STARTED,,NOT_RUN,PRE_CROP_RANGE_FROZEN_V1
47,BIO26-L47,علم البيئة,التنوع الحيوي والمحافظة عليه,219,219,218,2,62,TAH-BIO-BIO26-L47-Q062,BIO26-PDF219-L47-S2-Q062,التنوع الحيوي والتهديدات والمحافظة على الموارد واستعادة الأنظمة,BIO26-M28,المجتمعات والجماعات والتنوع الحيوي,BIO26-S28-03,التنوع الحيوي والتهديدات والمحافظة على الموارد واستعادة الأنظمة,تجميعات الأحياء 2026 — مفتاح الإجابة في PDF p.219,C,2,NOT_STARTED,,NOT_RUN,PRE_CROP_RANGE_FROZEN_V1
47,BIO26-L47,علم البيئة,التنوع الحيوي والمحافظة عليه,219,219,218,2,63,TAH-BIO-BIO26-L47-Q063,BIO26-PDF219-L47-S2-Q063,التنوع الحيوي والتهديدات والمحافظة على الموارد واستعادة الأنظمة,BIO26-M28,المجتمعات والجماعات والتنوع الحيوي,BIO26-S28-03,التنوع الحيوي والتهديدات والمحافظة على الموارد واستعادة الأنظمة,تجميعات الأحياء 2026 — مفتاح الإجابة في PDF p.219,D,3,NOT_STARTED,,NOT_RUN,PRE_CROP_RANGE_FROZEN_V1
47,BIO26-L47,علم البيئة,التنوع الحيوي والمحافظة عليه,219,219,218,2,64,TAH-BIO-BIO26-L47-Q064,BIO26-PDF219-L47-S2-Q064,التنوع الحيوي والتهديدات والمحافظة على الموارد واستعادة الأنظمة,BIO26-M28,المجتمعات والجماعات والتنوع الحيوي,BIO26-S28-03,التنوع الحيوي والتهديدات والمحافظة على الموارد واستعادة الأنظمة,تجميعات الأحياء 2026 — مفتاح الإجابة في PDF p.219,B,1,NOT_STARTED,,NOT_RUN,PRE_CROP_RANGE_FROZEN_V1
47,BIO26-L47,علم البيئة,التنوع الحيوي والمحافظة عليه,219,219,218,2,65,TAH-BIO-BIO26-L47-Q065,BIO26-PDF219-L47-S2-Q065,التنوع الحيوي والتهديدات والمحافظة على الموارد واستعادة الأنظمة,BIO26-M28,المجتمعات والجماعات والتنوع الحيوي,BIO26-S28-03,التنوع الحيوي والتهديدات والمحافظة على الموارد واستعادة الأنظمة,تجميعات الأحياء 2026 — مفتاح الإجابة في PDF p.219,D,3,NOT_STARTED,,NOT_RUN,PRE_CROP_RANGE_FROZEN_V1
47,BIO26-L47,علم البيئة,التنوع الحيوي والمحافظة عليه,219,219,218,2,66,TAH-BIO-BIO26-L47-Q066,BIO26-PDF219-L47-S2-Q066,التنوع الحيوي والتهديدات والمحافظة على الموارد واستعادة الأنظمة,BIO26-M28,المجتمعات والجماعات والتنوع الحيوي,BIO26-S28-03,التنوع الحيوي والتهديدات والمحافظة على الموارد واستعادة الأنظمة,تجميعات الأحياء 2026 — مفتاح الإجابة في PDF p.219,C,2,NOT_STARTED,,NOT_RUN,PRE_CROP_RANGE_FROZEN_V1
47,BIO26-L47,علم البيئة,التنوع الحيوي والمحافظة عليه,220,220,219,2,67,TAH-BIO-BIO26-L47-Q067,BIO26-PDF220-L47-S2-Q067,التنوع الحيوي والتهديدات والمحافظة على الموارد واستعادة الأنظمة,BIO26-M28,المجتمعات والجماعات والتنوع الحيوي,BIO26-S28-03,التنوع الحيوي والتهديدات والمحافظة على الموارد واستعادة الأنظمة,تجميعات الأحياء 2026 — مفتاح الإجابة في PDF p.220,A,0,NOT_STARTED,,NOT_RUN,PRE_CROP_RANGE_FROZEN_V1
47,BIO26-L47,علم البيئة,التنوع الحيوي والمحافظة عليه,220,220,219,2,68,TAH-BIO-BIO26-L47-Q068,BIO26-PDF220-L47-S2-Q068,التنوع الحيوي والتهديدات والمحافظة على الموارد واستعادة الأنظمة,BIO26-M28,المجتمعات والجماعات والتنوع الحيوي,BIO26-S28-03,التنوع الحيوي والتهديدات والمحافظة على الموارد واستعادة الأنظمة,تجميعات الأحياء 2026 — مفتاح الإجابة في PDF p.220,A,0,NOT_STARTED,,NOT_RUN,PRE_CROP_RANGE_FROZEN_V1
47,BIO26-L47,علم البيئة,التنوع الحيوي والمحافظة عليه,220,220,219,2,69,TAH-BIO-BIO26-L47-Q069,BIO26-PDF220-L47-S2-Q069,التنوع الحيوي والتهديدات والمحافظة على الموارد واستعادة الأنظمة,BIO26-M28,المجتمعات والجماعات والتنوع الحيوي,BIO26-S28-03,التنوع الحيوي والتهديدات والمحافظة على الموارد واستعادة الأنظمة,تجميعات الأحياء 2026 — مفتاح الإجابة في PDF p.220,C,2,NOT_STARTED,,NOT_RUN,PRE_CROP_RANGE_FROZEN_V1
47,BIO26-L47,علم البيئة,التنوع الحيوي والمحافظة عليه,220,220,219,2,70,TAH-BIO-BIO26-L47-Q070,BIO26-PDF220-L47-S2-Q070,التنوع الحيوي والتهديدات والمحافظة على الموارد واستعادة الأنظمة,BIO26-M28,المجتمعات والجماعات والتنوع الحيوي,BIO26-S28-03,التنوع الحيوي والتهديدات والمحافظة على الموارد واستعادة الأنظمة,تجميعات الأحياء 2026 — مفتاح الإجابة في PDF p.220,C,2,NOT_STARTED,,NOT_RUN,PRE_CROP_RANGE_FROZEN_V1
47,BIO26-L47,علم البيئة,التنوع الحيوي والمحافظة عليه,220,220,219,2,71,TAH-BIO-BIO26-L47-Q071,BIO26-PDF220-L47-S2-Q071,التنوع الحيوي والتهديدات والمحافظة على الموارد واستعادة الأنظمة,BIO26-M28,المجتمعات والجماعات والتنوع الحيوي,BIO26-S28-03,التنوع الحيوي والتهديدات والمحافظة على الموارد واستعادة الأنظمة,تجميعات الأحياء 2026 — مفتاح الإجابة في PDF p.220,A,0,NOT_STARTED,,NOT_RUN,PRE_CROP_RANGE_FROZEN_V1
47,BIO26-L47,علم البيئة,التنوع الحيوي والمحافظة عليه,220,220,219,2,72,TAH-BIO-BIO26-L47-Q072,BIO26-PDF220-L47-S2-Q072,التنوع الحيوي والتهديدات والمحافظة على الموارد واستعادة الأنظمة,BIO26-M28,المجتمعات والجماعات والتنوع الحيوي,BIO26-S28-03,التنوع الحيوي والتهديدات والمحافظة على الموارد واستعادة الأنظمة,تجميعات الأحياء 2026 — مفتاح الإجابة في PDF p.220,B,1,NOT_STARTED,,NOT_RUN,PRE_CROP_RANGE_FROZEN_V1
47,BIO26-L47,علم البيئة,التنوع الحيوي والمحافظة عليه,220,220,219,2,73,TAH-BIO-BIO26-L47-Q073,BIO26-PDF220-L47-S2-Q073,التنوع الحيوي والتهديدات والمحافظة على الموارد واستعادة الأنظمة,BIO26-M28,المجتمعات والجماعات والتنوع الحيوي,BIO26-S28-03,التنوع الحيوي والتهديدات والمحافظة على الموارد واستعادة الأنظمة,تجميعات الأحياء 2026 — مفتاح الإجابة في PDF p.220,B,1,NOT_STARTED,,NOT_RUN,PRE_CROP_RANGE_FROZEN_V1
47,BIO26-L47,علم البيئة,التنوع الحيوي والمحافظة عليه,220,220,219,2,74,TAH-BIO-BIO26-L47-Q074,BIO26-PDF220-L47-S2-Q074,التنوع الحيوي والتهديدات والمحافظة على الموارد واستعادة الأنظمة,BIO26-M28,المجتمعات والجماعات والتنوع الحيوي,BIO26-S28-03,التنوع الحيوي والتهديدات والمحافظة على الموارد واستعادة الأنظمة,تجميعات الأحياء 2026 — مفتاح الإجابة في PDF p.220,A,0,NOT_STARTED,,NOT_RUN,PRE_CROP_RANGE_FROZEN_V1
47,BIO26-L47,علم البيئة,التنوع الحيوي والمحافظة عليه,220,220,219,2,75,TAH-BIO-BIO26-L47-Q075,BIO26-PDF220-L47-S2-Q075,التنوع الحيوي والتهديدات والمحافظة على الموارد واستعادة الأنظمة,BIO26-M28,المجتمعات والجماعات والتنوع الحيوي,BIO26-S28-03,التنوع الحيوي والتهديدات والمحافظة على الموارد واستعادة الأنظمة,تجميعات الأحياء 2026 — مفتاح الإجابة في PDF p.220,A,0,NOT_STARTED,,NOT_RUN,PRE_CROP_RANGE_FROZEN_V1
47,BIO26-L47,علم البيئة,التنوع الحيوي والمحافظة عليه,220,220,219,2,76,TAH-BIO-BIO26-L47-Q076,BIO26-PDF220-L47-S2-Q076,التنوع الحيوي والتهديدات والمحافظة على الموارد واستعادة الأنظمة,BIO26-M28,المجتمعات والجماعات والتنوع الحيوي,BIO26-S28-03,التنوع الحيوي والتهديدات والمحافظة على الموارد واستعادة الأنظمة,تجميعات الأحياء 2026 — مفتاح الإجابة في PDF p.220,D,3,NOT_STARTED,,NOT_RUN,PRE_CROP_RANGE_FROZEN_V1
47,BIO26-L47,علم البيئة,التنوع الحيوي والمحافظة عليه,220,220,219,2,77,TAH-BIO-BIO26-L47-Q077,BIO26-PDF220-L47-S2-Q077,التنوع الحيوي والتهديدات والمحافظة على الموارد واستعادة الأنظمة,BIO26-M28,المجتمعات والجماعات والتنوع الحيوي,BIO26-S28-03,التنوع الحيوي والتهديدات والمحافظة على الموارد واستعادة الأنظمة,تجميعات الأحياء 2026 — مفتاح الإجابة في PDF p.220,A,0,NOT_STARTED,,NOT_RUN,PRE_CROP_RANGE_FROZEN_V1
47,BIO26-L47,علم البيئة,التنوع الحيوي والمحافظة عليه,220,220,219,2,78,TAH-BIO-BIO26-L47-Q078,BIO26-PDF220-L47-S2-Q078,التنوع الحيوي والتهديدات والمحافظة على الموارد واستعادة الأنظمة,BIO26-M28,المجتمعات والجماعات والتنوع الحيوي,BIO26-S28-03,التنوع الحيوي والتهديدات والمحافظة على الموارد واستعادة الأنظمة,تجميعات الأحياء 2026 — مفتاح الإجابة في PDF p.220,A,0,NOT_STARTED,,NOT_RUN,PRE_CROP_RANGE_FROZEN_V1
48,BIO26-L48,علم البيئة,سلوك الحيوان,221,221,220,1,1,TAH-BIO-BIO26-L48-Q001,BIO26-PDF221-L48-S1-Q001,السلوك المتعلم: التعود والتكييف والمحاولة والخطأ والطبع,BIO26-M29,سلوك الحيوان,BIO26-S29-02,السلوك المتعلم: التعود والتكييف والمحاولة والخطأ والطبع,تجميعات الأحياء 2026 — مفتاح الإجابة في PDF p.221,B,1,NOT_STARTED,,NOT_RUN,PRE_CROP_RANGE_FROZEN_V1
48,BIO26-L48,علم البيئة,سلوك الحيوان,221,221,220,1,2,TAH-BIO-BIO26-L48-Q002,BIO26-PDF221-L48-S1-Q002,السلوك المتعلم: التعود والتكييف والمحاولة والخطأ والطبع,BIO26-M29,سلوك الحيوان,BIO26-S29-02,السلوك المتعلم: التعود والتكييف والمحاولة والخطأ والطبع,تجميعات الأحياء 2026 — مفتاح الإجابة في PDF p.221,B,1,NOT_STARTED,,NOT_RUN,PRE_CROP_RANGE_FROZEN_V1
48,BIO26-L48,علم البيئة,سلوك الحيوان,221,221,220,1,3,TAH-BIO-BIO26-L48-Q003,BIO26-PDF221-L48-S1-Q003,السلوك المتعلم: التعود والتكييف والمحاولة والخطأ والطبع,BIO26-M29,سلوك الحيوان,BIO26-S29-02,السلوك المتعلم: التعود والتكييف والمحاولة والخطأ والطبع,تجميعات الأحياء 2026 — مفتاح الإجابة في PDF p.221,B,1,NOT_STARTED,,NOT_RUN,PRE_CROP_RANGE_FROZEN_V1
48,BIO26-L48,علم البيئة,سلوك الحيوان,221,221,220,1,4,TAH-BIO-BIO26-L48-Q004,BIO26-PDF221-L48-S1-Q004,السلوك المتعلم: التعود والتكييف والمحاولة والخطأ والطبع,BIO26-M29,سلوك الحيوان,BIO26-S29-02,السلوك المتعلم: التعود والتكييف والمحاولة والخطأ والطبع,تجميعات الأحياء 2026 — مفتاح الإجابة في PDF p.221,C,2,NOT_STARTED,,NOT_RUN,PRE_CROP_RANGE_FROZEN_V1
48,BIO26-L48,علم البيئة,سلوك الحيوان,221,221,220,1,5,TAH-BIO-BIO26-L48-Q005,BIO26-PDF221-L48-S1-Q005,السلوك المتعلم: التعود والتكييف والمحاولة والخطأ والطبع,BIO26-M29,سلوك الحيوان,BIO26-S29-02,السلوك المتعلم: التعود والتكييف والمحاولة والخطأ والطبع,تجميعات الأحياء 2026 — مفتاح الإجابة في PDF p.221,C,2,NOT_STARTED,,NOT_RUN,PRE_CROP_RANGE_FROZEN_V1
48,BIO26-L48,علم البيئة,سلوك الحيوان,221,221,220,1,6,TAH-BIO-BIO26-L48-Q006,BIO26-PDF221-L48-S1-Q006,السلوك المتعلم: التعود والتكييف والمحاولة والخطأ والطبع,BIO26-M29,سلوك الحيوان,BIO26-S29-02,السلوك المتعلم: التعود والتكييف والمحاولة والخطأ والطبع,تجميعات الأحياء 2026 — مفتاح الإجابة في PDF p.221,B,1,NOT_STARTED,,NOT_RUN,PRE_CROP_RANGE_FROZEN_V1
48,BIO26-L48,علم البيئة,سلوك الحيوان,221,221,220,1,7,TAH-BIO-BIO26-L48-Q007,BIO26-PDF221-L48-S1-Q007,السلوك المتعلم: التعود والتكييف والمحاولة والخطأ والطبع,BIO26-M29,سلوك الحيوان,BIO26-S29-02,السلوك المتعلم: التعود والتكييف والمحاولة والخطأ والطبع,تجميعات الأحياء 2026 — مفتاح الإجابة في PDF p.221,C,2,NOT_STARTED,,NOT_RUN,PRE_CROP_RANGE_FROZEN_V1
48,BIO26-L48,علم البيئة,سلوك الحيوان,221,221,220,1,8,TAH-BIO-BIO26-L48-Q008,BIO26-PDF221-L48-S1-Q008,السلوك المتعلم: التعود والتكييف والمحاولة والخطأ والطبع,BIO26-M29,سلوك الحيوان,BIO26-S29-02,السلوك المتعلم: التعود والتكييف والمحاولة والخطأ والطبع,تجميعات الأحياء 2026 — مفتاح الإجابة في PDF p.221,B,1,NOT_STARTED,,NOT_RUN,PRE_CROP_RANGE_FROZEN_V1
48,BIO26-L48,علم البيئة,سلوك الحيوان,221,221,220,1,9,TAH-BIO-BIO26-L48-Q009,BIO26-PDF221-L48-S1-Q009,السلوك المتعلم: التعود والتكييف والمحاولة والخطأ والطبع,BIO26-M29,سلوك الحيوان,BIO26-S29-02,السلوك المتعلم: التعود والتكييف والمحاولة والخطأ والطبع,تجميعات الأحياء 2026 — مفتاح الإجابة في PDF p.221,C,2,NOT_STARTED,,NOT_RUN,PRE_CROP_RANGE_FROZEN_V1
48,BIO26-L48,علم البيئة,سلوك الحيوان,221,221,220,1,10,TAH-BIO-BIO26-L48-Q010,BIO26-PDF221-L48-S1-Q010,السلوك المتعلم: التعود والتكييف والمحاولة والخطأ والطبع,BIO26-M29,سلوك الحيوان,BIO26-S29-02,السلوك المتعلم: التعود والتكييف والمحاولة والخطأ والطبع,تجميعات الأحياء 2026 — مفتاح الإجابة في PDF p.221,D,3,NOT_STARTED,,NOT_RUN,PRE_CROP_RANGE_FROZEN_V1
48,BIO26-L48,علم البيئة,سلوك الحيوان,221,221,220,1,11,TAH-BIO-BIO26-L48-Q011,BIO26-PDF221-L48-S1-Q011,السلوك المتعلم: التعود والتكييف والمحاولة والخطأ والطبع,BIO26-M29,سلوك الحيوان,BIO26-S29-02,السلوك المتعلم: التعود والتكييف والمحاولة والخطأ والطبع,تجميعات الأحياء 2026 — مفتاح الإجابة في PDF p.221,B,1,NOT_STARTED,,NOT_RUN,PRE_CROP_RANGE_FROZEN_V1
48,BIO26-L48,علم البيئة,سلوك الحيوان,221,221,220,1,12,TAH-BIO-BIO26-L48-Q012,BIO26-PDF221-L48-S1-Q012,السلوك المتعلم: التعود والتكييف والمحاولة والخطأ والطبع,BIO26-M29,سلوك الحيوان,BIO26-S29-02,السلوك المتعلم: التعود والتكييف والمحاولة والخطأ والطبع,تجميعات الأحياء 2026 — مفتاح الإجابة في PDF p.221,B,1,NOT_STARTED,,NOT_RUN,PRE_CROP_RANGE_FROZEN_V1
48,BIO26-L48,علم البيئة,سلوك الحيوان,221,221,220,1,13,TAH-BIO-BIO26-L48-Q013,BIO26-PDF221-L48-S1-Q013,السلوك المتعلم: التعود والتكييف والمحاولة والخطأ والطبع,BIO26-M29,سلوك الحيوان,BIO26-S29-02,السلوك المتعلم: التعود والتكييف والمحاولة والخطأ والطبع,تجميعات الأحياء 2026 — مفتاح الإجابة في PDF p.221,C,2,NOT_STARTED,,NOT_RUN,PRE_CROP_RANGE_FROZEN_V1
48,BIO26-L48,علم البيئة,سلوك الحيوان,221,221,220,1,14,TAH-BIO-BIO26-L48-Q014,BIO26-PDF221-L48-S1-Q014,السلوك المتعلم: التعود والتكييف والمحاولة والخطأ والطبع,BIO26-M29,سلوك الحيوان,BIO26-S29-02,السلوك المتعلم: التعود والتكييف والمحاولة والخطأ والطبع,تجميعات الأحياء 2026 — مفتاح الإجابة في PDF p.221,C,2,NOT_STARTED,,NOT_RUN,PRE_CROP_RANGE_FROZEN_V1
48,BIO26-L48,علم البيئة,سلوك الحيوان,221,221,220,1,15,TAH-BIO-BIO26-L48-Q015,BIO26-PDF221-L48-S1-Q015,السلوك المتعلم: التعود والتكييف والمحاولة والخطأ والطبع,BIO26-M29,سلوك الحيوان,BIO26-S29-02,السلوك المتعلم: التعود والتكييف والمحاولة والخطأ والطبع,تجميعات الأحياء 2026 — مفتاح الإجابة في PDF p.221,C,2,NOT_STARTED,,NOT_RUN,PRE_CROP_RANGE_FROZEN_V1
48,BIO26-L48,علم البيئة,سلوك الحيوان,221,221,220,1,16,TAH-BIO-BIO26-L48-Q016,BIO26-PDF221-L48-S1-Q016,السلوك الاجتماعي والتواصل والتزاوج والهجرة والإقليمية,BIO26-M29,سلوك الحيوان,BIO26-S29-03,السلوك الاجتماعي والتواصل والتزاوج والهجرة والإقليمية,تجميعات الأحياء 2026 — مفتاح الإجابة في PDF p.221,C,2,NOT_STARTED,,NOT_RUN,PRE_CROP_RANGE_FROZEN_V1
48,BIO26-L48,علم البيئة,سلوك الحيوان,222,222,221,1,17,TAH-BIO-BIO26-L48-Q017,BIO26-PDF222-L48-S1-Q017,السلوك الاجتماعي والتواصل والتزاوج والهجرة والإقليمية,BIO26-M29,سلوك الحيوان,BIO26-S29-03,السلوك الاجتماعي والتواصل والتزاوج والهجرة والإقليمية,تجميعات الأحياء 2026 — مفتاح الإجابة في PDF p.222,B,1,NOT_STARTED,,NOT_RUN,PRE_CROP_RANGE_FROZEN_V1
48,BIO26-L48,علم البيئة,سلوك الحيوان,222,222,221,1,18,TAH-BIO-BIO26-L48-Q018,BIO26-PDF222-L48-S1-Q018,السلوك الاجتماعي والتواصل والتزاوج والهجرة والإقليمية,BIO26-M29,سلوك الحيوان,BIO26-S29-03,السلوك الاجتماعي والتواصل والتزاوج والهجرة والإقليمية,تجميعات الأحياء 2026 — مفتاح الإجابة في PDF p.222,D,3,NOT_STARTED,,NOT_RUN,PRE_CROP_RANGE_FROZEN_V1
48,BIO26-L48,علم البيئة,سلوك الحيوان,222,222,221,1,19,TAH-BIO-BIO26-L48-Q019,BIO26-PDF222-L48-S1-Q019,السلوك الاجتماعي والتواصل والتزاوج والهجرة والإقليمية,BIO26-M29,سلوك الحيوان,BIO26-S29-03,السلوك الاجتماعي والتواصل والتزاوج والهجرة والإقليمية,تجميعات الأحياء 2026 — مفتاح الإجابة في PDF p.222,B,1,NOT_STARTED,,NOT_RUN,PRE_CROP_RANGE_FROZEN_V1
48,BIO26-L48,علم البيئة,سلوك الحيوان,222,222,221,1,20,TAH-BIO-BIO26-L48-Q020,BIO26-PDF222-L48-S1-Q020,السلوك الاجتماعي والتواصل والتزاوج والهجرة والإقليمية,BIO26-M29,سلوك الحيوان,BIO26-S29-03,السلوك الاجتماعي والتواصل والتزاوج والهجرة والإقليمية,تجميعات الأحياء 2026 — مفتاح الإجابة في PDF p.222,A,0,NOT_STARTED,,NOT_RUN,PRE_CROP_RANGE_FROZEN_V1
48,BIO26-L48,علم البيئة,سلوك الحيوان,222,222,221,1,21,TAH-BIO-BIO26-L48-Q021,BIO26-PDF222-L48-S1-Q021,السلوك الاجتماعي والتواصل والتزاوج والهجرة والإقليمية,BIO26-M29,سلوك الحيوان,BIO26-S29-03,السلوك الاجتماعي والتواصل والتزاوج والهجرة والإقليمية,تجميعات الأحياء 2026 — مفتاح الإجابة في PDF p.222,A,0,NOT_STARTED,,NOT_RUN,PRE_CROP_RANGE_FROZEN_V1
48,BIO26-L48,علم البيئة,سلوك الحيوان,222,222,221,1,22,TAH-BIO-BIO26-L48-Q022,BIO26-PDF222-L48-S1-Q022,السلوك الاجتماعي والتواصل والتزاوج والهجرة والإقليمية,BIO26-M29,سلوك الحيوان,BIO26-S29-03,السلوك الاجتماعي والتواصل والتزاوج والهجرة والإقليمية,تجميعات الأحياء 2026 — مفتاح الإجابة في PDF p.222,C,2,NOT_STARTED,,NOT_RUN,PRE_CROP_RANGE_FROZEN_V1
48,BIO26-L48,علم البيئة,سلوك الحيوان,222,222,221,1,23,TAH-BIO-BIO26-L48-Q023,BIO26-PDF222-L48-S1-Q023,السلوك الاجتماعي والتواصل والتزاوج والهجرة والإقليمية,BIO26-M29,سلوك الحيوان,BIO26-S29-03,السلوك الاجتماعي والتواصل والتزاوج والهجرة والإقليمية,تجميعات الأحياء 2026 — مفتاح الإجابة في PDF p.222,C,2,NOT_STARTED,,NOT_RUN,PRE_CROP_RANGE_FROZEN_V1
48,BIO26-L48,علم البيئة,سلوك الحيوان,222,222,221,1,24,TAH-BIO-BIO26-L48-Q024,BIO26-PDF222-L48-S1-Q024,السلوك الفطري والمثيرات والإيقاعات الحيوية,BIO26-M29,سلوك الحيوان,BIO26-S29-01,السلوك الفطري والمثيرات والإيقاعات الحيوية,تجميعات الأحياء 2026 — مفتاح الإجابة في PDF p.222,C,2,NOT_STARTED,,NOT_RUN,PRE_CROP_RANGE_FROZEN_V1
48,BIO26-L48,علم البيئة,سلوك الحيوان,222,222,221,1,25,TAH-BIO-BIO26-L48-Q025,BIO26-PDF222-L48-S1-Q025,السلوك الفطري والمثيرات والإيقاعات الحيوية,BIO26-M29,سلوك الحيوان,BIO26-S29-01,السلوك الفطري والمثيرات والإيقاعات الحيوية,تجميعات الأحياء 2026 — مفتاح الإجابة في PDF p.222,B,1,NOT_STARTED,,NOT_RUN,PRE_CROP_RANGE_FROZEN_V1
48,BIO26-L48,علم البيئة,سلوك الحيوان,222,222,221,1,26,TAH-BIO-BIO26-L48-Q026,BIO26-PDF222-L48-S1-Q026,السلوك الفطري والمثيرات والإيقاعات الحيوية,BIO26-M29,سلوك الحيوان,BIO26-S29-01,السلوك الفطري والمثيرات والإيقاعات الحيوية,تجميعات الأحياء 2026 — مفتاح الإجابة في PDF p.222,B,1,NOT_STARTED,,NOT_RUN,PRE_CROP_RANGE_FROZEN_V1
48,BIO26-L48,علم البيئة,سلوك الحيوان,222,222,221,1,27,TAH-BIO-BIO26-L48-Q027,BIO26-PDF222-L48-S1-Q027,السلوك الفطري والمثيرات والإيقاعات الحيوية,BIO26-M29,سلوك الحيوان,BIO26-S29-01,السلوك الفطري والمثيرات والإيقاعات الحيوية,تجميعات الأحياء 2026 — مفتاح الإجابة في PDF p.222,A,0,NOT_STARTED,,NOT_RUN,PRE_CROP_RANGE_FROZEN_V1
48,BIO26-L48,علم البيئة,سلوك الحيوان,222,222,221,1,28,TAH-BIO-BIO26-L48-Q028,BIO26-PDF222-L48-S1-Q028,السلوك الفطري والمثيرات والإيقاعات الحيوية,BIO26-M29,سلوك الحيوان,BIO26-S29-01,السلوك الفطري والمثيرات والإيقاعات الحيوية,تجميعات الأحياء 2026 — مفتاح الإجابة في PDF p.222,C,2,NOT_STARTED,,NOT_RUN,PRE_CROP_RANGE_FROZEN_V1
48,BIO26-L48,علم البيئة,سلوك الحيوان,222,222,221,1,29,TAH-BIO-BIO26-L48-Q029,BIO26-PDF222-L48-S1-Q029,السلوك الفطري والمثيرات والإيقاعات الحيوية,BIO26-M29,سلوك الحيوان,BIO26-S29-01,السلوك الفطري والمثيرات والإيقاعات الحيوية,تجميعات الأحياء 2026 — مفتاح الإجابة في PDF p.222,A,0,NOT_STARTED,,NOT_RUN,PRE_CROP_RANGE_FROZEN_V1
48,BIO26-L48,علم البيئة,سلوك الحيوان,222,222,221,1,30,TAH-BIO-BIO26-L48-Q030,BIO26-PDF222-L48-S1-Q030,السلوك الفطري والمثيرات والإيقاعات الحيوية,BIO26-M29,سلوك الحيوان,BIO26-S29-01,السلوك الفطري والمثيرات والإيقاعات الحيوية,تجميعات الأحياء 2026 — مفتاح الإجابة في PDF p.222,D,3,NOT_STARTED,,NOT_RUN,PRE_CROP_RANGE_FROZEN_V1
48,BIO26-L48,علم البيئة,سلوك الحيوان,222,222,221,1,31,TAH-BIO-BIO26-L48-Q031,BIO26-PDF222-L48-S1-Q031,السلوك الفطري والمثيرات والإيقاعات الحيوية,BIO26-M29,سلوك الحيوان,BIO26-S29-01,السلوك الفطري والمثيرات والإيقاعات الحيوية,تجميعات الأحياء 2026 — مفتاح الإجابة في PDF p.222,B,1,NOT_STARTED,,NOT_RUN,PRE_CROP_RANGE_FROZEN_V1
48,BIO26-L48,علم البيئة,سلوك الحيوان,222,222,221,1,32,TAH-BIO-BIO26-L48-Q032,BIO26-PDF222-L48-S1-Q032,السلوك الفطري والمثيرات والإيقاعات الحيوية,BIO26-M29,سلوك الحيوان,BIO26-S29-01,السلوك الفطري والمثيرات والإيقاعات الحيوية,تجميعات الأحياء 2026 — مفتاح الإجابة في PDF p.222,B,1,NOT_STARTED,,NOT_RUN,PRE_CROP_RANGE_FROZEN_V1
48,BIO26-L48,علم البيئة,سلوك الحيوان,222,222,221,1,33,TAH-BIO-BIO26-L48-Q033,BIO26-PDF222-L48-S1-Q033,السلوك الفطري والمثيرات والإيقاعات الحيوية,BIO26-M29,سلوك الحيوان,BIO26-S29-01,السلوك الفطري والمثيرات والإيقاعات الحيوية,تجميعات الأحياء 2026 — مفتاح الإجابة في PDF p.222,A,0,NOT_STARTED,,NOT_RUN,PRE_CROP_RANGE_FROZEN_V1
48,BIO26-L48,علم البيئة,سلوك الحيوان,222,222,221,1,34,TAH-BIO-BIO26-L48-Q034,BIO26-PDF222-L48-S1-Q034,السلوك الفطري والمثيرات والإيقاعات الحيوية,BIO26-M29,سلوك الحيوان,BIO26-S29-01,السلوك الفطري والمثيرات والإيقاعات الحيوية,تجميعات الأحياء 2026 — مفتاح الإجابة في PDF p.222,B,1,NOT_STARTED,,NOT_RUN,PRE_CROP_RANGE_FROZEN_V1
48,BIO26-L48,علم البيئة,سلوك الحيوان,222,222,221,1,35,TAH-BIO-BIO26-L48-Q035,BIO26-PDF222-L48-S1-Q035,السلوك الفطري والمثيرات والإيقاعات الحيوية,BIO26-M29,سلوك الحيوان,BIO26-S29-01,السلوك الفطري والمثيرات والإيقاعات الحيوية,تجميعات الأحياء 2026 — مفتاح الإجابة في PDF p.222,D,3,NOT_STARTED,,NOT_RUN,PRE_CROP_RANGE_FROZEN_V1
48,BIO26-L48,علم البيئة,سلوك الحيوان,223,223,222,1,36,TAH-BIO-BIO26-L48-Q036,BIO26-PDF223-L48-S1-Q036,السلوك الفطري والمثيرات والإيقاعات الحيوية,BIO26-M29,سلوك الحيوان,BIO26-S29-01,السلوك الفطري والمثيرات والإيقاعات الحيوية,تجميعات الأحياء 2026 — مفتاح الإجابة في PDF p.223,A,0,NOT_STARTED,,NOT_RUN,PRE_CROP_RANGE_FROZEN_V1
48,BIO26-L48,علم البيئة,سلوك الحيوان,223,223,222,1,37,TAH-BIO-BIO26-L48-Q037,BIO26-PDF223-L48-S1-Q037,السلوك الفطري والمثيرات والإيقاعات الحيوية,BIO26-M29,سلوك الحيوان,BIO26-S29-01,السلوك الفطري والمثيرات والإيقاعات الحيوية,تجميعات الأحياء 2026 — مفتاح الإجابة في PDF p.223,A,0,NOT_STARTED,,NOT_RUN,PRE_CROP_RANGE_FROZEN_V1
48,BIO26-L48,علم البيئة,سلوك الحيوان,223,223,222,1,38,TAH-BIO-BIO26-L48-Q038,BIO26-PDF223-L48-S1-Q038,السلوك الفطري والمثيرات والإيقاعات الحيوية,BIO26-M29,سلوك الحيوان,BIO26-S29-01,السلوك الفطري والمثيرات والإيقاعات الحيوية,تجميعات الأحياء 2026 — مفتاح الإجابة في PDF p.223,B,1,NOT_STARTED,,NOT_RUN,PRE_CROP_RANGE_FROZEN_V1
48,BIO26-L48,علم البيئة,سلوك الحيوان,223,223,222,1,39,TAH-BIO-BIO26-L48-Q039,BIO26-PDF223-L48-S1-Q039,السلوك الفطري والمثيرات والإيقاعات الحيوية,BIO26-M29,سلوك الحيوان,BIO26-S29-01,السلوك الفطري والمثيرات والإيقاعات الحيوية,تجميعات الأحياء 2026 — مفتاح الإجابة في PDF p.223,B,1,NOT_STARTED,,NOT_RUN,PRE_CROP_RANGE_FROZEN_V1
48,BIO26-L48,علم البيئة,سلوك الحيوان,223,223,222,1,40,TAH-BIO-BIO26-L48-Q040,BIO26-PDF223-L48-S1-Q040,السلوك الفطري والمثيرات والإيقاعات الحيوية,BIO26-M29,سلوك الحيوان,BIO26-S29-01,السلوك الفطري والمثيرات والإيقاعات الحيوية,تجميعات الأحياء 2026 — مفتاح الإجابة في PDF p.223,A,0,NOT_STARTED,,NOT_RUN,PRE_CROP_RANGE_FROZEN_V1
48,BIO26-L48,علم البيئة,سلوك الحيوان,223,223,222,1,41,TAH-BIO-BIO26-L48-Q041,BIO26-PDF223-L48-S1-Q041,السلوك الفطري والمثيرات والإيقاعات الحيوية,BIO26-M29,سلوك الحيوان,BIO26-S29-01,السلوك الفطري والمثيرات والإيقاعات الحيوية,تجميعات الأحياء 2026 — مفتاح الإجابة في PDF p.223,D,3,NOT_STARTED,,NOT_RUN,PRE_CROP_RANGE_FROZEN_V1
48,BIO26-L48,علم البيئة,سلوك الحيوان,223,223,222,1,42,TAH-BIO-BIO26-L48-Q042,BIO26-PDF223-L48-S1-Q042,السلوك الفطري والمثيرات والإيقاعات الحيوية,BIO26-M29,سلوك الحيوان,BIO26-S29-01,السلوك الفطري والمثيرات والإيقاعات الحيوية,تجميعات الأحياء 2026 — مفتاح الإجابة في PDF p.223,D,3,NOT_STARTED,,NOT_RUN,PRE_CROP_RANGE_FROZEN_V1
48,BIO26-L48,علم البيئة,سلوك الحيوان,223,223,222,1,43,TAH-BIO-BIO26-L48-Q043,BIO26-PDF223-L48-S1-Q043,السلوك الفطري والمثيرات والإيقاعات الحيوية,BIO26-M29,سلوك الحيوان,BIO26-S29-01,السلوك الفطري والمثيرات والإيقاعات الحيوية,تجميعات الأحياء 2026 — مفتاح الإجابة في PDF p.223,A,0,NOT_STARTED,,NOT_RUN,PRE_CROP_RANGE_FROZEN_V1
48,BIO26-L48,علم البيئة,سلوك الحيوان,223,223,222,1,44,TAH-BIO-BIO26-L48-Q044,BIO26-PDF223-L48-S1-Q044,السلوك الفطري والمثيرات والإيقاعات الحيوية,BIO26-M29,سلوك الحيوان,BIO26-S29-01,السلوك الفطري والمثيرات والإيقاعات الحيوية,تجميعات الأحياء 2026 — مفتاح الإجابة في PDF p.223,D,3,NOT_STARTED,,NOT_RUN,PRE_CROP_RANGE_FROZEN_V1
48,BIO26-L48,علم البيئة,سلوك الحيوان,223,223,222,1,45,TAH-BIO-BIO26-L48-Q045,BIO26-PDF223-L48-S1-Q045,السلوك الفطري والمثيرات والإيقاعات الحيوية,BIO26-M29,سلوك الحيوان,BIO26-S29-01,السلوك الفطري والمثيرات والإيقاعات الحيوية,تجميعات الأحياء 2026 — مفتاح الإجابة في PDF p.223,A,0,NOT_STARTED,,NOT_RUN,PRE_CROP_RANGE_FROZEN_V1
48,BIO26-L48,علم البيئة,سلوك الحيوان,223,223,222,1,46,TAH-BIO-BIO26-L48-Q046,BIO26-PDF223-L48-S1-Q046,السلوك الفطري والمثيرات والإيقاعات الحيوية,BIO26-M29,سلوك الحيوان,BIO26-S29-01,السلوك الفطري والمثيرات والإيقاعات الحيوية,تجميعات الأحياء 2026 — مفتاح الإجابة في PDF p.223,A,0,NOT_STARTED,,NOT_RUN,PRE_CROP_RANGE_FROZEN_V1
48,BIO26-L48,علم البيئة,سلوك الحيوان,223,223,222,1,47,TAH-BIO-BIO26-L48-Q047,BIO26-PDF223-L48-S1-Q047,السلوك الفطري والمثيرات والإيقاعات الحيوية,BIO26-M29,سلوك الحيوان,BIO26-S29-01,السلوك الفطري والمثيرات والإيقاعات الحيوية,تجميعات الأحياء 2026 — مفتاح الإجابة في PDF p.223,B,1,NOT_STARTED,,NOT_RUN,PRE_CROP_RANGE_FROZEN_V1
48,BIO26-L48,علم البيئة,سلوك الحيوان,223,223,222,1,48,TAH-BIO-BIO26-L48-Q048,BIO26-PDF223-L48-S1-Q048,السلوك الفطري والمثيرات والإيقاعات الحيوية,BIO26-M29,سلوك الحيوان,BIO26-S29-01,السلوك الفطري والمثيرات والإيقاعات الحيوية,تجميعات الأحياء 2026 — مفتاح الإجابة في PDF p.223,A,0,NOT_STARTED,,NOT_RUN,PRE_CROP_RANGE_FROZEN_V1
48,BIO26-L48,علم البيئة,سلوك الحيوان,224,224,223,2,49,TAH-BIO-BIO26-L48-Q049,BIO26-PDF224-L48-S2-Q049,السلوك المتعلم: التعود والتكييف والمحاولة والخطأ والطبع,BIO26-M29,سلوك الحيوان,BIO26-S29-02,السلوك المتعلم: التعود والتكييف والمحاولة والخطأ والطبع,تجميعات الأحياء 2026 — مفتاح الإجابة في PDF p.224,A,0,NOT_STARTED,,NOT_RUN,PRE_CROP_RANGE_FROZEN_V1
48,BIO26-L48,علم البيئة,سلوك الحيوان,224,224,223,2,50,TAH-BIO-BIO26-L48-Q050,BIO26-PDF224-L48-S2-Q050,السلوك المتعلم: التعود والتكييف والمحاولة والخطأ والطبع,BIO26-M29,سلوك الحيوان,BIO26-S29-02,السلوك المتعلم: التعود والتكييف والمحاولة والخطأ والطبع,تجميعات الأحياء 2026 — مفتاح الإجابة في PDF p.224,D,3,NOT_STARTED,,NOT_RUN,PRE_CROP_RANGE_FROZEN_V1
48,BIO26-L48,علم البيئة,سلوك الحيوان,224,224,223,2,51,TAH-BIO-BIO26-L48-Q051,BIO26-PDF224-L48-S2-Q051,السلوك المتعلم: التعود والتكييف والمحاولة والخطأ والطبع,BIO26-M29,سلوك الحيوان,BIO26-S29-02,السلوك المتعلم: التعود والتكييف والمحاولة والخطأ والطبع,تجميعات الأحياء 2026 — مفتاح الإجابة في PDF p.224,D,3,NOT_STARTED,,NOT_RUN,PRE_CROP_RANGE_FROZEN_V1
48,BIO26-L48,علم البيئة,سلوك الحيوان,224,224,223,2,52,TAH-BIO-BIO26-L48-Q052,BIO26-PDF224-L48-S2-Q052,السلوك المتعلم: التعود والتكييف والمحاولة والخطأ والطبع,BIO26-M29,سلوك الحيوان,BIO26-S29-02,السلوك المتعلم: التعود والتكييف والمحاولة والخطأ والطبع,تجميعات الأحياء 2026 — مفتاح الإجابة في PDF p.224,C,2,NOT_STARTED,,NOT_RUN,PRE_CROP_RANGE_FROZEN_V1
48,BIO26-L48,علم البيئة,سلوك الحيوان,224,224,223,2,53,TAH-BIO-BIO26-L48-Q053,BIO26-PDF224-L48-S2-Q053,السلوك المتعلم: التعود والتكييف والمحاولة والخطأ والطبع,BIO26-M29,سلوك الحيوان,BIO26-S29-02,السلوك المتعلم: التعود والتكييف والمحاولة والخطأ والطبع,تجميعات الأحياء 2026 — مفتاح الإجابة في PDF p.224,B,1,NOT_STARTED,,NOT_RUN,PRE_CROP_RANGE_FROZEN_V1
48,BIO26-L48,علم البيئة,سلوك الحيوان,224,224,223,2,54,TAH-BIO-BIO26-L48-Q054,BIO26-PDF224-L48-S2-Q054,السلوك المتعلم: التعود والتكييف والمحاولة والخطأ والطبع,BIO26-M29,سلوك الحيوان,BIO26-S29-02,السلوك المتعلم: التعود والتكييف والمحاولة والخطأ والطبع,تجميعات الأحياء 2026 — مفتاح الإجابة في PDF p.224,D,3,NOT_STARTED,,NOT_RUN,PRE_CROP_RANGE_FROZEN_V1
48,BIO26-L48,علم البيئة,سلوك الحيوان,224,224,223,2,55,TAH-BIO-BIO26-L48-Q055,BIO26-PDF224-L48-S2-Q055,السلوك المتعلم: التعود والتكييف والمحاولة والخطأ والطبع,BIO26-M29,سلوك الحيوان,BIO26-S29-02,السلوك المتعلم: التعود والتكييف والمحاولة والخطأ والطبع,تجميعات الأحياء 2026 — مفتاح الإجابة في PDF p.224,B,1,NOT_STARTED,,NOT_RUN,PRE_CROP_RANGE_FROZEN_V1
48,BIO26-L48,علم البيئة,سلوك الحيوان,224,224,223,2,56,TAH-BIO-BIO26-L48-Q056,BIO26-PDF224-L48-S2-Q056,السلوك المتعلم: التعود والتكييف والمحاولة والخطأ والطبع,BIO26-M29,سلوك الحيوان,BIO26-S29-02,السلوك المتعلم: التعود والتكييف والمحاولة والخطأ والطبع,تجميعات الأحياء 2026 — مفتاح الإجابة في PDF p.224,A,0,NOT_STARTED,,NOT_RUN,PRE_CROP_RANGE_FROZEN_V1
48,BIO26-L48,علم البيئة,سلوك الحيوان,224,224,223,2,57,TAH-BIO-BIO26-L48-Q057,BIO26-PDF224-L48-S2-Q057,السلوك المتعلم: التعود والتكييف والمحاولة والخطأ والطبع,BIO26-M29,سلوك الحيوان,BIO26-S29-02,السلوك المتعلم: التعود والتكييف والمحاولة والخطأ والطبع,تجميعات الأحياء 2026 — مفتاح الإجابة في PDF p.224,B,1,NOT_STARTED,,NOT_RUN,PRE_CROP_RANGE_FROZEN_V1
48,BIO26-L48,علم البيئة,سلوك الحيوان,224,224,223,2,58,TAH-BIO-BIO26-L48-Q058,BIO26-PDF224-L48-S2-Q058,السلوك المتعلم: التعود والتكييف والمحاولة والخطأ والطبع,BIO26-M29,سلوك الحيوان,BIO26-S29-02,السلوك المتعلم: التعود والتكييف والمحاولة والخطأ والطبع,تجميعات الأحياء 2026 — مفتاح الإجابة في PDF p.224,A,0,NOT_STARTED,,NOT_RUN,PRE_CROP_RANGE_FROZEN_V1
48,BIO26-L48,علم البيئة,سلوك الحيوان,224,224,223,2,59,TAH-BIO-BIO26-L48-Q059,BIO26-PDF224-L48-S2-Q059,السلوك المتعلم: التعود والتكييف والمحاولة والخطأ والطبع,BIO26-M29,سلوك الحيوان,BIO26-S29-02,السلوك المتعلم: التعود والتكييف والمحاولة والخطأ والطبع,تجميعات الأحياء 2026 — مفتاح الإجابة في PDF p.224,D,3,NOT_STARTED,,NOT_RUN,PRE_CROP_RANGE_FROZEN_V1
48,BIO26-L48,علم البيئة,سلوك الحيوان,224,224,223,2,60,TAH-BIO-BIO26-L48-Q060,BIO26-PDF224-L48-S2-Q060,السلوك المتعلم: التعود والتكييف والمحاولة والخطأ والطبع,BIO26-M29,سلوك الحيوان,BIO26-S29-02,السلوك المتعلم: التعود والتكييف والمحاولة والخطأ والطبع,تجميعات الأحياء 2026 — مفتاح الإجابة في PDF p.224,B,1,NOT_STARTED,,NOT_RUN,PRE_CROP_RANGE_FROZEN_V1
48,BIO26-L48,علم البيئة,سلوك الحيوان,224,224,223,2,61,TAH-BIO-BIO26-L48-Q061,BIO26-PDF224-L48-S2-Q061,السلوك المتعلم: التعود والتكييف والمحاولة والخطأ والطبع,BIO26-M29,سلوك الحيوان,BIO26-S29-02,السلوك المتعلم: التعود والتكييف والمحاولة والخطأ والطبع,تجميعات الأحياء 2026 — مفتاح الإجابة في PDF p.224,A,0,NOT_STARTED,,NOT_RUN,PRE_CROP_RANGE_FROZEN_V1
48,BIO26-L48,علم البيئة,سلوك الحيوان,224,224,223,2,62,TAH-BIO-BIO26-L48-Q062,BIO26-PDF224-L48-S2-Q062,السلوك المتعلم: التعود والتكييف والمحاولة والخطأ والطبع,BIO26-M29,سلوك الحيوان,BIO26-S29-02,السلوك المتعلم: التعود والتكييف والمحاولة والخطأ والطبع,تجميعات الأحياء 2026 — مفتاح الإجابة في PDF p.224,C,2,NOT_STARTED,,NOT_RUN,PRE_CROP_RANGE_FROZEN_V1
48,BIO26-L48,علم البيئة,سلوك الحيوان,224,224,223,2,63,TAH-BIO-BIO26-L48-Q063,BIO26-PDF224-L48-S2-Q063,السلوك المتعلم: التعود والتكييف والمحاولة والخطأ والطبع,BIO26-M29,سلوك الحيوان,BIO26-S29-02,السلوك المتعلم: التعود والتكييف والمحاولة والخطأ والطبع,تجميعات الأحياء 2026 — مفتاح الإجابة في PDF p.224,D,3,NOT_STARTED,,NOT_RUN,PRE_CROP_RANGE_FROZEN_V1
48,BIO26-L48,علم البيئة,سلوك الحيوان,224,224,223,2,64,TAH-BIO-BIO26-L48-Q064,BIO26-PDF224-L48-S2-Q064,السلوك المتعلم: التعود والتكييف والمحاولة والخطأ والطبع,BIO26-M29,سلوك الحيوان,BIO26-S29-02,السلوك المتعلم: التعود والتكييف والمحاولة والخطأ والطبع,تجميعات الأحياء 2026 — مفتاح الإجابة في PDF p.224,A,0,NOT_STARTED,,NOT_RUN,PRE_CROP_RANGE_FROZEN_V1
48,BIO26-L48,علم البيئة,سلوك الحيوان,224,224,223,2,65,TAH-BIO-BIO26-L48-Q065,BIO26-PDF224-L48-S2-Q065,السلوك المتعلم: التعود والتكييف والمحاولة والخطأ والطبع,BIO26-M29,سلوك الحيوان,BIO26-S29-02,السلوك المتعلم: التعود والتكييف والمحاولة والخطأ والطبع,تجميعات الأحياء 2026 — مفتاح الإجابة في PDF p.224,A,0,NOT_STARTED,,NOT_RUN,PRE_CROP_RANGE_FROZEN_V1
48,BIO26-L48,علم البيئة,سلوك الحيوان,225,225,224,2,66,TAH-BIO-BIO26-L48-Q066,BIO26-PDF225-L48-S2-Q066,السلوك الاجتماعي والتواصل والتزاوج والهجرة والإقليمية,BIO26-M29,سلوك الحيوان,BIO26-S29-03,السلوك الاجتماعي والتواصل والتزاوج والهجرة والإقليمية,تجميعات الأحياء 2026 — مفتاح الإجابة في PDF p.225,D,3,NOT_STARTED,,NOT_RUN,PRE_CROP_RANGE_FROZEN_V1
48,BIO26-L48,علم البيئة,سلوك الحيوان,225,225,224,2,67,TAH-BIO-BIO26-L48-Q067,BIO26-PDF225-L48-S2-Q067,السلوك الاجتماعي والتواصل والتزاوج والهجرة والإقليمية,BIO26-M29,سلوك الحيوان,BIO26-S29-03,السلوك الاجتماعي والتواصل والتزاوج والهجرة والإقليمية,تجميعات الأحياء 2026 — مفتاح الإجابة في PDF p.225,A,0,NOT_STARTED,,NOT_RUN,PRE_CROP_RANGE_FROZEN_V1
48,BIO26-L48,علم البيئة,سلوك الحيوان,225,225,224,2,68,TAH-BIO-BIO26-L48-Q068,BIO26-PDF225-L48-S2-Q068,السلوك الاجتماعي والتواصل والتزاوج والهجرة والإقليمية,BIO26-M29,سلوك الحيوان,BIO26-S29-03,السلوك الاجتماعي والتواصل والتزاوج والهجرة والإقليمية,تجميعات الأحياء 2026 — مفتاح الإجابة في PDF p.225,A,0,NOT_STARTED,,NOT_RUN,PRE_CROP_RANGE_FROZEN_V1
48,BIO26-L48,علم البيئة,سلوك الحيوان,225,225,224,2,69,TAH-BIO-BIO26-L48-Q069,BIO26-PDF225-L48-S2-Q069,السلوك الاجتماعي والتواصل والتزاوج والهجرة والإقليمية,BIO26-M29,سلوك الحيوان,BIO26-S29-03,السلوك الاجتماعي والتواصل والتزاوج والهجرة والإقليمية,تجميعات الأحياء 2026 — مفتاح الإجابة في PDF p.225,D,3,NOT_STARTED,,NOT_RUN,PRE_CROP_RANGE_FROZEN_V1
48,BIO26-L48,علم البيئة,سلوك الحيوان,225,225,224,2,70,TAH-BIO-BIO26-L48-Q070,BIO26-PDF225-L48-S2-Q070,السلوك الاجتماعي والتواصل والتزاوج والهجرة والإقليمية,BIO26-M29,سلوك الحيوان,BIO26-S29-03,السلوك الاجتماعي والتواصل والتزاوج والهجرة والإقليمية,تجميعات الأحياء 2026 — مفتاح الإجابة في PDF p.225,C,2,NOT_STARTED,,NOT_RUN,PRE_CROP_RANGE_FROZEN_V1
48,BIO26-L48,علم البيئة,سلوك الحيوان,225,225,224,2,71,TAH-BIO-BIO26-L48-Q071,BIO26-PDF225-L48-S2-Q071,السلوك الاجتماعي والتواصل والتزاوج والهجرة والإقليمية,BIO26-M29,سلوك الحيوان,BIO26-S29-03,السلوك الاجتماعي والتواصل والتزاوج والهجرة والإقليمية,تجميعات الأحياء 2026 — مفتاح الإجابة في PDF p.225,C,2,NOT_STARTED,,NOT_RUN,PRE_CROP_RANGE_FROZEN_V1
48,BIO26-L48,علم البيئة,سلوك الحيوان,225,225,224,2,72,TAH-BIO-BIO26-L48-Q072,BIO26-PDF225-L48-S2-Q072,السلوك الفطري والمثيرات والإيقاعات الحيوية,BIO26-M29,سلوك الحيوان,BIO26-S29-01,السلوك الفطري والمثيرات والإيقاعات الحيوية,تجميعات الأحياء 2026 — مفتاح الإجابة في PDF p.225,B,1,NOT_STARTED,,NOT_RUN,PRE_CROP_RANGE_FROZEN_V1
48,BIO26-L48,علم البيئة,سلوك الحيوان,225,225,224,2,73,TAH-BIO-BIO26-L48-Q073,BIO26-PDF225-L48-S2-Q073,السلوك الفطري والمثيرات والإيقاعات الحيوية,BIO26-M29,سلوك الحيوان,BIO26-S29-01,السلوك الفطري والمثيرات والإيقاعات الحيوية,تجميعات الأحياء 2026 — مفتاح الإجابة في PDF p.225,C,2,NOT_STARTED,,NOT_RUN,PRE_CROP_RANGE_FROZEN_V1
48,BIO26-L48,علم البيئة,سلوك الحيوان,225,225,224,2,74,TAH-BIO-BIO26-L48-Q074,BIO26-PDF225-L48-S2-Q074,السلوك الفطري والمثيرات والإيقاعات الحيوية,BIO26-M29,سلوك الحيوان,BIO26-S29-01,السلوك الفطري والمثيرات والإيقاعات الحيوية,تجميعات الأحياء 2026 — مفتاح الإجابة في PDF p.225,A,0,NOT_STARTED,,NOT_RUN,PRE_CROP_RANGE_FROZEN_V1
48,BIO26-L48,علم البيئة,سلوك الحيوان,225,225,224,2,75,TAH-BIO-BIO26-L48-Q075,BIO26-PDF225-L48-S2-Q075,السلوك الفطري والمثيرات والإيقاعات الحيوية,BIO26-M29,سلوك الحيوان,BIO26-S29-01,السلوك الفطري والمثيرات والإيقاعات الحيوية,تجميعات الأحياء 2026 — مفتاح الإجابة في PDF p.225,A,0,NOT_STARTED,,NOT_RUN,PRE_CROP_RANGE_FROZEN_V1
48,BIO26-L48,علم البيئة,سلوك الحيوان,225,225,224,2,76,TAH-BIO-BIO26-L48-Q076,BIO26-PDF225-L48-S2-Q076,السلوك الفطري والمثيرات والإيقاعات الحيوية,BIO26-M29,سلوك الحيوان,BIO26-S29-01,السلوك الفطري والمثيرات والإيقاعات الحيوية,تجميعات الأحياء 2026 — مفتاح الإجابة في PDF p.225,B,1,NOT_STARTED,,NOT_RUN,PRE_CROP_RANGE_FROZEN_V1
48,BIO26-L48,علم البيئة,سلوك الحيوان,225,225,224,2,77,TAH-BIO-BIO26-L48-Q077,BIO26-PDF225-L48-S2-Q077,السلوك الفطري والمثيرات والإيقاعات الحيوية,BIO26-M29,سلوك الحيوان,BIO26-S29-01,السلوك الفطري والمثيرات والإيقاعات الحيوية,تجميعات الأحياء 2026 — مفتاح الإجابة في PDF p.225,B,1,NOT_STARTED,,NOT_RUN,PRE_CROP_RANGE_FROZEN_V1
48,BIO26-L48,علم البيئة,سلوك الحيوان,225,225,224,2,78,TAH-BIO-BIO26-L48-Q078,BIO26-PDF225-L48-S2-Q078,السلوك الفطري والمثيرات والإيقاعات الحيوية,BIO26-M29,سلوك الحيوان,BIO26-S29-01,السلوك الفطري والمثيرات والإيقاعات الحيوية,تجميعات الأحياء 2026 — مفتاح الإجابة في PDF p.225,C,2,NOT_STARTED,,NOT_RUN,PRE_CROP_RANGE_FROZEN_V1
48,BIO26-L48,علم البيئة,سلوك الحيوان,225,225,224,2,79,TAH-BIO-BIO26-L48-Q079,BIO26-PDF225-L48-S2-Q079,السلوك الفطري والمثيرات والإيقاعات الحيوية,BIO26-M29,سلوك الحيوان,BIO26-S29-01,السلوك الفطري والمثيرات والإيقاعات الحيوية,تجميعات الأحياء 2026 — مفتاح الإجابة في PDF p.225,A,0,NOT_STARTED,,NOT_RUN,PRE_CROP_RANGE_FROZEN_V1
48,BIO26-L48,علم البيئة,سلوك الحيوان,225,225,224,2,80,TAH-BIO-BIO26-L48-Q080,BIO26-PDF225-L48-S2-Q080,السلوك الفطري والمثيرات والإيقاعات الحيوية,BIO26-M29,سلوك الحيوان,BIO26-S29-01,السلوك الفطري والمثيرات والإيقاعات الحيوية,تجميعات الأحياء 2026 — مفتاح الإجابة في PDF p.225,A,0,NOT_STARTED,,NOT_RUN,PRE_CROP_RANGE_FROZEN_V1
