questionCode,sourceItemId,lessonCode,unit,lesson,pdfPage,section,printedQuestionNumber,correctAnswer,correctOptionIndex,answerSource,answerExtractionMethod,answerQaStatus
TAH-BIO-BIO26-L01-Q001,BIO26-PDF005-L01-S1-Q001,BIO26-L01,أحياء 1,دراسة الحياة,5,1,1,C,2,تجميعات الأحياء 2026 — مفتاح الإجابة في PDF p.5,SOURCE_ANSWER_STRIP_EMBEDDED_TEXT,PASS_SOURCE_KEY
TAH-BIO-BIO26-L01-Q002,BIO26-PDF005-L01-S1-Q002,BIO26-L01,أحياء 1,دراسة الحياة,5,1,2,C,2,تجميعات الأحياء 2026 — مفتاح الإجابة في PDF p.5,SOURCE_ANSWER_STRIP_EMBEDDED_TEXT,PASS_SOURCE_KEY
TAH-BIO-BIO26-L01-Q003,BIO26-PDF005-L01-S1-Q003,BIO26-L01,أحياء 1,دراسة الحياة,5,1,3,D,3,تجميعات الأحياء 2026 — مفتاح الإجابة في PDF p.5,SOURCE_ANSWER_STRIP_EMBEDDED_TEXT,PASS_SOURCE_KEY
TAH-BIO-BIO26-L01-Q004,BIO26-PDF005-L01-S1-Q004,BIO26-L01,أحياء 1,دراسة الحياة,5,1,4,A,0,تجميعات الأحياء 2026 — مفتاح الإجابة في PDF p.5,SOURCE_ANSWER_STRIP_EMBEDDED_TEXT,PASS_SOURCE_KEY
TAH-BIO-BIO26-L01-Q005,BIO26-PDF005-L01-S1-Q005,BIO26-L01,أحياء 1,دراسة الحياة,5,1,5,A,0,تجميعات الأحياء 2026 — مفتاح الإجابة في PDF p.5,SOURCE_ANSWER_STRIP_EMBEDDED_TEXT,PASS_SOURCE_KEY
TAH-BIO-BIO26-L01-Q006,BIO26-PDF005-L01-S1-Q006,BIO26-L01,أحياء 1,دراسة الحياة,5,1,6,C,2,تجميعات الأحياء 2026 — مفتاح الإجابة في PDF p.5,SOURCE_ANSWER_STRIP_EMBEDDED_TEXT,PASS_SOURCE_KEY
TAH-BIO-BIO26-L01-Q007,BIO26-PDF005-L01-S1-Q007,BIO26-L01,أحياء 1,دراسة الحياة,5,1,7,B,1,تجميعات الأحياء 2026 — مفتاح الإجابة في PDF p.5,SOURCE_ANSWER_STRIP_EMBEDDED_TEXT,PASS_SOURCE_KEY
TAH-BIO-BIO26-L01-Q008,BIO26-PDF005-L01-S1-Q008,BIO26-L01,أحياء 1,دراسة الحياة,5,1,8,A,0,تجميعات الأحياء 2026 — مفتاح الإجابة في PDF p.5,SOURCE_ANSWER_STRIP_EMBEDDED_TEXT,PASS_SOURCE_KEY
TAH-BIO-BIO26-L01-Q009,BIO26-PDF005-L01-S1-Q009,BIO26-L01,أحياء 1,دراسة الحياة,5,1,9,C,2,تجميعات الأحياء 2026 — مفتاح الإجابة في PDF p.5,SOURCE_ANSWER_STRIP_EMBEDDED_TEXT,PASS_SOURCE_KEY
TAH-BIO-BIO26-L01-Q010,BIO26-PDF005-L01-S1-Q010,BIO26-L01,أحياء 1,دراسة الحياة,5,1,10,B,1,تجميعات الأحياء 2026 — مفتاح الإجابة في PDF p.5,SOURCE_ANSWER_STRIP_EMBEDDED_TEXT,PASS_SOURCE_KEY
TAH-BIO-BIO26-L01-Q011,BIO26-PDF005-L01-S1-Q011,BIO26-L01,أحياء 1,دراسة الحياة,5,1,11,A,0,تجميعات الأحياء 2026 — مفتاح الإجابة في PDF p.5,SOURCE_ANSWER_STRIP_EMBEDDED_TEXT,PASS_SOURCE_KEY
TAH-BIO-BIO26-L01-Q012,BIO26-PDF005-L01-S1-Q012,BIO26-L01,أحياء 1,دراسة الحياة,5,1,12,B,1,تجميعات الأحياء 2026 — مفتاح الإجابة في PDF p.5,SOURCE_ANSWER_STRIP_EMBEDDED_TEXT,PASS_SOURCE_KEY
TAH-BIO-BIO26-L01-Q013,BIO26-PDF005-L01-S1-Q013,BIO26-L01,أحياء 1,دراسة الحياة,5,1,13,A,0,تجميعات الأحياء 2026 — مفتاح الإجابة في PDF p.5,SOURCE_ANSWER_STRIP_EMBEDDED_TEXT,PASS_SOURCE_KEY
TAH-BIO-BIO26-L01-Q014,BIO26-PDF005-L01-S1-Q014,BIO26-L01,أحياء 1,دراسة الحياة,5,1,14,B,1,تجميعات الأحياء 2026 — مفتاح الإجابة في PDF p.5,SOURCE_ANSWER_STRIP_EMBEDDED_TEXT,PASS_SOURCE_KEY
TAH-BIO-BIO26-L01-Q015,BIO26-PDF005-L01-S1-Q015,BIO26-L01,أحياء 1,دراسة الحياة,5,1,15,C,2,تجميعات الأحياء 2026 — مفتاح الإجابة في PDF p.5,SOURCE_ANSWER_STRIP_EMBEDDED_TEXT,PASS_SOURCE_KEY
TAH-BIO-BIO26-L01-Q016,BIO26-PDF006-L01-S1-Q016,BIO26-L01,أحياء 1,دراسة الحياة,6,1,16,C,2,تجميعات الأحياء 2026 — مفتاح الإجابة في PDF p.6,SOURCE_ANSWER_STRIP_EMBEDDED_TEXT,PASS_SOURCE_KEY
TAH-BIO-BIO26-L01-Q017,BIO26-PDF006-L01-S1-Q017,BIO26-L01,أحياء 1,دراسة الحياة,6,1,17,B,1,تجميعات الأحياء 2026 — مفتاح الإجابة في PDF p.6,SOURCE_ANSWER_STRIP_EMBEDDED_TEXT,PASS_SOURCE_KEY
TAH-BIO-BIO26-L01-Q018,BIO26-PDF006-L01-S1-Q018,BIO26-L01,أحياء 1,دراسة الحياة,6,1,18,B,1,تجميعات الأحياء 2026 — مفتاح الإجابة في PDF p.6,SOURCE_ANSWER_STRIP_EMBEDDED_TEXT,PASS_SOURCE_KEY
TAH-BIO-BIO26-L01-Q019,BIO26-PDF006-L01-S1-Q019,BIO26-L01,أحياء 1,دراسة الحياة,6,1,19,C,2,تجميعات الأحياء 2026 — مفتاح الإجابة في PDF p.6,SOURCE_ANSWER_STRIP_EMBEDDED_TEXT,PASS_SOURCE_KEY
TAH-BIO-BIO26-L01-Q020,BIO26-PDF006-L01-S1-Q020,BIO26-L01,أحياء 1,دراسة الحياة,6,1,20,C,2,تجميعات الأحياء 2026 — مفتاح الإجابة في PDF p.6,SOURCE_ANSWER_STRIP_EMBEDDED_TEXT,PASS_SOURCE_KEY
TAH-BIO-BIO26-L01-Q021,BIO26-PDF006-L01-S1-Q021,BIO26-L01,أحياء 1,دراسة الحياة,6,1,21,C,2,تجميعات الأحياء 2026 — مفتاح الإجابة في PDF p.6,SOURCE_ANSWER_STRIP_EMBEDDED_TEXT,PASS_SOURCE_KEY
TAH-BIO-BIO26-L01-Q022,BIO26-PDF006-L01-S1-Q022,BIO26-L01,أحياء 1,دراسة الحياة,6,1,22,D,3,تجميعات الأحياء 2026 — مفتاح الإجابة في PDF p.6,SOURCE_ANSWER_STRIP_EMBEDDED_TEXT,PASS_SOURCE_KEY
TAH-BIO-BIO26-L01-Q023,BIO26-PDF006-L01-S1-Q023,BIO26-L01,أحياء 1,دراسة الحياة,6,1,23,A,0,تجميعات الأحياء 2026 — مفتاح الإجابة في PDF p.6,SOURCE_ANSWER_STRIP_EMBEDDED_TEXT,PASS_SOURCE_KEY
TAH-BIO-BIO26-L01-Q024,BIO26-PDF006-L01-S1-Q024,BIO26-L01,أحياء 1,دراسة الحياة,6,1,24,B,1,تجميعات الأحياء 2026 — مفتاح الإجابة في PDF p.6,SOURCE_ANSWER_STRIP_EMBEDDED_TEXT,PASS_SOURCE_KEY
TAH-BIO-BIO26-L01-Q025,BIO26-PDF006-L01-S1-Q025,BIO26-L01,أحياء 1,دراسة الحياة,6,1,25,A,0,تجميعات الأحياء 2026 — مفتاح الإجابة في PDF p.6,SOURCE_ANSWER_STRIP_EMBEDDED_TEXT,PASS_SOURCE_KEY
TAH-BIO-BIO26-L01-Q026,BIO26-PDF006-L01-S1-Q026,BIO26-L01,أحياء 1,دراسة الحياة,6,1,26,B,1,تجميعات الأحياء 2026 — مفتاح الإجابة في PDF p.6,SOURCE_ANSWER_STRIP_EMBEDDED_TEXT,PASS_SOURCE_KEY
TAH-BIO-BIO26-L01-Q027,BIO26-PDF006-L01-S1-Q027,BIO26-L01,أحياء 1,دراسة الحياة,6,1,27,C,2,تجميعات الأحياء 2026 — مفتاح الإجابة في PDF p.6,SOURCE_ANSWER_STRIP_EMBEDDED_TEXT,PASS_SOURCE_KEY
TAH-BIO-BIO26-L01-Q028,BIO26-PDF006-L01-S1-Q028,BIO26-L01,أحياء 1,دراسة الحياة,6,1,28,A,0,تجميعات الأحياء 2026 — مفتاح الإجابة في PDF p.6,SOURCE_ANSWER_STRIP_EMBEDDED_TEXT,PASS_SOURCE_KEY
TAH-BIO-BIO26-L01-Q029,BIO26-PDF007-L01-S1-Q029,BIO26-L01,أحياء 1,دراسة الحياة,7,1,29,D,3,تجميعات الأحياء 2026 — مفتاح الإجابة في PDF p.7,SOURCE_ANSWER_STRIP_EMBEDDED_TEXT,PASS_SOURCE_KEY
TAH-BIO-BIO26-L01-Q030,BIO26-PDF007-L01-S1-Q030,BIO26-L01,أحياء 1,دراسة الحياة,7,1,30,A,0,تجميعات الأحياء 2026 — مفتاح الإجابة في PDF p.7,SOURCE_ANSWER_STRIP_EMBEDDED_TEXT,PASS_SOURCE_KEY
TAH-BIO-BIO26-L01-Q031,BIO26-PDF007-L01-S1-Q031,BIO26-L01,أحياء 1,دراسة الحياة,7,1,31,C,2,تجميعات الأحياء 2026 — مفتاح الإجابة في PDF p.7,SOURCE_ANSWER_STRIP_EMBEDDED_TEXT,PASS_SOURCE_KEY
TAH-BIO-BIO26-L01-Q032,BIO26-PDF008-L01-S2-Q032,BIO26-L01,أحياء 1,دراسة الحياة,8,2,32,B,1,تجميعات الأحياء 2026 — مفتاح الإجابة في PDF p.8,SOURCE_ANSWER_STRIP_EMBEDDED_TEXT,PASS_SOURCE_KEY
TAH-BIO-BIO26-L01-Q033,BIO26-PDF008-L01-S2-Q033,BIO26-L01,أحياء 1,دراسة الحياة,8,2,33,C,2,تجميعات الأحياء 2026 — مفتاح الإجابة في PDF p.8,SOURCE_ANSWER_STRIP_EMBEDDED_TEXT,PASS_SOURCE_KEY
TAH-BIO-BIO26-L01-Q034,BIO26-PDF008-L01-S2-Q034,BIO26-L01,أحياء 1,دراسة الحياة,8,2,34,B,1,تجميعات الأحياء 2026 — مفتاح الإجابة في PDF p.8,SOURCE_ANSWER_STRIP_EMBEDDED_TEXT,PASS_SOURCE_KEY
TAH-BIO-BIO26-L01-Q035,BIO26-PDF008-L01-S2-Q035,BIO26-L01,أحياء 1,دراسة الحياة,8,2,35,B,1,تجميعات الأحياء 2026 — مفتاح الإجابة في PDF p.8,SOURCE_ANSWER_STRIP_EMBEDDED_TEXT,PASS_SOURCE_KEY
TAH-BIO-BIO26-L01-Q036,BIO26-PDF008-L01-S2-Q036,BIO26-L01,أحياء 1,دراسة الحياة,8,2,36,A,0,تجميعات الأحياء 2026 — مفتاح الإجابة في PDF p.8,SOURCE_ANSWER_STRIP_EMBEDDED_TEXT,PASS_SOURCE_KEY
TAH-BIO-BIO26-L01-Q037,BIO26-PDF008-L01-S2-Q037,BIO26-L01,أحياء 1,دراسة الحياة,8,2,37,A,0,تجميعات الأحياء 2026 — مفتاح الإجابة في PDF p.8,SOURCE_ANSWER_STRIP_EMBEDDED_TEXT,PASS_SOURCE_KEY
TAH-BIO-BIO26-L01-Q038,BIO26-PDF008-L01-S2-Q038,BIO26-L01,أحياء 1,دراسة الحياة,8,2,38,C,2,تجميعات الأحياء 2026 — مفتاح الإجابة في PDF p.8,SOURCE_ANSWER_STRIP_EMBEDDED_TEXT,PASS_SOURCE_KEY
TAH-BIO-BIO26-L01-Q039,BIO26-PDF008-L01-S2-Q039,BIO26-L01,أحياء 1,دراسة الحياة,8,2,39,A,0,تجميعات الأحياء 2026 — مفتاح الإجابة في PDF p.8,SOURCE_ANSWER_STRIP_EMBEDDED_TEXT,PASS_SOURCE_KEY
TAH-BIO-BIO26-L01-Q040,BIO26-PDF008-L01-S2-Q040,BIO26-L01,أحياء 1,دراسة الحياة,8,2,40,B,1,تجميعات الأحياء 2026 — مفتاح الإجابة في PDF p.8,SOURCE_ANSWER_STRIP_EMBEDDED_TEXT,PASS_SOURCE_KEY
TAH-BIO-BIO26-L01-Q041,BIO26-PDF008-L01-S2-Q041,BIO26-L01,أحياء 1,دراسة الحياة,8,2,41,D,3,تجميعات الأحياء 2026 — مفتاح الإجابة في PDF p.8,SOURCE_ANSWER_STRIP_EMBEDDED_TEXT,PASS_SOURCE_KEY
TAH-BIO-BIO26-L01-Q042,BIO26-PDF008-L01-S2-Q042,BIO26-L01,أحياء 1,دراسة الحياة,8,2,42,B,1,تجميعات الأحياء 2026 — مفتاح الإجابة في PDF p.8,SOURCE_ANSWER_STRIP_EMBEDDED_TEXT,PASS_SOURCE_KEY
TAH-BIO-BIO26-L01-Q043,BIO26-PDF008-L01-S2-Q043,BIO26-L01,أحياء 1,دراسة الحياة,8,2,43,C,2,تجميعات الأحياء 2026 — مفتاح الإجابة في PDF p.8,SOURCE_ANSWER_STRIP_EMBEDDED_TEXT,PASS_SOURCE_KEY
TAH-BIO-BIO26-L01-Q044,BIO26-PDF008-L01-S2-Q044,BIO26-L01,أحياء 1,دراسة الحياة,8,2,44,C,2,تجميعات الأحياء 2026 — مفتاح الإجابة في PDF p.8,SOURCE_ANSWER_STRIP_EMBEDDED_TEXT,PASS_SOURCE_KEY
TAH-BIO-BIO26-L01-Q045,BIO26-PDF008-L01-S2-Q045,BIO26-L01,أحياء 1,دراسة الحياة,8,2,45,A,0,تجميعات الأحياء 2026 — مفتاح الإجابة في PDF p.8,SOURCE_ANSWER_STRIP_EMBEDDED_TEXT,PASS_SOURCE_KEY
TAH-BIO-BIO26-L01-Q046,BIO26-PDF008-L01-S2-Q046,BIO26-L01,أحياء 1,دراسة الحياة,8,2,46,A,0,تجميعات الأحياء 2026 — مفتاح الإجابة في PDF p.8,SOURCE_ANSWER_STRIP_EMBEDDED_TEXT,PASS_SOURCE_KEY
TAH-BIO-BIO26-L01-Q047,BIO26-PDF008-L01-S2-Q047,BIO26-L01,أحياء 1,دراسة الحياة,8,2,47,C,2,تجميعات الأحياء 2026 — مفتاح الإجابة في PDF p.8,SOURCE_ANSWER_STRIP_EMBEDDED_TEXT,PASS_SOURCE_KEY
TAH-BIO-BIO26-L01-Q048,BIO26-PDF008-L01-S2-Q048,BIO26-L01,أحياء 1,دراسة الحياة,8,2,48,C,2,تجميعات الأحياء 2026 — مفتاح الإجابة في PDF p.8,SOURCE_ANSWER_STRIP_EMBEDDED_TEXT,PASS_SOURCE_KEY
TAH-BIO-BIO26-L01-Q049,BIO26-PDF008-L01-S2-Q049,BIO26-L01,أحياء 1,دراسة الحياة,8,2,49,A,0,تجميعات الأحياء 2026 — مفتاح الإجابة في PDF p.8,SOURCE_ANSWER_STRIP_EMBEDDED_TEXT,PASS_SOURCE_KEY
TAH-BIO-BIO26-L01-Q050,BIO26-PDF008-L01-S2-Q050,BIO26-L01,أحياء 1,دراسة الحياة,8,2,50,C,2,تجميعات الأحياء 2026 — مفتاح الإجابة في PDF p.8,SOURCE_ANSWER_STRIP_EMBEDDED_TEXT,PASS_SOURCE_KEY
TAH-BIO-BIO26-L01-Q051,BIO26-PDF009-L01-S2-Q051,BIO26-L01,أحياء 1,دراسة الحياة,9,2,51,D,3,تجميعات الأحياء 2026 — مفتاح الإجابة في PDF p.9,SOURCE_ANSWER_STRIP_EMBEDDED_TEXT,PASS_SOURCE_KEY
TAH-BIO-BIO26-L01-Q052,BIO26-PDF009-L01-S2-Q052,BIO26-L01,أحياء 1,دراسة الحياة,9,2,52,A,0,تجميعات الأحياء 2026 — مفتاح الإجابة في PDF p.9,SOURCE_ANSWER_STRIP_EMBEDDED_TEXT,PASS_SOURCE_KEY
TAH-BIO-BIO26-L01-Q053,BIO26-PDF009-L01-S2-Q053,BIO26-L01,أحياء 1,دراسة الحياة,9,2,53,B,1,تجميعات الأحياء 2026 — مفتاح الإجابة في PDF p.9,SOURCE_ANSWER_STRIP_EMBEDDED_TEXT,PASS_SOURCE_KEY
TAH-BIO-BIO26-L01-Q054,BIO26-PDF009-L01-S2-Q054,BIO26-L01,أحياء 1,دراسة الحياة,9,2,54,D,3,تجميعات الأحياء 2026 — مفتاح الإجابة في PDF p.9,SOURCE_ANSWER_STRIP_EMBEDDED_TEXT,PASS_SOURCE_KEY
TAH-BIO-BIO26-L01-Q055,BIO26-PDF009-L01-S2-Q055,BIO26-L01,أحياء 1,دراسة الحياة,9,2,55,B,1,تجميعات الأحياء 2026 — مفتاح الإجابة في PDF p.9,SOURCE_ANSWER_STRIP_EMBEDDED_TEXT,PASS_SOURCE_KEY
TAH-BIO-BIO26-L01-Q056,BIO26-PDF009-L01-S2-Q056,BIO26-L01,أحياء 1,دراسة الحياة,9,2,56,C,2,تجميعات الأحياء 2026 — مفتاح الإجابة في PDF p.9,SOURCE_ANSWER_STRIP_EMBEDDED_TEXT,PASS_SOURCE_KEY
TAH-BIO-BIO26-L01-Q057,BIO26-PDF009-L01-S2-Q057,BIO26-L01,أحياء 1,دراسة الحياة,9,2,57,D,3,تجميعات الأحياء 2026 — مفتاح الإجابة في PDF p.9,SOURCE_ANSWER_STRIP_EMBEDDED_TEXT,PASS_SOURCE_KEY
TAH-BIO-BIO26-L01-Q058,BIO26-PDF009-L01-S2-Q058,BIO26-L01,أحياء 1,دراسة الحياة,9,2,58,A,0,تجميعات الأحياء 2026 — مفتاح الإجابة في PDF p.9,SOURCE_ANSWER_STRIP_EMBEDDED_TEXT,PASS_SOURCE_KEY
TAH-BIO-BIO26-L01-Q059,BIO26-PDF009-L01-S2-Q059,BIO26-L01,أحياء 1,دراسة الحياة,9,2,59,B,1,تجميعات الأحياء 2026 — مفتاح الإجابة في PDF p.9,SOURCE_ANSWER_STRIP_EMBEDDED_TEXT,PASS_SOURCE_KEY
TAH-BIO-BIO26-L02-Q001,BIO26-PDF010-L02-S1-Q001,BIO26-L02,أحياء 1,تنظيم تنوع الحياة,10,1,1,C,2,تجميعات الأحياء 2026 — مفتاح الإجابة في PDF p.10,SOURCE_ANSWER_STRIP_EMBEDDED_TEXT,PASS_SOURCE_KEY
TAH-BIO-BIO26-L02-Q002,BIO26-PDF010-L02-S1-Q002,BIO26-L02,أحياء 1,تنظيم تنوع الحياة,10,1,2,A,0,تجميعات الأحياء 2026 — مفتاح الإجابة في PDF p.10,SOURCE_ANSWER_STRIP_EMBEDDED_TEXT,PASS_SOURCE_KEY
TAH-BIO-BIO26-L02-Q003,BIO26-PDF010-L02-S1-Q003,BIO26-L02,أحياء 1,تنظيم تنوع الحياة,10,1,3,A,0,تجميعات الأحياء 2026 — مفتاح الإجابة في PDF p.10,SOURCE_ANSWER_STRIP_EMBEDDED_TEXT,PASS_SOURCE_KEY
TAH-BIO-BIO26-L02-Q004,BIO26-PDF010-L02-S1-Q004,BIO26-L02,أحياء 1,تنظيم تنوع الحياة,10,1,4,A,0,تجميعات الأحياء 2026 — مفتاح الإجابة في PDF p.10,SOURCE_ANSWER_STRIP_EMBEDDED_TEXT,PASS_SOURCE_KEY
TAH-BIO-BIO26-L02-Q005,BIO26-PDF010-L02-S1-Q005,BIO26-L02,أحياء 1,تنظيم تنوع الحياة,10,1,5,A,0,تجميعات الأحياء 2026 — مفتاح الإجابة في PDF p.10,SOURCE_ANSWER_STRIP_EMBEDDED_TEXT,PASS_SOURCE_KEY
TAH-BIO-BIO26-L02-Q006,BIO26-PDF010-L02-S1-Q006,BIO26-L02,أحياء 1,تنظيم تنوع الحياة,10,1,6,A,0,تجميعات الأحياء 2026 — مفتاح الإجابة في PDF p.10,SOURCE_ANSWER_STRIP_EMBEDDED_TEXT,PASS_SOURCE_KEY
TAH-BIO-BIO26-L02-Q007,BIO26-PDF010-L02-S1-Q007,BIO26-L02,أحياء 1,تنظيم تنوع الحياة,10,1,7,A,0,تجميعات الأحياء 2026 — مفتاح الإجابة في PDF p.10,SOURCE_ANSWER_STRIP_EMBEDDED_TEXT,PASS_SOURCE_KEY
TAH-BIO-BIO26-L02-Q008,BIO26-PDF010-L02-S1-Q008,BIO26-L02,أحياء 1,تنظيم تنوع الحياة,10,1,8,C,2,تجميعات الأحياء 2026 — مفتاح الإجابة في PDF p.10,SOURCE_ANSWER_STRIP_EMBEDDED_TEXT,PASS_SOURCE_KEY
TAH-BIO-BIO26-L02-Q009,BIO26-PDF010-L02-S1-Q009,BIO26-L02,أحياء 1,تنظيم تنوع الحياة,10,1,9,B,1,تجميعات الأحياء 2026 — مفتاح الإجابة في PDF p.10,SOURCE_ANSWER_STRIP_EMBEDDED_TEXT,PASS_SOURCE_KEY
TAH-BIO-BIO26-L02-Q010,BIO26-PDF010-L02-S1-Q010,BIO26-L02,أحياء 1,تنظيم تنوع الحياة,10,1,10,B,1,تجميعات الأحياء 2026 — مفتاح الإجابة في PDF p.10,SOURCE_ANSWER_STRIP_EMBEDDED_TEXT,PASS_SOURCE_KEY
TAH-BIO-BIO26-L02-Q011,BIO26-PDF010-L02-S1-Q011,BIO26-L02,أحياء 1,تنظيم تنوع الحياة,10,1,11,B,1,تجميعات الأحياء 2026 — مفتاح الإجابة في PDF p.10,SOURCE_ANSWER_STRIP_EMBEDDED_TEXT,PASS_SOURCE_KEY
TAH-BIO-BIO26-L02-Q012,BIO26-PDF010-L02-S1-Q012,BIO26-L02,أحياء 1,تنظيم تنوع الحياة,10,1,12,B,1,تجميعات الأحياء 2026 — مفتاح الإجابة في PDF p.10,SOURCE_ANSWER_STRIP_EMBEDDED_TEXT,PASS_SOURCE_KEY
TAH-BIO-BIO26-L02-Q013,BIO26-PDF010-L02-S1-Q013,BIO26-L02,أحياء 1,تنظيم تنوع الحياة,10,1,13,D,3,تجميعات الأحياء 2026 — مفتاح الإجابة في PDF p.10,SOURCE_ANSWER_STRIP_EMBEDDED_TEXT,PASS_SOURCE_KEY
TAH-BIO-BIO26-L02-Q014,BIO26-PDF010-L02-S1-Q014,BIO26-L02,أحياء 1,تنظيم تنوع الحياة,10,1,14,B,1,تجميعات الأحياء 2026 — مفتاح الإجابة في PDF p.10,SOURCE_ANSWER_STRIP_EMBEDDED_TEXT,PASS_SOURCE_KEY
TAH-BIO-BIO26-L02-Q015,BIO26-PDF010-L02-S1-Q015,BIO26-L02,أحياء 1,تنظيم تنوع الحياة,10,1,15,A,0,تجميعات الأحياء 2026 — مفتاح الإجابة في PDF p.10,SOURCE_ANSWER_STRIP_EMBEDDED_TEXT,PASS_SOURCE_KEY
TAH-BIO-BIO26-L02-Q016,BIO26-PDF010-L02-S1-Q016,BIO26-L02,أحياء 1,تنظيم تنوع الحياة,10,1,16,D,3,تجميعات الأحياء 2026 — مفتاح الإجابة في PDF p.10,SOURCE_ANSWER_STRIP_EMBEDDED_TEXT,PASS_SOURCE_KEY
TAH-BIO-BIO26-L02-Q017,BIO26-PDF010-L02-S1-Q017,BIO26-L02,أحياء 1,تنظيم تنوع الحياة,10,1,17,D,3,تجميعات الأحياء 2026 — مفتاح الإجابة في PDF p.10,SOURCE_ANSWER_STRIP_EMBEDDED_TEXT,PASS_SOURCE_KEY
TAH-BIO-BIO26-L02-Q018,BIO26-PDF011-L02-S1-Q018,BIO26-L02,أحياء 1,تنظيم تنوع الحياة,11,1,18,B,1,تجميعات الأحياء 2026 — مفتاح الإجابة في PDF p.11,SOURCE_ANSWER_STRIP_EMBEDDED_TEXT,PASS_SOURCE_KEY
TAH-BIO-BIO26-L02-Q019,BIO26-PDF011-L02-S1-Q019,BIO26-L02,أحياء 1,تنظيم تنوع الحياة,11,1,19,D,3,تجميعات الأحياء 2026 — مفتاح الإجابة في PDF p.11,SOURCE_ANSWER_STRIP_EMBEDDED_TEXT,PASS_SOURCE_KEY
TAH-BIO-BIO26-L02-Q020,BIO26-PDF011-L02-S1-Q020,BIO26-L02,أحياء 1,تنظيم تنوع الحياة,11,1,20,C,2,تجميعات الأحياء 2026 — مفتاح الإجابة في PDF p.11,SOURCE_ANSWER_STRIP_EMBEDDED_TEXT,PASS_SOURCE_KEY
TAH-BIO-BIO26-L02-Q021,BIO26-PDF011-L02-S1-Q021,BIO26-L02,أحياء 1,تنظيم تنوع الحياة,11,1,21,B,1,تجميعات الأحياء 2026 — مفتاح الإجابة في PDF p.11,SOURCE_ANSWER_STRIP_EMBEDDED_TEXT,PASS_SOURCE_KEY
TAH-BIO-BIO26-L02-Q022,BIO26-PDF011-L02-S1-Q022,BIO26-L02,أحياء 1,تنظيم تنوع الحياة,11,1,22,B,1,تجميعات الأحياء 2026 — مفتاح الإجابة في PDF p.11,SOURCE_ANSWER_STRIP_EMBEDDED_TEXT,PASS_SOURCE_KEY
TAH-BIO-BIO26-L02-Q023,BIO26-PDF011-L02-S1-Q023,BIO26-L02,أحياء 1,تنظيم تنوع الحياة,11,1,23,B,1,تجميعات الأحياء 2026 — مفتاح الإجابة في PDF p.11,SOURCE_ANSWER_STRIP_EMBEDDED_TEXT,PASS_SOURCE_KEY
TAH-BIO-BIO26-L02-Q024,BIO26-PDF011-L02-S1-Q024,BIO26-L02,أحياء 1,تنظيم تنوع الحياة,11,1,24,D,3,تجميعات الأحياء 2026 — مفتاح الإجابة في PDF p.11,SOURCE_ANSWER_STRIP_EMBEDDED_TEXT,PASS_SOURCE_KEY
TAH-BIO-BIO26-L02-Q025,BIO26-PDF011-L02-S1-Q025,BIO26-L02,أحياء 1,تنظيم تنوع الحياة,11,1,25,A,0,تجميعات الأحياء 2026 — مفتاح الإجابة في PDF p.11,SOURCE_ANSWER_STRIP_EMBEDDED_TEXT,PASS_SOURCE_KEY
TAH-BIO-BIO26-L02-Q026,BIO26-PDF011-L02-S1-Q026,BIO26-L02,أحياء 1,تنظيم تنوع الحياة,11,1,26,D,3,تجميعات الأحياء 2026 — مفتاح الإجابة في PDF p.11,SOURCE_ANSWER_STRIP_EMBEDDED_TEXT,PASS_SOURCE_KEY
TAH-BIO-BIO26-L02-Q027,BIO26-PDF012-L02-S2-Q027,BIO26-L02,أحياء 1,تنظيم تنوع الحياة,12,2,27,A,0,تجميعات الأحياء 2026 — مفتاح الإجابة في PDF p.12,SOURCE_ANSWER_STRIP_EMBEDDED_TEXT,PASS_SOURCE_KEY
TAH-BIO-BIO26-L02-Q028,BIO26-PDF012-L02-S2-Q028,BIO26-L02,أحياء 1,تنظيم تنوع الحياة,12,2,28,C,2,تجميعات الأحياء 2026 — مفتاح الإجابة في PDF p.12,SOURCE_ANSWER_STRIP_EMBEDDED_TEXT,PASS_SOURCE_KEY
TAH-BIO-BIO26-L02-Q029,BIO26-PDF012-L02-S2-Q029,BIO26-L02,أحياء 1,تنظيم تنوع الحياة,12,2,29,D,3,تجميعات الأحياء 2026 — مفتاح الإجابة في PDF p.12,SOURCE_ANSWER_STRIP_EMBEDDED_TEXT,PASS_SOURCE_KEY
TAH-BIO-BIO26-L02-Q030,BIO26-PDF012-L02-S2-Q030,BIO26-L02,أحياء 1,تنظيم تنوع الحياة,12,2,30,B,1,تجميعات الأحياء 2026 — مفتاح الإجابة في PDF p.12,SOURCE_ANSWER_STRIP_EMBEDDED_TEXT,PASS_SOURCE_KEY
TAH-BIO-BIO26-L02-Q031,BIO26-PDF012-L02-S2-Q031,BIO26-L02,أحياء 1,تنظيم تنوع الحياة,12,2,31,A,0,تجميعات الأحياء 2026 — مفتاح الإجابة في PDF p.12,SOURCE_ANSWER_STRIP_EMBEDDED_TEXT,PASS_SOURCE_KEY
TAH-BIO-BIO26-L02-Q032,BIO26-PDF012-L02-S2-Q032,BIO26-L02,أحياء 1,تنظيم تنوع الحياة,12,2,32,D,3,تجميعات الأحياء 2026 — مفتاح الإجابة في PDF p.12,SOURCE_ANSWER_STRIP_EMBEDDED_TEXT,PASS_SOURCE_KEY
TAH-BIO-BIO26-L02-Q033,BIO26-PDF012-L02-S2-Q033,BIO26-L02,أحياء 1,تنظيم تنوع الحياة,12,2,33,B,1,تجميعات الأحياء 2026 — مفتاح الإجابة في PDF p.12,SOURCE_ANSWER_STRIP_EMBEDDED_TEXT,PASS_SOURCE_KEY
TAH-BIO-BIO26-L02-Q034,BIO26-PDF012-L02-S2-Q034,BIO26-L02,أحياء 1,تنظيم تنوع الحياة,12,2,34,D,3,تجميعات الأحياء 2026 — مفتاح الإجابة في PDF p.12,SOURCE_ANSWER_STRIP_EMBEDDED_TEXT,PASS_SOURCE_KEY
TAH-BIO-BIO26-L02-Q035,BIO26-PDF012-L02-S2-Q035,BIO26-L02,أحياء 1,تنظيم تنوع الحياة,12,2,35,A,0,تجميعات الأحياء 2026 — مفتاح الإجابة في PDF p.12,SOURCE_ANSWER_STRIP_EMBEDDED_TEXT,PASS_SOURCE_KEY
TAH-BIO-BIO26-L02-Q036,BIO26-PDF012-L02-S2-Q036,BIO26-L02,أحياء 1,تنظيم تنوع الحياة,12,2,36,D,3,تجميعات الأحياء 2026 — مفتاح الإجابة في PDF p.12,SOURCE_ANSWER_STRIP_EMBEDDED_TEXT,PASS_SOURCE_KEY
TAH-BIO-BIO26-L02-Q037,BIO26-PDF012-L02-S2-Q037,BIO26-L02,أحياء 1,تنظيم تنوع الحياة,12,2,37,B,1,تجميعات الأحياء 2026 — مفتاح الإجابة في PDF p.12,SOURCE_ANSWER_STRIP_EMBEDDED_TEXT,PASS_SOURCE_KEY
TAH-BIO-BIO26-L02-Q038,BIO26-PDF012-L02-S2-Q038,BIO26-L02,أحياء 1,تنظيم تنوع الحياة,12,2,38,D,3,تجميعات الأحياء 2026 — مفتاح الإجابة في PDF p.12,SOURCE_ANSWER_STRIP_EMBEDDED_TEXT,PASS_SOURCE_KEY
TAH-BIO-BIO26-L02-Q039,BIO26-PDF012-L02-S2-Q039,BIO26-L02,أحياء 1,تنظيم تنوع الحياة,12,2,39,A,0,تجميعات الأحياء 2026 — مفتاح الإجابة في PDF p.12,SOURCE_ANSWER_STRIP_EMBEDDED_TEXT,PASS_SOURCE_KEY
TAH-BIO-BIO26-L02-Q040,BIO26-PDF012-L02-S2-Q040,BIO26-L02,أحياء 1,تنظيم تنوع الحياة,12,2,40,C,2,تجميعات الأحياء 2026 — مفتاح الإجابة في PDF p.12,SOURCE_ANSWER_STRIP_EMBEDDED_TEXT,PASS_SOURCE_KEY
TAH-BIO-BIO26-L02-Q041,BIO26-PDF012-L02-S2-Q041,BIO26-L02,أحياء 1,تنظيم تنوع الحياة,12,2,41,C,2,تجميعات الأحياء 2026 — مفتاح الإجابة في PDF p.12,SOURCE_ANSWER_STRIP_EMBEDDED_TEXT,PASS_SOURCE_KEY
TAH-BIO-BIO26-L02-Q042,BIO26-PDF012-L02-S2-Q042,BIO26-L02,أحياء 1,تنظيم تنوع الحياة,12,2,42,A,0,تجميعات الأحياء 2026 — مفتاح الإجابة في PDF p.12,SOURCE_ANSWER_STRIP_EMBEDDED_TEXT,PASS_SOURCE_KEY
TAH-BIO-BIO26-L02-Q043,BIO26-PDF012-L02-S2-Q043,BIO26-L02,أحياء 1,تنظيم تنوع الحياة,12,2,43,C,2,تجميعات الأحياء 2026 — مفتاح الإجابة في PDF p.12,SOURCE_ANSWER_STRIP_EMBEDDED_TEXT,PASS_SOURCE_KEY
TAH-BIO-BIO26-L02-Q044,BIO26-PDF013-L02-S2-Q044,BIO26-L02,أحياء 1,تنظيم تنوع الحياة,13,2,44,B,1,تجميعات الأحياء 2026 — مفتاح الإجابة في PDF p.13,SOURCE_ANSWER_STRIP_EMBEDDED_TEXT,PASS_SOURCE_KEY
TAH-BIO-BIO26-L02-Q045,BIO26-PDF013-L02-S2-Q045,BIO26-L02,أحياء 1,تنظيم تنوع الحياة,13,2,45,B,1,تجميعات الأحياء 2026 — مفتاح الإجابة في PDF p.13,SOURCE_ANSWER_STRIP_EMBEDDED_TEXT,PASS_SOURCE_KEY
TAH-BIO-BIO26-L02-Q046,BIO26-PDF013-L02-S2-Q046,BIO26-L02,أحياء 1,تنظيم تنوع الحياة,13,2,46,C,2,تجميعات الأحياء 2026 — مفتاح الإجابة في PDF p.13,SOURCE_ANSWER_STRIP_EMBEDDED_TEXT,PASS_SOURCE_KEY
TAH-BIO-BIO26-L02-Q047,BIO26-PDF013-L02-S2-Q047,BIO26-L02,أحياء 1,تنظيم تنوع الحياة,13,2,47,C,2,تجميعات الأحياء 2026 — مفتاح الإجابة في PDF p.13,SOURCE_ANSWER_STRIP_EMBEDDED_TEXT,PASS_SOURCE_KEY
TAH-BIO-BIO26-L03-Q001,BIO26-PDF014-L03-S1-Q001,BIO26-L03,أحياء 1,البكتيريا والفيروسات,14,1,1,B,1,تجميعات الأحياء 2026 — مفتاح الإجابة في PDF p.14,SOURCE_ANSWER_STRIP_EMBEDDED_TEXT,PASS_SOURCE_KEY
TAH-BIO-BIO26-L03-Q002,BIO26-PDF014-L03-S1-Q002,BIO26-L03,أحياء 1,البكتيريا والفيروسات,14,1,2,C,2,تجميعات الأحياء 2026 — مفتاح الإجابة في PDF p.14,SOURCE_ANSWER_STRIP_EMBEDDED_TEXT,PASS_SOURCE_KEY
TAH-BIO-BIO26-L03-Q003,BIO26-PDF014-L03-S1-Q003,BIO26-L03,أحياء 1,البكتيريا والفيروسات,14,1,3,A,0,تجميعات الأحياء 2026 — مفتاح الإجابة في PDF p.14,SOURCE_ANSWER_STRIP_EMBEDDED_TEXT,PASS_SOURCE_KEY
TAH-BIO-BIO26-L03-Q004,BIO26-PDF014-L03-S1-Q004,BIO26-L03,أحياء 1,البكتيريا والفيروسات,14,1,4,C,2,تجميعات الأحياء 2026 — مفتاح الإجابة في PDF p.14,SOURCE_ANSWER_STRIP_EMBEDDED_TEXT,PASS_SOURCE_KEY
TAH-BIO-BIO26-L03-Q005,BIO26-PDF014-L03-S1-Q005,BIO26-L03,أحياء 1,البكتيريا والفيروسات,14,1,5,B,1,تجميعات الأحياء 2026 — مفتاح الإجابة في PDF p.14,SOURCE_ANSWER_STRIP_EMBEDDED_TEXT,PASS_SOURCE_KEY
TAH-BIO-BIO26-L03-Q006,BIO26-PDF014-L03-S1-Q006,BIO26-L03,أحياء 1,البكتيريا والفيروسات,14,1,6,C,2,تجميعات الأحياء 2026 — مفتاح الإجابة في PDF p.14,SOURCE_ANSWER_STRIP_EMBEDDED_TEXT,PASS_SOURCE_KEY
TAH-BIO-BIO26-L03-Q007,BIO26-PDF014-L03-S1-Q007,BIO26-L03,أحياء 1,البكتيريا والفيروسات,14,1,7,B,1,تجميعات الأحياء 2026 — مفتاح الإجابة في PDF p.14,SOURCE_ANSWER_STRIP_EMBEDDED_TEXT,PASS_SOURCE_KEY
TAH-BIO-BIO26-L03-Q008,BIO26-PDF014-L03-S1-Q008,BIO26-L03,أحياء 1,البكتيريا والفيروسات,14,1,8,D,3,تجميعات الأحياء 2026 — مفتاح الإجابة في PDF p.14,SOURCE_ANSWER_STRIP_EMBEDDED_TEXT,PASS_SOURCE_KEY
TAH-BIO-BIO26-L03-Q009,BIO26-PDF014-L03-S1-Q009,BIO26-L03,أحياء 1,البكتيريا والفيروسات,14,1,9,B,1,تجميعات الأحياء 2026 — مفتاح الإجابة في PDF p.14,SOURCE_ANSWER_STRIP_EMBEDDED_TEXT,PASS_SOURCE_KEY
TAH-BIO-BIO26-L03-Q010,BIO26-PDF014-L03-S1-Q010,BIO26-L03,أحياء 1,البكتيريا والفيروسات,14,1,10,C,2,تجميعات الأحياء 2026 — مفتاح الإجابة في PDF p.14,SOURCE_ANSWER_STRIP_EMBEDDED_TEXT,PASS_SOURCE_KEY
TAH-BIO-BIO26-L03-Q011,BIO26-PDF014-L03-S1-Q011,BIO26-L03,أحياء 1,البكتيريا والفيروسات,14,1,11,B,1,تجميعات الأحياء 2026 — مفتاح الإجابة في PDF p.14,SOURCE_ANSWER_STRIP_EMBEDDED_TEXT,PASS_SOURCE_KEY
TAH-BIO-BIO26-L03-Q012,BIO26-PDF014-L03-S1-Q012,BIO26-L03,أحياء 1,البكتيريا والفيروسات,14,1,12,B,1,تجميعات الأحياء 2026 — مفتاح الإجابة في PDF p.14,SOURCE_ANSWER_STRIP_EMBEDDED_TEXT,PASS_SOURCE_KEY
TAH-BIO-BIO26-L03-Q013,BIO26-PDF014-L03-S1-Q013,BIO26-L03,أحياء 1,البكتيريا والفيروسات,14,1,13,A,0,تجميعات الأحياء 2026 — مفتاح الإجابة في PDF p.14,SOURCE_ANSWER_STRIP_EMBEDDED_TEXT,PASS_SOURCE_KEY
TAH-BIO-BIO26-L03-Q014,BIO26-PDF014-L03-S1-Q014,BIO26-L03,أحياء 1,البكتيريا والفيروسات,14,1,14,A,0,تجميعات الأحياء 2026 — مفتاح الإجابة في PDF p.14,SOURCE_ANSWER_STRIP_EMBEDDED_TEXT,PASS_SOURCE_KEY
TAH-BIO-BIO26-L03-Q015,BIO26-PDF015-L03-S1-Q015,BIO26-L03,أحياء 1,البكتيريا والفيروسات,15,1,15,A,0,تجميعات الأحياء 2026 — مفتاح الإجابة في PDF p.15,SOURCE_ANSWER_STRIP_EMBEDDED_TEXT,PASS_SOURCE_KEY
TAH-BIO-BIO26-L03-Q016,BIO26-PDF015-L03-S1-Q016,BIO26-L03,أحياء 1,البكتيريا والفيروسات,15,1,16,B,1,تجميعات الأحياء 2026 — مفتاح الإجابة في PDF p.15,SOURCE_ANSWER_STRIP_EMBEDDED_TEXT,PASS_SOURCE_KEY
TAH-BIO-BIO26-L03-Q017,BIO26-PDF015-L03-S1-Q017,BIO26-L03,أحياء 1,البكتيريا والفيروسات,15,1,17,B,1,تجميعات الأحياء 2026 — مفتاح الإجابة في PDF p.15,SOURCE_ANSWER_STRIP_EMBEDDED_TEXT,PASS_SOURCE_KEY
TAH-BIO-BIO26-L03-Q018,BIO26-PDF015-L03-S1-Q018,BIO26-L03,أحياء 1,البكتيريا والفيروسات,15,1,18,C,2,تجميعات الأحياء 2026 — مفتاح الإجابة في PDF p.15,SOURCE_ANSWER_STRIP_EMBEDDED_TEXT,PASS_SOURCE_KEY
TAH-BIO-BIO26-L03-Q019,BIO26-PDF015-L03-S1-Q019,BIO26-L03,أحياء 1,البكتيريا والفيروسات,15,1,19,B,1,تجميعات الأحياء 2026 — مفتاح الإجابة في PDF p.15,SOURCE_ANSWER_STRIP_EMBEDDED_TEXT,PASS_SOURCE_KEY
TAH-BIO-BIO26-L03-Q020,BIO26-PDF015-L03-S1-Q020,BIO26-L03,أحياء 1,البكتيريا والفيروسات,15,1,20,D,3,تجميعات الأحياء 2026 — مفتاح الإجابة في PDF p.15,SOURCE_ANSWER_STRIP_EMBEDDED_TEXT,PASS_SOURCE_KEY
TAH-BIO-BIO26-L03-Q021,BIO26-PDF015-L03-S1-Q021,BIO26-L03,أحياء 1,البكتيريا والفيروسات,15,1,21,A,0,تجميعات الأحياء 2026 — مفتاح الإجابة في PDF p.15,SOURCE_ANSWER_STRIP_EMBEDDED_TEXT,PASS_SOURCE_KEY
TAH-BIO-BIO26-L03-Q022,BIO26-PDF015-L03-S1-Q022,BIO26-L03,أحياء 1,البكتيريا والفيروسات,15,1,22,A,0,تجميعات الأحياء 2026 — مفتاح الإجابة في PDF p.15,SOURCE_ANSWER_STRIP_EMBEDDED_TEXT,PASS_SOURCE_KEY
TAH-BIO-BIO26-L03-Q023,BIO26-PDF015-L03-S1-Q023,BIO26-L03,أحياء 1,البكتيريا والفيروسات,15,1,23,A,0,تجميعات الأحياء 2026 — مفتاح الإجابة في PDF p.15,SOURCE_ANSWER_STRIP_EMBEDDED_TEXT,PASS_SOURCE_KEY
TAH-BIO-BIO26-L03-Q024,BIO26-PDF015-L03-S1-Q024,BIO26-L03,أحياء 1,البكتيريا والفيروسات,15,1,24,D,3,تجميعات الأحياء 2026 — مفتاح الإجابة في PDF p.15,SOURCE_ANSWER_STRIP_EMBEDDED_TEXT,PASS_SOURCE_KEY
TAH-BIO-BIO26-L03-Q025,BIO26-PDF015-L03-S1-Q025,BIO26-L03,أحياء 1,البكتيريا والفيروسات,15,1,25,C,2,تجميعات الأحياء 2026 — مفتاح الإجابة في PDF p.15,SOURCE_ANSWER_STRIP_EMBEDDED_TEXT,PASS_SOURCE_KEY
TAH-BIO-BIO26-L03-Q026,BIO26-PDF015-L03-S1-Q026,BIO26-L03,أحياء 1,البكتيريا والفيروسات,15,1,26,B,1,تجميعات الأحياء 2026 — مفتاح الإجابة في PDF p.15,SOURCE_ANSWER_STRIP_EMBEDDED_TEXT,PASS_SOURCE_KEY
TAH-BIO-BIO26-L03-Q027,BIO26-PDF015-L03-S1-Q027,BIO26-L03,أحياء 1,البكتيريا والفيروسات,15,1,27,A,0,تجميعات الأحياء 2026 — مفتاح الإجابة في PDF p.15,SOURCE_ANSWER_STRIP_EMBEDDED_TEXT,PASS_SOURCE_KEY
TAH-BIO-BIO26-L03-Q028,BIO26-PDF015-L03-S1-Q028,BIO26-L03,أحياء 1,البكتيريا والفيروسات,15,1,28,A,0,تجميعات الأحياء 2026 — مفتاح الإجابة في PDF p.15,SOURCE_ANSWER_STRIP_EMBEDDED_TEXT,PASS_SOURCE_KEY
TAH-BIO-BIO26-L03-Q029,BIO26-PDF015-L03-S1-Q029,BIO26-L03,أحياء 1,البكتيريا والفيروسات,15,1,29,D,3,تجميعات الأحياء 2026 — مفتاح الإجابة في PDF p.15,SOURCE_ANSWER_STRIP_EMBEDDED_TEXT,PASS_SOURCE_KEY
TAH-BIO-BIO26-L03-Q030,BIO26-PDF015-L03-S1-Q030,BIO26-L03,أحياء 1,البكتيريا والفيروسات,15,1,30,A,0,تجميعات الأحياء 2026 — مفتاح الإجابة في PDF p.15,SOURCE_ANSWER_STRIP_EMBEDDED_TEXT,PASS_SOURCE_KEY
TAH-BIO-BIO26-L03-Q031,BIO26-PDF015-L03-S1-Q031,BIO26-L03,أحياء 1,البكتيريا والفيروسات,15,1,31,A,0,تجميعات الأحياء 2026 — مفتاح الإجابة في PDF p.15,SOURCE_ANSWER_STRIP_EMBEDDED_TEXT,PASS_SOURCE_KEY
TAH-BIO-BIO26-L03-Q032,BIO26-PDF015-L03-S1-Q032,BIO26-L03,أحياء 1,البكتيريا والفيروسات,15,1,32,A,0,تجميعات الأحياء 2026 — مفتاح الإجابة في PDF p.15,SOURCE_ANSWER_STRIP_EMBEDDED_TEXT,PASS_SOURCE_KEY
TAH-BIO-BIO26-L03-Q033,BIO26-PDF016-L03-S1-Q033,BIO26-L03,أحياء 1,البكتيريا والفيروسات,16,1,33,A,0,تجميعات الأحياء 2026 — مفتاح الإجابة في PDF p.16,SOURCE_ANSWER_STRIP_EMBEDDED_TEXT,PASS_SOURCE_KEY
TAH-BIO-BIO26-L03-Q034,BIO26-PDF016-L03-S1-Q034,BIO26-L03,أحياء 1,البكتيريا والفيروسات,16,1,34,B,1,تجميعات الأحياء 2026 — مفتاح الإجابة في PDF p.16,SOURCE_ANSWER_STRIP_EMBEDDED_TEXT,PASS_SOURCE_KEY
TAH-BIO-BIO26-L03-Q035,BIO26-PDF016-L03-S1-Q035,BIO26-L03,أحياء 1,البكتيريا والفيروسات,16,1,35,C,2,تجميعات الأحياء 2026 — مفتاح الإجابة في PDF p.16,SOURCE_ANSWER_STRIP_EMBEDDED_TEXT,PASS_SOURCE_KEY
TAH-BIO-BIO26-L03-Q036,BIO26-PDF016-L03-S1-Q036,BIO26-L03,أحياء 1,البكتيريا والفيروسات,16,1,36,A,0,تجميعات الأحياء 2026 — مفتاح الإجابة في PDF p.16,SOURCE_ANSWER_STRIP_EMBEDDED_TEXT,PASS_SOURCE_KEY
TAH-BIO-BIO26-L03-Q037,BIO26-PDF016-L03-S1-Q037,BIO26-L03,أحياء 1,البكتيريا والفيروسات,16,1,37,B,1,تجميعات الأحياء 2026 — مفتاح الإجابة في PDF p.16,SOURCE_ANSWER_STRIP_EMBEDDED_TEXT,PASS_SOURCE_KEY
TAH-BIO-BIO26-L03-Q038,BIO26-PDF016-L03-S1-Q038,BIO26-L03,أحياء 1,البكتيريا والفيروسات,16,1,38,A,0,تجميعات الأحياء 2026 — مفتاح الإجابة في PDF p.16,SOURCE_ANSWER_STRIP_EMBEDDED_TEXT,PASS_SOURCE_KEY
TAH-BIO-BIO26-L03-Q039,BIO26-PDF016-L03-S1-Q039,BIO26-L03,أحياء 1,البكتيريا والفيروسات,16,1,39,B,1,تجميعات الأحياء 2026 — مفتاح الإجابة في PDF p.16,SOURCE_ANSWER_STRIP_EMBEDDED_TEXT,PASS_SOURCE_KEY
TAH-BIO-BIO26-L03-Q040,BIO26-PDF016-L03-S1-Q040,BIO26-L03,أحياء 1,البكتيريا والفيروسات,16,1,40,A,0,تجميعات الأحياء 2026 — مفتاح الإجابة في PDF p.16,SOURCE_ANSWER_STRIP_EMBEDDED_TEXT,PASS_SOURCE_KEY
TAH-BIO-BIO26-L03-Q041,BIO26-PDF016-L03-S1-Q041,BIO26-L03,أحياء 1,البكتيريا والفيروسات,16,1,41,B,1,تجميعات الأحياء 2026 — مفتاح الإجابة في PDF p.16,SOURCE_ANSWER_STRIP_EMBEDDED_TEXT,PASS_SOURCE_KEY
TAH-BIO-BIO26-L03-Q042,BIO26-PDF016-L03-S1-Q042,BIO26-L03,أحياء 1,البكتيريا والفيروسات,16,1,42,B,1,تجميعات الأحياء 2026 — مفتاح الإجابة في PDF p.16,SOURCE_ANSWER_STRIP_EMBEDDED_TEXT,PASS_SOURCE_KEY
TAH-BIO-BIO26-L03-Q043,BIO26-PDF016-L03-S1-Q043,BIO26-L03,أحياء 1,البكتيريا والفيروسات,16,1,43,A,0,تجميعات الأحياء 2026 — مفتاح الإجابة في PDF p.16,SOURCE_ANSWER_STRIP_EMBEDDED_TEXT,PASS_SOURCE_KEY
TAH-BIO-BIO26-L03-Q044,BIO26-PDF016-L03-S1-Q044,BIO26-L03,أحياء 1,البكتيريا والفيروسات,16,1,44,C,2,تجميعات الأحياء 2026 — مفتاح الإجابة في PDF p.16,SOURCE_ANSWER_STRIP_EMBEDDED_TEXT,PASS_SOURCE_KEY
TAH-BIO-BIO26-L03-Q045,BIO26-PDF017-L03-S1-Q045,BIO26-L03,أحياء 1,البكتيريا والفيروسات,17,1,45,A,0,تجميعات الأحياء 2026 — مفتاح الإجابة في PDF p.17,SOURCE_ANSWER_STRIP_EMBEDDED_TEXT,PASS_SOURCE_KEY
TAH-BIO-BIO26-L03-Q046,BIO26-PDF017-L03-S1-Q046,BIO26-L03,أحياء 1,البكتيريا والفيروسات,17,1,46,D,3,تجميعات الأحياء 2026 — مفتاح الإجابة في PDF p.17,SOURCE_ANSWER_STRIP_EMBEDDED_TEXT,PASS_SOURCE_KEY
TAH-BIO-BIO26-L03-Q047,BIO26-PDF017-L03-S1-Q047,BIO26-L03,أحياء 1,البكتيريا والفيروسات,17,1,47,B,1,تجميعات الأحياء 2026 — مفتاح الإجابة في PDF p.17,SOURCE_ANSWER_STRIP_EMBEDDED_TEXT,PASS_SOURCE_KEY
TAH-BIO-BIO26-L03-Q048,BIO26-PDF017-L03-S1-Q048,BIO26-L03,أحياء 1,البكتيريا والفيروسات,17,1,48,B,1,تجميعات الأحياء 2026 — مفتاح الإجابة في PDF p.17,SOURCE_ANSWER_STRIP_EMBEDDED_TEXT,PASS_SOURCE_KEY
TAH-BIO-BIO26-L03-Q049,BIO26-PDF017-L03-S1-Q049,BIO26-L03,أحياء 1,البكتيريا والفيروسات,17,1,49,C,2,تجميعات الأحياء 2026 — مفتاح الإجابة في PDF p.17,SOURCE_ANSWER_STRIP_EMBEDDED_TEXT,PASS_SOURCE_KEY
TAH-BIO-BIO26-L03-Q050,BIO26-PDF017-L03-S1-Q050,BIO26-L03,أحياء 1,البكتيريا والفيروسات,17,1,50,A,0,تجميعات الأحياء 2026 — مفتاح الإجابة في PDF p.17,SOURCE_ANSWER_STRIP_EMBEDDED_TEXT,PASS_SOURCE_KEY
TAH-BIO-BIO26-L03-Q051,BIO26-PDF017-L03-S1-Q051,BIO26-L03,أحياء 1,البكتيريا والفيروسات,17,1,51,B,1,تجميعات الأحياء 2026 — مفتاح الإجابة في PDF p.17,SOURCE_ANSWER_STRIP_EMBEDDED_TEXT,PASS_SOURCE_KEY
TAH-BIO-BIO26-L03-Q052,BIO26-PDF017-L03-S1-Q052,BIO26-L03,أحياء 1,البكتيريا والفيروسات,17,1,52,D,3,تجميعات الأحياء 2026 — مفتاح الإجابة في PDF p.17,SOURCE_ANSWER_STRIP_EMBEDDED_TEXT,PASS_SOURCE_KEY
TAH-BIO-BIO26-L03-Q053,BIO26-PDF018-L03-S2-Q053,BIO26-L03,أحياء 1,البكتيريا والفيروسات,18,2,53,A,0,تجميعات الأحياء 2026 — مفتاح الإجابة في PDF p.18,SOURCE_ANSWER_STRIP_EMBEDDED_TEXT,PASS_SOURCE_KEY
TAH-BIO-BIO26-L03-Q054,BIO26-PDF018-L03-S2-Q054,BIO26-L03,أحياء 1,البكتيريا والفيروسات,18,2,54,A,0,تجميعات الأحياء 2026 — مفتاح الإجابة في PDF p.18,SOURCE_ANSWER_STRIP_EMBEDDED_TEXT,PASS_SOURCE_KEY
TAH-BIO-BIO26-L03-Q055,BIO26-PDF018-L03-S2-Q055,BIO26-L03,أحياء 1,البكتيريا والفيروسات,18,2,55,D,3,تجميعات الأحياء 2026 — مفتاح الإجابة في PDF p.18,SOURCE_ANSWER_STRIP_EMBEDDED_TEXT,PASS_SOURCE_KEY
TAH-BIO-BIO26-L03-Q056,BIO26-PDF018-L03-S2-Q056,BIO26-L03,أحياء 1,البكتيريا والفيروسات,18,2,56,A,0,تجميعات الأحياء 2026 — مفتاح الإجابة في PDF p.18,SOURCE_ANSWER_STRIP_EMBEDDED_TEXT,PASS_SOURCE_KEY
TAH-BIO-BIO26-L03-Q057,BIO26-PDF018-L03-S2-Q057,BIO26-L03,أحياء 1,البكتيريا والفيروسات,18,2,57,D,3,تجميعات الأحياء 2026 — مفتاح الإجابة في PDF p.18,SOURCE_ANSWER_STRIP_EMBEDDED_TEXT,PASS_SOURCE_KEY
TAH-BIO-BIO26-L03-Q058,BIO26-PDF018-L03-S2-Q058,BIO26-L03,أحياء 1,البكتيريا والفيروسات,18,2,58,A,0,تجميعات الأحياء 2026 — مفتاح الإجابة في PDF p.18,SOURCE_ANSWER_STRIP_EMBEDDED_TEXT,PASS_SOURCE_KEY
TAH-BIO-BIO26-L03-Q059,BIO26-PDF018-L03-S2-Q059,BIO26-L03,أحياء 1,البكتيريا والفيروسات,18,2,59,B,1,تجميعات الأحياء 2026 — مفتاح الإجابة في PDF p.18,SOURCE_ANSWER_STRIP_EMBEDDED_TEXT,PASS_SOURCE_KEY
TAH-BIO-BIO26-L03-Q060,BIO26-PDF018-L03-S2-Q060,BIO26-L03,أحياء 1,البكتيريا والفيروسات,18,2,60,A,0,تجميعات الأحياء 2026 — مفتاح الإجابة في PDF p.18,SOURCE_ANSWER_STRIP_EMBEDDED_TEXT,PASS_SOURCE_KEY
TAH-BIO-BIO26-L03-Q061,BIO26-PDF018-L03-S2-Q061,BIO26-L03,أحياء 1,البكتيريا والفيروسات,18,2,61,B,1,تجميعات الأحياء 2026 — مفتاح الإجابة في PDF p.18,SOURCE_ANSWER_STRIP_EMBEDDED_TEXT,PASS_SOURCE_KEY
TAH-BIO-BIO26-L03-Q062,BIO26-PDF018-L03-S2-Q062,BIO26-L03,أحياء 1,البكتيريا والفيروسات,18,2,62,B,1,تجميعات الأحياء 2026 — مفتاح الإجابة في PDF p.18,SOURCE_ANSWER_STRIP_EMBEDDED_TEXT,PASS_SOURCE_KEY
TAH-BIO-BIO26-L03-Q063,BIO26-PDF018-L03-S2-Q063,BIO26-L03,أحياء 1,البكتيريا والفيروسات,18,2,63,D,3,تجميعات الأحياء 2026 — مفتاح الإجابة في PDF p.18,SOURCE_ANSWER_STRIP_EMBEDDED_TEXT,PASS_SOURCE_KEY
TAH-BIO-BIO26-L03-Q064,BIO26-PDF018-L03-S2-Q064,BIO26-L03,أحياء 1,البكتيريا والفيروسات,18,2,64,B,1,تجميعات الأحياء 2026 — مفتاح الإجابة في PDF p.18,SOURCE_ANSWER_STRIP_EMBEDDED_TEXT,PASS_SOURCE_KEY
TAH-BIO-BIO26-L03-Q065,BIO26-PDF018-L03-S2-Q065,BIO26-L03,أحياء 1,البكتيريا والفيروسات,18,2,65,D,3,تجميعات الأحياء 2026 — مفتاح الإجابة في PDF p.18,SOURCE_ANSWER_STRIP_EMBEDDED_TEXT,PASS_SOURCE_KEY
TAH-BIO-BIO26-L03-Q066,BIO26-PDF018-L03-S2-Q066,BIO26-L03,أحياء 1,البكتيريا والفيروسات,18,2,66,B,1,تجميعات الأحياء 2026 — مفتاح الإجابة في PDF p.18,SOURCE_ANSWER_STRIP_EMBEDDED_TEXT,PASS_SOURCE_KEY
TAH-BIO-BIO26-L03-Q067,BIO26-PDF018-L03-S2-Q067,BIO26-L03,أحياء 1,البكتيريا والفيروسات,18,2,67,B,1,تجميعات الأحياء 2026 — مفتاح الإجابة في PDF p.18,SOURCE_ANSWER_STRIP_EMBEDDED_TEXT,PASS_SOURCE_KEY
TAH-BIO-BIO26-L03-Q068,BIO26-PDF018-L03-S2-Q068,BIO26-L03,أحياء 1,البكتيريا والفيروسات,18,2,68,A,0,تجميعات الأحياء 2026 — مفتاح الإجابة في PDF p.18,SOURCE_ANSWER_STRIP_EMBEDDED_TEXT,PASS_SOURCE_KEY
TAH-BIO-BIO26-L03-Q069,BIO26-PDF018-L03-S2-Q069,BIO26-L03,أحياء 1,البكتيريا والفيروسات,18,2,69,C,2,تجميعات الأحياء 2026 — مفتاح الإجابة في PDF p.18,SOURCE_ANSWER_STRIP_EMBEDDED_TEXT,PASS_SOURCE_KEY
TAH-BIO-BIO26-L03-Q070,BIO26-PDF019-L03-S2-Q070,BIO26-L03,أحياء 1,البكتيريا والفيروسات,19,2,70,D,3,تجميعات الأحياء 2026 — مفتاح الإجابة في PDF p.19,SOURCE_ANSWER_STRIP_EMBEDDED_TEXT,PASS_SOURCE_KEY
TAH-BIO-BIO26-L03-Q071,BIO26-PDF019-L03-S2-Q071,BIO26-L03,أحياء 1,البكتيريا والفيروسات,19,2,71,A,0,تجميعات الأحياء 2026 — مفتاح الإجابة في PDF p.19,SOURCE_ANSWER_STRIP_EMBEDDED_TEXT,PASS_SOURCE_KEY
TAH-BIO-BIO26-L03-Q072,BIO26-PDF019-L03-S2-Q072,BIO26-L03,أحياء 1,البكتيريا والفيروسات,19,2,72,C,2,تجميعات الأحياء 2026 — مفتاح الإجابة في PDF p.19,SOURCE_ANSWER_STRIP_EMBEDDED_TEXT,PASS_SOURCE_KEY
TAH-BIO-BIO26-L03-Q073,BIO26-PDF019-L03-S2-Q073,BIO26-L03,أحياء 1,البكتيريا والفيروسات,19,2,73,B,1,تجميعات الأحياء 2026 — مفتاح الإجابة في PDF p.19,SOURCE_ANSWER_STRIP_EMBEDDED_TEXT,PASS_SOURCE_KEY
TAH-BIO-BIO26-L03-Q074,BIO26-PDF019-L03-S2-Q074,BIO26-L03,أحياء 1,البكتيريا والفيروسات,19,2,74,C,2,تجميعات الأحياء 2026 — مفتاح الإجابة في PDF p.19,SOURCE_ANSWER_STRIP_EMBEDDED_TEXT,PASS_SOURCE_KEY
TAH-BIO-BIO26-L03-Q075,BIO26-PDF019-L03-S2-Q075,BIO26-L03,أحياء 1,البكتيريا والفيروسات,19,2,75,B,1,تجميعات الأحياء 2026 — مفتاح الإجابة في PDF p.19,SOURCE_ANSWER_STRIP_EMBEDDED_TEXT,PASS_SOURCE_KEY
TAH-BIO-BIO26-L03-Q076,BIO26-PDF019-L03-S2-Q076,BIO26-L03,أحياء 1,البكتيريا والفيروسات,19,2,76,C,2,تجميعات الأحياء 2026 — مفتاح الإجابة في PDF p.19,SOURCE_ANSWER_STRIP_EMBEDDED_TEXT,PASS_SOURCE_KEY
TAH-BIO-BIO26-L03-Q077,BIO26-PDF019-L03-S2-Q077,BIO26-L03,أحياء 1,البكتيريا والفيروسات,19,2,77,A,0,تجميعات الأحياء 2026 — مفتاح الإجابة في PDF p.19,SOURCE_ANSWER_STRIP_EMBEDDED_TEXT,PASS_SOURCE_KEY
TAH-BIO-BIO26-L03-Q078,BIO26-PDF019-L03-S2-Q078,BIO26-L03,أحياء 1,البكتيريا والفيروسات,19,2,78,B,1,تجميعات الأحياء 2026 — مفتاح الإجابة في PDF p.19,SOURCE_ANSWER_STRIP_EMBEDDED_TEXT,PASS_SOURCE_KEY
TAH-BIO-BIO26-L03-Q079,BIO26-PDF019-L03-S2-Q079,BIO26-L03,أحياء 1,البكتيريا والفيروسات,19,2,79,D,3,تجميعات الأحياء 2026 — مفتاح الإجابة في PDF p.19,SOURCE_ANSWER_STRIP_EMBEDDED_TEXT,PASS_SOURCE_KEY
TAH-BIO-BIO26-L03-Q080,BIO26-PDF019-L03-S2-Q080,BIO26-L03,أحياء 1,البكتيريا والفيروسات,19,2,80,C,2,تجميعات الأحياء 2026 — مفتاح الإجابة في PDF p.19,SOURCE_ANSWER_STRIP_EMBEDDED_TEXT,PASS_SOURCE_KEY
TAH-BIO-BIO26-L03-Q081,BIO26-PDF019-L03-S2-Q081,BIO26-L03,أحياء 1,البكتيريا والفيروسات,19,2,81,A,0,تجميعات الأحياء 2026 — مفتاح الإجابة في PDF p.19,SOURCE_ANSWER_STRIP_EMBEDDED_TEXT,PASS_SOURCE_KEY
TAH-BIO-BIO26-L03-Q082,BIO26-PDF019-L03-S2-Q082,BIO26-L03,أحياء 1,البكتيريا والفيروسات,19,2,82,A,0,تجميعات الأحياء 2026 — مفتاح الإجابة في PDF p.19,SOURCE_ANSWER_STRIP_EMBEDDED_TEXT,PASS_SOURCE_KEY
TAH-BIO-BIO26-L03-Q083,BIO26-PDF019-L03-S2-Q083,BIO26-L03,أحياء 1,البكتيريا والفيروسات,19,2,83,B,1,تجميعات الأحياء 2026 — مفتاح الإجابة في PDF p.19,SOURCE_ANSWER_STRIP_EMBEDDED_TEXT,PASS_SOURCE_KEY
TAH-BIO-BIO26-L03-Q084,BIO26-PDF019-L03-S2-Q084,BIO26-L03,أحياء 1,البكتيريا والفيروسات,19,2,84,D,3,تجميعات الأحياء 2026 — مفتاح الإجابة في PDF p.19,SOURCE_ANSWER_STRIP_EMBEDDED_TEXT,PASS_SOURCE_KEY
TAH-BIO-BIO26-L03-Q085,BIO26-PDF019-L03-S2-Q085,BIO26-L03,أحياء 1,البكتيريا والفيروسات,19,2,85,A,0,تجميعات الأحياء 2026 — مفتاح الإجابة في PDF p.19,SOURCE_ANSWER_STRIP_EMBEDDED_TEXT,PASS_SOURCE_KEY
TAH-BIO-BIO26-L03-Q086,BIO26-PDF020-L03-S2-Q086,BIO26-L03,أحياء 1,البكتيريا والفيروسات,20,2,86,C,2,تجميعات الأحياء 2026 — مفتاح الإجابة في PDF p.20,SOURCE_ANSWER_STRIP_EMBEDDED_TEXT,PASS_SOURCE_KEY
TAH-BIO-BIO26-L03-Q087,BIO26-PDF020-L03-S2-Q087,BIO26-L03,أحياء 1,البكتيريا والفيروسات,20,2,87,B,1,تجميعات الأحياء 2026 — مفتاح الإجابة في PDF p.20,SOURCE_ANSWER_STRIP_EMBEDDED_TEXT,PASS_SOURCE_KEY
TAH-BIO-BIO26-L03-Q088,BIO26-PDF020-L03-S2-Q088,BIO26-L03,أحياء 1,البكتيريا والفيروسات,20,2,88,D,3,تجميعات الأحياء 2026 — مفتاح الإجابة في PDF p.20,SOURCE_ANSWER_STRIP_EMBEDDED_TEXT,PASS_SOURCE_KEY
TAH-BIO-BIO26-L03-Q089,BIO26-PDF020-L03-S2-Q089,BIO26-L03,أحياء 1,البكتيريا والفيروسات,20,2,89,D,3,تجميعات الأحياء 2026 — مفتاح الإجابة في PDF p.20,SOURCE_ANSWER_STRIP_EMBEDDED_TEXT,PASS_SOURCE_KEY
TAH-BIO-BIO26-L03-Q090,BIO26-PDF020-L03-S2-Q090,BIO26-L03,أحياء 1,البكتيريا والفيروسات,20,2,90,A,0,تجميعات الأحياء 2026 — مفتاح الإجابة في PDF p.20,SOURCE_ANSWER_STRIP_EMBEDDED_TEXT,PASS_SOURCE_KEY
TAH-BIO-BIO26-L03-Q091,BIO26-PDF020-L03-S2-Q091,BIO26-L03,أحياء 1,البكتيريا والفيروسات,20,2,91,C,2,تجميعات الأحياء 2026 — مفتاح الإجابة في PDF p.20,SOURCE_ANSWER_STRIP_EMBEDDED_TEXT,PASS_SOURCE_KEY
TAH-BIO-BIO26-L03-Q092,BIO26-PDF020-L03-S2-Q092,BIO26-L03,أحياء 1,البكتيريا والفيروسات,20,2,92,B,1,تجميعات الأحياء 2026 — مفتاح الإجابة في PDF p.20,SOURCE_ANSWER_STRIP_EMBEDDED_TEXT,PASS_SOURCE_KEY
TAH-BIO-BIO26-L03-Q093,BIO26-PDF020-L03-S2-Q093,BIO26-L03,أحياء 1,البكتيريا والفيروسات,20,2,93,D,3,تجميعات الأحياء 2026 — مفتاح الإجابة في PDF p.20,SOURCE_ANSWER_STRIP_EMBEDDED_TEXT,PASS_SOURCE_KEY
TAH-BIO-BIO26-L03-Q094,BIO26-PDF020-L03-S2-Q094,BIO26-L03,أحياء 1,البكتيريا والفيروسات,20,2,94,A,0,تجميعات الأحياء 2026 — مفتاح الإجابة في PDF p.20,SOURCE_ANSWER_STRIP_EMBEDDED_TEXT,PASS_SOURCE_KEY
TAH-BIO-BIO26-L03-Q095,BIO26-PDF020-L03-S2-Q095,BIO26-L03,أحياء 1,البكتيريا والفيروسات,20,2,95,A,0,تجميعات الأحياء 2026 — مفتاح الإجابة في PDF p.20,SOURCE_ANSWER_STRIP_EMBEDDED_TEXT,PASS_SOURCE_KEY
TAH-BIO-BIO26-L03-Q096,BIO26-PDF020-L03-S2-Q096,BIO26-L03,أحياء 1,البكتيريا والفيروسات,20,2,96,A,0,تجميعات الأحياء 2026 — مفتاح الإجابة في PDF p.20,SOURCE_ANSWER_STRIP_EMBEDDED_TEXT,PASS_SOURCE_KEY
TAH-BIO-BIO26-L03-Q097,BIO26-PDF020-L03-S2-Q097,BIO26-L03,أحياء 1,البكتيريا والفيروسات,20,2,97,D,3,تجميعات الأحياء 2026 — مفتاح الإجابة في PDF p.20,SOURCE_ANSWER_STRIP_EMBEDDED_TEXT,PASS_SOURCE_KEY
TAH-BIO-BIO26-L03-Q098,BIO26-PDF020-L03-S2-Q098,BIO26-L03,أحياء 1,البكتيريا والفيروسات,20,2,98,A,0,تجميعات الأحياء 2026 — مفتاح الإجابة في PDF p.20,SOURCE_ANSWER_STRIP_EMBEDDED_TEXT,PASS_SOURCE_KEY
TAH-BIO-BIO26-L03-Q099,BIO26-PDF020-L03-S2-Q099,BIO26-L03,أحياء 1,البكتيريا والفيروسات,20,2,99,D,3,تجميعات الأحياء 2026 — مفتاح الإجابة في PDF p.20,SOURCE_ANSWER_STRIP_EMBEDDED_TEXT,PASS_SOURCE_KEY
TAH-BIO-BIO26-L03-Q100,BIO26-PDF020-L03-S2-Q100,BIO26-L03,أحياء 1,البكتيريا والفيروسات,20,2,100,A,0,تجميعات الأحياء 2026 — مفتاح الإجابة في PDF p.20,SOURCE_ANSWER_STRIP_EMBEDDED_TEXT,PASS_SOURCE_KEY
TAH-BIO-BIO26-L03-Q101,BIO26-PDF020-L03-S2-Q101,BIO26-L03,أحياء 1,البكتيريا والفيروسات,20,2,101,A,0,تجميعات الأحياء 2026 — مفتاح الإجابة في PDF p.20,SOURCE_ANSWER_STRIP_EMBEDDED_TEXT,PASS_SOURCE_KEY
TAH-BIO-BIO26-L03-Q102,BIO26-PDF020-L03-S2-Q102,BIO26-L03,أحياء 1,البكتيريا والفيروسات,20,2,102,B,1,تجميعات الأحياء 2026 — مفتاح الإجابة في PDF p.20,SOURCE_ANSWER_STRIP_EMBEDDED_TEXT,PASS_SOURCE_KEY
TAH-BIO-BIO26-L03-Q103,BIO26-PDF020-L03-S2-Q103,BIO26-L03,أحياء 1,البكتيريا والفيروسات,20,2,103,A,0,تجميعات الأحياء 2026 — مفتاح الإجابة في PDF p.20,SOURCE_ANSWER_STRIP_EMBEDDED_TEXT,PASS_SOURCE_KEY
TAH-BIO-BIO26-L03-Q104,BIO26-PDF020-L03-S2-Q104,BIO26-L03,أحياء 1,البكتيريا والفيروسات,20,2,104,B,1,تجميعات الأحياء 2026 — مفتاح الإجابة في PDF p.20,SOURCE_ANSWER_STRIP_EMBEDDED_TEXT,PASS_SOURCE_KEY
TAH-BIO-BIO26-L03-Q105,BIO26-PDF020-L03-S2-Q105,BIO26-L03,أحياء 1,البكتيريا والفيروسات,20,2,105,A,0,تجميعات الأحياء 2026 — مفتاح الإجابة في PDF p.20,SOURCE_ANSWER_STRIP_EMBEDDED_TEXT,PASS_SOURCE_KEY
TAH-BIO-BIO26-L03-Q106,BIO26-PDF021-L03-S2-Q106,BIO26-L03,أحياء 1,البكتيريا والفيروسات,21,2,106,D,3,تجميعات الأحياء 2026 — مفتاح الإجابة في PDF p.21,SOURCE_ANSWER_STRIP_EMBEDDED_TEXT,PASS_SOURCE_KEY
TAH-BIO-BIO26-L03-Q107,BIO26-PDF021-L03-S2-Q107,BIO26-L03,أحياء 1,البكتيريا والفيروسات,21,2,107,D,3,تجميعات الأحياء 2026 — مفتاح الإجابة في PDF p.21,SOURCE_ANSWER_STRIP_EMBEDDED_TEXT,PASS_SOURCE_KEY
TAH-BIO-BIO26-L03-Q108,BIO26-PDF021-L03-S2-Q108,BIO26-L03,أحياء 1,البكتيريا والفيروسات,21,2,108,D,3,تجميعات الأحياء 2026 — مفتاح الإجابة في PDF p.21,SOURCE_ANSWER_STRIP_EMBEDDED_TEXT,PASS_SOURCE_KEY
TAH-BIO-BIO26-L03-Q109,BIO26-PDF021-L03-S2-Q109,BIO26-L03,أحياء 1,البكتيريا والفيروسات,21,2,109,C,2,تجميعات الأحياء 2026 — مفتاح الإجابة في PDF p.21,SOURCE_ANSWER_STRIP_EMBEDDED_TEXT,PASS_SOURCE_KEY
TAH-BIO-BIO26-L03-Q110,BIO26-PDF021-L03-S2-Q110,BIO26-L03,أحياء 1,البكتيريا والفيروسات,21,2,110,B,1,تجميعات الأحياء 2026 — مفتاح الإجابة في PDF p.21,SOURCE_ANSWER_STRIP_EMBEDDED_TEXT,PASS_SOURCE_KEY
TAH-BIO-BIO26-L03-Q111,BIO26-PDF021-L03-S2-Q111,BIO26-L03,أحياء 1,البكتيريا والفيروسات,21,2,111,B,1,تجميعات الأحياء 2026 — مفتاح الإجابة في PDF p.21,SOURCE_ANSWER_STRIP_EMBEDDED_TEXT,PASS_SOURCE_KEY
TAH-BIO-BIO26-L04-Q001,BIO26-PDF022-L04-S1-Q001,BIO26-L04,أحياء 1,الطلائعيات,22,1,1,A,0,تجميعات الأحياء 2026 — مفتاح الإجابة في PDF p.22,SOURCE_ANSWER_STRIP_EMBEDDED_TEXT,PASS_SOURCE_KEY
TAH-BIO-BIO26-L04-Q002,BIO26-PDF022-L04-S1-Q002,BIO26-L04,أحياء 1,الطلائعيات,22,1,2,A,0,تجميعات الأحياء 2026 — مفتاح الإجابة في PDF p.22,SOURCE_ANSWER_STRIP_EMBEDDED_TEXT,PASS_SOURCE_KEY
TAH-BIO-BIO26-L04-Q003,BIO26-PDF022-L04-S1-Q003,BIO26-L04,أحياء 1,الطلائعيات,22,1,3,D,3,تجميعات الأحياء 2026 — مفتاح الإجابة في PDF p.22,SOURCE_ANSWER_STRIP_EMBEDDED_TEXT,PASS_SOURCE_KEY
TAH-BIO-BIO26-L04-Q004,BIO26-PDF022-L04-S1-Q004,BIO26-L04,أحياء 1,الطلائعيات,22,1,4,B,1,تجميعات الأحياء 2026 — مفتاح الإجابة في PDF p.22,SOURCE_ANSWER_STRIP_EMBEDDED_TEXT,PASS_SOURCE_KEY
TAH-BIO-BIO26-L04-Q005,BIO26-PDF022-L04-S1-Q005,BIO26-L04,أحياء 1,الطلائعيات,22,1,5,C,2,تجميعات الأحياء 2026 — مفتاح الإجابة في PDF p.22,SOURCE_ANSWER_STRIP_EMBEDDED_TEXT,PASS_SOURCE_KEY
TAH-BIO-BIO26-L04-Q006,BIO26-PDF022-L04-S1-Q006,BIO26-L04,أحياء 1,الطلائعيات,22,1,6,D,3,تجميعات الأحياء 2026 — مفتاح الإجابة في PDF p.22,SOURCE_ANSWER_STRIP_EMBEDDED_TEXT,PASS_SOURCE_KEY
TAH-BIO-BIO26-L04-Q007,BIO26-PDF022-L04-S1-Q007,BIO26-L04,أحياء 1,الطلائعيات,22,1,7,B,1,تجميعات الأحياء 2026 — مفتاح الإجابة في PDF p.22,SOURCE_ANSWER_STRIP_EMBEDDED_TEXT,PASS_SOURCE_KEY
TAH-BIO-BIO26-L04-Q008,BIO26-PDF022-L04-S1-Q008,BIO26-L04,أحياء 1,الطلائعيات,22,1,8,D,3,تجميعات الأحياء 2026 — مفتاح الإجابة في PDF p.22,SOURCE_ANSWER_STRIP_EMBEDDED_TEXT,PASS_SOURCE_KEY
TAH-BIO-BIO26-L04-Q009,BIO26-PDF022-L04-S1-Q009,BIO26-L04,أحياء 1,الطلائعيات,22,1,9,D,3,تجميعات الأحياء 2026 — مفتاح الإجابة في PDF p.22,SOURCE_ANSWER_STRIP_EMBEDDED_TEXT,PASS_SOURCE_KEY
TAH-BIO-BIO26-L04-Q010,BIO26-PDF022-L04-S1-Q010,BIO26-L04,أحياء 1,الطلائعيات,22,1,10,A,0,تجميعات الأحياء 2026 — مفتاح الإجابة في PDF p.22,SOURCE_ANSWER_STRIP_EMBEDDED_TEXT,PASS_SOURCE_KEY
TAH-BIO-BIO26-L04-Q011,BIO26-PDF022-L04-S1-Q011,BIO26-L04,أحياء 1,الطلائعيات,22,1,11,B,1,تجميعات الأحياء 2026 — مفتاح الإجابة في PDF p.22,SOURCE_ANSWER_STRIP_EMBEDDED_TEXT,PASS_SOURCE_KEY
TAH-BIO-BIO26-L04-Q012,BIO26-PDF022-L04-S1-Q012,BIO26-L04,أحياء 1,الطلائعيات,22,1,12,A,0,تجميعات الأحياء 2026 — مفتاح الإجابة في PDF p.22,SOURCE_ANSWER_STRIP_EMBEDDED_TEXT,PASS_SOURCE_KEY
TAH-BIO-BIO26-L04-Q013,BIO26-PDF022-L04-S1-Q013,BIO26-L04,أحياء 1,الطلائعيات,22,1,13,C,2,تجميعات الأحياء 2026 — مفتاح الإجابة في PDF p.22,SOURCE_ANSWER_STRIP_EMBEDDED_TEXT,PASS_SOURCE_KEY
TAH-BIO-BIO26-L04-Q014,BIO26-PDF022-L04-S1-Q014,BIO26-L04,أحياء 1,الطلائعيات,22,1,14,A,0,تجميعات الأحياء 2026 — مفتاح الإجابة في PDF p.22,SOURCE_ANSWER_STRIP_EMBEDDED_TEXT,PASS_SOURCE_KEY
TAH-BIO-BIO26-L04-Q015,BIO26-PDF022-L04-S1-Q015,BIO26-L04,أحياء 1,الطلائعيات,22,1,15,B,1,تجميعات الأحياء 2026 — مفتاح الإجابة في PDF p.22,SOURCE_ANSWER_STRIP_EMBEDDED_TEXT,PASS_SOURCE_KEY
TAH-BIO-BIO26-L04-Q016,BIO26-PDF022-L04-S1-Q016,BIO26-L04,أحياء 1,الطلائعيات,22,1,16,D,3,تجميعات الأحياء 2026 — مفتاح الإجابة في PDF p.22,SOURCE_ANSWER_STRIP_EMBEDDED_TEXT,PASS_SOURCE_KEY
TAH-BIO-BIO26-L04-Q017,BIO26-PDF022-L04-S1-Q017,BIO26-L04,أحياء 1,الطلائعيات,22,1,17,D,3,تجميعات الأحياء 2026 — مفتاح الإجابة في PDF p.22,SOURCE_ANSWER_STRIP_EMBEDDED_TEXT,PASS_SOURCE_KEY
TAH-BIO-BIO26-L04-Q018,BIO26-PDF023-L04-S1-Q018,BIO26-L04,أحياء 1,الطلائعيات,23,1,18,B,1,تجميعات الأحياء 2026 — مفتاح الإجابة في PDF p.23,SOURCE_ANSWER_STRIP_EMBEDDED_TEXT,PASS_SOURCE_KEY
TAH-BIO-BIO26-L04-Q019,BIO26-PDF023-L04-S1-Q019,BIO26-L04,أحياء 1,الطلائعيات,23,1,19,C,2,تجميعات الأحياء 2026 — مفتاح الإجابة في PDF p.23,SOURCE_ANSWER_STRIP_EMBEDDED_TEXT,PASS_SOURCE_KEY
TAH-BIO-BIO26-L04-Q020,BIO26-PDF023-L04-S1-Q020,BIO26-L04,أحياء 1,الطلائعيات,23,1,20,D,3,تجميعات الأحياء 2026 — مفتاح الإجابة في PDF p.23,SOURCE_ANSWER_STRIP_EMBEDDED_TEXT,PASS_SOURCE_KEY
TAH-BIO-BIO26-L04-Q021,BIO26-PDF023-L04-S1-Q021,BIO26-L04,أحياء 1,الطلائعيات,23,1,21,A,0,تجميعات الأحياء 2026 — مفتاح الإجابة في PDF p.23,SOURCE_ANSWER_STRIP_EMBEDDED_TEXT,PASS_SOURCE_KEY
TAH-BIO-BIO26-L04-Q022,BIO26-PDF023-L04-S1-Q022,BIO26-L04,أحياء 1,الطلائعيات,23,1,22,A,0,تجميعات الأحياء 2026 — مفتاح الإجابة في PDF p.23,SOURCE_ANSWER_STRIP_EMBEDDED_TEXT,PASS_SOURCE_KEY
TAH-BIO-BIO26-L04-Q023,BIO26-PDF023-L04-S1-Q023,BIO26-L04,أحياء 1,الطلائعيات,23,1,23,C,2,تجميعات الأحياء 2026 — مفتاح الإجابة في PDF p.23,SOURCE_ANSWER_STRIP_EMBEDDED_TEXT,PASS_SOURCE_KEY
TAH-BIO-BIO26-L04-Q024,BIO26-PDF023-L04-S1-Q024,BIO26-L04,أحياء 1,الطلائعيات,23,1,24,C,2,تجميعات الأحياء 2026 — مفتاح الإجابة في PDF p.23,SOURCE_ANSWER_STRIP_EMBEDDED_TEXT,PASS_SOURCE_KEY
TAH-BIO-BIO26-L04-Q025,BIO26-PDF023-L04-S1-Q025,BIO26-L04,أحياء 1,الطلائعيات,23,1,25,A,0,تجميعات الأحياء 2026 — مفتاح الإجابة في PDF p.23,SOURCE_ANSWER_STRIP_EMBEDDED_TEXT,PASS_SOURCE_KEY
TAH-BIO-BIO26-L04-Q026,BIO26-PDF023-L04-S1-Q026,BIO26-L04,أحياء 1,الطلائعيات,23,1,26,A,0,تجميعات الأحياء 2026 — مفتاح الإجابة في PDF p.23,SOURCE_ANSWER_STRIP_EMBEDDED_TEXT,PASS_SOURCE_KEY
TAH-BIO-BIO26-L04-Q027,BIO26-PDF023-L04-S1-Q027,BIO26-L04,أحياء 1,الطلائعيات,23,1,27,C,2,تجميعات الأحياء 2026 — مفتاح الإجابة في PDF p.23,SOURCE_ANSWER_STRIP_EMBEDDED_TEXT,PASS_SOURCE_KEY
TAH-BIO-BIO26-L04-Q028,BIO26-PDF023-L04-S1-Q028,BIO26-L04,أحياء 1,الطلائعيات,23,1,28,C,2,تجميعات الأحياء 2026 — مفتاح الإجابة في PDF p.23,SOURCE_ANSWER_STRIP_EMBEDDED_TEXT,PASS_SOURCE_KEY
TAH-BIO-BIO26-L04-Q029,BIO26-PDF023-L04-S1-Q029,BIO26-L04,أحياء 1,الطلائعيات,23,1,29,B,1,تجميعات الأحياء 2026 — مفتاح الإجابة في PDF p.23,SOURCE_ANSWER_STRIP_EMBEDDED_TEXT,PASS_SOURCE_KEY
TAH-BIO-BIO26-L04-Q030,BIO26-PDF023-L04-S1-Q030,BIO26-L04,أحياء 1,الطلائعيات,23,1,30,C,2,تجميعات الأحياء 2026 — مفتاح الإجابة في PDF p.23,SOURCE_ANSWER_STRIP_EMBEDDED_TEXT,PASS_SOURCE_KEY
TAH-BIO-BIO26-L04-Q031,BIO26-PDF023-L04-S1-Q031,BIO26-L04,أحياء 1,الطلائعيات,23,1,31,A,0,تجميعات الأحياء 2026 — مفتاح الإجابة في PDF p.23,SOURCE_ANSWER_STRIP_EMBEDDED_TEXT,PASS_SOURCE_KEY
TAH-BIO-BIO26-L04-Q032,BIO26-PDF023-L04-S1-Q032,BIO26-L04,أحياء 1,الطلائعيات,23,1,32,C,2,تجميعات الأحياء 2026 — مفتاح الإجابة في PDF p.23,SOURCE_ANSWER_STRIP_EMBEDDED_TEXT,PASS_SOURCE_KEY
TAH-BIO-BIO26-L04-Q033,BIO26-PDF023-L04-S1-Q033,BIO26-L04,أحياء 1,الطلائعيات,23,1,33,B,1,تجميعات الأحياء 2026 — مفتاح الإجابة في PDF p.23,SOURCE_ANSWER_STRIP_EMBEDDED_TEXT,PASS_SOURCE_KEY
TAH-BIO-BIO26-L04-Q034,BIO26-PDF023-L04-S1-Q034,BIO26-L04,أحياء 1,الطلائعيات,23,1,34,A,0,تجميعات الأحياء 2026 — مفتاح الإجابة في PDF p.23,SOURCE_ANSWER_STRIP_EMBEDDED_TEXT,PASS_SOURCE_KEY
TAH-BIO-BIO26-L04-Q035,BIO26-PDF023-L04-S1-Q035,BIO26-L04,أحياء 1,الطلائعيات,23,1,35,C,2,تجميعات الأحياء 2026 — مفتاح الإجابة في PDF p.23,SOURCE_ANSWER_STRIP_EMBEDDED_TEXT,PASS_SOURCE_KEY
TAH-BIO-BIO26-L04-Q036,BIO26-PDF024-L04-S1-Q036,BIO26-L04,أحياء 1,الطلائعيات,24,1,36,C,2,تجميعات الأحياء 2026 — مفتاح الإجابة في PDF p.24,SOURCE_ANSWER_STRIP_EMBEDDED_TEXT,PASS_SOURCE_KEY
TAH-BIO-BIO26-L04-Q037,BIO26-PDF024-L04-S1-Q037,BIO26-L04,أحياء 1,الطلائعيات,24,1,37,B,1,تجميعات الأحياء 2026 — مفتاح الإجابة في PDF p.24,SOURCE_ANSWER_STRIP_EMBEDDED_TEXT,PASS_SOURCE_KEY
TAH-BIO-BIO26-L04-Q038,BIO26-PDF024-L04-S1-Q038,BIO26-L04,أحياء 1,الطلائعيات,24,1,38,D,3,تجميعات الأحياء 2026 — مفتاح الإجابة في PDF p.24,SOURCE_ANSWER_STRIP_EMBEDDED_TEXT,PASS_SOURCE_KEY
TAH-BIO-BIO26-L04-Q039,BIO26-PDF024-L04-S1-Q039,BIO26-L04,أحياء 1,الطلائعيات,24,1,39,D,3,تجميعات الأحياء 2026 — مفتاح الإجابة في PDF p.24,SOURCE_ANSWER_STRIP_EMBEDDED_TEXT,PASS_SOURCE_KEY
TAH-BIO-BIO26-L04-Q040,BIO26-PDF024-L04-S1-Q040,BIO26-L04,أحياء 1,الطلائعيات,24,1,40,B,1,تجميعات الأحياء 2026 — مفتاح الإجابة في PDF p.24,SOURCE_ANSWER_STRIP_EMBEDDED_TEXT,PASS_SOURCE_KEY
TAH-BIO-BIO26-L04-Q041,BIO26-PDF024-L04-S1-Q041,BIO26-L04,أحياء 1,الطلائعيات,24,1,41,C,2,تجميعات الأحياء 2026 — مفتاح الإجابة في PDF p.24,SOURCE_ANSWER_STRIP_EMBEDDED_TEXT,PASS_SOURCE_KEY
TAH-BIO-BIO26-L04-Q042,BIO26-PDF024-L04-S1-Q042,BIO26-L04,أحياء 1,الطلائعيات,24,1,42,A,0,تجميعات الأحياء 2026 — مفتاح الإجابة في PDF p.24,SOURCE_ANSWER_STRIP_EMBEDDED_TEXT,PASS_SOURCE_KEY
TAH-BIO-BIO26-L04-Q043,BIO26-PDF024-L04-S1-Q043,BIO26-L04,أحياء 1,الطلائعيات,24,1,43,B,1,تجميعات الأحياء 2026 — مفتاح الإجابة في PDF p.24,SOURCE_ANSWER_STRIP_EMBEDDED_TEXT,PASS_SOURCE_KEY
TAH-BIO-BIO26-L04-Q044,BIO26-PDF024-L04-S1-Q044,BIO26-L04,أحياء 1,الطلائعيات,24,1,44,B,1,تجميعات الأحياء 2026 — مفتاح الإجابة في PDF p.24,SOURCE_ANSWER_STRIP_EMBEDDED_TEXT,PASS_SOURCE_KEY
TAH-BIO-BIO26-L04-Q045,BIO26-PDF024-L04-S1-Q045,BIO26-L04,أحياء 1,الطلائعيات,24,1,45,A,0,تجميعات الأحياء 2026 — مفتاح الإجابة في PDF p.24,SOURCE_ANSWER_STRIP_EMBEDDED_TEXT,PASS_SOURCE_KEY
TAH-BIO-BIO26-L04-Q046,BIO26-PDF024-L04-S1-Q046,BIO26-L04,أحياء 1,الطلائعيات,24,1,46,D,3,تجميعات الأحياء 2026 — مفتاح الإجابة في PDF p.24,SOURCE_ANSWER_STRIP_EMBEDDED_TEXT,PASS_SOURCE_KEY
TAH-BIO-BIO26-L04-Q047,BIO26-PDF024-L04-S1-Q047,BIO26-L04,أحياء 1,الطلائعيات,24,1,47,B,1,تجميعات الأحياء 2026 — مفتاح الإجابة في PDF p.24,SOURCE_ANSWER_STRIP_EMBEDDED_TEXT,PASS_SOURCE_KEY
TAH-BIO-BIO26-L04-Q048,BIO26-PDF024-L04-S1-Q048,BIO26-L04,أحياء 1,الطلائعيات,24,1,48,A,0,تجميعات الأحياء 2026 — مفتاح الإجابة في PDF p.24,SOURCE_ANSWER_STRIP_EMBEDDED_TEXT,PASS_SOURCE_KEY
TAH-BIO-BIO26-L04-Q049,BIO26-PDF024-L04-S1-Q049,BIO26-L04,أحياء 1,الطلائعيات,24,1,49,D,3,تجميعات الأحياء 2026 — مفتاح الإجابة في PDF p.24,SOURCE_ANSWER_STRIP_EMBEDDED_TEXT,PASS_SOURCE_KEY
TAH-BIO-BIO26-L04-Q050,BIO26-PDF024-L04-S1-Q050,BIO26-L04,أحياء 1,الطلائعيات,24,1,50,A,0,تجميعات الأحياء 2026 — مفتاح الإجابة في PDF p.24,SOURCE_ANSWER_STRIP_EMBEDDED_TEXT,PASS_SOURCE_KEY
TAH-BIO-BIO26-L04-Q051,BIO26-PDF024-L04-S1-Q051,BIO26-L04,أحياء 1,الطلائعيات,24,1,51,D,3,تجميعات الأحياء 2026 — مفتاح الإجابة في PDF p.24,SOURCE_ANSWER_STRIP_EMBEDDED_TEXT,PASS_SOURCE_KEY
TAH-BIO-BIO26-L04-Q052,BIO26-PDF024-L04-S1-Q052,BIO26-L04,أحياء 1,الطلائعيات,24,1,52,D,3,تجميعات الأحياء 2026 — مفتاح الإجابة في PDF p.24,SOURCE_ANSWER_STRIP_EMBEDDED_TEXT,PASS_SOURCE_KEY
TAH-BIO-BIO26-L04-Q053,BIO26-PDF024-L04-S1-Q053,BIO26-L04,أحياء 1,الطلائعيات,24,1,53,D,3,تجميعات الأحياء 2026 — مفتاح الإجابة في PDF p.24,SOURCE_ANSWER_STRIP_EMBEDDED_TEXT,PASS_SOURCE_KEY
TAH-BIO-BIO26-L04-Q054,BIO26-PDF025-L04-S1-Q054,BIO26-L04,أحياء 1,الطلائعيات,25,1,54,A,0,تجميعات الأحياء 2026 — مفتاح الإجابة في PDF p.25,SOURCE_ANSWER_STRIP_EMBEDDED_TEXT,PASS_SOURCE_KEY
TAH-BIO-BIO26-L04-Q055,BIO26-PDF025-L04-S1-Q055,BIO26-L04,أحياء 1,الطلائعيات,25,1,55,A,0,تجميعات الأحياء 2026 — مفتاح الإجابة في PDF p.25,SOURCE_ANSWER_STRIP_EMBEDDED_TEXT,PASS_SOURCE_KEY
TAH-BIO-BIO26-L04-Q056,BIO26-PDF025-L04-S1-Q056,BIO26-L04,أحياء 1,الطلائعيات,25,1,56,A,0,تجميعات الأحياء 2026 — مفتاح الإجابة في PDF p.25,SOURCE_ANSWER_STRIP_EMBEDDED_TEXT,PASS_SOURCE_KEY
TAH-BIO-BIO26-L04-Q057,BIO26-PDF025-L04-S1-Q057,BIO26-L04,أحياء 1,الطلائعيات,25,1,57,D,3,تجميعات الأحياء 2026 — مفتاح الإجابة في PDF p.25,SOURCE_ANSWER_STRIP_EMBEDDED_TEXT,PASS_SOURCE_KEY
TAH-BIO-BIO26-L04-Q058,BIO26-PDF025-L04-S1-Q058,BIO26-L04,أحياء 1,الطلائعيات,25,1,58,B,1,تجميعات الأحياء 2026 — مفتاح الإجابة في PDF p.25,SOURCE_ANSWER_STRIP_EMBEDDED_TEXT,PASS_SOURCE_KEY
TAH-BIO-BIO26-L04-Q059,BIO26-PDF025-L04-S1-Q059,BIO26-L04,أحياء 1,الطلائعيات,25,1,59,A,0,تجميعات الأحياء 2026 — مفتاح الإجابة في PDF p.25,SOURCE_ANSWER_STRIP_EMBEDDED_TEXT,PASS_SOURCE_KEY
TAH-BIO-BIO26-L04-Q060,BIO26-PDF025-L04-S1-Q060,BIO26-L04,أحياء 1,الطلائعيات,25,1,60,D,3,تجميعات الأحياء 2026 — مفتاح الإجابة في PDF p.25,SOURCE_ANSWER_STRIP_EMBEDDED_TEXT,PASS_SOURCE_KEY
TAH-BIO-BIO26-L04-Q061,BIO26-PDF025-L04-S1-Q061,BIO26-L04,أحياء 1,الطلائعيات,25,1,61,B,1,تجميعات الأحياء 2026 — مفتاح الإجابة في PDF p.25,SOURCE_ANSWER_STRIP_EMBEDDED_TEXT,PASS_SOURCE_KEY
TAH-BIO-BIO26-L04-Q062,BIO26-PDF025-L04-S1-Q062,BIO26-L04,أحياء 1,الطلائعيات,25,1,62,A,0,تجميعات الأحياء 2026 — مفتاح الإجابة في PDF p.25,SOURCE_ANSWER_STRIP_EMBEDDED_TEXT,PASS_SOURCE_KEY
TAH-BIO-BIO26-L04-Q063,BIO26-PDF025-L04-S1-Q063,BIO26-L04,أحياء 1,الطلائعيات,25,1,63,C,2,تجميعات الأحياء 2026 — مفتاح الإجابة في PDF p.25,SOURCE_ANSWER_STRIP_EMBEDDED_TEXT,PASS_SOURCE_KEY
TAH-BIO-BIO26-L04-Q064,BIO26-PDF025-L04-S1-Q064,BIO26-L04,أحياء 1,الطلائعيات,25,1,64,C,2,تجميعات الأحياء 2026 — مفتاح الإجابة في PDF p.25,SOURCE_ANSWER_STRIP_EMBEDDED_TEXT,PASS_SOURCE_KEY
TAH-BIO-BIO26-L04-Q065,BIO26-PDF025-L04-S1-Q065,BIO26-L04,أحياء 1,الطلائعيات,25,1,65,C,2,تجميعات الأحياء 2026 — مفتاح الإجابة في PDF p.25,SOURCE_ANSWER_STRIP_EMBEDDED_TEXT,PASS_SOURCE_KEY
TAH-BIO-BIO26-L04-Q066,BIO26-PDF025-L04-S1-Q066,BIO26-L04,أحياء 1,الطلائعيات,25,1,66,C,2,تجميعات الأحياء 2026 — مفتاح الإجابة في PDF p.25,SOURCE_ANSWER_STRIP_EMBEDDED_TEXT,PASS_SOURCE_KEY
TAH-BIO-BIO26-L04-Q067,BIO26-PDF025-L04-S1-Q067,BIO26-L04,أحياء 1,الطلائعيات,25,1,67,C,2,تجميعات الأحياء 2026 — مفتاح الإجابة في PDF p.25,SOURCE_ANSWER_STRIP_EMBEDDED_TEXT,PASS_SOURCE_KEY
TAH-BIO-BIO26-L04-Q068,BIO26-PDF026-L04-S2-Q068,BIO26-L04,أحياء 1,الطلائعيات,26,2,68,B,1,تجميعات الأحياء 2026 — مفتاح الإجابة في PDF p.26,SOURCE_ANSWER_STRIP_EMBEDDED_TEXT,PASS_SOURCE_KEY
TAH-BIO-BIO26-L04-Q069,BIO26-PDF026-L04-S2-Q069,BIO26-L04,أحياء 1,الطلائعيات,26,2,69,A,0,تجميعات الأحياء 2026 — مفتاح الإجابة في PDF p.26,SOURCE_ANSWER_STRIP_EMBEDDED_TEXT,PASS_SOURCE_KEY
TAH-BIO-BIO26-L04-Q070,BIO26-PDF026-L04-S2-Q070,BIO26-L04,أحياء 1,الطلائعيات,26,2,70,A,0,تجميعات الأحياء 2026 — مفتاح الإجابة في PDF p.26,SOURCE_ANSWER_STRIP_EMBEDDED_TEXT,PASS_SOURCE_KEY
TAH-BIO-BIO26-L04-Q071,BIO26-PDF026-L04-S2-Q071,BIO26-L04,أحياء 1,الطلائعيات,26,2,71,C,2,تجميعات الأحياء 2026 — مفتاح الإجابة في PDF p.26,SOURCE_ANSWER_STRIP_EMBEDDED_TEXT,PASS_SOURCE_KEY
TAH-BIO-BIO26-L04-Q072,BIO26-PDF026-L04-S2-Q072,BIO26-L04,أحياء 1,الطلائعيات,26,2,72,B,1,تجميعات الأحياء 2026 — مفتاح الإجابة في PDF p.26,SOURCE_ANSWER_STRIP_EMBEDDED_TEXT,PASS_SOURCE_KEY
TAH-BIO-BIO26-L04-Q073,BIO26-PDF026-L04-S2-Q073,BIO26-L04,أحياء 1,الطلائعيات,26,2,73,C,2,تجميعات الأحياء 2026 — مفتاح الإجابة في PDF p.26,SOURCE_ANSWER_STRIP_EMBEDDED_TEXT,PASS_SOURCE_KEY
TAH-BIO-BIO26-L04-Q074,BIO26-PDF026-L04-S2-Q074,BIO26-L04,أحياء 1,الطلائعيات,26,2,74,C,2,تجميعات الأحياء 2026 — مفتاح الإجابة في PDF p.26,SOURCE_ANSWER_STRIP_EMBEDDED_TEXT,PASS_SOURCE_KEY
TAH-BIO-BIO26-L04-Q075,BIO26-PDF026-L04-S2-Q075,BIO26-L04,أحياء 1,الطلائعيات,26,2,75,B,1,تجميعات الأحياء 2026 — مفتاح الإجابة في PDF p.26,SOURCE_ANSWER_STRIP_EMBEDDED_TEXT,PASS_SOURCE_KEY
TAH-BIO-BIO26-L04-Q076,BIO26-PDF026-L04-S2-Q076,BIO26-L04,أحياء 1,الطلائعيات,26,2,76,A,0,تجميعات الأحياء 2026 — مفتاح الإجابة في PDF p.26,SOURCE_ANSWER_STRIP_EMBEDDED_TEXT,PASS_SOURCE_KEY
TAH-BIO-BIO26-L04-Q077,BIO26-PDF026-L04-S2-Q077,BIO26-L04,أحياء 1,الطلائعيات,26,2,77,A,0,تجميعات الأحياء 2026 — مفتاح الإجابة في PDF p.26,SOURCE_ANSWER_STRIP_EMBEDDED_TEXT,PASS_SOURCE_KEY
TAH-BIO-BIO26-L04-Q078,BIO26-PDF026-L04-S2-Q078,BIO26-L04,أحياء 1,الطلائعيات,26,2,78,A,0,تجميعات الأحياء 2026 — مفتاح الإجابة في PDF p.26,SOURCE_ANSWER_STRIP_EMBEDDED_TEXT,PASS_SOURCE_KEY
TAH-BIO-BIO26-L04-Q079,BIO26-PDF026-L04-S2-Q079,BIO26-L04,أحياء 1,الطلائعيات,26,2,79,A,0,تجميعات الأحياء 2026 — مفتاح الإجابة في PDF p.26,SOURCE_ANSWER_STRIP_EMBEDDED_TEXT,PASS_SOURCE_KEY
TAH-BIO-BIO26-L04-Q080,BIO26-PDF026-L04-S2-Q080,BIO26-L04,أحياء 1,الطلائعيات,26,2,80,D,3,تجميعات الأحياء 2026 — مفتاح الإجابة في PDF p.26,SOURCE_ANSWER_STRIP_EMBEDDED_TEXT,PASS_SOURCE_KEY
TAH-BIO-BIO26-L04-Q081,BIO26-PDF026-L04-S2-Q081,BIO26-L04,أحياء 1,الطلائعيات,26,2,81,A,0,تجميعات الأحياء 2026 — مفتاح الإجابة في PDF p.26,SOURCE_ANSWER_STRIP_EMBEDDED_TEXT,PASS_SOURCE_KEY
TAH-BIO-BIO26-L04-Q082,BIO26-PDF026-L04-S2-Q082,BIO26-L04,أحياء 1,الطلائعيات,26,2,82,B,1,تجميعات الأحياء 2026 — مفتاح الإجابة في PDF p.26,SOURCE_ANSWER_STRIP_EMBEDDED_TEXT,PASS_SOURCE_KEY
TAH-BIO-BIO26-L04-Q083,BIO26-PDF026-L04-S2-Q083,BIO26-L04,أحياء 1,الطلائعيات,26,2,83,B,1,تجميعات الأحياء 2026 — مفتاح الإجابة في PDF p.26,SOURCE_ANSWER_STRIP_EMBEDDED_TEXT,PASS_SOURCE_KEY
TAH-BIO-BIO26-L04-Q084,BIO26-PDF027-L04-S2-Q084,BIO26-L04,أحياء 1,الطلائعيات,27,2,84,A,0,تجميعات الأحياء 2026 — مفتاح الإجابة في PDF p.27,SOURCE_ANSWER_STRIP_VISUAL,PASS_SOURCE_KEY
TAH-BIO-BIO26-L04-Q085,BIO26-PDF027-L04-S2-Q085,BIO26-L04,أحياء 1,الطلائعيات,27,2,85,B,1,تجميعات الأحياء 2026 — مفتاح الإجابة في PDF p.27,SOURCE_ANSWER_STRIP_EMBEDDED_TEXT,PASS_SOURCE_KEY
TAH-BIO-BIO26-L04-Q086,BIO26-PDF027-L04-S2-Q086,BIO26-L04,أحياء 1,الطلائعيات,27,2,86,A,0,تجميعات الأحياء 2026 — مفتاح الإجابة في PDF p.27,SOURCE_ANSWER_STRIP_EMBEDDED_TEXT,PASS_SOURCE_KEY
TAH-BIO-BIO26-L04-Q087,BIO26-PDF027-L04-S2-Q087,BIO26-L04,أحياء 1,الطلائعيات,27,2,87,A,0,تجميعات الأحياء 2026 — مفتاح الإجابة في PDF p.27,SOURCE_ANSWER_STRIP_EMBEDDED_TEXT,PASS_SOURCE_KEY
TAH-BIO-BIO26-L04-Q088,BIO26-PDF027-L04-S2-Q088,BIO26-L04,أحياء 1,الطلائعيات,27,2,88,C,2,تجميعات الأحياء 2026 — مفتاح الإجابة في PDF p.27,SOURCE_ANSWER_STRIP_EMBEDDED_TEXT,PASS_SOURCE_KEY
TAH-BIO-BIO26-L04-Q089,BIO26-PDF027-L04-S2-Q089,BIO26-L04,أحياء 1,الطلائعيات,27,2,89,B,1,تجميعات الأحياء 2026 — مفتاح الإجابة في PDF p.27,SOURCE_ANSWER_STRIP_EMBEDDED_TEXT,PASS_SOURCE_KEY
TAH-BIO-BIO26-L04-Q090,BIO26-PDF027-L04-S2-Q090,BIO26-L04,أحياء 1,الطلائعيات,27,2,90,A,0,تجميعات الأحياء 2026 — مفتاح الإجابة في PDF p.27,SOURCE_ANSWER_STRIP_EMBEDDED_TEXT,PASS_SOURCE_KEY
TAH-BIO-BIO26-L04-Q091,BIO26-PDF027-L04-S2-Q091,BIO26-L04,أحياء 1,الطلائعيات,27,2,91,B,1,تجميعات الأحياء 2026 — مفتاح الإجابة في PDF p.27,SOURCE_ANSWER_STRIP_EMBEDDED_TEXT,PASS_SOURCE_KEY
TAH-BIO-BIO26-L04-Q092,BIO26-PDF027-L04-S2-Q092,BIO26-L04,أحياء 1,الطلائعيات,27,2,92,A,0,تجميعات الأحياء 2026 — مفتاح الإجابة في PDF p.27,SOURCE_ANSWER_STRIP_EMBEDDED_TEXT,PASS_SOURCE_KEY
TAH-BIO-BIO26-L04-Q093,BIO26-PDF027-L04-S2-Q093,BIO26-L04,أحياء 1,الطلائعيات,27,2,93,B,1,تجميعات الأحياء 2026 — مفتاح الإجابة في PDF p.27,SOURCE_ANSWER_STRIP_EMBEDDED_TEXT,PASS_SOURCE_KEY
TAH-BIO-BIO26-L04-Q094,BIO26-PDF027-L04-S2-Q094,BIO26-L04,أحياء 1,الطلائعيات,27,2,94,D,3,تجميعات الأحياء 2026 — مفتاح الإجابة في PDF p.27,SOURCE_ANSWER_STRIP_EMBEDDED_TEXT,PASS_SOURCE_KEY
TAH-BIO-BIO26-L05-Q001,BIO26-PDF028-L05-S1-Q001,BIO26-L05,أحياء 1,الفطريات,28,1,1,B,1,تجميعات الأحياء 2026 — مفتاح الإجابة في PDF p.28,SOURCE_ANSWER_STRIP_EMBEDDED_TEXT,PASS_SOURCE_KEY
TAH-BIO-BIO26-L05-Q002,BIO26-PDF028-L05-S1-Q002,BIO26-L05,أحياء 1,الفطريات,28,1,2,D,3,تجميعات الأحياء 2026 — مفتاح الإجابة في PDF p.28,SOURCE_ANSWER_STRIP_EMBEDDED_TEXT,PASS_SOURCE_KEY
TAH-BIO-BIO26-L05-Q003,BIO26-PDF028-L05-S1-Q003,BIO26-L05,أحياء 1,الفطريات,28,1,3,D,3,تجميعات الأحياء 2026 — مفتاح الإجابة في PDF p.28,SOURCE_ANSWER_STRIP_EMBEDDED_TEXT,PASS_SOURCE_KEY
TAH-BIO-BIO26-L05-Q004,BIO26-PDF028-L05-S1-Q004,BIO26-L05,أحياء 1,الفطريات,28,1,4,B,1,تجميعات الأحياء 2026 — مفتاح الإجابة في PDF p.28,SOURCE_ANSWER_STRIP_EMBEDDED_TEXT,PASS_SOURCE_KEY
TAH-BIO-BIO26-L05-Q005,BIO26-PDF028-L05-S1-Q005,BIO26-L05,أحياء 1,الفطريات,28,1,5,C,2,تجميعات الأحياء 2026 — مفتاح الإجابة في PDF p.28,SOURCE_ANSWER_STRIP_EMBEDDED_TEXT,PASS_SOURCE_KEY
TAH-BIO-BIO26-L05-Q006,BIO26-PDF028-L05-S1-Q006,BIO26-L05,أحياء 1,الفطريات,28,1,6,A,0,تجميعات الأحياء 2026 — مفتاح الإجابة في PDF p.28,SOURCE_ANSWER_STRIP_EMBEDDED_TEXT,PASS_SOURCE_KEY
TAH-BIO-BIO26-L05-Q007,BIO26-PDF028-L05-S1-Q007,BIO26-L05,أحياء 1,الفطريات,28,1,7,D,3,تجميعات الأحياء 2026 — مفتاح الإجابة في PDF p.28,SOURCE_ANSWER_STRIP_EMBEDDED_TEXT,PASS_SOURCE_KEY
TAH-BIO-BIO26-L05-Q008,BIO26-PDF028-L05-S1-Q008,BIO26-L05,أحياء 1,الفطريات,28,1,8,B,1,تجميعات الأحياء 2026 — مفتاح الإجابة في PDF p.28,SOURCE_ANSWER_STRIP_EMBEDDED_TEXT,PASS_SOURCE_KEY
TAH-BIO-BIO26-L05-Q009,BIO26-PDF028-L05-S1-Q009,BIO26-L05,أحياء 1,الفطريات,28,1,9,D,3,تجميعات الأحياء 2026 — مفتاح الإجابة في PDF p.28,SOURCE_ANSWER_STRIP_EMBEDDED_TEXT,PASS_SOURCE_KEY
TAH-BIO-BIO26-L05-Q010,BIO26-PDF028-L05-S1-Q010,BIO26-L05,أحياء 1,الفطريات,28,1,10,C,2,تجميعات الأحياء 2026 — مفتاح الإجابة في PDF p.28,SOURCE_ANSWER_STRIP_EMBEDDED_TEXT,PASS_SOURCE_KEY
TAH-BIO-BIO26-L05-Q011,BIO26-PDF028-L05-S1-Q011,BIO26-L05,أحياء 1,الفطريات,28,1,11,C,2,تجميعات الأحياء 2026 — مفتاح الإجابة في PDF p.28,SOURCE_ANSWER_STRIP_EMBEDDED_TEXT,PASS_SOURCE_KEY
TAH-BIO-BIO26-L05-Q012,BIO26-PDF028-L05-S1-Q012,BIO26-L05,أحياء 1,الفطريات,28,1,12,A,0,تجميعات الأحياء 2026 — مفتاح الإجابة في PDF p.28,SOURCE_ANSWER_STRIP_EMBEDDED_TEXT,PASS_SOURCE_KEY
TAH-BIO-BIO26-L05-Q013,BIO26-PDF028-L05-S1-Q013,BIO26-L05,أحياء 1,الفطريات,28,1,13,B,1,تجميعات الأحياء 2026 — مفتاح الإجابة في PDF p.28,SOURCE_ANSWER_STRIP_EMBEDDED_TEXT,PASS_SOURCE_KEY
TAH-BIO-BIO26-L05-Q014,BIO26-PDF028-L05-S1-Q014,BIO26-L05,أحياء 1,الفطريات,28,1,14,D,3,تجميعات الأحياء 2026 — مفتاح الإجابة في PDF p.28,SOURCE_ANSWER_STRIP_EMBEDDED_TEXT,PASS_SOURCE_KEY
TAH-BIO-BIO26-L05-Q015,BIO26-PDF028-L05-S1-Q015,BIO26-L05,أحياء 1,الفطريات,28,1,15,D,3,تجميعات الأحياء 2026 — مفتاح الإجابة في PDF p.28,SOURCE_ANSWER_STRIP_EMBEDDED_TEXT,PASS_SOURCE_KEY
TAH-BIO-BIO26-L05-Q016,BIO26-PDF028-L05-S1-Q016,BIO26-L05,أحياء 1,الفطريات,28,1,16,B,1,تجميعات الأحياء 2026 — مفتاح الإجابة في PDF p.28,SOURCE_ANSWER_STRIP_EMBEDDED_TEXT,PASS_SOURCE_KEY
TAH-BIO-BIO26-L05-Q017,BIO26-PDF028-L05-S1-Q017,BIO26-L05,أحياء 1,الفطريات,28,1,17,D,3,تجميعات الأحياء 2026 — مفتاح الإجابة في PDF p.28,SOURCE_ANSWER_STRIP_EMBEDDED_TEXT,PASS_SOURCE_KEY
TAH-BIO-BIO26-L05-Q018,BIO26-PDF029-L05-S1-Q018,BIO26-L05,أحياء 1,الفطريات,29,1,18,B,1,تجميعات الأحياء 2026 — مفتاح الإجابة في PDF p.29,SOURCE_ANSWER_STRIP_EMBEDDED_TEXT,PASS_SOURCE_KEY
TAH-BIO-BIO26-L05-Q019,BIO26-PDF029-L05-S1-Q019,BIO26-L05,أحياء 1,الفطريات,29,1,19,A,0,تجميعات الأحياء 2026 — مفتاح الإجابة في PDF p.29,SOURCE_ANSWER_STRIP_EMBEDDED_TEXT,PASS_SOURCE_KEY
TAH-BIO-BIO26-L05-Q020,BIO26-PDF029-L05-S1-Q020,BIO26-L05,أحياء 1,الفطريات,29,1,20,B,1,تجميعات الأحياء 2026 — مفتاح الإجابة في PDF p.29,SOURCE_ANSWER_STRIP_EMBEDDED_TEXT,PASS_SOURCE_KEY
TAH-BIO-BIO26-L05-Q021,BIO26-PDF029-L05-S1-Q021,BIO26-L05,أحياء 1,الفطريات,29,1,21,A,0,تجميعات الأحياء 2026 — مفتاح الإجابة في PDF p.29,SOURCE_ANSWER_STRIP_EMBEDDED_TEXT,PASS_SOURCE_KEY
TAH-BIO-BIO26-L05-Q022,BIO26-PDF029-L05-S1-Q022,BIO26-L05,أحياء 1,الفطريات,29,1,22,D,3,تجميعات الأحياء 2026 — مفتاح الإجابة في PDF p.29,SOURCE_ANSWER_STRIP_EMBEDDED_TEXT,PASS_SOURCE_KEY
TAH-BIO-BIO26-L05-Q023,BIO26-PDF029-L05-S1-Q023,BIO26-L05,أحياء 1,الفطريات,29,1,23,A,0,تجميعات الأحياء 2026 — مفتاح الإجابة في PDF p.29,SOURCE_ANSWER_STRIP_EMBEDDED_TEXT,PASS_SOURCE_KEY
TAH-BIO-BIO26-L05-Q024,BIO26-PDF029-L05-S1-Q024,BIO26-L05,أحياء 1,الفطريات,29,1,24,A,0,تجميعات الأحياء 2026 — مفتاح الإجابة في PDF p.29,SOURCE_ANSWER_STRIP_EMBEDDED_TEXT,PASS_SOURCE_KEY
TAH-BIO-BIO26-L05-Q025,BIO26-PDF029-L05-S1-Q025,BIO26-L05,أحياء 1,الفطريات,29,1,25,A,0,تجميعات الأحياء 2026 — مفتاح الإجابة في PDF p.29,SOURCE_ANSWER_STRIP_EMBEDDED_TEXT,PASS_SOURCE_KEY
TAH-BIO-BIO26-L05-Q026,BIO26-PDF029-L05-S1-Q026,BIO26-L05,أحياء 1,الفطريات,29,1,26,D,3,تجميعات الأحياء 2026 — مفتاح الإجابة في PDF p.29,SOURCE_ANSWER_STRIP_EMBEDDED_TEXT,PASS_SOURCE_KEY
TAH-BIO-BIO26-L05-Q027,BIO26-PDF029-L05-S1-Q027,BIO26-L05,أحياء 1,الفطريات,29,1,27,B,1,تجميعات الأحياء 2026 — مفتاح الإجابة في PDF p.29,SOURCE_ANSWER_STRIP_EMBEDDED_TEXT,PASS_SOURCE_KEY
TAH-BIO-BIO26-L05-Q028,BIO26-PDF030-L05-S2-Q028,BIO26-L05,أحياء 1,الفطريات,30,2,28,D,3,تجميعات الأحياء 2026 — مفتاح الإجابة في PDF p.30,SOURCE_ANSWER_STRIP_EMBEDDED_TEXT,PASS_SOURCE_KEY
TAH-BIO-BIO26-L05-Q029,BIO26-PDF030-L05-S2-Q029,BIO26-L05,أحياء 1,الفطريات,30,2,29,A,0,تجميعات الأحياء 2026 — مفتاح الإجابة في PDF p.30,SOURCE_ANSWER_STRIP_EMBEDDED_TEXT,PASS_SOURCE_KEY
TAH-BIO-BIO26-L05-Q030,BIO26-PDF030-L05-S2-Q030,BIO26-L05,أحياء 1,الفطريات,30,2,30,B,1,تجميعات الأحياء 2026 — مفتاح الإجابة في PDF p.30,SOURCE_ANSWER_STRIP_EMBEDDED_TEXT,PASS_SOURCE_KEY
TAH-BIO-BIO26-L05-Q031,BIO26-PDF030-L05-S2-Q031,BIO26-L05,أحياء 1,الفطريات,30,2,31,A,0,تجميعات الأحياء 2026 — مفتاح الإجابة في PDF p.30,SOURCE_ANSWER_STRIP_EMBEDDED_TEXT,PASS_SOURCE_KEY
TAH-BIO-BIO26-L05-Q032,BIO26-PDF030-L05-S2-Q032,BIO26-L05,أحياء 1,الفطريات,30,2,32,B,1,تجميعات الأحياء 2026 — مفتاح الإجابة في PDF p.30,SOURCE_ANSWER_STRIP_EMBEDDED_TEXT,PASS_SOURCE_KEY
TAH-BIO-BIO26-L05-Q033,BIO26-PDF030-L05-S2-Q033,BIO26-L05,أحياء 1,الفطريات,30,2,33,A,0,تجميعات الأحياء 2026 — مفتاح الإجابة في PDF p.30,SOURCE_ANSWER_STRIP_EMBEDDED_TEXT,PASS_SOURCE_KEY
TAH-BIO-BIO26-L05-Q034,BIO26-PDF030-L05-S2-Q034,BIO26-L05,أحياء 1,الفطريات,30,2,34,C,2,تجميعات الأحياء 2026 — مفتاح الإجابة في PDF p.30,SOURCE_ANSWER_STRIP_EMBEDDED_TEXT,PASS_SOURCE_KEY
TAH-BIO-BIO26-L05-Q035,BIO26-PDF030-L05-S2-Q035,BIO26-L05,أحياء 1,الفطريات,30,2,35,A,0,تجميعات الأحياء 2026 — مفتاح الإجابة في PDF p.30,SOURCE_ANSWER_STRIP_EMBEDDED_TEXT,PASS_SOURCE_KEY
TAH-BIO-BIO26-L05-Q036,BIO26-PDF030-L05-S2-Q036,BIO26-L05,أحياء 1,الفطريات,30,2,36,B,1,تجميعات الأحياء 2026 — مفتاح الإجابة في PDF p.30,SOURCE_ANSWER_STRIP_EMBEDDED_TEXT,PASS_SOURCE_KEY
TAH-BIO-BIO26-L05-Q037,BIO26-PDF030-L05-S2-Q037,BIO26-L05,أحياء 1,الفطريات,30,2,37,D,3,تجميعات الأحياء 2026 — مفتاح الإجابة في PDF p.30,SOURCE_ANSWER_STRIP_EMBEDDED_TEXT,PASS_SOURCE_KEY
TAH-BIO-BIO26-L05-Q038,BIO26-PDF030-L05-S2-Q038,BIO26-L05,أحياء 1,الفطريات,30,2,38,D,3,تجميعات الأحياء 2026 — مفتاح الإجابة في PDF p.30,SOURCE_ANSWER_STRIP_EMBEDDED_TEXT,PASS_SOURCE_KEY
TAH-BIO-BIO26-L05-Q039,BIO26-PDF030-L05-S2-Q039,BIO26-L05,أحياء 1,الفطريات,30,2,39,D,3,تجميعات الأحياء 2026 — مفتاح الإجابة في PDF p.30,SOURCE_ANSWER_STRIP_EMBEDDED_TEXT,PASS_SOURCE_KEY
TAH-BIO-BIO26-L05-Q040,BIO26-PDF030-L05-S2-Q040,BIO26-L05,أحياء 1,الفطريات,30,2,40,C,2,تجميعات الأحياء 2026 — مفتاح الإجابة في PDF p.30,SOURCE_ANSWER_STRIP_EMBEDDED_TEXT,PASS_SOURCE_KEY
TAH-BIO-BIO26-L05-Q041,BIO26-PDF030-L05-S2-Q041,BIO26-L05,أحياء 1,الفطريات,30,2,41,D,3,تجميعات الأحياء 2026 — مفتاح الإجابة في PDF p.30,SOURCE_ANSWER_STRIP_EMBEDDED_TEXT,PASS_SOURCE_KEY
TAH-BIO-BIO26-L05-Q042,BIO26-PDF030-L05-S2-Q042,BIO26-L05,أحياء 1,الفطريات,30,2,42,A,0,تجميعات الأحياء 2026 — مفتاح الإجابة في PDF p.30,SOURCE_ANSWER_STRIP_EMBEDDED_TEXT,PASS_SOURCE_KEY
TAH-BIO-BIO26-L05-Q043,BIO26-PDF030-L05-S2-Q043,BIO26-L05,أحياء 1,الفطريات,30,2,43,A,0,تجميعات الأحياء 2026 — مفتاح الإجابة في PDF p.30,SOURCE_ANSWER_STRIP_EMBEDDED_TEXT,PASS_SOURCE_KEY
TAH-BIO-BIO26-L05-Q044,BIO26-PDF030-L05-S2-Q044,BIO26-L05,أحياء 1,الفطريات,30,2,44,D,3,تجميعات الأحياء 2026 — مفتاح الإجابة في PDF p.30,SOURCE_ANSWER_STRIP_EMBEDDED_TEXT,PASS_SOURCE_KEY
TAH-BIO-BIO26-L05-Q045,BIO26-PDF030-L05-S2-Q045,BIO26-L05,أحياء 1,الفطريات,30,2,45,B,1,تجميعات الأحياء 2026 — مفتاح الإجابة في PDF p.30,SOURCE_ANSWER_STRIP_EMBEDDED_TEXT,PASS_SOURCE_KEY
TAH-BIO-BIO26-L05-Q046,BIO26-PDF031-L05-S2-Q046,BIO26-L05,أحياء 1,الفطريات,31,2,46,B,1,تجميعات الأحياء 2026 — مفتاح الإجابة في PDF p.31,SOURCE_ANSWER_STRIP_EMBEDDED_TEXT,PASS_SOURCE_KEY
TAH-BIO-BIO26-L05-Q047,BIO26-PDF031-L05-S2-Q047,BIO26-L05,أحياء 1,الفطريات,31,2,47,A,0,تجميعات الأحياء 2026 — مفتاح الإجابة في PDF p.31,SOURCE_ANSWER_STRIP_EMBEDDED_TEXT,PASS_SOURCE_KEY
TAH-BIO-BIO26-L05-Q048,BIO26-PDF031-L05-S2-Q048,BIO26-L05,أحياء 1,الفطريات,31,2,48,C,2,تجميعات الأحياء 2026 — مفتاح الإجابة في PDF p.31,SOURCE_ANSWER_STRIP_EMBEDDED_TEXT,PASS_SOURCE_KEY
TAH-BIO-BIO26-L05-Q049,BIO26-PDF031-L05-S2-Q049,BIO26-L05,أحياء 1,الفطريات,31,2,49,B,1,تجميعات الأحياء 2026 — مفتاح الإجابة في PDF p.31,SOURCE_ANSWER_STRIP_EMBEDDED_TEXT,PASS_SOURCE_KEY
TAH-BIO-BIO26-L05-Q050,BIO26-PDF031-L05-S2-Q050,BIO26-L05,أحياء 1,الفطريات,31,2,50,A,0,تجميعات الأحياء 2026 — مفتاح الإجابة في PDF p.31,SOURCE_ANSWER_STRIP_EMBEDDED_TEXT,PASS_SOURCE_KEY
TAH-BIO-BIO26-L05-Q051,BIO26-PDF031-L05-S2-Q051,BIO26-L05,أحياء 1,الفطريات,31,2,51,B,1,تجميعات الأحياء 2026 — مفتاح الإجابة في PDF p.31,SOURCE_ANSWER_STRIP_EMBEDDED_TEXT,PASS_SOURCE_KEY
TAH-BIO-BIO26-L05-Q052,BIO26-PDF031-L05-S2-Q052,BIO26-L05,أحياء 1,الفطريات,31,2,52,C,2,تجميعات الأحياء 2026 — مفتاح الإجابة في PDF p.31,SOURCE_ANSWER_STRIP_EMBEDDED_TEXT,PASS_SOURCE_KEY
TAH-BIO-BIO26-L05-Q053,BIO26-PDF031-L05-S2-Q053,BIO26-L05,أحياء 1,الفطريات,31,2,53,B,1,تجميعات الأحياء 2026 — مفتاح الإجابة في PDF p.31,SOURCE_ANSWER_STRIP_EMBEDDED_TEXT,PASS_SOURCE_KEY
TAH-BIO-BIO26-L05-Q054,BIO26-PDF031-L05-S2-Q054,BIO26-L05,أحياء 1,الفطريات,31,2,54,D,3,تجميعات الأحياء 2026 — مفتاح الإجابة في PDF p.31,SOURCE_ANSWER_STRIP_EMBEDDED_TEXT,PASS_SOURCE_KEY
TAH-BIO-BIO26-L05-Q055,BIO26-PDF031-L05-S2-Q055,BIO26-L05,أحياء 1,الفطريات,31,2,55,A,0,تجميعات الأحياء 2026 — مفتاح الإجابة في PDF p.31,SOURCE_ANSWER_STRIP_EMBEDDED_TEXT,PASS_SOURCE_KEY
TAH-BIO-BIO26-L05-Q056,BIO26-PDF031-L05-S2-Q056,BIO26-L05,أحياء 1,الفطريات,31,2,56,C,2,تجميعات الأحياء 2026 — مفتاح الإجابة في PDF p.31,SOURCE_ANSWER_STRIP_EMBEDDED_TEXT,PASS_SOURCE_KEY
TAH-BIO-BIO26-L05-Q057,BIO26-PDF031-L05-S2-Q057,BIO26-L05,أحياء 1,الفطريات,31,2,57,C,2,تجميعات الأحياء 2026 — مفتاح الإجابة في PDF p.31,SOURCE_ANSWER_STRIP_EMBEDDED_TEXT,PASS_SOURCE_KEY
TAH-BIO-BIO26-L05-Q058,BIO26-PDF031-L05-S2-Q058,BIO26-L05,أحياء 1,الفطريات,31,2,58,B,1,تجميعات الأحياء 2026 — مفتاح الإجابة في PDF p.31,SOURCE_ANSWER_STRIP_EMBEDDED_TEXT,PASS_SOURCE_KEY
TAH-BIO-BIO26-L05-Q059,BIO26-PDF031-L05-S2-Q059,BIO26-L05,أحياء 1,الفطريات,31,2,59,A,0,تجميعات الأحياء 2026 — مفتاح الإجابة في PDF p.31,SOURCE_ANSWER_STRIP_EMBEDDED_TEXT,PASS_SOURCE_KEY
TAH-BIO-BIO26-L06-Q001,BIO26-PDF032-L06-S1-Q001,BIO26-L06,أحياء 1,مدخل إلى الحيوانات,32,1,1,B,1,تجميعات الأحياء 2026 — مفتاح الإجابة في PDF p.32,SOURCE_ANSWER_STRIP_EMBEDDED_TEXT,PASS_SOURCE_KEY
TAH-BIO-BIO26-L06-Q002,BIO26-PDF032-L06-S1-Q002,BIO26-L06,أحياء 1,مدخل إلى الحيوانات,32,1,2,A,0,تجميعات الأحياء 2026 — مفتاح الإجابة في PDF p.32,SOURCE_ANSWER_STRIP_EMBEDDED_TEXT,PASS_SOURCE_KEY
TAH-BIO-BIO26-L06-Q003,BIO26-PDF032-L06-S1-Q003,BIO26-L06,أحياء 1,مدخل إلى الحيوانات,32,1,3,B,1,تجميعات الأحياء 2026 — مفتاح الإجابة في PDF p.32,SOURCE_ANSWER_STRIP_EMBEDDED_TEXT,PASS_SOURCE_KEY
TAH-BIO-BIO26-L06-Q004,BIO26-PDF032-L06-S1-Q004,BIO26-L06,أحياء 1,مدخل إلى الحيوانات,32,1,4,A,0,تجميعات الأحياء 2026 — مفتاح الإجابة في PDF p.32,SOURCE_ANSWER_STRIP_EMBEDDED_TEXT,PASS_SOURCE_KEY
TAH-BIO-BIO26-L06-Q005,BIO26-PDF032-L06-S1-Q005,BIO26-L06,أحياء 1,مدخل إلى الحيوانات,32,1,5,A,0,تجميعات الأحياء 2026 — مفتاح الإجابة في PDF p.32,SOURCE_ANSWER_STRIP_EMBEDDED_TEXT,PASS_SOURCE_KEY
TAH-BIO-BIO26-L06-Q006,BIO26-PDF032-L06-S1-Q006,BIO26-L06,أحياء 1,مدخل إلى الحيوانات,32,1,6,D,3,تجميعات الأحياء 2026 — مفتاح الإجابة في PDF p.32,SOURCE_ANSWER_STRIP_EMBEDDED_TEXT,PASS_SOURCE_KEY
TAH-BIO-BIO26-L06-Q007,BIO26-PDF032-L06-S1-Q007,BIO26-L06,أحياء 1,مدخل إلى الحيوانات,32,1,7,D,3,تجميعات الأحياء 2026 — مفتاح الإجابة في PDF p.32,SOURCE_ANSWER_STRIP_EMBEDDED_TEXT,PASS_SOURCE_KEY
TAH-BIO-BIO26-L06-Q008,BIO26-PDF032-L06-S1-Q008,BIO26-L06,أحياء 1,مدخل إلى الحيوانات,32,1,8,D,3,تجميعات الأحياء 2026 — مفتاح الإجابة في PDF p.32,SOURCE_ANSWER_STRIP_EMBEDDED_TEXT,PASS_SOURCE_KEY
TAH-BIO-BIO26-L06-Q009,BIO26-PDF032-L06-S1-Q009,BIO26-L06,أحياء 1,مدخل إلى الحيوانات,32,1,9,B,1,تجميعات الأحياء 2026 — مفتاح الإجابة في PDF p.32,SOURCE_ANSWER_STRIP_EMBEDDED_TEXT,PASS_SOURCE_KEY
TAH-BIO-BIO26-L06-Q010,BIO26-PDF032-L06-S1-Q010,BIO26-L06,أحياء 1,مدخل إلى الحيوانات,32,1,10,B,1,تجميعات الأحياء 2026 — مفتاح الإجابة في PDF p.32,SOURCE_ANSWER_STRIP_EMBEDDED_TEXT,PASS_SOURCE_KEY
TAH-BIO-BIO26-L06-Q011,BIO26-PDF032-L06-S1-Q011,BIO26-L06,أحياء 1,مدخل إلى الحيوانات,32,1,11,A,0,تجميعات الأحياء 2026 — مفتاح الإجابة في PDF p.32,SOURCE_ANSWER_STRIP_EMBEDDED_TEXT,PASS_SOURCE_KEY
TAH-BIO-BIO26-L06-Q012,BIO26-PDF032-L06-S1-Q012,BIO26-L06,أحياء 1,مدخل إلى الحيوانات,32,1,12,D,3,تجميعات الأحياء 2026 — مفتاح الإجابة في PDF p.32,SOURCE_ANSWER_STRIP_EMBEDDED_TEXT,PASS_SOURCE_KEY
TAH-BIO-BIO26-L06-Q013,BIO26-PDF032-L06-S1-Q013,BIO26-L06,أحياء 1,مدخل إلى الحيوانات,32,1,13,A,0,تجميعات الأحياء 2026 — مفتاح الإجابة في PDF p.32,SOURCE_ANSWER_STRIP_EMBEDDED_TEXT,PASS_SOURCE_KEY
TAH-BIO-BIO26-L06-Q014,BIO26-PDF032-L06-S1-Q014,BIO26-L06,أحياء 1,مدخل إلى الحيوانات,32,1,14,C,2,تجميعات الأحياء 2026 — مفتاح الإجابة في PDF p.32,SOURCE_ANSWER_STRIP_EMBEDDED_TEXT,PASS_SOURCE_KEY
TAH-BIO-BIO26-L06-Q015,BIO26-PDF032-L06-S1-Q015,BIO26-L06,أحياء 1,مدخل إلى الحيوانات,32,1,15,D,3,تجميعات الأحياء 2026 — مفتاح الإجابة في PDF p.32,SOURCE_ANSWER_STRIP_EMBEDDED_TEXT,PASS_SOURCE_KEY
TAH-BIO-BIO26-L06-Q016,BIO26-PDF033-L06-S1-Q016,BIO26-L06,أحياء 1,مدخل إلى الحيوانات,33,1,16,C,2,تجميعات الأحياء 2026 — مفتاح الإجابة في PDF p.33,SOURCE_ANSWER_STRIP_EMBEDDED_TEXT,PASS_SOURCE_KEY
TAH-BIO-BIO26-L06-Q017,BIO26-PDF033-L06-S1-Q017,BIO26-L06,أحياء 1,مدخل إلى الحيوانات,33,1,17,D,3,تجميعات الأحياء 2026 — مفتاح الإجابة في PDF p.33,SOURCE_ANSWER_STRIP_EMBEDDED_TEXT,PASS_SOURCE_KEY
TAH-BIO-BIO26-L06-Q018,BIO26-PDF033-L06-S1-Q018,BIO26-L06,أحياء 1,مدخل إلى الحيوانات,33,1,18,A,0,تجميعات الأحياء 2026 — مفتاح الإجابة في PDF p.33,SOURCE_ANSWER_STRIP_EMBEDDED_TEXT,PASS_SOURCE_KEY
TAH-BIO-BIO26-L06-Q019,BIO26-PDF033-L06-S1-Q019,BIO26-L06,أحياء 1,مدخل إلى الحيوانات,33,1,19,A,0,تجميعات الأحياء 2026 — مفتاح الإجابة في PDF p.33,SOURCE_ANSWER_STRIP_EMBEDDED_TEXT,PASS_SOURCE_KEY
TAH-BIO-BIO26-L06-Q020,BIO26-PDF033-L06-S1-Q020,BIO26-L06,أحياء 1,مدخل إلى الحيوانات,33,1,20,D,3,تجميعات الأحياء 2026 — مفتاح الإجابة في PDF p.33,SOURCE_ANSWER_STRIP_EMBEDDED_TEXT,PASS_SOURCE_KEY
TAH-BIO-BIO26-L06-Q021,BIO26-PDF033-L06-S1-Q021,BIO26-L06,أحياء 1,مدخل إلى الحيوانات,33,1,21,A,0,تجميعات الأحياء 2026 — مفتاح الإجابة في PDF p.33,SOURCE_ANSWER_STRIP_EMBEDDED_TEXT,PASS_SOURCE_KEY
TAH-BIO-BIO26-L06-Q022,BIO26-PDF033-L06-S1-Q022,BIO26-L06,أحياء 1,مدخل إلى الحيوانات,33,1,22,C,2,تجميعات الأحياء 2026 — مفتاح الإجابة في PDF p.33,SOURCE_ANSWER_STRIP_EMBEDDED_TEXT,PASS_SOURCE_KEY
TAH-BIO-BIO26-L06-Q023,BIO26-PDF033-L06-S1-Q023,BIO26-L06,أحياء 1,مدخل إلى الحيوانات,33,1,23,C,2,تجميعات الأحياء 2026 — مفتاح الإجابة في PDF p.33,SOURCE_ANSWER_STRIP_EMBEDDED_TEXT,PASS_SOURCE_KEY
TAH-BIO-BIO26-L06-Q024,BIO26-PDF033-L06-S1-Q024,BIO26-L06,أحياء 1,مدخل إلى الحيوانات,33,1,24,B,1,تجميعات الأحياء 2026 — مفتاح الإجابة في PDF p.33,SOURCE_ANSWER_STRIP_EMBEDDED_TEXT,PASS_SOURCE_KEY
TAH-BIO-BIO26-L06-Q025,BIO26-PDF033-L06-S1-Q025,BIO26-L06,أحياء 1,مدخل إلى الحيوانات,33,1,25,C,2,تجميعات الأحياء 2026 — مفتاح الإجابة في PDF p.33,SOURCE_ANSWER_STRIP_EMBEDDED_TEXT,PASS_SOURCE_KEY
TAH-BIO-BIO26-L06-Q026,BIO26-PDF033-L06-S1-Q026,BIO26-L06,أحياء 1,مدخل إلى الحيوانات,33,1,26,A,0,تجميعات الأحياء 2026 — مفتاح الإجابة في PDF p.33,SOURCE_ANSWER_STRIP_EMBEDDED_TEXT,PASS_SOURCE_KEY
TAH-BIO-BIO26-L06-Q027,BIO26-PDF033-L06-S1-Q027,BIO26-L06,أحياء 1,مدخل إلى الحيوانات,33,1,27,D,3,تجميعات الأحياء 2026 — مفتاح الإجابة في PDF p.33,SOURCE_ANSWER_STRIP_EMBEDDED_TEXT,PASS_SOURCE_KEY
TAH-BIO-BIO26-L06-Q028,BIO26-PDF034-L06-S1-Q028,BIO26-L06,أحياء 1,مدخل إلى الحيوانات,34,1,28,B,1,تجميعات الأحياء 2026 — مفتاح الإجابة في PDF p.34,SOURCE_ANSWER_STRIP_EMBEDDED_TEXT,PASS_SOURCE_KEY
TAH-BIO-BIO26-L06-Q029,BIO26-PDF034-L06-S1-Q029,BIO26-L06,أحياء 1,مدخل إلى الحيوانات,34,1,29,B,1,تجميعات الأحياء 2026 — مفتاح الإجابة في PDF p.34,SOURCE_ANSWER_STRIP_EMBEDDED_TEXT,PASS_SOURCE_KEY
TAH-BIO-BIO26-L06-Q030,BIO26-PDF034-L06-S1-Q030,BIO26-L06,أحياء 1,مدخل إلى الحيوانات,34,1,30,A,0,تجميعات الأحياء 2026 — مفتاح الإجابة في PDF p.34,SOURCE_ANSWER_STRIP_EMBEDDED_TEXT,PASS_SOURCE_KEY
TAH-BIO-BIO26-L06-Q031,BIO26-PDF034-L06-S1-Q031,BIO26-L06,أحياء 1,مدخل إلى الحيوانات,34,1,31,C,2,تجميعات الأحياء 2026 — مفتاح الإجابة في PDF p.34,SOURCE_ANSWER_STRIP_EMBEDDED_TEXT,PASS_SOURCE_KEY
TAH-BIO-BIO26-L06-Q032,BIO26-PDF034-L06-S1-Q032,BIO26-L06,أحياء 1,مدخل إلى الحيوانات,34,1,32,A,0,تجميعات الأحياء 2026 — مفتاح الإجابة في PDF p.34,SOURCE_ANSWER_STRIP_EMBEDDED_TEXT,PASS_SOURCE_KEY
TAH-BIO-BIO26-L06-Q033,BIO26-PDF034-L06-S1-Q033,BIO26-L06,أحياء 1,مدخل إلى الحيوانات,34,1,33,A,0,تجميعات الأحياء 2026 — مفتاح الإجابة في PDF p.34,SOURCE_ANSWER_STRIP_EMBEDDED_TEXT,PASS_SOURCE_KEY
TAH-BIO-BIO26-L06-Q034,BIO26-PDF034-L06-S1-Q034,BIO26-L06,أحياء 1,مدخل إلى الحيوانات,34,1,34,A,0,تجميعات الأحياء 2026 — مفتاح الإجابة في PDF p.34,SOURCE_ANSWER_STRIP_EMBEDDED_TEXT,PASS_SOURCE_KEY
TAH-BIO-BIO26-L06-Q035,BIO26-PDF034-L06-S1-Q035,BIO26-L06,أحياء 1,مدخل إلى الحيوانات,34,1,35,A,0,تجميعات الأحياء 2026 — مفتاح الإجابة في PDF p.34,SOURCE_ANSWER_STRIP_EMBEDDED_TEXT,PASS_SOURCE_KEY
TAH-BIO-BIO26-L06-Q036,BIO26-PDF034-L06-S1-Q036,BIO26-L06,أحياء 1,مدخل إلى الحيوانات,34,1,36,A,0,تجميعات الأحياء 2026 — مفتاح الإجابة في PDF p.34,SOURCE_ANSWER_STRIP_EMBEDDED_TEXT,PASS_SOURCE_KEY
TAH-BIO-BIO26-L06-Q037,BIO26-PDF035-L06-S1-Q037,BIO26-L06,أحياء 1,مدخل إلى الحيوانات,35,1,37,B,1,تجميعات الأحياء 2026 — مفتاح الإجابة في PDF p.35,SOURCE_ANSWER_STRIP_EMBEDDED_TEXT,PASS_SOURCE_KEY
TAH-BIO-BIO26-L06-Q038,BIO26-PDF035-L06-S1-Q038,BIO26-L06,أحياء 1,مدخل إلى الحيوانات,35,1,38,A,0,تجميعات الأحياء 2026 — مفتاح الإجابة في PDF p.35,SOURCE_ANSWER_STRIP_EMBEDDED_TEXT,PASS_SOURCE_KEY
TAH-BIO-BIO26-L06-Q039,BIO26-PDF036-L06-S2-Q039,BIO26-L06,أحياء 1,مدخل إلى الحيوانات,36,2,39,A,0,تجميعات الأحياء 2026 — مفتاح الإجابة في PDF p.36,SOURCE_ANSWER_STRIP_EMBEDDED_TEXT,PASS_SOURCE_KEY
TAH-BIO-BIO26-L06-Q040,BIO26-PDF036-L06-S2-Q040,BIO26-L06,أحياء 1,مدخل إلى الحيوانات,36,2,40,B,1,تجميعات الأحياء 2026 — مفتاح الإجابة في PDF p.36,SOURCE_ANSWER_STRIP_EMBEDDED_TEXT,PASS_SOURCE_KEY
TAH-BIO-BIO26-L06-Q041,BIO26-PDF036-L06-S2-Q041,BIO26-L06,أحياء 1,مدخل إلى الحيوانات,36,2,41,B,1,تجميعات الأحياء 2026 — مفتاح الإجابة في PDF p.36,SOURCE_ANSWER_STRIP_EMBEDDED_TEXT,PASS_SOURCE_KEY
TAH-BIO-BIO26-L06-Q042,BIO26-PDF036-L06-S2-Q042,BIO26-L06,أحياء 1,مدخل إلى الحيوانات,36,2,42,C,2,تجميعات الأحياء 2026 — مفتاح الإجابة في PDF p.36,SOURCE_ANSWER_STRIP_EMBEDDED_TEXT,PASS_SOURCE_KEY
TAH-BIO-BIO26-L06-Q043,BIO26-PDF036-L06-S2-Q043,BIO26-L06,أحياء 1,مدخل إلى الحيوانات,36,2,43,D,3,تجميعات الأحياء 2026 — مفتاح الإجابة في PDF p.36,SOURCE_ANSWER_STRIP_EMBEDDED_TEXT,PASS_SOURCE_KEY
TAH-BIO-BIO26-L06-Q044,BIO26-PDF036-L06-S2-Q044,BIO26-L06,أحياء 1,مدخل إلى الحيوانات,36,2,44,B,1,تجميعات الأحياء 2026 — مفتاح الإجابة في PDF p.36,SOURCE_ANSWER_STRIP_EMBEDDED_TEXT,PASS_SOURCE_KEY
TAH-BIO-BIO26-L06-Q045,BIO26-PDF036-L06-S2-Q045,BIO26-L06,أحياء 1,مدخل إلى الحيوانات,36,2,45,B,1,تجميعات الأحياء 2026 — مفتاح الإجابة في PDF p.36,SOURCE_ANSWER_STRIP_EMBEDDED_TEXT,PASS_SOURCE_KEY
TAH-BIO-BIO26-L06-Q046,BIO26-PDF036-L06-S2-Q046,BIO26-L06,أحياء 1,مدخل إلى الحيوانات,36,2,46,B,1,تجميعات الأحياء 2026 — مفتاح الإجابة في PDF p.36,SOURCE_ANSWER_STRIP_EMBEDDED_TEXT,PASS_SOURCE_KEY
TAH-BIO-BIO26-L06-Q047,BIO26-PDF036-L06-S2-Q047,BIO26-L06,أحياء 1,مدخل إلى الحيوانات,36,2,47,B,1,تجميعات الأحياء 2026 — مفتاح الإجابة في PDF p.36,SOURCE_ANSWER_STRIP_EMBEDDED_TEXT,PASS_SOURCE_KEY
TAH-BIO-BIO26-L06-Q048,BIO26-PDF036-L06-S2-Q048,BIO26-L06,أحياء 1,مدخل إلى الحيوانات,36,2,48,A,0,تجميعات الأحياء 2026 — مفتاح الإجابة في PDF p.36,SOURCE_ANSWER_STRIP_EMBEDDED_TEXT,PASS_SOURCE_KEY
TAH-BIO-BIO26-L06-Q049,BIO26-PDF036-L06-S2-Q049,BIO26-L06,أحياء 1,مدخل إلى الحيوانات,36,2,49,C,2,تجميعات الأحياء 2026 — مفتاح الإجابة في PDF p.36,SOURCE_ANSWER_STRIP_EMBEDDED_TEXT,PASS_SOURCE_KEY
TAH-BIO-BIO26-L06-Q050,BIO26-PDF036-L06-S2-Q050,BIO26-L06,أحياء 1,مدخل إلى الحيوانات,36,2,50,C,2,تجميعات الأحياء 2026 — مفتاح الإجابة في PDF p.36,SOURCE_ANSWER_STRIP_EMBEDDED_TEXT,PASS_SOURCE_KEY
TAH-BIO-BIO26-L06-Q051,BIO26-PDF036-L06-S2-Q051,BIO26-L06,أحياء 1,مدخل إلى الحيوانات,36,2,51,B,1,تجميعات الأحياء 2026 — مفتاح الإجابة في PDF p.36,SOURCE_ANSWER_STRIP_EMBEDDED_TEXT,PASS_SOURCE_KEY
TAH-BIO-BIO26-L06-Q052,BIO26-PDF036-L06-S2-Q052,BIO26-L06,أحياء 1,مدخل إلى الحيوانات,36,2,52,A,0,تجميعات الأحياء 2026 — مفتاح الإجابة في PDF p.36,SOURCE_ANSWER_STRIP_EMBEDDED_TEXT,PASS_SOURCE_KEY
TAH-BIO-BIO26-L06-Q053,BIO26-PDF036-L06-S2-Q053,BIO26-L06,أحياء 1,مدخل إلى الحيوانات,36,2,53,C,2,تجميعات الأحياء 2026 — مفتاح الإجابة في PDF p.36,SOURCE_ANSWER_STRIP_EMBEDDED_TEXT,PASS_SOURCE_KEY
TAH-BIO-BIO26-L06-Q054,BIO26-PDF036-L06-S2-Q054,BIO26-L06,أحياء 1,مدخل إلى الحيوانات,36,2,54,A,0,تجميعات الأحياء 2026 — مفتاح الإجابة في PDF p.36,SOURCE_ANSWER_STRIP_EMBEDDED_TEXT,PASS_SOURCE_KEY
TAH-BIO-BIO26-L06-Q055,BIO26-PDF036-L06-S2-Q055,BIO26-L06,أحياء 1,مدخل إلى الحيوانات,36,2,55,A,0,تجميعات الأحياء 2026 — مفتاح الإجابة في PDF p.36,SOURCE_ANSWER_STRIP_EMBEDDED_TEXT,PASS_SOURCE_KEY
TAH-BIO-BIO26-L06-Q056,BIO26-PDF036-L06-S2-Q056,BIO26-L06,أحياء 1,مدخل إلى الحيوانات,36,2,56,D,3,تجميعات الأحياء 2026 — مفتاح الإجابة في PDF p.36,SOURCE_ANSWER_STRIP_EMBEDDED_TEXT,PASS_SOURCE_KEY
TAH-BIO-BIO26-L06-Q057,BIO26-PDF037-L06-S2-Q057,BIO26-L06,أحياء 1,مدخل إلى الحيوانات,37,2,57,A,0,تجميعات الأحياء 2026 — مفتاح الإجابة في PDF p.37,SOURCE_ANSWER_STRIP_EMBEDDED_TEXT,PASS_SOURCE_KEY
TAH-BIO-BIO26-L06-Q058,BIO26-PDF037-L06-S2-Q058,BIO26-L06,أحياء 1,مدخل إلى الحيوانات,37,2,58,B,1,تجميعات الأحياء 2026 — مفتاح الإجابة في PDF p.37,SOURCE_ANSWER_STRIP_EMBEDDED_TEXT,PASS_SOURCE_KEY
TAH-BIO-BIO26-L06-Q059,BIO26-PDF037-L06-S2-Q059,BIO26-L06,أحياء 1,مدخل إلى الحيوانات,37,2,59,C,2,تجميعات الأحياء 2026 — مفتاح الإجابة في PDF p.37,SOURCE_ANSWER_STRIP_EMBEDDED_TEXT,PASS_SOURCE_KEY
TAH-BIO-BIO26-L06-Q060,BIO26-PDF037-L06-S2-Q060,BIO26-L06,أحياء 1,مدخل إلى الحيوانات,37,2,60,B,1,تجميعات الأحياء 2026 — مفتاح الإجابة في PDF p.37,SOURCE_ANSWER_STRIP_EMBEDDED_TEXT,PASS_SOURCE_KEY
TAH-BIO-BIO26-L06-Q061,BIO26-PDF037-L06-S2-Q061,BIO26-L06,أحياء 1,مدخل إلى الحيوانات,37,2,61,C,2,تجميعات الأحياء 2026 — مفتاح الإجابة في PDF p.37,SOURCE_ANSWER_STRIP_EMBEDDED_TEXT,PASS_SOURCE_KEY
TAH-BIO-BIO26-L06-Q062,BIO26-PDF037-L06-S2-Q062,BIO26-L06,أحياء 1,مدخل إلى الحيوانات,37,2,62,D,3,تجميعات الأحياء 2026 — مفتاح الإجابة في PDF p.37,SOURCE_ANSWER_STRIP_EMBEDDED_TEXT,PASS_SOURCE_KEY
TAH-BIO-BIO26-L06-Q063,BIO26-PDF037-L06-S2-Q063,BIO26-L06,أحياء 1,مدخل إلى الحيوانات,37,2,63,D,3,تجميعات الأحياء 2026 — مفتاح الإجابة في PDF p.37,SOURCE_ANSWER_STRIP_EMBEDDED_TEXT,PASS_SOURCE_KEY
TAH-BIO-BIO26-L06-Q064,BIO26-PDF037-L06-S2-Q064,BIO26-L06,أحياء 1,مدخل إلى الحيوانات,37,2,64,C,2,تجميعات الأحياء 2026 — مفتاح الإجابة في PDF p.37,SOURCE_ANSWER_STRIP_EMBEDDED_TEXT,PASS_SOURCE_KEY
TAH-BIO-BIO26-L06-Q065,BIO26-PDF037-L06-S2-Q065,BIO26-L06,أحياء 1,مدخل إلى الحيوانات,37,2,65,B,1,تجميعات الأحياء 2026 — مفتاح الإجابة في PDF p.37,SOURCE_ANSWER_STRIP_EMBEDDED_TEXT,PASS_SOURCE_KEY
TAH-BIO-BIO26-L06-Q066,BIO26-PDF037-L06-S2-Q066,BIO26-L06,أحياء 1,مدخل إلى الحيوانات,37,2,66,C,2,تجميعات الأحياء 2026 — مفتاح الإجابة في PDF p.37,SOURCE_ANSWER_STRIP_EMBEDDED_TEXT,PASS_SOURCE_KEY
TAH-BIO-BIO26-L06-Q067,BIO26-PDF037-L06-S2-Q067,BIO26-L06,أحياء 1,مدخل إلى الحيوانات,37,2,67,B,1,تجميعات الأحياء 2026 — مفتاح الإجابة في PDF p.37,SOURCE_ANSWER_STRIP_EMBEDDED_TEXT,PASS_SOURCE_KEY
TAH-BIO-BIO26-L06-Q068,BIO26-PDF037-L06-S2-Q068,BIO26-L06,أحياء 1,مدخل إلى الحيوانات,37,2,68,B,1,تجميعات الأحياء 2026 — مفتاح الإجابة في PDF p.37,SOURCE_ANSWER_STRIP_EMBEDDED_TEXT,PASS_SOURCE_KEY
TAH-BIO-BIO26-L06-Q069,BIO26-PDF037-L06-S2-Q069,BIO26-L06,أحياء 1,مدخل إلى الحيوانات,37,2,69,B,1,تجميعات الأحياء 2026 — مفتاح الإجابة في PDF p.37,SOURCE_ANSWER_STRIP_EMBEDDED_TEXT,PASS_SOURCE_KEY
TAH-BIO-BIO26-L06-Q070,BIO26-PDF037-L06-S2-Q070,BIO26-L06,أحياء 1,مدخل إلى الحيوانات,37,2,70,C,2,تجميعات الأحياء 2026 — مفتاح الإجابة في PDF p.37,SOURCE_ANSWER_STRIP_EMBEDDED_TEXT,PASS_SOURCE_KEY
TAH-BIO-BIO26-L06-Q071,BIO26-PDF037-L06-S2-Q071,BIO26-L06,أحياء 1,مدخل إلى الحيوانات,37,2,71,A,0,تجميعات الأحياء 2026 — مفتاح الإجابة في PDF p.37,SOURCE_ANSWER_STRIP_EMBEDDED_TEXT,PASS_SOURCE_KEY
TAH-BIO-BIO26-L06-Q072,BIO26-PDF037-L06-S2-Q072,BIO26-L06,أحياء 1,مدخل إلى الحيوانات,37,2,72,D,3,تجميعات الأحياء 2026 — مفتاح الإجابة في PDF p.37,SOURCE_ANSWER_STRIP_EMBEDDED_TEXT,PASS_SOURCE_KEY
TAH-BIO-BIO26-L06-Q073,BIO26-PDF037-L06-S2-Q073,BIO26-L06,أحياء 1,مدخل إلى الحيوانات,37,2,73,D,3,تجميعات الأحياء 2026 — مفتاح الإجابة في PDF p.37,SOURCE_ANSWER_STRIP_EMBEDDED_TEXT,PASS_SOURCE_KEY
TAH-BIO-BIO26-L06-Q074,BIO26-PDF037-L06-S2-Q074,BIO26-L06,أحياء 1,مدخل إلى الحيوانات,37,2,74,C,2,تجميعات الأحياء 2026 — مفتاح الإجابة في PDF p.37,SOURCE_ANSWER_STRIP_EMBEDDED_TEXT,PASS_SOURCE_KEY
TAH-BIO-BIO26-L07-Q001,BIO26-PDF038-L07-S1-Q001,BIO26-L07,أحياء 1,الديدان والرخويات,38,1,1,B,1,تجميعات الأحياء 2026 — مفتاح الإجابة في PDF p.38,SOURCE_ANSWER_STRIP_EMBEDDED_TEXT,PASS_SOURCE_KEY
TAH-BIO-BIO26-L07-Q002,BIO26-PDF038-L07-S1-Q002,BIO26-L07,أحياء 1,الديدان والرخويات,38,1,2,B,1,تجميعات الأحياء 2026 — مفتاح الإجابة في PDF p.38,SOURCE_ANSWER_STRIP_EMBEDDED_TEXT,PASS_SOURCE_KEY
TAH-BIO-BIO26-L07-Q003,BIO26-PDF038-L07-S1-Q003,BIO26-L07,أحياء 1,الديدان والرخويات,38,1,3,A,0,تجميعات الأحياء 2026 — مفتاح الإجابة في PDF p.38,SOURCE_ANSWER_STRIP_EMBEDDED_TEXT,PASS_SOURCE_KEY
TAH-BIO-BIO26-L07-Q004,BIO26-PDF038-L07-S1-Q004,BIO26-L07,أحياء 1,الديدان والرخويات,38,1,4,D,3,تجميعات الأحياء 2026 — مفتاح الإجابة في PDF p.38,SOURCE_ANSWER_STRIP_EMBEDDED_TEXT,PASS_SOURCE_KEY
TAH-BIO-BIO26-L07-Q005,BIO26-PDF038-L07-S1-Q005,BIO26-L07,أحياء 1,الديدان والرخويات,38,1,5,B,1,تجميعات الأحياء 2026 — مفتاح الإجابة في PDF p.38,SOURCE_ANSWER_STRIP_EMBEDDED_TEXT,PASS_SOURCE_KEY
TAH-BIO-BIO26-L07-Q006,BIO26-PDF038-L07-S1-Q006,BIO26-L07,أحياء 1,الديدان والرخويات,38,1,6,C,2,تجميعات الأحياء 2026 — مفتاح الإجابة في PDF p.38,SOURCE_ANSWER_STRIP_EMBEDDED_TEXT,PASS_SOURCE_KEY
TAH-BIO-BIO26-L07-Q007,BIO26-PDF038-L07-S1-Q007,BIO26-L07,أحياء 1,الديدان والرخويات,38,1,7,B,1,تجميعات الأحياء 2026 — مفتاح الإجابة في PDF p.38,SOURCE_ANSWER_STRIP_EMBEDDED_TEXT,PASS_SOURCE_KEY
TAH-BIO-BIO26-L07-Q008,BIO26-PDF038-L07-S1-Q008,BIO26-L07,أحياء 1,الديدان والرخويات,38,1,8,A,0,تجميعات الأحياء 2026 — مفتاح الإجابة في PDF p.38,SOURCE_ANSWER_STRIP_EMBEDDED_TEXT,PASS_SOURCE_KEY
TAH-BIO-BIO26-L07-Q009,BIO26-PDF038-L07-S1-Q009,BIO26-L07,أحياء 1,الديدان والرخويات,38,1,9,C,2,تجميعات الأحياء 2026 — مفتاح الإجابة في PDF p.38,SOURCE_ANSWER_STRIP_EMBEDDED_TEXT,PASS_SOURCE_KEY
TAH-BIO-BIO26-L07-Q010,BIO26-PDF038-L07-S1-Q010,BIO26-L07,أحياء 1,الديدان والرخويات,38,1,10,C,2,تجميعات الأحياء 2026 — مفتاح الإجابة في PDF p.38,SOURCE_ANSWER_STRIP_EMBEDDED_TEXT,PASS_SOURCE_KEY
TAH-BIO-BIO26-L07-Q011,BIO26-PDF038-L07-S1-Q011,BIO26-L07,أحياء 1,الديدان والرخويات,38,1,11,A,0,تجميعات الأحياء 2026 — مفتاح الإجابة في PDF p.38,SOURCE_ANSWER_STRIP_EMBEDDED_TEXT,PASS_SOURCE_KEY
TAH-BIO-BIO26-L07-Q012,BIO26-PDF038-L07-S1-Q012,BIO26-L07,أحياء 1,الديدان والرخويات,38,1,12,D,3,تجميعات الأحياء 2026 — مفتاح الإجابة في PDF p.38,SOURCE_ANSWER_STRIP_EMBEDDED_TEXT,PASS_SOURCE_KEY
TAH-BIO-BIO26-L07-Q013,BIO26-PDF038-L07-S1-Q013,BIO26-L07,أحياء 1,الديدان والرخويات,38,1,13,A,0,تجميعات الأحياء 2026 — مفتاح الإجابة في PDF p.38,SOURCE_ANSWER_STRIP_EMBEDDED_TEXT,PASS_SOURCE_KEY
TAH-BIO-BIO26-L07-Q014,BIO26-PDF038-L07-S1-Q014,BIO26-L07,أحياء 1,الديدان والرخويات,38,1,14,C,2,تجميعات الأحياء 2026 — مفتاح الإجابة في PDF p.38,SOURCE_ANSWER_STRIP_EMBEDDED_TEXT,PASS_SOURCE_KEY
TAH-BIO-BIO26-L07-Q015,BIO26-PDF038-L07-S1-Q015,BIO26-L07,أحياء 1,الديدان والرخويات,38,1,15,A,0,تجميعات الأحياء 2026 — مفتاح الإجابة في PDF p.38,SOURCE_ANSWER_STRIP_EMBEDDED_TEXT,PASS_SOURCE_KEY
TAH-BIO-BIO26-L07-Q016,BIO26-PDF038-L07-S1-Q016,BIO26-L07,أحياء 1,الديدان والرخويات,38,1,16,C,2,تجميعات الأحياء 2026 — مفتاح الإجابة في PDF p.38,SOURCE_ANSWER_STRIP_EMBEDDED_TEXT,PASS_SOURCE_KEY
TAH-BIO-BIO26-L07-Q017,BIO26-PDF039-L07-S1-Q017,BIO26-L07,أحياء 1,الديدان والرخويات,39,1,17,D,3,تجميعات الأحياء 2026 — مفتاح الإجابة في PDF p.39,SOURCE_ANSWER_STRIP_EMBEDDED_TEXT,PASS_SOURCE_KEY
TAH-BIO-BIO26-L07-Q018,BIO26-PDF039-L07-S1-Q018,BIO26-L07,أحياء 1,الديدان والرخويات,39,1,18,C,2,تجميعات الأحياء 2026 — مفتاح الإجابة في PDF p.39,SOURCE_ANSWER_STRIP_EMBEDDED_TEXT,PASS_SOURCE_KEY
TAH-BIO-BIO26-L07-Q019,BIO26-PDF039-L07-S1-Q019,BIO26-L07,أحياء 1,الديدان والرخويات,39,1,19,A,0,تجميعات الأحياء 2026 — مفتاح الإجابة في PDF p.39,SOURCE_ANSWER_STRIP_EMBEDDED_TEXT,PASS_SOURCE_KEY
TAH-BIO-BIO26-L07-Q020,BIO26-PDF039-L07-S1-Q020,BIO26-L07,أحياء 1,الديدان والرخويات,39,1,20,C,2,تجميعات الأحياء 2026 — مفتاح الإجابة في PDF p.39,SOURCE_ANSWER_STRIP_EMBEDDED_TEXT,PASS_SOURCE_KEY
TAH-BIO-BIO26-L07-Q021,BIO26-PDF039-L07-S1-Q021,BIO26-L07,أحياء 1,الديدان والرخويات,39,1,21,A,0,تجميعات الأحياء 2026 — مفتاح الإجابة في PDF p.39,SOURCE_ANSWER_STRIP_EMBEDDED_TEXT,PASS_SOURCE_KEY
TAH-BIO-BIO26-L07-Q022,BIO26-PDF039-L07-S1-Q022,BIO26-L07,أحياء 1,الديدان والرخويات,39,1,22,B,1,تجميعات الأحياء 2026 — مفتاح الإجابة في PDF p.39,SOURCE_ANSWER_STRIP_EMBEDDED_TEXT,PASS_SOURCE_KEY
TAH-BIO-BIO26-L07-Q023,BIO26-PDF039-L07-S1-Q023,BIO26-L07,أحياء 1,الديدان والرخويات,39,1,23,B,1,تجميعات الأحياء 2026 — مفتاح الإجابة في PDF p.39,SOURCE_ANSWER_STRIP_EMBEDDED_TEXT,PASS_SOURCE_KEY
TAH-BIO-BIO26-L07-Q024,BIO26-PDF039-L07-S1-Q024,BIO26-L07,أحياء 1,الديدان والرخويات,39,1,24,C,2,تجميعات الأحياء 2026 — مفتاح الإجابة في PDF p.39,SOURCE_ANSWER_STRIP_EMBEDDED_TEXT,PASS_SOURCE_KEY
TAH-BIO-BIO26-L07-Q025,BIO26-PDF039-L07-S1-Q025,BIO26-L07,أحياء 1,الديدان والرخويات,39,1,25,D,3,تجميعات الأحياء 2026 — مفتاح الإجابة في PDF p.39,SOURCE_ANSWER_STRIP_EMBEDDED_TEXT,PASS_SOURCE_KEY
TAH-BIO-BIO26-L07-Q026,BIO26-PDF039-L07-S1-Q026,BIO26-L07,أحياء 1,الديدان والرخويات,39,1,26,A,0,تجميعات الأحياء 2026 — مفتاح الإجابة في PDF p.39,SOURCE_ANSWER_STRIP_EMBEDDED_TEXT,PASS_SOURCE_KEY
TAH-BIO-BIO26-L07-Q027,BIO26-PDF039-L07-S1-Q027,BIO26-L07,أحياء 1,الديدان والرخويات,39,1,27,B,1,تجميعات الأحياء 2026 — مفتاح الإجابة في PDF p.39,SOURCE_ANSWER_STRIP_EMBEDDED_TEXT,PASS_SOURCE_KEY
TAH-BIO-BIO26-L07-Q028,BIO26-PDF039-L07-S1-Q028,BIO26-L07,أحياء 1,الديدان والرخويات,39,1,28,A,0,تجميعات الأحياء 2026 — مفتاح الإجابة في PDF p.39,SOURCE_ANSWER_STRIP_EMBEDDED_TEXT,PASS_SOURCE_KEY
TAH-BIO-BIO26-L07-Q029,BIO26-PDF039-L07-S1-Q029,BIO26-L07,أحياء 1,الديدان والرخويات,39,1,29,D,3,تجميعات الأحياء 2026 — مفتاح الإجابة في PDF p.39,SOURCE_ANSWER_STRIP_EMBEDDED_TEXT,PASS_SOURCE_KEY
TAH-BIO-BIO26-L07-Q030,BIO26-PDF039-L07-S1-Q030,BIO26-L07,أحياء 1,الديدان والرخويات,39,1,30,B,1,تجميعات الأحياء 2026 — مفتاح الإجابة في PDF p.39,SOURCE_ANSWER_STRIP_EMBEDDED_TEXT,PASS_SOURCE_KEY
TAH-BIO-BIO26-L07-Q031,BIO26-PDF039-L07-S1-Q031,BIO26-L07,أحياء 1,الديدان والرخويات,39,1,31,B,1,تجميعات الأحياء 2026 — مفتاح الإجابة في PDF p.39,SOURCE_ANSWER_STRIP_EMBEDDED_TEXT,PASS_SOURCE_KEY
TAH-BIO-BIO26-L07-Q032,BIO26-PDF040-L07-S1-Q032,BIO26-L07,أحياء 1,الديدان والرخويات,40,1,32,A,0,تجميعات الأحياء 2026 — مفتاح الإجابة في PDF p.40,SOURCE_ANSWER_STRIP_EMBEDDED_TEXT,PASS_SOURCE_KEY
TAH-BIO-BIO26-L07-Q033,BIO26-PDF040-L07-S1-Q033,BIO26-L07,أحياء 1,الديدان والرخويات,40,1,33,C,2,تجميعات الأحياء 2026 — مفتاح الإجابة في PDF p.40,SOURCE_ANSWER_STRIP_EMBEDDED_TEXT,PASS_SOURCE_KEY
TAH-BIO-BIO26-L07-Q034,BIO26-PDF040-L07-S1-Q034,BIO26-L07,أحياء 1,الديدان والرخويات,40,1,34,B,1,تجميعات الأحياء 2026 — مفتاح الإجابة في PDF p.40,SOURCE_ANSWER_STRIP_EMBEDDED_TEXT,PASS_SOURCE_KEY
TAH-BIO-BIO26-L07-Q035,BIO26-PDF040-L07-S1-Q035,BIO26-L07,أحياء 1,الديدان والرخويات,40,1,35,D,3,تجميعات الأحياء 2026 — مفتاح الإجابة في PDF p.40,SOURCE_ANSWER_STRIP_EMBEDDED_TEXT,PASS_SOURCE_KEY
TAH-BIO-BIO26-L07-Q036,BIO26-PDF040-L07-S1-Q036,BIO26-L07,أحياء 1,الديدان والرخويات,40,1,36,C,2,تجميعات الأحياء 2026 — مفتاح الإجابة في PDF p.40,SOURCE_ANSWER_STRIP_EMBEDDED_TEXT,PASS_SOURCE_KEY
TAH-BIO-BIO26-L07-Q037,BIO26-PDF040-L07-S1-Q037,BIO26-L07,أحياء 1,الديدان والرخويات,40,1,37,B,1,تجميعات الأحياء 2026 — مفتاح الإجابة في PDF p.40,SOURCE_ANSWER_STRIP_EMBEDDED_TEXT,PASS_SOURCE_KEY
TAH-BIO-BIO26-L07-Q038,BIO26-PDF040-L07-S1-Q038,BIO26-L07,أحياء 1,الديدان والرخويات,40,1,38,C,2,تجميعات الأحياء 2026 — مفتاح الإجابة في PDF p.40,SOURCE_ANSWER_STRIP_EMBEDDED_TEXT,PASS_SOURCE_KEY
TAH-BIO-BIO26-L07-Q039,BIO26-PDF040-L07-S1-Q039,BIO26-L07,أحياء 1,الديدان والرخويات,40,1,39,A,0,تجميعات الأحياء 2026 — مفتاح الإجابة في PDF p.40,SOURCE_ANSWER_STRIP_EMBEDDED_TEXT,PASS_SOURCE_KEY
TAH-BIO-BIO26-L07-Q040,BIO26-PDF040-L07-S1-Q040,BIO26-L07,أحياء 1,الديدان والرخويات,40,1,40,B,1,تجميعات الأحياء 2026 — مفتاح الإجابة في PDF p.40,SOURCE_ANSWER_STRIP_EMBEDDED_TEXT,PASS_SOURCE_KEY
TAH-BIO-BIO26-L07-Q041,BIO26-PDF041-L07-S2-Q041,BIO26-L07,أحياء 1,الديدان والرخويات,41,2,41,C,2,تجميعات الأحياء 2026 — مفتاح الإجابة في PDF p.41,SOURCE_ANSWER_STRIP_EMBEDDED_TEXT,PASS_SOURCE_KEY
TAH-BIO-BIO26-L07-Q042,BIO26-PDF041-L07-S2-Q042,BIO26-L07,أحياء 1,الديدان والرخويات,41,2,42,A,0,تجميعات الأحياء 2026 — مفتاح الإجابة في PDF p.41,SOURCE_ANSWER_STRIP_EMBEDDED_TEXT,PASS_SOURCE_KEY
TAH-BIO-BIO26-L07-Q043,BIO26-PDF041-L07-S2-Q043,BIO26-L07,أحياء 1,الديدان والرخويات,41,2,43,A,0,تجميعات الأحياء 2026 — مفتاح الإجابة في PDF p.41,SOURCE_ANSWER_STRIP_EMBEDDED_TEXT,PASS_SOURCE_KEY
TAH-BIO-BIO26-L07-Q044,BIO26-PDF041-L07-S2-Q044,BIO26-L07,أحياء 1,الديدان والرخويات,41,2,44,D,3,تجميعات الأحياء 2026 — مفتاح الإجابة في PDF p.41,SOURCE_ANSWER_STRIP_EMBEDDED_TEXT,PASS_SOURCE_KEY
TAH-BIO-BIO26-L07-Q045,BIO26-PDF041-L07-S2-Q045,BIO26-L07,أحياء 1,الديدان والرخويات,41,2,45,D,3,تجميعات الأحياء 2026 — مفتاح الإجابة في PDF p.41,SOURCE_ANSWER_STRIP_EMBEDDED_TEXT,PASS_SOURCE_KEY
TAH-BIO-BIO26-L07-Q046,BIO26-PDF041-L07-S2-Q046,BIO26-L07,أحياء 1,الديدان والرخويات,41,2,46,B,1,تجميعات الأحياء 2026 — مفتاح الإجابة في PDF p.41,SOURCE_ANSWER_STRIP_EMBEDDED_TEXT,PASS_SOURCE_KEY
TAH-BIO-BIO26-L07-Q047,BIO26-PDF041-L07-S2-Q047,BIO26-L07,أحياء 1,الديدان والرخويات,41,2,47,A,0,تجميعات الأحياء 2026 — مفتاح الإجابة في PDF p.41,SOURCE_ANSWER_STRIP_EMBEDDED_TEXT,PASS_SOURCE_KEY
TAH-BIO-BIO26-L07-Q048,BIO26-PDF041-L07-S2-Q048,BIO26-L07,أحياء 1,الديدان والرخويات,41,2,48,B,1,تجميعات الأحياء 2026 — مفتاح الإجابة في PDF p.41,SOURCE_ANSWER_STRIP_EMBEDDED_TEXT,PASS_SOURCE_KEY
TAH-BIO-BIO26-L07-Q049,BIO26-PDF041-L07-S2-Q049,BIO26-L07,أحياء 1,الديدان والرخويات,41,2,49,C,2,تجميعات الأحياء 2026 — مفتاح الإجابة في PDF p.41,SOURCE_ANSWER_STRIP_EMBEDDED_TEXT,PASS_SOURCE_KEY
TAH-BIO-BIO26-L07-Q050,BIO26-PDF041-L07-S2-Q050,BIO26-L07,أحياء 1,الديدان والرخويات,41,2,50,A,0,تجميعات الأحياء 2026 — مفتاح الإجابة في PDF p.41,SOURCE_ANSWER_STRIP_EMBEDDED_TEXT,PASS_SOURCE_KEY
TAH-BIO-BIO26-L07-Q051,BIO26-PDF041-L07-S2-Q051,BIO26-L07,أحياء 1,الديدان والرخويات,41,2,51,D,3,تجميعات الأحياء 2026 — مفتاح الإجابة في PDF p.41,SOURCE_ANSWER_STRIP_EMBEDDED_TEXT,PASS_SOURCE_KEY
TAH-BIO-BIO26-L07-Q052,BIO26-PDF041-L07-S2-Q052,BIO26-L07,أحياء 1,الديدان والرخويات,41,2,52,C,2,تجميعات الأحياء 2026 — مفتاح الإجابة في PDF p.41,SOURCE_ANSWER_STRIP_EMBEDDED_TEXT,PASS_SOURCE_KEY
TAH-BIO-BIO26-L07-Q053,BIO26-PDF041-L07-S2-Q053,BIO26-L07,أحياء 1,الديدان والرخويات,41,2,53,A,0,تجميعات الأحياء 2026 — مفتاح الإجابة في PDF p.41,SOURCE_ANSWER_STRIP_EMBEDDED_TEXT,PASS_SOURCE_KEY
TAH-BIO-BIO26-L07-Q054,BIO26-PDF041-L07-S2-Q054,BIO26-L07,أحياء 1,الديدان والرخويات,41,2,54,C,2,تجميعات الأحياء 2026 — مفتاح الإجابة في PDF p.41,SOURCE_ANSWER_STRIP_EMBEDDED_TEXT,PASS_SOURCE_KEY
TAH-BIO-BIO26-L07-Q055,BIO26-PDF041-L07-S2-Q055,BIO26-L07,أحياء 1,الديدان والرخويات,41,2,55,D,3,تجميعات الأحياء 2026 — مفتاح الإجابة في PDF p.41,SOURCE_ANSWER_STRIP_EMBEDDED_TEXT,PASS_SOURCE_KEY
TAH-BIO-BIO26-L07-Q056,BIO26-PDF041-L07-S2-Q056,BIO26-L07,أحياء 1,الديدان والرخويات,41,2,56,A,0,تجميعات الأحياء 2026 — مفتاح الإجابة في PDF p.41,SOURCE_ANSWER_STRIP_EMBEDDED_TEXT,PASS_SOURCE_KEY
TAH-BIO-BIO26-L07-Q057,BIO26-PDF041-L07-S2-Q057,BIO26-L07,أحياء 1,الديدان والرخويات,41,2,57,D,3,تجميعات الأحياء 2026 — مفتاح الإجابة في PDF p.41,SOURCE_ANSWER_STRIP_EMBEDDED_TEXT,PASS_SOURCE_KEY
TAH-BIO-BIO26-L07-Q058,BIO26-PDF041-L07-S2-Q058,BIO26-L07,أحياء 1,الديدان والرخويات,41,2,58,B,1,تجميعات الأحياء 2026 — مفتاح الإجابة في PDF p.41,SOURCE_ANSWER_STRIP_EMBEDDED_TEXT,PASS_SOURCE_KEY
TAH-BIO-BIO26-L07-Q059,BIO26-PDF042-L07-S2-Q059,BIO26-L07,أحياء 1,الديدان والرخويات,42,2,59,B,1,تجميعات الأحياء 2026 — مفتاح الإجابة في PDF p.42,SOURCE_ANSWER_STRIP_EMBEDDED_TEXT,PASS_SOURCE_KEY
TAH-BIO-BIO26-L07-Q060,BIO26-PDF042-L07-S2-Q060,BIO26-L07,أحياء 1,الديدان والرخويات,42,2,60,A,0,تجميعات الأحياء 2026 — مفتاح الإجابة في PDF p.42,SOURCE_ANSWER_STRIP_EMBEDDED_TEXT,PASS_SOURCE_KEY
TAH-BIO-BIO26-L07-Q061,BIO26-PDF042-L07-S2-Q061,BIO26-L07,أحياء 1,الديدان والرخويات,42,2,61,A,0,تجميعات الأحياء 2026 — مفتاح الإجابة في PDF p.42,SOURCE_ANSWER_STRIP_EMBEDDED_TEXT,PASS_SOURCE_KEY
TAH-BIO-BIO26-L07-Q062,BIO26-PDF042-L07-S2-Q062,BIO26-L07,أحياء 1,الديدان والرخويات,42,2,62,D,3,تجميعات الأحياء 2026 — مفتاح الإجابة في PDF p.42,SOURCE_ANSWER_STRIP_EMBEDDED_TEXT,PASS_SOURCE_KEY
TAH-BIO-BIO26-L07-Q063,BIO26-PDF042-L07-S2-Q063,BIO26-L07,أحياء 1,الديدان والرخويات,42,2,63,A,0,تجميعات الأحياء 2026 — مفتاح الإجابة في PDF p.42,SOURCE_ANSWER_STRIP_EMBEDDED_TEXT,PASS_SOURCE_KEY
TAH-BIO-BIO26-L07-Q064,BIO26-PDF042-L07-S2-Q064,BIO26-L07,أحياء 1,الديدان والرخويات,42,2,64,B,1,تجميعات الأحياء 2026 — مفتاح الإجابة في PDF p.42,SOURCE_ANSWER_STRIP_EMBEDDED_TEXT,PASS_SOURCE_KEY
TAH-BIO-BIO26-L07-Q065,BIO26-PDF042-L07-S2-Q065,BIO26-L07,أحياء 1,الديدان والرخويات,42,2,65,A,0,تجميعات الأحياء 2026 — مفتاح الإجابة في PDF p.42,SOURCE_ANSWER_STRIP_EMBEDDED_TEXT,PASS_SOURCE_KEY
TAH-BIO-BIO26-L07-Q066,BIO26-PDF042-L07-S2-Q066,BIO26-L07,أحياء 1,الديدان والرخويات,42,2,66,A,0,تجميعات الأحياء 2026 — مفتاح الإجابة في PDF p.42,SOURCE_ANSWER_STRIP_EMBEDDED_TEXT,PASS_SOURCE_KEY
TAH-BIO-BIO26-L07-Q067,BIO26-PDF042-L07-S2-Q067,BIO26-L07,أحياء 1,الديدان والرخويات,42,2,67,D,3,تجميعات الأحياء 2026 — مفتاح الإجابة في PDF p.42,SOURCE_ANSWER_STRIP_EMBEDDED_TEXT,PASS_SOURCE_KEY
TAH-BIO-BIO26-L07-Q068,BIO26-PDF042-L07-S2-Q068,BIO26-L07,أحياء 1,الديدان والرخويات,42,2,68,B,1,تجميعات الأحياء 2026 — مفتاح الإجابة في PDF p.42,SOURCE_ANSWER_STRIP_EMBEDDED_TEXT,PASS_SOURCE_KEY
TAH-BIO-BIO26-L07-Q069,BIO26-PDF042-L07-S2-Q069,BIO26-L07,أحياء 1,الديدان والرخويات,42,2,69,A,0,تجميعات الأحياء 2026 — مفتاح الإجابة في PDF p.42,SOURCE_ANSWER_STRIP_EMBEDDED_TEXT,PASS_SOURCE_KEY
TAH-BIO-BIO26-L07-Q070,BIO26-PDF042-L07-S2-Q070,BIO26-L07,أحياء 1,الديدان والرخويات,42,2,70,A,0,تجميعات الأحياء 2026 — مفتاح الإجابة في PDF p.42,SOURCE_ANSWER_STRIP_EMBEDDED_TEXT,PASS_SOURCE_KEY
TAH-BIO-BIO26-L07-Q071,BIO26-PDF042-L07-S2-Q071,BIO26-L07,أحياء 1,الديدان والرخويات,42,2,71,B,1,تجميعات الأحياء 2026 — مفتاح الإجابة في PDF p.42,SOURCE_ANSWER_STRIP_EMBEDDED_TEXT,PASS_SOURCE_KEY
TAH-BIO-BIO26-L07-Q072,BIO26-PDF042-L07-S2-Q072,BIO26-L07,أحياء 1,الديدان والرخويات,42,2,72,A,0,تجميعات الأحياء 2026 — مفتاح الإجابة في PDF p.42,SOURCE_ANSWER_STRIP_EMBEDDED_TEXT,PASS_SOURCE_KEY
TAH-BIO-BIO26-L07-Q073,BIO26-PDF042-L07-S2-Q073,BIO26-L07,أحياء 1,الديدان والرخويات,42,2,73,C,2,تجميعات الأحياء 2026 — مفتاح الإجابة في PDF p.42,SOURCE_ANSWER_STRIP_EMBEDDED_TEXT,PASS_SOURCE_KEY
TAH-BIO-BIO26-L07-Q074,BIO26-PDF042-L07-S2-Q074,BIO26-L07,أحياء 1,الديدان والرخويات,42,2,74,C,2,تجميعات الأحياء 2026 — مفتاح الإجابة في PDF p.42,SOURCE_ANSWER_STRIP_EMBEDDED_TEXT,PASS_SOURCE_KEY
TAH-BIO-BIO26-L07-Q075,BIO26-PDF042-L07-S2-Q075,BIO26-L07,أحياء 1,الديدان والرخويات,42,2,75,A,0,تجميعات الأحياء 2026 — مفتاح الإجابة في PDF p.42,SOURCE_ANSWER_STRIP_EMBEDDED_TEXT,PASS_SOURCE_KEY
TAH-BIO-BIO26-L07-Q076,BIO26-PDF042-L07-S2-Q076,BIO26-L07,أحياء 1,الديدان والرخويات,42,2,76,A,0,تجميعات الأحياء 2026 — مفتاح الإجابة في PDF p.42,SOURCE_ANSWER_STRIP_EMBEDDED_TEXT,PASS_SOURCE_KEY
TAH-BIO-BIO26-L07-Q077,BIO26-PDF043-L07-S2-Q077,BIO26-L07,أحياء 1,الديدان والرخويات,43,2,77,A,0,تجميعات الأحياء 2026 — مفتاح الإجابة في PDF p.43,SOURCE_ANSWER_STRIP_EMBEDDED_TEXT,PASS_SOURCE_KEY
TAH-BIO-BIO26-L07-Q078,BIO26-PDF043-L07-S2-Q078,BIO26-L07,أحياء 1,الديدان والرخويات,43,2,78,B,1,تجميعات الأحياء 2026 — مفتاح الإجابة في PDF p.43,SOURCE_ANSWER_STRIP_EMBEDDED_TEXT,PASS_SOURCE_KEY
TAH-BIO-BIO26-L07-Q079,BIO26-PDF043-L07-S2-Q079,BIO26-L07,أحياء 1,الديدان والرخويات,43,2,79,A,0,تجميعات الأحياء 2026 — مفتاح الإجابة في PDF p.43,SOURCE_ANSWER_STRIP_EMBEDDED_TEXT,PASS_SOURCE_KEY
TAH-BIO-BIO26-L07-Q080,BIO26-PDF043-L07-S2-Q080,BIO26-L07,أحياء 1,الديدان والرخويات,43,2,80,C,2,تجميعات الأحياء 2026 — مفتاح الإجابة في PDF p.43,SOURCE_ANSWER_STRIP_EMBEDDED_TEXT,PASS_SOURCE_KEY
TAH-BIO-BIO26-L07-Q081,BIO26-PDF043-L07-S2-Q081,BIO26-L07,أحياء 1,الديدان والرخويات,43,2,81,D,3,تجميعات الأحياء 2026 — مفتاح الإجابة في PDF p.43,SOURCE_ANSWER_STRIP_EMBEDDED_TEXT,PASS_SOURCE_KEY
TAH-BIO-BIO26-L07-Q082,BIO26-PDF043-L07-S2-Q082,BIO26-L07,أحياء 1,الديدان والرخويات,43,2,82,C,2,تجميعات الأحياء 2026 — مفتاح الإجابة في PDF p.43,SOURCE_ANSWER_STRIP_EMBEDDED_TEXT,PASS_SOURCE_KEY
TAH-BIO-BIO26-L07-Q083,BIO26-PDF043-L07-S2-Q083,BIO26-L07,أحياء 1,الديدان والرخويات,43,2,83,A,0,تجميعات الأحياء 2026 — مفتاح الإجابة في PDF p.43,SOURCE_ANSWER_STRIP_EMBEDDED_TEXT,PASS_SOURCE_KEY
TAH-BIO-BIO26-L07-Q084,BIO26-PDF043-L07-S2-Q084,BIO26-L07,أحياء 1,الديدان والرخويات,43,2,84,C,2,تجميعات الأحياء 2026 — مفتاح الإجابة في PDF p.43,SOURCE_ANSWER_STRIP_EMBEDDED_TEXT,PASS_SOURCE_KEY
TAH-BIO-BIO26-L07-Q085,BIO26-PDF043-L07-S2-Q085,BIO26-L07,أحياء 1,الديدان والرخويات,43,2,85,C,2,تجميعات الأحياء 2026 — مفتاح الإجابة في PDF p.43,SOURCE_ANSWER_STRIP_EMBEDDED_TEXT,PASS_SOURCE_KEY
TAH-BIO-BIO26-L07-Q086,BIO26-PDF043-L07-S2-Q086,BIO26-L07,أحياء 1,الديدان والرخويات,43,2,86,D,3,تجميعات الأحياء 2026 — مفتاح الإجابة في PDF p.43,SOURCE_ANSWER_STRIP_EMBEDDED_TEXT,PASS_SOURCE_KEY
TAH-BIO-BIO26-L07-Q087,BIO26-PDF043-L07-S2-Q087,BIO26-L07,أحياء 1,الديدان والرخويات,43,2,87,C,2,تجميعات الأحياء 2026 — مفتاح الإجابة في PDF p.43,SOURCE_ANSWER_STRIP_EMBEDDED_TEXT,PASS_SOURCE_KEY
TAH-BIO-BIO26-L07-Q088,BIO26-PDF043-L07-S2-Q088,BIO26-L07,أحياء 1,الديدان والرخويات,43,2,88,A,0,تجميعات الأحياء 2026 — مفتاح الإجابة في PDF p.43,SOURCE_ANSWER_STRIP_EMBEDDED_TEXT,PASS_SOURCE_KEY
TAH-BIO-BIO26-L07-Q089,BIO26-PDF043-L07-S2-Q089,BIO26-L07,أحياء 1,الديدان والرخويات,43,2,89,C,2,تجميعات الأحياء 2026 — مفتاح الإجابة في PDF p.43,SOURCE_ANSWER_STRIP_EMBEDDED_TEXT,PASS_SOURCE_KEY
TAH-BIO-BIO26-L07-Q090,BIO26-PDF043-L07-S2-Q090,BIO26-L07,أحياء 1,الديدان والرخويات,43,2,90,C,2,تجميعات الأحياء 2026 — مفتاح الإجابة في PDF p.43,SOURCE_ANSWER_STRIP_EMBEDDED_TEXT,PASS_SOURCE_KEY
TAH-BIO-BIO26-L08-Q001,BIO26-PDF044-L08-S1-Q001,BIO26-L08,أحياء 1,المفصليات,44,1,1,C,2,تجميعات الأحياء 2026 — مفتاح الإجابة في PDF p.44,SOURCE_ANSWER_STRIP_EMBEDDED_TEXT,PASS_SOURCE_KEY
TAH-BIO-BIO26-L08-Q002,BIO26-PDF044-L08-S1-Q002,BIO26-L08,أحياء 1,المفصليات,44,1,2,B,1,تجميعات الأحياء 2026 — مفتاح الإجابة في PDF p.44,SOURCE_ANSWER_STRIP_EMBEDDED_TEXT,PASS_SOURCE_KEY
TAH-BIO-BIO26-L08-Q003,BIO26-PDF044-L08-S1-Q003,BIO26-L08,أحياء 1,المفصليات,44,1,3,A,0,تجميعات الأحياء 2026 — مفتاح الإجابة في PDF p.44,SOURCE_ANSWER_STRIP_EMBEDDED_TEXT,PASS_SOURCE_KEY
TAH-BIO-BIO26-L08-Q004,BIO26-PDF044-L08-S1-Q004,BIO26-L08,أحياء 1,المفصليات,44,1,4,A,0,تجميعات الأحياء 2026 — مفتاح الإجابة في PDF p.44,SOURCE_ANSWER_STRIP_EMBEDDED_TEXT,PASS_SOURCE_KEY
TAH-BIO-BIO26-L08-Q005,BIO26-PDF044-L08-S1-Q005,BIO26-L08,أحياء 1,المفصليات,44,1,5,A,0,تجميعات الأحياء 2026 — مفتاح الإجابة في PDF p.44,SOURCE_ANSWER_STRIP_EMBEDDED_TEXT,PASS_SOURCE_KEY
TAH-BIO-BIO26-L08-Q006,BIO26-PDF044-L08-S1-Q006,BIO26-L08,أحياء 1,المفصليات,44,1,6,A,0,تجميعات الأحياء 2026 — مفتاح الإجابة في PDF p.44,SOURCE_ANSWER_STRIP_EMBEDDED_TEXT,PASS_SOURCE_KEY
TAH-BIO-BIO26-L08-Q007,BIO26-PDF044-L08-S1-Q007,BIO26-L08,أحياء 1,المفصليات,44,1,7,D,3,تجميعات الأحياء 2026 — مفتاح الإجابة في PDF p.44,SOURCE_ANSWER_STRIP_EMBEDDED_TEXT,PASS_SOURCE_KEY
TAH-BIO-BIO26-L08-Q008,BIO26-PDF044-L08-S1-Q008,BIO26-L08,أحياء 1,المفصليات,44,1,8,C,2,تجميعات الأحياء 2026 — مفتاح الإجابة في PDF p.44,SOURCE_ANSWER_STRIP_EMBEDDED_TEXT,PASS_SOURCE_KEY
TAH-BIO-BIO26-L08-Q009,BIO26-PDF044-L08-S1-Q009,BIO26-L08,أحياء 1,المفصليات,44,1,9,C,2,تجميعات الأحياء 2026 — مفتاح الإجابة في PDF p.44,SOURCE_ANSWER_STRIP_EMBEDDED_TEXT,PASS_SOURCE_KEY
TAH-BIO-BIO26-L08-Q010,BIO26-PDF044-L08-S1-Q010,BIO26-L08,أحياء 1,المفصليات,44,1,10,C,2,تجميعات الأحياء 2026 — مفتاح الإجابة في PDF p.44,SOURCE_ANSWER_STRIP_EMBEDDED_TEXT,PASS_SOURCE_KEY
TAH-BIO-BIO26-L08-Q011,BIO26-PDF044-L08-S1-Q011,BIO26-L08,أحياء 1,المفصليات,44,1,11,C,2,تجميعات الأحياء 2026 — مفتاح الإجابة في PDF p.44,SOURCE_ANSWER_STRIP_EMBEDDED_TEXT,PASS_SOURCE_KEY
TAH-BIO-BIO26-L08-Q012,BIO26-PDF044-L08-S1-Q012,BIO26-L08,أحياء 1,المفصليات,44,1,12,A,0,تجميعات الأحياء 2026 — مفتاح الإجابة في PDF p.44,SOURCE_ANSWER_STRIP_EMBEDDED_TEXT,PASS_SOURCE_KEY
TAH-BIO-BIO26-L08-Q013,BIO26-PDF044-L08-S1-Q013,BIO26-L08,أحياء 1,المفصليات,44,1,13,A,0,تجميعات الأحياء 2026 — مفتاح الإجابة في PDF p.44,SOURCE_ANSWER_STRIP_EMBEDDED_TEXT,PASS_SOURCE_KEY
TAH-BIO-BIO26-L08-Q014,BIO26-PDF044-L08-S1-Q014,BIO26-L08,أحياء 1,المفصليات,44,1,14,A,0,تجميعات الأحياء 2026 — مفتاح الإجابة في PDF p.44,SOURCE_ANSWER_STRIP_EMBEDDED_TEXT,PASS_SOURCE_KEY
TAH-BIO-BIO26-L08-Q015,BIO26-PDF044-L08-S1-Q015,BIO26-L08,أحياء 1,المفصليات,44,1,15,C,2,تجميعات الأحياء 2026 — مفتاح الإجابة في PDF p.44,SOURCE_ANSWER_STRIP_EMBEDDED_TEXT,PASS_SOURCE_KEY
TAH-BIO-BIO26-L08-Q016,BIO26-PDF044-L08-S1-Q016,BIO26-L08,أحياء 1,المفصليات,44,1,16,B,1,تجميعات الأحياء 2026 — مفتاح الإجابة في PDF p.44,SOURCE_ANSWER_STRIP_EMBEDDED_TEXT,PASS_SOURCE_KEY
TAH-BIO-BIO26-L08-Q017,BIO26-PDF044-L08-S1-Q017,BIO26-L08,أحياء 1,المفصليات,44,1,17,D,3,تجميعات الأحياء 2026 — مفتاح الإجابة في PDF p.44,SOURCE_ANSWER_STRIP_EMBEDDED_TEXT,PASS_SOURCE_KEY
TAH-BIO-BIO26-L08-Q018,BIO26-PDF045-L08-S1-Q018,BIO26-L08,أحياء 1,المفصليات,45,1,18,D,3,تجميعات الأحياء 2026 — مفتاح الإجابة في PDF p.45,SOURCE_ANSWER_STRIP_EMBEDDED_TEXT,PASS_SOURCE_KEY
TAH-BIO-BIO26-L08-Q019,BIO26-PDF045-L08-S1-Q019,BIO26-L08,أحياء 1,المفصليات,45,1,19,D,3,تجميعات الأحياء 2026 — مفتاح الإجابة في PDF p.45,SOURCE_ANSWER_STRIP_EMBEDDED_TEXT,PASS_SOURCE_KEY
TAH-BIO-BIO26-L08-Q020,BIO26-PDF045-L08-S1-Q020,BIO26-L08,أحياء 1,المفصليات,45,1,20,B,1,تجميعات الأحياء 2026 — مفتاح الإجابة في PDF p.45,SOURCE_ANSWER_STRIP_EMBEDDED_TEXT,PASS_SOURCE_KEY
TAH-BIO-BIO26-L08-Q021,BIO26-PDF045-L08-S1-Q021,BIO26-L08,أحياء 1,المفصليات,45,1,21,A,0,تجميعات الأحياء 2026 — مفتاح الإجابة في PDF p.45,SOURCE_ANSWER_STRIP_EMBEDDED_TEXT,PASS_SOURCE_KEY
TAH-BIO-BIO26-L08-Q022,BIO26-PDF045-L08-S1-Q022,BIO26-L08,أحياء 1,المفصليات,45,1,22,A,0,تجميعات الأحياء 2026 — مفتاح الإجابة في PDF p.45,SOURCE_ANSWER_STRIP_EMBEDDED_TEXT,PASS_SOURCE_KEY
TAH-BIO-BIO26-L08-Q023,BIO26-PDF045-L08-S1-Q023,BIO26-L08,أحياء 1,المفصليات,45,1,23,C,2,تجميعات الأحياء 2026 — مفتاح الإجابة في PDF p.45,SOURCE_ANSWER_STRIP_EMBEDDED_TEXT,PASS_SOURCE_KEY
TAH-BIO-BIO26-L08-Q024,BIO26-PDF045-L08-S1-Q024,BIO26-L08,أحياء 1,المفصليات,45,1,24,D,3,تجميعات الأحياء 2026 — مفتاح الإجابة في PDF p.45,SOURCE_ANSWER_STRIP_EMBEDDED_TEXT,PASS_SOURCE_KEY
TAH-BIO-BIO26-L08-Q025,BIO26-PDF045-L08-S1-Q025,BIO26-L08,أحياء 1,المفصليات,45,1,25,B,1,تجميعات الأحياء 2026 — مفتاح الإجابة في PDF p.45,SOURCE_ANSWER_STRIP_EMBEDDED_TEXT,PASS_SOURCE_KEY
TAH-BIO-BIO26-L08-Q026,BIO26-PDF045-L08-S1-Q026,BIO26-L08,أحياء 1,المفصليات,45,1,26,D,3,تجميعات الأحياء 2026 — مفتاح الإجابة في PDF p.45,SOURCE_ANSWER_STRIP_EMBEDDED_TEXT,PASS_SOURCE_KEY
TAH-BIO-BIO26-L08-Q027,BIO26-PDF045-L08-S1-Q027,BIO26-L08,أحياء 1,المفصليات,45,1,27,A,0,تجميعات الأحياء 2026 — مفتاح الإجابة في PDF p.45,SOURCE_ANSWER_STRIP_EMBEDDED_TEXT,PASS_SOURCE_KEY
TAH-BIO-BIO26-L08-Q028,BIO26-PDF045-L08-S1-Q028,BIO26-L08,أحياء 1,المفصليات,45,1,28,C,2,تجميعات الأحياء 2026 — مفتاح الإجابة في PDF p.45,SOURCE_ANSWER_STRIP_EMBEDDED_TEXT,PASS_SOURCE_KEY
TAH-BIO-BIO26-L08-Q029,BIO26-PDF045-L08-S1-Q029,BIO26-L08,أحياء 1,المفصليات,45,1,29,C,2,تجميعات الأحياء 2026 — مفتاح الإجابة في PDF p.45,SOURCE_ANSWER_STRIP_EMBEDDED_TEXT,PASS_SOURCE_KEY
TAH-BIO-BIO26-L08-Q030,BIO26-PDF046-L08-S1-Q030,BIO26-L08,أحياء 1,المفصليات,46,1,30,B,1,تجميعات الأحياء 2026 — مفتاح الإجابة في PDF p.46,SOURCE_ANSWER_STRIP_EMBEDDED_TEXT,PASS_SOURCE_KEY
TAH-BIO-BIO26-L08-Q031,BIO26-PDF046-L08-S1-Q031,BIO26-L08,أحياء 1,المفصليات,46,1,31,C,2,تجميعات الأحياء 2026 — مفتاح الإجابة في PDF p.46,SOURCE_ANSWER_STRIP_EMBEDDED_TEXT,PASS_SOURCE_KEY
TAH-BIO-BIO26-L08-Q032,BIO26-PDF046-L08-S1-Q032,BIO26-L08,أحياء 1,المفصليات,46,1,32,A,0,تجميعات الأحياء 2026 — مفتاح الإجابة في PDF p.46,SOURCE_ANSWER_STRIP_EMBEDDED_TEXT,PASS_SOURCE_KEY
TAH-BIO-BIO26-L08-Q033,BIO26-PDF046-L08-S1-Q033,BIO26-L08,أحياء 1,المفصليات,46,1,33,A,0,تجميعات الأحياء 2026 — مفتاح الإجابة في PDF p.46,SOURCE_ANSWER_STRIP_EMBEDDED_TEXT,PASS_SOURCE_KEY
TAH-BIO-BIO26-L08-Q034,BIO26-PDF046-L08-S1-Q034,BIO26-L08,أحياء 1,المفصليات,46,1,34,B,1,تجميعات الأحياء 2026 — مفتاح الإجابة في PDF p.46,SOURCE_ANSWER_STRIP_EMBEDDED_TEXT,PASS_SOURCE_KEY
TAH-BIO-BIO26-L08-Q035,BIO26-PDF046-L08-S1-Q035,BIO26-L08,أحياء 1,المفصليات,46,1,35,A,0,تجميعات الأحياء 2026 — مفتاح الإجابة في PDF p.46,SOURCE_ANSWER_STRIP_EMBEDDED_TEXT,PASS_SOURCE_KEY
TAH-BIO-BIO26-L08-Q036,BIO26-PDF046-L08-S1-Q036,BIO26-L08,أحياء 1,المفصليات,46,1,36,D,3,تجميعات الأحياء 2026 — مفتاح الإجابة في PDF p.46,SOURCE_ANSWER_STRIP_EMBEDDED_TEXT,PASS_SOURCE_KEY
TAH-BIO-BIO26-L08-Q037,BIO26-PDF047-L08-S2-Q037,BIO26-L08,أحياء 1,المفصليات,47,2,37,B,1,تجميعات الأحياء 2026 — مفتاح الإجابة في PDF p.47,SOURCE_ANSWER_STRIP_EMBEDDED_TEXT,PASS_SOURCE_KEY
TAH-BIO-BIO26-L08-Q038,BIO26-PDF047-L08-S2-Q038,BIO26-L08,أحياء 1,المفصليات,47,2,38,C,2,تجميعات الأحياء 2026 — مفتاح الإجابة في PDF p.47,SOURCE_ANSWER_STRIP_EMBEDDED_TEXT,PASS_SOURCE_KEY
TAH-BIO-BIO26-L08-Q039,BIO26-PDF047-L08-S2-Q039,BIO26-L08,أحياء 1,المفصليات,47,2,39,A,0,تجميعات الأحياء 2026 — مفتاح الإجابة في PDF p.47,SOURCE_ANSWER_STRIP_EMBEDDED_TEXT,PASS_SOURCE_KEY
TAH-BIO-BIO26-L08-Q040,BIO26-PDF047-L08-S2-Q040,BIO26-L08,أحياء 1,المفصليات,47,2,40,C,2,تجميعات الأحياء 2026 — مفتاح الإجابة في PDF p.47,SOURCE_ANSWER_STRIP_EMBEDDED_TEXT,PASS_SOURCE_KEY
TAH-BIO-BIO26-L08-Q041,BIO26-PDF047-L08-S2-Q041,BIO26-L08,أحياء 1,المفصليات,47,2,41,A,0,تجميعات الأحياء 2026 — مفتاح الإجابة في PDF p.47,SOURCE_ANSWER_STRIP_EMBEDDED_TEXT,PASS_SOURCE_KEY
TAH-BIO-BIO26-L08-Q042,BIO26-PDF047-L08-S2-Q042,BIO26-L08,أحياء 1,المفصليات,47,2,42,C,2,تجميعات الأحياء 2026 — مفتاح الإجابة في PDF p.47,SOURCE_ANSWER_STRIP_EMBEDDED_TEXT,PASS_SOURCE_KEY
TAH-BIO-BIO26-L08-Q043,BIO26-PDF047-L08-S2-Q043,BIO26-L08,أحياء 1,المفصليات,47,2,43,C,2,تجميعات الأحياء 2026 — مفتاح الإجابة في PDF p.47,SOURCE_ANSWER_STRIP_EMBEDDED_TEXT,PASS_SOURCE_KEY
TAH-BIO-BIO26-L08-Q044,BIO26-PDF047-L08-S2-Q044,BIO26-L08,أحياء 1,المفصليات,47,2,44,A,0,تجميعات الأحياء 2026 — مفتاح الإجابة في PDF p.47,SOURCE_ANSWER_STRIP_EMBEDDED_TEXT,PASS_SOURCE_KEY
TAH-BIO-BIO26-L08-Q045,BIO26-PDF047-L08-S2-Q045,BIO26-L08,أحياء 1,المفصليات,47,2,45,C,2,تجميعات الأحياء 2026 — مفتاح الإجابة في PDF p.47,SOURCE_ANSWER_STRIP_EMBEDDED_TEXT,PASS_SOURCE_KEY
TAH-BIO-BIO26-L08-Q046,BIO26-PDF047-L08-S2-Q046,BIO26-L08,أحياء 1,المفصليات,47,2,46,C,2,تجميعات الأحياء 2026 — مفتاح الإجابة في PDF p.47,SOURCE_ANSWER_STRIP_EMBEDDED_TEXT,PASS_SOURCE_KEY
TAH-BIO-BIO26-L08-Q047,BIO26-PDF047-L08-S2-Q047,BIO26-L08,أحياء 1,المفصليات,47,2,47,B,1,تجميعات الأحياء 2026 — مفتاح الإجابة في PDF p.47,SOURCE_ANSWER_STRIP_EMBEDDED_TEXT,PASS_SOURCE_KEY
TAH-BIO-BIO26-L08-Q048,BIO26-PDF047-L08-S2-Q048,BIO26-L08,أحياء 1,المفصليات,47,2,48,D,3,تجميعات الأحياء 2026 — مفتاح الإجابة في PDF p.47,SOURCE_ANSWER_STRIP_EMBEDDED_TEXT,PASS_SOURCE_KEY
TAH-BIO-BIO26-L08-Q049,BIO26-PDF047-L08-S2-Q049,BIO26-L08,أحياء 1,المفصليات,47,2,49,A,0,تجميعات الأحياء 2026 — مفتاح الإجابة في PDF p.47,SOURCE_ANSWER_STRIP_EMBEDDED_TEXT,PASS_SOURCE_KEY
TAH-BIO-BIO26-L08-Q050,BIO26-PDF047-L08-S2-Q050,BIO26-L08,أحياء 1,المفصليات,47,2,50,A,0,تجميعات الأحياء 2026 — مفتاح الإجابة في PDF p.47,SOURCE_ANSWER_STRIP_EMBEDDED_TEXT,PASS_SOURCE_KEY
TAH-BIO-BIO26-L08-Q051,BIO26-PDF047-L08-S2-Q051,BIO26-L08,أحياء 1,المفصليات,47,2,51,C,2,تجميعات الأحياء 2026 — مفتاح الإجابة في PDF p.47,SOURCE_ANSWER_STRIP_EMBEDDED_TEXT,PASS_SOURCE_KEY
TAH-BIO-BIO26-L08-Q052,BIO26-PDF047-L08-S2-Q052,BIO26-L08,أحياء 1,المفصليات,47,2,52,A,0,تجميعات الأحياء 2026 — مفتاح الإجابة في PDF p.47,SOURCE_ANSWER_STRIP_EMBEDDED_TEXT,PASS_SOURCE_KEY
TAH-BIO-BIO26-L08-Q053,BIO26-PDF047-L08-S2-Q053,BIO26-L08,أحياء 1,المفصليات,47,2,53,D,3,تجميعات الأحياء 2026 — مفتاح الإجابة في PDF p.47,SOURCE_ANSWER_STRIP_EMBEDDED_TEXT,PASS_SOURCE_KEY
TAH-BIO-BIO26-L08-Q054,BIO26-PDF047-L08-S2-Q054,BIO26-L08,أحياء 1,المفصليات,47,2,54,B,1,تجميعات الأحياء 2026 — مفتاح الإجابة في PDF p.47,SOURCE_ANSWER_STRIP_EMBEDDED_TEXT,PASS_SOURCE_KEY
TAH-BIO-BIO26-L08-Q055,BIO26-PDF048-L08-S2-Q055,BIO26-L08,أحياء 1,المفصليات,48,2,55,A,0,تجميعات الأحياء 2026 — مفتاح الإجابة في PDF p.48,SOURCE_ANSWER_STRIP_EMBEDDED_TEXT,PASS_SOURCE_KEY
TAH-BIO-BIO26-L08-Q056,BIO26-PDF048-L08-S2-Q056,BIO26-L08,أحياء 1,المفصليات,48,2,56,B,1,تجميعات الأحياء 2026 — مفتاح الإجابة في PDF p.48,SOURCE_ANSWER_STRIP_EMBEDDED_TEXT,PASS_SOURCE_KEY
TAH-BIO-BIO26-L08-Q057,BIO26-PDF048-L08-S2-Q057,BIO26-L08,أحياء 1,المفصليات,48,2,57,C,2,تجميعات الأحياء 2026 — مفتاح الإجابة في PDF p.48,SOURCE_ANSWER_STRIP_EMBEDDED_TEXT,PASS_SOURCE_KEY
TAH-BIO-BIO26-L08-Q058,BIO26-PDF048-L08-S2-Q058,BIO26-L08,أحياء 1,المفصليات,48,2,58,A,0,تجميعات الأحياء 2026 — مفتاح الإجابة في PDF p.48,SOURCE_ANSWER_STRIP_EMBEDDED_TEXT,PASS_SOURCE_KEY
TAH-BIO-BIO26-L08-Q059,BIO26-PDF048-L08-S2-Q059,BIO26-L08,أحياء 1,المفصليات,48,2,59,B,1,تجميعات الأحياء 2026 — مفتاح الإجابة في PDF p.48,SOURCE_ANSWER_STRIP_EMBEDDED_TEXT,PASS_SOURCE_KEY
TAH-BIO-BIO26-L08-Q060,BIO26-PDF048-L08-S2-Q060,BIO26-L08,أحياء 1,المفصليات,48,2,60,D,3,تجميعات الأحياء 2026 — مفتاح الإجابة في PDF p.48,SOURCE_ANSWER_STRIP_EMBEDDED_TEXT,PASS_SOURCE_KEY
TAH-BIO-BIO26-L08-Q061,BIO26-PDF048-L08-S2-Q061,BIO26-L08,أحياء 1,المفصليات,48,2,61,A,0,تجميعات الأحياء 2026 — مفتاح الإجابة في PDF p.48,SOURCE_ANSWER_STRIP_EMBEDDED_TEXT,PASS_SOURCE_KEY
TAH-BIO-BIO26-L08-Q062,BIO26-PDF048-L08-S2-Q062,BIO26-L08,أحياء 1,المفصليات,48,2,62,A,0,تجميعات الأحياء 2026 — مفتاح الإجابة في PDF p.48,SOURCE_ANSWER_STRIP_EMBEDDED_TEXT,PASS_SOURCE_KEY
TAH-BIO-BIO26-L08-Q063,BIO26-PDF048-L08-S2-Q063,BIO26-L08,أحياء 1,المفصليات,48,2,63,D,3,تجميعات الأحياء 2026 — مفتاح الإجابة في PDF p.48,SOURCE_ANSWER_STRIP_EMBEDDED_TEXT,PASS_SOURCE_KEY
TAH-BIO-BIO26-L08-Q064,BIO26-PDF048-L08-S2-Q064,BIO26-L08,أحياء 1,المفصليات,48,2,64,A,0,تجميعات الأحياء 2026 — مفتاح الإجابة في PDF p.48,SOURCE_ANSWER_STRIP_EMBEDDED_TEXT,PASS_SOURCE_KEY
TAH-BIO-BIO26-L08-Q065,BIO26-PDF048-L08-S2-Q065,BIO26-L08,أحياء 1,المفصليات,48,2,65,B,1,تجميعات الأحياء 2026 — مفتاح الإجابة في PDF p.48,SOURCE_ANSWER_STRIP_EMBEDDED_TEXT,PASS_SOURCE_KEY
TAH-BIO-BIO26-L08-Q066,BIO26-PDF048-L08-S2-Q066,BIO26-L08,أحياء 1,المفصليات,48,2,66,B,1,تجميعات الأحياء 2026 — مفتاح الإجابة في PDF p.48,SOURCE_ANSWER_STRIP_EMBEDDED_TEXT,PASS_SOURCE_KEY
TAH-BIO-BIO26-L08-Q067,BIO26-PDF048-L08-S2-Q067,BIO26-L08,أحياء 1,المفصليات,48,2,67,D,3,تجميعات الأحياء 2026 — مفتاح الإجابة في PDF p.48,SOURCE_ANSWER_STRIP_EMBEDDED_TEXT,PASS_SOURCE_KEY
TAH-BIO-BIO26-L08-Q068,BIO26-PDF048-L08-S2-Q068,BIO26-L08,أحياء 1,المفصليات,48,2,68,D,3,تجميعات الأحياء 2026 — مفتاح الإجابة في PDF p.48,SOURCE_ANSWER_STRIP_EMBEDDED_TEXT,PASS_SOURCE_KEY
TAH-BIO-BIO26-L08-Q069,BIO26-PDF048-L08-S2-Q069,BIO26-L08,أحياء 1,المفصليات,48,2,69,D,3,تجميعات الأحياء 2026 — مفتاح الإجابة في PDF p.48,SOURCE_ANSWER_STRIP_EMBEDDED_TEXT,PASS_SOURCE_KEY
TAH-BIO-BIO26-L08-Q070,BIO26-PDF048-L08-S2-Q070,BIO26-L08,أحياء 1,المفصليات,48,2,70,D,3,تجميعات الأحياء 2026 — مفتاح الإجابة في PDF p.48,SOURCE_ANSWER_STRIP_EMBEDDED_TEXT,PASS_SOURCE_KEY
TAH-BIO-BIO26-L08-Q071,BIO26-PDF048-L08-S2-Q071,BIO26-L08,أحياء 1,المفصليات,48,2,71,B,1,تجميعات الأحياء 2026 — مفتاح الإجابة في PDF p.48,SOURCE_ANSWER_STRIP_EMBEDDED_TEXT,PASS_SOURCE_KEY
TAH-BIO-BIO26-L08-Q072,BIO26-PDF048-L08-S2-Q072,BIO26-L08,أحياء 1,المفصليات,48,2,72,B,1,تجميعات الأحياء 2026 — مفتاح الإجابة في PDF p.48,SOURCE_ANSWER_STRIP_EMBEDDED_TEXT,PASS_SOURCE_KEY
TAH-BIO-BIO26-L08-Q073,BIO26-PDF048-L08-S2-Q073,BIO26-L08,أحياء 1,المفصليات,48,2,73,C,2,تجميعات الأحياء 2026 — مفتاح الإجابة في PDF p.48,SOURCE_ANSWER_STRIP_EMBEDDED_TEXT,PASS_SOURCE_KEY
TAH-BIO-BIO26-L08-Q074,BIO26-PDF048-L08-S2-Q074,BIO26-L08,أحياء 1,المفصليات,48,2,74,C,2,تجميعات الأحياء 2026 — مفتاح الإجابة في PDF p.48,SOURCE_ANSWER_STRIP_EMBEDDED_TEXT,PASS_SOURCE_KEY
TAH-BIO-BIO26-L08-Q075,BIO26-PDF049-L08-S2-Q075,BIO26-L08,أحياء 1,المفصليات,49,2,75,A,0,تجميعات الأحياء 2026 — مفتاح الإجابة في PDF p.49,SOURCE_ANSWER_STRIP_EMBEDDED_TEXT,PASS_SOURCE_KEY
TAH-BIO-BIO26-L08-Q076,BIO26-PDF049-L08-S2-Q076,BIO26-L08,أحياء 1,المفصليات,49,2,76,D,3,تجميعات الأحياء 2026 — مفتاح الإجابة في PDF p.49,SOURCE_ANSWER_STRIP_EMBEDDED_TEXT,PASS_SOURCE_KEY
TAH-BIO-BIO26-L08-Q077,BIO26-PDF049-L08-S2-Q077,BIO26-L08,أحياء 1,المفصليات,49,2,77,D,3,تجميعات الأحياء 2026 — مفتاح الإجابة في PDF p.49,SOURCE_ANSWER_STRIP_EMBEDDED_TEXT,PASS_SOURCE_KEY
TAH-BIO-BIO26-L08-Q078,BIO26-PDF049-L08-S2-Q078,BIO26-L08,أحياء 1,المفصليات,49,2,78,A,0,تجميعات الأحياء 2026 — مفتاح الإجابة في PDF p.49,SOURCE_ANSWER_STRIP_EMBEDDED_TEXT,PASS_SOURCE_KEY
TAH-BIO-BIO26-L08-Q079,BIO26-PDF049-L08-S2-Q079,BIO26-L08,أحياء 1,المفصليات,49,2,79,B,1,تجميعات الأحياء 2026 — مفتاح الإجابة في PDF p.49,SOURCE_ANSWER_STRIP_EMBEDDED_TEXT,PASS_SOURCE_KEY
TAH-BIO-BIO26-L09-Q001,BIO26-PDF051-L09-S1-Q001,BIO26-L09,أحياء 2,شوكيات الجلد واللافقاريات الحبلية,51,1,1,B,1,تجميعات الأحياء 2026 — مفتاح الإجابة في PDF p.51,SOURCE_ANSWER_STRIP_EMBEDDED_TEXT,PASS_SOURCE_KEY
TAH-BIO-BIO26-L09-Q002,BIO26-PDF051-L09-S1-Q002,BIO26-L09,أحياء 2,شوكيات الجلد واللافقاريات الحبلية,51,1,2,C,2,تجميعات الأحياء 2026 — مفتاح الإجابة في PDF p.51,SOURCE_ANSWER_STRIP_EMBEDDED_TEXT,PASS_SOURCE_KEY
TAH-BIO-BIO26-L09-Q003,BIO26-PDF051-L09-S1-Q003,BIO26-L09,أحياء 2,شوكيات الجلد واللافقاريات الحبلية,51,1,3,C,2,تجميعات الأحياء 2026 — مفتاح الإجابة في PDF p.51,SOURCE_ANSWER_STRIP_EMBEDDED_TEXT,PASS_SOURCE_KEY
TAH-BIO-BIO26-L09-Q004,BIO26-PDF051-L09-S1-Q004,BIO26-L09,أحياء 2,شوكيات الجلد واللافقاريات الحبلية,51,1,4,D,3,تجميعات الأحياء 2026 — مفتاح الإجابة في PDF p.51,SOURCE_ANSWER_STRIP_EMBEDDED_TEXT,PASS_SOURCE_KEY
TAH-BIO-BIO26-L09-Q005,BIO26-PDF051-L09-S1-Q005,BIO26-L09,أحياء 2,شوكيات الجلد واللافقاريات الحبلية,51,1,5,C,2,تجميعات الأحياء 2026 — مفتاح الإجابة في PDF p.51,SOURCE_ANSWER_STRIP_EMBEDDED_TEXT,PASS_SOURCE_KEY
TAH-BIO-BIO26-L09-Q006,BIO26-PDF051-L09-S1-Q006,BIO26-L09,أحياء 2,شوكيات الجلد واللافقاريات الحبلية,51,1,6,B,1,تجميعات الأحياء 2026 — مفتاح الإجابة في PDF p.51,SOURCE_ANSWER_STRIP_EMBEDDED_TEXT,PASS_SOURCE_KEY
TAH-BIO-BIO26-L09-Q007,BIO26-PDF051-L09-S1-Q007,BIO26-L09,أحياء 2,شوكيات الجلد واللافقاريات الحبلية,51,1,7,B,1,تجميعات الأحياء 2026 — مفتاح الإجابة في PDF p.51,SOURCE_ANSWER_STRIP_EMBEDDED_TEXT,PASS_SOURCE_KEY
TAH-BIO-BIO26-L09-Q008,BIO26-PDF051-L09-S1-Q008,BIO26-L09,أحياء 2,شوكيات الجلد واللافقاريات الحبلية,51,1,8,A,0,تجميعات الأحياء 2026 — مفتاح الإجابة في PDF p.51,SOURCE_ANSWER_STRIP_EMBEDDED_TEXT,PASS_SOURCE_KEY
TAH-BIO-BIO26-L09-Q009,BIO26-PDF051-L09-S1-Q009,BIO26-L09,أحياء 2,شوكيات الجلد واللافقاريات الحبلية,51,1,9,A,0,تجميعات الأحياء 2026 — مفتاح الإجابة في PDF p.51,SOURCE_ANSWER_STRIP_EMBEDDED_TEXT,PASS_SOURCE_KEY
TAH-BIO-BIO26-L09-Q010,BIO26-PDF051-L09-S1-Q010,BIO26-L09,أحياء 2,شوكيات الجلد واللافقاريات الحبلية,51,1,10,C,2,تجميعات الأحياء 2026 — مفتاح الإجابة في PDF p.51,SOURCE_ANSWER_STRIP_EMBEDDED_TEXT,PASS_SOURCE_KEY
TAH-BIO-BIO26-L09-Q011,BIO26-PDF051-L09-S1-Q011,BIO26-L09,أحياء 2,شوكيات الجلد واللافقاريات الحبلية,51,1,11,C,2,تجميعات الأحياء 2026 — مفتاح الإجابة في PDF p.51,SOURCE_ANSWER_STRIP_EMBEDDED_TEXT,PASS_SOURCE_KEY
TAH-BIO-BIO26-L09-Q012,BIO26-PDF051-L09-S1-Q012,BIO26-L09,أحياء 2,شوكيات الجلد واللافقاريات الحبلية,51,1,12,B,1,تجميعات الأحياء 2026 — مفتاح الإجابة في PDF p.51,SOURCE_ANSWER_STRIP_EMBEDDED_TEXT,PASS_SOURCE_KEY
TAH-BIO-BIO26-L09-Q013,BIO26-PDF051-L09-S1-Q013,BIO26-L09,أحياء 2,شوكيات الجلد واللافقاريات الحبلية,51,1,13,A,0,تجميعات الأحياء 2026 — مفتاح الإجابة في PDF p.51,SOURCE_ANSWER_STRIP_EMBEDDED_TEXT,PASS_SOURCE_KEY
TAH-BIO-BIO26-L09-Q014,BIO26-PDF051-L09-S1-Q014,BIO26-L09,أحياء 2,شوكيات الجلد واللافقاريات الحبلية,51,1,14,D,3,تجميعات الأحياء 2026 — مفتاح الإجابة في PDF p.51,SOURCE_ANSWER_STRIP_EMBEDDED_TEXT,PASS_SOURCE_KEY
TAH-BIO-BIO26-L09-Q015,BIO26-PDF051-L09-S1-Q015,BIO26-L09,أحياء 2,شوكيات الجلد واللافقاريات الحبلية,51,1,15,C,2,تجميعات الأحياء 2026 — مفتاح الإجابة في PDF p.51,SOURCE_ANSWER_STRIP_EMBEDDED_TEXT,PASS_SOURCE_KEY
TAH-BIO-BIO26-L09-Q016,BIO26-PDF051-L09-S1-Q016,BIO26-L09,أحياء 2,شوكيات الجلد واللافقاريات الحبلية,51,1,16,D,3,تجميعات الأحياء 2026 — مفتاح الإجابة في PDF p.51,SOURCE_ANSWER_STRIP_EMBEDDED_TEXT,PASS_SOURCE_KEY
TAH-BIO-BIO26-L09-Q017,BIO26-PDF051-L09-S1-Q017,BIO26-L09,أحياء 2,شوكيات الجلد واللافقاريات الحبلية,51,1,17,B,1,تجميعات الأحياء 2026 — مفتاح الإجابة في PDF p.51,SOURCE_ANSWER_STRIP_EMBEDDED_TEXT,PASS_SOURCE_KEY
TAH-BIO-BIO26-L09-Q018,BIO26-PDF051-L09-S1-Q018,BIO26-L09,أحياء 2,شوكيات الجلد واللافقاريات الحبلية,51,1,18,B,1,تجميعات الأحياء 2026 — مفتاح الإجابة في PDF p.51,SOURCE_ANSWER_STRIP_EMBEDDED_TEXT,PASS_SOURCE_KEY
TAH-BIO-BIO26-L09-Q019,BIO26-PDF052-L09-S1-Q019,BIO26-L09,أحياء 2,شوكيات الجلد واللافقاريات الحبلية,52,1,19,B,1,تجميعات الأحياء 2026 — مفتاح الإجابة في PDF p.52,SOURCE_ANSWER_STRIP_EMBEDDED_TEXT,PASS_SOURCE_KEY
TAH-BIO-BIO26-L09-Q020,BIO26-PDF052-L09-S1-Q020,BIO26-L09,أحياء 2,شوكيات الجلد واللافقاريات الحبلية,52,1,20,B,1,تجميعات الأحياء 2026 — مفتاح الإجابة في PDF p.52,SOURCE_ANSWER_STRIP_EMBEDDED_TEXT,PASS_SOURCE_KEY
TAH-BIO-BIO26-L09-Q021,BIO26-PDF052-L09-S1-Q021,BIO26-L09,أحياء 2,شوكيات الجلد واللافقاريات الحبلية,52,1,21,A,0,تجميعات الأحياء 2026 — مفتاح الإجابة في PDF p.52,SOURCE_ANSWER_STRIP_EMBEDDED_TEXT,PASS_SOURCE_KEY
TAH-BIO-BIO26-L09-Q022,BIO26-PDF052-L09-S1-Q022,BIO26-L09,أحياء 2,شوكيات الجلد واللافقاريات الحبلية,52,1,22,B,1,تجميعات الأحياء 2026 — مفتاح الإجابة في PDF p.52,SOURCE_ANSWER_STRIP_EMBEDDED_TEXT,PASS_SOURCE_KEY
TAH-BIO-BIO26-L09-Q023,BIO26-PDF052-L09-S1-Q023,BIO26-L09,أحياء 2,شوكيات الجلد واللافقاريات الحبلية,52,1,23,C,2,تجميعات الأحياء 2026 — مفتاح الإجابة في PDF p.52,SOURCE_ANSWER_STRIP_EMBEDDED_TEXT,PASS_SOURCE_KEY
TAH-BIO-BIO26-L09-Q024,BIO26-PDF052-L09-S1-Q024,BIO26-L09,أحياء 2,شوكيات الجلد واللافقاريات الحبلية,52,1,24,B,1,تجميعات الأحياء 2026 — مفتاح الإجابة في PDF p.52,SOURCE_ANSWER_STRIP_EMBEDDED_TEXT,PASS_SOURCE_KEY
TAH-BIO-BIO26-L09-Q025,BIO26-PDF052-L09-S1-Q025,BIO26-L09,أحياء 2,شوكيات الجلد واللافقاريات الحبلية,52,1,25,A,0,تجميعات الأحياء 2026 — مفتاح الإجابة في PDF p.52,SOURCE_ANSWER_STRIP_EMBEDDED_TEXT,PASS_SOURCE_KEY
TAH-BIO-BIO26-L09-Q026,BIO26-PDF053-L09-S2-Q026,BIO26-L09,أحياء 2,شوكيات الجلد واللافقاريات الحبلية,53,2,26,B,1,تجميعات الأحياء 2026 — مفتاح الإجابة في PDF p.53,SOURCE_ANSWER_STRIP_EMBEDDED_TEXT,PASS_SOURCE_KEY
TAH-BIO-BIO26-L09-Q027,BIO26-PDF053-L09-S2-Q027,BIO26-L09,أحياء 2,شوكيات الجلد واللافقاريات الحبلية,53,2,27,B,1,تجميعات الأحياء 2026 — مفتاح الإجابة في PDF p.53,SOURCE_ANSWER_STRIP_EMBEDDED_TEXT,PASS_SOURCE_KEY
TAH-BIO-BIO26-L09-Q028,BIO26-PDF053-L09-S2-Q028,BIO26-L09,أحياء 2,شوكيات الجلد واللافقاريات الحبلية,53,2,28,C,2,تجميعات الأحياء 2026 — مفتاح الإجابة في PDF p.53,SOURCE_ANSWER_STRIP_EMBEDDED_TEXT,PASS_SOURCE_KEY
TAH-BIO-BIO26-L09-Q029,BIO26-PDF053-L09-S2-Q029,BIO26-L09,أحياء 2,شوكيات الجلد واللافقاريات الحبلية,53,2,29,A,0,تجميعات الأحياء 2026 — مفتاح الإجابة في PDF p.53,SOURCE_ANSWER_STRIP_EMBEDDED_TEXT,PASS_SOURCE_KEY
TAH-BIO-BIO26-L09-Q030,BIO26-PDF053-L09-S2-Q030,BIO26-L09,أحياء 2,شوكيات الجلد واللافقاريات الحبلية,53,2,30,B,1,تجميعات الأحياء 2026 — مفتاح الإجابة في PDF p.53,SOURCE_ANSWER_STRIP_EMBEDDED_TEXT,PASS_SOURCE_KEY
TAH-BIO-BIO26-L09-Q031,BIO26-PDF053-L09-S2-Q031,BIO26-L09,أحياء 2,شوكيات الجلد واللافقاريات الحبلية,53,2,31,A,0,تجميعات الأحياء 2026 — مفتاح الإجابة في PDF p.53,SOURCE_ANSWER_STRIP_EMBEDDED_TEXT,PASS_SOURCE_KEY
TAH-BIO-BIO26-L09-Q032,BIO26-PDF053-L09-S2-Q032,BIO26-L09,أحياء 2,شوكيات الجلد واللافقاريات الحبلية,53,2,32,C,2,تجميعات الأحياء 2026 — مفتاح الإجابة في PDF p.53,SOURCE_ANSWER_STRIP_EMBEDDED_TEXT,PASS_SOURCE_KEY
TAH-BIO-BIO26-L09-Q033,BIO26-PDF053-L09-S2-Q033,BIO26-L09,أحياء 2,شوكيات الجلد واللافقاريات الحبلية,53,2,33,D,3,تجميعات الأحياء 2026 — مفتاح الإجابة في PDF p.53,SOURCE_ANSWER_STRIP_EMBEDDED_TEXT,PASS_SOURCE_KEY
TAH-BIO-BIO26-L09-Q034,BIO26-PDF053-L09-S2-Q034,BIO26-L09,أحياء 2,شوكيات الجلد واللافقاريات الحبلية,53,2,34,A,0,تجميعات الأحياء 2026 — مفتاح الإجابة في PDF p.53,SOURCE_ANSWER_STRIP_EMBEDDED_TEXT,PASS_SOURCE_KEY
TAH-BIO-BIO26-L09-Q035,BIO26-PDF053-L09-S2-Q035,BIO26-L09,أحياء 2,شوكيات الجلد واللافقاريات الحبلية,53,2,35,C,2,تجميعات الأحياء 2026 — مفتاح الإجابة في PDF p.53,SOURCE_ANSWER_STRIP_EMBEDDED_TEXT,PASS_SOURCE_KEY
TAH-BIO-BIO26-L09-Q036,BIO26-PDF053-L09-S2-Q036,BIO26-L09,أحياء 2,شوكيات الجلد واللافقاريات الحبلية,53,2,36,A,0,تجميعات الأحياء 2026 — مفتاح الإجابة في PDF p.53,SOURCE_ANSWER_STRIP_EMBEDDED_TEXT,PASS_SOURCE_KEY
TAH-BIO-BIO26-L09-Q037,BIO26-PDF053-L09-S2-Q037,BIO26-L09,أحياء 2,شوكيات الجلد واللافقاريات الحبلية,53,2,37,A,0,تجميعات الأحياء 2026 — مفتاح الإجابة في PDF p.53,SOURCE_ANSWER_STRIP_EMBEDDED_TEXT,PASS_SOURCE_KEY
TAH-BIO-BIO26-L09-Q038,BIO26-PDF053-L09-S2-Q038,BIO26-L09,أحياء 2,شوكيات الجلد واللافقاريات الحبلية,53,2,38,D,3,تجميعات الأحياء 2026 — مفتاح الإجابة في PDF p.53,SOURCE_ANSWER_STRIP_EMBEDDED_TEXT,PASS_SOURCE_KEY
TAH-BIO-BIO26-L09-Q039,BIO26-PDF053-L09-S2-Q039,BIO26-L09,أحياء 2,شوكيات الجلد واللافقاريات الحبلية,53,2,39,D,3,تجميعات الأحياء 2026 — مفتاح الإجابة في PDF p.53,SOURCE_ANSWER_STRIP_EMBEDDED_TEXT,PASS_SOURCE_KEY
TAH-BIO-BIO26-L09-Q040,BIO26-PDF053-L09-S2-Q040,BIO26-L09,أحياء 2,شوكيات الجلد واللافقاريات الحبلية,53,2,40,B,1,تجميعات الأحياء 2026 — مفتاح الإجابة في PDF p.53,SOURCE_ANSWER_STRIP_EMBEDDED_TEXT,PASS_SOURCE_KEY
TAH-BIO-BIO26-L09-Q041,BIO26-PDF053-L09-S2-Q041,BIO26-L09,أحياء 2,شوكيات الجلد واللافقاريات الحبلية,53,2,41,C,2,تجميعات الأحياء 2026 — مفتاح الإجابة في PDF p.53,SOURCE_ANSWER_STRIP_EMBEDDED_TEXT,PASS_SOURCE_KEY
TAH-BIO-BIO26-L09-Q042,BIO26-PDF054-L09-S2-Q042,BIO26-L09,أحياء 2,شوكيات الجلد واللافقاريات الحبلية,54,2,42,A,0,تجميعات الأحياء 2026 — مفتاح الإجابة في PDF p.54,SOURCE_ANSWER_STRIP_EMBEDDED_TEXT,PASS_SOURCE_KEY
TAH-BIO-BIO26-L09-Q043,BIO26-PDF054-L09-S2-Q043,BIO26-L09,أحياء 2,شوكيات الجلد واللافقاريات الحبلية,54,2,43,D,3,تجميعات الأحياء 2026 — مفتاح الإجابة في PDF p.54,SOURCE_ANSWER_STRIP_EMBEDDED_TEXT,PASS_SOURCE_KEY
TAH-BIO-BIO26-L09-Q044,BIO26-PDF054-L09-S2-Q044,BIO26-L09,أحياء 2,شوكيات الجلد واللافقاريات الحبلية,54,2,44,C,2,تجميعات الأحياء 2026 — مفتاح الإجابة في PDF p.54,SOURCE_ANSWER_STRIP_EMBEDDED_TEXT,PASS_SOURCE_KEY
TAH-BIO-BIO26-L09-Q045,BIO26-PDF054-L09-S2-Q045,BIO26-L09,أحياء 2,شوكيات الجلد واللافقاريات الحبلية,54,2,45,A,0,تجميعات الأحياء 2026 — مفتاح الإجابة في PDF p.54,SOURCE_ANSWER_STRIP_EMBEDDED_TEXT,PASS_SOURCE_KEY
TAH-BIO-BIO26-L09-Q046,BIO26-PDF054-L09-S2-Q046,BIO26-L09,أحياء 2,شوكيات الجلد واللافقاريات الحبلية,54,2,46,D,3,تجميعات الأحياء 2026 — مفتاح الإجابة في PDF p.54,SOURCE_ANSWER_STRIP_EMBEDDED_TEXT,PASS_SOURCE_KEY
TAH-BIO-BIO26-L09-Q047,BIO26-PDF054-L09-S2-Q047,BIO26-L09,أحياء 2,شوكيات الجلد واللافقاريات الحبلية,54,2,47,A,0,تجميعات الأحياء 2026 — مفتاح الإجابة في PDF p.54,SOURCE_ANSWER_STRIP_EMBEDDED_TEXT,PASS_SOURCE_KEY
TAH-BIO-BIO26-L09-Q048,BIO26-PDF054-L09-S2-Q048,BIO26-L09,أحياء 2,شوكيات الجلد واللافقاريات الحبلية,54,2,48,B,1,تجميعات الأحياء 2026 — مفتاح الإجابة في PDF p.54,SOURCE_ANSWER_STRIP_EMBEDDED_TEXT,PASS_SOURCE_KEY
TAH-BIO-BIO26-L09-Q049,BIO26-PDF054-L09-S2-Q049,BIO26-L09,أحياء 2,شوكيات الجلد واللافقاريات الحبلية,54,2,49,C,2,تجميعات الأحياء 2026 — مفتاح الإجابة في PDF p.54,SOURCE_ANSWER_STRIP_EMBEDDED_TEXT,PASS_SOURCE_KEY
TAH-BIO-BIO26-L09-Q050,BIO26-PDF054-L09-S2-Q050,BIO26-L09,أحياء 2,شوكيات الجلد واللافقاريات الحبلية,54,2,50,D,3,تجميعات الأحياء 2026 — مفتاح الإجابة في PDF p.54,SOURCE_ANSWER_STRIP_EMBEDDED_TEXT,PASS_SOURCE_KEY
TAH-BIO-BIO26-L09-Q051,BIO26-PDF054-L09-S2-Q051,BIO26-L09,أحياء 2,شوكيات الجلد واللافقاريات الحبلية,54,2,51,D,3,تجميعات الأحياء 2026 — مفتاح الإجابة في PDF p.54,SOURCE_ANSWER_STRIP_EMBEDDED_TEXT,PASS_SOURCE_KEY
TAH-BIO-BIO26-L09-Q052,BIO26-PDF054-L09-S2-Q052,BIO26-L09,أحياء 2,شوكيات الجلد واللافقاريات الحبلية,54,2,52,C,2,تجميعات الأحياء 2026 — مفتاح الإجابة في PDF p.54,SOURCE_ANSWER_STRIP_EMBEDDED_TEXT,PASS_SOURCE_KEY
TAH-BIO-BIO26-L09-Q053,BIO26-PDF054-L09-S2-Q053,BIO26-L09,أحياء 2,شوكيات الجلد واللافقاريات الحبلية,54,2,53,A,0,تجميعات الأحياء 2026 — مفتاح الإجابة في PDF p.54,SOURCE_ANSWER_STRIP_EMBEDDED_TEXT,PASS_SOURCE_KEY
TAH-BIO-BIO26-L09-Q054,BIO26-PDF054-L09-S2-Q054,BIO26-L09,أحياء 2,شوكيات الجلد واللافقاريات الحبلية,54,2,54,C,2,تجميعات الأحياء 2026 — مفتاح الإجابة في PDF p.54,SOURCE_ANSWER_STRIP_EMBEDDED_TEXT,PASS_SOURCE_KEY
TAH-BIO-BIO26-L09-Q055,BIO26-PDF054-L09-S2-Q055,BIO26-L09,أحياء 2,شوكيات الجلد واللافقاريات الحبلية,54,2,55,C,2,تجميعات الأحياء 2026 — مفتاح الإجابة في PDF p.54,SOURCE_ANSWER_STRIP_EMBEDDED_TEXT,PASS_SOURCE_KEY
TAH-BIO-BIO26-L09-Q056,BIO26-PDF054-L09-S2-Q056,BIO26-L09,أحياء 2,شوكيات الجلد واللافقاريات الحبلية,54,2,56,C,2,تجميعات الأحياء 2026 — مفتاح الإجابة في PDF p.54,SOURCE_ANSWER_STRIP_EMBEDDED_TEXT,PASS_SOURCE_KEY
TAH-BIO-BIO26-L09-Q057,BIO26-PDF054-L09-S2-Q057,BIO26-L09,أحياء 2,شوكيات الجلد واللافقاريات الحبلية,54,2,57,D,3,تجميعات الأحياء 2026 — مفتاح الإجابة في PDF p.54,SOURCE_ANSWER_STRIP_EMBEDDED_TEXT,PASS_SOURCE_KEY
TAH-BIO-BIO26-L10-Q001,BIO26-PDF055-L10-S1-Q001,BIO26-L10,أحياء 2,الأسماك,55,1,1,A,0,تجميعات الأحياء 2026 — مفتاح الإجابة في PDF p.55,SOURCE_ANSWER_STRIP_EMBEDDED_TEXT,PASS_SOURCE_KEY
TAH-BIO-BIO26-L10-Q002,BIO26-PDF055-L10-S1-Q002,BIO26-L10,أحياء 2,الأسماك,55,1,2,A,0,تجميعات الأحياء 2026 — مفتاح الإجابة في PDF p.55,SOURCE_ANSWER_STRIP_EMBEDDED_TEXT,PASS_SOURCE_KEY
TAH-BIO-BIO26-L10-Q003,BIO26-PDF055-L10-S1-Q003,BIO26-L10,أحياء 2,الأسماك,55,1,3,C,2,تجميعات الأحياء 2026 — مفتاح الإجابة في PDF p.55,SOURCE_ANSWER_STRIP_EMBEDDED_TEXT,PASS_SOURCE_KEY
TAH-BIO-BIO26-L10-Q004,BIO26-PDF055-L10-S1-Q004,BIO26-L10,أحياء 2,الأسماك,55,1,4,A,0,تجميعات الأحياء 2026 — مفتاح الإجابة في PDF p.55,SOURCE_ANSWER_STRIP_EMBEDDED_TEXT,PASS_SOURCE_KEY
TAH-BIO-BIO26-L10-Q005,BIO26-PDF055-L10-S1-Q005,BIO26-L10,أحياء 2,الأسماك,55,1,5,A,0,تجميعات الأحياء 2026 — مفتاح الإجابة في PDF p.55,SOURCE_ANSWER_STRIP_EMBEDDED_TEXT,PASS_SOURCE_KEY
TAH-BIO-BIO26-L10-Q006,BIO26-PDF055-L10-S1-Q006,BIO26-L10,أحياء 2,الأسماك,55,1,6,D,3,تجميعات الأحياء 2026 — مفتاح الإجابة في PDF p.55,SOURCE_ANSWER_STRIP_EMBEDDED_TEXT,PASS_SOURCE_KEY
TAH-BIO-BIO26-L10-Q007,BIO26-PDF055-L10-S1-Q007,BIO26-L10,أحياء 2,الأسماك,55,1,7,A,0,تجميعات الأحياء 2026 — مفتاح الإجابة في PDF p.55,SOURCE_ANSWER_STRIP_EMBEDDED_TEXT,PASS_SOURCE_KEY
TAH-BIO-BIO26-L10-Q008,BIO26-PDF055-L10-S1-Q008,BIO26-L10,أحياء 2,الأسماك,55,1,8,B,1,تجميعات الأحياء 2026 — مفتاح الإجابة في PDF p.55,SOURCE_ANSWER_STRIP_EMBEDDED_TEXT,PASS_SOURCE_KEY
TAH-BIO-BIO26-L10-Q009,BIO26-PDF055-L10-S1-Q009,BIO26-L10,أحياء 2,الأسماك,55,1,9,A,0,تجميعات الأحياء 2026 — مفتاح الإجابة في PDF p.55,SOURCE_ANSWER_STRIP_EMBEDDED_TEXT,PASS_SOURCE_KEY
TAH-BIO-BIO26-L10-Q010,BIO26-PDF055-L10-S1-Q010,BIO26-L10,أحياء 2,الأسماك,55,1,10,B,1,تجميعات الأحياء 2026 — مفتاح الإجابة في PDF p.55,SOURCE_ANSWER_STRIP_EMBEDDED_TEXT,PASS_SOURCE_KEY
TAH-BIO-BIO26-L10-Q011,BIO26-PDF055-L10-S1-Q011,BIO26-L10,أحياء 2,الأسماك,55,1,11,B,1,تجميعات الأحياء 2026 — مفتاح الإجابة في PDF p.55,SOURCE_ANSWER_STRIP_EMBEDDED_TEXT,PASS_SOURCE_KEY
TAH-BIO-BIO26-L10-Q012,BIO26-PDF055-L10-S1-Q012,BIO26-L10,أحياء 2,الأسماك,55,1,12,A,0,تجميعات الأحياء 2026 — مفتاح الإجابة في PDF p.55,SOURCE_ANSWER_STRIP_EMBEDDED_TEXT,PASS_SOURCE_KEY
TAH-BIO-BIO26-L10-Q013,BIO26-PDF055-L10-S1-Q013,BIO26-L10,أحياء 2,الأسماك,55,1,13,B,1,تجميعات الأحياء 2026 — مفتاح الإجابة في PDF p.55,SOURCE_ANSWER_STRIP_EMBEDDED_TEXT,PASS_SOURCE_KEY
TAH-BIO-BIO26-L10-Q014,BIO26-PDF055-L10-S1-Q014,BIO26-L10,أحياء 2,الأسماك,55,1,14,A,0,تجميعات الأحياء 2026 — مفتاح الإجابة في PDF p.55,SOURCE_ANSWER_STRIP_EMBEDDED_TEXT,PASS_SOURCE_KEY
TAH-BIO-BIO26-L10-Q015,BIO26-PDF055-L10-S1-Q015,BIO26-L10,أحياء 2,الأسماك,55,1,15,B,1,تجميعات الأحياء 2026 — مفتاح الإجابة في PDF p.55,SOURCE_ANSWER_STRIP_EMBEDDED_TEXT,PASS_SOURCE_KEY
TAH-BIO-BIO26-L10-Q016,BIO26-PDF055-L10-S1-Q016,BIO26-L10,أحياء 2,الأسماك,55,1,16,A,0,تجميعات الأحياء 2026 — مفتاح الإجابة في PDF p.55,SOURCE_ANSWER_STRIP_EMBEDDED_TEXT,PASS_SOURCE_KEY
TAH-BIO-BIO26-L10-Q017,BIO26-PDF055-L10-S1-Q017,BIO26-L10,أحياء 2,الأسماك,55,1,17,B,1,تجميعات الأحياء 2026 — مفتاح الإجابة في PDF p.55,SOURCE_ANSWER_STRIP_EMBEDDED_TEXT,PASS_SOURCE_KEY
TAH-BIO-BIO26-L10-Q018,BIO26-PDF056-L10-S1-Q018,BIO26-L10,أحياء 2,الأسماك,56,1,18,B,1,تجميعات الأحياء 2026 — مفتاح الإجابة في PDF p.56,SOURCE_ANSWER_STRIP_EMBEDDED_TEXT,PASS_SOURCE_KEY
TAH-BIO-BIO26-L10-Q019,BIO26-PDF056-L10-S1-Q019,BIO26-L10,أحياء 2,الأسماك,56,1,19,B,1,تجميعات الأحياء 2026 — مفتاح الإجابة في PDF p.56,SOURCE_ANSWER_STRIP_EMBEDDED_TEXT,PASS_SOURCE_KEY
TAH-BIO-BIO26-L10-Q020,BIO26-PDF056-L10-S1-Q020,BIO26-L10,أحياء 2,الأسماك,56,1,20,D,3,تجميعات الأحياء 2026 — مفتاح الإجابة في PDF p.56,SOURCE_ANSWER_STRIP_EMBEDDED_TEXT,PASS_SOURCE_KEY
TAH-BIO-BIO26-L10-Q021,BIO26-PDF056-L10-S1-Q021,BIO26-L10,أحياء 2,الأسماك,56,1,21,A,0,تجميعات الأحياء 2026 — مفتاح الإجابة في PDF p.56,SOURCE_ANSWER_STRIP_EMBEDDED_TEXT,PASS_SOURCE_KEY
TAH-BIO-BIO26-L10-Q022,BIO26-PDF056-L10-S1-Q022,BIO26-L10,أحياء 2,الأسماك,56,1,22,B,1,تجميعات الأحياء 2026 — مفتاح الإجابة في PDF p.56,SOURCE_ANSWER_STRIP_EMBEDDED_TEXT,PASS_SOURCE_KEY
TAH-BIO-BIO26-L10-Q023,BIO26-PDF056-L10-S1-Q023,BIO26-L10,أحياء 2,الأسماك,56,1,23,B,1,تجميعات الأحياء 2026 — مفتاح الإجابة في PDF p.56,SOURCE_ANSWER_STRIP_EMBEDDED_TEXT,PASS_SOURCE_KEY
TAH-BIO-BIO26-L10-Q024,BIO26-PDF056-L10-S1-Q024,BIO26-L10,أحياء 2,الأسماك,56,1,24,C,2,تجميعات الأحياء 2026 — مفتاح الإجابة في PDF p.56,SOURCE_ANSWER_STRIP_EMBEDDED_TEXT,PASS_SOURCE_KEY
TAH-BIO-BIO26-L10-Q025,BIO26-PDF056-L10-S1-Q025,BIO26-L10,أحياء 2,الأسماك,56,1,25,A,0,تجميعات الأحياء 2026 — مفتاح الإجابة في PDF p.56,SOURCE_ANSWER_STRIP_EMBEDDED_TEXT,PASS_SOURCE_KEY
TAH-BIO-BIO26-L10-Q026,BIO26-PDF056-L10-S1-Q026,BIO26-L10,أحياء 2,الأسماك,56,1,26,D,3,تجميعات الأحياء 2026 — مفتاح الإجابة في PDF p.56,SOURCE_ANSWER_STRIP_EMBEDDED_TEXT,PASS_SOURCE_KEY
TAH-BIO-BIO26-L10-Q027,BIO26-PDF056-L10-S1-Q027,BIO26-L10,أحياء 2,الأسماك,56,1,27,B,1,تجميعات الأحياء 2026 — مفتاح الإجابة في PDF p.56,SOURCE_ANSWER_STRIP_EMBEDDED_TEXT,PASS_SOURCE_KEY
TAH-BIO-BIO26-L10-Q028,BIO26-PDF056-L10-S1-Q028,BIO26-L10,أحياء 2,الأسماك,56,1,28,A,0,تجميعات الأحياء 2026 — مفتاح الإجابة في PDF p.56,SOURCE_ANSWER_STRIP_EMBEDDED_TEXT,PASS_SOURCE_KEY
TAH-BIO-BIO26-L10-Q029,BIO26-PDF056-L10-S1-Q029,BIO26-L10,أحياء 2,الأسماك,56,1,29,C,2,تجميعات الأحياء 2026 — مفتاح الإجابة في PDF p.56,SOURCE_ANSWER_STRIP_EMBEDDED_TEXT,PASS_SOURCE_KEY
TAH-BIO-BIO26-L10-Q030,BIO26-PDF056-L10-S1-Q030,BIO26-L10,أحياء 2,الأسماك,56,1,30,A,0,تجميعات الأحياء 2026 — مفتاح الإجابة في PDF p.56,SOURCE_ANSWER_STRIP_EMBEDDED_TEXT,PASS_SOURCE_KEY
TAH-BIO-BIO26-L10-Q031,BIO26-PDF057-L10-S1-Q031,BIO26-L10,أحياء 2,الأسماك,57,1,31,C,2,تجميعات الأحياء 2026 — مفتاح الإجابة في PDF p.57,SOURCE_ANSWER_STRIP_EMBEDDED_TEXT,PASS_SOURCE_KEY
TAH-BIO-BIO26-L10-Q032,BIO26-PDF057-L10-S1-Q032,BIO26-L10,أحياء 2,الأسماك,57,1,32,A,0,تجميعات الأحياء 2026 — مفتاح الإجابة في PDF p.57,SOURCE_ANSWER_STRIP_EMBEDDED_TEXT,PASS_SOURCE_KEY
TAH-BIO-BIO26-L10-Q033,BIO26-PDF057-L10-S1-Q033,BIO26-L10,أحياء 2,الأسماك,57,1,33,D,3,تجميعات الأحياء 2026 — مفتاح الإجابة في PDF p.57,SOURCE_ANSWER_STRIP_EMBEDDED_TEXT,PASS_SOURCE_KEY
TAH-BIO-BIO26-L10-Q034,BIO26-PDF057-L10-S1-Q034,BIO26-L10,أحياء 2,الأسماك,57,1,34,D,3,تجميعات الأحياء 2026 — مفتاح الإجابة في PDF p.57,SOURCE_ANSWER_STRIP_EMBEDDED_TEXT,PASS_SOURCE_KEY
TAH-BIO-BIO26-L10-Q035,BIO26-PDF057-L10-S1-Q035,BIO26-L10,أحياء 2,الأسماك,57,1,35,D,3,تجميعات الأحياء 2026 — مفتاح الإجابة في PDF p.57,SOURCE_ANSWER_STRIP_EMBEDDED_TEXT,PASS_SOURCE_KEY
TAH-BIO-BIO26-L10-Q036,BIO26-PDF057-L10-S1-Q036,BIO26-L10,أحياء 2,الأسماك,57,1,36,C,2,تجميعات الأحياء 2026 — مفتاح الإجابة في PDF p.57,SOURCE_ANSWER_STRIP_EMBEDDED_TEXT,PASS_SOURCE_KEY
TAH-BIO-BIO26-L10-Q037,BIO26-PDF057-L10-S1-Q037,BIO26-L10,أحياء 2,الأسماك,57,1,37,B,1,تجميعات الأحياء 2026 — مفتاح الإجابة في PDF p.57,SOURCE_ANSWER_STRIP_EMBEDDED_TEXT,PASS_SOURCE_KEY
TAH-BIO-BIO26-L10-Q038,BIO26-PDF057-L10-S1-Q038,BIO26-L10,أحياء 2,الأسماك,57,1,38,A,0,تجميعات الأحياء 2026 — مفتاح الإجابة في PDF p.57,SOURCE_ANSWER_STRIP_EMBEDDED_TEXT,PASS_SOURCE_KEY
TAH-BIO-BIO26-L10-Q039,BIO26-PDF057-L10-S1-Q039,BIO26-L10,أحياء 2,الأسماك,57,1,39,D,3,تجميعات الأحياء 2026 — مفتاح الإجابة في PDF p.57,SOURCE_ANSWER_STRIP_EMBEDDED_TEXT,PASS_SOURCE_KEY
TAH-BIO-BIO26-L10-Q040,BIO26-PDF058-L10-S2-Q040,BIO26-L10,أحياء 2,الأسماك,58,2,40,A,0,تجميعات الأحياء 2026 — مفتاح الإجابة في PDF p.58,SOURCE_ANSWER_STRIP_EMBEDDED_TEXT,PASS_SOURCE_KEY
TAH-BIO-BIO26-L10-Q041,BIO26-PDF058-L10-S2-Q041,BIO26-L10,أحياء 2,الأسماك,58,2,41,A,0,تجميعات الأحياء 2026 — مفتاح الإجابة في PDF p.58,SOURCE_ANSWER_STRIP_EMBEDDED_TEXT,PASS_SOURCE_KEY
TAH-BIO-BIO26-L10-Q042,BIO26-PDF058-L10-S2-Q042,BIO26-L10,أحياء 2,الأسماك,58,2,42,B,1,تجميعات الأحياء 2026 — مفتاح الإجابة في PDF p.58,SOURCE_ANSWER_STRIP_EMBEDDED_TEXT,PASS_SOURCE_KEY
TAH-BIO-BIO26-L10-Q043,BIO26-PDF058-L10-S2-Q043,BIO26-L10,أحياء 2,الأسماك,58,2,43,B,1,تجميعات الأحياء 2026 — مفتاح الإجابة في PDF p.58,SOURCE_ANSWER_STRIP_EMBEDDED_TEXT,PASS_SOURCE_KEY
TAH-BIO-BIO26-L10-Q044,BIO26-PDF058-L10-S2-Q044,BIO26-L10,أحياء 2,الأسماك,58,2,44,C,2,تجميعات الأحياء 2026 — مفتاح الإجابة في PDF p.58,SOURCE_ANSWER_STRIP_EMBEDDED_TEXT,PASS_SOURCE_KEY
TAH-BIO-BIO26-L10-Q045,BIO26-PDF058-L10-S2-Q045,BIO26-L10,أحياء 2,الأسماك,58,2,45,A,0,تجميعات الأحياء 2026 — مفتاح الإجابة في PDF p.58,SOURCE_ANSWER_STRIP_EMBEDDED_TEXT,PASS_SOURCE_KEY
TAH-BIO-BIO26-L10-Q046,BIO26-PDF058-L10-S2-Q046,BIO26-L10,أحياء 2,الأسماك,58,2,46,B,1,تجميعات الأحياء 2026 — مفتاح الإجابة في PDF p.58,SOURCE_ANSWER_STRIP_EMBEDDED_TEXT,PASS_SOURCE_KEY
TAH-BIO-BIO26-L10-Q047,BIO26-PDF058-L10-S2-Q047,BIO26-L10,أحياء 2,الأسماك,58,2,47,A,0,تجميعات الأحياء 2026 — مفتاح الإجابة في PDF p.58,SOURCE_ANSWER_STRIP_EMBEDDED_TEXT,PASS_SOURCE_KEY
TAH-BIO-BIO26-L10-Q048,BIO26-PDF058-L10-S2-Q048,BIO26-L10,أحياء 2,الأسماك,58,2,48,B,1,تجميعات الأحياء 2026 — مفتاح الإجابة في PDF p.58,SOURCE_ANSWER_STRIP_EMBEDDED_TEXT,PASS_SOURCE_KEY
TAH-BIO-BIO26-L10-Q049,BIO26-PDF058-L10-S2-Q049,BIO26-L10,أحياء 2,الأسماك,58,2,49,A,0,تجميعات الأحياء 2026 — مفتاح الإجابة في PDF p.58,SOURCE_ANSWER_STRIP_EMBEDDED_TEXT,PASS_SOURCE_KEY
TAH-BIO-BIO26-L10-Q050,BIO26-PDF058-L10-S2-Q050,BIO26-L10,أحياء 2,الأسماك,58,2,50,A,0,تجميعات الأحياء 2026 — مفتاح الإجابة في PDF p.58,SOURCE_ANSWER_STRIP_EMBEDDED_TEXT,PASS_SOURCE_KEY
TAH-BIO-BIO26-L10-Q051,BIO26-PDF058-L10-S2-Q051,BIO26-L10,أحياء 2,الأسماك,58,2,51,B,1,تجميعات الأحياء 2026 — مفتاح الإجابة في PDF p.58,SOURCE_ANSWER_STRIP_EMBEDDED_TEXT,PASS_SOURCE_KEY
TAH-BIO-BIO26-L10-Q052,BIO26-PDF058-L10-S2-Q052,BIO26-L10,أحياء 2,الأسماك,58,2,52,B,1,تجميعات الأحياء 2026 — مفتاح الإجابة في PDF p.58,SOURCE_ANSWER_STRIP_EMBEDDED_TEXT,PASS_SOURCE_KEY
TAH-BIO-BIO26-L10-Q053,BIO26-PDF058-L10-S2-Q053,BIO26-L10,أحياء 2,الأسماك,58,2,53,A,0,تجميعات الأحياء 2026 — مفتاح الإجابة في PDF p.58,SOURCE_ANSWER_STRIP_EMBEDDED_TEXT,PASS_SOURCE_KEY
TAH-BIO-BIO26-L10-Q054,BIO26-PDF058-L10-S2-Q054,BIO26-L10,أحياء 2,الأسماك,58,2,54,D,3,تجميعات الأحياء 2026 — مفتاح الإجابة في PDF p.58,SOURCE_ANSWER_STRIP_EMBEDDED_TEXT,PASS_SOURCE_KEY
TAH-BIO-BIO26-L10-Q055,BIO26-PDF058-L10-S2-Q055,BIO26-L10,أحياء 2,الأسماك,58,2,55,C,2,تجميعات الأحياء 2026 — مفتاح الإجابة في PDF p.58,SOURCE_ANSWER_STRIP_EMBEDDED_TEXT,PASS_SOURCE_KEY
TAH-BIO-BIO26-L10-Q056,BIO26-PDF059-L10-S2-Q056,BIO26-L10,أحياء 2,الأسماك,59,2,56,B,1,تجميعات الأحياء 2026 — مفتاح الإجابة في PDF p.59,SOURCE_ANSWER_STRIP_EMBEDDED_TEXT,PASS_SOURCE_KEY
TAH-BIO-BIO26-L10-Q057,BIO26-PDF059-L10-S2-Q057,BIO26-L10,أحياء 2,الأسماك,59,2,57,D,3,تجميعات الأحياء 2026 — مفتاح الإجابة في PDF p.59,SOURCE_ANSWER_STRIP_EMBEDDED_TEXT,PASS_SOURCE_KEY
TAH-BIO-BIO26-L10-Q058,BIO26-PDF059-L10-S2-Q058,BIO26-L10,أحياء 2,الأسماك,59,2,58,B,1,تجميعات الأحياء 2026 — مفتاح الإجابة في PDF p.59,SOURCE_ANSWER_STRIP_EMBEDDED_TEXT,PASS_SOURCE_KEY
TAH-BIO-BIO26-L10-Q059,BIO26-PDF059-L10-S2-Q059,BIO26-L10,أحياء 2,الأسماك,59,2,59,A,0,تجميعات الأحياء 2026 — مفتاح الإجابة في PDF p.59,SOURCE_ANSWER_STRIP_EMBEDDED_TEXT,PASS_SOURCE_KEY
TAH-BIO-BIO26-L10-Q060,BIO26-PDF059-L10-S2-Q060,BIO26-L10,أحياء 2,الأسماك,59,2,60,A,0,تجميعات الأحياء 2026 — مفتاح الإجابة في PDF p.59,SOURCE_ANSWER_STRIP_EMBEDDED_TEXT,PASS_SOURCE_KEY
TAH-BIO-BIO26-L10-Q061,BIO26-PDF059-L10-S2-Q061,BIO26-L10,أحياء 2,الأسماك,59,2,61,C,2,تجميعات الأحياء 2026 — مفتاح الإجابة في PDF p.59,SOURCE_ANSWER_STRIP_EMBEDDED_TEXT,PASS_SOURCE_KEY
TAH-BIO-BIO26-L11-Q001,BIO26-PDF060-L11-S1-Q001,BIO26-L11,أحياء 2,البرمائيات,60,1,1,A,0,تجميعات الأحياء 2026 — مفتاح الإجابة في PDF p.60,SOURCE_ANSWER_STRIP_EMBEDDED_TEXT,PASS_SOURCE_KEY
TAH-BIO-BIO26-L11-Q002,BIO26-PDF060-L11-S1-Q002,BIO26-L11,أحياء 2,البرمائيات,60,1,2,B,1,تجميعات الأحياء 2026 — مفتاح الإجابة في PDF p.60,SOURCE_ANSWER_STRIP_EMBEDDED_TEXT,PASS_SOURCE_KEY
TAH-BIO-BIO26-L11-Q003,BIO26-PDF060-L11-S1-Q003,BIO26-L11,أحياء 2,البرمائيات,60,1,3,D,3,تجميعات الأحياء 2026 — مفتاح الإجابة في PDF p.60,SOURCE_ANSWER_STRIP_EMBEDDED_TEXT,PASS_SOURCE_KEY
TAH-BIO-BIO26-L11-Q004,BIO26-PDF060-L11-S1-Q004,BIO26-L11,أحياء 2,البرمائيات,60,1,4,A,0,تجميعات الأحياء 2026 — مفتاح الإجابة في PDF p.60,SOURCE_ANSWER_STRIP_EMBEDDED_TEXT,PASS_SOURCE_KEY
TAH-BIO-BIO26-L11-Q005,BIO26-PDF060-L11-S1-Q005,BIO26-L11,أحياء 2,البرمائيات,60,1,5,A,0,تجميعات الأحياء 2026 — مفتاح الإجابة في PDF p.60,SOURCE_ANSWER_STRIP_EMBEDDED_TEXT,PASS_SOURCE_KEY
TAH-BIO-BIO26-L11-Q006,BIO26-PDF060-L11-S1-Q006,BIO26-L11,أحياء 2,البرمائيات,60,1,6,D,3,تجميعات الأحياء 2026 — مفتاح الإجابة في PDF p.60,SOURCE_ANSWER_STRIP_EMBEDDED_TEXT,PASS_SOURCE_KEY
TAH-BIO-BIO26-L11-Q007,BIO26-PDF060-L11-S1-Q007,BIO26-L11,أحياء 2,البرمائيات,60,1,7,D,3,تجميعات الأحياء 2026 — مفتاح الإجابة في PDF p.60,SOURCE_ANSWER_STRIP_EMBEDDED_TEXT,PASS_SOURCE_KEY
TAH-BIO-BIO26-L11-Q008,BIO26-PDF060-L11-S1-Q008,BIO26-L11,أحياء 2,البرمائيات,60,1,8,C,2,تجميعات الأحياء 2026 — مفتاح الإجابة في PDF p.60,SOURCE_ANSWER_STRIP_EMBEDDED_TEXT,PASS_SOURCE_KEY
TAH-BIO-BIO26-L11-Q009,BIO26-PDF060-L11-S1-Q009,BIO26-L11,أحياء 2,البرمائيات,60,1,9,B,1,تجميعات الأحياء 2026 — مفتاح الإجابة في PDF p.60,SOURCE_ANSWER_STRIP_EMBEDDED_TEXT,PASS_SOURCE_KEY
TAH-BIO-BIO26-L11-Q010,BIO26-PDF060-L11-S1-Q010,BIO26-L11,أحياء 2,البرمائيات,60,1,10,A,0,تجميعات الأحياء 2026 — مفتاح الإجابة في PDF p.60,SOURCE_ANSWER_STRIP_EMBEDDED_TEXT,PASS_SOURCE_KEY
TAH-BIO-BIO26-L11-Q011,BIO26-PDF060-L11-S1-Q011,BIO26-L11,أحياء 2,البرمائيات,60,1,11,C,2,تجميعات الأحياء 2026 — مفتاح الإجابة في PDF p.60,SOURCE_ANSWER_STRIP_EMBEDDED_TEXT,PASS_SOURCE_KEY
TAH-BIO-BIO26-L11-Q012,BIO26-PDF060-L11-S1-Q012,BIO26-L11,أحياء 2,البرمائيات,60,1,12,A,0,تجميعات الأحياء 2026 — مفتاح الإجابة في PDF p.60,SOURCE_ANSWER_STRIP_EMBEDDED_TEXT,PASS_SOURCE_KEY
TAH-BIO-BIO26-L11-Q013,BIO26-PDF060-L11-S1-Q013,BIO26-L11,أحياء 2,البرمائيات,60,1,13,A,0,تجميعات الأحياء 2026 — مفتاح الإجابة في PDF p.60,SOURCE_ANSWER_STRIP_EMBEDDED_TEXT,PASS_SOURCE_KEY
TAH-BIO-BIO26-L11-Q014,BIO26-PDF060-L11-S1-Q014,BIO26-L11,أحياء 2,البرمائيات,60,1,14,D,3,تجميعات الأحياء 2026 — مفتاح الإجابة في PDF p.60,SOURCE_ANSWER_STRIP_EMBEDDED_TEXT,PASS_SOURCE_KEY
TAH-BIO-BIO26-L11-Q015,BIO26-PDF060-L11-S1-Q015,BIO26-L11,أحياء 2,البرمائيات,60,1,15,D,3,تجميعات الأحياء 2026 — مفتاح الإجابة في PDF p.60,SOURCE_ANSWER_STRIP_EMBEDDED_TEXT,PASS_SOURCE_KEY
TAH-BIO-BIO26-L11-Q016,BIO26-PDF061-L11-S1-Q016,BIO26-L11,أحياء 2,البرمائيات,61,1,16,A,0,تجميعات الأحياء 2026 — مفتاح الإجابة في PDF p.61,SOURCE_ANSWER_STRIP_EMBEDDED_TEXT,PASS_SOURCE_KEY
TAH-BIO-BIO26-L11-Q017,BIO26-PDF061-L11-S1-Q017,BIO26-L11,أحياء 2,البرمائيات,61,1,17,B,1,تجميعات الأحياء 2026 — مفتاح الإجابة في PDF p.61,SOURCE_ANSWER_STRIP_EMBEDDED_TEXT,PASS_SOURCE_KEY
TAH-BIO-BIO26-L11-Q018,BIO26-PDF061-L11-S1-Q018,BIO26-L11,أحياء 2,البرمائيات,61,1,18,C,2,تجميعات الأحياء 2026 — مفتاح الإجابة في PDF p.61,SOURCE_ANSWER_STRIP_EMBEDDED_TEXT,PASS_SOURCE_KEY
TAH-BIO-BIO26-L11-Q019,BIO26-PDF061-L11-S1-Q019,BIO26-L11,أحياء 2,البرمائيات,61,1,19,B,1,تجميعات الأحياء 2026 — مفتاح الإجابة في PDF p.61,SOURCE_ANSWER_STRIP_EMBEDDED_TEXT,PASS_SOURCE_KEY
TAH-BIO-BIO26-L11-Q020,BIO26-PDF061-L11-S1-Q020,BIO26-L11,أحياء 2,البرمائيات,61,1,20,A,0,تجميعات الأحياء 2026 — مفتاح الإجابة في PDF p.61,SOURCE_ANSWER_STRIP_EMBEDDED_TEXT,PASS_SOURCE_KEY
TAH-BIO-BIO26-L11-Q021,BIO26-PDF061-L11-S1-Q021,BIO26-L11,أحياء 2,البرمائيات,61,1,21,A,0,تجميعات الأحياء 2026 — مفتاح الإجابة في PDF p.61,SOURCE_ANSWER_STRIP_EMBEDDED_TEXT,PASS_SOURCE_KEY
TAH-BIO-BIO26-L11-Q022,BIO26-PDF061-L11-S1-Q022,BIO26-L11,أحياء 2,البرمائيات,61,1,22,A,0,تجميعات الأحياء 2026 — مفتاح الإجابة في PDF p.61,SOURCE_ANSWER_STRIP_EMBEDDED_TEXT,PASS_SOURCE_KEY
TAH-BIO-BIO26-L11-Q023,BIO26-PDF062-L11-S2-Q023,BIO26-L11,أحياء 2,البرمائيات,62,2,23,B,1,تجميعات الأحياء 2026 — مفتاح الإجابة في PDF p.62,SOURCE_ANSWER_STRIP_EMBEDDED_TEXT,PASS_SOURCE_KEY
TAH-BIO-BIO26-L11-Q024,BIO26-PDF062-L11-S2-Q024,BIO26-L11,أحياء 2,البرمائيات,62,2,24,B,1,تجميعات الأحياء 2026 — مفتاح الإجابة في PDF p.62,SOURCE_ANSWER_STRIP_EMBEDDED_TEXT,PASS_SOURCE_KEY
TAH-BIO-BIO26-L11-Q025,BIO26-PDF062-L11-S2-Q025,BIO26-L11,أحياء 2,البرمائيات,62,2,25,C,2,تجميعات الأحياء 2026 — مفتاح الإجابة في PDF p.62,SOURCE_ANSWER_STRIP_EMBEDDED_TEXT,PASS_SOURCE_KEY
TAH-BIO-BIO26-L11-Q026,BIO26-PDF062-L11-S2-Q026,BIO26-L11,أحياء 2,البرمائيات,62,2,26,B,1,تجميعات الأحياء 2026 — مفتاح الإجابة في PDF p.62,SOURCE_ANSWER_STRIP_EMBEDDED_TEXT,PASS_SOURCE_KEY
TAH-BIO-BIO26-L11-Q027,BIO26-PDF062-L11-S2-Q027,BIO26-L11,أحياء 2,البرمائيات,62,2,27,D,3,تجميعات الأحياء 2026 — مفتاح الإجابة في PDF p.62,SOURCE_ANSWER_STRIP_EMBEDDED_TEXT,PASS_SOURCE_KEY
TAH-BIO-BIO26-L11-Q028,BIO26-PDF062-L11-S2-Q028,BIO26-L11,أحياء 2,البرمائيات,62,2,28,B,1,تجميعات الأحياء 2026 — مفتاح الإجابة في PDF p.62,SOURCE_ANSWER_STRIP_EMBEDDED_TEXT,PASS_SOURCE_KEY
TAH-BIO-BIO26-L11-Q029,BIO26-PDF062-L11-S2-Q029,BIO26-L11,أحياء 2,البرمائيات,62,2,29,A,0,تجميعات الأحياء 2026 — مفتاح الإجابة في PDF p.62,SOURCE_ANSWER_STRIP_EMBEDDED_TEXT,PASS_SOURCE_KEY
TAH-BIO-BIO26-L11-Q030,BIO26-PDF062-L11-S2-Q030,BIO26-L11,أحياء 2,البرمائيات,62,2,30,B,1,تجميعات الأحياء 2026 — مفتاح الإجابة في PDF p.62,SOURCE_ANSWER_STRIP_EMBEDDED_TEXT,PASS_SOURCE_KEY
TAH-BIO-BIO26-L11-Q031,BIO26-PDF062-L11-S2-Q031,BIO26-L11,أحياء 2,البرمائيات,62,2,31,D,3,تجميعات الأحياء 2026 — مفتاح الإجابة في PDF p.62,SOURCE_ANSWER_STRIP_EMBEDDED_TEXT,PASS_SOURCE_KEY
TAH-BIO-BIO26-L11-Q032,BIO26-PDF062-L11-S2-Q032,BIO26-L11,أحياء 2,البرمائيات,62,2,32,C,2,تجميعات الأحياء 2026 — مفتاح الإجابة في PDF p.62,SOURCE_ANSWER_STRIP_EMBEDDED_TEXT,PASS_SOURCE_KEY
TAH-BIO-BIO26-L11-Q033,BIO26-PDF062-L11-S2-Q033,BIO26-L11,أحياء 2,البرمائيات,62,2,33,B,1,تجميعات الأحياء 2026 — مفتاح الإجابة في PDF p.62,SOURCE_ANSWER_STRIP_EMBEDDED_TEXT,PASS_SOURCE_KEY
TAH-BIO-BIO26-L11-Q034,BIO26-PDF062-L11-S2-Q034,BIO26-L11,أحياء 2,البرمائيات,62,2,34,A,0,تجميعات الأحياء 2026 — مفتاح الإجابة في PDF p.62,SOURCE_ANSWER_STRIP_EMBEDDED_TEXT,PASS_SOURCE_KEY
TAH-BIO-BIO26-L11-Q035,BIO26-PDF062-L11-S2-Q035,BIO26-L11,أحياء 2,البرمائيات,62,2,35,B,1,تجميعات الأحياء 2026 — مفتاح الإجابة في PDF p.62,SOURCE_ANSWER_STRIP_EMBEDDED_TEXT,PASS_SOURCE_KEY
TAH-BIO-BIO26-L11-Q036,BIO26-PDF062-L11-S2-Q036,BIO26-L11,أحياء 2,البرمائيات,62,2,36,B,1,تجميعات الأحياء 2026 — مفتاح الإجابة في PDF p.62,SOURCE_ANSWER_STRIP_EMBEDDED_TEXT,PASS_SOURCE_KEY
TAH-BIO-BIO26-L11-Q037,BIO26-PDF062-L11-S2-Q037,BIO26-L11,أحياء 2,البرمائيات,62,2,37,A,0,تجميعات الأحياء 2026 — مفتاح الإجابة في PDF p.62,SOURCE_ANSWER_STRIP_EMBEDDED_TEXT,PASS_SOURCE_KEY
TAH-BIO-BIO26-L11-Q038,BIO26-PDF062-L11-S2-Q038,BIO26-L11,أحياء 2,البرمائيات,62,2,38,B,1,تجميعات الأحياء 2026 — مفتاح الإجابة في PDF p.62,SOURCE_ANSWER_STRIP_EMBEDDED_TEXT,PASS_SOURCE_KEY
TAH-BIO-BIO26-L11-Q039,BIO26-PDF062-L11-S2-Q039,BIO26-L11,أحياء 2,البرمائيات,62,2,39,D,3,تجميعات الأحياء 2026 — مفتاح الإجابة في PDF p.62,SOURCE_ANSWER_STRIP_EMBEDDED_TEXT,PASS_SOURCE_KEY
TAH-BIO-BIO26-L12-Q001,BIO26-PDF063-L12-S1-Q001,BIO26-L12,أحياء 2,الزواحف,63,1,1,C,2,تجميعات الأحياء 2026 — مفتاح الإجابة في PDF p.63,SOURCE_ANSWER_STRIP_EMBEDDED_TEXT,PASS_SOURCE_KEY
TAH-BIO-BIO26-L12-Q002,BIO26-PDF063-L12-S1-Q002,BIO26-L12,أحياء 2,الزواحف,63,1,2,D,3,تجميعات الأحياء 2026 — مفتاح الإجابة في PDF p.63,SOURCE_ANSWER_STRIP_EMBEDDED_TEXT,PASS_SOURCE_KEY
TAH-BIO-BIO26-L12-Q003,BIO26-PDF063-L12-S1-Q003,BIO26-L12,أحياء 2,الزواحف,63,1,3,A,0,تجميعات الأحياء 2026 — مفتاح الإجابة في PDF p.63,SOURCE_ANSWER_STRIP_EMBEDDED_TEXT,PASS_SOURCE_KEY
TAH-BIO-BIO26-L12-Q004,BIO26-PDF063-L12-S1-Q004,BIO26-L12,أحياء 2,الزواحف,63,1,4,C,2,تجميعات الأحياء 2026 — مفتاح الإجابة في PDF p.63,SOURCE_ANSWER_STRIP_EMBEDDED_TEXT,PASS_SOURCE_KEY
TAH-BIO-BIO26-L12-Q005,BIO26-PDF063-L12-S1-Q005,BIO26-L12,أحياء 2,الزواحف,63,1,5,A,0,تجميعات الأحياء 2026 — مفتاح الإجابة في PDF p.63,SOURCE_ANSWER_STRIP_EMBEDDED_TEXT,PASS_SOURCE_KEY
TAH-BIO-BIO26-L12-Q006,BIO26-PDF063-L12-S1-Q006,BIO26-L12,أحياء 2,الزواحف,63,1,6,A,0,تجميعات الأحياء 2026 — مفتاح الإجابة في PDF p.63,SOURCE_ANSWER_STRIP_EMBEDDED_TEXT,PASS_SOURCE_KEY
TAH-BIO-BIO26-L12-Q007,BIO26-PDF063-L12-S1-Q007,BIO26-L12,أحياء 2,الزواحف,63,1,7,C,2,تجميعات الأحياء 2026 — مفتاح الإجابة في PDF p.63,SOURCE_ANSWER_STRIP_EMBEDDED_TEXT,PASS_SOURCE_KEY
TAH-BIO-BIO26-L12-Q008,BIO26-PDF063-L12-S1-Q008,BIO26-L12,أحياء 2,الزواحف,63,1,8,C,2,تجميعات الأحياء 2026 — مفتاح الإجابة في PDF p.63,SOURCE_ANSWER_STRIP_EMBEDDED_TEXT,PASS_SOURCE_KEY
TAH-BIO-BIO26-L12-Q009,BIO26-PDF063-L12-S1-Q009,BIO26-L12,أحياء 2,الزواحف,63,1,9,B,1,تجميعات الأحياء 2026 — مفتاح الإجابة في PDF p.63,SOURCE_ANSWER_STRIP_EMBEDDED_TEXT,PASS_SOURCE_KEY
TAH-BIO-BIO26-L12-Q010,BIO26-PDF063-L12-S1-Q010,BIO26-L12,أحياء 2,الزواحف,63,1,10,A,0,تجميعات الأحياء 2026 — مفتاح الإجابة في PDF p.63,SOURCE_ANSWER_STRIP_EMBEDDED_TEXT,PASS_SOURCE_KEY
TAH-BIO-BIO26-L12-Q011,BIO26-PDF063-L12-S1-Q011,BIO26-L12,أحياء 2,الزواحف,63,1,11,B,1,تجميعات الأحياء 2026 — مفتاح الإجابة في PDF p.63,SOURCE_ANSWER_STRIP_EMBEDDED_TEXT,PASS_SOURCE_KEY
TAH-BIO-BIO26-L12-Q012,BIO26-PDF063-L12-S1-Q012,BIO26-L12,أحياء 2,الزواحف,63,1,12,B,1,تجميعات الأحياء 2026 — مفتاح الإجابة في PDF p.63,SOURCE_ANSWER_STRIP_EMBEDDED_TEXT,PASS_SOURCE_KEY
TAH-BIO-BIO26-L12-Q013,BIO26-PDF063-L12-S1-Q013,BIO26-L12,أحياء 2,الزواحف,63,1,13,B,1,تجميعات الأحياء 2026 — مفتاح الإجابة في PDF p.63,SOURCE_ANSWER_STRIP_EMBEDDED_TEXT,PASS_SOURCE_KEY
TAH-BIO-BIO26-L12-Q014,BIO26-PDF063-L12-S1-Q014,BIO26-L12,أحياء 2,الزواحف,63,1,14,B,1,تجميعات الأحياء 2026 — مفتاح الإجابة في PDF p.63,SOURCE_ANSWER_STRIP_EMBEDDED_TEXT,PASS_SOURCE_KEY
TAH-BIO-BIO26-L12-Q015,BIO26-PDF063-L12-S1-Q015,BIO26-L12,أحياء 2,الزواحف,63,1,15,D,3,تجميعات الأحياء 2026 — مفتاح الإجابة في PDF p.63,SOURCE_ANSWER_STRIP_EMBEDDED_TEXT,PASS_SOURCE_KEY
TAH-BIO-BIO26-L12-Q016,BIO26-PDF064-L12-S1-Q016,BIO26-L12,أحياء 2,الزواحف,64,1,16,D,3,تجميعات الأحياء 2026 — مفتاح الإجابة في PDF p.64,SOURCE_ANSWER_STRIP_EMBEDDED_TEXT,PASS_SOURCE_KEY
TAH-BIO-BIO26-L12-Q017,BIO26-PDF064-L12-S1-Q017,BIO26-L12,أحياء 2,الزواحف,64,1,17,A,0,تجميعات الأحياء 2026 — مفتاح الإجابة في PDF p.64,SOURCE_ANSWER_STRIP_EMBEDDED_TEXT,PASS_SOURCE_KEY
TAH-BIO-BIO26-L12-Q018,BIO26-PDF064-L12-S1-Q018,BIO26-L12,أحياء 2,الزواحف,64,1,18,B,1,تجميعات الأحياء 2026 — مفتاح الإجابة في PDF p.64,SOURCE_ANSWER_STRIP_EMBEDDED_TEXT,PASS_SOURCE_KEY
TAH-BIO-BIO26-L12-Q019,BIO26-PDF064-L12-S1-Q019,BIO26-L12,أحياء 2,الزواحف,64,1,19,A,0,تجميعات الأحياء 2026 — مفتاح الإجابة في PDF p.64,SOURCE_ANSWER_STRIP_EMBEDDED_TEXT,PASS_SOURCE_KEY
TAH-BIO-BIO26-L12-Q020,BIO26-PDF064-L12-S1-Q020,BIO26-L12,أحياء 2,الزواحف,64,1,20,A,0,تجميعات الأحياء 2026 — مفتاح الإجابة في PDF p.64,SOURCE_ANSWER_STRIP_EMBEDDED_TEXT,PASS_SOURCE_KEY
TAH-BIO-BIO26-L12-Q021,BIO26-PDF065-L12-S2-Q021,BIO26-L12,أحياء 2,الزواحف,65,2,21,A,0,تجميعات الأحياء 2026 — مفتاح الإجابة في PDF p.65,SOURCE_ANSWER_STRIP_EMBEDDED_TEXT,PASS_SOURCE_KEY
TAH-BIO-BIO26-L12-Q022,BIO26-PDF065-L12-S2-Q022,BIO26-L12,أحياء 2,الزواحف,65,2,22,B,1,تجميعات الأحياء 2026 — مفتاح الإجابة في PDF p.65,SOURCE_ANSWER_STRIP_EMBEDDED_TEXT,PASS_SOURCE_KEY
TAH-BIO-BIO26-L12-Q023,BIO26-PDF065-L12-S2-Q023,BIO26-L12,أحياء 2,الزواحف,65,2,23,B,1,تجميعات الأحياء 2026 — مفتاح الإجابة في PDF p.65,SOURCE_ANSWER_STRIP_EMBEDDED_TEXT,PASS_SOURCE_KEY
TAH-BIO-BIO26-L12-Q024,BIO26-PDF065-L12-S2-Q024,BIO26-L12,أحياء 2,الزواحف,65,2,24,C,2,تجميعات الأحياء 2026 — مفتاح الإجابة في PDF p.65,SOURCE_ANSWER_STRIP_EMBEDDED_TEXT,PASS_SOURCE_KEY
TAH-BIO-BIO26-L12-Q025,BIO26-PDF065-L12-S2-Q025,BIO26-L12,أحياء 2,الزواحف,65,2,25,A,0,تجميعات الأحياء 2026 — مفتاح الإجابة في PDF p.65,SOURCE_ANSWER_STRIP_EMBEDDED_TEXT,PASS_SOURCE_KEY
TAH-BIO-BIO26-L12-Q026,BIO26-PDF065-L12-S2-Q026,BIO26-L12,أحياء 2,الزواحف,65,2,26,B,1,تجميعات الأحياء 2026 — مفتاح الإجابة في PDF p.65,SOURCE_ANSWER_STRIP_EMBEDDED_TEXT,PASS_SOURCE_KEY
TAH-BIO-BIO26-L12-Q027,BIO26-PDF065-L12-S2-Q027,BIO26-L12,أحياء 2,الزواحف,65,2,27,B,1,تجميعات الأحياء 2026 — مفتاح الإجابة في PDF p.65,SOURCE_ANSWER_STRIP_EMBEDDED_TEXT,PASS_SOURCE_KEY
TAH-BIO-BIO26-L12-Q028,BIO26-PDF065-L12-S2-Q028,BIO26-L12,أحياء 2,الزواحف,65,2,28,A,0,تجميعات الأحياء 2026 — مفتاح الإجابة في PDF p.65,SOURCE_ANSWER_STRIP_EMBEDDED_TEXT,PASS_SOURCE_KEY
TAH-BIO-BIO26-L12-Q029,BIO26-PDF065-L12-S2-Q029,BIO26-L12,أحياء 2,الزواحف,65,2,29,A,0,تجميعات الأحياء 2026 — مفتاح الإجابة في PDF p.65,SOURCE_ANSWER_STRIP_EMBEDDED_TEXT,PASS_SOURCE_KEY
TAH-BIO-BIO26-L12-Q030,BIO26-PDF065-L12-S2-Q030,BIO26-L12,أحياء 2,الزواحف,65,2,30,B,1,تجميعات الأحياء 2026 — مفتاح الإجابة في PDF p.65,SOURCE_ANSWER_STRIP_EMBEDDED_TEXT,PASS_SOURCE_KEY
TAH-BIO-BIO26-L12-Q031,BIO26-PDF065-L12-S2-Q031,BIO26-L12,أحياء 2,الزواحف,65,2,31,C,2,تجميعات الأحياء 2026 — مفتاح الإجابة في PDF p.65,SOURCE_ANSWER_STRIP_EMBEDDED_TEXT,PASS_SOURCE_KEY
TAH-BIO-BIO26-L12-Q032,BIO26-PDF065-L12-S2-Q032,BIO26-L12,أحياء 2,الزواحف,65,2,32,A,0,تجميعات الأحياء 2026 — مفتاح الإجابة في PDF p.65,SOURCE_ANSWER_STRIP_EMBEDDED_TEXT,PASS_SOURCE_KEY
TAH-BIO-BIO26-L12-Q033,BIO26-PDF065-L12-S2-Q033,BIO26-L12,أحياء 2,الزواحف,65,2,33,D,3,تجميعات الأحياء 2026 — مفتاح الإجابة في PDF p.65,SOURCE_ANSWER_STRIP_EMBEDDED_TEXT,PASS_SOURCE_KEY
TAH-BIO-BIO26-L12-Q034,BIO26-PDF065-L12-S2-Q034,BIO26-L12,أحياء 2,الزواحف,65,2,34,B,1,تجميعات الأحياء 2026 — مفتاح الإجابة في PDF p.65,SOURCE_ANSWER_STRIP_EMBEDDED_TEXT,PASS_SOURCE_KEY
TAH-BIO-BIO26-L12-Q035,BIO26-PDF065-L12-S2-Q035,BIO26-L12,أحياء 2,الزواحف,65,2,35,C,2,تجميعات الأحياء 2026 — مفتاح الإجابة في PDF p.65,SOURCE_ANSWER_STRIP_EMBEDDED_TEXT,PASS_SOURCE_KEY
TAH-BIO-BIO26-L12-Q036,BIO26-PDF065-L12-S2-Q036,BIO26-L12,أحياء 2,الزواحف,65,2,36,B,1,تجميعات الأحياء 2026 — مفتاح الإجابة في PDF p.65,SOURCE_ANSWER_STRIP_EMBEDDED_TEXT,PASS_SOURCE_KEY
TAH-BIO-BIO26-L12-Q037,BIO26-PDF065-L12-S2-Q037,BIO26-L12,أحياء 2,الزواحف,65,2,37,A,0,تجميعات الأحياء 2026 — مفتاح الإجابة في PDF p.65,SOURCE_ANSWER_STRIP_EMBEDDED_TEXT,PASS_SOURCE_KEY
TAH-BIO-BIO26-L13-Q001,BIO26-PDF066-L13-S1-Q001,BIO26-L13,أحياء 2,الطيور,66,1,1,B,1,تجميعات الأحياء 2026 — مفتاح الإجابة في PDF p.66,SOURCE_ANSWER_STRIP_EMBEDDED_TEXT,PASS_SOURCE_KEY
TAH-BIO-BIO26-L13-Q002,BIO26-PDF066-L13-S1-Q002,BIO26-L13,أحياء 2,الطيور,66,1,2,C,2,تجميعات الأحياء 2026 — مفتاح الإجابة في PDF p.66,SOURCE_ANSWER_STRIP_EMBEDDED_TEXT,PASS_SOURCE_KEY
TAH-BIO-BIO26-L13-Q003,BIO26-PDF066-L13-S1-Q003,BIO26-L13,أحياء 2,الطيور,66,1,3,A,0,تجميعات الأحياء 2026 — مفتاح الإجابة في PDF p.66,SOURCE_ANSWER_STRIP_EMBEDDED_TEXT,PASS_SOURCE_KEY
TAH-BIO-BIO26-L13-Q004,BIO26-PDF066-L13-S1-Q004,BIO26-L13,أحياء 2,الطيور,66,1,4,D,3,تجميعات الأحياء 2026 — مفتاح الإجابة في PDF p.66,SOURCE_ANSWER_STRIP_EMBEDDED_TEXT,PASS_SOURCE_KEY
TAH-BIO-BIO26-L13-Q005,BIO26-PDF066-L13-S1-Q005,BIO26-L13,أحياء 2,الطيور,66,1,5,A,0,تجميعات الأحياء 2026 — مفتاح الإجابة في PDF p.66,SOURCE_ANSWER_STRIP_EMBEDDED_TEXT,PASS_SOURCE_KEY
TAH-BIO-BIO26-L13-Q006,BIO26-PDF066-L13-S1-Q006,BIO26-L13,أحياء 2,الطيور,66,1,6,A,0,تجميعات الأحياء 2026 — مفتاح الإجابة في PDF p.66,SOURCE_ANSWER_STRIP_EMBEDDED_TEXT,PASS_SOURCE_KEY
TAH-BIO-BIO26-L13-Q007,BIO26-PDF066-L13-S1-Q007,BIO26-L13,أحياء 2,الطيور,66,1,7,C,2,تجميعات الأحياء 2026 — مفتاح الإجابة في PDF p.66,SOURCE_ANSWER_STRIP_EMBEDDED_TEXT,PASS_SOURCE_KEY
TAH-BIO-BIO26-L13-Q008,BIO26-PDF066-L13-S1-Q008,BIO26-L13,أحياء 2,الطيور,66,1,8,B,1,تجميعات الأحياء 2026 — مفتاح الإجابة في PDF p.66,SOURCE_ANSWER_STRIP_EMBEDDED_TEXT,PASS_SOURCE_KEY
TAH-BIO-BIO26-L13-Q009,BIO26-PDF066-L13-S1-Q009,BIO26-L13,أحياء 2,الطيور,66,1,9,C,2,تجميعات الأحياء 2026 — مفتاح الإجابة في PDF p.66,SOURCE_ANSWER_STRIP_EMBEDDED_TEXT,PASS_SOURCE_KEY
TAH-BIO-BIO26-L13-Q010,BIO26-PDF066-L13-S1-Q010,BIO26-L13,أحياء 2,الطيور,66,1,10,A,0,تجميعات الأحياء 2026 — مفتاح الإجابة في PDF p.66,SOURCE_ANSWER_STRIP_EMBEDDED_TEXT,PASS_SOURCE_KEY
TAH-BIO-BIO26-L13-Q011,BIO26-PDF066-L13-S1-Q011,BIO26-L13,أحياء 2,الطيور,66,1,11,D,3,تجميعات الأحياء 2026 — مفتاح الإجابة في PDF p.66,SOURCE_ANSWER_STRIP_EMBEDDED_TEXT,PASS_SOURCE_KEY
TAH-BIO-BIO26-L13-Q012,BIO26-PDF066-L13-S1-Q012,BIO26-L13,أحياء 2,الطيور,66,1,12,B,1,تجميعات الأحياء 2026 — مفتاح الإجابة في PDF p.66,SOURCE_ANSWER_STRIP_EMBEDDED_TEXT,PASS_SOURCE_KEY
TAH-BIO-BIO26-L13-Q013,BIO26-PDF066-L13-S1-Q013,BIO26-L13,أحياء 2,الطيور,66,1,13,A,0,تجميعات الأحياء 2026 — مفتاح الإجابة في PDF p.66,SOURCE_ANSWER_STRIP_EMBEDDED_TEXT,PASS_SOURCE_KEY
TAH-BIO-BIO26-L13-Q014,BIO26-PDF066-L13-S1-Q014,BIO26-L13,أحياء 2,الطيور,66,1,14,B,1,تجميعات الأحياء 2026 — مفتاح الإجابة في PDF p.66,SOURCE_ANSWER_STRIP_EMBEDDED_TEXT,PASS_SOURCE_KEY
TAH-BIO-BIO26-L13-Q015,BIO26-PDF066-L13-S1-Q015,BIO26-L13,أحياء 2,الطيور,66,1,15,A,0,تجميعات الأحياء 2026 — مفتاح الإجابة في PDF p.66,SOURCE_ANSWER_STRIP_EMBEDDED_TEXT,PASS_SOURCE_KEY
TAH-BIO-BIO26-L13-Q016,BIO26-PDF067-L13-S2-Q016,BIO26-L13,أحياء 2,الطيور,67,2,16,D,3,تجميعات الأحياء 2026 — مفتاح الإجابة في PDF p.67,SOURCE_ANSWER_STRIP_EMBEDDED_TEXT,PASS_SOURCE_KEY
TAH-BIO-BIO26-L13-Q017,BIO26-PDF067-L13-S2-Q017,BIO26-L13,أحياء 2,الطيور,67,2,17,D,3,تجميعات الأحياء 2026 — مفتاح الإجابة في PDF p.67,SOURCE_ANSWER_STRIP_EMBEDDED_TEXT,PASS_SOURCE_KEY
TAH-BIO-BIO26-L13-Q018,BIO26-PDF067-L13-S2-Q018,BIO26-L13,أحياء 2,الطيور,67,2,18,D,3,تجميعات الأحياء 2026 — مفتاح الإجابة في PDF p.67,SOURCE_ANSWER_STRIP_EMBEDDED_TEXT,PASS_SOURCE_KEY
TAH-BIO-BIO26-L13-Q019,BIO26-PDF067-L13-S2-Q019,BIO26-L13,أحياء 2,الطيور,67,2,19,B,1,تجميعات الأحياء 2026 — مفتاح الإجابة في PDF p.67,SOURCE_ANSWER_STRIP_EMBEDDED_TEXT,PASS_SOURCE_KEY
TAH-BIO-BIO26-L13-Q020,BIO26-PDF067-L13-S2-Q020,BIO26-L13,أحياء 2,الطيور,67,2,20,A,0,تجميعات الأحياء 2026 — مفتاح الإجابة في PDF p.67,SOURCE_ANSWER_STRIP_EMBEDDED_TEXT,PASS_SOURCE_KEY
TAH-BIO-BIO26-L13-Q021,BIO26-PDF067-L13-S2-Q021,BIO26-L13,أحياء 2,الطيور,67,2,21,A,0,تجميعات الأحياء 2026 — مفتاح الإجابة في PDF p.67,SOURCE_ANSWER_STRIP_EMBEDDED_TEXT,PASS_SOURCE_KEY
TAH-BIO-BIO26-L13-Q022,BIO26-PDF067-L13-S2-Q022,BIO26-L13,أحياء 2,الطيور,67,2,22,A,0,تجميعات الأحياء 2026 — مفتاح الإجابة في PDF p.67,SOURCE_ANSWER_STRIP_EMBEDDED_TEXT,PASS_SOURCE_KEY
TAH-BIO-BIO26-L13-Q023,BIO26-PDF067-L13-S2-Q023,BIO26-L13,أحياء 2,الطيور,67,2,23,A,0,تجميعات الأحياء 2026 — مفتاح الإجابة في PDF p.67,SOURCE_ANSWER_STRIP_EMBEDDED_TEXT,PASS_SOURCE_KEY
TAH-BIO-BIO26-L13-Q024,BIO26-PDF067-L13-S2-Q024,BIO26-L13,أحياء 2,الطيور,67,2,24,B,1,تجميعات الأحياء 2026 — مفتاح الإجابة في PDF p.67,SOURCE_ANSWER_STRIP_EMBEDDED_TEXT,PASS_SOURCE_KEY
TAH-BIO-BIO26-L13-Q025,BIO26-PDF067-L13-S2-Q025,BIO26-L13,أحياء 2,الطيور,67,2,25,B,1,تجميعات الأحياء 2026 — مفتاح الإجابة في PDF p.67,SOURCE_ANSWER_STRIP_EMBEDDED_TEXT,PASS_SOURCE_KEY
TAH-BIO-BIO26-L13-Q026,BIO26-PDF067-L13-S2-Q026,BIO26-L13,أحياء 2,الطيور,67,2,26,A,0,تجميعات الأحياء 2026 — مفتاح الإجابة في PDF p.67,SOURCE_ANSWER_STRIP_EMBEDDED_TEXT,PASS_SOURCE_KEY
TAH-BIO-BIO26-L13-Q027,BIO26-PDF067-L13-S2-Q027,BIO26-L13,أحياء 2,الطيور,67,2,27,D,3,تجميعات الأحياء 2026 — مفتاح الإجابة في PDF p.67,SOURCE_ANSWER_STRIP_EMBEDDED_TEXT,PASS_SOURCE_KEY
TAH-BIO-BIO26-L13-Q028,BIO26-PDF067-L13-S2-Q028,BIO26-L13,أحياء 2,الطيور,67,2,28,D,3,تجميعات الأحياء 2026 — مفتاح الإجابة في PDF p.67,SOURCE_ANSWER_STRIP_EMBEDDED_TEXT,PASS_SOURCE_KEY
TAH-BIO-BIO26-L13-Q029,BIO26-PDF067-L13-S2-Q029,BIO26-L13,أحياء 2,الطيور,67,2,29,D,3,تجميعات الأحياء 2026 — مفتاح الإجابة في PDF p.67,SOURCE_ANSWER_STRIP_EMBEDDED_TEXT,PASS_SOURCE_KEY
TAH-BIO-BIO26-L13-Q030,BIO26-PDF067-L13-S2-Q030,BIO26-L13,أحياء 2,الطيور,67,2,30,D,3,تجميعات الأحياء 2026 — مفتاح الإجابة في PDF p.67,SOURCE_ANSWER_STRIP_EMBEDDED_TEXT,PASS_SOURCE_KEY
TAH-BIO-BIO26-L13-Q031,BIO26-PDF067-L13-S2-Q031,BIO26-L13,أحياء 2,الطيور,67,2,31,A,0,تجميعات الأحياء 2026 — مفتاح الإجابة في PDF p.67,SOURCE_ANSWER_STRIP_EMBEDDED_TEXT,PASS_SOURCE_KEY
TAH-BIO-BIO26-L13-Q032,BIO26-PDF067-L13-S2-Q032,BIO26-L13,أحياء 2,الطيور,67,2,32,C,2,تجميعات الأحياء 2026 — مفتاح الإجابة في PDF p.67,SOURCE_ANSWER_STRIP_EMBEDDED_TEXT,PASS_SOURCE_KEY
TAH-BIO-BIO26-L14-Q001,BIO26-PDF068-L14-S1-Q001,BIO26-L14,أحياء 2,الثدييات,68,1,1,A,0,تجميعات الأحياء 2026 — مفتاح الإجابة في PDF p.68,SOURCE_ANSWER_STRIP_EMBEDDED_TEXT,PASS_SOURCE_KEY
TAH-BIO-BIO26-L14-Q002,BIO26-PDF068-L14-S1-Q002,BIO26-L14,أحياء 2,الثدييات,68,1,2,C,2,تجميعات الأحياء 2026 — مفتاح الإجابة في PDF p.68,SOURCE_ANSWER_STRIP_EMBEDDED_TEXT,PASS_SOURCE_KEY
TAH-BIO-BIO26-L14-Q003,BIO26-PDF068-L14-S1-Q003,BIO26-L14,أحياء 2,الثدييات,68,1,3,A,0,تجميعات الأحياء 2026 — مفتاح الإجابة في PDF p.68,SOURCE_ANSWER_STRIP_EMBEDDED_TEXT,PASS_SOURCE_KEY
TAH-BIO-BIO26-L14-Q004,BIO26-PDF068-L14-S1-Q004,BIO26-L14,أحياء 2,الثدييات,68,1,4,D,3,تجميعات الأحياء 2026 — مفتاح الإجابة في PDF p.68,SOURCE_ANSWER_STRIP_EMBEDDED_TEXT,PASS_SOURCE_KEY
TAH-BIO-BIO26-L14-Q005,BIO26-PDF068-L14-S1-Q005,BIO26-L14,أحياء 2,الثدييات,68,1,5,C,2,تجميعات الأحياء 2026 — مفتاح الإجابة في PDF p.68,SOURCE_ANSWER_STRIP_EMBEDDED_TEXT,PASS_SOURCE_KEY
TAH-BIO-BIO26-L14-Q006,BIO26-PDF068-L14-S1-Q006,BIO26-L14,أحياء 2,الثدييات,68,1,6,C,2,تجميعات الأحياء 2026 — مفتاح الإجابة في PDF p.68,SOURCE_ANSWER_STRIP_EMBEDDED_TEXT,PASS_SOURCE_KEY
TAH-BIO-BIO26-L14-Q007,BIO26-PDF068-L14-S1-Q007,BIO26-L14,أحياء 2,الثدييات,68,1,7,C,2,تجميعات الأحياء 2026 — مفتاح الإجابة في PDF p.68,SOURCE_ANSWER_STRIP_EMBEDDED_TEXT,PASS_SOURCE_KEY
TAH-BIO-BIO26-L14-Q008,BIO26-PDF068-L14-S1-Q008,BIO26-L14,أحياء 2,الثدييات,68,1,8,C,2,تجميعات الأحياء 2026 — مفتاح الإجابة في PDF p.68,SOURCE_ANSWER_STRIP_EMBEDDED_TEXT,PASS_SOURCE_KEY
TAH-BIO-BIO26-L14-Q009,BIO26-PDF068-L14-S1-Q009,BIO26-L14,أحياء 2,الثدييات,68,1,9,B,1,تجميعات الأحياء 2026 — مفتاح الإجابة في PDF p.68,SOURCE_ANSWER_STRIP_EMBEDDED_TEXT,PASS_SOURCE_KEY
TAH-BIO-BIO26-L14-Q010,BIO26-PDF068-L14-S1-Q010,BIO26-L14,أحياء 2,الثدييات,68,1,10,A,0,تجميعات الأحياء 2026 — مفتاح الإجابة في PDF p.68,SOURCE_ANSWER_STRIP_EMBEDDED_TEXT,PASS_SOURCE_KEY
TAH-BIO-BIO26-L14-Q011,BIO26-PDF068-L14-S1-Q011,BIO26-L14,أحياء 2,الثدييات,68,1,11,D,3,تجميعات الأحياء 2026 — مفتاح الإجابة في PDF p.68,SOURCE_ANSWER_STRIP_EMBEDDED_TEXT,PASS_SOURCE_KEY
TAH-BIO-BIO26-L14-Q012,BIO26-PDF068-L14-S1-Q012,BIO26-L14,أحياء 2,الثدييات,68,1,12,D,3,تجميعات الأحياء 2026 — مفتاح الإجابة في PDF p.68,SOURCE_ANSWER_STRIP_EMBEDDED_TEXT,PASS_SOURCE_KEY
TAH-BIO-BIO26-L14-Q013,BIO26-PDF068-L14-S1-Q013,BIO26-L14,أحياء 2,الثدييات,68,1,13,A,0,تجميعات الأحياء 2026 — مفتاح الإجابة في PDF p.68,SOURCE_ANSWER_STRIP_EMBEDDED_TEXT,PASS_SOURCE_KEY
TAH-BIO-BIO26-L14-Q014,BIO26-PDF068-L14-S1-Q014,BIO26-L14,أحياء 2,الثدييات,68,1,14,D,3,تجميعات الأحياء 2026 — مفتاح الإجابة في PDF p.68,SOURCE_ANSWER_STRIP_EMBEDDED_TEXT,PASS_SOURCE_KEY
TAH-BIO-BIO26-L14-Q015,BIO26-PDF068-L14-S1-Q015,BIO26-L14,أحياء 2,الثدييات,68,1,15,A,0,تجميعات الأحياء 2026 — مفتاح الإجابة في PDF p.68,SOURCE_ANSWER_STRIP_EMBEDDED_TEXT,PASS_SOURCE_KEY
TAH-BIO-BIO26-L14-Q016,BIO26-PDF068-L14-S1-Q016,BIO26-L14,أحياء 2,الثدييات,68,1,16,A,0,تجميعات الأحياء 2026 — مفتاح الإجابة في PDF p.68,SOURCE_ANSWER_STRIP_EMBEDDED_TEXT,PASS_SOURCE_KEY
TAH-BIO-BIO26-L14-Q017,BIO26-PDF069-L14-S1-Q017,BIO26-L14,أحياء 2,الثدييات,69,1,17,C,2,تجميعات الأحياء 2026 — مفتاح الإجابة في PDF p.69,SOURCE_ANSWER_STRIP_EMBEDDED_TEXT,PASS_SOURCE_KEY
TAH-BIO-BIO26-L14-Q018,BIO26-PDF069-L14-S1-Q018,BIO26-L14,أحياء 2,الثدييات,69,1,18,A,0,تجميعات الأحياء 2026 — مفتاح الإجابة في PDF p.69,SOURCE_ANSWER_STRIP_EMBEDDED_TEXT,PASS_SOURCE_KEY
TAH-BIO-BIO26-L14-Q019,BIO26-PDF069-L14-S1-Q019,BIO26-L14,أحياء 2,الثدييات,69,1,19,B,1,تجميعات الأحياء 2026 — مفتاح الإجابة في PDF p.69,SOURCE_ANSWER_STRIP_EMBEDDED_TEXT,PASS_SOURCE_KEY
TAH-BIO-BIO26-L14-Q020,BIO26-PDF069-L14-S1-Q020,BIO26-L14,أحياء 2,الثدييات,69,1,20,A,0,تجميعات الأحياء 2026 — مفتاح الإجابة في PDF p.69,SOURCE_ANSWER_STRIP_EMBEDDED_TEXT,PASS_SOURCE_KEY
TAH-BIO-BIO26-L14-Q021,BIO26-PDF069-L14-S1-Q021,BIO26-L14,أحياء 2,الثدييات,69,1,21,A,0,تجميعات الأحياء 2026 — مفتاح الإجابة في PDF p.69,SOURCE_ANSWER_STRIP_EMBEDDED_TEXT,PASS_SOURCE_KEY
TAH-BIO-BIO26-L14-Q022,BIO26-PDF069-L14-S1-Q022,BIO26-L14,أحياء 2,الثدييات,69,1,22,A,0,تجميعات الأحياء 2026 — مفتاح الإجابة في PDF p.69,SOURCE_ANSWER_STRIP_EMBEDDED_TEXT,PASS_SOURCE_KEY
TAH-BIO-BIO26-L14-Q023,BIO26-PDF069-L14-S1-Q023,BIO26-L14,أحياء 2,الثدييات,69,1,23,C,2,تجميعات الأحياء 2026 — مفتاح الإجابة في PDF p.69,SOURCE_ANSWER_STRIP_EMBEDDED_TEXT,PASS_SOURCE_KEY
TAH-BIO-BIO26-L14-Q024,BIO26-PDF069-L14-S1-Q024,BIO26-L14,أحياء 2,الثدييات,69,1,24,A,0,تجميعات الأحياء 2026 — مفتاح الإجابة في PDF p.69,SOURCE_ANSWER_STRIP_EMBEDDED_TEXT,PASS_SOURCE_KEY
TAH-BIO-BIO26-L14-Q025,BIO26-PDF069-L14-S1-Q025,BIO26-L14,أحياء 2,الثدييات,69,1,25,C,2,تجميعات الأحياء 2026 — مفتاح الإجابة في PDF p.69,SOURCE_ANSWER_STRIP_EMBEDDED_TEXT,PASS_SOURCE_KEY
TAH-BIO-BIO26-L14-Q026,BIO26-PDF069-L14-S1-Q026,BIO26-L14,أحياء 2,الثدييات,69,1,26,D,3,تجميعات الأحياء 2026 — مفتاح الإجابة في PDF p.69,SOURCE_ANSWER_STRIP_EMBEDDED_TEXT,PASS_SOURCE_KEY
TAH-BIO-BIO26-L14-Q027,BIO26-PDF069-L14-S1-Q027,BIO26-L14,أحياء 2,الثدييات,69,1,27,A,0,تجميعات الأحياء 2026 — مفتاح الإجابة في PDF p.69,SOURCE_ANSWER_STRIP_EMBEDDED_TEXT,PASS_SOURCE_KEY
TAH-BIO-BIO26-L14-Q028,BIO26-PDF069-L14-S1-Q028,BIO26-L14,أحياء 2,الثدييات,69,1,28,A,0,تجميعات الأحياء 2026 — مفتاح الإجابة في PDF p.69,SOURCE_ANSWER_STRIP_EMBEDDED_TEXT,PASS_SOURCE_KEY
TAH-BIO-BIO26-L14-Q029,BIO26-PDF069-L14-S1-Q029,BIO26-L14,أحياء 2,الثدييات,69,1,29,A,0,تجميعات الأحياء 2026 — مفتاح الإجابة في PDF p.69,SOURCE_ANSWER_STRIP_EMBEDDED_TEXT,PASS_SOURCE_KEY
TAH-BIO-BIO26-L14-Q030,BIO26-PDF069-L14-S1-Q030,BIO26-L14,أحياء 2,الثدييات,69,1,30,A,0,تجميعات الأحياء 2026 — مفتاح الإجابة في PDF p.69,SOURCE_ANSWER_STRIP_EMBEDDED_TEXT,PASS_SOURCE_KEY
TAH-BIO-BIO26-L14-Q031,BIO26-PDF069-L14-S1-Q031,BIO26-L14,أحياء 2,الثدييات,69,1,31,C,2,تجميعات الأحياء 2026 — مفتاح الإجابة في PDF p.69,SOURCE_ANSWER_STRIP_EMBEDDED_TEXT,PASS_SOURCE_KEY
TAH-BIO-BIO26-L14-Q032,BIO26-PDF069-L14-S1-Q032,BIO26-L14,أحياء 2,الثدييات,69,1,32,C,2,تجميعات الأحياء 2026 — مفتاح الإجابة في PDF p.69,SOURCE_ANSWER_STRIP_EMBEDDED_TEXT,PASS_SOURCE_KEY
TAH-BIO-BIO26-L14-Q033,BIO26-PDF070-L14-S1-Q033,BIO26-L14,أحياء 2,الثدييات,70,1,33,A,0,تجميعات الأحياء 2026 — مفتاح الإجابة في PDF p.70,SOURCE_ANSWER_STRIP_EMBEDDED_TEXT,PASS_SOURCE_KEY
TAH-BIO-BIO26-L14-Q034,BIO26-PDF070-L14-S1-Q034,BIO26-L14,أحياء 2,الثدييات,70,1,34,C,2,تجميعات الأحياء 2026 — مفتاح الإجابة في PDF p.70,SOURCE_ANSWER_STRIP_EMBEDDED_TEXT,PASS_SOURCE_KEY
TAH-BIO-BIO26-L14-Q035,BIO26-PDF070-L14-S1-Q035,BIO26-L14,أحياء 2,الثدييات,70,1,35,C,2,تجميعات الأحياء 2026 — مفتاح الإجابة في PDF p.70,SOURCE_ANSWER_STRIP_EMBEDDED_TEXT,PASS_SOURCE_KEY
TAH-BIO-BIO26-L14-Q036,BIO26-PDF070-L14-S1-Q036,BIO26-L14,أحياء 2,الثدييات,70,1,36,A,0,تجميعات الأحياء 2026 — مفتاح الإجابة في PDF p.70,SOURCE_ANSWER_STRIP_EMBEDDED_TEXT,PASS_SOURCE_KEY
TAH-BIO-BIO26-L14-Q037,BIO26-PDF070-L14-S1-Q037,BIO26-L14,أحياء 2,الثدييات,70,1,37,D,3,تجميعات الأحياء 2026 — مفتاح الإجابة في PDF p.70,SOURCE_ANSWER_STRIP_EMBEDDED_TEXT,PASS_SOURCE_KEY
TAH-BIO-BIO26-L14-Q038,BIO26-PDF070-L14-S1-Q038,BIO26-L14,أحياء 2,الثدييات,70,1,38,B,1,تجميعات الأحياء 2026 — مفتاح الإجابة في PDF p.70,SOURCE_ANSWER_STRIP_EMBEDDED_TEXT,PASS_SOURCE_KEY
TAH-BIO-BIO26-L14-Q039,BIO26-PDF070-L14-S1-Q039,BIO26-L14,أحياء 2,الثدييات,70,1,39,D,3,تجميعات الأحياء 2026 — مفتاح الإجابة في PDF p.70,SOURCE_ANSWER_STRIP_EMBEDDED_TEXT,PASS_SOURCE_KEY
TAH-BIO-BIO26-L14-Q040,BIO26-PDF070-L14-S1-Q040,BIO26-L14,أحياء 2,الثدييات,70,1,40,C,2,تجميعات الأحياء 2026 — مفتاح الإجابة في PDF p.70,SOURCE_ANSWER_STRIP_EMBEDDED_TEXT,PASS_SOURCE_KEY
TAH-BIO-BIO26-L14-Q041,BIO26-PDF070-L14-S1-Q041,BIO26-L14,أحياء 2,الثدييات,70,1,41,A,0,تجميعات الأحياء 2026 — مفتاح الإجابة في PDF p.70,SOURCE_ANSWER_STRIP_EMBEDDED_TEXT,PASS_SOURCE_KEY
TAH-BIO-BIO26-L14-Q042,BIO26-PDF071-L14-S2-Q042,BIO26-L14,أحياء 2,الثدييات,71,2,42,D,3,تجميعات الأحياء 2026 — مفتاح الإجابة في PDF p.71,SOURCE_ANSWER_STRIP_EMBEDDED_TEXT,PASS_SOURCE_KEY
TAH-BIO-BIO26-L14-Q043,BIO26-PDF071-L14-S2-Q043,BIO26-L14,أحياء 2,الثدييات,71,2,43,A,0,تجميعات الأحياء 2026 — مفتاح الإجابة في PDF p.71,SOURCE_ANSWER_STRIP_EMBEDDED_TEXT,PASS_SOURCE_KEY
TAH-BIO-BIO26-L14-Q044,BIO26-PDF071-L14-S2-Q044,BIO26-L14,أحياء 2,الثدييات,71,2,44,B,1,تجميعات الأحياء 2026 — مفتاح الإجابة في PDF p.71,SOURCE_ANSWER_STRIP_EMBEDDED_TEXT,PASS_SOURCE_KEY
TAH-BIO-BIO26-L14-Q045,BIO26-PDF071-L14-S2-Q045,BIO26-L14,أحياء 2,الثدييات,71,2,45,C,2,تجميعات الأحياء 2026 — مفتاح الإجابة في PDF p.71,SOURCE_ANSWER_STRIP_EMBEDDED_TEXT,PASS_SOURCE_KEY
TAH-BIO-BIO26-L14-Q046,BIO26-PDF071-L14-S2-Q046,BIO26-L14,أحياء 2,الثدييات,71,2,46,D,3,تجميعات الأحياء 2026 — مفتاح الإجابة في PDF p.71,SOURCE_ANSWER_STRIP_EMBEDDED_TEXT,PASS_SOURCE_KEY
TAH-BIO-BIO26-L14-Q047,BIO26-PDF071-L14-S2-Q047,BIO26-L14,أحياء 2,الثدييات,71,2,47,D,3,تجميعات الأحياء 2026 — مفتاح الإجابة في PDF p.71,SOURCE_ANSWER_STRIP_EMBEDDED_TEXT,PASS_SOURCE_KEY
TAH-BIO-BIO26-L14-Q048,BIO26-PDF071-L14-S2-Q048,BIO26-L14,أحياء 2,الثدييات,71,2,48,A,0,تجميعات الأحياء 2026 — مفتاح الإجابة في PDF p.71,SOURCE_ANSWER_STRIP_EMBEDDED_TEXT,PASS_SOURCE_KEY
TAH-BIO-BIO26-L14-Q049,BIO26-PDF071-L14-S2-Q049,BIO26-L14,أحياء 2,الثدييات,71,2,49,B,1,تجميعات الأحياء 2026 — مفتاح الإجابة في PDF p.71,SOURCE_ANSWER_STRIP_EMBEDDED_TEXT,PASS_SOURCE_KEY
TAH-BIO-BIO26-L14-Q050,BIO26-PDF071-L14-S2-Q050,BIO26-L14,أحياء 2,الثدييات,71,2,50,A,0,تجميعات الأحياء 2026 — مفتاح الإجابة في PDF p.71,SOURCE_ANSWER_STRIP_EMBEDDED_TEXT,PASS_SOURCE_KEY
TAH-BIO-BIO26-L14-Q051,BIO26-PDF071-L14-S2-Q051,BIO26-L14,أحياء 2,الثدييات,71,2,51,B,1,تجميعات الأحياء 2026 — مفتاح الإجابة في PDF p.71,SOURCE_ANSWER_STRIP_EMBEDDED_TEXT,PASS_SOURCE_KEY
TAH-BIO-BIO26-L14-Q052,BIO26-PDF071-L14-S2-Q052,BIO26-L14,أحياء 2,الثدييات,71,2,52,C,2,تجميعات الأحياء 2026 — مفتاح الإجابة في PDF p.71,SOURCE_ANSWER_STRIP_EMBEDDED_TEXT,PASS_SOURCE_KEY
TAH-BIO-BIO26-L14-Q053,BIO26-PDF071-L14-S2-Q053,BIO26-L14,أحياء 2,الثدييات,71,2,53,B,1,تجميعات الأحياء 2026 — مفتاح الإجابة في PDF p.71,SOURCE_ANSWER_STRIP_EMBEDDED_TEXT,PASS_SOURCE_KEY
TAH-BIO-BIO26-L14-Q054,BIO26-PDF071-L14-S2-Q054,BIO26-L14,أحياء 2,الثدييات,71,2,54,D,3,تجميعات الأحياء 2026 — مفتاح الإجابة في PDF p.71,SOURCE_ANSWER_STRIP_EMBEDDED_TEXT,PASS_SOURCE_KEY
TAH-BIO-BIO26-L14-Q055,BIO26-PDF071-L14-S2-Q055,BIO26-L14,أحياء 2,الثدييات,71,2,55,D,3,تجميعات الأحياء 2026 — مفتاح الإجابة في PDF p.71,SOURCE_ANSWER_STRIP_EMBEDDED_TEXT,PASS_SOURCE_KEY
TAH-BIO-BIO26-L14-Q056,BIO26-PDF071-L14-S2-Q056,BIO26-L14,أحياء 2,الثدييات,71,2,56,A,0,تجميعات الأحياء 2026 — مفتاح الإجابة في PDF p.71,SOURCE_ANSWER_STRIP_EMBEDDED_TEXT,PASS_SOURCE_KEY
TAH-BIO-BIO26-L14-Q057,BIO26-PDF071-L14-S2-Q057,BIO26-L14,أحياء 2,الثدييات,71,2,57,B,1,تجميعات الأحياء 2026 — مفتاح الإجابة في PDF p.71,SOURCE_ANSWER_STRIP_EMBEDDED_TEXT,PASS_SOURCE_KEY
TAH-BIO-BIO26-L14-Q058,BIO26-PDF072-L14-S2-Q058,BIO26-L14,أحياء 2,الثدييات,72,2,58,D,3,تجميعات الأحياء 2026 — مفتاح الإجابة في PDF p.72,SOURCE_ANSWER_STRIP_EMBEDDED_TEXT,PASS_SOURCE_KEY
TAH-BIO-BIO26-L14-Q059,BIO26-PDF072-L14-S2-Q059,BIO26-L14,أحياء 2,الثدييات,72,2,59,A,0,تجميعات الأحياء 2026 — مفتاح الإجابة في PDF p.72,SOURCE_ANSWER_STRIP_EMBEDDED_TEXT,PASS_SOURCE_KEY
TAH-BIO-BIO26-L14-Q060,BIO26-PDF072-L14-S2-Q060,BIO26-L14,أحياء 2,الثدييات,72,2,60,C,2,تجميعات الأحياء 2026 — مفتاح الإجابة في PDF p.72,SOURCE_ANSWER_STRIP_EMBEDDED_TEXT,PASS_SOURCE_KEY
TAH-BIO-BIO26-L14-Q061,BIO26-PDF072-L14-S2-Q061,BIO26-L14,أحياء 2,الثدييات,72,2,61,B,1,تجميعات الأحياء 2026 — مفتاح الإجابة في PDF p.72,SOURCE_ANSWER_STRIP_EMBEDDED_TEXT,PASS_SOURCE_KEY
TAH-BIO-BIO26-L14-Q062,BIO26-PDF072-L14-S2-Q062,BIO26-L14,أحياء 2,الثدييات,72,2,62,B,1,تجميعات الأحياء 2026 — مفتاح الإجابة في PDF p.72,SOURCE_ANSWER_STRIP_EMBEDDED_TEXT,PASS_SOURCE_KEY
TAH-BIO-BIO26-L14-Q063,BIO26-PDF072-L14-S2-Q063,BIO26-L14,أحياء 2,الثدييات,72,2,63,D,3,تجميعات الأحياء 2026 — مفتاح الإجابة في PDF p.72,SOURCE_ANSWER_STRIP_EMBEDDED_TEXT,PASS_SOURCE_KEY
TAH-BIO-BIO26-L14-Q064,BIO26-PDF072-L14-S2-Q064,BIO26-L14,أحياء 2,الثدييات,72,2,64,D,3,تجميعات الأحياء 2026 — مفتاح الإجابة في PDF p.72,SOURCE_ANSWER_STRIP_EMBEDDED_TEXT,PASS_SOURCE_KEY
TAH-BIO-BIO26-L14-Q065,BIO26-PDF072-L14-S2-Q065,BIO26-L14,أحياء 2,الثدييات,72,2,65,D,3,تجميعات الأحياء 2026 — مفتاح الإجابة في PDF p.72,SOURCE_ANSWER_STRIP_EMBEDDED_TEXT,PASS_SOURCE_KEY
TAH-BIO-BIO26-L14-Q066,BIO26-PDF072-L14-S2-Q066,BIO26-L14,أحياء 2,الثدييات,72,2,66,B,1,تجميعات الأحياء 2026 — مفتاح الإجابة في PDF p.72,SOURCE_ANSWER_STRIP_EMBEDDED_TEXT,PASS_SOURCE_KEY
TAH-BIO-BIO26-L14-Q067,BIO26-PDF072-L14-S2-Q067,BIO26-L14,أحياء 2,الثدييات,72,2,67,C,2,تجميعات الأحياء 2026 — مفتاح الإجابة في PDF p.72,SOURCE_ANSWER_STRIP_EMBEDDED_TEXT,PASS_SOURCE_KEY
TAH-BIO-BIO26-L14-Q068,BIO26-PDF072-L14-S2-Q068,BIO26-L14,أحياء 2,الثدييات,72,2,68,A,0,تجميعات الأحياء 2026 — مفتاح الإجابة في PDF p.72,SOURCE_ANSWER_STRIP_EMBEDDED_TEXT,PASS_SOURCE_KEY
TAH-BIO-BIO26-L14-Q069,BIO26-PDF072-L14-S2-Q069,BIO26-L14,أحياء 2,الثدييات,72,2,69,D,3,تجميعات الأحياء 2026 — مفتاح الإجابة في PDF p.72,SOURCE_ANSWER_STRIP_EMBEDDED_TEXT,PASS_SOURCE_KEY
TAH-BIO-BIO26-L14-Q070,BIO26-PDF072-L14-S2-Q070,BIO26-L14,أحياء 2,الثدييات,72,2,70,B,1,تجميعات الأحياء 2026 — مفتاح الإجابة في PDF p.72,SOURCE_ANSWER_STRIP_EMBEDDED_TEXT,PASS_SOURCE_KEY
TAH-BIO-BIO26-L14-Q071,BIO26-PDF072-L14-S2-Q071,BIO26-L14,أحياء 2,الثدييات,72,2,71,A,0,تجميعات الأحياء 2026 — مفتاح الإجابة في PDF p.72,SOURCE_ANSWER_STRIP_EMBEDDED_TEXT,PASS_SOURCE_KEY
TAH-BIO-BIO26-L14-Q072,BIO26-PDF072-L14-S2-Q072,BIO26-L14,أحياء 2,الثدييات,72,2,72,B,1,تجميعات الأحياء 2026 — مفتاح الإجابة في PDF p.72,SOURCE_ANSWER_STRIP_EMBEDDED_TEXT,PASS_SOURCE_KEY
TAH-BIO-BIO26-L14-Q073,BIO26-PDF072-L14-S2-Q073,BIO26-L14,أحياء 2,الثدييات,72,2,73,A,0,تجميعات الأحياء 2026 — مفتاح الإجابة في PDF p.72,SOURCE_ANSWER_STRIP_EMBEDDED_TEXT,PASS_SOURCE_KEY
TAH-BIO-BIO26-L14-Q074,BIO26-PDF072-L14-S2-Q074,BIO26-L14,أحياء 2,الثدييات,72,2,74,A,0,تجميعات الأحياء 2026 — مفتاح الإجابة في PDF p.72,SOURCE_ANSWER_STRIP_EMBEDDED_TEXT,PASS_SOURCE_KEY
TAH-BIO-BIO26-L14-Q075,BIO26-PDF072-L14-S2-Q075,BIO26-L14,أحياء 2,الثدييات,72,2,75,B,1,تجميعات الأحياء 2026 — مفتاح الإجابة في PDF p.72,SOURCE_ANSWER_STRIP_EMBEDDED_TEXT,PASS_SOURCE_KEY
TAH-BIO-BIO26-L14-Q076,BIO26-PDF072-L14-S2-Q076,BIO26-L14,أحياء 2,الثدييات,72,2,76,B,1,تجميعات الأحياء 2026 — مفتاح الإجابة في PDF p.72,SOURCE_ANSWER_STRIP_EMBEDDED_TEXT,PASS_SOURCE_KEY
TAH-BIO-BIO26-L14-Q077,BIO26-PDF072-L14-S2-Q077,BIO26-L14,أحياء 2,الثدييات,72,2,77,A,0,تجميعات الأحياء 2026 — مفتاح الإجابة في PDF p.72,SOURCE_ANSWER_STRIP_EMBEDDED_TEXT,PASS_SOURCE_KEY
TAH-BIO-BIO26-L15-Q001,BIO26-PDF073-L15-S1-Q001,BIO26-L15,أحياء 2,أسئلة المقارنات بين الفقاريات,73,1,1,D,3,تجميعات الأحياء 2026 — مفتاح الإجابة في PDF p.73,SOURCE_ANSWER_STRIP_EMBEDDED_TEXT,PASS_SOURCE_KEY
TAH-BIO-BIO26-L15-Q002,BIO26-PDF073-L15-S1-Q002,BIO26-L15,أحياء 2,أسئلة المقارنات بين الفقاريات,73,1,2,A,0,تجميعات الأحياء 2026 — مفتاح الإجابة في PDF p.73,SOURCE_ANSWER_STRIP_EMBEDDED_TEXT,PASS_SOURCE_KEY
TAH-BIO-BIO26-L15-Q003,BIO26-PDF073-L15-S1-Q003,BIO26-L15,أحياء 2,أسئلة المقارنات بين الفقاريات,73,1,3,A,0,تجميعات الأحياء 2026 — مفتاح الإجابة في PDF p.73,SOURCE_ANSWER_STRIP_EMBEDDED_TEXT,PASS_SOURCE_KEY
TAH-BIO-BIO26-L15-Q004,BIO26-PDF073-L15-S1-Q004,BIO26-L15,أحياء 2,أسئلة المقارنات بين الفقاريات,73,1,4,A,0,تجميعات الأحياء 2026 — مفتاح الإجابة في PDF p.73,SOURCE_ANSWER_STRIP_EMBEDDED_TEXT,PASS_SOURCE_KEY
TAH-BIO-BIO26-L15-Q005,BIO26-PDF073-L15-S1-Q005,BIO26-L15,أحياء 2,أسئلة المقارنات بين الفقاريات,73,1,5,A,0,تجميعات الأحياء 2026 — مفتاح الإجابة في PDF p.73,SOURCE_ANSWER_STRIP_EMBEDDED_TEXT,PASS_SOURCE_KEY
TAH-BIO-BIO26-L15-Q006,BIO26-PDF073-L15-S1-Q006,BIO26-L15,أحياء 2,أسئلة المقارنات بين الفقاريات,73,1,6,A,0,تجميعات الأحياء 2026 — مفتاح الإجابة في PDF p.73,SOURCE_ANSWER_STRIP_EMBEDDED_TEXT,PASS_SOURCE_KEY
TAH-BIO-BIO26-L15-Q007,BIO26-PDF073-L15-S1-Q007,BIO26-L15,أحياء 2,أسئلة المقارنات بين الفقاريات,73,1,7,B,1,تجميعات الأحياء 2026 — مفتاح الإجابة في PDF p.73,SOURCE_ANSWER_STRIP_EMBEDDED_TEXT,PASS_SOURCE_KEY
TAH-BIO-BIO26-L15-Q008,BIO26-PDF073-L15-S1-Q008,BIO26-L15,أحياء 2,أسئلة المقارنات بين الفقاريات,73,1,8,C,2,تجميعات الأحياء 2026 — مفتاح الإجابة في PDF p.73,SOURCE_ANSWER_STRIP_EMBEDDED_TEXT,PASS_SOURCE_KEY
TAH-BIO-BIO26-L15-Q009,BIO26-PDF073-L15-S1-Q009,BIO26-L15,أحياء 2,أسئلة المقارنات بين الفقاريات,73,1,9,A,0,تجميعات الأحياء 2026 — مفتاح الإجابة في PDF p.73,SOURCE_ANSWER_STRIP_EMBEDDED_TEXT,PASS_SOURCE_KEY
TAH-BIO-BIO26-L15-Q010,BIO26-PDF073-L15-S1-Q010,BIO26-L15,أحياء 2,أسئلة المقارنات بين الفقاريات,73,1,10,B,1,تجميعات الأحياء 2026 — مفتاح الإجابة في PDF p.73,SOURCE_ANSWER_STRIP_EMBEDDED_TEXT,PASS_SOURCE_KEY
TAH-BIO-BIO26-L15-Q011,BIO26-PDF073-L15-S1-Q011,BIO26-L15,أحياء 2,أسئلة المقارنات بين الفقاريات,73,1,11,B,1,تجميعات الأحياء 2026 — مفتاح الإجابة في PDF p.73,SOURCE_ANSWER_STRIP_EMBEDDED_TEXT,PASS_SOURCE_KEY
TAH-BIO-BIO26-L15-Q012,BIO26-PDF073-L15-S1-Q012,BIO26-L15,أحياء 2,أسئلة المقارنات بين الفقاريات,73,1,12,A,0,تجميعات الأحياء 2026 — مفتاح الإجابة في PDF p.73,SOURCE_ANSWER_STRIP_EMBEDDED_TEXT,PASS_SOURCE_KEY
TAH-BIO-BIO26-L15-Q013,BIO26-PDF073-L15-S1-Q013,BIO26-L15,أحياء 2,أسئلة المقارنات بين الفقاريات,73,1,13,A,0,تجميعات الأحياء 2026 — مفتاح الإجابة في PDF p.73,SOURCE_ANSWER_STRIP_EMBEDDED_TEXT,PASS_SOURCE_KEY
TAH-BIO-BIO26-L15-Q014,BIO26-PDF073-L15-S1-Q014,BIO26-L15,أحياء 2,أسئلة المقارنات بين الفقاريات,73,1,14,A,0,تجميعات الأحياء 2026 — مفتاح الإجابة في PDF p.73,SOURCE_ANSWER_STRIP_EMBEDDED_TEXT,PASS_SOURCE_KEY
TAH-BIO-BIO26-L15-Q015,BIO26-PDF073-L15-S1-Q015,BIO26-L15,أحياء 2,أسئلة المقارنات بين الفقاريات,73,1,15,C,2,تجميعات الأحياء 2026 — مفتاح الإجابة في PDF p.73,SOURCE_ANSWER_STRIP_EMBEDDED_TEXT,PASS_SOURCE_KEY
TAH-BIO-BIO26-L15-Q016,BIO26-PDF073-L15-S1-Q016,BIO26-L15,أحياء 2,أسئلة المقارنات بين الفقاريات,73,1,16,B,1,تجميعات الأحياء 2026 — مفتاح الإجابة في PDF p.73,SOURCE_ANSWER_STRIP_EMBEDDED_TEXT,PASS_SOURCE_KEY
TAH-BIO-BIO26-L15-Q017,BIO26-PDF073-L15-S1-Q017,BIO26-L15,أحياء 2,أسئلة المقارنات بين الفقاريات,73,1,17,A,0,تجميعات الأحياء 2026 — مفتاح الإجابة في PDF p.73,SOURCE_ANSWER_STRIP_EMBEDDED_TEXT,PASS_SOURCE_KEY
TAH-BIO-BIO26-L15-Q018,BIO26-PDF073-L15-S1-Q018,BIO26-L15,أحياء 2,أسئلة المقارنات بين الفقاريات,73,1,18,D,3,تجميعات الأحياء 2026 — مفتاح الإجابة في PDF p.73,SOURCE_ANSWER_STRIP_EMBEDDED_TEXT,PASS_SOURCE_KEY
TAH-BIO-BIO26-L15-Q019,BIO26-PDF073-L15-S1-Q019,BIO26-L15,أحياء 2,أسئلة المقارنات بين الفقاريات,73,1,19,C,2,تجميعات الأحياء 2026 — مفتاح الإجابة في PDF p.73,SOURCE_ANSWER_STRIP_EMBEDDED_TEXT,PASS_SOURCE_KEY
TAH-BIO-BIO26-L15-Q020,BIO26-PDF073-L15-S1-Q020,BIO26-L15,أحياء 2,أسئلة المقارنات بين الفقاريات,73,1,20,C,2,تجميعات الأحياء 2026 — مفتاح الإجابة في PDF p.73,SOURCE_ANSWER_STRIP_EMBEDDED_TEXT,PASS_SOURCE_KEY
TAH-BIO-BIO26-L15-Q021,BIO26-PDF074-L15-S1-Q021,BIO26-L15,أحياء 2,أسئلة المقارنات بين الفقاريات,74,1,21,A,0,تجميعات الأحياء 2026 — مفتاح الإجابة في PDF p.74,SOURCE_ANSWER_STRIP_EMBEDDED_TEXT,PASS_SOURCE_KEY
TAH-BIO-BIO26-L15-Q022,BIO26-PDF074-L15-S1-Q022,BIO26-L15,أحياء 2,أسئلة المقارنات بين الفقاريات,74,1,22,D,3,تجميعات الأحياء 2026 — مفتاح الإجابة في PDF p.74,SOURCE_ANSWER_STRIP_EMBEDDED_TEXT,PASS_SOURCE_KEY
TAH-BIO-BIO26-L15-Q023,BIO26-PDF074-L15-S1-Q023,BIO26-L15,أحياء 2,أسئلة المقارنات بين الفقاريات,74,1,23,A,0,تجميعات الأحياء 2026 — مفتاح الإجابة في PDF p.74,SOURCE_ANSWER_STRIP_EMBEDDED_TEXT,PASS_SOURCE_KEY
TAH-BIO-BIO26-L15-Q024,BIO26-PDF074-L15-S1-Q024,BIO26-L15,أحياء 2,أسئلة المقارنات بين الفقاريات,74,1,24,A,0,تجميعات الأحياء 2026 — مفتاح الإجابة في PDF p.74,SOURCE_ANSWER_STRIP_EMBEDDED_TEXT,PASS_SOURCE_KEY
TAH-BIO-BIO26-L15-Q025,BIO26-PDF074-L15-S1-Q025,BIO26-L15,أحياء 2,أسئلة المقارنات بين الفقاريات,74,1,25,A,0,تجميعات الأحياء 2026 — مفتاح الإجابة في PDF p.74,SOURCE_ANSWER_STRIP_EMBEDDED_TEXT,PASS_SOURCE_KEY
TAH-BIO-BIO26-L15-Q026,BIO26-PDF074-L15-S1-Q026,BIO26-L15,أحياء 2,أسئلة المقارنات بين الفقاريات,74,1,26,C,2,تجميعات الأحياء 2026 — مفتاح الإجابة في PDF p.74,SOURCE_ANSWER_STRIP_EMBEDDED_TEXT,PASS_SOURCE_KEY
TAH-BIO-BIO26-L15-Q027,BIO26-PDF074-L15-S1-Q027,BIO26-L15,أحياء 2,أسئلة المقارنات بين الفقاريات,74,1,27,D,3,تجميعات الأحياء 2026 — مفتاح الإجابة في PDF p.74,SOURCE_ANSWER_STRIP_EMBEDDED_TEXT,PASS_SOURCE_KEY
TAH-BIO-BIO26-L15-Q028,BIO26-PDF074-L15-S1-Q028,BIO26-L15,أحياء 2,أسئلة المقارنات بين الفقاريات,74,1,28,B,1,تجميعات الأحياء 2026 — مفتاح الإجابة في PDF p.74,SOURCE_ANSWER_STRIP_EMBEDDED_TEXT,PASS_SOURCE_KEY
TAH-BIO-BIO26-L15-Q029,BIO26-PDF074-L15-S1-Q029,BIO26-L15,أحياء 2,أسئلة المقارنات بين الفقاريات,74,1,29,A,0,تجميعات الأحياء 2026 — مفتاح الإجابة في PDF p.74,SOURCE_ANSWER_STRIP_EMBEDDED_TEXT,PASS_SOURCE_KEY
TAH-BIO-BIO26-L15-Q030,BIO26-PDF074-L15-S1-Q030,BIO26-L15,أحياء 2,أسئلة المقارنات بين الفقاريات,74,1,30,A,0,تجميعات الأحياء 2026 — مفتاح الإجابة في PDF p.74,SOURCE_ANSWER_STRIP_EMBEDDED_TEXT,PASS_SOURCE_KEY
TAH-BIO-BIO26-L15-Q031,BIO26-PDF074-L15-S1-Q031,BIO26-L15,أحياء 2,أسئلة المقارنات بين الفقاريات,74,1,31,A,0,تجميعات الأحياء 2026 — مفتاح الإجابة في PDF p.74,SOURCE_ANSWER_STRIP_EMBEDDED_TEXT,PASS_SOURCE_KEY
TAH-BIO-BIO26-L15-Q032,BIO26-PDF074-L15-S1-Q032,BIO26-L15,أحياء 2,أسئلة المقارنات بين الفقاريات,74,1,32,C,2,تجميعات الأحياء 2026 — مفتاح الإجابة في PDF p.74,SOURCE_ANSWER_STRIP_EMBEDDED_TEXT,PASS_SOURCE_KEY
TAH-BIO-BIO26-L15-Q033,BIO26-PDF074-L15-S1-Q033,BIO26-L15,أحياء 2,أسئلة المقارنات بين الفقاريات,74,1,33,A,0,تجميعات الأحياء 2026 — مفتاح الإجابة في PDF p.74,SOURCE_ANSWER_STRIP_EMBEDDED_TEXT,PASS_SOURCE_KEY
TAH-BIO-BIO26-L15-Q034,BIO26-PDF074-L15-S1-Q034,BIO26-L15,أحياء 2,أسئلة المقارنات بين الفقاريات,74,1,34,A,0,تجميعات الأحياء 2026 — مفتاح الإجابة في PDF p.74,SOURCE_ANSWER_STRIP_EMBEDDED_TEXT,PASS_SOURCE_KEY
TAH-BIO-BIO26-L15-Q035,BIO26-PDF074-L15-S1-Q035,BIO26-L15,أحياء 2,أسئلة المقارنات بين الفقاريات,74,1,35,A,0,تجميعات الأحياء 2026 — مفتاح الإجابة في PDF p.74,SOURCE_ANSWER_STRIP_EMBEDDED_TEXT,PASS_SOURCE_KEY
TAH-BIO-BIO26-L15-Q036,BIO26-PDF074-L15-S1-Q036,BIO26-L15,أحياء 2,أسئلة المقارنات بين الفقاريات,74,1,36,D,3,تجميعات الأحياء 2026 — مفتاح الإجابة في PDF p.74,SOURCE_ANSWER_STRIP_EMBEDDED_TEXT,PASS_SOURCE_KEY
TAH-BIO-BIO26-L15-Q037,BIO26-PDF074-L15-S1-Q037,BIO26-L15,أحياء 2,أسئلة المقارنات بين الفقاريات,74,1,37,D,3,تجميعات الأحياء 2026 — مفتاح الإجابة في PDF p.74,SOURCE_ANSWER_STRIP_EMBEDDED_TEXT,PASS_SOURCE_KEY
TAH-BIO-BIO26-L15-Q038,BIO26-PDF074-L15-S1-Q038,BIO26-L15,أحياء 2,أسئلة المقارنات بين الفقاريات,74,1,38,D,3,تجميعات الأحياء 2026 — مفتاح الإجابة في PDF p.74,SOURCE_ANSWER_STRIP_EMBEDDED_TEXT,PASS_SOURCE_KEY
TAH-BIO-BIO26-L15-Q039,BIO26-PDF074-L15-S1-Q039,BIO26-L15,أحياء 2,أسئلة المقارنات بين الفقاريات,74,1,39,B,1,تجميعات الأحياء 2026 — مفتاح الإجابة في PDF p.74,SOURCE_ANSWER_STRIP_EMBEDDED_TEXT,PASS_SOURCE_KEY
TAH-BIO-BIO26-L15-Q040,BIO26-PDF074-L15-S1-Q040,BIO26-L15,أحياء 2,أسئلة المقارنات بين الفقاريات,74,1,40,B,1,تجميعات الأحياء 2026 — مفتاح الإجابة في PDF p.74,SOURCE_ANSWER_STRIP_EMBEDDED_TEXT,PASS_SOURCE_KEY
TAH-BIO-BIO26-L15-Q041,BIO26-PDF074-L15-S1-Q041,BIO26-L15,أحياء 2,أسئلة المقارنات بين الفقاريات,74,1,41,A,0,تجميعات الأحياء 2026 — مفتاح الإجابة في PDF p.74,SOURCE_ANSWER_STRIP_EMBEDDED_TEXT,PASS_SOURCE_KEY
TAH-BIO-BIO26-L15-Q042,BIO26-PDF075-L15-S1-Q042,BIO26-L15,أحياء 2,أسئلة المقارنات بين الفقاريات,75,1,42,B,1,تجميعات الأحياء 2026 — مفتاح الإجابة في PDF p.75,SOURCE_ANSWER_STRIP_EMBEDDED_TEXT,PASS_SOURCE_KEY
TAH-BIO-BIO26-L15-Q043,BIO26-PDF075-L15-S1-Q043,BIO26-L15,أحياء 2,أسئلة المقارنات بين الفقاريات,75,1,43,D,3,تجميعات الأحياء 2026 — مفتاح الإجابة في PDF p.75,SOURCE_ANSWER_STRIP_EMBEDDED_TEXT,PASS_SOURCE_KEY
TAH-BIO-BIO26-L15-Q044,BIO26-PDF075-L15-S1-Q044,BIO26-L15,أحياء 2,أسئلة المقارنات بين الفقاريات,75,1,44,B,1,تجميعات الأحياء 2026 — مفتاح الإجابة في PDF p.75,SOURCE_ANSWER_STRIP_EMBEDDED_TEXT,PASS_SOURCE_KEY
TAH-BIO-BIO26-L15-Q045,BIO26-PDF075-L15-S1-Q045,BIO26-L15,أحياء 2,أسئلة المقارنات بين الفقاريات,75,1,45,C,2,تجميعات الأحياء 2026 — مفتاح الإجابة في PDF p.75,SOURCE_ANSWER_STRIP_EMBEDDED_TEXT,PASS_SOURCE_KEY
TAH-BIO-BIO26-L15-Q046,BIO26-PDF075-L15-S1-Q046,BIO26-L15,أحياء 2,أسئلة المقارنات بين الفقاريات,75,1,46,D,3,تجميعات الأحياء 2026 — مفتاح الإجابة في PDF p.75,SOURCE_ANSWER_STRIP_EMBEDDED_TEXT,PASS_SOURCE_KEY
TAH-BIO-BIO26-L15-Q047,BIO26-PDF075-L15-S1-Q047,BIO26-L15,أحياء 2,أسئلة المقارنات بين الفقاريات,75,1,47,A,0,تجميعات الأحياء 2026 — مفتاح الإجابة في PDF p.75,SOURCE_ANSWER_STRIP_EMBEDDED_TEXT,PASS_SOURCE_KEY
TAH-BIO-BIO26-L15-Q048,BIO26-PDF075-L15-S1-Q048,BIO26-L15,أحياء 2,أسئلة المقارنات بين الفقاريات,75,1,48,D,3,تجميعات الأحياء 2026 — مفتاح الإجابة في PDF p.75,SOURCE_ANSWER_STRIP_EMBEDDED_TEXT,PASS_SOURCE_KEY
TAH-BIO-BIO26-L15-Q049,BIO26-PDF075-L15-S1-Q049,BIO26-L15,أحياء 2,أسئلة المقارنات بين الفقاريات,75,1,49,D,3,تجميعات الأحياء 2026 — مفتاح الإجابة في PDF p.75,SOURCE_ANSWER_STRIP_EMBEDDED_TEXT,PASS_SOURCE_KEY
TAH-BIO-BIO26-L15-Q050,BIO26-PDF075-L15-S1-Q050,BIO26-L15,أحياء 2,أسئلة المقارنات بين الفقاريات,75,1,50,A,0,تجميعات الأحياء 2026 — مفتاح الإجابة في PDF p.75,SOURCE_ANSWER_STRIP_EMBEDDED_TEXT,PASS_SOURCE_KEY
TAH-BIO-BIO26-L15-Q051,BIO26-PDF075-L15-S1-Q051,BIO26-L15,أحياء 2,أسئلة المقارنات بين الفقاريات,75,1,51,B,1,تجميعات الأحياء 2026 — مفتاح الإجابة في PDF p.75,SOURCE_ANSWER_STRIP_EMBEDDED_TEXT,PASS_SOURCE_KEY
TAH-BIO-BIO26-L15-Q052,BIO26-PDF075-L15-S1-Q052,BIO26-L15,أحياء 2,أسئلة المقارنات بين الفقاريات,75,1,52,D,3,تجميعات الأحياء 2026 — مفتاح الإجابة في PDF p.75,SOURCE_ANSWER_STRIP_EMBEDDED_TEXT,PASS_SOURCE_KEY
TAH-BIO-BIO26-L15-Q053,BIO26-PDF075-L15-S1-Q053,BIO26-L15,أحياء 2,أسئلة المقارنات بين الفقاريات,75,1,53,D,3,تجميعات الأحياء 2026 — مفتاح الإجابة في PDF p.75,SOURCE_ANSWER_STRIP_EMBEDDED_TEXT,PASS_SOURCE_KEY
TAH-BIO-BIO26-L15-Q054,BIO26-PDF075-L15-S1-Q054,BIO26-L15,أحياء 2,أسئلة المقارنات بين الفقاريات,75,1,54,B,1,تجميعات الأحياء 2026 — مفتاح الإجابة في PDF p.75,SOURCE_ANSWER_STRIP_EMBEDDED_TEXT,PASS_SOURCE_KEY
TAH-BIO-BIO26-L15-Q055,BIO26-PDF075-L15-S1-Q055,BIO26-L15,أحياء 2,أسئلة المقارنات بين الفقاريات,75,1,55,C,2,تجميعات الأحياء 2026 — مفتاح الإجابة في PDF p.75,SOURCE_ANSWER_STRIP_EMBEDDED_TEXT,PASS_SOURCE_KEY
TAH-BIO-BIO26-L15-Q056,BIO26-PDF075-L15-S1-Q056,BIO26-L15,أحياء 2,أسئلة المقارنات بين الفقاريات,75,1,56,A,0,تجميعات الأحياء 2026 — مفتاح الإجابة في PDF p.75,SOURCE_ANSWER_STRIP_EMBEDDED_TEXT,PASS_SOURCE_KEY
TAH-BIO-BIO26-L15-Q057,BIO26-PDF075-L15-S1-Q057,BIO26-L15,أحياء 2,أسئلة المقارنات بين الفقاريات,75,1,57,B,1,تجميعات الأحياء 2026 — مفتاح الإجابة في PDF p.75,SOURCE_ANSWER_STRIP_EMBEDDED_TEXT,PASS_SOURCE_KEY
TAH-BIO-BIO26-L15-Q058,BIO26-PDF075-L15-S1-Q058,BIO26-L15,أحياء 2,أسئلة المقارنات بين الفقاريات,75,1,58,A,0,تجميعات الأحياء 2026 — مفتاح الإجابة في PDF p.75,SOURCE_ANSWER_STRIP_EMBEDDED_TEXT,PASS_SOURCE_KEY
TAH-BIO-BIO26-L15-Q059,BIO26-PDF075-L15-S1-Q059,BIO26-L15,أحياء 2,أسئلة المقارنات بين الفقاريات,75,1,59,C,2,تجميعات الأحياء 2026 — مفتاح الإجابة في PDF p.75,SOURCE_ANSWER_STRIP_EMBEDDED_TEXT,PASS_SOURCE_KEY
TAH-BIO-BIO26-L15-Q060,BIO26-PDF075-L15-S1-Q060,BIO26-L15,أحياء 2,أسئلة المقارنات بين الفقاريات,75,1,60,D,3,تجميعات الأحياء 2026 — مفتاح الإجابة في PDF p.75,SOURCE_ANSWER_STRIP_EMBEDDED_TEXT,PASS_SOURCE_KEY
TAH-BIO-BIO26-L15-Q061,BIO26-PDF075-L15-S1-Q061,BIO26-L15,أحياء 2,أسئلة المقارنات بين الفقاريات,75,1,61,A,0,تجميعات الأحياء 2026 — مفتاح الإجابة في PDF p.75,SOURCE_ANSWER_STRIP_EMBEDDED_TEXT,PASS_SOURCE_KEY
TAH-BIO-BIO26-L15-Q062,BIO26-PDF075-L15-S1-Q062,BIO26-L15,أحياء 2,أسئلة المقارنات بين الفقاريات,75,1,62,C,2,تجميعات الأحياء 2026 — مفتاح الإجابة في PDF p.75,SOURCE_ANSWER_STRIP_EMBEDDED_TEXT,PASS_SOURCE_KEY
TAH-BIO-BIO26-L15-Q063,BIO26-PDF075-L15-S1-Q063,BIO26-L15,أحياء 2,أسئلة المقارنات بين الفقاريات,75,1,63,C,2,تجميعات الأحياء 2026 — مفتاح الإجابة في PDF p.75,SOURCE_ANSWER_STRIP_EMBEDDED_TEXT,PASS_SOURCE_KEY
TAH-BIO-BIO26-L15-Q064,BIO26-PDF076-L15-S1-Q064,BIO26-L15,أحياء 2,أسئلة المقارنات بين الفقاريات,76,1,64,B,1,تجميعات الأحياء 2026 — مفتاح الإجابة في PDF p.76,SOURCE_ANSWER_STRIP_EMBEDDED_TEXT,PASS_SOURCE_KEY
TAH-BIO-BIO26-L15-Q065,BIO26-PDF076-L15-S1-Q065,BIO26-L15,أحياء 2,أسئلة المقارنات بين الفقاريات,76,1,65,D,3,تجميعات الأحياء 2026 — مفتاح الإجابة في PDF p.76,SOURCE_ANSWER_STRIP_EMBEDDED_TEXT,PASS_SOURCE_KEY
TAH-BIO-BIO26-L15-Q066,BIO26-PDF076-L15-S1-Q066,BIO26-L15,أحياء 2,أسئلة المقارنات بين الفقاريات,76,1,66,C,2,تجميعات الأحياء 2026 — مفتاح الإجابة في PDF p.76,SOURCE_ANSWER_STRIP_EMBEDDED_TEXT,PASS_SOURCE_KEY
TAH-BIO-BIO26-L15-Q067,BIO26-PDF076-L15-S1-Q067,BIO26-L15,أحياء 2,أسئلة المقارنات بين الفقاريات,76,1,67,B,1,تجميعات الأحياء 2026 — مفتاح الإجابة في PDF p.76,SOURCE_ANSWER_STRIP_EMBEDDED_TEXT,PASS_SOURCE_KEY
TAH-BIO-BIO26-L15-Q068,BIO26-PDF076-L15-S1-Q068,BIO26-L15,أحياء 2,أسئلة المقارنات بين الفقاريات,76,1,68,A,0,تجميعات الأحياء 2026 — مفتاح الإجابة في PDF p.76,SOURCE_ANSWER_STRIP_EMBEDDED_TEXT,PASS_SOURCE_KEY
TAH-BIO-BIO26-L15-Q069,BIO26-PDF076-L15-S1-Q069,BIO26-L15,أحياء 2,أسئلة المقارنات بين الفقاريات,76,1,69,A,0,تجميعات الأحياء 2026 — مفتاح الإجابة في PDF p.76,SOURCE_ANSWER_STRIP_EMBEDDED_TEXT,PASS_SOURCE_KEY
TAH-BIO-BIO26-L15-Q070,BIO26-PDF076-L15-S1-Q070,BIO26-L15,أحياء 2,أسئلة المقارنات بين الفقاريات,76,1,70,A,0,تجميعات الأحياء 2026 — مفتاح الإجابة في PDF p.76,SOURCE_ANSWER_STRIP_EMBEDDED_TEXT,PASS_SOURCE_KEY
TAH-BIO-BIO26-L15-Q071,BIO26-PDF076-L15-S1-Q071,BIO26-L15,أحياء 2,أسئلة المقارنات بين الفقاريات,76,1,71,D,3,تجميعات الأحياء 2026 — مفتاح الإجابة في PDF p.76,SOURCE_ANSWER_STRIP_EMBEDDED_TEXT,PASS_SOURCE_KEY
TAH-BIO-BIO26-L16-Q001,BIO26-PDF077-L16-S1-Q001,BIO26-L16,أحياء 2,النباتات اللاوعائية والوعائية,77,1,1,C,2,تجميعات الأحياء 2026 — مفتاح الإجابة في PDF p.77,SOURCE_ANSWER_STRIP_EMBEDDED_TEXT,PASS_SOURCE_KEY
TAH-BIO-BIO26-L16-Q002,BIO26-PDF077-L16-S1-Q002,BIO26-L16,أحياء 2,النباتات اللاوعائية والوعائية,77,1,2,D,3,تجميعات الأحياء 2026 — مفتاح الإجابة في PDF p.77,SOURCE_ANSWER_STRIP_EMBEDDED_TEXT,PASS_SOURCE_KEY
TAH-BIO-BIO26-L16-Q003,BIO26-PDF077-L16-S1-Q003,BIO26-L16,أحياء 2,النباتات اللاوعائية والوعائية,77,1,3,B,1,تجميعات الأحياء 2026 — مفتاح الإجابة في PDF p.77,SOURCE_ANSWER_STRIP_EMBEDDED_TEXT,PASS_SOURCE_KEY
TAH-BIO-BIO26-L16-Q004,BIO26-PDF077-L16-S1-Q004,BIO26-L16,أحياء 2,النباتات اللاوعائية والوعائية,77,1,4,D,3,تجميعات الأحياء 2026 — مفتاح الإجابة في PDF p.77,SOURCE_ANSWER_STRIP_EMBEDDED_TEXT,PASS_SOURCE_KEY
TAH-BIO-BIO26-L16-Q005,BIO26-PDF077-L16-S1-Q005,BIO26-L16,أحياء 2,النباتات اللاوعائية والوعائية,77,1,5,A,0,تجميعات الأحياء 2026 — مفتاح الإجابة في PDF p.77,SOURCE_ANSWER_STRIP_EMBEDDED_TEXT,PASS_SOURCE_KEY
TAH-BIO-BIO26-L16-Q006,BIO26-PDF077-L16-S1-Q006,BIO26-L16,أحياء 2,النباتات اللاوعائية والوعائية,77,1,6,A,0,تجميعات الأحياء 2026 — مفتاح الإجابة في PDF p.77,SOURCE_ANSWER_STRIP_EMBEDDED_TEXT,PASS_SOURCE_KEY
TAH-BIO-BIO26-L16-Q007,BIO26-PDF077-L16-S1-Q007,BIO26-L16,أحياء 2,النباتات اللاوعائية والوعائية,77,1,7,C,2,تجميعات الأحياء 2026 — مفتاح الإجابة في PDF p.77,SOURCE_ANSWER_STRIP_EMBEDDED_TEXT,PASS_SOURCE_KEY
TAH-BIO-BIO26-L16-Q008,BIO26-PDF077-L16-S1-Q008,BIO26-L16,أحياء 2,النباتات اللاوعائية والوعائية,77,1,8,B,1,تجميعات الأحياء 2026 — مفتاح الإجابة في PDF p.77,SOURCE_ANSWER_STRIP_EMBEDDED_TEXT,PASS_SOURCE_KEY
TAH-BIO-BIO26-L16-Q009,BIO26-PDF077-L16-S1-Q009,BIO26-L16,أحياء 2,النباتات اللاوعائية والوعائية,77,1,9,A,0,تجميعات الأحياء 2026 — مفتاح الإجابة في PDF p.77,SOURCE_ANSWER_STRIP_EMBEDDED_TEXT,PASS_SOURCE_KEY
TAH-BIO-BIO26-L16-Q010,BIO26-PDF077-L16-S1-Q010,BIO26-L16,أحياء 2,النباتات اللاوعائية والوعائية,77,1,10,B,1,تجميعات الأحياء 2026 — مفتاح الإجابة في PDF p.77,SOURCE_ANSWER_STRIP_EMBEDDED_TEXT,PASS_SOURCE_KEY
TAH-BIO-BIO26-L16-Q011,BIO26-PDF077-L16-S1-Q011,BIO26-L16,أحياء 2,النباتات اللاوعائية والوعائية,77,1,11,C,2,تجميعات الأحياء 2026 — مفتاح الإجابة في PDF p.77,SOURCE_ANSWER_STRIP_EMBEDDED_TEXT,PASS_SOURCE_KEY
TAH-BIO-BIO26-L16-Q012,BIO26-PDF077-L16-S1-Q012,BIO26-L16,أحياء 2,النباتات اللاوعائية والوعائية,77,1,12,A,0,تجميعات الأحياء 2026 — مفتاح الإجابة في PDF p.77,SOURCE_ANSWER_STRIP_EMBEDDED_TEXT,PASS_SOURCE_KEY
TAH-BIO-BIO26-L16-Q013,BIO26-PDF077-L16-S1-Q013,BIO26-L16,أحياء 2,النباتات اللاوعائية والوعائية,77,1,13,D,3,تجميعات الأحياء 2026 — مفتاح الإجابة في PDF p.77,SOURCE_ANSWER_STRIP_EMBEDDED_TEXT,PASS_SOURCE_KEY
TAH-BIO-BIO26-L16-Q014,BIO26-PDF077-L16-S1-Q014,BIO26-L16,أحياء 2,النباتات اللاوعائية والوعائية,77,1,14,A,0,تجميعات الأحياء 2026 — مفتاح الإجابة في PDF p.77,SOURCE_ANSWER_STRIP_EMBEDDED_TEXT,PASS_SOURCE_KEY
TAH-BIO-BIO26-L16-Q015,BIO26-PDF077-L16-S1-Q015,BIO26-L16,أحياء 2,النباتات اللاوعائية والوعائية,77,1,15,D,3,تجميعات الأحياء 2026 — مفتاح الإجابة في PDF p.77,SOURCE_ANSWER_STRIP_EMBEDDED_TEXT,PASS_SOURCE_KEY
TAH-BIO-BIO26-L16-Q016,BIO26-PDF078-L16-S1-Q016,BIO26-L16,أحياء 2,النباتات اللاوعائية والوعائية,78,1,16,A,0,تجميعات الأحياء 2026 — مفتاح الإجابة في PDF p.78,SOURCE_ANSWER_STRIP_EMBEDDED_TEXT,PASS_SOURCE_KEY
TAH-BIO-BIO26-L16-Q017,BIO26-PDF078-L16-S1-Q017,BIO26-L16,أحياء 2,النباتات اللاوعائية والوعائية,78,1,17,A,0,تجميعات الأحياء 2026 — مفتاح الإجابة في PDF p.78,SOURCE_ANSWER_STRIP_EMBEDDED_TEXT,PASS_SOURCE_KEY
TAH-BIO-BIO26-L16-Q018,BIO26-PDF078-L16-S1-Q018,BIO26-L16,أحياء 2,النباتات اللاوعائية والوعائية,78,1,18,A,0,تجميعات الأحياء 2026 — مفتاح الإجابة في PDF p.78,SOURCE_ANSWER_STRIP_EMBEDDED_TEXT,PASS_SOURCE_KEY
TAH-BIO-BIO26-L16-Q019,BIO26-PDF078-L16-S1-Q019,BIO26-L16,أحياء 2,النباتات اللاوعائية والوعائية,78,1,19,D,3,تجميعات الأحياء 2026 — مفتاح الإجابة في PDF p.78,SOURCE_ANSWER_STRIP_EMBEDDED_TEXT,PASS_SOURCE_KEY
TAH-BIO-BIO26-L16-Q020,BIO26-PDF078-L16-S1-Q020,BIO26-L16,أحياء 2,النباتات اللاوعائية والوعائية,78,1,20,B,1,تجميعات الأحياء 2026 — مفتاح الإجابة في PDF p.78,SOURCE_ANSWER_STRIP_EMBEDDED_TEXT,PASS_SOURCE_KEY
TAH-BIO-BIO26-L16-Q021,BIO26-PDF078-L16-S1-Q021,BIO26-L16,أحياء 2,النباتات اللاوعائية والوعائية,78,1,21,A,0,تجميعات الأحياء 2026 — مفتاح الإجابة في PDF p.78,SOURCE_ANSWER_STRIP_EMBEDDED_TEXT,PASS_SOURCE_KEY
TAH-BIO-BIO26-L16-Q022,BIO26-PDF079-L16-S2-Q022,BIO26-L16,أحياء 2,النباتات اللاوعائية والوعائية,79,2,22,C,2,تجميعات الأحياء 2026 — مفتاح الإجابة في PDF p.79,SOURCE_ANSWER_STRIP_EMBEDDED_TEXT,PASS_SOURCE_KEY
TAH-BIO-BIO26-L16-Q023,BIO26-PDF079-L16-S2-Q023,BIO26-L16,أحياء 2,النباتات اللاوعائية والوعائية,79,2,23,A,0,تجميعات الأحياء 2026 — مفتاح الإجابة في PDF p.79,SOURCE_ANSWER_STRIP_EMBEDDED_TEXT,PASS_SOURCE_KEY
TAH-BIO-BIO26-L16-Q024,BIO26-PDF079-L16-S2-Q024,BIO26-L16,أحياء 2,النباتات اللاوعائية والوعائية,79,2,24,A,0,تجميعات الأحياء 2026 — مفتاح الإجابة في PDF p.79,SOURCE_ANSWER_STRIP_EMBEDDED_TEXT,PASS_SOURCE_KEY
TAH-BIO-BIO26-L16-Q025,BIO26-PDF079-L16-S2-Q025,BIO26-L16,أحياء 2,النباتات اللاوعائية والوعائية,79,2,25,B,1,تجميعات الأحياء 2026 — مفتاح الإجابة في PDF p.79,SOURCE_ANSWER_STRIP_EMBEDDED_TEXT,PASS_SOURCE_KEY
TAH-BIO-BIO26-L16-Q026,BIO26-PDF079-L16-S2-Q026,BIO26-L16,أحياء 2,النباتات اللاوعائية والوعائية,79,2,26,C,2,تجميعات الأحياء 2026 — مفتاح الإجابة في PDF p.79,SOURCE_ANSWER_STRIP_EMBEDDED_TEXT,PASS_SOURCE_KEY
TAH-BIO-BIO26-L16-Q027,BIO26-PDF079-L16-S2-Q027,BIO26-L16,أحياء 2,النباتات اللاوعائية والوعائية,79,2,27,B,1,تجميعات الأحياء 2026 — مفتاح الإجابة في PDF p.79,SOURCE_ANSWER_STRIP_EMBEDDED_TEXT,PASS_SOURCE_KEY
TAH-BIO-BIO26-L16-Q028,BIO26-PDF079-L16-S2-Q028,BIO26-L16,أحياء 2,النباتات اللاوعائية والوعائية,79,2,28,D,3,تجميعات الأحياء 2026 — مفتاح الإجابة في PDF p.79,SOURCE_ANSWER_STRIP_EMBEDDED_TEXT,PASS_SOURCE_KEY
TAH-BIO-BIO26-L16-Q029,BIO26-PDF079-L16-S2-Q029,BIO26-L16,أحياء 2,النباتات اللاوعائية والوعائية,79,2,29,B,1,تجميعات الأحياء 2026 — مفتاح الإجابة في PDF p.79,SOURCE_ANSWER_STRIP_EMBEDDED_TEXT,PASS_SOURCE_KEY
TAH-BIO-BIO26-L16-Q030,BIO26-PDF079-L16-S2-Q030,BIO26-L16,أحياء 2,النباتات اللاوعائية والوعائية,79,2,30,C,2,تجميعات الأحياء 2026 — مفتاح الإجابة في PDF p.79,SOURCE_ANSWER_STRIP_EMBEDDED_TEXT,PASS_SOURCE_KEY
TAH-BIO-BIO26-L16-Q031,BIO26-PDF079-L16-S2-Q031,BIO26-L16,أحياء 2,النباتات اللاوعائية والوعائية,79,2,31,C,2,تجميعات الأحياء 2026 — مفتاح الإجابة في PDF p.79,SOURCE_ANSWER_STRIP_EMBEDDED_TEXT,PASS_SOURCE_KEY
TAH-BIO-BIO26-L16-Q032,BIO26-PDF079-L16-S2-Q032,BIO26-L16,أحياء 2,النباتات اللاوعائية والوعائية,79,2,32,D,3,تجميعات الأحياء 2026 — مفتاح الإجابة في PDF p.79,SOURCE_ANSWER_STRIP_EMBEDDED_TEXT,PASS_SOURCE_KEY
TAH-BIO-BIO26-L16-Q033,BIO26-PDF079-L16-S2-Q033,BIO26-L16,أحياء 2,النباتات اللاوعائية والوعائية,79,2,33,D,3,تجميعات الأحياء 2026 — مفتاح الإجابة في PDF p.79,SOURCE_ANSWER_STRIP_EMBEDDED_TEXT,PASS_SOURCE_KEY
TAH-BIO-BIO26-L16-Q034,BIO26-PDF079-L16-S2-Q034,BIO26-L16,أحياء 2,النباتات اللاوعائية والوعائية,79,2,34,D,3,تجميعات الأحياء 2026 — مفتاح الإجابة في PDF p.79,SOURCE_ANSWER_STRIP_EMBEDDED_TEXT,PASS_SOURCE_KEY
TAH-BIO-BIO26-L16-Q035,BIO26-PDF079-L16-S2-Q035,BIO26-L16,أحياء 2,النباتات اللاوعائية والوعائية,79,2,35,D,3,تجميعات الأحياء 2026 — مفتاح الإجابة في PDF p.79,SOURCE_ANSWER_STRIP_EMBEDDED_TEXT,PASS_SOURCE_KEY
TAH-BIO-BIO26-L16-Q036,BIO26-PDF079-L16-S2-Q036,BIO26-L16,أحياء 2,النباتات اللاوعائية والوعائية,79,2,36,D,3,تجميعات الأحياء 2026 — مفتاح الإجابة في PDF p.79,SOURCE_ANSWER_STRIP_EMBEDDED_TEXT,PASS_SOURCE_KEY
TAH-BIO-BIO26-L16-Q037,BIO26-PDF079-L16-S2-Q037,BIO26-L16,أحياء 2,النباتات اللاوعائية والوعائية,79,2,37,D,3,تجميعات الأحياء 2026 — مفتاح الإجابة في PDF p.79,SOURCE_ANSWER_STRIP_EMBEDDED_TEXT,PASS_SOURCE_KEY
TAH-BIO-BIO26-L16-Q038,BIO26-PDF079-L16-S2-Q038,BIO26-L16,أحياء 2,النباتات اللاوعائية والوعائية,79,2,38,B,1,تجميعات الأحياء 2026 — مفتاح الإجابة في PDF p.79,SOURCE_ANSWER_STRIP_EMBEDDED_TEXT,PASS_SOURCE_KEY
TAH-BIO-BIO26-L16-Q039,BIO26-PDF079-L16-S2-Q039,BIO26-L16,أحياء 2,النباتات اللاوعائية والوعائية,79,2,39,A,0,تجميعات الأحياء 2026 — مفتاح الإجابة في PDF p.79,SOURCE_ANSWER_STRIP_EMBEDDED_TEXT,PASS_SOURCE_KEY
TAH-BIO-BIO26-L16-Q040,BIO26-PDF079-L16-S2-Q040,BIO26-L16,أحياء 2,النباتات اللاوعائية والوعائية,79,2,40,A,0,تجميعات الأحياء 2026 — مفتاح الإجابة في PDF p.79,SOURCE_ANSWER_STRIP_EMBEDDED_TEXT,PASS_SOURCE_KEY
TAH-BIO-BIO26-L17-Q001,BIO26-PDF080-L17-S1-Q001,BIO26-L17,أحياء 2,خلايا وأنسجة النباتات,80,1,1,D,3,تجميعات الأحياء 2026 — مفتاح الإجابة في PDF p.80,SOURCE_ANSWER_STRIP_EMBEDDED_TEXT,PASS_SOURCE_KEY
TAH-BIO-BIO26-L17-Q002,BIO26-PDF080-L17-S1-Q002,BIO26-L17,أحياء 2,خلايا وأنسجة النباتات,80,1,2,C,2,تجميعات الأحياء 2026 — مفتاح الإجابة في PDF p.80,SOURCE_ANSWER_STRIP_EMBEDDED_TEXT,PASS_SOURCE_KEY
TAH-BIO-BIO26-L17-Q003,BIO26-PDF080-L17-S1-Q003,BIO26-L17,أحياء 2,خلايا وأنسجة النباتات,80,1,3,B,1,تجميعات الأحياء 2026 — مفتاح الإجابة في PDF p.80,SOURCE_ANSWER_STRIP_EMBEDDED_TEXT,PASS_SOURCE_KEY
TAH-BIO-BIO26-L17-Q004,BIO26-PDF080-L17-S1-Q004,BIO26-L17,أحياء 2,خلايا وأنسجة النباتات,80,1,4,B,1,تجميعات الأحياء 2026 — مفتاح الإجابة في PDF p.80,SOURCE_ANSWER_STRIP_EMBEDDED_TEXT,PASS_SOURCE_KEY
TAH-BIO-BIO26-L17-Q005,BIO26-PDF080-L17-S1-Q005,BIO26-L17,أحياء 2,خلايا وأنسجة النباتات,80,1,5,D,3,تجميعات الأحياء 2026 — مفتاح الإجابة في PDF p.80,SOURCE_ANSWER_STRIP_EMBEDDED_TEXT,PASS_SOURCE_KEY
TAH-BIO-BIO26-L17-Q006,BIO26-PDF080-L17-S1-Q006,BIO26-L17,أحياء 2,خلايا وأنسجة النباتات,80,1,6,A,0,تجميعات الأحياء 2026 — مفتاح الإجابة في PDF p.80,SOURCE_ANSWER_STRIP_EMBEDDED_TEXT,PASS_SOURCE_KEY
TAH-BIO-BIO26-L17-Q007,BIO26-PDF080-L17-S1-Q007,BIO26-L17,أحياء 2,خلايا وأنسجة النباتات,80,1,7,A,0,تجميعات الأحياء 2026 — مفتاح الإجابة في PDF p.80,SOURCE_ANSWER_STRIP_EMBEDDED_TEXT,PASS_SOURCE_KEY
TAH-BIO-BIO26-L17-Q008,BIO26-PDF080-L17-S1-Q008,BIO26-L17,أحياء 2,خلايا وأنسجة النباتات,80,1,8,D,3,تجميعات الأحياء 2026 — مفتاح الإجابة في PDF p.80,SOURCE_ANSWER_STRIP_EMBEDDED_TEXT,PASS_SOURCE_KEY
TAH-BIO-BIO26-L17-Q009,BIO26-PDF080-L17-S1-Q009,BIO26-L17,أحياء 2,خلايا وأنسجة النباتات,80,1,9,A,0,تجميعات الأحياء 2026 — مفتاح الإجابة في PDF p.80,SOURCE_ANSWER_STRIP_EMBEDDED_TEXT,PASS_SOURCE_KEY
TAH-BIO-BIO26-L17-Q010,BIO26-PDF080-L17-S1-Q010,BIO26-L17,أحياء 2,خلايا وأنسجة النباتات,80,1,10,C,2,تجميعات الأحياء 2026 — مفتاح الإجابة في PDF p.80,SOURCE_ANSWER_STRIP_EMBEDDED_TEXT,PASS_SOURCE_KEY
TAH-BIO-BIO26-L17-Q011,BIO26-PDF080-L17-S1-Q011,BIO26-L17,أحياء 2,خلايا وأنسجة النباتات,80,1,11,B,1,تجميعات الأحياء 2026 — مفتاح الإجابة في PDF p.80,SOURCE_ANSWER_STRIP_EMBEDDED_TEXT,PASS_SOURCE_KEY
TAH-BIO-BIO26-L17-Q012,BIO26-PDF080-L17-S1-Q012,BIO26-L17,أحياء 2,خلايا وأنسجة النباتات,80,1,12,B,1,تجميعات الأحياء 2026 — مفتاح الإجابة في PDF p.80,SOURCE_ANSWER_STRIP_EMBEDDED_TEXT,PASS_SOURCE_KEY
TAH-BIO-BIO26-L17-Q013,BIO26-PDF080-L17-S1-Q013,BIO26-L17,أحياء 2,خلايا وأنسجة النباتات,80,1,13,A,0,تجميعات الأحياء 2026 — مفتاح الإجابة في PDF p.80,SOURCE_ANSWER_STRIP_EMBEDDED_TEXT,PASS_SOURCE_KEY
TAH-BIO-BIO26-L17-Q014,BIO26-PDF080-L17-S1-Q014,BIO26-L17,أحياء 2,خلايا وأنسجة النباتات,80,1,14,B,1,تجميعات الأحياء 2026 — مفتاح الإجابة في PDF p.80,SOURCE_ANSWER_STRIP_EMBEDDED_TEXT,PASS_SOURCE_KEY
TAH-BIO-BIO26-L17-Q015,BIO26-PDF081-L17-S1-Q015,BIO26-L17,أحياء 2,خلايا وأنسجة النباتات,81,1,15,C,2,تجميعات الأحياء 2026 — مفتاح الإجابة في PDF p.81,SOURCE_ANSWER_STRIP_EMBEDDED_TEXT,PASS_SOURCE_KEY
TAH-BIO-BIO26-L17-Q016,BIO26-PDF081-L17-S1-Q016,BIO26-L17,أحياء 2,خلايا وأنسجة النباتات,81,1,16,B,1,تجميعات الأحياء 2026 — مفتاح الإجابة في PDF p.81,SOURCE_ANSWER_STRIP_EMBEDDED_TEXT,PASS_SOURCE_KEY
TAH-BIO-BIO26-L17-Q017,BIO26-PDF082-L17-S2-Q017,BIO26-L17,أحياء 2,خلايا وأنسجة النباتات,82,2,17,C,2,تجميعات الأحياء 2026 — مفتاح الإجابة في PDF p.82,SOURCE_ANSWER_STRIP_EMBEDDED_TEXT,PASS_SOURCE_KEY
TAH-BIO-BIO26-L17-Q018,BIO26-PDF082-L17-S2-Q018,BIO26-L17,أحياء 2,خلايا وأنسجة النباتات,82,2,18,B,1,تجميعات الأحياء 2026 — مفتاح الإجابة في PDF p.82,SOURCE_ANSWER_STRIP_EMBEDDED_TEXT,PASS_SOURCE_KEY
TAH-BIO-BIO26-L17-Q019,BIO26-PDF082-L17-S2-Q019,BIO26-L17,أحياء 2,خلايا وأنسجة النباتات,82,2,19,A,0,تجميعات الأحياء 2026 — مفتاح الإجابة في PDF p.82,SOURCE_ANSWER_STRIP_EMBEDDED_TEXT,PASS_SOURCE_KEY
TAH-BIO-BIO26-L17-Q020,BIO26-PDF082-L17-S2-Q020,BIO26-L17,أحياء 2,خلايا وأنسجة النباتات,82,2,20,A,0,تجميعات الأحياء 2026 — مفتاح الإجابة في PDF p.82,SOURCE_ANSWER_STRIP_EMBEDDED_TEXT,PASS_SOURCE_KEY
TAH-BIO-BIO26-L17-Q021,BIO26-PDF082-L17-S2-Q021,BIO26-L17,أحياء 2,خلايا وأنسجة النباتات,82,2,21,A,0,تجميعات الأحياء 2026 — مفتاح الإجابة في PDF p.82,SOURCE_ANSWER_STRIP_EMBEDDED_TEXT,PASS_SOURCE_KEY
TAH-BIO-BIO26-L17-Q022,BIO26-PDF082-L17-S2-Q022,BIO26-L17,أحياء 2,خلايا وأنسجة النباتات,82,2,22,A,0,تجميعات الأحياء 2026 — مفتاح الإجابة في PDF p.82,SOURCE_ANSWER_STRIP_EMBEDDED_TEXT,PASS_SOURCE_KEY
TAH-BIO-BIO26-L17-Q023,BIO26-PDF082-L17-S2-Q023,BIO26-L17,أحياء 2,خلايا وأنسجة النباتات,82,2,23,B,1,تجميعات الأحياء 2026 — مفتاح الإجابة في PDF p.82,SOURCE_ANSWER_STRIP_EMBEDDED_TEXT,PASS_SOURCE_KEY
TAH-BIO-BIO26-L17-Q024,BIO26-PDF082-L17-S2-Q024,BIO26-L17,أحياء 2,خلايا وأنسجة النباتات,82,2,24,B,1,تجميعات الأحياء 2026 — مفتاح الإجابة في PDF p.82,SOURCE_ANSWER_STRIP_EMBEDDED_TEXT,PASS_SOURCE_KEY
TAH-BIO-BIO26-L17-Q025,BIO26-PDF082-L17-S2-Q025,BIO26-L17,أحياء 2,خلايا وأنسجة النباتات,82,2,25,D,3,تجميعات الأحياء 2026 — مفتاح الإجابة في PDF p.82,SOURCE_ANSWER_STRIP_EMBEDDED_TEXT,PASS_SOURCE_KEY
TAH-BIO-BIO26-L17-Q026,BIO26-PDF082-L17-S2-Q026,BIO26-L17,أحياء 2,خلايا وأنسجة النباتات,82,2,26,A,0,تجميعات الأحياء 2026 — مفتاح الإجابة في PDF p.82,SOURCE_ANSWER_STRIP_EMBEDDED_TEXT,PASS_SOURCE_KEY
TAH-BIO-BIO26-L17-Q027,BIO26-PDF082-L17-S2-Q027,BIO26-L17,أحياء 2,خلايا وأنسجة النباتات,82,2,27,A,0,تجميعات الأحياء 2026 — مفتاح الإجابة في PDF p.82,SOURCE_ANSWER_STRIP_EMBEDDED_TEXT,PASS_SOURCE_KEY
TAH-BIO-BIO26-L17-Q028,BIO26-PDF082-L17-S2-Q028,BIO26-L17,أحياء 2,خلايا وأنسجة النباتات,82,2,28,C,2,تجميعات الأحياء 2026 — مفتاح الإجابة في PDF p.82,SOURCE_ANSWER_STRIP_EMBEDDED_TEXT,PASS_SOURCE_KEY
TAH-BIO-BIO26-L17-Q029,BIO26-PDF082-L17-S2-Q029,BIO26-L17,أحياء 2,خلايا وأنسجة النباتات,82,2,29,A,0,تجميعات الأحياء 2026 — مفتاح الإجابة في PDF p.82,SOURCE_ANSWER_STRIP_EMBEDDED_TEXT,PASS_SOURCE_KEY
TAH-BIO-BIO26-L17-Q030,BIO26-PDF082-L17-S2-Q030,BIO26-L17,أحياء 2,خلايا وأنسجة النباتات,82,2,30,D,3,تجميعات الأحياء 2026 — مفتاح الإجابة في PDF p.82,SOURCE_ANSWER_STRIP_EMBEDDED_TEXT,PASS_SOURCE_KEY
TAH-BIO-BIO26-L17-Q031,BIO26-PDF082-L17-S2-Q031,BIO26-L17,أحياء 2,خلايا وأنسجة النباتات,82,2,31,B,1,تجميعات الأحياء 2026 — مفتاح الإجابة في PDF p.82,SOURCE_ANSWER_STRIP_EMBEDDED_TEXT,PASS_SOURCE_KEY
TAH-BIO-BIO26-L17-Q032,BIO26-PDF082-L17-S2-Q032,BIO26-L17,أحياء 2,خلايا وأنسجة النباتات,82,2,32,C,2,تجميعات الأحياء 2026 — مفتاح الإجابة في PDF p.82,SOURCE_ANSWER_STRIP_EMBEDDED_TEXT,PASS_SOURCE_KEY
TAH-BIO-BIO26-L18-Q001,BIO26-PDF083-L18-S1-Q001,BIO26-L18,أحياء 2,الهرمونات واستجابة النبات,83,1,1,B,1,تجميعات الأحياء 2026 — مفتاح الإجابة في PDF p.83,SOURCE_ANSWER_STRIP_EMBEDDED_TEXT,PASS_SOURCE_KEY
TAH-BIO-BIO26-L18-Q002,BIO26-PDF083-L18-S1-Q002,BIO26-L18,أحياء 2,الهرمونات واستجابة النبات,83,1,2,C,2,تجميعات الأحياء 2026 — مفتاح الإجابة في PDF p.83,SOURCE_ANSWER_STRIP_EMBEDDED_TEXT,PASS_SOURCE_KEY
TAH-BIO-BIO26-L18-Q003,BIO26-PDF083-L18-S1-Q003,BIO26-L18,أحياء 2,الهرمونات واستجابة النبات,83,1,3,B,1,تجميعات الأحياء 2026 — مفتاح الإجابة في PDF p.83,SOURCE_ANSWER_STRIP_EMBEDDED_TEXT,PASS_SOURCE_KEY
TAH-BIO-BIO26-L18-Q004,BIO26-PDF083-L18-S1-Q004,BIO26-L18,أحياء 2,الهرمونات واستجابة النبات,83,1,4,A,0,تجميعات الأحياء 2026 — مفتاح الإجابة في PDF p.83,SOURCE_ANSWER_STRIP_EMBEDDED_TEXT,PASS_SOURCE_KEY
TAH-BIO-BIO26-L18-Q005,BIO26-PDF083-L18-S1-Q005,BIO26-L18,أحياء 2,الهرمونات واستجابة النبات,83,1,5,A,0,تجميعات الأحياء 2026 — مفتاح الإجابة في PDF p.83,SOURCE_ANSWER_STRIP_EMBEDDED_TEXT,PASS_SOURCE_KEY
TAH-BIO-BIO26-L18-Q006,BIO26-PDF083-L18-S1-Q006,BIO26-L18,أحياء 2,الهرمونات واستجابة النبات,83,1,6,A,0,تجميعات الأحياء 2026 — مفتاح الإجابة في PDF p.83,SOURCE_ANSWER_STRIP_EMBEDDED_TEXT,PASS_SOURCE_KEY
TAH-BIO-BIO26-L18-Q007,BIO26-PDF083-L18-S1-Q007,BIO26-L18,أحياء 2,الهرمونات واستجابة النبات,83,1,7,C,2,تجميعات الأحياء 2026 — مفتاح الإجابة في PDF p.83,SOURCE_ANSWER_STRIP_EMBEDDED_TEXT,PASS_SOURCE_KEY
TAH-BIO-BIO26-L18-Q008,BIO26-PDF083-L18-S1-Q008,BIO26-L18,أحياء 2,الهرمونات واستجابة النبات,83,1,8,A,0,تجميعات الأحياء 2026 — مفتاح الإجابة في PDF p.83,SOURCE_ANSWER_STRIP_EMBEDDED_TEXT,PASS_SOURCE_KEY
TAH-BIO-BIO26-L18-Q009,BIO26-PDF083-L18-S1-Q009,BIO26-L18,أحياء 2,الهرمونات واستجابة النبات,83,1,9,B,1,تجميعات الأحياء 2026 — مفتاح الإجابة في PDF p.83,SOURCE_ANSWER_STRIP_EMBEDDED_TEXT,PASS_SOURCE_KEY
TAH-BIO-BIO26-L18-Q010,BIO26-PDF083-L18-S1-Q010,BIO26-L18,أحياء 2,الهرمونات واستجابة النبات,83,1,10,C,2,تجميعات الأحياء 2026 — مفتاح الإجابة في PDF p.83,SOURCE_ANSWER_STRIP_EMBEDDED_TEXT,PASS_SOURCE_KEY
TAH-BIO-BIO26-L18-Q011,BIO26-PDF083-L18-S1-Q011,BIO26-L18,أحياء 2,الهرمونات واستجابة النبات,83,1,11,C,2,تجميعات الأحياء 2026 — مفتاح الإجابة في PDF p.83,SOURCE_ANSWER_STRIP_EMBEDDED_TEXT,PASS_SOURCE_KEY
TAH-BIO-BIO26-L18-Q012,BIO26-PDF083-L18-S1-Q012,BIO26-L18,أحياء 2,الهرمونات واستجابة النبات,83,1,12,A,0,تجميعات الأحياء 2026 — مفتاح الإجابة في PDF p.83,SOURCE_ANSWER_STRIP_EMBEDDED_TEXT,PASS_SOURCE_KEY
TAH-BIO-BIO26-L18-Q013,BIO26-PDF083-L18-S1-Q013,BIO26-L18,أحياء 2,الهرمونات واستجابة النبات,83,1,13,A,0,تجميعات الأحياء 2026 — مفتاح الإجابة في PDF p.83,SOURCE_ANSWER_STRIP_EMBEDDED_TEXT,PASS_SOURCE_KEY
TAH-BIO-BIO26-L18-Q014,BIO26-PDF084-L18-S1-Q014,BIO26-L18,أحياء 2,الهرمونات واستجابة النبات,84,1,14,D,3,تجميعات الأحياء 2026 — مفتاح الإجابة في PDF p.84,SOURCE_ANSWER_STRIP_EMBEDDED_TEXT,PASS_SOURCE_KEY
TAH-BIO-BIO26-L18-Q015,BIO26-PDF084-L18-S1-Q015,BIO26-L18,أحياء 2,الهرمونات واستجابة النبات,84,1,15,B,1,تجميعات الأحياء 2026 — مفتاح الإجابة في PDF p.84,SOURCE_ANSWER_STRIP_EMBEDDED_TEXT,PASS_SOURCE_KEY
TAH-BIO-BIO26-L18-Q016,BIO26-PDF084-L18-S1-Q016,BIO26-L18,أحياء 2,الهرمونات واستجابة النبات,84,1,16,B,1,تجميعات الأحياء 2026 — مفتاح الإجابة في PDF p.84,SOURCE_ANSWER_STRIP_EMBEDDED_TEXT,PASS_SOURCE_KEY
TAH-BIO-BIO26-L18-Q017,BIO26-PDF084-L18-S1-Q017,BIO26-L18,أحياء 2,الهرمونات واستجابة النبات,84,1,17,C,2,تجميعات الأحياء 2026 — مفتاح الإجابة في PDF p.84,SOURCE_ANSWER_STRIP_EMBEDDED_TEXT,PASS_SOURCE_KEY
TAH-BIO-BIO26-L18-Q018,BIO26-PDF084-L18-S1-Q018,BIO26-L18,أحياء 2,الهرمونات واستجابة النبات,84,1,18,D,3,تجميعات الأحياء 2026 — مفتاح الإجابة في PDF p.84,SOURCE_ANSWER_STRIP_EMBEDDED_TEXT,PASS_SOURCE_KEY
TAH-BIO-BIO26-L18-Q019,BIO26-PDF084-L18-S1-Q019,BIO26-L18,أحياء 2,الهرمونات واستجابة النبات,84,1,19,A,0,تجميعات الأحياء 2026 — مفتاح الإجابة في PDF p.84,SOURCE_ANSWER_STRIP_EMBEDDED_TEXT,PASS_SOURCE_KEY
TAH-BIO-BIO26-L18-Q020,BIO26-PDF084-L18-S1-Q020,BIO26-L18,أحياء 2,الهرمونات واستجابة النبات,84,1,20,C,2,تجميعات الأحياء 2026 — مفتاح الإجابة في PDF p.84,SOURCE_ANSWER_STRIP_EMBEDDED_TEXT,PASS_SOURCE_KEY
TAH-BIO-BIO26-L18-Q021,BIO26-PDF084-L18-S1-Q021,BIO26-L18,أحياء 2,الهرمونات واستجابة النبات,84,1,21,B,1,تجميعات الأحياء 2026 — مفتاح الإجابة في PDF p.84,SOURCE_ANSWER_STRIP_EMBEDDED_TEXT,PASS_SOURCE_KEY
TAH-BIO-BIO26-L18-Q022,BIO26-PDF084-L18-S1-Q022,BIO26-L18,أحياء 2,الهرمونات واستجابة النبات,84,1,22,D,3,تجميعات الأحياء 2026 — مفتاح الإجابة في PDF p.84,SOURCE_ANSWER_STRIP_EMBEDDED_TEXT,PASS_SOURCE_KEY
TAH-BIO-BIO26-L18-Q023,BIO26-PDF084-L18-S1-Q023,BIO26-L18,أحياء 2,الهرمونات واستجابة النبات,84,1,23,B,1,تجميعات الأحياء 2026 — مفتاح الإجابة في PDF p.84,SOURCE_ANSWER_STRIP_EMBEDDED_TEXT,PASS_SOURCE_KEY
TAH-BIO-BIO26-L18-Q024,BIO26-PDF084-L18-S1-Q024,BIO26-L18,أحياء 2,الهرمونات واستجابة النبات,84,1,24,D,3,تجميعات الأحياء 2026 — مفتاح الإجابة في PDF p.84,SOURCE_ANSWER_STRIP_EMBEDDED_TEXT,PASS_SOURCE_KEY
TAH-BIO-BIO26-L18-Q025,BIO26-PDF085-L18-S1-Q025,BIO26-L18,أحياء 2,الهرمونات واستجابة النبات,85,1,25,B,1,تجميعات الأحياء 2026 — مفتاح الإجابة في PDF p.85,SOURCE_ANSWER_STRIP_EMBEDDED_TEXT,PASS_SOURCE_KEY
TAH-BIO-BIO26-L18-Q026,BIO26-PDF085-L18-S1-Q026,BIO26-L18,أحياء 2,الهرمونات واستجابة النبات,85,1,26,B,1,تجميعات الأحياء 2026 — مفتاح الإجابة في PDF p.85,SOURCE_ANSWER_STRIP_EMBEDDED_TEXT,PASS_SOURCE_KEY
TAH-BIO-BIO26-L18-Q027,BIO26-PDF086-L18-S2-Q027,BIO26-L18,أحياء 2,الهرمونات واستجابة النبات,86,2,27,A,0,تجميعات الأحياء 2026 — مفتاح الإجابة في PDF p.86,SOURCE_ANSWER_STRIP_EMBEDDED_TEXT,PASS_SOURCE_KEY
TAH-BIO-BIO26-L18-Q028,BIO26-PDF086-L18-S2-Q028,BIO26-L18,أحياء 2,الهرمونات واستجابة النبات,86,2,28,D,3,تجميعات الأحياء 2026 — مفتاح الإجابة في PDF p.86,SOURCE_ANSWER_STRIP_EMBEDDED_TEXT,PASS_SOURCE_KEY
TAH-BIO-BIO26-L18-Q029,BIO26-PDF086-L18-S2-Q029,BIO26-L18,أحياء 2,الهرمونات واستجابة النبات,86,2,29,A,0,تجميعات الأحياء 2026 — مفتاح الإجابة في PDF p.86,SOURCE_ANSWER_STRIP_EMBEDDED_TEXT,PASS_SOURCE_KEY
TAH-BIO-BIO26-L18-Q030,BIO26-PDF086-L18-S2-Q030,BIO26-L18,أحياء 2,الهرمونات واستجابة النبات,86,2,30,C,2,تجميعات الأحياء 2026 — مفتاح الإجابة في PDF p.86,SOURCE_ANSWER_STRIP_EMBEDDED_TEXT,PASS_SOURCE_KEY
TAH-BIO-BIO26-L18-Q031,BIO26-PDF086-L18-S2-Q031,BIO26-L18,أحياء 2,الهرمونات واستجابة النبات,86,2,31,B,1,تجميعات الأحياء 2026 — مفتاح الإجابة في PDF p.86,SOURCE_ANSWER_STRIP_EMBEDDED_TEXT,PASS_SOURCE_KEY
TAH-BIO-BIO26-L18-Q032,BIO26-PDF086-L18-S2-Q032,BIO26-L18,أحياء 2,الهرمونات واستجابة النبات,86,2,32,A,0,تجميعات الأحياء 2026 — مفتاح الإجابة في PDF p.86,SOURCE_ANSWER_STRIP_EMBEDDED_TEXT,PASS_SOURCE_KEY
TAH-BIO-BIO26-L18-Q033,BIO26-PDF086-L18-S2-Q033,BIO26-L18,أحياء 2,الهرمونات واستجابة النبات,86,2,33,D,3,تجميعات الأحياء 2026 — مفتاح الإجابة في PDF p.86,SOURCE_ANSWER_STRIP_EMBEDDED_TEXT,PASS_SOURCE_KEY
TAH-BIO-BIO26-L18-Q034,BIO26-PDF086-L18-S2-Q034,BIO26-L18,أحياء 2,الهرمونات واستجابة النبات,86,2,34,D,3,تجميعات الأحياء 2026 — مفتاح الإجابة في PDF p.86,SOURCE_ANSWER_STRIP_EMBEDDED_TEXT,PASS_SOURCE_KEY
TAH-BIO-BIO26-L18-Q035,BIO26-PDF086-L18-S2-Q035,BIO26-L18,أحياء 2,الهرمونات واستجابة النبات,86,2,35,B,1,تجميعات الأحياء 2026 — مفتاح الإجابة في PDF p.86,SOURCE_ANSWER_STRIP_EMBEDDED_TEXT,PASS_SOURCE_KEY
TAH-BIO-BIO26-L19-Q001,BIO26-PDF087-L19-S1-Q001,BIO26-L19,أحياء 2,النباتات الزهرية وتكاثرها,87,1,1,A,0,تجميعات الأحياء 2026 — مفتاح الإجابة في PDF p.87,SOURCE_ANSWER_STRIP_EMBEDDED_TEXT,PASS_SOURCE_KEY
TAH-BIO-BIO26-L19-Q002,BIO26-PDF087-L19-S1-Q002,BIO26-L19,أحياء 2,النباتات الزهرية وتكاثرها,87,1,2,A,0,تجميعات الأحياء 2026 — مفتاح الإجابة في PDF p.87,SOURCE_ANSWER_STRIP_EMBEDDED_TEXT,PASS_SOURCE_KEY
TAH-BIO-BIO26-L19-Q003,BIO26-PDF087-L19-S1-Q003,BIO26-L19,أحياء 2,النباتات الزهرية وتكاثرها,87,1,3,D,3,تجميعات الأحياء 2026 — مفتاح الإجابة في PDF p.87,SOURCE_ANSWER_STRIP_EMBEDDED_TEXT,PASS_SOURCE_KEY
TAH-BIO-BIO26-L19-Q004,BIO26-PDF087-L19-S1-Q004,BIO26-L19,أحياء 2,النباتات الزهرية وتكاثرها,87,1,4,D,3,تجميعات الأحياء 2026 — مفتاح الإجابة في PDF p.87,SOURCE_ANSWER_STRIP_EMBEDDED_TEXT,PASS_SOURCE_KEY
TAH-BIO-BIO26-L19-Q005,BIO26-PDF087-L19-S1-Q005,BIO26-L19,أحياء 2,النباتات الزهرية وتكاثرها,87,1,5,C,2,تجميعات الأحياء 2026 — مفتاح الإجابة في PDF p.87,SOURCE_ANSWER_STRIP_EMBEDDED_TEXT,PASS_SOURCE_KEY
TAH-BIO-BIO26-L19-Q006,BIO26-PDF087-L19-S1-Q006,BIO26-L19,أحياء 2,النباتات الزهرية وتكاثرها,87,1,6,C,2,تجميعات الأحياء 2026 — مفتاح الإجابة في PDF p.87,SOURCE_ANSWER_STRIP_EMBEDDED_TEXT,PASS_SOURCE_KEY
TAH-BIO-BIO26-L19-Q007,BIO26-PDF087-L19-S1-Q007,BIO26-L19,أحياء 2,النباتات الزهرية وتكاثرها,87,1,7,D,3,تجميعات الأحياء 2026 — مفتاح الإجابة في PDF p.87,SOURCE_ANSWER_STRIP_EMBEDDED_TEXT,PASS_SOURCE_KEY
TAH-BIO-BIO26-L19-Q008,BIO26-PDF087-L19-S1-Q008,BIO26-L19,أحياء 2,النباتات الزهرية وتكاثرها,87,1,8,B,1,تجميعات الأحياء 2026 — مفتاح الإجابة في PDF p.87,SOURCE_ANSWER_STRIP_EMBEDDED_TEXT,PASS_SOURCE_KEY
TAH-BIO-BIO26-L19-Q009,BIO26-PDF087-L19-S1-Q009,BIO26-L19,أحياء 2,النباتات الزهرية وتكاثرها,87,1,9,B,1,تجميعات الأحياء 2026 — مفتاح الإجابة في PDF p.87,SOURCE_ANSWER_STRIP_EMBEDDED_TEXT,PASS_SOURCE_KEY
TAH-BIO-BIO26-L19-Q010,BIO26-PDF087-L19-S1-Q010,BIO26-L19,أحياء 2,النباتات الزهرية وتكاثرها,87,1,10,D,3,تجميعات الأحياء 2026 — مفتاح الإجابة في PDF p.87,SOURCE_ANSWER_STRIP_EMBEDDED_TEXT,PASS_SOURCE_KEY
TAH-BIO-BIO26-L19-Q011,BIO26-PDF087-L19-S1-Q011,BIO26-L19,أحياء 2,النباتات الزهرية وتكاثرها,87,1,11,B,1,تجميعات الأحياء 2026 — مفتاح الإجابة في PDF p.87,SOURCE_ANSWER_STRIP_EMBEDDED_TEXT,PASS_SOURCE_KEY
TAH-BIO-BIO26-L19-Q012,BIO26-PDF087-L19-S1-Q012,BIO26-L19,أحياء 2,النباتات الزهرية وتكاثرها,87,1,12,A,0,تجميعات الأحياء 2026 — مفتاح الإجابة في PDF p.87,SOURCE_ANSWER_STRIP_EMBEDDED_TEXT,PASS_SOURCE_KEY
TAH-BIO-BIO26-L19-Q013,BIO26-PDF087-L19-S1-Q013,BIO26-L19,أحياء 2,النباتات الزهرية وتكاثرها,87,1,13,C,2,تجميعات الأحياء 2026 — مفتاح الإجابة في PDF p.87,SOURCE_ANSWER_STRIP_EMBEDDED_TEXT,PASS_SOURCE_KEY
TAH-BIO-BIO26-L19-Q014,BIO26-PDF087-L19-S1-Q014,BIO26-L19,أحياء 2,النباتات الزهرية وتكاثرها,87,1,14,A,0,تجميعات الأحياء 2026 — مفتاح الإجابة في PDF p.87,SOURCE_ANSWER_STRIP_EMBEDDED_TEXT,PASS_SOURCE_KEY
TAH-BIO-BIO26-L19-Q015,BIO26-PDF087-L19-S1-Q015,BIO26-L19,أحياء 2,النباتات الزهرية وتكاثرها,87,1,15,C,2,تجميعات الأحياء 2026 — مفتاح الإجابة في PDF p.87,SOURCE_ANSWER_STRIP_EMBEDDED_TEXT,PASS_SOURCE_KEY
TAH-BIO-BIO26-L19-Q016,BIO26-PDF087-L19-S1-Q016,BIO26-L19,أحياء 2,النباتات الزهرية وتكاثرها,87,1,16,D,3,تجميعات الأحياء 2026 — مفتاح الإجابة في PDF p.87,SOURCE_ANSWER_STRIP_EMBEDDED_TEXT,PASS_SOURCE_KEY
TAH-BIO-BIO26-L19-Q017,BIO26-PDF087-L19-S1-Q017,BIO26-L19,أحياء 2,النباتات الزهرية وتكاثرها,87,1,17,B,1,تجميعات الأحياء 2026 — مفتاح الإجابة في PDF p.87,SOURCE_ANSWER_STRIP_EMBEDDED_TEXT,PASS_SOURCE_KEY
TAH-BIO-BIO26-L19-Q018,BIO26-PDF088-L19-S1-Q018,BIO26-L19,أحياء 2,النباتات الزهرية وتكاثرها,88,1,18,D,3,تجميعات الأحياء 2026 — مفتاح الإجابة في PDF p.88,SOURCE_ANSWER_STRIP_EMBEDDED_TEXT,PASS_SOURCE_KEY
TAH-BIO-BIO26-L19-Q019,BIO26-PDF088-L19-S1-Q019,BIO26-L19,أحياء 2,النباتات الزهرية وتكاثرها,88,1,19,B,1,تجميعات الأحياء 2026 — مفتاح الإجابة في PDF p.88,SOURCE_ANSWER_STRIP_EMBEDDED_TEXT,PASS_SOURCE_KEY
TAH-BIO-BIO26-L19-Q020,BIO26-PDF088-L19-S1-Q020,BIO26-L19,أحياء 2,النباتات الزهرية وتكاثرها,88,1,20,C,2,تجميعات الأحياء 2026 — مفتاح الإجابة في PDF p.88,SOURCE_ANSWER_STRIP_EMBEDDED_TEXT,PASS_SOURCE_KEY
TAH-BIO-BIO26-L19-Q021,BIO26-PDF088-L19-S1-Q021,BIO26-L19,أحياء 2,النباتات الزهرية وتكاثرها,88,1,21,A,0,تجميعات الأحياء 2026 — مفتاح الإجابة في PDF p.88,SOURCE_ANSWER_STRIP_EMBEDDED_TEXT,PASS_SOURCE_KEY
TAH-BIO-BIO26-L19-Q022,BIO26-PDF088-L19-S1-Q022,BIO26-L19,أحياء 2,النباتات الزهرية وتكاثرها,88,1,22,B,1,تجميعات الأحياء 2026 — مفتاح الإجابة في PDF p.88,SOURCE_ANSWER_STRIP_EMBEDDED_TEXT,PASS_SOURCE_KEY
TAH-BIO-BIO26-L19-Q023,BIO26-PDF088-L19-S1-Q023,BIO26-L19,أحياء 2,النباتات الزهرية وتكاثرها,88,1,23,B,1,تجميعات الأحياء 2026 — مفتاح الإجابة في PDF p.88,SOURCE_ANSWER_STRIP_EMBEDDED_TEXT,PASS_SOURCE_KEY
TAH-BIO-BIO26-L19-Q024,BIO26-PDF088-L19-S1-Q024,BIO26-L19,أحياء 2,النباتات الزهرية وتكاثرها,88,1,24,B,1,تجميعات الأحياء 2026 — مفتاح الإجابة في PDF p.88,SOURCE_ANSWER_STRIP_EMBEDDED_TEXT,PASS_SOURCE_KEY
TAH-BIO-BIO26-L19-Q025,BIO26-PDF088-L19-S1-Q025,BIO26-L19,أحياء 2,النباتات الزهرية وتكاثرها,88,1,25,B,1,تجميعات الأحياء 2026 — مفتاح الإجابة في PDF p.88,SOURCE_ANSWER_STRIP_EMBEDDED_TEXT,PASS_SOURCE_KEY
TAH-BIO-BIO26-L19-Q026,BIO26-PDF088-L19-S1-Q026,BIO26-L19,أحياء 2,النباتات الزهرية وتكاثرها,88,1,26,B,1,تجميعات الأحياء 2026 — مفتاح الإجابة في PDF p.88,SOURCE_ANSWER_STRIP_EMBEDDED_TEXT,PASS_SOURCE_KEY
TAH-BIO-BIO26-L19-Q027,BIO26-PDF088-L19-S1-Q027,BIO26-L19,أحياء 2,النباتات الزهرية وتكاثرها,88,1,27,A,0,تجميعات الأحياء 2026 — مفتاح الإجابة في PDF p.88,SOURCE_ANSWER_STRIP_EMBEDDED_TEXT,PASS_SOURCE_KEY
TAH-BIO-BIO26-L19-Q028,BIO26-PDF088-L19-S1-Q028,BIO26-L19,أحياء 2,النباتات الزهرية وتكاثرها,88,1,28,B,1,تجميعات الأحياء 2026 — مفتاح الإجابة في PDF p.88,SOURCE_ANSWER_STRIP_EMBEDDED_TEXT,PASS_SOURCE_KEY
TAH-BIO-BIO26-L19-Q029,BIO26-PDF089-L19-S1-Q029,BIO26-L19,أحياء 2,النباتات الزهرية وتكاثرها,89,1,29,D,3,تجميعات الأحياء 2026 — مفتاح الإجابة في PDF p.89,SOURCE_ANSWER_STRIP_EMBEDDED_TEXT,PASS_SOURCE_KEY
TAH-BIO-BIO26-L19-Q030,BIO26-PDF089-L19-S1-Q030,BIO26-L19,أحياء 2,النباتات الزهرية وتكاثرها,89,1,30,A,0,تجميعات الأحياء 2026 — مفتاح الإجابة في PDF p.89,SOURCE_ANSWER_STRIP_EMBEDDED_TEXT,PASS_SOURCE_KEY
TAH-BIO-BIO26-L19-Q031,BIO26-PDF089-L19-S1-Q031,BIO26-L19,أحياء 2,النباتات الزهرية وتكاثرها,89,1,31,C,2,تجميعات الأحياء 2026 — مفتاح الإجابة في PDF p.89,SOURCE_ANSWER_STRIP_EMBEDDED_TEXT,PASS_SOURCE_KEY
TAH-BIO-BIO26-L19-Q032,BIO26-PDF089-L19-S1-Q032,BIO26-L19,أحياء 2,النباتات الزهرية وتكاثرها,89,1,32,A,0,تجميعات الأحياء 2026 — مفتاح الإجابة في PDF p.89,SOURCE_ANSWER_STRIP_EMBEDDED_TEXT,PASS_SOURCE_KEY
TAH-BIO-BIO26-L19-Q033,BIO26-PDF089-L19-S1-Q033,BIO26-L19,أحياء 2,النباتات الزهرية وتكاثرها,89,1,33,C,2,تجميعات الأحياء 2026 — مفتاح الإجابة في PDF p.89,SOURCE_ANSWER_STRIP_EMBEDDED_TEXT,PASS_SOURCE_KEY
TAH-BIO-BIO26-L19-Q034,BIO26-PDF089-L19-S1-Q034,BIO26-L19,أحياء 2,النباتات الزهرية وتكاثرها,89,1,34,A,0,تجميعات الأحياء 2026 — مفتاح الإجابة في PDF p.89,SOURCE_ANSWER_STRIP_EMBEDDED_TEXT,PASS_SOURCE_KEY
TAH-BIO-BIO26-L19-Q035,BIO26-PDF089-L19-S1-Q035,BIO26-L19,أحياء 2,النباتات الزهرية وتكاثرها,89,1,35,C,2,تجميعات الأحياء 2026 — مفتاح الإجابة في PDF p.89,SOURCE_ANSWER_STRIP_EMBEDDED_TEXT,PASS_SOURCE_KEY
TAH-BIO-BIO26-L19-Q036,BIO26-PDF089-L19-S1-Q036,BIO26-L19,أحياء 2,النباتات الزهرية وتكاثرها,89,1,36,C,2,تجميعات الأحياء 2026 — مفتاح الإجابة في PDF p.89,SOURCE_ANSWER_STRIP_EMBEDDED_TEXT,PASS_SOURCE_KEY
TAH-BIO-BIO26-L19-Q037,BIO26-PDF089-L19-S1-Q037,BIO26-L19,أحياء 2,النباتات الزهرية وتكاثرها,89,1,37,D,3,تجميعات الأحياء 2026 — مفتاح الإجابة في PDF p.89,SOURCE_ANSWER_STRIP_EMBEDDED_TEXT,PASS_SOURCE_KEY
TAH-BIO-BIO26-L19-Q038,BIO26-PDF089-L19-S1-Q038,BIO26-L19,أحياء 2,النباتات الزهرية وتكاثرها,89,1,38,C,2,تجميعات الأحياء 2026 — مفتاح الإجابة في PDF p.89,SOURCE_ANSWER_STRIP_EMBEDDED_TEXT,PASS_SOURCE_KEY
TAH-BIO-BIO26-L19-Q039,BIO26-PDF089-L19-S1-Q039,BIO26-L19,أحياء 2,النباتات الزهرية وتكاثرها,89,1,39,A,0,تجميعات الأحياء 2026 — مفتاح الإجابة في PDF p.89,SOURCE_ANSWER_STRIP_EMBEDDED_TEXT,PASS_SOURCE_KEY
TAH-BIO-BIO26-L19-Q040,BIO26-PDF090-L19-S2-Q040,BIO26-L19,أحياء 2,النباتات الزهرية وتكاثرها,90,2,40,C,2,تجميعات الأحياء 2026 — مفتاح الإجابة في PDF p.90,SOURCE_ANSWER_STRIP_EMBEDDED_TEXT,PASS_SOURCE_KEY
TAH-BIO-BIO26-L19-Q041,BIO26-PDF090-L19-S2-Q041,BIO26-L19,أحياء 2,النباتات الزهرية وتكاثرها,90,2,41,D,3,تجميعات الأحياء 2026 — مفتاح الإجابة في PDF p.90,SOURCE_ANSWER_STRIP_EMBEDDED_TEXT,PASS_SOURCE_KEY
TAH-BIO-BIO26-L19-Q042,BIO26-PDF090-L19-S2-Q042,BIO26-L19,أحياء 2,النباتات الزهرية وتكاثرها,90,2,42,A,0,تجميعات الأحياء 2026 — مفتاح الإجابة في PDF p.90,SOURCE_ANSWER_STRIP_EMBEDDED_TEXT,PASS_SOURCE_KEY
TAH-BIO-BIO26-L19-Q043,BIO26-PDF090-L19-S2-Q043,BIO26-L19,أحياء 2,النباتات الزهرية وتكاثرها,90,2,43,A,0,تجميعات الأحياء 2026 — مفتاح الإجابة في PDF p.90,SOURCE_ANSWER_STRIP_EMBEDDED_TEXT,PASS_SOURCE_KEY
TAH-BIO-BIO26-L19-Q044,BIO26-PDF090-L19-S2-Q044,BIO26-L19,أحياء 2,النباتات الزهرية وتكاثرها,90,2,44,B,1,تجميعات الأحياء 2026 — مفتاح الإجابة في PDF p.90,SOURCE_ANSWER_STRIP_EMBEDDED_TEXT,PASS_SOURCE_KEY
TAH-BIO-BIO26-L19-Q045,BIO26-PDF090-L19-S2-Q045,BIO26-L19,أحياء 2,النباتات الزهرية وتكاثرها,90,2,45,A,0,تجميعات الأحياء 2026 — مفتاح الإجابة في PDF p.90,SOURCE_ANSWER_STRIP_EMBEDDED_TEXT,PASS_SOURCE_KEY
TAH-BIO-BIO26-L19-Q046,BIO26-PDF090-L19-S2-Q046,BIO26-L19,أحياء 2,النباتات الزهرية وتكاثرها,90,2,46,B,1,تجميعات الأحياء 2026 — مفتاح الإجابة في PDF p.90,SOURCE_ANSWER_STRIP_EMBEDDED_TEXT,PASS_SOURCE_KEY
TAH-BIO-BIO26-L19-Q047,BIO26-PDF090-L19-S2-Q047,BIO26-L19,أحياء 2,النباتات الزهرية وتكاثرها,90,2,47,A,0,تجميعات الأحياء 2026 — مفتاح الإجابة في PDF p.90,SOURCE_ANSWER_STRIP_EMBEDDED_TEXT,PASS_SOURCE_KEY
TAH-BIO-BIO26-L19-Q048,BIO26-PDF090-L19-S2-Q048,BIO26-L19,أحياء 2,النباتات الزهرية وتكاثرها,90,2,48,D,3,تجميعات الأحياء 2026 — مفتاح الإجابة في PDF p.90,SOURCE_ANSWER_STRIP_EMBEDDED_TEXT,PASS_SOURCE_KEY
TAH-BIO-BIO26-L19-Q049,BIO26-PDF090-L19-S2-Q049,BIO26-L19,أحياء 2,النباتات الزهرية وتكاثرها,90,2,49,C,2,تجميعات الأحياء 2026 — مفتاح الإجابة في PDF p.90,SOURCE_ANSWER_STRIP_EMBEDDED_TEXT,PASS_SOURCE_KEY
TAH-BIO-BIO26-L19-Q050,BIO26-PDF090-L19-S2-Q050,BIO26-L19,أحياء 2,النباتات الزهرية وتكاثرها,90,2,50,A,0,تجميعات الأحياء 2026 — مفتاح الإجابة في PDF p.90,SOURCE_ANSWER_STRIP_EMBEDDED_TEXT,PASS_SOURCE_KEY
TAH-BIO-BIO26-L19-Q051,BIO26-PDF090-L19-S2-Q051,BIO26-L19,أحياء 2,النباتات الزهرية وتكاثرها,90,2,51,B,1,تجميعات الأحياء 2026 — مفتاح الإجابة في PDF p.90,SOURCE_ANSWER_STRIP_EMBEDDED_TEXT,PASS_SOURCE_KEY
TAH-BIO-BIO26-L20-Q001,BIO26-PDF092-L20-S1-Q001,BIO26-L20,أحياء 3,الجهاز الهيكلي,92,1,1,B,1,تجميعات الأحياء 2026 — مفتاح الإجابة في PDF p.92,SOURCE_ANSWER_STRIP_EMBEDDED_TEXT,PASS_SOURCE_KEY
TAH-BIO-BIO26-L20-Q002,BIO26-PDF092-L20-S1-Q002,BIO26-L20,أحياء 3,الجهاز الهيكلي,92,1,2,B,1,تجميعات الأحياء 2026 — مفتاح الإجابة في PDF p.92,SOURCE_ANSWER_STRIP_EMBEDDED_TEXT,PASS_SOURCE_KEY
TAH-BIO-BIO26-L20-Q003,BIO26-PDF092-L20-S1-Q003,BIO26-L20,أحياء 3,الجهاز الهيكلي,92,1,3,C,2,تجميعات الأحياء 2026 — مفتاح الإجابة في PDF p.92,SOURCE_ANSWER_STRIP_EMBEDDED_TEXT,PASS_SOURCE_KEY
TAH-BIO-BIO26-L20-Q004,BIO26-PDF092-L20-S1-Q004,BIO26-L20,أحياء 3,الجهاز الهيكلي,92,1,4,A,0,تجميعات الأحياء 2026 — مفتاح الإجابة في PDF p.92,SOURCE_ANSWER_STRIP_EMBEDDED_TEXT,PASS_SOURCE_KEY
TAH-BIO-BIO26-L20-Q005,BIO26-PDF092-L20-S1-Q005,BIO26-L20,أحياء 3,الجهاز الهيكلي,92,1,5,B,1,تجميعات الأحياء 2026 — مفتاح الإجابة في PDF p.92,SOURCE_ANSWER_STRIP_EMBEDDED_TEXT,PASS_SOURCE_KEY
TAH-BIO-BIO26-L20-Q006,BIO26-PDF092-L20-S1-Q006,BIO26-L20,أحياء 3,الجهاز الهيكلي,92,1,6,A,0,تجميعات الأحياء 2026 — مفتاح الإجابة في PDF p.92,SOURCE_ANSWER_STRIP_EMBEDDED_TEXT,PASS_SOURCE_KEY
TAH-BIO-BIO26-L20-Q007,BIO26-PDF092-L20-S1-Q007,BIO26-L20,أحياء 3,الجهاز الهيكلي,92,1,7,C,2,تجميعات الأحياء 2026 — مفتاح الإجابة في PDF p.92,SOURCE_ANSWER_STRIP_EMBEDDED_TEXT,PASS_SOURCE_KEY
TAH-BIO-BIO26-L20-Q008,BIO26-PDF092-L20-S1-Q008,BIO26-L20,أحياء 3,الجهاز الهيكلي,92,1,8,D,3,تجميعات الأحياء 2026 — مفتاح الإجابة في PDF p.92,SOURCE_ANSWER_STRIP_EMBEDDED_TEXT,PASS_SOURCE_KEY
TAH-BIO-BIO26-L20-Q009,BIO26-PDF092-L20-S1-Q009,BIO26-L20,أحياء 3,الجهاز الهيكلي,92,1,9,C,2,تجميعات الأحياء 2026 — مفتاح الإجابة في PDF p.92,SOURCE_ANSWER_STRIP_EMBEDDED_TEXT,PASS_SOURCE_KEY
TAH-BIO-BIO26-L20-Q010,BIO26-PDF092-L20-S1-Q010,BIO26-L20,أحياء 3,الجهاز الهيكلي,92,1,10,B,1,تجميعات الأحياء 2026 — مفتاح الإجابة في PDF p.92,SOURCE_ANSWER_STRIP_EMBEDDED_TEXT,PASS_SOURCE_KEY
TAH-BIO-BIO26-L20-Q011,BIO26-PDF092-L20-S1-Q011,BIO26-L20,أحياء 3,الجهاز الهيكلي,92,1,11,B,1,تجميعات الأحياء 2026 — مفتاح الإجابة في PDF p.92,SOURCE_ANSWER_STRIP_EMBEDDED_TEXT,PASS_SOURCE_KEY
TAH-BIO-BIO26-L20-Q012,BIO26-PDF092-L20-S1-Q012,BIO26-L20,أحياء 3,الجهاز الهيكلي,92,1,12,A,0,تجميعات الأحياء 2026 — مفتاح الإجابة في PDF p.92,SOURCE_ANSWER_STRIP_EMBEDDED_TEXT,PASS_SOURCE_KEY
TAH-BIO-BIO26-L20-Q013,BIO26-PDF092-L20-S1-Q013,BIO26-L20,أحياء 3,الجهاز الهيكلي,92,1,13,B,1,تجميعات الأحياء 2026 — مفتاح الإجابة في PDF p.92,SOURCE_ANSWER_STRIP_EMBEDDED_TEXT,PASS_SOURCE_KEY
TAH-BIO-BIO26-L20-Q014,BIO26-PDF092-L20-S1-Q014,BIO26-L20,أحياء 3,الجهاز الهيكلي,92,1,14,B,1,تجميعات الأحياء 2026 — مفتاح الإجابة في PDF p.92,SOURCE_ANSWER_STRIP_EMBEDDED_TEXT,PASS_SOURCE_KEY
TAH-BIO-BIO26-L20-Q015,BIO26-PDF092-L20-S1-Q015,BIO26-L20,أحياء 3,الجهاز الهيكلي,92,1,15,D,3,تجميعات الأحياء 2026 — مفتاح الإجابة في PDF p.92,SOURCE_ANSWER_STRIP_EMBEDDED_TEXT,PASS_SOURCE_KEY
TAH-BIO-BIO26-L20-Q016,BIO26-PDF092-L20-S1-Q016,BIO26-L20,أحياء 3,الجهاز الهيكلي,92,1,16,B,1,تجميعات الأحياء 2026 — مفتاح الإجابة في PDF p.92,SOURCE_ANSWER_STRIP_EMBEDDED_TEXT,PASS_SOURCE_KEY
TAH-BIO-BIO26-L20-Q017,BIO26-PDF092-L20-S1-Q017,BIO26-L20,أحياء 3,الجهاز الهيكلي,92,1,17,C,2,تجميعات الأحياء 2026 — مفتاح الإجابة في PDF p.92,SOURCE_ANSWER_STRIP_EMBEDDED_TEXT,PASS_SOURCE_KEY
TAH-BIO-BIO26-L20-Q018,BIO26-PDF092-L20-S1-Q018,BIO26-L20,أحياء 3,الجهاز الهيكلي,92,1,18,B,1,تجميعات الأحياء 2026 — مفتاح الإجابة في PDF p.92,SOURCE_ANSWER_STRIP_EMBEDDED_TEXT,PASS_SOURCE_KEY
TAH-BIO-BIO26-L20-Q019,BIO26-PDF093-L20-S1-Q019,BIO26-L20,أحياء 3,الجهاز الهيكلي,93,1,19,D,3,تجميعات الأحياء 2026 — مفتاح الإجابة في PDF p.93,SOURCE_ANSWER_STRIP_EMBEDDED_TEXT,PASS_SOURCE_KEY
TAH-BIO-BIO26-L20-Q020,BIO26-PDF093-L20-S1-Q020,BIO26-L20,أحياء 3,الجهاز الهيكلي,93,1,20,B,1,تجميعات الأحياء 2026 — مفتاح الإجابة في PDF p.93,SOURCE_ANSWER_STRIP_EMBEDDED_TEXT,PASS_SOURCE_KEY
TAH-BIO-BIO26-L20-Q021,BIO26-PDF093-L20-S1-Q021,BIO26-L20,أحياء 3,الجهاز الهيكلي,93,1,21,A,0,تجميعات الأحياء 2026 — مفتاح الإجابة في PDF p.93,SOURCE_ANSWER_STRIP_EMBEDDED_TEXT,PASS_SOURCE_KEY
TAH-BIO-BIO26-L20-Q022,BIO26-PDF093-L20-S1-Q022,BIO26-L20,أحياء 3,الجهاز الهيكلي,93,1,22,B,1,تجميعات الأحياء 2026 — مفتاح الإجابة في PDF p.93,SOURCE_ANSWER_STRIP_EMBEDDED_TEXT,PASS_SOURCE_KEY
TAH-BIO-BIO26-L20-Q023,BIO26-PDF093-L20-S1-Q023,BIO26-L20,أحياء 3,الجهاز الهيكلي,93,1,23,C,2,تجميعات الأحياء 2026 — مفتاح الإجابة في PDF p.93,SOURCE_ANSWER_STRIP_EMBEDDED_TEXT,PASS_SOURCE_KEY
TAH-BIO-BIO26-L20-Q024,BIO26-PDF093-L20-S1-Q024,BIO26-L20,أحياء 3,الجهاز الهيكلي,93,1,24,B,1,تجميعات الأحياء 2026 — مفتاح الإجابة في PDF p.93,SOURCE_ANSWER_STRIP_EMBEDDED_TEXT,PASS_SOURCE_KEY
TAH-BIO-BIO26-L20-Q025,BIO26-PDF093-L20-S1-Q025,BIO26-L20,أحياء 3,الجهاز الهيكلي,93,1,25,C,2,تجميعات الأحياء 2026 — مفتاح الإجابة في PDF p.93,SOURCE_ANSWER_STRIP_EMBEDDED_TEXT,PASS_SOURCE_KEY
TAH-BIO-BIO26-L20-Q026,BIO26-PDF093-L20-S1-Q026,BIO26-L20,أحياء 3,الجهاز الهيكلي,93,1,26,C,2,تجميعات الأحياء 2026 — مفتاح الإجابة في PDF p.93,SOURCE_ANSWER_STRIP_EMBEDDED_TEXT,PASS_SOURCE_KEY
TAH-BIO-BIO26-L20-Q027,BIO26-PDF093-L20-S1-Q027,BIO26-L20,أحياء 3,الجهاز الهيكلي,93,1,27,C,2,تجميعات الأحياء 2026 — مفتاح الإجابة في PDF p.93,SOURCE_ANSWER_STRIP_EMBEDDED_TEXT,PASS_SOURCE_KEY
TAH-BIO-BIO26-L20-Q028,BIO26-PDF093-L20-S1-Q028,BIO26-L20,أحياء 3,الجهاز الهيكلي,93,1,28,D,3,تجميعات الأحياء 2026 — مفتاح الإجابة في PDF p.93,SOURCE_ANSWER_STRIP_EMBEDDED_TEXT,PASS_SOURCE_KEY
TAH-BIO-BIO26-L20-Q029,BIO26-PDF093-L20-S1-Q029,BIO26-L20,أحياء 3,الجهاز الهيكلي,93,1,29,C,2,تجميعات الأحياء 2026 — مفتاح الإجابة في PDF p.93,SOURCE_ANSWER_STRIP_EMBEDDED_TEXT,PASS_SOURCE_KEY
TAH-BIO-BIO26-L20-Q030,BIO26-PDF093-L20-S1-Q030,BIO26-L20,أحياء 3,الجهاز الهيكلي,93,1,30,B,1,تجميعات الأحياء 2026 — مفتاح الإجابة في PDF p.93,SOURCE_ANSWER_STRIP_EMBEDDED_TEXT,PASS_SOURCE_KEY
TAH-BIO-BIO26-L20-Q031,BIO26-PDF093-L20-S1-Q031,BIO26-L20,أحياء 3,الجهاز الهيكلي,93,1,31,A,0,تجميعات الأحياء 2026 — مفتاح الإجابة في PDF p.93,SOURCE_ANSWER_STRIP_EMBEDDED_TEXT,PASS_SOURCE_KEY
TAH-BIO-BIO26-L20-Q032,BIO26-PDF093-L20-S1-Q032,BIO26-L20,أحياء 3,الجهاز الهيكلي,93,1,32,A,0,تجميعات الأحياء 2026 — مفتاح الإجابة في PDF p.93,SOURCE_ANSWER_STRIP_EMBEDDED_TEXT,PASS_SOURCE_KEY
TAH-BIO-BIO26-L20-Q033,BIO26-PDF093-L20-S1-Q033,BIO26-L20,أحياء 3,الجهاز الهيكلي,93,1,33,A,0,تجميعات الأحياء 2026 — مفتاح الإجابة في PDF p.93,SOURCE_ANSWER_STRIP_EMBEDDED_TEXT,PASS_SOURCE_KEY
TAH-BIO-BIO26-L20-Q034,BIO26-PDF093-L20-S1-Q034,BIO26-L20,أحياء 3,الجهاز الهيكلي,93,1,34,C,2,تجميعات الأحياء 2026 — مفتاح الإجابة في PDF p.93,SOURCE_ANSWER_STRIP_EMBEDDED_TEXT,PASS_SOURCE_KEY
TAH-BIO-BIO26-L20-Q035,BIO26-PDF094-L20-S1-Q035,BIO26-L20,أحياء 3,الجهاز الهيكلي,94,1,35,D,3,تجميعات الأحياء 2026 — مفتاح الإجابة في PDF p.94,SOURCE_ANSWER_STRIP_EMBEDDED_TEXT,PASS_SOURCE_KEY
TAH-BIO-BIO26-L20-Q036,BIO26-PDF094-L20-S1-Q036,BIO26-L20,أحياء 3,الجهاز الهيكلي,94,1,36,A,0,تجميعات الأحياء 2026 — مفتاح الإجابة في PDF p.94,SOURCE_ANSWER_STRIP_EMBEDDED_TEXT,PASS_SOURCE_KEY
TAH-BIO-BIO26-L20-Q037,BIO26-PDF094-L20-S1-Q037,BIO26-L20,أحياء 3,الجهاز الهيكلي,94,1,37,A,0,تجميعات الأحياء 2026 — مفتاح الإجابة في PDF p.94,SOURCE_ANSWER_STRIP_EMBEDDED_TEXT,PASS_SOURCE_KEY
TAH-BIO-BIO26-L20-Q038,BIO26-PDF094-L20-S1-Q038,BIO26-L20,أحياء 3,الجهاز الهيكلي,94,1,38,B,1,تجميعات الأحياء 2026 — مفتاح الإجابة في PDF p.94,SOURCE_ANSWER_STRIP_EMBEDDED_TEXT,PASS_SOURCE_KEY
TAH-BIO-BIO26-L20-Q039,BIO26-PDF094-L20-S1-Q039,BIO26-L20,أحياء 3,الجهاز الهيكلي,94,1,39,D,3,تجميعات الأحياء 2026 — مفتاح الإجابة في PDF p.94,SOURCE_ANSWER_STRIP_EMBEDDED_TEXT,PASS_SOURCE_KEY
TAH-BIO-BIO26-L20-Q040,BIO26-PDF094-L20-S1-Q040,BIO26-L20,أحياء 3,الجهاز الهيكلي,94,1,40,A,0,تجميعات الأحياء 2026 — مفتاح الإجابة في PDF p.94,SOURCE_ANSWER_STRIP_EMBEDDED_TEXT,PASS_SOURCE_KEY
TAH-BIO-BIO26-L20-Q041,BIO26-PDF094-L20-S1-Q041,BIO26-L20,أحياء 3,الجهاز الهيكلي,94,1,41,C,2,تجميعات الأحياء 2026 — مفتاح الإجابة في PDF p.94,SOURCE_ANSWER_STRIP_EMBEDDED_TEXT,PASS_SOURCE_KEY
TAH-BIO-BIO26-L20-Q042,BIO26-PDF094-L20-S1-Q042,BIO26-L20,أحياء 3,الجهاز الهيكلي,94,1,42,B,1,تجميعات الأحياء 2026 — مفتاح الإجابة في PDF p.94,SOURCE_ANSWER_STRIP_EMBEDDED_TEXT,PASS_SOURCE_KEY
TAH-BIO-BIO26-L20-Q043,BIO26-PDF094-L20-S1-Q043,BIO26-L20,أحياء 3,الجهاز الهيكلي,94,1,43,C,2,تجميعات الأحياء 2026 — مفتاح الإجابة في PDF p.94,SOURCE_ANSWER_STRIP_EMBEDDED_TEXT,PASS_SOURCE_KEY
TAH-BIO-BIO26-L20-Q044,BIO26-PDF094-L20-S1-Q044,BIO26-L20,أحياء 3,الجهاز الهيكلي,94,1,44,C,2,تجميعات الأحياء 2026 — مفتاح الإجابة في PDF p.94,SOURCE_ANSWER_STRIP_EMBEDDED_TEXT,PASS_SOURCE_KEY
TAH-BIO-BIO26-L20-Q045,BIO26-PDF095-L20-S2-Q045,BIO26-L20,أحياء 3,الجهاز الهيكلي,95,2,45,C,2,تجميعات الأحياء 2026 — مفتاح الإجابة في PDF p.95,SOURCE_ANSWER_STRIP_EMBEDDED_TEXT,PASS_SOURCE_KEY
TAH-BIO-BIO26-L20-Q046,BIO26-PDF095-L20-S2-Q046,BIO26-L20,أحياء 3,الجهاز الهيكلي,95,2,46,C,2,تجميعات الأحياء 2026 — مفتاح الإجابة في PDF p.95,SOURCE_ANSWER_STRIP_EMBEDDED_TEXT,PASS_SOURCE_KEY
TAH-BIO-BIO26-L20-Q047,BIO26-PDF095-L20-S2-Q047,BIO26-L20,أحياء 3,الجهاز الهيكلي,95,2,47,A,0,تجميعات الأحياء 2026 — مفتاح الإجابة في PDF p.95,SOURCE_ANSWER_STRIP_EMBEDDED_TEXT,PASS_SOURCE_KEY
TAH-BIO-BIO26-L20-Q048,BIO26-PDF095-L20-S2-Q048,BIO26-L20,أحياء 3,الجهاز الهيكلي,95,2,48,A,0,تجميعات الأحياء 2026 — مفتاح الإجابة في PDF p.95,SOURCE_ANSWER_STRIP_EMBEDDED_TEXT,PASS_SOURCE_KEY
TAH-BIO-BIO26-L20-Q049,BIO26-PDF095-L20-S2-Q049,BIO26-L20,أحياء 3,الجهاز الهيكلي,95,2,49,A,0,تجميعات الأحياء 2026 — مفتاح الإجابة في PDF p.95,SOURCE_ANSWER_STRIP_EMBEDDED_TEXT,PASS_SOURCE_KEY
TAH-BIO-BIO26-L20-Q050,BIO26-PDF095-L20-S2-Q050,BIO26-L20,أحياء 3,الجهاز الهيكلي,95,2,50,B,1,تجميعات الأحياء 2026 — مفتاح الإجابة في PDF p.95,SOURCE_ANSWER_STRIP_EMBEDDED_TEXT,PASS_SOURCE_KEY
TAH-BIO-BIO26-L20-Q051,BIO26-PDF095-L20-S2-Q051,BIO26-L20,أحياء 3,الجهاز الهيكلي,95,2,51,A,0,تجميعات الأحياء 2026 — مفتاح الإجابة في PDF p.95,SOURCE_ANSWER_STRIP_EMBEDDED_TEXT,PASS_SOURCE_KEY
TAH-BIO-BIO26-L20-Q052,BIO26-PDF095-L20-S2-Q052,BIO26-L20,أحياء 3,الجهاز الهيكلي,95,2,52,B,1,تجميعات الأحياء 2026 — مفتاح الإجابة في PDF p.95,SOURCE_ANSWER_STRIP_EMBEDDED_TEXT,PASS_SOURCE_KEY
TAH-BIO-BIO26-L20-Q053,BIO26-PDF095-L20-S2-Q053,BIO26-L20,أحياء 3,الجهاز الهيكلي,95,2,53,A,0,تجميعات الأحياء 2026 — مفتاح الإجابة في PDF p.95,SOURCE_ANSWER_STRIP_EMBEDDED_TEXT,PASS_SOURCE_KEY
TAH-BIO-BIO26-L20-Q054,BIO26-PDF095-L20-S2-Q054,BIO26-L20,أحياء 3,الجهاز الهيكلي,95,2,54,A,0,تجميعات الأحياء 2026 — مفتاح الإجابة في PDF p.95,SOURCE_ANSWER_STRIP_EMBEDDED_TEXT,PASS_SOURCE_KEY
TAH-BIO-BIO26-L20-Q055,BIO26-PDF095-L20-S2-Q055,BIO26-L20,أحياء 3,الجهاز الهيكلي,95,2,55,B,1,تجميعات الأحياء 2026 — مفتاح الإجابة في PDF p.95,SOURCE_ANSWER_STRIP_EMBEDDED_TEXT,PASS_SOURCE_KEY
TAH-BIO-BIO26-L20-Q056,BIO26-PDF095-L20-S2-Q056,BIO26-L20,أحياء 3,الجهاز الهيكلي,95,2,56,A,0,تجميعات الأحياء 2026 — مفتاح الإجابة في PDF p.95,SOURCE_ANSWER_STRIP_EMBEDDED_TEXT,PASS_SOURCE_KEY
TAH-BIO-BIO26-L20-Q057,BIO26-PDF095-L20-S2-Q057,BIO26-L20,أحياء 3,الجهاز الهيكلي,95,2,57,B,1,تجميعات الأحياء 2026 — مفتاح الإجابة في PDF p.95,SOURCE_ANSWER_STRIP_EMBEDDED_TEXT,PASS_SOURCE_KEY
TAH-BIO-BIO26-L20-Q058,BIO26-PDF095-L20-S2-Q058,BIO26-L20,أحياء 3,الجهاز الهيكلي,95,2,58,B,1,تجميعات الأحياء 2026 — مفتاح الإجابة في PDF p.95,SOURCE_ANSWER_STRIP_EMBEDDED_TEXT,PASS_SOURCE_KEY
TAH-BIO-BIO26-L21-Q001,BIO26-PDF096-L21-S1-Q001,BIO26-L21,أحياء 3,الجهاز العضلي,96,1,1,B,1,تجميعات الأحياء 2026 — مفتاح الإجابة في PDF p.96,SOURCE_ANSWER_STRIP_EMBEDDED_TEXT,PASS_SOURCE_KEY
TAH-BIO-BIO26-L21-Q002,BIO26-PDF096-L21-S1-Q002,BIO26-L21,أحياء 3,الجهاز العضلي,96,1,2,D,3,تجميعات الأحياء 2026 — مفتاح الإجابة في PDF p.96,SOURCE_ANSWER_STRIP_EMBEDDED_TEXT,PASS_SOURCE_KEY
TAH-BIO-BIO26-L21-Q003,BIO26-PDF096-L21-S1-Q003,BIO26-L21,أحياء 3,الجهاز العضلي,96,1,3,D,3,تجميعات الأحياء 2026 — مفتاح الإجابة في PDF p.96,SOURCE_ANSWER_STRIP_EMBEDDED_TEXT,PASS_SOURCE_KEY
TAH-BIO-BIO26-L21-Q004,BIO26-PDF096-L21-S1-Q004,BIO26-L21,أحياء 3,الجهاز العضلي,96,1,4,D,3,تجميعات الأحياء 2026 — مفتاح الإجابة في PDF p.96,SOURCE_ANSWER_STRIP_EMBEDDED_TEXT,PASS_SOURCE_KEY
TAH-BIO-BIO26-L21-Q005,BIO26-PDF096-L21-S1-Q005,BIO26-L21,أحياء 3,الجهاز العضلي,96,1,5,D,3,تجميعات الأحياء 2026 — مفتاح الإجابة في PDF p.96,SOURCE_ANSWER_STRIP_EMBEDDED_TEXT,PASS_SOURCE_KEY
TAH-BIO-BIO26-L21-Q006,BIO26-PDF096-L21-S1-Q006,BIO26-L21,أحياء 3,الجهاز العضلي,96,1,6,A,0,تجميعات الأحياء 2026 — مفتاح الإجابة في PDF p.96,SOURCE_ANSWER_STRIP_EMBEDDED_TEXT,PASS_SOURCE_KEY
TAH-BIO-BIO26-L21-Q007,BIO26-PDF096-L21-S1-Q007,BIO26-L21,أحياء 3,الجهاز العضلي,96,1,7,A,0,تجميعات الأحياء 2026 — مفتاح الإجابة في PDF p.96,SOURCE_ANSWER_STRIP_EMBEDDED_TEXT,PASS_SOURCE_KEY
TAH-BIO-BIO26-L21-Q008,BIO26-PDF096-L21-S1-Q008,BIO26-L21,أحياء 3,الجهاز العضلي,96,1,8,C,2,تجميعات الأحياء 2026 — مفتاح الإجابة في PDF p.96,SOURCE_ANSWER_STRIP_EMBEDDED_TEXT,PASS_SOURCE_KEY
TAH-BIO-BIO26-L21-Q009,BIO26-PDF096-L21-S1-Q009,BIO26-L21,أحياء 3,الجهاز العضلي,96,1,9,C,2,تجميعات الأحياء 2026 — مفتاح الإجابة في PDF p.96,SOURCE_ANSWER_STRIP_EMBEDDED_TEXT,PASS_SOURCE_KEY
TAH-BIO-BIO26-L21-Q010,BIO26-PDF096-L21-S1-Q010,BIO26-L21,أحياء 3,الجهاز العضلي,96,1,10,A,0,تجميعات الأحياء 2026 — مفتاح الإجابة في PDF p.96,SOURCE_ANSWER_STRIP_EMBEDDED_TEXT,PASS_SOURCE_KEY
TAH-BIO-BIO26-L21-Q011,BIO26-PDF096-L21-S1-Q011,BIO26-L21,أحياء 3,الجهاز العضلي,96,1,11,A,0,تجميعات الأحياء 2026 — مفتاح الإجابة في PDF p.96,SOURCE_ANSWER_STRIP_EMBEDDED_TEXT,PASS_SOURCE_KEY
TAH-BIO-BIO26-L21-Q012,BIO26-PDF096-L21-S1-Q012,BIO26-L21,أحياء 3,الجهاز العضلي,96,1,12,B,1,تجميعات الأحياء 2026 — مفتاح الإجابة في PDF p.96,SOURCE_ANSWER_STRIP_EMBEDDED_TEXT,PASS_SOURCE_KEY
TAH-BIO-BIO26-L21-Q013,BIO26-PDF096-L21-S1-Q013,BIO26-L21,أحياء 3,الجهاز العضلي,96,1,13,B,1,تجميعات الأحياء 2026 — مفتاح الإجابة في PDF p.96,SOURCE_ANSWER_STRIP_EMBEDDED_TEXT,PASS_SOURCE_KEY
TAH-BIO-BIO26-L21-Q014,BIO26-PDF097-L21-S1-Q014,BIO26-L21,أحياء 3,الجهاز العضلي,97,1,14,A,0,تجميعات الأحياء 2026 — مفتاح الإجابة في PDF p.97,SOURCE_ANSWER_STRIP_EMBEDDED_TEXT,PASS_SOURCE_KEY
TAH-BIO-BIO26-L21-Q015,BIO26-PDF097-L21-S1-Q015,BIO26-L21,أحياء 3,الجهاز العضلي,97,1,15,B,1,تجميعات الأحياء 2026 — مفتاح الإجابة في PDF p.97,SOURCE_ANSWER_STRIP_EMBEDDED_TEXT,PASS_SOURCE_KEY
TAH-BIO-BIO26-L21-Q016,BIO26-PDF098-L21-S2-Q016,BIO26-L21,أحياء 3,الجهاز العضلي,98,2,16,D,3,تجميعات الأحياء 2026 — مفتاح الإجابة في PDF p.98,SOURCE_ANSWER_STRIP_EMBEDDED_TEXT,PASS_SOURCE_KEY
TAH-BIO-BIO26-L21-Q017,BIO26-PDF098-L21-S2-Q017,BIO26-L21,أحياء 3,الجهاز العضلي,98,2,17,D,3,تجميعات الأحياء 2026 — مفتاح الإجابة في PDF p.98,SOURCE_ANSWER_STRIP_EMBEDDED_TEXT,PASS_SOURCE_KEY
TAH-BIO-BIO26-L21-Q018,BIO26-PDF098-L21-S2-Q018,BIO26-L21,أحياء 3,الجهاز العضلي,98,2,18,A,0,تجميعات الأحياء 2026 — مفتاح الإجابة في PDF p.98,SOURCE_ANSWER_STRIP_EMBEDDED_TEXT,PASS_SOURCE_KEY
TAH-BIO-BIO26-L21-Q019,BIO26-PDF098-L21-S2-Q019,BIO26-L21,أحياء 3,الجهاز العضلي,98,2,19,A,0,تجميعات الأحياء 2026 — مفتاح الإجابة في PDF p.98,SOURCE_ANSWER_STRIP_EMBEDDED_TEXT,PASS_SOURCE_KEY
TAH-BIO-BIO26-L21-Q020,BIO26-PDF098-L21-S2-Q020,BIO26-L21,أحياء 3,الجهاز العضلي,98,2,20,C,2,تجميعات الأحياء 2026 — مفتاح الإجابة في PDF p.98,SOURCE_ANSWER_STRIP_EMBEDDED_TEXT,PASS_SOURCE_KEY
TAH-BIO-BIO26-L21-Q021,BIO26-PDF098-L21-S2-Q021,BIO26-L21,أحياء 3,الجهاز العضلي,98,2,21,B,1,تجميعات الأحياء 2026 — مفتاح الإجابة في PDF p.98,SOURCE_ANSWER_STRIP_EMBEDDED_TEXT,PASS_SOURCE_KEY
TAH-BIO-BIO26-L21-Q022,BIO26-PDF098-L21-S2-Q022,BIO26-L21,أحياء 3,الجهاز العضلي,98,2,22,A,0,تجميعات الأحياء 2026 — مفتاح الإجابة في PDF p.98,SOURCE_ANSWER_STRIP_EMBEDDED_TEXT,PASS_SOURCE_KEY
TAH-BIO-BIO26-L21-Q023,BIO26-PDF098-L21-S2-Q023,BIO26-L21,أحياء 3,الجهاز العضلي,98,2,23,C,2,تجميعات الأحياء 2026 — مفتاح الإجابة في PDF p.98,SOURCE_ANSWER_STRIP_EMBEDDED_TEXT,PASS_SOURCE_KEY
TAH-BIO-BIO26-L21-Q024,BIO26-PDF098-L21-S2-Q024,BIO26-L21,أحياء 3,الجهاز العضلي,98,2,24,D,3,تجميعات الأحياء 2026 — مفتاح الإجابة في PDF p.98,SOURCE_ANSWER_STRIP_EMBEDDED_TEXT,PASS_SOURCE_KEY
TAH-BIO-BIO26-L21-Q025,BIO26-PDF098-L21-S2-Q025,BIO26-L21,أحياء 3,الجهاز العضلي,98,2,25,A,0,تجميعات الأحياء 2026 — مفتاح الإجابة في PDF p.98,SOURCE_ANSWER_STRIP_EMBEDDED_TEXT,PASS_SOURCE_KEY
TAH-BIO-BIO26-L21-Q026,BIO26-PDF098-L21-S2-Q026,BIO26-L21,أحياء 3,الجهاز العضلي,98,2,26,D,3,تجميعات الأحياء 2026 — مفتاح الإجابة في PDF p.98,SOURCE_ANSWER_STRIP_EMBEDDED_TEXT,PASS_SOURCE_KEY
TAH-BIO-BIO26-L21-Q027,BIO26-PDF098-L21-S2-Q027,BIO26-L21,أحياء 3,الجهاز العضلي,98,2,27,C,2,تجميعات الأحياء 2026 — مفتاح الإجابة في PDF p.98,SOURCE_ANSWER_STRIP_EMBEDDED_TEXT,PASS_SOURCE_KEY
TAH-BIO-BIO26-L21-Q028,BIO26-PDF098-L21-S2-Q028,BIO26-L21,أحياء 3,الجهاز العضلي,98,2,28,B,1,تجميعات الأحياء 2026 — مفتاح الإجابة في PDF p.98,SOURCE_ANSWER_STRIP_EMBEDDED_TEXT,PASS_SOURCE_KEY
TAH-BIO-BIO26-L21-Q029,BIO26-PDF098-L21-S2-Q029,BIO26-L21,أحياء 3,الجهاز العضلي,98,2,29,C,2,تجميعات الأحياء 2026 — مفتاح الإجابة في PDF p.98,SOURCE_ANSWER_STRIP_EMBEDDED_TEXT,PASS_SOURCE_KEY
TAH-BIO-BIO26-L21-Q030,BIO26-PDF098-L21-S2-Q030,BIO26-L21,أحياء 3,الجهاز العضلي,98,2,30,C,2,تجميعات الأحياء 2026 — مفتاح الإجابة في PDF p.98,SOURCE_ANSWER_STRIP_EMBEDDED_TEXT,PASS_SOURCE_KEY
TAH-BIO-BIO26-L21-Q031,BIO26-PDF098-L21-S2-Q031,BIO26-L21,أحياء 3,الجهاز العضلي,98,2,31,D,3,تجميعات الأحياء 2026 — مفتاح الإجابة في PDF p.98,SOURCE_ANSWER_STRIP_EMBEDDED_TEXT,PASS_SOURCE_KEY
TAH-BIO-BIO26-L21-Q032,BIO26-PDF098-L21-S2-Q032,BIO26-L21,أحياء 3,الجهاز العضلي,98,2,32,C,2,تجميعات الأحياء 2026 — مفتاح الإجابة في PDF p.98,SOURCE_ANSWER_STRIP_EMBEDDED_TEXT,PASS_SOURCE_KEY
TAH-BIO-BIO26-L21-Q033,BIO26-PDF098-L21-S2-Q033,BIO26-L21,أحياء 3,الجهاز العضلي,98,2,33,D,3,تجميعات الأحياء 2026 — مفتاح الإجابة في PDF p.98,SOURCE_ANSWER_STRIP_EMBEDDED_TEXT,PASS_SOURCE_KEY
TAH-BIO-BIO26-L21-Q034,BIO26-PDF098-L21-S2-Q034,BIO26-L21,أحياء 3,الجهاز العضلي,98,2,34,C,2,تجميعات الأحياء 2026 — مفتاح الإجابة في PDF p.98,SOURCE_ANSWER_STRIP_EMBEDDED_TEXT,PASS_SOURCE_KEY
TAH-BIO-BIO26-L21-Q035,BIO26-PDF099-L21-S2-Q035,BIO26-L21,أحياء 3,الجهاز العضلي,99,2,35,B,1,تجميعات الأحياء 2026 — مفتاح الإجابة في PDF p.99,SOURCE_ANSWER_STRIP_EMBEDDED_TEXT,PASS_SOURCE_KEY
TAH-BIO-BIO26-L21-Q036,BIO26-PDF099-L21-S2-Q036,BIO26-L21,أحياء 3,الجهاز العضلي,99,2,36,D,3,تجميعات الأحياء 2026 — مفتاح الإجابة في PDF p.99,SOURCE_ANSWER_STRIP_EMBEDDED_TEXT,PASS_SOURCE_KEY
TAH-BIO-BIO26-L21-Q037,BIO26-PDF099-L21-S2-Q037,BIO26-L21,أحياء 3,الجهاز العضلي,99,2,37,B,1,تجميعات الأحياء 2026 — مفتاح الإجابة في PDF p.99,SOURCE_ANSWER_STRIP_EMBEDDED_TEXT,PASS_SOURCE_KEY
TAH-BIO-BIO26-L21-Q038,BIO26-PDF099-L21-S2-Q038,BIO26-L21,أحياء 3,الجهاز العضلي,99,2,38,B,1,تجميعات الأحياء 2026 — مفتاح الإجابة في PDF p.99,SOURCE_ANSWER_STRIP_EMBEDDED_TEXT,PASS_SOURCE_KEY
TAH-BIO-BIO26-L22-Q001,BIO26-PDF100-L22-S1-Q001,BIO26-L22,أحياء 3,الجهاز العصبي,100,1,1,A,0,تجميعات الأحياء 2026 — مفتاح الإجابة في PDF p.100,SOURCE_ANSWER_STRIP_EMBEDDED_TEXT,PASS_SOURCE_KEY
TAH-BIO-BIO26-L22-Q002,BIO26-PDF100-L22-S1-Q002,BIO26-L22,أحياء 3,الجهاز العصبي,100,1,2,A,0,تجميعات الأحياء 2026 — مفتاح الإجابة في PDF p.100,SOURCE_ANSWER_STRIP_EMBEDDED_TEXT,PASS_SOURCE_KEY
TAH-BIO-BIO26-L22-Q003,BIO26-PDF100-L22-S1-Q003,BIO26-L22,أحياء 3,الجهاز العصبي,100,1,3,D,3,تجميعات الأحياء 2026 — مفتاح الإجابة في PDF p.100,SOURCE_ANSWER_STRIP_EMBEDDED_TEXT,PASS_SOURCE_KEY
TAH-BIO-BIO26-L22-Q004,BIO26-PDF100-L22-S1-Q004,BIO26-L22,أحياء 3,الجهاز العصبي,100,1,4,D,3,تجميعات الأحياء 2026 — مفتاح الإجابة في PDF p.100,SOURCE_ANSWER_STRIP_EMBEDDED_TEXT,PASS_SOURCE_KEY
TAH-BIO-BIO26-L22-Q005,BIO26-PDF100-L22-S1-Q005,BIO26-L22,أحياء 3,الجهاز العصبي,100,1,5,D,3,تجميعات الأحياء 2026 — مفتاح الإجابة في PDF p.100,SOURCE_ANSWER_STRIP_EMBEDDED_TEXT,PASS_SOURCE_KEY
TAH-BIO-BIO26-L22-Q006,BIO26-PDF100-L22-S1-Q006,BIO26-L22,أحياء 3,الجهاز العصبي,100,1,6,D,3,تجميعات الأحياء 2026 — مفتاح الإجابة في PDF p.100,SOURCE_ANSWER_STRIP_EMBEDDED_TEXT,PASS_SOURCE_KEY
TAH-BIO-BIO26-L22-Q007,BIO26-PDF100-L22-S1-Q007,BIO26-L22,أحياء 3,الجهاز العصبي,100,1,7,A,0,تجميعات الأحياء 2026 — مفتاح الإجابة في PDF p.100,SOURCE_ANSWER_STRIP_EMBEDDED_TEXT,PASS_SOURCE_KEY
TAH-BIO-BIO26-L22-Q008,BIO26-PDF100-L22-S1-Q008,BIO26-L22,أحياء 3,الجهاز العصبي,100,1,8,C,2,تجميعات الأحياء 2026 — مفتاح الإجابة في PDF p.100,SOURCE_ANSWER_STRIP_EMBEDDED_TEXT,PASS_SOURCE_KEY
TAH-BIO-BIO26-L22-Q009,BIO26-PDF100-L22-S1-Q009,BIO26-L22,أحياء 3,الجهاز العصبي,100,1,9,A,0,تجميعات الأحياء 2026 — مفتاح الإجابة في PDF p.100,SOURCE_ANSWER_STRIP_EMBEDDED_TEXT,PASS_SOURCE_KEY
TAH-BIO-BIO26-L22-Q010,BIO26-PDF100-L22-S1-Q010,BIO26-L22,أحياء 3,الجهاز العصبي,100,1,10,A,0,تجميعات الأحياء 2026 — مفتاح الإجابة في PDF p.100,SOURCE_ANSWER_STRIP_EMBEDDED_TEXT,PASS_SOURCE_KEY
TAH-BIO-BIO26-L22-Q011,BIO26-PDF100-L22-S1-Q011,BIO26-L22,أحياء 3,الجهاز العصبي,100,1,11,B,1,تجميعات الأحياء 2026 — مفتاح الإجابة في PDF p.100,SOURCE_ANSWER_STRIP_EMBEDDED_TEXT,PASS_SOURCE_KEY
TAH-BIO-BIO26-L22-Q012,BIO26-PDF100-L22-S1-Q012,BIO26-L22,أحياء 3,الجهاز العصبي,100,1,12,C,2,تجميعات الأحياء 2026 — مفتاح الإجابة في PDF p.100,SOURCE_ANSWER_STRIP_EMBEDDED_TEXT,PASS_SOURCE_KEY
TAH-BIO-BIO26-L22-Q013,BIO26-PDF100-L22-S1-Q013,BIO26-L22,أحياء 3,الجهاز العصبي,100,1,13,A,0,تجميعات الأحياء 2026 — مفتاح الإجابة في PDF p.100,SOURCE_ANSWER_STRIP_EMBEDDED_TEXT,PASS_SOURCE_KEY
TAH-BIO-BIO26-L22-Q014,BIO26-PDF101-L22-S1-Q014,BIO26-L22,أحياء 3,الجهاز العصبي,101,1,14,A,0,تجميعات الأحياء 2026 — مفتاح الإجابة في PDF p.101,SOURCE_ANSWER_STRIP_EMBEDDED_TEXT,PASS_SOURCE_KEY
TAH-BIO-BIO26-L22-Q015,BIO26-PDF101-L22-S1-Q015,BIO26-L22,أحياء 3,الجهاز العصبي,101,1,15,B,1,تجميعات الأحياء 2026 — مفتاح الإجابة في PDF p.101,SOURCE_ANSWER_STRIP_EMBEDDED_TEXT,PASS_SOURCE_KEY
TAH-BIO-BIO26-L22-Q016,BIO26-PDF101-L22-S1-Q016,BIO26-L22,أحياء 3,الجهاز العصبي,101,1,16,A,0,تجميعات الأحياء 2026 — مفتاح الإجابة في PDF p.101,SOURCE_ANSWER_STRIP_EMBEDDED_TEXT,PASS_SOURCE_KEY
TAH-BIO-BIO26-L22-Q017,BIO26-PDF101-L22-S1-Q017,BIO26-L22,أحياء 3,الجهاز العصبي,101,1,17,B,1,تجميعات الأحياء 2026 — مفتاح الإجابة في PDF p.101,SOURCE_ANSWER_STRIP_EMBEDDED_TEXT,PASS_SOURCE_KEY
TAH-BIO-BIO26-L22-Q018,BIO26-PDF101-L22-S1-Q018,BIO26-L22,أحياء 3,الجهاز العصبي,101,1,18,D,3,تجميعات الأحياء 2026 — مفتاح الإجابة في PDF p.101,SOURCE_ANSWER_STRIP_EMBEDDED_TEXT,PASS_SOURCE_KEY
TAH-BIO-BIO26-L22-Q019,BIO26-PDF101-L22-S1-Q019,BIO26-L22,أحياء 3,الجهاز العصبي,101,1,19,C,2,تجميعات الأحياء 2026 — مفتاح الإجابة في PDF p.101,SOURCE_ANSWER_STRIP_EMBEDDED_TEXT,PASS_SOURCE_KEY
TAH-BIO-BIO26-L22-Q020,BIO26-PDF101-L22-S1-Q020,BIO26-L22,أحياء 3,الجهاز العصبي,101,1,20,D,3,تجميعات الأحياء 2026 — مفتاح الإجابة في PDF p.101,SOURCE_ANSWER_STRIP_EMBEDDED_TEXT,PASS_SOURCE_KEY
TAH-BIO-BIO26-L22-Q021,BIO26-PDF101-L22-S1-Q021,BIO26-L22,أحياء 3,الجهاز العصبي,101,1,21,A,0,تجميعات الأحياء 2026 — مفتاح الإجابة في PDF p.101,SOURCE_ANSWER_STRIP_EMBEDDED_TEXT,PASS_SOURCE_KEY
TAH-BIO-BIO26-L22-Q022,BIO26-PDF102-L22-S2-Q022,BIO26-L22,أحياء 3,الجهاز العصبي,102,2,22,A,0,تجميعات الأحياء 2026 — مفتاح الإجابة في PDF p.102,SOURCE_ANSWER_STRIP_EMBEDDED_TEXT,PASS_SOURCE_KEY
TAH-BIO-BIO26-L22-Q023,BIO26-PDF102-L22-S2-Q023,BIO26-L22,أحياء 3,الجهاز العصبي,102,2,23,B,1,تجميعات الأحياء 2026 — مفتاح الإجابة في PDF p.102,SOURCE_ANSWER_STRIP_EMBEDDED_TEXT,PASS_SOURCE_KEY
TAH-BIO-BIO26-L22-Q024,BIO26-PDF102-L22-S2-Q024,BIO26-L22,أحياء 3,الجهاز العصبي,102,2,24,A,0,تجميعات الأحياء 2026 — مفتاح الإجابة في PDF p.102,SOURCE_ANSWER_STRIP_EMBEDDED_TEXT,PASS_SOURCE_KEY
TAH-BIO-BIO26-L22-Q025,BIO26-PDF102-L22-S2-Q025,BIO26-L22,أحياء 3,الجهاز العصبي,102,2,25,D,3,تجميعات الأحياء 2026 — مفتاح الإجابة في PDF p.102,SOURCE_ANSWER_STRIP_EMBEDDED_TEXT,PASS_SOURCE_KEY
TAH-BIO-BIO26-L22-Q026,BIO26-PDF102-L22-S2-Q026,BIO26-L22,أحياء 3,الجهاز العصبي,102,2,26,B,1,تجميعات الأحياء 2026 — مفتاح الإجابة في PDF p.102,SOURCE_ANSWER_STRIP_EMBEDDED_TEXT,PASS_SOURCE_KEY
TAH-BIO-BIO26-L22-Q027,BIO26-PDF102-L22-S2-Q027,BIO26-L22,أحياء 3,الجهاز العصبي,102,2,27,A,0,تجميعات الأحياء 2026 — مفتاح الإجابة في PDF p.102,SOURCE_ANSWER_STRIP_EMBEDDED_TEXT,PASS_SOURCE_KEY
TAH-BIO-BIO26-L22-Q028,BIO26-PDF102-L22-S2-Q028,BIO26-L22,أحياء 3,الجهاز العصبي,102,2,28,A,0,تجميعات الأحياء 2026 — مفتاح الإجابة في PDF p.102,SOURCE_ANSWER_STRIP_EMBEDDED_TEXT,PASS_SOURCE_KEY
TAH-BIO-BIO26-L22-Q029,BIO26-PDF102-L22-S2-Q029,BIO26-L22,أحياء 3,الجهاز العصبي,102,2,29,B,1,تجميعات الأحياء 2026 — مفتاح الإجابة في PDF p.102,SOURCE_ANSWER_STRIP_EMBEDDED_TEXT,PASS_SOURCE_KEY
TAH-BIO-BIO26-L22-Q030,BIO26-PDF102-L22-S2-Q030,BIO26-L22,أحياء 3,الجهاز العصبي,102,2,30,D,3,تجميعات الأحياء 2026 — مفتاح الإجابة في PDF p.102,SOURCE_ANSWER_STRIP_EMBEDDED_TEXT,PASS_SOURCE_KEY
TAH-BIO-BIO26-L22-Q031,BIO26-PDF102-L22-S2-Q031,BIO26-L22,أحياء 3,الجهاز العصبي,102,2,31,C,2,تجميعات الأحياء 2026 — مفتاح الإجابة في PDF p.102,SOURCE_ANSWER_STRIP_EMBEDDED_TEXT,PASS_SOURCE_KEY
TAH-BIO-BIO26-L22-Q032,BIO26-PDF102-L22-S2-Q032,BIO26-L22,أحياء 3,الجهاز العصبي,102,2,32,C,2,تجميعات الأحياء 2026 — مفتاح الإجابة في PDF p.102,SOURCE_ANSWER_STRIP_EMBEDDED_TEXT,PASS_SOURCE_KEY
TAH-BIO-BIO26-L22-Q033,BIO26-PDF102-L22-S2-Q033,BIO26-L22,أحياء 3,الجهاز العصبي,102,2,33,C,2,تجميعات الأحياء 2026 — مفتاح الإجابة في PDF p.102,SOURCE_ANSWER_STRIP_EMBEDDED_TEXT,PASS_SOURCE_KEY
TAH-BIO-BIO26-L22-Q034,BIO26-PDF102-L22-S2-Q034,BIO26-L22,أحياء 3,الجهاز العصبي,102,2,34,B,1,تجميعات الأحياء 2026 — مفتاح الإجابة في PDF p.102,SOURCE_ANSWER_STRIP_EMBEDDED_TEXT,PASS_SOURCE_KEY
TAH-BIO-BIO26-L22-Q035,BIO26-PDF102-L22-S2-Q035,BIO26-L22,أحياء 3,الجهاز العصبي,102,2,35,C,2,تجميعات الأحياء 2026 — مفتاح الإجابة في PDF p.102,SOURCE_ANSWER_STRIP_EMBEDDED_TEXT,PASS_SOURCE_KEY
TAH-BIO-BIO26-L22-Q036,BIO26-PDF102-L22-S2-Q036,BIO26-L22,أحياء 3,الجهاز العصبي,102,2,36,D,3,تجميعات الأحياء 2026 — مفتاح الإجابة في PDF p.102,SOURCE_ANSWER_STRIP_EMBEDDED_TEXT,PASS_SOURCE_KEY
TAH-BIO-BIO26-L22-Q037,BIO26-PDF102-L22-S2-Q037,BIO26-L22,أحياء 3,الجهاز العصبي,102,2,37,A,0,تجميعات الأحياء 2026 — مفتاح الإجابة في PDF p.102,SOURCE_ANSWER_STRIP_EMBEDDED_TEXT,PASS_SOURCE_KEY
TAH-BIO-BIO26-L22-Q038,BIO26-PDF103-L22-S2-Q038,BIO26-L22,أحياء 3,الجهاز العصبي,103,2,38,A,0,تجميعات الأحياء 2026 — مفتاح الإجابة في PDF p.103,SOURCE_ANSWER_STRIP_EMBEDDED_TEXT,PASS_SOURCE_KEY
TAH-BIO-BIO26-L22-Q039,BIO26-PDF103-L22-S2-Q039,BIO26-L22,أحياء 3,الجهاز العصبي,103,2,39,B,1,تجميعات الأحياء 2026 — مفتاح الإجابة في PDF p.103,SOURCE_ANSWER_STRIP_EMBEDDED_TEXT,PASS_SOURCE_KEY
TAH-BIO-BIO26-L22-Q040,BIO26-PDF103-L22-S2-Q040,BIO26-L22,أحياء 3,الجهاز العصبي,103,2,40,A,0,تجميعات الأحياء 2026 — مفتاح الإجابة في PDF p.103,SOURCE_ANSWER_STRIP_EMBEDDED_TEXT,PASS_SOURCE_KEY
TAH-BIO-BIO26-L22-Q041,BIO26-PDF103-L22-S2-Q041,BIO26-L22,أحياء 3,الجهاز العصبي,103,2,41,B,1,تجميعات الأحياء 2026 — مفتاح الإجابة في PDF p.103,SOURCE_ANSWER_STRIP_EMBEDDED_TEXT,PASS_SOURCE_KEY
TAH-BIO-BIO26-L22-Q042,BIO26-PDF103-L22-S2-Q042,BIO26-L22,أحياء 3,الجهاز العصبي,103,2,42,B,1,تجميعات الأحياء 2026 — مفتاح الإجابة في PDF p.103,SOURCE_ANSWER_STRIP_EMBEDDED_TEXT,PASS_SOURCE_KEY
TAH-BIO-BIO26-L22-Q043,BIO26-PDF103-L22-S2-Q043,BIO26-L22,أحياء 3,الجهاز العصبي,103,2,43,D,3,تجميعات الأحياء 2026 — مفتاح الإجابة في PDF p.103,SOURCE_ANSWER_STRIP_EMBEDDED_TEXT,PASS_SOURCE_KEY
TAH-BIO-BIO26-L22-Q044,BIO26-PDF103-L22-S2-Q044,BIO26-L22,أحياء 3,الجهاز العصبي,103,2,44,A,0,تجميعات الأحياء 2026 — مفتاح الإجابة في PDF p.103,SOURCE_ANSWER_STRIP_EMBEDDED_TEXT,PASS_SOURCE_KEY
TAH-BIO-BIO26-L23-Q001,BIO26-PDF104-L23-S1-Q001,BIO26-L23,أحياء 3,تنظيم الجهاز العصبي,104,1,1,B,1,تجميعات الأحياء 2026 — مفتاح الإجابة في PDF p.104,SOURCE_ANSWER_STRIP_EMBEDDED_TEXT,PASS_SOURCE_KEY
TAH-BIO-BIO26-L23-Q002,BIO26-PDF104-L23-S1-Q002,BIO26-L23,أحياء 3,تنظيم الجهاز العصبي,104,1,2,A,0,تجميعات الأحياء 2026 — مفتاح الإجابة في PDF p.104,SOURCE_ANSWER_STRIP_EMBEDDED_TEXT,PASS_SOURCE_KEY
TAH-BIO-BIO26-L23-Q003,BIO26-PDF104-L23-S1-Q003,BIO26-L23,أحياء 3,تنظيم الجهاز العصبي,104,1,3,B,1,تجميعات الأحياء 2026 — مفتاح الإجابة في PDF p.104,SOURCE_ANSWER_STRIP_EMBEDDED_TEXT,PASS_SOURCE_KEY
TAH-BIO-BIO26-L23-Q004,BIO26-PDF104-L23-S1-Q004,BIO26-L23,أحياء 3,تنظيم الجهاز العصبي,104,1,4,A,0,تجميعات الأحياء 2026 — مفتاح الإجابة في PDF p.104,SOURCE_ANSWER_STRIP_EMBEDDED_TEXT,PASS_SOURCE_KEY
TAH-BIO-BIO26-L23-Q005,BIO26-PDF104-L23-S1-Q005,BIO26-L23,أحياء 3,تنظيم الجهاز العصبي,104,1,5,C,2,تجميعات الأحياء 2026 — مفتاح الإجابة في PDF p.104,SOURCE_ANSWER_STRIP_EMBEDDED_TEXT,PASS_SOURCE_KEY
TAH-BIO-BIO26-L23-Q006,BIO26-PDF104-L23-S1-Q006,BIO26-L23,أحياء 3,تنظيم الجهاز العصبي,104,1,6,C,2,تجميعات الأحياء 2026 — مفتاح الإجابة في PDF p.104,SOURCE_ANSWER_STRIP_EMBEDDED_TEXT,PASS_SOURCE_KEY
TAH-BIO-BIO26-L23-Q007,BIO26-PDF104-L23-S1-Q007,BIO26-L23,أحياء 3,تنظيم الجهاز العصبي,104,1,7,A,0,تجميعات الأحياء 2026 — مفتاح الإجابة في PDF p.104,SOURCE_ANSWER_STRIP_EMBEDDED_TEXT,PASS_SOURCE_KEY
TAH-BIO-BIO26-L23-Q008,BIO26-PDF104-L23-S1-Q008,BIO26-L23,أحياء 3,تنظيم الجهاز العصبي,104,1,8,A,0,تجميعات الأحياء 2026 — مفتاح الإجابة في PDF p.104,SOURCE_ANSWER_STRIP_EMBEDDED_TEXT,PASS_SOURCE_KEY
TAH-BIO-BIO26-L23-Q009,BIO26-PDF104-L23-S1-Q009,BIO26-L23,أحياء 3,تنظيم الجهاز العصبي,104,1,9,D,3,تجميعات الأحياء 2026 — مفتاح الإجابة في PDF p.104,SOURCE_ANSWER_STRIP_EMBEDDED_TEXT,PASS_SOURCE_KEY
TAH-BIO-BIO26-L23-Q010,BIO26-PDF104-L23-S1-Q010,BIO26-L23,أحياء 3,تنظيم الجهاز العصبي,104,1,10,B,1,تجميعات الأحياء 2026 — مفتاح الإجابة في PDF p.104,SOURCE_ANSWER_STRIP_EMBEDDED_TEXT,PASS_SOURCE_KEY
TAH-BIO-BIO26-L23-Q011,BIO26-PDF104-L23-S1-Q011,BIO26-L23,أحياء 3,تنظيم الجهاز العصبي,104,1,11,D,3,تجميعات الأحياء 2026 — مفتاح الإجابة في PDF p.104,SOURCE_ANSWER_STRIP_EMBEDDED_TEXT,PASS_SOURCE_KEY
TAH-BIO-BIO26-L23-Q012,BIO26-PDF104-L23-S1-Q012,BIO26-L23,أحياء 3,تنظيم الجهاز العصبي,104,1,12,A,0,تجميعات الأحياء 2026 — مفتاح الإجابة في PDF p.104,SOURCE_ANSWER_STRIP_EMBEDDED_TEXT,PASS_SOURCE_KEY
TAH-BIO-BIO26-L23-Q013,BIO26-PDF104-L23-S1-Q013,BIO26-L23,أحياء 3,تنظيم الجهاز العصبي,104,1,13,A,0,تجميعات الأحياء 2026 — مفتاح الإجابة في PDF p.104,SOURCE_ANSWER_STRIP_EMBEDDED_TEXT,PASS_SOURCE_KEY
TAH-BIO-BIO26-L23-Q014,BIO26-PDF104-L23-S1-Q014,BIO26-L23,أحياء 3,تنظيم الجهاز العصبي,104,1,14,D,3,تجميعات الأحياء 2026 — مفتاح الإجابة في PDF p.104,SOURCE_ANSWER_STRIP_EMBEDDED_TEXT,PASS_SOURCE_KEY
TAH-BIO-BIO26-L23-Q015,BIO26-PDF104-L23-S1-Q015,BIO26-L23,أحياء 3,تنظيم الجهاز العصبي,104,1,15,A,0,تجميعات الأحياء 2026 — مفتاح الإجابة في PDF p.104,SOURCE_ANSWER_STRIP_EMBEDDED_TEXT,PASS_SOURCE_KEY
TAH-BIO-BIO26-L23-Q016,BIO26-PDF104-L23-S1-Q016,BIO26-L23,أحياء 3,تنظيم الجهاز العصبي,104,1,16,B,1,تجميعات الأحياء 2026 — مفتاح الإجابة في PDF p.104,SOURCE_ANSWER_STRIP_EMBEDDED_TEXT,PASS_SOURCE_KEY
TAH-BIO-BIO26-L23-Q017,BIO26-PDF105-L23-S1-Q017,BIO26-L23,أحياء 3,تنظيم الجهاز العصبي,105,1,17,C,2,تجميعات الأحياء 2026 — مفتاح الإجابة في PDF p.105,SOURCE_ANSWER_STRIP_EMBEDDED_TEXT,PASS_SOURCE_KEY
TAH-BIO-BIO26-L23-Q018,BIO26-PDF105-L23-S1-Q018,BIO26-L23,أحياء 3,تنظيم الجهاز العصبي,105,1,18,C,2,تجميعات الأحياء 2026 — مفتاح الإجابة في PDF p.105,SOURCE_ANSWER_STRIP_EMBEDDED_TEXT,PASS_SOURCE_KEY
TAH-BIO-BIO26-L23-Q019,BIO26-PDF105-L23-S1-Q019,BIO26-L23,أحياء 3,تنظيم الجهاز العصبي,105,1,19,D,3,تجميعات الأحياء 2026 — مفتاح الإجابة في PDF p.105,SOURCE_ANSWER_STRIP_EMBEDDED_TEXT,PASS_SOURCE_KEY
TAH-BIO-BIO26-L23-Q020,BIO26-PDF105-L23-S1-Q020,BIO26-L23,أحياء 3,تنظيم الجهاز العصبي,105,1,20,A,0,تجميعات الأحياء 2026 — مفتاح الإجابة في PDF p.105,SOURCE_ANSWER_STRIP_EMBEDDED_TEXT,PASS_SOURCE_KEY
TAH-BIO-BIO26-L23-Q021,BIO26-PDF105-L23-S1-Q021,BIO26-L23,أحياء 3,تنظيم الجهاز العصبي,105,1,21,B,1,تجميعات الأحياء 2026 — مفتاح الإجابة في PDF p.105,SOURCE_ANSWER_STRIP_EMBEDDED_TEXT,PASS_SOURCE_KEY
TAH-BIO-BIO26-L23-Q022,BIO26-PDF105-L23-S1-Q022,BIO26-L23,أحياء 3,تنظيم الجهاز العصبي,105,1,22,B,1,تجميعات الأحياء 2026 — مفتاح الإجابة في PDF p.105,SOURCE_ANSWER_STRIP_EMBEDDED_TEXT,PASS_SOURCE_KEY
TAH-BIO-BIO26-L23-Q023,BIO26-PDF105-L23-S1-Q023,BIO26-L23,أحياء 3,تنظيم الجهاز العصبي,105,1,23,A,0,تجميعات الأحياء 2026 — مفتاح الإجابة في PDF p.105,SOURCE_ANSWER_STRIP_EMBEDDED_TEXT,PASS_SOURCE_KEY
TAH-BIO-BIO26-L23-Q024,BIO26-PDF105-L23-S1-Q024,BIO26-L23,أحياء 3,تنظيم الجهاز العصبي,105,1,24,D,3,تجميعات الأحياء 2026 — مفتاح الإجابة في PDF p.105,SOURCE_ANSWER_STRIP_EMBEDDED_TEXT,PASS_SOURCE_KEY
TAH-BIO-BIO26-L23-Q025,BIO26-PDF105-L23-S1-Q025,BIO26-L23,أحياء 3,تنظيم الجهاز العصبي,105,1,25,A,0,تجميعات الأحياء 2026 — مفتاح الإجابة في PDF p.105,SOURCE_ANSWER_STRIP_EMBEDDED_TEXT,PASS_SOURCE_KEY
TAH-BIO-BIO26-L23-Q026,BIO26-PDF105-L23-S1-Q026,BIO26-L23,أحياء 3,تنظيم الجهاز العصبي,105,1,26,B,1,تجميعات الأحياء 2026 — مفتاح الإجابة في PDF p.105,SOURCE_ANSWER_STRIP_EMBEDDED_TEXT,PASS_SOURCE_KEY
TAH-BIO-BIO26-L23-Q027,BIO26-PDF106-L23-S2-Q027,BIO26-L23,أحياء 3,تنظيم الجهاز العصبي,106,2,27,D,3,تجميعات الأحياء 2026 — مفتاح الإجابة في PDF p.106,SOURCE_ANSWER_STRIP_EMBEDDED_TEXT,PASS_SOURCE_KEY
TAH-BIO-BIO26-L23-Q028,BIO26-PDF106-L23-S2-Q028,BIO26-L23,أحياء 3,تنظيم الجهاز العصبي,106,2,28,C,2,تجميعات الأحياء 2026 — مفتاح الإجابة في PDF p.106,SOURCE_ANSWER_STRIP_EMBEDDED_TEXT,PASS_SOURCE_KEY
TAH-BIO-BIO26-L23-Q029,BIO26-PDF106-L23-S2-Q029,BIO26-L23,أحياء 3,تنظيم الجهاز العصبي,106,2,29,A,0,تجميعات الأحياء 2026 — مفتاح الإجابة في PDF p.106,SOURCE_ANSWER_STRIP_EMBEDDED_TEXT,PASS_SOURCE_KEY
TAH-BIO-BIO26-L23-Q030,BIO26-PDF106-L23-S2-Q030,BIO26-L23,أحياء 3,تنظيم الجهاز العصبي,106,2,30,A,0,تجميعات الأحياء 2026 — مفتاح الإجابة في PDF p.106,SOURCE_ANSWER_STRIP_EMBEDDED_TEXT,PASS_SOURCE_KEY
TAH-BIO-BIO26-L23-Q031,BIO26-PDF106-L23-S2-Q031,BIO26-L23,أحياء 3,تنظيم الجهاز العصبي,106,2,31,C,2,تجميعات الأحياء 2026 — مفتاح الإجابة في PDF p.106,SOURCE_ANSWER_STRIP_EMBEDDED_TEXT,PASS_SOURCE_KEY
TAH-BIO-BIO26-L23-Q032,BIO26-PDF106-L23-S2-Q032,BIO26-L23,أحياء 3,تنظيم الجهاز العصبي,106,2,32,B,1,تجميعات الأحياء 2026 — مفتاح الإجابة في PDF p.106,SOURCE_ANSWER_STRIP_EMBEDDED_TEXT,PASS_SOURCE_KEY
TAH-BIO-BIO26-L23-Q033,BIO26-PDF106-L23-S2-Q033,BIO26-L23,أحياء 3,تنظيم الجهاز العصبي,106,2,33,C,2,تجميعات الأحياء 2026 — مفتاح الإجابة في PDF p.106,SOURCE_ANSWER_STRIP_EMBEDDED_TEXT,PASS_SOURCE_KEY
TAH-BIO-BIO26-L23-Q034,BIO26-PDF106-L23-S2-Q034,BIO26-L23,أحياء 3,تنظيم الجهاز العصبي,106,2,34,C,2,تجميعات الأحياء 2026 — مفتاح الإجابة في PDF p.106,SOURCE_ANSWER_STRIP_EMBEDDED_TEXT,PASS_SOURCE_KEY
TAH-BIO-BIO26-L23-Q035,BIO26-PDF106-L23-S2-Q035,BIO26-L23,أحياء 3,تنظيم الجهاز العصبي,106,2,35,A,0,تجميعات الأحياء 2026 — مفتاح الإجابة في PDF p.106,SOURCE_ANSWER_STRIP_EMBEDDED_TEXT,PASS_SOURCE_KEY
TAH-BIO-BIO26-L23-Q036,BIO26-PDF106-L23-S2-Q036,BIO26-L23,أحياء 3,تنظيم الجهاز العصبي,106,2,36,A,0,تجميعات الأحياء 2026 — مفتاح الإجابة في PDF p.106,SOURCE_ANSWER_STRIP_EMBEDDED_TEXT,PASS_SOURCE_KEY
TAH-BIO-BIO26-L23-Q037,BIO26-PDF106-L23-S2-Q037,BIO26-L23,أحياء 3,تنظيم الجهاز العصبي,106,2,37,D,3,تجميعات الأحياء 2026 — مفتاح الإجابة في PDF p.106,SOURCE_ANSWER_STRIP_EMBEDDED_TEXT,PASS_SOURCE_KEY
TAH-BIO-BIO26-L23-Q038,BIO26-PDF106-L23-S2-Q038,BIO26-L23,أحياء 3,تنظيم الجهاز العصبي,106,2,38,C,2,تجميعات الأحياء 2026 — مفتاح الإجابة في PDF p.106,SOURCE_ANSWER_STRIP_EMBEDDED_TEXT,PASS_SOURCE_KEY
TAH-BIO-BIO26-L24-Q001,BIO26-PDF107-L24-S1-Q001,BIO26-L24,أحياء 3,الجهاز الدوراني,107,1,1,B,1,تجميعات الأحياء 2026 — مفتاح الإجابة في PDF p.107,SOURCE_ANSWER_STRIP_EMBEDDED_TEXT,PASS_SOURCE_KEY
TAH-BIO-BIO26-L24-Q002,BIO26-PDF107-L24-S1-Q002,BIO26-L24,أحياء 3,الجهاز الدوراني,107,1,2,A,0,تجميعات الأحياء 2026 — مفتاح الإجابة في PDF p.107,SOURCE_ANSWER_STRIP_EMBEDDED_TEXT,PASS_SOURCE_KEY
TAH-BIO-BIO26-L24-Q003,BIO26-PDF107-L24-S1-Q003,BIO26-L24,أحياء 3,الجهاز الدوراني,107,1,3,B,1,تجميعات الأحياء 2026 — مفتاح الإجابة في PDF p.107,SOURCE_ANSWER_STRIP_EMBEDDED_TEXT,PASS_SOURCE_KEY
TAH-BIO-BIO26-L24-Q004,BIO26-PDF107-L24-S1-Q004,BIO26-L24,أحياء 3,الجهاز الدوراني,107,1,4,A,0,تجميعات الأحياء 2026 — مفتاح الإجابة في PDF p.107,SOURCE_ANSWER_STRIP_EMBEDDED_TEXT,PASS_SOURCE_KEY
TAH-BIO-BIO26-L24-Q005,BIO26-PDF107-L24-S1-Q005,BIO26-L24,أحياء 3,الجهاز الدوراني,107,1,5,B,1,تجميعات الأحياء 2026 — مفتاح الإجابة في PDF p.107,SOURCE_ANSWER_STRIP_EMBEDDED_TEXT,PASS_SOURCE_KEY
TAH-BIO-BIO26-L24-Q006,BIO26-PDF107-L24-S1-Q006,BIO26-L24,أحياء 3,الجهاز الدوراني,107,1,6,A,0,تجميعات الأحياء 2026 — مفتاح الإجابة في PDF p.107,SOURCE_ANSWER_STRIP_EMBEDDED_TEXT,PASS_SOURCE_KEY
TAH-BIO-BIO26-L24-Q007,BIO26-PDF107-L24-S1-Q007,BIO26-L24,أحياء 3,الجهاز الدوراني,107,1,7,C,2,تجميعات الأحياء 2026 — مفتاح الإجابة في PDF p.107,SOURCE_ANSWER_STRIP_EMBEDDED_TEXT,PASS_SOURCE_KEY
TAH-BIO-BIO26-L24-Q008,BIO26-PDF107-L24-S1-Q008,BIO26-L24,أحياء 3,الجهاز الدوراني,107,1,8,B,1,تجميعات الأحياء 2026 — مفتاح الإجابة في PDF p.107,SOURCE_ANSWER_STRIP_EMBEDDED_TEXT,PASS_SOURCE_KEY
TAH-BIO-BIO26-L24-Q009,BIO26-PDF107-L24-S1-Q009,BIO26-L24,أحياء 3,الجهاز الدوراني,107,1,9,B,1,تجميعات الأحياء 2026 — مفتاح الإجابة في PDF p.107,SOURCE_ANSWER_STRIP_EMBEDDED_TEXT,PASS_SOURCE_KEY
TAH-BIO-BIO26-L24-Q010,BIO26-PDF107-L24-S1-Q010,BIO26-L24,أحياء 3,الجهاز الدوراني,107,1,10,B,1,تجميعات الأحياء 2026 — مفتاح الإجابة في PDF p.107,SOURCE_ANSWER_STRIP_EMBEDDED_TEXT,PASS_SOURCE_KEY
TAH-BIO-BIO26-L24-Q011,BIO26-PDF107-L24-S1-Q011,BIO26-L24,أحياء 3,الجهاز الدوراني,107,1,11,A,0,تجميعات الأحياء 2026 — مفتاح الإجابة في PDF p.107,SOURCE_ANSWER_STRIP_EMBEDDED_TEXT,PASS_SOURCE_KEY
TAH-BIO-BIO26-L24-Q012,BIO26-PDF107-L24-S1-Q012,BIO26-L24,أحياء 3,الجهاز الدوراني,107,1,12,A,0,تجميعات الأحياء 2026 — مفتاح الإجابة في PDF p.107,SOURCE_ANSWER_STRIP_EMBEDDED_TEXT,PASS_SOURCE_KEY
TAH-BIO-BIO26-L24-Q013,BIO26-PDF107-L24-S1-Q013,BIO26-L24,أحياء 3,الجهاز الدوراني,107,1,13,A,0,تجميعات الأحياء 2026 — مفتاح الإجابة في PDF p.107,SOURCE_ANSWER_STRIP_EMBEDDED_TEXT,PASS_SOURCE_KEY
TAH-BIO-BIO26-L24-Q014,BIO26-PDF107-L24-S1-Q014,BIO26-L24,أحياء 3,الجهاز الدوراني,107,1,14,B,1,تجميعات الأحياء 2026 — مفتاح الإجابة في PDF p.107,SOURCE_ANSWER_STRIP_EMBEDDED_TEXT,PASS_SOURCE_KEY
TAH-BIO-BIO26-L24-Q015,BIO26-PDF107-L24-S1-Q015,BIO26-L24,أحياء 3,الجهاز الدوراني,107,1,15,D,3,تجميعات الأحياء 2026 — مفتاح الإجابة في PDF p.107,SOURCE_ANSWER_STRIP_EMBEDDED_TEXT,PASS_SOURCE_KEY
TAH-BIO-BIO26-L24-Q016,BIO26-PDF107-L24-S1-Q016,BIO26-L24,أحياء 3,الجهاز الدوراني,107,1,16,D,3,تجميعات الأحياء 2026 — مفتاح الإجابة في PDF p.107,SOURCE_ANSWER_STRIP_EMBEDDED_TEXT,PASS_SOURCE_KEY
TAH-BIO-BIO26-L24-Q017,BIO26-PDF108-L24-S1-Q017,BIO26-L24,أحياء 3,الجهاز الدوراني,108,1,17,B,1,تجميعات الأحياء 2026 — مفتاح الإجابة في PDF p.108,SOURCE_ANSWER_STRIP_EMBEDDED_TEXT,PASS_SOURCE_KEY
TAH-BIO-BIO26-L24-Q018,BIO26-PDF108-L24-S1-Q018,BIO26-L24,أحياء 3,الجهاز الدوراني,108,1,18,C,2,تجميعات الأحياء 2026 — مفتاح الإجابة في PDF p.108,SOURCE_ANSWER_STRIP_EMBEDDED_TEXT,PASS_SOURCE_KEY
TAH-BIO-BIO26-L24-Q019,BIO26-PDF108-L24-S1-Q019,BIO26-L24,أحياء 3,الجهاز الدوراني,108,1,19,A,0,تجميعات الأحياء 2026 — مفتاح الإجابة في PDF p.108,SOURCE_ANSWER_STRIP_EMBEDDED_TEXT,PASS_SOURCE_KEY
TAH-BIO-BIO26-L24-Q020,BIO26-PDF108-L24-S1-Q020,BIO26-L24,أحياء 3,الجهاز الدوراني,108,1,20,C,2,تجميعات الأحياء 2026 — مفتاح الإجابة في PDF p.108,SOURCE_ANSWER_STRIP_EMBEDDED_TEXT,PASS_SOURCE_KEY
TAH-BIO-BIO26-L24-Q021,BIO26-PDF108-L24-S1-Q021,BIO26-L24,أحياء 3,الجهاز الدوراني,108,1,21,B,1,تجميعات الأحياء 2026 — مفتاح الإجابة في PDF p.108,SOURCE_ANSWER_STRIP_EMBEDDED_TEXT,PASS_SOURCE_KEY
TAH-BIO-BIO26-L24-Q022,BIO26-PDF108-L24-S1-Q022,BIO26-L24,أحياء 3,الجهاز الدوراني,108,1,22,B,1,تجميعات الأحياء 2026 — مفتاح الإجابة في PDF p.108,SOURCE_ANSWER_STRIP_EMBEDDED_TEXT,PASS_SOURCE_KEY
TAH-BIO-BIO26-L24-Q023,BIO26-PDF108-L24-S1-Q023,BIO26-L24,أحياء 3,الجهاز الدوراني,108,1,23,A,0,تجميعات الأحياء 2026 — مفتاح الإجابة في PDF p.108,SOURCE_ANSWER_STRIP_EMBEDDED_TEXT,PASS_SOURCE_KEY
TAH-BIO-BIO26-L24-Q024,BIO26-PDF108-L24-S1-Q024,BIO26-L24,أحياء 3,الجهاز الدوراني,108,1,24,D,3,تجميعات الأحياء 2026 — مفتاح الإجابة في PDF p.108,SOURCE_ANSWER_STRIP_EMBEDDED_TEXT,PASS_SOURCE_KEY
TAH-BIO-BIO26-L24-Q025,BIO26-PDF108-L24-S1-Q025,BIO26-L24,أحياء 3,الجهاز الدوراني,108,1,25,B,1,تجميعات الأحياء 2026 — مفتاح الإجابة في PDF p.108,SOURCE_ANSWER_STRIP_EMBEDDED_TEXT,PASS_SOURCE_KEY
TAH-BIO-BIO26-L24-Q026,BIO26-PDF108-L24-S1-Q026,BIO26-L24,أحياء 3,الجهاز الدوراني,108,1,26,C,2,تجميعات الأحياء 2026 — مفتاح الإجابة في PDF p.108,SOURCE_ANSWER_STRIP_EMBEDDED_TEXT,PASS_SOURCE_KEY
TAH-BIO-BIO26-L24-Q027,BIO26-PDF108-L24-S1-Q027,BIO26-L24,أحياء 3,الجهاز الدوراني,108,1,27,D,3,تجميعات الأحياء 2026 — مفتاح الإجابة في PDF p.108,SOURCE_ANSWER_STRIP_EMBEDDED_TEXT,PASS_SOURCE_KEY
TAH-BIO-BIO26-L24-Q028,BIO26-PDF108-L24-S1-Q028,BIO26-L24,أحياء 3,الجهاز الدوراني,108,1,28,C,2,تجميعات الأحياء 2026 — مفتاح الإجابة في PDF p.108,SOURCE_ANSWER_STRIP_EMBEDDED_TEXT,PASS_SOURCE_KEY
TAH-BIO-BIO26-L24-Q029,BIO26-PDF108-L24-S1-Q029,BIO26-L24,أحياء 3,الجهاز الدوراني,108,1,29,A,0,تجميعات الأحياء 2026 — مفتاح الإجابة في PDF p.108,SOURCE_ANSWER_STRIP_EMBEDDED_TEXT,PASS_SOURCE_KEY
TAH-BIO-BIO26-L24-Q030,BIO26-PDF108-L24-S1-Q030,BIO26-L24,أحياء 3,الجهاز الدوراني,108,1,30,C,2,تجميعات الأحياء 2026 — مفتاح الإجابة في PDF p.108,SOURCE_ANSWER_STRIP_EMBEDDED_TEXT,PASS_SOURCE_KEY
TAH-BIO-BIO26-L24-Q031,BIO26-PDF108-L24-S1-Q031,BIO26-L24,أحياء 3,الجهاز الدوراني,108,1,31,B,1,تجميعات الأحياء 2026 — مفتاح الإجابة في PDF p.108,SOURCE_ANSWER_STRIP_EMBEDDED_TEXT,PASS_SOURCE_KEY
TAH-BIO-BIO26-L24-Q032,BIO26-PDF108-L24-S1-Q032,BIO26-L24,أحياء 3,الجهاز الدوراني,108,1,32,B,1,تجميعات الأحياء 2026 — مفتاح الإجابة في PDF p.108,SOURCE_ANSWER_STRIP_EMBEDDED_TEXT,PASS_SOURCE_KEY
TAH-BIO-BIO26-L24-Q033,BIO26-PDF108-L24-S1-Q033,BIO26-L24,أحياء 3,الجهاز الدوراني,108,1,33,D,3,تجميعات الأحياء 2026 — مفتاح الإجابة في PDF p.108,SOURCE_ANSWER_STRIP_EMBEDDED_TEXT,PASS_SOURCE_KEY
TAH-BIO-BIO26-L24-Q034,BIO26-PDF108-L24-S1-Q034,BIO26-L24,أحياء 3,الجهاز الدوراني,108,1,34,C,2,تجميعات الأحياء 2026 — مفتاح الإجابة في PDF p.108,SOURCE_ANSWER_STRIP_EMBEDDED_TEXT,PASS_SOURCE_KEY
TAH-BIO-BIO26-L24-Q035,BIO26-PDF108-L24-S1-Q035,BIO26-L24,أحياء 3,الجهاز الدوراني,108,1,35,A,0,تجميعات الأحياء 2026 — مفتاح الإجابة في PDF p.108,SOURCE_ANSWER_STRIP_EMBEDDED_TEXT,PASS_SOURCE_KEY
TAH-BIO-BIO26-L24-Q036,BIO26-PDF109-L24-S1-Q036,BIO26-L24,أحياء 3,الجهاز الدوراني,109,1,36,D,3,تجميعات الأحياء 2026 — مفتاح الإجابة في PDF p.109,SOURCE_ANSWER_STRIP_EMBEDDED_TEXT,PASS_SOURCE_KEY
TAH-BIO-BIO26-L24-Q037,BIO26-PDF109-L24-S1-Q037,BIO26-L24,أحياء 3,الجهاز الدوراني,109,1,37,A,0,تجميعات الأحياء 2026 — مفتاح الإجابة في PDF p.109,SOURCE_ANSWER_STRIP_EMBEDDED_TEXT,PASS_SOURCE_KEY
TAH-BIO-BIO26-L24-Q038,BIO26-PDF109-L24-S1-Q038,BIO26-L24,أحياء 3,الجهاز الدوراني,109,1,38,A,0,تجميعات الأحياء 2026 — مفتاح الإجابة في PDF p.109,SOURCE_ANSWER_STRIP_EMBEDDED_TEXT,PASS_SOURCE_KEY
TAH-BIO-BIO26-L24-Q039,BIO26-PDF109-L24-S1-Q039,BIO26-L24,أحياء 3,الجهاز الدوراني,109,1,39,A,0,تجميعات الأحياء 2026 — مفتاح الإجابة في PDF p.109,SOURCE_ANSWER_STRIP_EMBEDDED_TEXT,PASS_SOURCE_KEY
TAH-BIO-BIO26-L24-Q040,BIO26-PDF109-L24-S1-Q040,BIO26-L24,أحياء 3,الجهاز الدوراني,109,1,40,C,2,تجميعات الأحياء 2026 — مفتاح الإجابة في PDF p.109,SOURCE_ANSWER_STRIP_EMBEDDED_TEXT,PASS_SOURCE_KEY
TAH-BIO-BIO26-L24-Q041,BIO26-PDF109-L24-S1-Q041,BIO26-L24,أحياء 3,الجهاز الدوراني,109,1,41,A,0,تجميعات الأحياء 2026 — مفتاح الإجابة في PDF p.109,SOURCE_ANSWER_STRIP_EMBEDDED_TEXT,PASS_SOURCE_KEY
TAH-BIO-BIO26-L24-Q042,BIO26-PDF109-L24-S1-Q042,BIO26-L24,أحياء 3,الجهاز الدوراني,109,1,42,D,3,تجميعات الأحياء 2026 — مفتاح الإجابة في PDF p.109,SOURCE_ANSWER_STRIP_EMBEDDED_TEXT,PASS_SOURCE_KEY
TAH-BIO-BIO26-L24-Q043,BIO26-PDF109-L24-S1-Q043,BIO26-L24,أحياء 3,الجهاز الدوراني,109,1,43,B,1,تجميعات الأحياء 2026 — مفتاح الإجابة في PDF p.109,SOURCE_ANSWER_STRIP_EMBEDDED_TEXT,PASS_SOURCE_KEY
TAH-BIO-BIO26-L24-Q044,BIO26-PDF109-L24-S1-Q044,BIO26-L24,أحياء 3,الجهاز الدوراني,109,1,44,B,1,تجميعات الأحياء 2026 — مفتاح الإجابة في PDF p.109,SOURCE_ANSWER_STRIP_EMBEDDED_TEXT,PASS_SOURCE_KEY
TAH-BIO-BIO26-L24-Q045,BIO26-PDF109-L24-S1-Q045,BIO26-L24,أحياء 3,الجهاز الدوراني,109,1,45,D,3,تجميعات الأحياء 2026 — مفتاح الإجابة في PDF p.109,SOURCE_ANSWER_STRIP_EMBEDDED_TEXT,PASS_SOURCE_KEY
TAH-BIO-BIO26-L24-Q046,BIO26-PDF109-L24-S1-Q046,BIO26-L24,أحياء 3,الجهاز الدوراني,109,1,46,D,3,تجميعات الأحياء 2026 — مفتاح الإجابة في PDF p.109,SOURCE_ANSWER_STRIP_EMBEDDED_TEXT,PASS_SOURCE_KEY
TAH-BIO-BIO26-L24-Q047,BIO26-PDF109-L24-S1-Q047,BIO26-L24,أحياء 3,الجهاز الدوراني,109,1,47,A,0,تجميعات الأحياء 2026 — مفتاح الإجابة في PDF p.109,SOURCE_ANSWER_STRIP_EMBEDDED_TEXT,PASS_SOURCE_KEY
TAH-BIO-BIO26-L24-Q048,BIO26-PDF110-L24-S1-Q048,BIO26-L24,أحياء 3,الجهاز الدوراني,110,1,48,C,2,تجميعات الأحياء 2026 — مفتاح الإجابة في PDF p.110,SOURCE_ANSWER_STRIP_EMBEDDED_TEXT,PASS_SOURCE_KEY
TAH-BIO-BIO26-L24-Q049,BIO26-PDF110-L24-S1-Q049,BIO26-L24,أحياء 3,الجهاز الدوراني,110,1,49,B,1,تجميعات الأحياء 2026 — مفتاح الإجابة في PDF p.110,SOURCE_ANSWER_STRIP_EMBEDDED_TEXT,PASS_SOURCE_KEY
TAH-BIO-BIO26-L24-Q050,BIO26-PDF110-L24-S1-Q050,BIO26-L24,أحياء 3,الجهاز الدوراني,110,1,50,A,0,تجميعات الأحياء 2026 — مفتاح الإجابة في PDF p.110,SOURCE_ANSWER_STRIP_EMBEDDED_TEXT,PASS_SOURCE_KEY
TAH-BIO-BIO26-L24-Q051,BIO26-PDF110-L24-S1-Q051,BIO26-L24,أحياء 3,الجهاز الدوراني,110,1,51,C,2,تجميعات الأحياء 2026 — مفتاح الإجابة في PDF p.110,SOURCE_ANSWER_STRIP_EMBEDDED_TEXT,PASS_SOURCE_KEY
TAH-BIO-BIO26-L24-Q052,BIO26-PDF110-L24-S1-Q052,BIO26-L24,أحياء 3,الجهاز الدوراني,110,1,52,A,0,تجميعات الأحياء 2026 — مفتاح الإجابة في PDF p.110,SOURCE_ANSWER_STRIP_EMBEDDED_TEXT,PASS_SOURCE_KEY
TAH-BIO-BIO26-L24-Q053,BIO26-PDF110-L24-S1-Q053,BIO26-L24,أحياء 3,الجهاز الدوراني,110,1,53,A,0,تجميعات الأحياء 2026 — مفتاح الإجابة في PDF p.110,SOURCE_ANSWER_STRIP_EMBEDDED_TEXT,PASS_SOURCE_KEY
TAH-BIO-BIO26-L24-Q054,BIO26-PDF110-L24-S1-Q054,BIO26-L24,أحياء 3,الجهاز الدوراني,110,1,54,D,3,تجميعات الأحياء 2026 — مفتاح الإجابة في PDF p.110,SOURCE_ANSWER_STRIP_EMBEDDED_TEXT,PASS_SOURCE_KEY
TAH-BIO-BIO26-L24-Q055,BIO26-PDF110-L24-S1-Q055,BIO26-L24,أحياء 3,الجهاز الدوراني,110,1,55,A,0,تجميعات الأحياء 2026 — مفتاح الإجابة في PDF p.110,SOURCE_ANSWER_STRIP_EMBEDDED_TEXT,PASS_SOURCE_KEY
TAH-BIO-BIO26-L24-Q056,BIO26-PDF111-L24-S2-Q056,BIO26-L24,أحياء 3,الجهاز الدوراني,111,2,56,B,1,تجميعات الأحياء 2026 — مفتاح الإجابة في PDF p.111,SOURCE_ANSWER_STRIP_EMBEDDED_TEXT,PASS_SOURCE_KEY
TAH-BIO-BIO26-L24-Q057,BIO26-PDF111-L24-S2-Q057,BIO26-L24,أحياء 3,الجهاز الدوراني,111,2,57,B,1,تجميعات الأحياء 2026 — مفتاح الإجابة في PDF p.111,SOURCE_ANSWER_STRIP_EMBEDDED_TEXT,PASS_SOURCE_KEY
TAH-BIO-BIO26-L24-Q058,BIO26-PDF111-L24-S2-Q058,BIO26-L24,أحياء 3,الجهاز الدوراني,111,2,58,C,2,تجميعات الأحياء 2026 — مفتاح الإجابة في PDF p.111,SOURCE_ANSWER_STRIP_EMBEDDED_TEXT,PASS_SOURCE_KEY
TAH-BIO-BIO26-L24-Q059,BIO26-PDF111-L24-S2-Q059,BIO26-L24,أحياء 3,الجهاز الدوراني,111,2,59,C,2,تجميعات الأحياء 2026 — مفتاح الإجابة في PDF p.111,SOURCE_ANSWER_STRIP_EMBEDDED_TEXT,PASS_SOURCE_KEY
TAH-BIO-BIO26-L24-Q060,BIO26-PDF111-L24-S2-Q060,BIO26-L24,أحياء 3,الجهاز الدوراني,111,2,60,C,2,تجميعات الأحياء 2026 — مفتاح الإجابة في PDF p.111,SOURCE_ANSWER_STRIP_EMBEDDED_TEXT,PASS_SOURCE_KEY
TAH-BIO-BIO26-L24-Q061,BIO26-PDF111-L24-S2-Q061,BIO26-L24,أحياء 3,الجهاز الدوراني,111,2,61,A,0,تجميعات الأحياء 2026 — مفتاح الإجابة في PDF p.111,SOURCE_ANSWER_STRIP_EMBEDDED_TEXT,PASS_SOURCE_KEY
TAH-BIO-BIO26-L24-Q062,BIO26-PDF111-L24-S2-Q062,BIO26-L24,أحياء 3,الجهاز الدوراني,111,2,62,D,3,تجميعات الأحياء 2026 — مفتاح الإجابة في PDF p.111,SOURCE_ANSWER_STRIP_EMBEDDED_TEXT,PASS_SOURCE_KEY
TAH-BIO-BIO26-L24-Q063,BIO26-PDF111-L24-S2-Q063,BIO26-L24,أحياء 3,الجهاز الدوراني,111,2,63,B,1,تجميعات الأحياء 2026 — مفتاح الإجابة في PDF p.111,SOURCE_ANSWER_STRIP_EMBEDDED_TEXT,PASS_SOURCE_KEY
TAH-BIO-BIO26-L24-Q064,BIO26-PDF111-L24-S2-Q064,BIO26-L24,أحياء 3,الجهاز الدوراني,111,2,64,A,0,تجميعات الأحياء 2026 — مفتاح الإجابة في PDF p.111,SOURCE_ANSWER_STRIP_EMBEDDED_TEXT,PASS_SOURCE_KEY
TAH-BIO-BIO26-L24-Q065,BIO26-PDF111-L24-S2-Q065,BIO26-L24,أحياء 3,الجهاز الدوراني,111,2,65,C,2,تجميعات الأحياء 2026 — مفتاح الإجابة في PDF p.111,SOURCE_ANSWER_STRIP_EMBEDDED_TEXT,PASS_SOURCE_KEY
TAH-BIO-BIO26-L24-Q066,BIO26-PDF111-L24-S2-Q066,BIO26-L24,أحياء 3,الجهاز الدوراني,111,2,66,A,0,تجميعات الأحياء 2026 — مفتاح الإجابة في PDF p.111,SOURCE_ANSWER_STRIP_EMBEDDED_TEXT,PASS_SOURCE_KEY
TAH-BIO-BIO26-L24-Q067,BIO26-PDF111-L24-S2-Q067,BIO26-L24,أحياء 3,الجهاز الدوراني,111,2,67,C,2,تجميعات الأحياء 2026 — مفتاح الإجابة في PDF p.111,SOURCE_ANSWER_STRIP_EMBEDDED_TEXT,PASS_SOURCE_KEY
TAH-BIO-BIO26-L24-Q068,BIO26-PDF111-L24-S2-Q068,BIO26-L24,أحياء 3,الجهاز الدوراني,111,2,68,B,1,تجميعات الأحياء 2026 — مفتاح الإجابة في PDF p.111,SOURCE_ANSWER_STRIP_EMBEDDED_TEXT,PASS_SOURCE_KEY
TAH-BIO-BIO26-L24-Q069,BIO26-PDF111-L24-S2-Q069,BIO26-L24,أحياء 3,الجهاز الدوراني,111,2,69,B,1,تجميعات الأحياء 2026 — مفتاح الإجابة في PDF p.111,SOURCE_ANSWER_STRIP_EMBEDDED_TEXT,PASS_SOURCE_KEY
TAH-BIO-BIO26-L24-Q070,BIO26-PDF111-L24-S2-Q070,BIO26-L24,أحياء 3,الجهاز الدوراني,111,2,70,B,1,تجميعات الأحياء 2026 — مفتاح الإجابة في PDF p.111,SOURCE_ANSWER_STRIP_EMBEDDED_TEXT,PASS_SOURCE_KEY
TAH-BIO-BIO26-L24-Q071,BIO26-PDF111-L24-S2-Q071,BIO26-L24,أحياء 3,الجهاز الدوراني,111,2,71,C,2,تجميعات الأحياء 2026 — مفتاح الإجابة في PDF p.111,SOURCE_ANSWER_STRIP_EMBEDDED_TEXT,PASS_SOURCE_KEY
TAH-BIO-BIO26-L24-Q072,BIO26-PDF111-L24-S2-Q072,BIO26-L24,أحياء 3,الجهاز الدوراني,111,2,72,B,1,تجميعات الأحياء 2026 — مفتاح الإجابة في PDF p.111,SOURCE_ANSWER_STRIP_EMBEDDED_TEXT,PASS_SOURCE_KEY
TAH-BIO-BIO26-L24-Q073,BIO26-PDF111-L24-S2-Q073,BIO26-L24,أحياء 3,الجهاز الدوراني,111,2,73,B,1,تجميعات الأحياء 2026 — مفتاح الإجابة في PDF p.111,SOURCE_ANSWER_STRIP_EMBEDDED_TEXT,PASS_SOURCE_KEY
TAH-BIO-BIO26-L24-Q074,BIO26-PDF112-L24-S2-Q074,BIO26-L24,أحياء 3,الجهاز الدوراني,112,2,74,C,2,تجميعات الأحياء 2026 — مفتاح الإجابة في PDF p.112,SOURCE_ANSWER_STRIP_EMBEDDED_TEXT,PASS_SOURCE_KEY
TAH-BIO-BIO26-L24-Q075,BIO26-PDF112-L24-S2-Q075,BIO26-L24,أحياء 3,الجهاز الدوراني,112,2,75,D,3,تجميعات الأحياء 2026 — مفتاح الإجابة في PDF p.112,SOURCE_ANSWER_STRIP_EMBEDDED_TEXT,PASS_SOURCE_KEY
TAH-BIO-BIO26-L24-Q076,BIO26-PDF112-L24-S2-Q076,BIO26-L24,أحياء 3,الجهاز الدوراني,112,2,76,D,3,تجميعات الأحياء 2026 — مفتاح الإجابة في PDF p.112,SOURCE_ANSWER_STRIP_EMBEDDED_TEXT,PASS_SOURCE_KEY
TAH-BIO-BIO26-L24-Q077,BIO26-PDF112-L24-S2-Q077,BIO26-L24,أحياء 3,الجهاز الدوراني,112,2,77,C,2,تجميعات الأحياء 2026 — مفتاح الإجابة في PDF p.112,SOURCE_ANSWER_STRIP_EMBEDDED_TEXT,PASS_SOURCE_KEY
TAH-BIO-BIO26-L24-Q078,BIO26-PDF112-L24-S2-Q078,BIO26-L24,أحياء 3,الجهاز الدوراني,112,2,78,A,0,تجميعات الأحياء 2026 — مفتاح الإجابة في PDF p.112,SOURCE_ANSWER_STRIP_EMBEDDED_TEXT,PASS_SOURCE_KEY
TAH-BIO-BIO26-L24-Q079,BIO26-PDF112-L24-S2-Q079,BIO26-L24,أحياء 3,الجهاز الدوراني,112,2,79,B,1,تجميعات الأحياء 2026 — مفتاح الإجابة في PDF p.112,SOURCE_ANSWER_STRIP_EMBEDDED_TEXT,PASS_SOURCE_KEY
TAH-BIO-BIO26-L24-Q080,BIO26-PDF112-L24-S2-Q080,BIO26-L24,أحياء 3,الجهاز الدوراني,112,2,80,B,1,تجميعات الأحياء 2026 — مفتاح الإجابة في PDF p.112,SOURCE_ANSWER_STRIP_EMBEDDED_TEXT,PASS_SOURCE_KEY
TAH-BIO-BIO26-L24-Q081,BIO26-PDF112-L24-S2-Q081,BIO26-L24,أحياء 3,الجهاز الدوراني,112,2,81,D,3,تجميعات الأحياء 2026 — مفتاح الإجابة في PDF p.112,SOURCE_ANSWER_STRIP_EMBEDDED_TEXT,PASS_SOURCE_KEY
TAH-BIO-BIO26-L24-Q082,BIO26-PDF112-L24-S2-Q082,BIO26-L24,أحياء 3,الجهاز الدوراني,112,2,82,B,1,تجميعات الأحياء 2026 — مفتاح الإجابة في PDF p.112,SOURCE_ANSWER_STRIP_EMBEDDED_TEXT,PASS_SOURCE_KEY
TAH-BIO-BIO26-L24-Q083,BIO26-PDF112-L24-S2-Q083,BIO26-L24,أحياء 3,الجهاز الدوراني,112,2,83,B,1,تجميعات الأحياء 2026 — مفتاح الإجابة في PDF p.112,SOURCE_ANSWER_STRIP_EMBEDDED_TEXT,PASS_SOURCE_KEY
TAH-BIO-BIO26-L24-Q084,BIO26-PDF112-L24-S2-Q084,BIO26-L24,أحياء 3,الجهاز الدوراني,112,2,84,C,2,تجميعات الأحياء 2026 — مفتاح الإجابة في PDF p.112,SOURCE_ANSWER_STRIP_EMBEDDED_TEXT,PASS_SOURCE_KEY
TAH-BIO-BIO26-L24-Q085,BIO26-PDF112-L24-S2-Q085,BIO26-L24,أحياء 3,الجهاز الدوراني,112,2,85,C,2,تجميعات الأحياء 2026 — مفتاح الإجابة في PDF p.112,SOURCE_ANSWER_STRIP_EMBEDDED_TEXT,PASS_SOURCE_KEY
TAH-BIO-BIO26-L25-Q001,BIO26-PDF113-L25-S1-Q001,BIO26-L25,أحياء 3,الجهازان التنفسي والإخراجي,113,1,1,D,3,تجميعات الأحياء 2026 — مفتاح الإجابة في PDF p.113,SOURCE_ANSWER_STRIP_EMBEDDED_TEXT,PASS_SOURCE_KEY
TAH-BIO-BIO26-L25-Q002,BIO26-PDF113-L25-S1-Q002,BIO26-L25,أحياء 3,الجهازان التنفسي والإخراجي,113,1,2,B,1,تجميعات الأحياء 2026 — مفتاح الإجابة في PDF p.113,SOURCE_ANSWER_STRIP_EMBEDDED_TEXT,PASS_SOURCE_KEY
TAH-BIO-BIO26-L25-Q003,BIO26-PDF113-L25-S1-Q003,BIO26-L25,أحياء 3,الجهازان التنفسي والإخراجي,113,1,3,B,1,تجميعات الأحياء 2026 — مفتاح الإجابة في PDF p.113,SOURCE_ANSWER_STRIP_EMBEDDED_TEXT,PASS_SOURCE_KEY
TAH-BIO-BIO26-L25-Q004,BIO26-PDF113-L25-S1-Q004,BIO26-L25,أحياء 3,الجهازان التنفسي والإخراجي,113,1,4,B,1,تجميعات الأحياء 2026 — مفتاح الإجابة في PDF p.113,SOURCE_ANSWER_STRIP_EMBEDDED_TEXT,PASS_SOURCE_KEY
TAH-BIO-BIO26-L25-Q005,BIO26-PDF113-L25-S1-Q005,BIO26-L25,أحياء 3,الجهازان التنفسي والإخراجي,113,1,5,D,3,تجميعات الأحياء 2026 — مفتاح الإجابة في PDF p.113,SOURCE_ANSWER_STRIP_EMBEDDED_TEXT,PASS_SOURCE_KEY
TAH-BIO-BIO26-L25-Q006,BIO26-PDF113-L25-S1-Q006,BIO26-L25,أحياء 3,الجهازان التنفسي والإخراجي,113,1,6,A,0,تجميعات الأحياء 2026 — مفتاح الإجابة في PDF p.113,SOURCE_ANSWER_STRIP_EMBEDDED_TEXT,PASS_SOURCE_KEY
TAH-BIO-BIO26-L25-Q007,BIO26-PDF113-L25-S1-Q007,BIO26-L25,أحياء 3,الجهازان التنفسي والإخراجي,113,1,7,A,0,تجميعات الأحياء 2026 — مفتاح الإجابة في PDF p.113,SOURCE_ANSWER_STRIP_EMBEDDED_TEXT,PASS_SOURCE_KEY
TAH-BIO-BIO26-L25-Q008,BIO26-PDF113-L25-S1-Q008,BIO26-L25,أحياء 3,الجهازان التنفسي والإخراجي,113,1,8,A,0,تجميعات الأحياء 2026 — مفتاح الإجابة في PDF p.113,SOURCE_ANSWER_STRIP_EMBEDDED_TEXT,PASS_SOURCE_KEY
TAH-BIO-BIO26-L25-Q009,BIO26-PDF113-L25-S1-Q009,BIO26-L25,أحياء 3,الجهازان التنفسي والإخراجي,113,1,9,C,2,تجميعات الأحياء 2026 — مفتاح الإجابة في PDF p.113,SOURCE_ANSWER_STRIP_EMBEDDED_TEXT,PASS_SOURCE_KEY
TAH-BIO-BIO26-L25-Q010,BIO26-PDF113-L25-S1-Q010,BIO26-L25,أحياء 3,الجهازان التنفسي والإخراجي,113,1,10,A,0,تجميعات الأحياء 2026 — مفتاح الإجابة في PDF p.113,SOURCE_ANSWER_STRIP_EMBEDDED_TEXT,PASS_SOURCE_KEY
TAH-BIO-BIO26-L25-Q011,BIO26-PDF113-L25-S1-Q011,BIO26-L25,أحياء 3,الجهازان التنفسي والإخراجي,113,1,11,B,1,تجميعات الأحياء 2026 — مفتاح الإجابة في PDF p.113,SOURCE_ANSWER_STRIP_EMBEDDED_TEXT,PASS_SOURCE_KEY
TAH-BIO-BIO26-L25-Q012,BIO26-PDF113-L25-S1-Q012,BIO26-L25,أحياء 3,الجهازان التنفسي والإخراجي,113,1,12,D,3,تجميعات الأحياء 2026 — مفتاح الإجابة في PDF p.113,SOURCE_ANSWER_STRIP_EMBEDDED_TEXT,PASS_SOURCE_KEY
TAH-BIO-BIO26-L25-Q013,BIO26-PDF113-L25-S1-Q013,BIO26-L25,أحياء 3,الجهازان التنفسي والإخراجي,113,1,13,A,0,تجميعات الأحياء 2026 — مفتاح الإجابة في PDF p.113,SOURCE_ANSWER_STRIP_EMBEDDED_TEXT,PASS_SOURCE_KEY
TAH-BIO-BIO26-L25-Q014,BIO26-PDF113-L25-S1-Q014,BIO26-L25,أحياء 3,الجهازان التنفسي والإخراجي,113,1,14,C,2,تجميعات الأحياء 2026 — مفتاح الإجابة في PDF p.113,SOURCE_ANSWER_STRIP_EMBEDDED_TEXT,PASS_SOURCE_KEY
TAH-BIO-BIO26-L25-Q015,BIO26-PDF114-L25-S1-Q015,BIO26-L25,أحياء 3,الجهازان التنفسي والإخراجي,114,1,15,A,0,تجميعات الأحياء 2026 — مفتاح الإجابة في PDF p.114,SOURCE_ANSWER_STRIP_EMBEDDED_TEXT,PASS_SOURCE_KEY
TAH-BIO-BIO26-L25-Q016,BIO26-PDF114-L25-S1-Q016,BIO26-L25,أحياء 3,الجهازان التنفسي والإخراجي,114,1,16,D,3,تجميعات الأحياء 2026 — مفتاح الإجابة في PDF p.114,SOURCE_ANSWER_STRIP_EMBEDDED_TEXT,PASS_SOURCE_KEY
TAH-BIO-BIO26-L25-Q017,BIO26-PDF114-L25-S1-Q017,BIO26-L25,أحياء 3,الجهازان التنفسي والإخراجي,114,1,17,C,2,تجميعات الأحياء 2026 — مفتاح الإجابة في PDF p.114,SOURCE_ANSWER_STRIP_EMBEDDED_TEXT,PASS_SOURCE_KEY
TAH-BIO-BIO26-L25-Q018,BIO26-PDF114-L25-S1-Q018,BIO26-L25,أحياء 3,الجهازان التنفسي والإخراجي,114,1,18,C,2,تجميعات الأحياء 2026 — مفتاح الإجابة في PDF p.114,SOURCE_ANSWER_STRIP_EMBEDDED_TEXT,PASS_SOURCE_KEY
TAH-BIO-BIO26-L25-Q019,BIO26-PDF114-L25-S1-Q019,BIO26-L25,أحياء 3,الجهازان التنفسي والإخراجي,114,1,19,B,1,تجميعات الأحياء 2026 — مفتاح الإجابة في PDF p.114,SOURCE_ANSWER_STRIP_EMBEDDED_TEXT,PASS_SOURCE_KEY
TAH-BIO-BIO26-L25-Q020,BIO26-PDF114-L25-S1-Q020,BIO26-L25,أحياء 3,الجهازان التنفسي والإخراجي,114,1,20,A,0,تجميعات الأحياء 2026 — مفتاح الإجابة في PDF p.114,SOURCE_ANSWER_STRIP_EMBEDDED_TEXT,PASS_SOURCE_KEY
TAH-BIO-BIO26-L25-Q021,BIO26-PDF114-L25-S1-Q021,BIO26-L25,أحياء 3,الجهازان التنفسي والإخراجي,114,1,21,C,2,تجميعات الأحياء 2026 — مفتاح الإجابة في PDF p.114,SOURCE_ANSWER_STRIP_EMBEDDED_TEXT,PASS_SOURCE_KEY
TAH-BIO-BIO26-L25-Q022,BIO26-PDF114-L25-S1-Q022,BIO26-L25,أحياء 3,الجهازان التنفسي والإخراجي,114,1,22,B,1,تجميعات الأحياء 2026 — مفتاح الإجابة في PDF p.114,SOURCE_ANSWER_STRIP_EMBEDDED_TEXT,PASS_SOURCE_KEY
TAH-BIO-BIO26-L25-Q023,BIO26-PDF114-L25-S1-Q023,BIO26-L25,أحياء 3,الجهازان التنفسي والإخراجي,114,1,23,C,2,تجميعات الأحياء 2026 — مفتاح الإجابة في PDF p.114,SOURCE_ANSWER_STRIP_EMBEDDED_TEXT,PASS_SOURCE_KEY
TAH-BIO-BIO26-L25-Q024,BIO26-PDF114-L25-S1-Q024,BIO26-L25,أحياء 3,الجهازان التنفسي والإخراجي,114,1,24,D,3,تجميعات الأحياء 2026 — مفتاح الإجابة في PDF p.114,SOURCE_ANSWER_STRIP_EMBEDDED_TEXT,PASS_SOURCE_KEY
TAH-BIO-BIO26-L25-Q025,BIO26-PDF115-L25-S2-Q025,BIO26-L25,أحياء 3,الجهازان التنفسي والإخراجي,115,2,25,B,1,تجميعات الأحياء 2026 — مفتاح الإجابة في PDF p.115,SOURCE_ANSWER_STRIP_EMBEDDED_TEXT,PASS_SOURCE_KEY
TAH-BIO-BIO26-L25-Q026,BIO26-PDF115-L25-S2-Q026,BIO26-L25,أحياء 3,الجهازان التنفسي والإخراجي,115,2,26,B,1,تجميعات الأحياء 2026 — مفتاح الإجابة في PDF p.115,SOURCE_ANSWER_STRIP_EMBEDDED_TEXT,PASS_SOURCE_KEY
TAH-BIO-BIO26-L25-Q027,BIO26-PDF115-L25-S2-Q027,BIO26-L25,أحياء 3,الجهازان التنفسي والإخراجي,115,2,27,A,0,تجميعات الأحياء 2026 — مفتاح الإجابة في PDF p.115,SOURCE_ANSWER_STRIP_EMBEDDED_TEXT,PASS_SOURCE_KEY
TAH-BIO-BIO26-L25-Q028,BIO26-PDF115-L25-S2-Q028,BIO26-L25,أحياء 3,الجهازان التنفسي والإخراجي,115,2,28,C,2,تجميعات الأحياء 2026 — مفتاح الإجابة في PDF p.115,SOURCE_ANSWER_STRIP_EMBEDDED_TEXT,PASS_SOURCE_KEY
TAH-BIO-BIO26-L25-Q029,BIO26-PDF115-L25-S2-Q029,BIO26-L25,أحياء 3,الجهازان التنفسي والإخراجي,115,2,29,A,0,تجميعات الأحياء 2026 — مفتاح الإجابة في PDF p.115,SOURCE_ANSWER_STRIP_EMBEDDED_TEXT,PASS_SOURCE_KEY
TAH-BIO-BIO26-L25-Q030,BIO26-PDF115-L25-S2-Q030,BIO26-L25,أحياء 3,الجهازان التنفسي والإخراجي,115,2,30,B,1,تجميعات الأحياء 2026 — مفتاح الإجابة في PDF p.115,SOURCE_ANSWER_STRIP_EMBEDDED_TEXT,PASS_SOURCE_KEY
TAH-BIO-BIO26-L25-Q031,BIO26-PDF115-L25-S2-Q031,BIO26-L25,أحياء 3,الجهازان التنفسي والإخراجي,115,2,31,C,2,تجميعات الأحياء 2026 — مفتاح الإجابة في PDF p.115,SOURCE_ANSWER_STRIP_EMBEDDED_TEXT,PASS_SOURCE_KEY
TAH-BIO-BIO26-L25-Q032,BIO26-PDF115-L25-S2-Q032,BIO26-L25,أحياء 3,الجهازان التنفسي والإخراجي,115,2,32,A,0,تجميعات الأحياء 2026 — مفتاح الإجابة في PDF p.115,SOURCE_ANSWER_STRIP_EMBEDDED_TEXT,PASS_SOURCE_KEY
TAH-BIO-BIO26-L25-Q033,BIO26-PDF115-L25-S2-Q033,BIO26-L25,أحياء 3,الجهازان التنفسي والإخراجي,115,2,33,C,2,تجميعات الأحياء 2026 — مفتاح الإجابة في PDF p.115,SOURCE_ANSWER_STRIP_EMBEDDED_TEXT,PASS_SOURCE_KEY
TAH-BIO-BIO26-L25-Q034,BIO26-PDF115-L25-S2-Q034,BIO26-L25,أحياء 3,الجهازان التنفسي والإخراجي,115,2,34,A,0,تجميعات الأحياء 2026 — مفتاح الإجابة في PDF p.115,SOURCE_ANSWER_STRIP_EMBEDDED_TEXT,PASS_SOURCE_KEY
TAH-BIO-BIO26-L25-Q035,BIO26-PDF115-L25-S2-Q035,BIO26-L25,أحياء 3,الجهازان التنفسي والإخراجي,115,2,35,A,0,تجميعات الأحياء 2026 — مفتاح الإجابة في PDF p.115,SOURCE_ANSWER_STRIP_EMBEDDED_TEXT,PASS_SOURCE_KEY
TAH-BIO-BIO26-L25-Q036,BIO26-PDF115-L25-S2-Q036,BIO26-L25,أحياء 3,الجهازان التنفسي والإخراجي,115,2,36,A,0,تجميعات الأحياء 2026 — مفتاح الإجابة في PDF p.115,SOURCE_ANSWER_STRIP_EMBEDDED_TEXT,PASS_SOURCE_KEY
TAH-BIO-BIO26-L25-Q037,BIO26-PDF115-L25-S2-Q037,BIO26-L25,أحياء 3,الجهازان التنفسي والإخراجي,115,2,37,D,3,تجميعات الأحياء 2026 — مفتاح الإجابة في PDF p.115,SOURCE_ANSWER_STRIP_EMBEDDED_TEXT,PASS_SOURCE_KEY
TAH-BIO-BIO26-L25-Q038,BIO26-PDF115-L25-S2-Q038,BIO26-L25,أحياء 3,الجهازان التنفسي والإخراجي,115,2,38,C,2,تجميعات الأحياء 2026 — مفتاح الإجابة في PDF p.115,SOURCE_ANSWER_STRIP_EMBEDDED_TEXT,PASS_SOURCE_KEY
TAH-BIO-BIO26-L25-Q039,BIO26-PDF115-L25-S2-Q039,BIO26-L25,أحياء 3,الجهازان التنفسي والإخراجي,115,2,39,D,3,تجميعات الأحياء 2026 — مفتاح الإجابة في PDF p.115,SOURCE_ANSWER_STRIP_EMBEDDED_TEXT,PASS_SOURCE_KEY
TAH-BIO-BIO26-L25-Q040,BIO26-PDF115-L25-S2-Q040,BIO26-L25,أحياء 3,الجهازان التنفسي والإخراجي,115,2,40,D,3,تجميعات الأحياء 2026 — مفتاح الإجابة في PDF p.115,SOURCE_ANSWER_STRIP_EMBEDDED_TEXT,PASS_SOURCE_KEY
TAH-BIO-BIO26-L25-Q041,BIO26-PDF115-L25-S2-Q041,BIO26-L25,أحياء 3,الجهازان التنفسي والإخراجي,115,2,41,D,3,تجميعات الأحياء 2026 — مفتاح الإجابة في PDF p.115,SOURCE_ANSWER_STRIP_EMBEDDED_TEXT,PASS_SOURCE_KEY
TAH-BIO-BIO26-L25-Q042,BIO26-PDF115-L25-S2-Q042,BIO26-L25,أحياء 3,الجهازان التنفسي والإخراجي,115,2,42,B,1,تجميعات الأحياء 2026 — مفتاح الإجابة في PDF p.115,SOURCE_ANSWER_STRIP_EMBEDDED_TEXT,PASS_SOURCE_KEY
TAH-BIO-BIO26-L25-Q043,BIO26-PDF115-L25-S2-Q043,BIO26-L25,أحياء 3,الجهازان التنفسي والإخراجي,115,2,43,A,0,تجميعات الأحياء 2026 — مفتاح الإجابة في PDF p.115,SOURCE_ANSWER_STRIP_EMBEDDED_TEXT,PASS_SOURCE_KEY
TAH-BIO-BIO26-L26-Q001,BIO26-PDF116-L26-S1-Q001,BIO26-L26,أحياء 3,الجهاز الهضمي,116,1,1,A,0,تجميعات الأحياء 2026 — مفتاح الإجابة في PDF p.116,SOURCE_ANSWER_STRIP_EMBEDDED_TEXT,PASS_SOURCE_KEY
TAH-BIO-BIO26-L26-Q002,BIO26-PDF116-L26-S1-Q002,BIO26-L26,أحياء 3,الجهاز الهضمي,116,1,2,C,2,تجميعات الأحياء 2026 — مفتاح الإجابة في PDF p.116,SOURCE_ANSWER_STRIP_EMBEDDED_TEXT,PASS_SOURCE_KEY
TAH-BIO-BIO26-L26-Q003,BIO26-PDF116-L26-S1-Q003,BIO26-L26,أحياء 3,الجهاز الهضمي,116,1,3,A,0,تجميعات الأحياء 2026 — مفتاح الإجابة في PDF p.116,SOURCE_ANSWER_STRIP_EMBEDDED_TEXT,PASS_SOURCE_KEY
TAH-BIO-BIO26-L26-Q004,BIO26-PDF116-L26-S1-Q004,BIO26-L26,أحياء 3,الجهاز الهضمي,116,1,4,D,3,تجميعات الأحياء 2026 — مفتاح الإجابة في PDF p.116,SOURCE_ANSWER_STRIP_EMBEDDED_TEXT,PASS_SOURCE_KEY
TAH-BIO-BIO26-L26-Q005,BIO26-PDF116-L26-S1-Q005,BIO26-L26,أحياء 3,الجهاز الهضمي,116,1,5,A,0,تجميعات الأحياء 2026 — مفتاح الإجابة في PDF p.116,SOURCE_ANSWER_STRIP_EMBEDDED_TEXT,PASS_SOURCE_KEY
TAH-BIO-BIO26-L26-Q006,BIO26-PDF116-L26-S1-Q006,BIO26-L26,أحياء 3,الجهاز الهضمي,116,1,6,D,3,تجميعات الأحياء 2026 — مفتاح الإجابة في PDF p.116,SOURCE_ANSWER_STRIP_EMBEDDED_TEXT,PASS_SOURCE_KEY
TAH-BIO-BIO26-L26-Q007,BIO26-PDF116-L26-S1-Q007,BIO26-L26,أحياء 3,الجهاز الهضمي,116,1,7,A,0,تجميعات الأحياء 2026 — مفتاح الإجابة في PDF p.116,SOURCE_ANSWER_STRIP_EMBEDDED_TEXT,PASS_SOURCE_KEY
TAH-BIO-BIO26-L26-Q008,BIO26-PDF116-L26-S1-Q008,BIO26-L26,أحياء 3,الجهاز الهضمي,116,1,8,A,0,تجميعات الأحياء 2026 — مفتاح الإجابة في PDF p.116,SOURCE_ANSWER_STRIP_EMBEDDED_TEXT,PASS_SOURCE_KEY
TAH-BIO-BIO26-L26-Q009,BIO26-PDF116-L26-S1-Q009,BIO26-L26,أحياء 3,الجهاز الهضمي,116,1,9,A,0,تجميعات الأحياء 2026 — مفتاح الإجابة في PDF p.116,SOURCE_ANSWER_STRIP_EMBEDDED_TEXT,PASS_SOURCE_KEY
TAH-BIO-BIO26-L26-Q010,BIO26-PDF116-L26-S1-Q010,BIO26-L26,أحياء 3,الجهاز الهضمي,116,1,10,D,3,تجميعات الأحياء 2026 — مفتاح الإجابة في PDF p.116,SOURCE_ANSWER_STRIP_EMBEDDED_TEXT,PASS_SOURCE_KEY
TAH-BIO-BIO26-L26-Q011,BIO26-PDF116-L26-S1-Q011,BIO26-L26,أحياء 3,الجهاز الهضمي,116,1,11,A,0,تجميعات الأحياء 2026 — مفتاح الإجابة في PDF p.116,SOURCE_ANSWER_STRIP_EMBEDDED_TEXT,PASS_SOURCE_KEY
TAH-BIO-BIO26-L26-Q012,BIO26-PDF116-L26-S1-Q012,BIO26-L26,أحياء 3,الجهاز الهضمي,116,1,12,B,1,تجميعات الأحياء 2026 — مفتاح الإجابة في PDF p.116,SOURCE_ANSWER_STRIP_EMBEDDED_TEXT,PASS_SOURCE_KEY
TAH-BIO-BIO26-L26-Q013,BIO26-PDF116-L26-S1-Q013,BIO26-L26,أحياء 3,الجهاز الهضمي,116,1,13,C,2,تجميعات الأحياء 2026 — مفتاح الإجابة في PDF p.116,SOURCE_ANSWER_STRIP_EMBEDDED_TEXT,PASS_SOURCE_KEY
TAH-BIO-BIO26-L26-Q014,BIO26-PDF116-L26-S1-Q014,BIO26-L26,أحياء 3,الجهاز الهضمي,116,1,14,A,0,تجميعات الأحياء 2026 — مفتاح الإجابة في PDF p.116,SOURCE_ANSWER_STRIP_EMBEDDED_TEXT,PASS_SOURCE_KEY
TAH-BIO-BIO26-L26-Q015,BIO26-PDF116-L26-S1-Q015,BIO26-L26,أحياء 3,الجهاز الهضمي,116,1,15,A,0,تجميعات الأحياء 2026 — مفتاح الإجابة في PDF p.116,SOURCE_ANSWER_STRIP_EMBEDDED_TEXT,PASS_SOURCE_KEY
TAH-BIO-BIO26-L26-Q016,BIO26-PDF116-L26-S1-Q016,BIO26-L26,أحياء 3,الجهاز الهضمي,116,1,16,C,2,تجميعات الأحياء 2026 — مفتاح الإجابة في PDF p.116,SOURCE_ANSWER_STRIP_EMBEDDED_TEXT,PASS_SOURCE_KEY
TAH-BIO-BIO26-L26-Q017,BIO26-PDF116-L26-S1-Q017,BIO26-L26,أحياء 3,الجهاز الهضمي,116,1,17,A,0,تجميعات الأحياء 2026 — مفتاح الإجابة في PDF p.116,SOURCE_ANSWER_STRIP_EMBEDDED_TEXT,PASS_SOURCE_KEY
TAH-BIO-BIO26-L26-Q018,BIO26-PDF117-L26-S1-Q018,BIO26-L26,أحياء 3,الجهاز الهضمي,117,1,18,B,1,تجميعات الأحياء 2026 — مفتاح الإجابة في PDF p.117,SOURCE_ANSWER_STRIP_EMBEDDED_TEXT,PASS_SOURCE_KEY
TAH-BIO-BIO26-L26-Q019,BIO26-PDF117-L26-S1-Q019,BIO26-L26,أحياء 3,الجهاز الهضمي,117,1,19,C,2,تجميعات الأحياء 2026 — مفتاح الإجابة في PDF p.117,SOURCE_ANSWER_STRIP_EMBEDDED_TEXT,PASS_SOURCE_KEY
TAH-BIO-BIO26-L26-Q020,BIO26-PDF117-L26-S1-Q020,BIO26-L26,أحياء 3,الجهاز الهضمي,117,1,20,C,2,تجميعات الأحياء 2026 — مفتاح الإجابة في PDF p.117,SOURCE_ANSWER_STRIP_EMBEDDED_TEXT,PASS_SOURCE_KEY
TAH-BIO-BIO26-L26-Q021,BIO26-PDF117-L26-S1-Q021,BIO26-L26,أحياء 3,الجهاز الهضمي,117,1,21,A,0,تجميعات الأحياء 2026 — مفتاح الإجابة في PDF p.117,SOURCE_ANSWER_STRIP_EMBEDDED_TEXT,PASS_SOURCE_KEY
TAH-BIO-BIO26-L26-Q022,BIO26-PDF117-L26-S1-Q022,BIO26-L26,أحياء 3,الجهاز الهضمي,117,1,22,C,2,تجميعات الأحياء 2026 — مفتاح الإجابة في PDF p.117,SOURCE_ANSWER_STRIP_EMBEDDED_TEXT,PASS_SOURCE_KEY
TAH-BIO-BIO26-L26-Q023,BIO26-PDF117-L26-S1-Q023,BIO26-L26,أحياء 3,الجهاز الهضمي,117,1,23,B,1,تجميعات الأحياء 2026 — مفتاح الإجابة في PDF p.117,SOURCE_ANSWER_STRIP_EMBEDDED_TEXT,PASS_SOURCE_KEY
TAH-BIO-BIO26-L26-Q024,BIO26-PDF117-L26-S1-Q024,BIO26-L26,أحياء 3,الجهاز الهضمي,117,1,24,B,1,تجميعات الأحياء 2026 — مفتاح الإجابة في PDF p.117,SOURCE_ANSWER_STRIP_EMBEDDED_TEXT,PASS_SOURCE_KEY
TAH-BIO-BIO26-L26-Q025,BIO26-PDF117-L26-S1-Q025,BIO26-L26,أحياء 3,الجهاز الهضمي,117,1,25,D,3,تجميعات الأحياء 2026 — مفتاح الإجابة في PDF p.117,SOURCE_ANSWER_STRIP_EMBEDDED_TEXT,PASS_SOURCE_KEY
TAH-BIO-BIO26-L26-Q026,BIO26-PDF117-L26-S1-Q026,BIO26-L26,أحياء 3,الجهاز الهضمي,117,1,26,C,2,تجميعات الأحياء 2026 — مفتاح الإجابة في PDF p.117,SOURCE_ANSWER_STRIP_EMBEDDED_TEXT,PASS_SOURCE_KEY
TAH-BIO-BIO26-L26-Q027,BIO26-PDF117-L26-S1-Q027,BIO26-L26,أحياء 3,الجهاز الهضمي,117,1,27,D,3,تجميعات الأحياء 2026 — مفتاح الإجابة في PDF p.117,SOURCE_ANSWER_STRIP_EMBEDDED_TEXT,PASS_SOURCE_KEY
TAH-BIO-BIO26-L26-Q028,BIO26-PDF117-L26-S1-Q028,BIO26-L26,أحياء 3,الجهاز الهضمي,117,1,28,B,1,تجميعات الأحياء 2026 — مفتاح الإجابة في PDF p.117,SOURCE_ANSWER_STRIP_EMBEDDED_TEXT,PASS_SOURCE_KEY
TAH-BIO-BIO26-L26-Q029,BIO26-PDF117-L26-S1-Q029,BIO26-L26,أحياء 3,الجهاز الهضمي,117,1,29,B,1,تجميعات الأحياء 2026 — مفتاح الإجابة في PDF p.117,SOURCE_ANSWER_STRIP_EMBEDDED_TEXT,PASS_SOURCE_KEY
TAH-BIO-BIO26-L26-Q030,BIO26-PDF118-L26-S2-Q030,BIO26-L26,أحياء 3,الجهاز الهضمي,118,2,30,A,0,تجميعات الأحياء 2026 — مفتاح الإجابة في PDF p.118,SOURCE_ANSWER_STRIP_EMBEDDED_TEXT,PASS_SOURCE_KEY
TAH-BIO-BIO26-L26-Q031,BIO26-PDF118-L26-S2-Q031,BIO26-L26,أحياء 3,الجهاز الهضمي,118,2,31,D,3,تجميعات الأحياء 2026 — مفتاح الإجابة في PDF p.118,SOURCE_ANSWER_STRIP_EMBEDDED_TEXT,PASS_SOURCE_KEY
TAH-BIO-BIO26-L26-Q032,BIO26-PDF118-L26-S2-Q032,BIO26-L26,أحياء 3,الجهاز الهضمي,118,2,32,B,1,تجميعات الأحياء 2026 — مفتاح الإجابة في PDF p.118,SOURCE_ANSWER_STRIP_EMBEDDED_TEXT,PASS_SOURCE_KEY
TAH-BIO-BIO26-L26-Q033,BIO26-PDF118-L26-S2-Q033,BIO26-L26,أحياء 3,الجهاز الهضمي,118,2,33,B,1,تجميعات الأحياء 2026 — مفتاح الإجابة في PDF p.118,SOURCE_ANSWER_STRIP_EMBEDDED_TEXT,PASS_SOURCE_KEY
TAH-BIO-BIO26-L26-Q034,BIO26-PDF118-L26-S2-Q034,BIO26-L26,أحياء 3,الجهاز الهضمي,118,2,34,D,3,تجميعات الأحياء 2026 — مفتاح الإجابة في PDF p.118,SOURCE_ANSWER_STRIP_EMBEDDED_TEXT,PASS_SOURCE_KEY
TAH-BIO-BIO26-L26-Q035,BIO26-PDF118-L26-S2-Q035,BIO26-L26,أحياء 3,الجهاز الهضمي,118,2,35,A,0,تجميعات الأحياء 2026 — مفتاح الإجابة في PDF p.118,SOURCE_ANSWER_STRIP_EMBEDDED_TEXT,PASS_SOURCE_KEY
TAH-BIO-BIO26-L26-Q036,BIO26-PDF118-L26-S2-Q036,BIO26-L26,أحياء 3,الجهاز الهضمي,118,2,36,C,2,تجميعات الأحياء 2026 — مفتاح الإجابة في PDF p.118,SOURCE_ANSWER_STRIP_EMBEDDED_TEXT,PASS_SOURCE_KEY
TAH-BIO-BIO26-L26-Q037,BIO26-PDF118-L26-S2-Q037,BIO26-L26,أحياء 3,الجهاز الهضمي,118,2,37,D,3,تجميعات الأحياء 2026 — مفتاح الإجابة في PDF p.118,SOURCE_ANSWER_STRIP_EMBEDDED_TEXT,PASS_SOURCE_KEY
TAH-BIO-BIO26-L26-Q038,BIO26-PDF118-L26-S2-Q038,BIO26-L26,أحياء 3,الجهاز الهضمي,118,2,38,B,1,تجميعات الأحياء 2026 — مفتاح الإجابة في PDF p.118,SOURCE_ANSWER_STRIP_EMBEDDED_TEXT,PASS_SOURCE_KEY
TAH-BIO-BIO26-L26-Q039,BIO26-PDF118-L26-S2-Q039,BIO26-L26,أحياء 3,الجهاز الهضمي,118,2,39,D,3,تجميعات الأحياء 2026 — مفتاح الإجابة في PDF p.118,SOURCE_ANSWER_STRIP_EMBEDDED_TEXT,PASS_SOURCE_KEY
TAH-BIO-BIO26-L26-Q040,BIO26-PDF118-L26-S2-Q040,BIO26-L26,أحياء 3,الجهاز الهضمي,118,2,40,A,0,تجميعات الأحياء 2026 — مفتاح الإجابة في PDF p.118,SOURCE_ANSWER_STRIP_EMBEDDED_TEXT,PASS_SOURCE_KEY
TAH-BIO-BIO26-L26-Q041,BIO26-PDF118-L26-S2-Q041,BIO26-L26,أحياء 3,الجهاز الهضمي,118,2,41,A,0,تجميعات الأحياء 2026 — مفتاح الإجابة في PDF p.118,SOURCE_ANSWER_STRIP_EMBEDDED_TEXT,PASS_SOURCE_KEY
TAH-BIO-BIO26-L26-Q042,BIO26-PDF118-L26-S2-Q042,BIO26-L26,أحياء 3,الجهاز الهضمي,118,2,42,B,1,تجميعات الأحياء 2026 — مفتاح الإجابة في PDF p.118,SOURCE_ANSWER_STRIP_EMBEDDED_TEXT,PASS_SOURCE_KEY
TAH-BIO-BIO26-L26-Q043,BIO26-PDF118-L26-S2-Q043,BIO26-L26,أحياء 3,الجهاز الهضمي,118,2,43,B,1,تجميعات الأحياء 2026 — مفتاح الإجابة في PDF p.118,SOURCE_ANSWER_STRIP_EMBEDDED_TEXT,PASS_SOURCE_KEY
TAH-BIO-BIO26-L26-Q044,BIO26-PDF118-L26-S2-Q044,BIO26-L26,أحياء 3,الجهاز الهضمي,118,2,44,A,0,تجميعات الأحياء 2026 — مفتاح الإجابة في PDF p.118,SOURCE_ANSWER_STRIP_EMBEDDED_TEXT,PASS_SOURCE_KEY
TAH-BIO-BIO26-L26-Q045,BIO26-PDF119-L26-S2-Q045,BIO26-L26,أحياء 3,الجهاز الهضمي,119,2,45,B,1,تجميعات الأحياء 2026 — مفتاح الإجابة في PDF p.119,SOURCE_ANSWER_STRIP_EMBEDDED_TEXT,PASS_SOURCE_KEY
TAH-BIO-BIO26-L26-Q046,BIO26-PDF119-L26-S2-Q046,BIO26-L26,أحياء 3,الجهاز الهضمي,119,2,46,A,0,تجميعات الأحياء 2026 — مفتاح الإجابة في PDF p.119,SOURCE_ANSWER_STRIP_EMBEDDED_TEXT,PASS_SOURCE_KEY
TAH-BIO-BIO26-L26-Q047,BIO26-PDF119-L26-S2-Q047,BIO26-L26,أحياء 3,الجهاز الهضمي,119,2,47,D,3,تجميعات الأحياء 2026 — مفتاح الإجابة في PDF p.119,SOURCE_ANSWER_STRIP_EMBEDDED_TEXT,PASS_SOURCE_KEY
TAH-BIO-BIO26-L26-Q048,BIO26-PDF119-L26-S2-Q048,BIO26-L26,أحياء 3,الجهاز الهضمي,119,2,48,C,2,تجميعات الأحياء 2026 — مفتاح الإجابة في PDF p.119,SOURCE_ANSWER_STRIP_EMBEDDED_TEXT,PASS_SOURCE_KEY
TAH-BIO-BIO26-L26-Q049,BIO26-PDF119-L26-S2-Q049,BIO26-L26,أحياء 3,الجهاز الهضمي,119,2,49,A,0,تجميعات الأحياء 2026 — مفتاح الإجابة في PDF p.119,SOURCE_ANSWER_STRIP_EMBEDDED_TEXT,PASS_SOURCE_KEY
TAH-BIO-BIO26-L26-Q050,BIO26-PDF119-L26-S2-Q050,BIO26-L26,أحياء 3,الجهاز الهضمي,119,2,50,C,2,تجميعات الأحياء 2026 — مفتاح الإجابة في PDF p.119,SOURCE_ANSWER_STRIP_EMBEDDED_TEXT,PASS_SOURCE_KEY
TAH-BIO-BIO26-L26-Q051,BIO26-PDF119-L26-S2-Q051,BIO26-L26,أحياء 3,الجهاز الهضمي,119,2,51,B,1,تجميعات الأحياء 2026 — مفتاح الإجابة في PDF p.119,SOURCE_ANSWER_STRIP_EMBEDDED_TEXT,PASS_SOURCE_KEY
TAH-BIO-BIO26-L26-Q052,BIO26-PDF119-L26-S2-Q052,BIO26-L26,أحياء 3,الجهاز الهضمي,119,2,52,C,2,تجميعات الأحياء 2026 — مفتاح الإجابة في PDF p.119,SOURCE_ANSWER_STRIP_EMBEDDED_TEXT,PASS_SOURCE_KEY
TAH-BIO-BIO26-L26-Q053,BIO26-PDF119-L26-S2-Q053,BIO26-L26,أحياء 3,الجهاز الهضمي,119,2,53,D,3,تجميعات الأحياء 2026 — مفتاح الإجابة في PDF p.119,SOURCE_ANSWER_STRIP_EMBEDDED_TEXT,PASS_SOURCE_KEY
TAH-BIO-BIO26-L26-Q054,BIO26-PDF119-L26-S2-Q054,BIO26-L26,أحياء 3,الجهاز الهضمي,119,2,54,B,1,تجميعات الأحياء 2026 — مفتاح الإجابة في PDF p.119,SOURCE_ANSWER_STRIP_EMBEDDED_TEXT,PASS_SOURCE_KEY
TAH-BIO-BIO26-L26-Q055,BIO26-PDF119-L26-S2-Q055,BIO26-L26,أحياء 3,الجهاز الهضمي,119,2,55,D,3,تجميعات الأحياء 2026 — مفتاح الإجابة في PDF p.119,SOURCE_ANSWER_STRIP_EMBEDDED_TEXT,PASS_SOURCE_KEY
TAH-BIO-BIO26-L26-Q056,BIO26-PDF119-L26-S2-Q056,BIO26-L26,أحياء 3,الجهاز الهضمي,119,2,56,C,2,تجميعات الأحياء 2026 — مفتاح الإجابة في PDF p.119,SOURCE_ANSWER_STRIP_EMBEDDED_TEXT,PASS_SOURCE_KEY
TAH-BIO-BIO26-L26-Q057,BIO26-PDF119-L26-S2-Q057,BIO26-L26,أحياء 3,الجهاز الهضمي,119,2,57,B,1,تجميعات الأحياء 2026 — مفتاح الإجابة في PDF p.119,SOURCE_ANSWER_STRIP_EMBEDDED_TEXT,PASS_SOURCE_KEY
TAH-BIO-BIO26-L26-Q058,BIO26-PDF119-L26-S2-Q058,BIO26-L26,أحياء 3,الجهاز الهضمي,119,2,58,B,1,تجميعات الأحياء 2026 — مفتاح الإجابة في PDF p.119,SOURCE_ANSWER_STRIP_EMBEDDED_TEXT,PASS_SOURCE_KEY
TAH-BIO-BIO26-L27-Q001,BIO26-PDF120-L27-S1-Q001,BIO26-L27,أحياء 3,التغذية,120,1,1,B,1,تجميعات الأحياء 2026 — مفتاح الإجابة في PDF p.120,SOURCE_ANSWER_STRIP_EMBEDDED_TEXT,PASS_SOURCE_KEY
TAH-BIO-BIO26-L27-Q002,BIO26-PDF120-L27-S1-Q002,BIO26-L27,أحياء 3,التغذية,120,1,2,B,1,تجميعات الأحياء 2026 — مفتاح الإجابة في PDF p.120,SOURCE_ANSWER_STRIP_EMBEDDED_TEXT,PASS_SOURCE_KEY
TAH-BIO-BIO26-L27-Q003,BIO26-PDF120-L27-S1-Q003,BIO26-L27,أحياء 3,التغذية,120,1,3,A,0,تجميعات الأحياء 2026 — مفتاح الإجابة في PDF p.120,SOURCE_ANSWER_STRIP_EMBEDDED_TEXT,PASS_SOURCE_KEY
TAH-BIO-BIO26-L27-Q004,BIO26-PDF120-L27-S1-Q004,BIO26-L27,أحياء 3,التغذية,120,1,4,B,1,تجميعات الأحياء 2026 — مفتاح الإجابة في PDF p.120,SOURCE_ANSWER_STRIP_EMBEDDED_TEXT,PASS_SOURCE_KEY
TAH-BIO-BIO26-L27-Q005,BIO26-PDF120-L27-S1-Q005,BIO26-L27,أحياء 3,التغذية,120,1,5,B,1,تجميعات الأحياء 2026 — مفتاح الإجابة في PDF p.120,SOURCE_ANSWER_STRIP_EMBEDDED_TEXT,PASS_SOURCE_KEY
TAH-BIO-BIO26-L27-Q006,BIO26-PDF120-L27-S1-Q006,BIO26-L27,أحياء 3,التغذية,120,1,6,A,0,تجميعات الأحياء 2026 — مفتاح الإجابة في PDF p.120,SOURCE_ANSWER_STRIP_EMBEDDED_TEXT,PASS_SOURCE_KEY
TAH-BIO-BIO26-L27-Q007,BIO26-PDF120-L27-S1-Q007,BIO26-L27,أحياء 3,التغذية,120,1,7,D,3,تجميعات الأحياء 2026 — مفتاح الإجابة في PDF p.120,SOURCE_ANSWER_STRIP_EMBEDDED_TEXT,PASS_SOURCE_KEY
TAH-BIO-BIO26-L27-Q008,BIO26-PDF120-L27-S1-Q008,BIO26-L27,أحياء 3,التغذية,120,1,8,B,1,تجميعات الأحياء 2026 — مفتاح الإجابة في PDF p.120,SOURCE_ANSWER_STRIP_EMBEDDED_TEXT,PASS_SOURCE_KEY
TAH-BIO-BIO26-L27-Q009,BIO26-PDF120-L27-S1-Q009,BIO26-L27,أحياء 3,التغذية,120,1,9,C,2,تجميعات الأحياء 2026 — مفتاح الإجابة في PDF p.120,SOURCE_ANSWER_STRIP_EMBEDDED_TEXT,PASS_SOURCE_KEY
TAH-BIO-BIO26-L27-Q010,BIO26-PDF120-L27-S1-Q010,BIO26-L27,أحياء 3,التغذية,120,1,10,A,0,تجميعات الأحياء 2026 — مفتاح الإجابة في PDF p.120,SOURCE_ANSWER_STRIP_EMBEDDED_TEXT,PASS_SOURCE_KEY
TAH-BIO-BIO26-L27-Q011,BIO26-PDF120-L27-S1-Q011,BIO26-L27,أحياء 3,التغذية,120,1,11,D,3,تجميعات الأحياء 2026 — مفتاح الإجابة في PDF p.120,SOURCE_ANSWER_STRIP_EMBEDDED_TEXT,PASS_SOURCE_KEY
TAH-BIO-BIO26-L27-Q012,BIO26-PDF120-L27-S1-Q012,BIO26-L27,أحياء 3,التغذية,120,1,12,D,3,تجميعات الأحياء 2026 — مفتاح الإجابة في PDF p.120,SOURCE_ANSWER_STRIP_EMBEDDED_TEXT,PASS_SOURCE_KEY
TAH-BIO-BIO26-L27-Q013,BIO26-PDF120-L27-S1-Q013,BIO26-L27,أحياء 3,التغذية,120,1,13,C,2,تجميعات الأحياء 2026 — مفتاح الإجابة في PDF p.120,SOURCE_ANSWER_STRIP_EMBEDDED_TEXT,PASS_SOURCE_KEY
TAH-BIO-BIO26-L27-Q014,BIO26-PDF120-L27-S1-Q014,BIO26-L27,أحياء 3,التغذية,120,1,14,C,2,تجميعات الأحياء 2026 — مفتاح الإجابة في PDF p.120,SOURCE_ANSWER_STRIP_EMBEDDED_TEXT,PASS_SOURCE_KEY
TAH-BIO-BIO26-L27-Q015,BIO26-PDF120-L27-S1-Q015,BIO26-L27,أحياء 3,التغذية,120,1,15,A,0,تجميعات الأحياء 2026 — مفتاح الإجابة في PDF p.120,SOURCE_ANSWER_STRIP_EMBEDDED_TEXT,PASS_SOURCE_KEY
TAH-BIO-BIO26-L27-Q016,BIO26-PDF120-L27-S1-Q016,BIO26-L27,أحياء 3,التغذية,120,1,16,A,0,تجميعات الأحياء 2026 — مفتاح الإجابة في PDF p.120,SOURCE_ANSWER_STRIP_EMBEDDED_TEXT,PASS_SOURCE_KEY
TAH-BIO-BIO26-L27-Q017,BIO26-PDF120-L27-S1-Q017,BIO26-L27,أحياء 3,التغذية,120,1,17,D,3,تجميعات الأحياء 2026 — مفتاح الإجابة في PDF p.120,SOURCE_ANSWER_STRIP_EMBEDDED_TEXT,PASS_SOURCE_KEY
TAH-BIO-BIO26-L27-Q018,BIO26-PDF121-L27-S1-Q018,BIO26-L27,أحياء 3,التغذية,121,1,18,C,2,تجميعات الأحياء 2026 — مفتاح الإجابة في PDF p.121,SOURCE_ANSWER_STRIP_EMBEDDED_TEXT,PASS_SOURCE_KEY
TAH-BIO-BIO26-L27-Q019,BIO26-PDF121-L27-S1-Q019,BIO26-L27,أحياء 3,التغذية,121,1,19,B,1,تجميعات الأحياء 2026 — مفتاح الإجابة في PDF p.121,SOURCE_ANSWER_STRIP_EMBEDDED_TEXT,PASS_SOURCE_KEY
TAH-BIO-BIO26-L27-Q020,BIO26-PDF121-L27-S1-Q020,BIO26-L27,أحياء 3,التغذية,121,1,20,A,0,تجميعات الأحياء 2026 — مفتاح الإجابة في PDF p.121,SOURCE_ANSWER_STRIP_EMBEDDED_TEXT,PASS_SOURCE_KEY
TAH-BIO-BIO26-L27-Q021,BIO26-PDF121-L27-S1-Q021,BIO26-L27,أحياء 3,التغذية,121,1,21,D,3,تجميعات الأحياء 2026 — مفتاح الإجابة في PDF p.121,SOURCE_ANSWER_STRIP_EMBEDDED_TEXT,PASS_SOURCE_KEY
TAH-BIO-BIO26-L27-Q022,BIO26-PDF121-L27-S1-Q022,BIO26-L27,أحياء 3,التغذية,121,1,22,D,3,تجميعات الأحياء 2026 — مفتاح الإجابة في PDF p.121,SOURCE_ANSWER_STRIP_EMBEDDED_TEXT,PASS_SOURCE_KEY
TAH-BIO-BIO26-L27-Q023,BIO26-PDF121-L27-S1-Q023,BIO26-L27,أحياء 3,التغذية,121,1,23,B,1,تجميعات الأحياء 2026 — مفتاح الإجابة في PDF p.121,SOURCE_ANSWER_STRIP_EMBEDDED_TEXT,PASS_SOURCE_KEY
TAH-BIO-BIO26-L27-Q024,BIO26-PDF121-L27-S1-Q024,BIO26-L27,أحياء 3,التغذية,121,1,24,C,2,تجميعات الأحياء 2026 — مفتاح الإجابة في PDF p.121,SOURCE_ANSWER_STRIP_EMBEDDED_TEXT,PASS_SOURCE_KEY
TAH-BIO-BIO26-L27-Q025,BIO26-PDF121-L27-S1-Q025,BIO26-L27,أحياء 3,التغذية,121,1,25,A,0,تجميعات الأحياء 2026 — مفتاح الإجابة في PDF p.121,SOURCE_ANSWER_STRIP_EMBEDDED_TEXT,PASS_SOURCE_KEY
TAH-BIO-BIO26-L27-Q026,BIO26-PDF121-L27-S1-Q026,BIO26-L27,أحياء 3,التغذية,121,1,26,D,3,تجميعات الأحياء 2026 — مفتاح الإجابة في PDF p.121,SOURCE_ANSWER_STRIP_EMBEDDED_TEXT,PASS_SOURCE_KEY
TAH-BIO-BIO26-L27-Q027,BIO26-PDF121-L27-S1-Q027,BIO26-L27,أحياء 3,التغذية,121,1,27,D,3,تجميعات الأحياء 2026 — مفتاح الإجابة في PDF p.121,SOURCE_ANSWER_STRIP_EMBEDDED_TEXT,PASS_SOURCE_KEY
TAH-BIO-BIO26-L27-Q028,BIO26-PDF121-L27-S1-Q028,BIO26-L27,أحياء 3,التغذية,121,1,28,C,2,تجميعات الأحياء 2026 — مفتاح الإجابة في PDF p.121,SOURCE_ANSWER_STRIP_EMBEDDED_TEXT,PASS_SOURCE_KEY
TAH-BIO-BIO26-L27-Q029,BIO26-PDF121-L27-S1-Q029,BIO26-L27,أحياء 3,التغذية,121,1,29,B,1,تجميعات الأحياء 2026 — مفتاح الإجابة في PDF p.121,SOURCE_ANSWER_STRIP_EMBEDDED_TEXT,PASS_SOURCE_KEY
TAH-BIO-BIO26-L27-Q030,BIO26-PDF121-L27-S1-Q030,BIO26-L27,أحياء 3,التغذية,121,1,30,A,0,تجميعات الأحياء 2026 — مفتاح الإجابة في PDF p.121,SOURCE_ANSWER_STRIP_EMBEDDED_TEXT,PASS_SOURCE_KEY
TAH-BIO-BIO26-L27-Q031,BIO26-PDF121-L27-S1-Q031,BIO26-L27,أحياء 3,التغذية,121,1,31,A,0,تجميعات الأحياء 2026 — مفتاح الإجابة في PDF p.121,SOURCE_ANSWER_STRIP_EMBEDDED_TEXT,PASS_SOURCE_KEY
TAH-BIO-BIO26-L27-Q032,BIO26-PDF121-L27-S1-Q032,BIO26-L27,أحياء 3,التغذية,121,1,32,A,0,تجميعات الأحياء 2026 — مفتاح الإجابة في PDF p.121,SOURCE_ANSWER_STRIP_EMBEDDED_TEXT,PASS_SOURCE_KEY
TAH-BIO-BIO26-L27-Q033,BIO26-PDF121-L27-S1-Q033,BIO26-L27,أحياء 3,التغذية,121,1,33,D,3,تجميعات الأحياء 2026 — مفتاح الإجابة في PDF p.121,SOURCE_ANSWER_STRIP_EMBEDDED_TEXT,PASS_SOURCE_KEY
TAH-BIO-BIO26-L27-Q034,BIO26-PDF121-L27-S1-Q034,BIO26-L27,أحياء 3,التغذية,121,1,34,D,3,تجميعات الأحياء 2026 — مفتاح الإجابة في PDF p.121,SOURCE_ANSWER_STRIP_EMBEDDED_TEXT,PASS_SOURCE_KEY
TAH-BIO-BIO26-L27-Q035,BIO26-PDF121-L27-S1-Q035,BIO26-L27,أحياء 3,التغذية,121,1,35,A,0,تجميعات الأحياء 2026 — مفتاح الإجابة في PDF p.121,SOURCE_ANSWER_STRIP_EMBEDDED_TEXT,PASS_SOURCE_KEY
TAH-BIO-BIO26-L27-Q036,BIO26-PDF121-L27-S1-Q036,BIO26-L27,أحياء 3,التغذية,121,1,36,B,1,تجميعات الأحياء 2026 — مفتاح الإجابة في PDF p.121,SOURCE_ANSWER_STRIP_EMBEDDED_TEXT,PASS_SOURCE_KEY
TAH-BIO-BIO26-L27-Q037,BIO26-PDF122-L27-S1-Q037,BIO26-L27,أحياء 3,التغذية,122,1,37,C,2,تجميعات الأحياء 2026 — مفتاح الإجابة في PDF p.122,SOURCE_ANSWER_STRIP_EMBEDDED_TEXT,PASS_SOURCE_KEY
TAH-BIO-BIO26-L27-Q038,BIO26-PDF122-L27-S1-Q038,BIO26-L27,أحياء 3,التغذية,122,1,38,A,0,تجميعات الأحياء 2026 — مفتاح الإجابة في PDF p.122,SOURCE_ANSWER_STRIP_EMBEDDED_TEXT,PASS_SOURCE_KEY
TAH-BIO-BIO26-L27-Q039,BIO26-PDF122-L27-S1-Q039,BIO26-L27,أحياء 3,التغذية,122,1,39,C,2,تجميعات الأحياء 2026 — مفتاح الإجابة في PDF p.122,SOURCE_ANSWER_STRIP_EMBEDDED_TEXT,PASS_SOURCE_KEY
TAH-BIO-BIO26-L27-Q040,BIO26-PDF122-L27-S1-Q040,BIO26-L27,أحياء 3,التغذية,122,1,40,A,0,تجميعات الأحياء 2026 — مفتاح الإجابة في PDF p.122,SOURCE_ANSWER_STRIP_EMBEDDED_TEXT,PASS_SOURCE_KEY
TAH-BIO-BIO26-L27-Q041,BIO26-PDF123-L27-S2-Q041,BIO26-L27,أحياء 3,التغذية,123,2,41,A,0,تجميعات الأحياء 2026 — مفتاح الإجابة في PDF p.123,SOURCE_ANSWER_STRIP_EMBEDDED_TEXT,PASS_SOURCE_KEY
TAH-BIO-BIO26-L27-Q042,BIO26-PDF123-L27-S2-Q042,BIO26-L27,أحياء 3,التغذية,123,2,42,A,0,تجميعات الأحياء 2026 — مفتاح الإجابة في PDF p.123,SOURCE_ANSWER_STRIP_EMBEDDED_TEXT,PASS_SOURCE_KEY
TAH-BIO-BIO26-L27-Q043,BIO26-PDF123-L27-S2-Q043,BIO26-L27,أحياء 3,التغذية,123,2,43,A,0,تجميعات الأحياء 2026 — مفتاح الإجابة في PDF p.123,SOURCE_ANSWER_STRIP_EMBEDDED_TEXT,PASS_SOURCE_KEY
TAH-BIO-BIO26-L27-Q044,BIO26-PDF123-L27-S2-Q044,BIO26-L27,أحياء 3,التغذية,123,2,44,C,2,تجميعات الأحياء 2026 — مفتاح الإجابة في PDF p.123,SOURCE_ANSWER_STRIP_EMBEDDED_TEXT,PASS_SOURCE_KEY
TAH-BIO-BIO26-L27-Q045,BIO26-PDF123-L27-S2-Q045,BIO26-L27,أحياء 3,التغذية,123,2,45,C,2,تجميعات الأحياء 2026 — مفتاح الإجابة في PDF p.123,SOURCE_ANSWER_STRIP_EMBEDDED_TEXT,PASS_SOURCE_KEY
TAH-BIO-BIO26-L27-Q046,BIO26-PDF123-L27-S2-Q046,BIO26-L27,أحياء 3,التغذية,123,2,46,C,2,تجميعات الأحياء 2026 — مفتاح الإجابة في PDF p.123,SOURCE_ANSWER_STRIP_EMBEDDED_TEXT,PASS_SOURCE_KEY
TAH-BIO-BIO26-L27-Q047,BIO26-PDF123-L27-S2-Q047,BIO26-L27,أحياء 3,التغذية,123,2,47,C,2,تجميعات الأحياء 2026 — مفتاح الإجابة في PDF p.123,SOURCE_ANSWER_STRIP_EMBEDDED_TEXT,PASS_SOURCE_KEY
TAH-BIO-BIO26-L27-Q048,BIO26-PDF123-L27-S2-Q048,BIO26-L27,أحياء 3,التغذية,123,2,48,D,3,تجميعات الأحياء 2026 — مفتاح الإجابة في PDF p.123,SOURCE_ANSWER_STRIP_EMBEDDED_TEXT,PASS_SOURCE_KEY
TAH-BIO-BIO26-L27-Q049,BIO26-PDF123-L27-S2-Q049,BIO26-L27,أحياء 3,التغذية,123,2,49,D,3,تجميعات الأحياء 2026 — مفتاح الإجابة في PDF p.123,SOURCE_ANSWER_STRIP_EMBEDDED_TEXT,PASS_SOURCE_KEY
TAH-BIO-BIO26-L27-Q050,BIO26-PDF123-L27-S2-Q050,BIO26-L27,أحياء 3,التغذية,123,2,50,B,1,تجميعات الأحياء 2026 — مفتاح الإجابة في PDF p.123,SOURCE_ANSWER_STRIP_EMBEDDED_TEXT,PASS_SOURCE_KEY
TAH-BIO-BIO26-L27-Q051,BIO26-PDF123-L27-S2-Q051,BIO26-L27,أحياء 3,التغذية,123,2,51,C,2,تجميعات الأحياء 2026 — مفتاح الإجابة في PDF p.123,SOURCE_ANSWER_STRIP_EMBEDDED_TEXT,PASS_SOURCE_KEY
TAH-BIO-BIO26-L27-Q052,BIO26-PDF123-L27-S2-Q052,BIO26-L27,أحياء 3,التغذية,123,2,52,A,0,تجميعات الأحياء 2026 — مفتاح الإجابة في PDF p.123,SOURCE_ANSWER_STRIP_EMBEDDED_TEXT,PASS_SOURCE_KEY
TAH-BIO-BIO26-L27-Q053,BIO26-PDF123-L27-S2-Q053,BIO26-L27,أحياء 3,التغذية,123,2,53,A,0,تجميعات الأحياء 2026 — مفتاح الإجابة في PDF p.123,SOURCE_ANSWER_STRIP_EMBEDDED_TEXT,PASS_SOURCE_KEY
TAH-BIO-BIO26-L27-Q054,BIO26-PDF123-L27-S2-Q054,BIO26-L27,أحياء 3,التغذية,123,2,54,C,2,تجميعات الأحياء 2026 — مفتاح الإجابة في PDF p.123,SOURCE_ANSWER_STRIP_EMBEDDED_TEXT,PASS_SOURCE_KEY
TAH-BIO-BIO26-L27-Q055,BIO26-PDF123-L27-S2-Q055,BIO26-L27,أحياء 3,التغذية,123,2,55,C,2,تجميعات الأحياء 2026 — مفتاح الإجابة في PDF p.123,SOURCE_ANSWER_STRIP_EMBEDDED_TEXT,PASS_SOURCE_KEY
TAH-BIO-BIO26-L27-Q056,BIO26-PDF123-L27-S2-Q056,BIO26-L27,أحياء 3,التغذية,123,2,56,C,2,تجميعات الأحياء 2026 — مفتاح الإجابة في PDF p.123,SOURCE_ANSWER_STRIP_EMBEDDED_TEXT,PASS_SOURCE_KEY
TAH-BIO-BIO26-L27-Q057,BIO26-PDF123-L27-S2-Q057,BIO26-L27,أحياء 3,التغذية,123,2,57,B,1,تجميعات الأحياء 2026 — مفتاح الإجابة في PDF p.123,SOURCE_ANSWER_STRIP_EMBEDDED_TEXT,PASS_SOURCE_KEY
TAH-BIO-BIO26-L27-Q058,BIO26-PDF123-L27-S2-Q058,BIO26-L27,أحياء 3,التغذية,123,2,58,A,0,تجميعات الأحياء 2026 — مفتاح الإجابة في PDF p.123,SOURCE_ANSWER_STRIP_EMBEDDED_TEXT,PASS_SOURCE_KEY
TAH-BIO-BIO26-L27-Q059,BIO26-PDF124-L27-S2-Q059,BIO26-L27,أحياء 3,التغذية,124,2,59,B,1,تجميعات الأحياء 2026 — مفتاح الإجابة في PDF p.124,SOURCE_ANSWER_STRIP_EMBEDDED_TEXT,PASS_SOURCE_KEY
TAH-BIO-BIO26-L27-Q060,BIO26-PDF124-L27-S2-Q060,BIO26-L27,أحياء 3,التغذية,124,2,60,A,0,تجميعات الأحياء 2026 — مفتاح الإجابة في PDF p.124,SOURCE_ANSWER_STRIP_EMBEDDED_TEXT,PASS_SOURCE_KEY
TAH-BIO-BIO26-L27-Q061,BIO26-PDF124-L27-S2-Q061,BIO26-L27,أحياء 3,التغذية,124,2,61,D,3,تجميعات الأحياء 2026 — مفتاح الإجابة في PDF p.124,SOURCE_ANSWER_STRIP_EMBEDDED_TEXT,PASS_SOURCE_KEY
TAH-BIO-BIO26-L27-Q062,BIO26-PDF124-L27-S2-Q062,BIO26-L27,أحياء 3,التغذية,124,2,62,B,1,تجميعات الأحياء 2026 — مفتاح الإجابة في PDF p.124,SOURCE_ANSWER_STRIP_EMBEDDED_TEXT,PASS_SOURCE_KEY
TAH-BIO-BIO26-L27-Q063,BIO26-PDF124-L27-S2-Q063,BIO26-L27,أحياء 3,التغذية,124,2,63,A,0,تجميعات الأحياء 2026 — مفتاح الإجابة في PDF p.124,SOURCE_ANSWER_STRIP_EMBEDDED_TEXT,PASS_SOURCE_KEY
TAH-BIO-BIO26-L27-Q064,BIO26-PDF124-L27-S2-Q064,BIO26-L27,أحياء 3,التغذية,124,2,64,A,0,تجميعات الأحياء 2026 — مفتاح الإجابة في PDF p.124,SOURCE_ANSWER_STRIP_EMBEDDED_TEXT,PASS_SOURCE_KEY
TAH-BIO-BIO26-L27-Q065,BIO26-PDF124-L27-S2-Q065,BIO26-L27,أحياء 3,التغذية,124,2,65,C,2,تجميعات الأحياء 2026 — مفتاح الإجابة في PDF p.124,SOURCE_ANSWER_STRIP_EMBEDDED_TEXT,PASS_SOURCE_KEY
TAH-BIO-BIO26-L27-Q066,BIO26-PDF124-L27-S2-Q066,BIO26-L27,أحياء 3,التغذية,124,2,66,B,1,تجميعات الأحياء 2026 — مفتاح الإجابة في PDF p.124,SOURCE_ANSWER_STRIP_EMBEDDED_TEXT,PASS_SOURCE_KEY
TAH-BIO-BIO26-L27-Q067,BIO26-PDF124-L27-S2-Q067,BIO26-L27,أحياء 3,التغذية,124,2,67,A,0,تجميعات الأحياء 2026 — مفتاح الإجابة في PDF p.124,SOURCE_ANSWER_STRIP_EMBEDDED_TEXT,PASS_SOURCE_KEY
TAH-BIO-BIO26-L27-Q068,BIO26-PDF124-L27-S2-Q068,BIO26-L27,أحياء 3,التغذية,124,2,68,C,2,تجميعات الأحياء 2026 — مفتاح الإجابة في PDF p.124,SOURCE_ANSWER_STRIP_EMBEDDED_TEXT,PASS_SOURCE_KEY
TAH-BIO-BIO26-L27-Q069,BIO26-PDF124-L27-S2-Q069,BIO26-L27,أحياء 3,التغذية,124,2,69,B,1,تجميعات الأحياء 2026 — مفتاح الإجابة في PDF p.124,SOURCE_ANSWER_STRIP_EMBEDDED_TEXT,PASS_SOURCE_KEY
TAH-BIO-BIO26-L27-Q070,BIO26-PDF124-L27-S2-Q070,BIO26-L27,أحياء 3,التغذية,124,2,70,B,1,تجميعات الأحياء 2026 — مفتاح الإجابة في PDF p.124,SOURCE_ANSWER_STRIP_EMBEDDED_TEXT,PASS_SOURCE_KEY
TAH-BIO-BIO26-L27-Q071,BIO26-PDF124-L27-S2-Q071,BIO26-L27,أحياء 3,التغذية,124,2,71,B,1,تجميعات الأحياء 2026 — مفتاح الإجابة في PDF p.124,SOURCE_ANSWER_STRIP_EMBEDDED_TEXT,PASS_SOURCE_KEY
TAH-BIO-BIO26-L27-Q072,BIO26-PDF124-L27-S2-Q072,BIO26-L27,أحياء 3,التغذية,124,2,72,A,0,تجميعات الأحياء 2026 — مفتاح الإجابة في PDF p.124,SOURCE_ANSWER_STRIP_EMBEDDED_TEXT,PASS_SOURCE_KEY
TAH-BIO-BIO26-L27-Q073,BIO26-PDF124-L27-S2-Q073,BIO26-L27,أحياء 3,التغذية,124,2,73,B,1,تجميعات الأحياء 2026 — مفتاح الإجابة في PDF p.124,SOURCE_ANSWER_STRIP_EMBEDDED_TEXT,PASS_SOURCE_KEY
TAH-BIO-BIO26-L28-Q001,BIO26-PDF125-L28-S1-Q001,BIO26-L28,أحياء 3,جهاز الغدد الصم,125,1,1,B,1,تجميعات الأحياء 2026 — مفتاح الإجابة في PDF p.125,SOURCE_ANSWER_STRIP_EMBEDDED_TEXT,PASS_SOURCE_KEY
TAH-BIO-BIO26-L28-Q002,BIO26-PDF125-L28-S1-Q002,BIO26-L28,أحياء 3,جهاز الغدد الصم,125,1,2,C,2,تجميعات الأحياء 2026 — مفتاح الإجابة في PDF p.125,SOURCE_ANSWER_STRIP_EMBEDDED_TEXT,PASS_SOURCE_KEY
TAH-BIO-BIO26-L28-Q003,BIO26-PDF125-L28-S1-Q003,BIO26-L28,أحياء 3,جهاز الغدد الصم,125,1,3,C,2,تجميعات الأحياء 2026 — مفتاح الإجابة في PDF p.125,SOURCE_ANSWER_STRIP_EMBEDDED_TEXT,PASS_SOURCE_KEY
TAH-BIO-BIO26-L28-Q004,BIO26-PDF125-L28-S1-Q004,BIO26-L28,أحياء 3,جهاز الغدد الصم,125,1,4,A,0,تجميعات الأحياء 2026 — مفتاح الإجابة في PDF p.125,SOURCE_ANSWER_STRIP_EMBEDDED_TEXT,PASS_SOURCE_KEY
TAH-BIO-BIO26-L28-Q005,BIO26-PDF125-L28-S1-Q005,BIO26-L28,أحياء 3,جهاز الغدد الصم,125,1,5,D,3,تجميعات الأحياء 2026 — مفتاح الإجابة في PDF p.125,SOURCE_ANSWER_STRIP_EMBEDDED_TEXT,PASS_SOURCE_KEY
TAH-BIO-BIO26-L28-Q006,BIO26-PDF125-L28-S1-Q006,BIO26-L28,أحياء 3,جهاز الغدد الصم,125,1,6,A,0,تجميعات الأحياء 2026 — مفتاح الإجابة في PDF p.125,SOURCE_ANSWER_STRIP_EMBEDDED_TEXT,PASS_SOURCE_KEY
TAH-BIO-BIO26-L28-Q007,BIO26-PDF125-L28-S1-Q007,BIO26-L28,أحياء 3,جهاز الغدد الصم,125,1,7,D,3,تجميعات الأحياء 2026 — مفتاح الإجابة في PDF p.125,SOURCE_ANSWER_STRIP_EMBEDDED_TEXT,PASS_SOURCE_KEY
TAH-BIO-BIO26-L28-Q008,BIO26-PDF125-L28-S1-Q008,BIO26-L28,أحياء 3,جهاز الغدد الصم,125,1,8,D,3,تجميعات الأحياء 2026 — مفتاح الإجابة في PDF p.125,SOURCE_ANSWER_STRIP_EMBEDDED_TEXT,PASS_SOURCE_KEY
TAH-BIO-BIO26-L28-Q009,BIO26-PDF125-L28-S1-Q009,BIO26-L28,أحياء 3,جهاز الغدد الصم,125,1,9,B,1,تجميعات الأحياء 2026 — مفتاح الإجابة في PDF p.125,SOURCE_ANSWER_STRIP_EMBEDDED_TEXT,PASS_SOURCE_KEY
TAH-BIO-BIO26-L28-Q010,BIO26-PDF125-L28-S1-Q010,BIO26-L28,أحياء 3,جهاز الغدد الصم,125,1,10,B,1,تجميعات الأحياء 2026 — مفتاح الإجابة في PDF p.125,SOURCE_ANSWER_STRIP_EMBEDDED_TEXT,PASS_SOURCE_KEY
TAH-BIO-BIO26-L28-Q011,BIO26-PDF125-L28-S1-Q011,BIO26-L28,أحياء 3,جهاز الغدد الصم,125,1,11,C,2,تجميعات الأحياء 2026 — مفتاح الإجابة في PDF p.125,SOURCE_ANSWER_STRIP_EMBEDDED_TEXT,PASS_SOURCE_KEY
TAH-BIO-BIO26-L28-Q012,BIO26-PDF125-L28-S1-Q012,BIO26-L28,أحياء 3,جهاز الغدد الصم,125,1,12,B,1,تجميعات الأحياء 2026 — مفتاح الإجابة في PDF p.125,SOURCE_ANSWER_STRIP_EMBEDDED_TEXT,PASS_SOURCE_KEY
TAH-BIO-BIO26-L28-Q013,BIO26-PDF125-L28-S1-Q013,BIO26-L28,أحياء 3,جهاز الغدد الصم,125,1,13,B,1,تجميعات الأحياء 2026 — مفتاح الإجابة في PDF p.125,SOURCE_ANSWER_STRIP_EMBEDDED_TEXT,PASS_SOURCE_KEY
TAH-BIO-BIO26-L28-Q014,BIO26-PDF125-L28-S1-Q014,BIO26-L28,أحياء 3,جهاز الغدد الصم,125,1,14,B,1,تجميعات الأحياء 2026 — مفتاح الإجابة في PDF p.125,SOURCE_ANSWER_STRIP_EMBEDDED_TEXT,PASS_SOURCE_KEY
TAH-BIO-BIO26-L28-Q015,BIO26-PDF125-L28-S1-Q015,BIO26-L28,أحياء 3,جهاز الغدد الصم,125,1,15,B,1,تجميعات الأحياء 2026 — مفتاح الإجابة في PDF p.125,SOURCE_ANSWER_STRIP_EMBEDDED_TEXT,PASS_SOURCE_KEY
TAH-BIO-BIO26-L28-Q016,BIO26-PDF125-L28-S1-Q016,BIO26-L28,أحياء 3,جهاز الغدد الصم,125,1,16,B,1,تجميعات الأحياء 2026 — مفتاح الإجابة في PDF p.125,SOURCE_ANSWER_STRIP_EMBEDDED_TEXT,PASS_SOURCE_KEY
TAH-BIO-BIO26-L28-Q017,BIO26-PDF126-L28-S1-Q017,BIO26-L28,أحياء 3,جهاز الغدد الصم,126,1,17,A,0,تجميعات الأحياء 2026 — مفتاح الإجابة في PDF p.126,SOURCE_ANSWER_STRIP_EMBEDDED_TEXT,PASS_SOURCE_KEY
TAH-BIO-BIO26-L28-Q018,BIO26-PDF126-L28-S1-Q018,BIO26-L28,أحياء 3,جهاز الغدد الصم,126,1,18,A,0,تجميعات الأحياء 2026 — مفتاح الإجابة في PDF p.126,SOURCE_ANSWER_STRIP_EMBEDDED_TEXT,PASS_SOURCE_KEY
TAH-BIO-BIO26-L28-Q019,BIO26-PDF126-L28-S1-Q019,BIO26-L28,أحياء 3,جهاز الغدد الصم,126,1,19,D,3,تجميعات الأحياء 2026 — مفتاح الإجابة في PDF p.126,SOURCE_ANSWER_STRIP_EMBEDDED_TEXT,PASS_SOURCE_KEY
TAH-BIO-BIO26-L28-Q020,BIO26-PDF126-L28-S1-Q020,BIO26-L28,أحياء 3,جهاز الغدد الصم,126,1,20,C,2,تجميعات الأحياء 2026 — مفتاح الإجابة في PDF p.126,SOURCE_ANSWER_STRIP_EMBEDDED_TEXT,PASS_SOURCE_KEY
TAH-BIO-BIO26-L28-Q021,BIO26-PDF126-L28-S1-Q021,BIO26-L28,أحياء 3,جهاز الغدد الصم,126,1,21,B,1,تجميعات الأحياء 2026 — مفتاح الإجابة في PDF p.126,SOURCE_ANSWER_STRIP_EMBEDDED_TEXT,PASS_SOURCE_KEY
TAH-BIO-BIO26-L28-Q022,BIO26-PDF126-L28-S1-Q022,BIO26-L28,أحياء 3,جهاز الغدد الصم,126,1,22,B,1,تجميعات الأحياء 2026 — مفتاح الإجابة في PDF p.126,SOURCE_ANSWER_STRIP_EMBEDDED_TEXT,PASS_SOURCE_KEY
TAH-BIO-BIO26-L28-Q023,BIO26-PDF126-L28-S1-Q023,BIO26-L28,أحياء 3,جهاز الغدد الصم,126,1,23,A,0,تجميعات الأحياء 2026 — مفتاح الإجابة في PDF p.126,SOURCE_ANSWER_STRIP_EMBEDDED_TEXT,PASS_SOURCE_KEY
TAH-BIO-BIO26-L28-Q024,BIO26-PDF126-L28-S1-Q024,BIO26-L28,أحياء 3,جهاز الغدد الصم,126,1,24,A,0,تجميعات الأحياء 2026 — مفتاح الإجابة في PDF p.126,SOURCE_ANSWER_STRIP_EMBEDDED_TEXT,PASS_SOURCE_KEY
TAH-BIO-BIO26-L28-Q025,BIO26-PDF126-L28-S1-Q025,BIO26-L28,أحياء 3,جهاز الغدد الصم,126,1,25,A,0,تجميعات الأحياء 2026 — مفتاح الإجابة في PDF p.126,SOURCE_ANSWER_STRIP_EMBEDDED_TEXT,PASS_SOURCE_KEY
TAH-BIO-BIO26-L28-Q026,BIO26-PDF126-L28-S1-Q026,BIO26-L28,أحياء 3,جهاز الغدد الصم,126,1,26,C,2,تجميعات الأحياء 2026 — مفتاح الإجابة في PDF p.126,SOURCE_ANSWER_STRIP_EMBEDDED_TEXT,PASS_SOURCE_KEY
TAH-BIO-BIO26-L28-Q027,BIO26-PDF126-L28-S1-Q027,BIO26-L28,أحياء 3,جهاز الغدد الصم,126,1,27,A,0,تجميعات الأحياء 2026 — مفتاح الإجابة في PDF p.126,SOURCE_ANSWER_STRIP_EMBEDDED_TEXT,PASS_SOURCE_KEY
TAH-BIO-BIO26-L28-Q028,BIO26-PDF126-L28-S1-Q028,BIO26-L28,أحياء 3,جهاز الغدد الصم,126,1,28,B,1,تجميعات الأحياء 2026 — مفتاح الإجابة في PDF p.126,SOURCE_ANSWER_STRIP_EMBEDDED_TEXT,PASS_SOURCE_KEY
TAH-BIO-BIO26-L28-Q029,BIO26-PDF126-L28-S1-Q029,BIO26-L28,أحياء 3,جهاز الغدد الصم,126,1,29,B,1,تجميعات الأحياء 2026 — مفتاح الإجابة في PDF p.126,SOURCE_ANSWER_STRIP_EMBEDDED_TEXT,PASS_SOURCE_KEY
TAH-BIO-BIO26-L28-Q030,BIO26-PDF126-L28-S1-Q030,BIO26-L28,أحياء 3,جهاز الغدد الصم,126,1,30,A,0,تجميعات الأحياء 2026 — مفتاح الإجابة في PDF p.126,SOURCE_ANSWER_STRIP_EMBEDDED_TEXT,PASS_SOURCE_KEY
TAH-BIO-BIO26-L28-Q031,BIO26-PDF127-L28-S1-Q031,BIO26-L28,أحياء 3,جهاز الغدد الصم,127,1,31,C,2,تجميعات الأحياء 2026 — مفتاح الإجابة في PDF p.127,SOURCE_ANSWER_STRIP_EMBEDDED_TEXT,PASS_SOURCE_KEY
TAH-BIO-BIO26-L28-Q032,BIO26-PDF127-L28-S1-Q032,BIO26-L28,أحياء 3,جهاز الغدد الصم,127,1,32,B,1,تجميعات الأحياء 2026 — مفتاح الإجابة في PDF p.127,SOURCE_ANSWER_STRIP_EMBEDDED_TEXT,PASS_SOURCE_KEY
TAH-BIO-BIO26-L28-Q033,BIO26-PDF127-L28-S1-Q033,BIO26-L28,أحياء 3,جهاز الغدد الصم,127,1,33,C,2,تجميعات الأحياء 2026 — مفتاح الإجابة في PDF p.127,SOURCE_ANSWER_STRIP_EMBEDDED_TEXT,PASS_SOURCE_KEY
TAH-BIO-BIO26-L28-Q034,BIO26-PDF127-L28-S1-Q034,BIO26-L28,أحياء 3,جهاز الغدد الصم,127,1,34,A,0,تجميعات الأحياء 2026 — مفتاح الإجابة في PDF p.127,SOURCE_ANSWER_STRIP_EMBEDDED_TEXT,PASS_SOURCE_KEY
TAH-BIO-BIO26-L28-Q035,BIO26-PDF127-L28-S1-Q035,BIO26-L28,أحياء 3,جهاز الغدد الصم,127,1,35,B,1,تجميعات الأحياء 2026 — مفتاح الإجابة في PDF p.127,SOURCE_ANSWER_STRIP_EMBEDDED_TEXT,PASS_SOURCE_KEY
TAH-BIO-BIO26-L28-Q036,BIO26-PDF128-L28-S2-Q036,BIO26-L28,أحياء 3,جهاز الغدد الصم,128,2,36,A,0,تجميعات الأحياء 2026 — مفتاح الإجابة في PDF p.128,SOURCE_ANSWER_STRIP_EMBEDDED_TEXT,PASS_SOURCE_KEY
TAH-BIO-BIO26-L28-Q037,BIO26-PDF128-L28-S2-Q037,BIO26-L28,أحياء 3,جهاز الغدد الصم,128,2,37,B,1,تجميعات الأحياء 2026 — مفتاح الإجابة في PDF p.128,SOURCE_ANSWER_STRIP_EMBEDDED_TEXT,PASS_SOURCE_KEY
TAH-BIO-BIO26-L28-Q038,BIO26-PDF128-L28-S2-Q038,BIO26-L28,أحياء 3,جهاز الغدد الصم,128,2,38,B,1,تجميعات الأحياء 2026 — مفتاح الإجابة في PDF p.128,SOURCE_ANSWER_STRIP_EMBEDDED_TEXT,PASS_SOURCE_KEY
TAH-BIO-BIO26-L28-Q039,BIO26-PDF128-L28-S2-Q039,BIO26-L28,أحياء 3,جهاز الغدد الصم,128,2,39,C,2,تجميعات الأحياء 2026 — مفتاح الإجابة في PDF p.128,SOURCE_ANSWER_STRIP_EMBEDDED_TEXT,PASS_SOURCE_KEY
TAH-BIO-BIO26-L28-Q040,BIO26-PDF128-L28-S2-Q040,BIO26-L28,أحياء 3,جهاز الغدد الصم,128,2,40,D,3,تجميعات الأحياء 2026 — مفتاح الإجابة في PDF p.128,SOURCE_ANSWER_STRIP_EMBEDDED_TEXT,PASS_SOURCE_KEY
TAH-BIO-BIO26-L28-Q041,BIO26-PDF128-L28-S2-Q041,BIO26-L28,أحياء 3,جهاز الغدد الصم,128,2,41,B,1,تجميعات الأحياء 2026 — مفتاح الإجابة في PDF p.128,SOURCE_ANSWER_STRIP_EMBEDDED_TEXT,PASS_SOURCE_KEY
TAH-BIO-BIO26-L28-Q042,BIO26-PDF128-L28-S2-Q042,BIO26-L28,أحياء 3,جهاز الغدد الصم,128,2,42,D,3,تجميعات الأحياء 2026 — مفتاح الإجابة في PDF p.128,SOURCE_ANSWER_STRIP_EMBEDDED_TEXT,PASS_SOURCE_KEY
TAH-BIO-BIO26-L28-Q043,BIO26-PDF128-L28-S2-Q043,BIO26-L28,أحياء 3,جهاز الغدد الصم,128,2,43,A,0,تجميعات الأحياء 2026 — مفتاح الإجابة في PDF p.128,SOURCE_ANSWER_STRIP_EMBEDDED_TEXT,PASS_SOURCE_KEY
TAH-BIO-BIO26-L28-Q044,BIO26-PDF128-L28-S2-Q044,BIO26-L28,أحياء 3,جهاز الغدد الصم,128,2,44,A,0,تجميعات الأحياء 2026 — مفتاح الإجابة في PDF p.128,SOURCE_ANSWER_STRIP_EMBEDDED_TEXT,PASS_SOURCE_KEY
TAH-BIO-BIO26-L28-Q045,BIO26-PDF128-L28-S2-Q045,BIO26-L28,أحياء 3,جهاز الغدد الصم,128,2,45,B,1,تجميعات الأحياء 2026 — مفتاح الإجابة في PDF p.128,SOURCE_ANSWER_STRIP_EMBEDDED_TEXT,PASS_SOURCE_KEY
TAH-BIO-BIO26-L28-Q046,BIO26-PDF128-L28-S2-Q046,BIO26-L28,أحياء 3,جهاز الغدد الصم,128,2,46,B,1,تجميعات الأحياء 2026 — مفتاح الإجابة في PDF p.128,SOURCE_ANSWER_STRIP_EMBEDDED_TEXT,PASS_SOURCE_KEY
TAH-BIO-BIO26-L28-Q047,BIO26-PDF128-L28-S2-Q047,BIO26-L28,أحياء 3,جهاز الغدد الصم,128,2,47,C,2,تجميعات الأحياء 2026 — مفتاح الإجابة في PDF p.128,SOURCE_ANSWER_STRIP_EMBEDDED_TEXT,PASS_SOURCE_KEY
TAH-BIO-BIO26-L28-Q048,BIO26-PDF128-L28-S2-Q048,BIO26-L28,أحياء 3,جهاز الغدد الصم,128,2,48,D,3,تجميعات الأحياء 2026 — مفتاح الإجابة في PDF p.128,SOURCE_ANSWER_STRIP_EMBEDDED_TEXT,PASS_SOURCE_KEY
TAH-BIO-BIO26-L28-Q049,BIO26-PDF128-L28-S2-Q049,BIO26-L28,أحياء 3,جهاز الغدد الصم,128,2,49,B,1,تجميعات الأحياء 2026 — مفتاح الإجابة في PDF p.128,SOURCE_ANSWER_STRIP_EMBEDDED_TEXT,PASS_SOURCE_KEY
TAH-BIO-BIO26-L28-Q050,BIO26-PDF128-L28-S2-Q050,BIO26-L28,أحياء 3,جهاز الغدد الصم,128,2,50,A,0,تجميعات الأحياء 2026 — مفتاح الإجابة في PDF p.128,SOURCE_ANSWER_STRIP_EMBEDDED_TEXT,PASS_SOURCE_KEY
TAH-BIO-BIO26-L28-Q051,BIO26-PDF128-L28-S2-Q051,BIO26-L28,أحياء 3,جهاز الغدد الصم,128,2,51,C,2,تجميعات الأحياء 2026 — مفتاح الإجابة في PDF p.128,SOURCE_ANSWER_STRIP_EMBEDDED_TEXT,PASS_SOURCE_KEY
TAH-BIO-BIO26-L28-Q052,BIO26-PDF129-L28-S2-Q052,BIO26-L28,أحياء 3,جهاز الغدد الصم,129,2,52,C,2,تجميعات الأحياء 2026 — مفتاح الإجابة في PDF p.129,SOURCE_ANSWER_STRIP_EMBEDDED_TEXT,PASS_SOURCE_KEY
TAH-BIO-BIO26-L28-Q053,BIO26-PDF129-L28-S2-Q053,BIO26-L28,أحياء 3,جهاز الغدد الصم,129,2,53,B,1,تجميعات الأحياء 2026 — مفتاح الإجابة في PDF p.129,SOURCE_ANSWER_STRIP_EMBEDDED_TEXT,PASS_SOURCE_KEY
TAH-BIO-BIO26-L28-Q054,BIO26-PDF129-L28-S2-Q054,BIO26-L28,أحياء 3,جهاز الغدد الصم,129,2,54,D,3,تجميعات الأحياء 2026 — مفتاح الإجابة في PDF p.129,SOURCE_ANSWER_STRIP_EMBEDDED_TEXT,PASS_SOURCE_KEY
TAH-BIO-BIO26-L28-Q055,BIO26-PDF129-L28-S2-Q055,BIO26-L28,أحياء 3,جهاز الغدد الصم,129,2,55,C,2,تجميعات الأحياء 2026 — مفتاح الإجابة في PDF p.129,SOURCE_ANSWER_STRIP_EMBEDDED_TEXT,PASS_SOURCE_KEY
TAH-BIO-BIO26-L28-Q056,BIO26-PDF129-L28-S2-Q056,BIO26-L28,أحياء 3,جهاز الغدد الصم,129,2,56,A,0,تجميعات الأحياء 2026 — مفتاح الإجابة في PDF p.129,SOURCE_ANSWER_STRIP_EMBEDDED_TEXT,PASS_SOURCE_KEY
TAH-BIO-BIO26-L28-Q057,BIO26-PDF129-L28-S2-Q057,BIO26-L28,أحياء 3,جهاز الغدد الصم,129,2,57,C,2,تجميعات الأحياء 2026 — مفتاح الإجابة في PDF p.129,SOURCE_ANSWER_STRIP_EMBEDDED_TEXT,PASS_SOURCE_KEY
TAH-BIO-BIO26-L28-Q058,BIO26-PDF129-L28-S2-Q058,BIO26-L28,أحياء 3,جهاز الغدد الصم,129,2,58,A,0,تجميعات الأحياء 2026 — مفتاح الإجابة في PDF p.129,SOURCE_ANSWER_STRIP_EMBEDDED_TEXT,PASS_SOURCE_KEY
TAH-BIO-BIO26-L28-Q059,BIO26-PDF129-L28-S2-Q059,BIO26-L28,أحياء 3,جهاز الغدد الصم,129,2,59,D,3,تجميعات الأحياء 2026 — مفتاح الإجابة في PDF p.129,SOURCE_ANSWER_STRIP_EMBEDDED_TEXT,PASS_SOURCE_KEY
TAH-BIO-BIO26-L28-Q060,BIO26-PDF129-L28-S2-Q060,BIO26-L28,أحياء 3,جهاز الغدد الصم,129,2,60,A,0,تجميعات الأحياء 2026 — مفتاح الإجابة في PDF p.129,SOURCE_ANSWER_STRIP_EMBEDDED_TEXT,PASS_SOURCE_KEY
TAH-BIO-BIO26-L28-Q061,BIO26-PDF129-L28-S2-Q061,BIO26-L28,أحياء 3,جهاز الغدد الصم,129,2,61,C,2,تجميعات الأحياء 2026 — مفتاح الإجابة في PDF p.129,SOURCE_ANSWER_STRIP_EMBEDDED_TEXT,PASS_SOURCE_KEY
TAH-BIO-BIO26-L28-Q062,BIO26-PDF129-L28-S2-Q062,BIO26-L28,أحياء 3,جهاز الغدد الصم,129,2,62,C,2,تجميعات الأحياء 2026 — مفتاح الإجابة في PDF p.129,SOURCE_ANSWER_STRIP_EMBEDDED_TEXT,PASS_SOURCE_KEY
TAH-BIO-BIO26-L28-Q063,BIO26-PDF129-L28-S2-Q063,BIO26-L28,أحياء 3,جهاز الغدد الصم,129,2,63,A,0,تجميعات الأحياء 2026 — مفتاح الإجابة في PDF p.129,SOURCE_ANSWER_STRIP_EMBEDDED_TEXT,PASS_SOURCE_KEY
TAH-BIO-BIO26-L28-Q064,BIO26-PDF129-L28-S2-Q064,BIO26-L28,أحياء 3,جهاز الغدد الصم,129,2,64,A,0,تجميعات الأحياء 2026 — مفتاح الإجابة في PDF p.129,SOURCE_ANSWER_STRIP_EMBEDDED_TEXT,PASS_SOURCE_KEY
TAH-BIO-BIO26-L28-Q065,BIO26-PDF129-L28-S2-Q065,BIO26-L28,أحياء 3,جهاز الغدد الصم,129,2,65,C,2,تجميعات الأحياء 2026 — مفتاح الإجابة في PDF p.129,SOURCE_ANSWER_STRIP_EMBEDDED_TEXT,PASS_SOURCE_KEY
TAH-BIO-BIO26-L28-Q066,BIO26-PDF129-L28-S2-Q066,BIO26-L28,أحياء 3,جهاز الغدد الصم,129,2,66,A,0,تجميعات الأحياء 2026 — مفتاح الإجابة في PDF p.129,SOURCE_ANSWER_STRIP_EMBEDDED_TEXT,PASS_SOURCE_KEY
TAH-BIO-BIO26-L28-Q067,BIO26-PDF129-L28-S2-Q067,BIO26-L28,أحياء 3,جهاز الغدد الصم,129,2,67,C,2,تجميعات الأحياء 2026 — مفتاح الإجابة في PDF p.129,SOURCE_ANSWER_STRIP_EMBEDDED_TEXT,PASS_SOURCE_KEY
TAH-BIO-BIO26-L28-Q068,BIO26-PDF129-L28-S2-Q068,BIO26-L28,أحياء 3,جهاز الغدد الصم,129,2,68,B,1,تجميعات الأحياء 2026 — مفتاح الإجابة في PDF p.129,SOURCE_ANSWER_STRIP_EMBEDDED_TEXT,PASS_SOURCE_KEY
TAH-BIO-BIO26-L28-Q069,BIO26-PDF130-L28-S2-Q069,BIO26-L28,أحياء 3,جهاز الغدد الصم,130,2,69,A,0,تجميعات الأحياء 2026 — مفتاح الإجابة في PDF p.130,SOURCE_ANSWER_STRIP_EMBEDDED_TEXT,PASS_SOURCE_KEY
TAH-BIO-BIO26-L28-Q070,BIO26-PDF130-L28-S2-Q070,BIO26-L28,أحياء 3,جهاز الغدد الصم,130,2,70,A,0,تجميعات الأحياء 2026 — مفتاح الإجابة في PDF p.130,SOURCE_ANSWER_STRIP_EMBEDDED_TEXT,PASS_SOURCE_KEY
TAH-BIO-BIO26-L28-Q071,BIO26-PDF130-L28-S2-Q071,BIO26-L28,أحياء 3,جهاز الغدد الصم,130,2,71,C,2,تجميعات الأحياء 2026 — مفتاح الإجابة في PDF p.130,SOURCE_ANSWER_STRIP_EMBEDDED_TEXT,PASS_SOURCE_KEY
TAH-BIO-BIO26-L28-Q072,BIO26-PDF130-L28-S2-Q072,BIO26-L28,أحياء 3,جهاز الغدد الصم,130,2,72,B,1,تجميعات الأحياء 2026 — مفتاح الإجابة في PDF p.130,SOURCE_ANSWER_STRIP_EMBEDDED_TEXT,PASS_SOURCE_KEY
TAH-BIO-BIO26-L28-Q073,BIO26-PDF130-L28-S2-Q073,BIO26-L28,أحياء 3,جهاز الغدد الصم,130,2,73,C,2,تجميعات الأحياء 2026 — مفتاح الإجابة في PDF p.130,SOURCE_ANSWER_STRIP_EMBEDDED_TEXT,PASS_SOURCE_KEY
TAH-BIO-BIO26-L28-Q074,BIO26-PDF130-L28-S2-Q074,BIO26-L28,أحياء 3,جهاز الغدد الصم,130,2,74,B,1,تجميعات الأحياء 2026 — مفتاح الإجابة في PDF p.130,SOURCE_ANSWER_STRIP_EMBEDDED_TEXT,PASS_SOURCE_KEY
TAH-BIO-BIO26-L28-Q075,BIO26-PDF130-L28-S2-Q075,BIO26-L28,أحياء 3,جهاز الغدد الصم,130,2,75,C,2,تجميعات الأحياء 2026 — مفتاح الإجابة في PDF p.130,SOURCE_ANSWER_STRIP_EMBEDDED_TEXT,PASS_SOURCE_KEY
TAH-BIO-BIO26-L28-Q076,BIO26-PDF130-L28-S2-Q076,BIO26-L28,أحياء 3,جهاز الغدد الصم,130,2,76,A,0,تجميعات الأحياء 2026 — مفتاح الإجابة في PDF p.130,SOURCE_ANSWER_STRIP_EMBEDDED_TEXT,PASS_SOURCE_KEY
TAH-BIO-BIO26-L28-Q077,BIO26-PDF130-L28-S2-Q077,BIO26-L28,أحياء 3,جهاز الغدد الصم,130,2,77,B,1,تجميعات الأحياء 2026 — مفتاح الإجابة في PDF p.130,SOURCE_ANSWER_STRIP_EMBEDDED_TEXT,PASS_SOURCE_KEY
TAH-BIO-BIO26-L29-Q001,BIO26-PDF131-L29-S1-Q001,BIO26-L29,أحياء 3,جهاز التكاثر في الإنسان,131,1,1,C,2,تجميعات الأحياء 2026 — مفتاح الإجابة في PDF p.131,SOURCE_ANSWER_STRIP_EMBEDDED_TEXT,PASS_SOURCE_KEY
TAH-BIO-BIO26-L29-Q002,BIO26-PDF131-L29-S1-Q002,BIO26-L29,أحياء 3,جهاز التكاثر في الإنسان,131,1,2,D,3,تجميعات الأحياء 2026 — مفتاح الإجابة في PDF p.131,SOURCE_ANSWER_STRIP_EMBEDDED_TEXT,PASS_SOURCE_KEY
TAH-BIO-BIO26-L29-Q003,BIO26-PDF131-L29-S1-Q003,BIO26-L29,أحياء 3,جهاز التكاثر في الإنسان,131,1,3,A,0,تجميعات الأحياء 2026 — مفتاح الإجابة في PDF p.131,SOURCE_ANSWER_STRIP_EMBEDDED_TEXT,PASS_SOURCE_KEY
TAH-BIO-BIO26-L29-Q004,BIO26-PDF131-L29-S1-Q004,BIO26-L29,أحياء 3,جهاز التكاثر في الإنسان,131,1,4,C,2,تجميعات الأحياء 2026 — مفتاح الإجابة في PDF p.131,SOURCE_ANSWER_STRIP_EMBEDDED_TEXT,PASS_SOURCE_KEY
TAH-BIO-BIO26-L29-Q005,BIO26-PDF131-L29-S1-Q005,BIO26-L29,أحياء 3,جهاز التكاثر في الإنسان,131,1,5,A,0,تجميعات الأحياء 2026 — مفتاح الإجابة في PDF p.131,SOURCE_ANSWER_STRIP_EMBEDDED_TEXT,PASS_SOURCE_KEY
TAH-BIO-BIO26-L29-Q006,BIO26-PDF131-L29-S1-Q006,BIO26-L29,أحياء 3,جهاز التكاثر في الإنسان,131,1,6,D,3,تجميعات الأحياء 2026 — مفتاح الإجابة في PDF p.131,SOURCE_ANSWER_STRIP_EMBEDDED_TEXT,PASS_SOURCE_KEY
TAH-BIO-BIO26-L29-Q007,BIO26-PDF131-L29-S1-Q007,BIO26-L29,أحياء 3,جهاز التكاثر في الإنسان,131,1,7,B,1,تجميعات الأحياء 2026 — مفتاح الإجابة في PDF p.131,SOURCE_ANSWER_STRIP_EMBEDDED_TEXT,PASS_SOURCE_KEY
TAH-BIO-BIO26-L29-Q008,BIO26-PDF131-L29-S1-Q008,BIO26-L29,أحياء 3,جهاز التكاثر في الإنسان,131,1,8,C,2,تجميعات الأحياء 2026 — مفتاح الإجابة في PDF p.131,SOURCE_ANSWER_STRIP_EMBEDDED_TEXT,PASS_SOURCE_KEY
TAH-BIO-BIO26-L29-Q009,BIO26-PDF131-L29-S1-Q009,BIO26-L29,أحياء 3,جهاز التكاثر في الإنسان,131,1,9,D,3,تجميعات الأحياء 2026 — مفتاح الإجابة في PDF p.131,SOURCE_ANSWER_STRIP_EMBEDDED_TEXT,PASS_SOURCE_KEY
TAH-BIO-BIO26-L29-Q010,BIO26-PDF131-L29-S1-Q010,BIO26-L29,أحياء 3,جهاز التكاثر في الإنسان,131,1,10,D,3,تجميعات الأحياء 2026 — مفتاح الإجابة في PDF p.131,SOURCE_ANSWER_STRIP_EMBEDDED_TEXT,PASS_SOURCE_KEY
TAH-BIO-BIO26-L29-Q011,BIO26-PDF131-L29-S1-Q011,BIO26-L29,أحياء 3,جهاز التكاثر في الإنسان,131,1,11,C,2,تجميعات الأحياء 2026 — مفتاح الإجابة في PDF p.131,SOURCE_ANSWER_STRIP_EMBEDDED_TEXT,PASS_SOURCE_KEY
TAH-BIO-BIO26-L29-Q012,BIO26-PDF131-L29-S1-Q012,BIO26-L29,أحياء 3,جهاز التكاثر في الإنسان,131,1,12,A,0,تجميعات الأحياء 2026 — مفتاح الإجابة في PDF p.131,SOURCE_ANSWER_STRIP_EMBEDDED_TEXT,PASS_SOURCE_KEY
TAH-BIO-BIO26-L29-Q013,BIO26-PDF131-L29-S1-Q013,BIO26-L29,أحياء 3,جهاز التكاثر في الإنسان,131,1,13,A,0,تجميعات الأحياء 2026 — مفتاح الإجابة في PDF p.131,SOURCE_ANSWER_STRIP_EMBEDDED_TEXT,PASS_SOURCE_KEY
TAH-BIO-BIO26-L29-Q014,BIO26-PDF131-L29-S1-Q014,BIO26-L29,أحياء 3,جهاز التكاثر في الإنسان,131,1,14,D,3,تجميعات الأحياء 2026 — مفتاح الإجابة في PDF p.131,SOURCE_ANSWER_STRIP_EMBEDDED_TEXT,PASS_SOURCE_KEY
TAH-BIO-BIO26-L29-Q015,BIO26-PDF132-L29-S1-Q015,BIO26-L29,أحياء 3,جهاز التكاثر في الإنسان,132,1,15,C,2,تجميعات الأحياء 2026 — مفتاح الإجابة في PDF p.132,SOURCE_ANSWER_STRIP_EMBEDDED_TEXT,PASS_SOURCE_KEY
TAH-BIO-BIO26-L29-Q016,BIO26-PDF132-L29-S1-Q016,BIO26-L29,أحياء 3,جهاز التكاثر في الإنسان,132,1,16,A,0,تجميعات الأحياء 2026 — مفتاح الإجابة في PDF p.132,SOURCE_ANSWER_STRIP_EMBEDDED_TEXT,PASS_SOURCE_KEY
TAH-BIO-BIO26-L29-Q017,BIO26-PDF132-L29-S1-Q017,BIO26-L29,أحياء 3,جهاز التكاثر في الإنسان,132,1,17,B,1,تجميعات الأحياء 2026 — مفتاح الإجابة في PDF p.132,SOURCE_ANSWER_STRIP_EMBEDDED_TEXT,PASS_SOURCE_KEY
TAH-BIO-BIO26-L29-Q018,BIO26-PDF132-L29-S1-Q018,BIO26-L29,أحياء 3,جهاز التكاثر في الإنسان,132,1,18,A,0,تجميعات الأحياء 2026 — مفتاح الإجابة في PDF p.132,SOURCE_ANSWER_STRIP_EMBEDDED_TEXT,PASS_SOURCE_KEY
TAH-BIO-BIO26-L29-Q019,BIO26-PDF132-L29-S1-Q019,BIO26-L29,أحياء 3,جهاز التكاثر في الإنسان,132,1,19,D,3,تجميعات الأحياء 2026 — مفتاح الإجابة في PDF p.132,SOURCE_ANSWER_STRIP_EMBEDDED_TEXT,PASS_SOURCE_KEY
TAH-BIO-BIO26-L29-Q020,BIO26-PDF132-L29-S1-Q020,BIO26-L29,أحياء 3,جهاز التكاثر في الإنسان,132,1,20,B,1,تجميعات الأحياء 2026 — مفتاح الإجابة في PDF p.132,SOURCE_ANSWER_STRIP_EMBEDDED_TEXT,PASS_SOURCE_KEY
TAH-BIO-BIO26-L29-Q021,BIO26-PDF132-L29-S1-Q021,BIO26-L29,أحياء 3,جهاز التكاثر في الإنسان,132,1,21,B,1,تجميعات الأحياء 2026 — مفتاح الإجابة في PDF p.132,SOURCE_ANSWER_STRIP_EMBEDDED_TEXT,PASS_SOURCE_KEY
TAH-BIO-BIO26-L29-Q022,BIO26-PDF132-L29-S1-Q022,BIO26-L29,أحياء 3,جهاز التكاثر في الإنسان,132,1,22,A,0,تجميعات الأحياء 2026 — مفتاح الإجابة في PDF p.132,SOURCE_ANSWER_STRIP_EMBEDDED_TEXT,PASS_SOURCE_KEY
TAH-BIO-BIO26-L29-Q023,BIO26-PDF133-L29-S2-Q023,BIO26-L29,أحياء 3,جهاز التكاثر في الإنسان,133,2,23,C,2,تجميعات الأحياء 2026 — مفتاح الإجابة في PDF p.133,SOURCE_ANSWER_STRIP_EMBEDDED_TEXT,PASS_SOURCE_KEY
TAH-BIO-BIO26-L29-Q024,BIO26-PDF133-L29-S2-Q024,BIO26-L29,أحياء 3,جهاز التكاثر في الإنسان,133,2,24,D,3,تجميعات الأحياء 2026 — مفتاح الإجابة في PDF p.133,SOURCE_ANSWER_STRIP_EMBEDDED_TEXT,PASS_SOURCE_KEY
TAH-BIO-BIO26-L29-Q025,BIO26-PDF133-L29-S2-Q025,BIO26-L29,أحياء 3,جهاز التكاثر في الإنسان,133,2,25,A,0,تجميعات الأحياء 2026 — مفتاح الإجابة في PDF p.133,SOURCE_ANSWER_STRIP_EMBEDDED_TEXT,PASS_SOURCE_KEY
TAH-BIO-BIO26-L29-Q026,BIO26-PDF133-L29-S2-Q026,BIO26-L29,أحياء 3,جهاز التكاثر في الإنسان,133,2,26,A,0,تجميعات الأحياء 2026 — مفتاح الإجابة في PDF p.133,SOURCE_ANSWER_STRIP_EMBEDDED_TEXT,PASS_SOURCE_KEY
TAH-BIO-BIO26-L29-Q027,BIO26-PDF133-L29-S2-Q027,BIO26-L29,أحياء 3,جهاز التكاثر في الإنسان,133,2,27,A,0,تجميعات الأحياء 2026 — مفتاح الإجابة في PDF p.133,SOURCE_ANSWER_STRIP_EMBEDDED_TEXT,PASS_SOURCE_KEY
TAH-BIO-BIO26-L29-Q028,BIO26-PDF133-L29-S2-Q028,BIO26-L29,أحياء 3,جهاز التكاثر في الإنسان,133,2,28,C,2,تجميعات الأحياء 2026 — مفتاح الإجابة في PDF p.133,SOURCE_ANSWER_STRIP_EMBEDDED_TEXT,PASS_SOURCE_KEY
TAH-BIO-BIO26-L29-Q029,BIO26-PDF133-L29-S2-Q029,BIO26-L29,أحياء 3,جهاز التكاثر في الإنسان,133,2,29,B,1,تجميعات الأحياء 2026 — مفتاح الإجابة في PDF p.133,SOURCE_ANSWER_STRIP_EMBEDDED_TEXT,PASS_SOURCE_KEY
TAH-BIO-BIO26-L29-Q030,BIO26-PDF133-L29-S2-Q030,BIO26-L29,أحياء 3,جهاز التكاثر في الإنسان,133,2,30,A,0,تجميعات الأحياء 2026 — مفتاح الإجابة في PDF p.133,SOURCE_ANSWER_STRIP_EMBEDDED_TEXT,PASS_SOURCE_KEY
TAH-BIO-BIO26-L29-Q031,BIO26-PDF133-L29-S2-Q031,BIO26-L29,أحياء 3,جهاز التكاثر في الإنسان,133,2,31,B,1,تجميعات الأحياء 2026 — مفتاح الإجابة في PDF p.133,SOURCE_ANSWER_STRIP_EMBEDDED_TEXT,PASS_SOURCE_KEY
TAH-BIO-BIO26-L29-Q032,BIO26-PDF133-L29-S2-Q032,BIO26-L29,أحياء 3,جهاز التكاثر في الإنسان,133,2,32,D,3,تجميعات الأحياء 2026 — مفتاح الإجابة في PDF p.133,SOURCE_ANSWER_STRIP_EMBEDDED_TEXT,PASS_SOURCE_KEY
TAH-BIO-BIO26-L29-Q033,BIO26-PDF133-L29-S2-Q033,BIO26-L29,أحياء 3,جهاز التكاثر في الإنسان,133,2,33,C,2,تجميعات الأحياء 2026 — مفتاح الإجابة في PDF p.133,SOURCE_ANSWER_STRIP_EMBEDDED_TEXT,PASS_SOURCE_KEY
TAH-BIO-BIO26-L29-Q034,BIO26-PDF133-L29-S2-Q034,BIO26-L29,أحياء 3,جهاز التكاثر في الإنسان,133,2,34,A,0,تجميعات الأحياء 2026 — مفتاح الإجابة في PDF p.133,SOURCE_ANSWER_STRIP_EMBEDDED_TEXT,PASS_SOURCE_KEY
TAH-BIO-BIO26-L29-Q035,BIO26-PDF133-L29-S2-Q035,BIO26-L29,أحياء 3,جهاز التكاثر في الإنسان,133,2,35,A,0,تجميعات الأحياء 2026 — مفتاح الإجابة في PDF p.133,SOURCE_ANSWER_STRIP_EMBEDDED_TEXT,PASS_SOURCE_KEY
TAH-BIO-BIO26-L29-Q036,BIO26-PDF133-L29-S2-Q036,BIO26-L29,أحياء 3,جهاز التكاثر في الإنسان,133,2,36,B,1,تجميعات الأحياء 2026 — مفتاح الإجابة في PDF p.133,SOURCE_ANSWER_STRIP_EMBEDDED_TEXT,PASS_SOURCE_KEY
TAH-BIO-BIO26-L29-Q037,BIO26-PDF133-L29-S2-Q037,BIO26-L29,أحياء 3,جهاز التكاثر في الإنسان,133,2,37,D,3,تجميعات الأحياء 2026 — مفتاح الإجابة في PDF p.133,SOURCE_ANSWER_STRIP_EMBEDDED_TEXT,PASS_SOURCE_KEY
TAH-BIO-BIO26-L29-Q038,BIO26-PDF133-L29-S2-Q038,BIO26-L29,أحياء 3,جهاز التكاثر في الإنسان,133,2,38,D,3,تجميعات الأحياء 2026 — مفتاح الإجابة في PDF p.133,SOURCE_ANSWER_STRIP_EMBEDDED_TEXT,PASS_SOURCE_KEY
TAH-BIO-BIO26-L29-Q039,BIO26-PDF133-L29-S2-Q039,BIO26-L29,أحياء 3,جهاز التكاثر في الإنسان,133,2,39,D,3,تجميعات الأحياء 2026 — مفتاح الإجابة في PDF p.133,SOURCE_ANSWER_STRIP_EMBEDDED_TEXT,PASS_SOURCE_KEY
TAH-BIO-BIO26-L29-Q040,BIO26-PDF133-L29-S2-Q040,BIO26-L29,أحياء 3,جهاز التكاثر في الإنسان,133,2,40,B,1,تجميعات الأحياء 2026 — مفتاح الإجابة في PDF p.133,SOURCE_ANSWER_STRIP_EMBEDDED_TEXT,PASS_SOURCE_KEY
TAH-BIO-BIO26-L29-Q041,BIO26-PDF134-L29-S2-Q041,BIO26-L29,أحياء 3,جهاز التكاثر في الإنسان,134,2,41,A,0,تجميعات الأحياء 2026 — مفتاح الإجابة في PDF p.134,SOURCE_ANSWER_STRIP_EMBEDDED_TEXT,PASS_SOURCE_KEY
TAH-BIO-BIO26-L29-Q042,BIO26-PDF134-L29-S2-Q042,BIO26-L29,أحياء 3,جهاز التكاثر في الإنسان,134,2,42,A,0,تجميعات الأحياء 2026 — مفتاح الإجابة في PDF p.134,SOURCE_ANSWER_STRIP_EMBEDDED_TEXT,PASS_SOURCE_KEY
TAH-BIO-BIO26-L29-Q043,BIO26-PDF134-L29-S2-Q043,BIO26-L29,أحياء 3,جهاز التكاثر في الإنسان,134,2,43,B,1,تجميعات الأحياء 2026 — مفتاح الإجابة في PDF p.134,SOURCE_ANSWER_STRIP_EMBEDDED_TEXT,PASS_SOURCE_KEY
TAH-BIO-BIO26-L30-Q001,BIO26-PDF135-L30-S1-Q001,BIO26-L30,أحياء 3,مراحل نمو الجنين,135,1,1,A,0,تجميعات الأحياء 2026 — مفتاح الإجابة في PDF p.135,SOURCE_ANSWER_STRIP_EMBEDDED_TEXT,PASS_SOURCE_KEY
TAH-BIO-BIO26-L30-Q002,BIO26-PDF135-L30-S1-Q002,BIO26-L30,أحياء 3,مراحل نمو الجنين,135,1,2,D,3,تجميعات الأحياء 2026 — مفتاح الإجابة في PDF p.135,SOURCE_ANSWER_STRIP_EMBEDDED_TEXT,PASS_SOURCE_KEY
TAH-BIO-BIO26-L30-Q003,BIO26-PDF135-L30-S1-Q003,BIO26-L30,أحياء 3,مراحل نمو الجنين,135,1,3,D,3,تجميعات الأحياء 2026 — مفتاح الإجابة في PDF p.135,SOURCE_ANSWER_STRIP_EMBEDDED_TEXT,PASS_SOURCE_KEY
TAH-BIO-BIO26-L30-Q004,BIO26-PDF135-L30-S1-Q004,BIO26-L30,أحياء 3,مراحل نمو الجنين,135,1,4,B,1,تجميعات الأحياء 2026 — مفتاح الإجابة في PDF p.135,SOURCE_ANSWER_STRIP_EMBEDDED_TEXT,PASS_SOURCE_KEY
TAH-BIO-BIO26-L30-Q005,BIO26-PDF135-L30-S1-Q005,BIO26-L30,أحياء 3,مراحل نمو الجنين,135,1,5,A,0,تجميعات الأحياء 2026 — مفتاح الإجابة في PDF p.135,SOURCE_ANSWER_STRIP_EMBEDDED_TEXT,PASS_SOURCE_KEY
TAH-BIO-BIO26-L30-Q006,BIO26-PDF135-L30-S1-Q006,BIO26-L30,أحياء 3,مراحل نمو الجنين,135,1,6,B,1,تجميعات الأحياء 2026 — مفتاح الإجابة في PDF p.135,SOURCE_ANSWER_STRIP_EMBEDDED_TEXT,PASS_SOURCE_KEY
TAH-BIO-BIO26-L30-Q007,BIO26-PDF135-L30-S1-Q007,BIO26-L30,أحياء 3,مراحل نمو الجنين,135,1,7,A,0,تجميعات الأحياء 2026 — مفتاح الإجابة في PDF p.135,SOURCE_ANSWER_STRIP_EMBEDDED_TEXT,PASS_SOURCE_KEY
TAH-BIO-BIO26-L30-Q008,BIO26-PDF135-L30-S1-Q008,BIO26-L30,أحياء 3,مراحل نمو الجنين,135,1,8,D,3,تجميعات الأحياء 2026 — مفتاح الإجابة في PDF p.135,SOURCE_ANSWER_STRIP_EMBEDDED_TEXT,PASS_SOURCE_KEY
TAH-BIO-BIO26-L30-Q009,BIO26-PDF135-L30-S1-Q009,BIO26-L30,أحياء 3,مراحل نمو الجنين,135,1,9,B,1,تجميعات الأحياء 2026 — مفتاح الإجابة في PDF p.135,SOURCE_ANSWER_STRIP_EMBEDDED_TEXT,PASS_SOURCE_KEY
TAH-BIO-BIO26-L30-Q010,BIO26-PDF135-L30-S1-Q010,BIO26-L30,أحياء 3,مراحل نمو الجنين,135,1,10,D,3,تجميعات الأحياء 2026 — مفتاح الإجابة في PDF p.135,SOURCE_ANSWER_STRIP_EMBEDDED_TEXT,PASS_SOURCE_KEY
TAH-BIO-BIO26-L30-Q011,BIO26-PDF135-L30-S1-Q011,BIO26-L30,أحياء 3,مراحل نمو الجنين,135,1,11,B,1,تجميعات الأحياء 2026 — مفتاح الإجابة في PDF p.135,SOURCE_ANSWER_STRIP_EMBEDDED_TEXT,PASS_SOURCE_KEY
TAH-BIO-BIO26-L30-Q012,BIO26-PDF136-L30-S2-Q012,BIO26-L30,أحياء 3,مراحل نمو الجنين,136,2,12,B,1,تجميعات الأحياء 2026 — مفتاح الإجابة في PDF p.136,SOURCE_ANSWER_STRIP_EMBEDDED_TEXT,PASS_SOURCE_KEY
TAH-BIO-BIO26-L30-Q013,BIO26-PDF136-L30-S2-Q013,BIO26-L30,أحياء 3,مراحل نمو الجنين,136,2,13,C,2,تجميعات الأحياء 2026 — مفتاح الإجابة في PDF p.136,SOURCE_ANSWER_STRIP_EMBEDDED_TEXT,PASS_SOURCE_KEY
TAH-BIO-BIO26-L30-Q014,BIO26-PDF136-L30-S2-Q014,BIO26-L30,أحياء 3,مراحل نمو الجنين,136,2,14,A,0,تجميعات الأحياء 2026 — مفتاح الإجابة في PDF p.136,SOURCE_ANSWER_STRIP_EMBEDDED_TEXT,PASS_SOURCE_KEY
TAH-BIO-BIO26-L30-Q015,BIO26-PDF136-L30-S2-Q015,BIO26-L30,أحياء 3,مراحل نمو الجنين,136,2,15,D,3,تجميعات الأحياء 2026 — مفتاح الإجابة في PDF p.136,SOURCE_ANSWER_STRIP_EMBEDDED_TEXT,PASS_SOURCE_KEY
TAH-BIO-BIO26-L30-Q016,BIO26-PDF136-L30-S2-Q016,BIO26-L30,أحياء 3,مراحل نمو الجنين,136,2,16,A,0,تجميعات الأحياء 2026 — مفتاح الإجابة في PDF p.136,SOURCE_ANSWER_STRIP_EMBEDDED_TEXT,PASS_SOURCE_KEY
TAH-BIO-BIO26-L30-Q017,BIO26-PDF136-L30-S2-Q017,BIO26-L30,أحياء 3,مراحل نمو الجنين,136,2,17,C,2,تجميعات الأحياء 2026 — مفتاح الإجابة في PDF p.136,SOURCE_ANSWER_STRIP_EMBEDDED_TEXT,PASS_SOURCE_KEY
TAH-BIO-BIO26-L30-Q018,BIO26-PDF136-L30-S2-Q018,BIO26-L30,أحياء 3,مراحل نمو الجنين,136,2,18,A,0,تجميعات الأحياء 2026 — مفتاح الإجابة في PDF p.136,SOURCE_ANSWER_STRIP_EMBEDDED_TEXT,PASS_SOURCE_KEY
TAH-BIO-BIO26-L30-Q019,BIO26-PDF136-L30-S2-Q019,BIO26-L30,أحياء 3,مراحل نمو الجنين,136,2,19,D,3,تجميعات الأحياء 2026 — مفتاح الإجابة في PDF p.136,SOURCE_ANSWER_STRIP_EMBEDDED_TEXT,PASS_SOURCE_KEY
TAH-BIO-BIO26-L30-Q020,BIO26-PDF136-L30-S2-Q020,BIO26-L30,أحياء 3,مراحل نمو الجنين,136,2,20,B,1,تجميعات الأحياء 2026 — مفتاح الإجابة في PDF p.136,SOURCE_ANSWER_STRIP_EMBEDDED_TEXT,PASS_SOURCE_KEY
TAH-BIO-BIO26-L30-Q021,BIO26-PDF136-L30-S2-Q021,BIO26-L30,أحياء 3,مراحل نمو الجنين,136,2,21,B,1,تجميعات الأحياء 2026 — مفتاح الإجابة في PDF p.136,SOURCE_ANSWER_STRIP_EMBEDDED_TEXT,PASS_SOURCE_KEY
TAH-BIO-BIO26-L30-Q022,BIO26-PDF136-L30-S2-Q022,BIO26-L30,أحياء 3,مراحل نمو الجنين,136,2,22,B,1,تجميعات الأحياء 2026 — مفتاح الإجابة في PDF p.136,SOURCE_ANSWER_STRIP_EMBEDDED_TEXT,PASS_SOURCE_KEY
TAH-BIO-BIO26-L30-Q023,BIO26-PDF136-L30-S2-Q023,BIO26-L30,أحياء 3,مراحل نمو الجنين,136,2,23,D,3,تجميعات الأحياء 2026 — مفتاح الإجابة في PDF p.136,SOURCE_ANSWER_STRIP_EMBEDDED_TEXT,PASS_SOURCE_KEY
TAH-BIO-BIO26-L31-Q001,BIO26-PDF137-L31-S1-Q001,BIO26-L31,أحياء 3,الجهاز المناعي,137,1,1,A,0,تجميعات الأحياء 2026 — مفتاح الإجابة في PDF p.137,SOURCE_ANSWER_STRIP_EMBEDDED_TEXT,PASS_SOURCE_KEY
TAH-BIO-BIO26-L31-Q002,BIO26-PDF137-L31-S1-Q002,BIO26-L31,أحياء 3,الجهاز المناعي,137,1,2,D,3,تجميعات الأحياء 2026 — مفتاح الإجابة في PDF p.137,SOURCE_ANSWER_STRIP_EMBEDDED_TEXT,PASS_SOURCE_KEY
TAH-BIO-BIO26-L31-Q003,BIO26-PDF137-L31-S1-Q003,BIO26-L31,أحياء 3,الجهاز المناعي,137,1,3,B,1,تجميعات الأحياء 2026 — مفتاح الإجابة في PDF p.137,SOURCE_ANSWER_STRIP_EMBEDDED_TEXT,PASS_SOURCE_KEY
TAH-BIO-BIO26-L31-Q004,BIO26-PDF137-L31-S1-Q004,BIO26-L31,أحياء 3,الجهاز المناعي,137,1,4,A,0,تجميعات الأحياء 2026 — مفتاح الإجابة في PDF p.137,SOURCE_ANSWER_STRIP_EMBEDDED_TEXT,PASS_SOURCE_KEY
TAH-BIO-BIO26-L31-Q005,BIO26-PDF137-L31-S1-Q005,BIO26-L31,أحياء 3,الجهاز المناعي,137,1,5,D,3,تجميعات الأحياء 2026 — مفتاح الإجابة في PDF p.137,SOURCE_ANSWER_STRIP_EMBEDDED_TEXT,PASS_SOURCE_KEY
TAH-BIO-BIO26-L31-Q006,BIO26-PDF137-L31-S1-Q006,BIO26-L31,أحياء 3,الجهاز المناعي,137,1,6,B,1,تجميعات الأحياء 2026 — مفتاح الإجابة في PDF p.137,SOURCE_ANSWER_STRIP_EMBEDDED_TEXT,PASS_SOURCE_KEY
TAH-BIO-BIO26-L31-Q007,BIO26-PDF137-L31-S1-Q007,BIO26-L31,أحياء 3,الجهاز المناعي,137,1,7,C,2,تجميعات الأحياء 2026 — مفتاح الإجابة في PDF p.137,SOURCE_ANSWER_STRIP_EMBEDDED_TEXT,PASS_SOURCE_KEY
TAH-BIO-BIO26-L31-Q008,BIO26-PDF137-L31-S1-Q008,BIO26-L31,أحياء 3,الجهاز المناعي,137,1,8,A,0,تجميعات الأحياء 2026 — مفتاح الإجابة في PDF p.137,SOURCE_ANSWER_STRIP_EMBEDDED_TEXT,PASS_SOURCE_KEY
TAH-BIO-BIO26-L31-Q009,BIO26-PDF137-L31-S1-Q009,BIO26-L31,أحياء 3,الجهاز المناعي,137,1,9,B,1,تجميعات الأحياء 2026 — مفتاح الإجابة في PDF p.137,SOURCE_ANSWER_STRIP_EMBEDDED_TEXT,PASS_SOURCE_KEY
TAH-BIO-BIO26-L31-Q010,BIO26-PDF137-L31-S1-Q010,BIO26-L31,أحياء 3,الجهاز المناعي,137,1,10,D,3,تجميعات الأحياء 2026 — مفتاح الإجابة في PDF p.137,SOURCE_ANSWER_STRIP_EMBEDDED_TEXT,PASS_SOURCE_KEY
TAH-BIO-BIO26-L31-Q011,BIO26-PDF137-L31-S1-Q011,BIO26-L31,أحياء 3,الجهاز المناعي,137,1,11,A,0,تجميعات الأحياء 2026 — مفتاح الإجابة في PDF p.137,SOURCE_ANSWER_STRIP_EMBEDDED_TEXT,PASS_SOURCE_KEY
TAH-BIO-BIO26-L31-Q012,BIO26-PDF137-L31-S1-Q012,BIO26-L31,أحياء 3,الجهاز المناعي,137,1,12,C,2,تجميعات الأحياء 2026 — مفتاح الإجابة في PDF p.137,SOURCE_ANSWER_STRIP_EMBEDDED_TEXT,PASS_SOURCE_KEY
TAH-BIO-BIO26-L31-Q013,BIO26-PDF137-L31-S1-Q013,BIO26-L31,أحياء 3,الجهاز المناعي,137,1,13,B,1,تجميعات الأحياء 2026 — مفتاح الإجابة في PDF p.137,SOURCE_ANSWER_STRIP_EMBEDDED_TEXT,PASS_SOURCE_KEY
TAH-BIO-BIO26-L31-Q014,BIO26-PDF137-L31-S1-Q014,BIO26-L31,أحياء 3,الجهاز المناعي,137,1,14,A,0,تجميعات الأحياء 2026 — مفتاح الإجابة في PDF p.137,SOURCE_ANSWER_STRIP_EMBEDDED_TEXT,PASS_SOURCE_KEY
TAH-BIO-BIO26-L31-Q015,BIO26-PDF138-L31-S1-Q015,BIO26-L31,أحياء 3,الجهاز المناعي,138,1,15,A,0,تجميعات الأحياء 2026 — مفتاح الإجابة في PDF p.138,SOURCE_ANSWER_STRIP_EMBEDDED_TEXT,PASS_SOURCE_KEY
TAH-BIO-BIO26-L31-Q016,BIO26-PDF138-L31-S1-Q016,BIO26-L31,أحياء 3,الجهاز المناعي,138,1,16,A,0,تجميعات الأحياء 2026 — مفتاح الإجابة في PDF p.138,SOURCE_ANSWER_STRIP_EMBEDDED_TEXT,PASS_SOURCE_KEY
TAH-BIO-BIO26-L31-Q017,BIO26-PDF138-L31-S1-Q017,BIO26-L31,أحياء 3,الجهاز المناعي,138,1,17,C,2,تجميعات الأحياء 2026 — مفتاح الإجابة في PDF p.138,SOURCE_ANSWER_STRIP_EMBEDDED_TEXT,PASS_SOURCE_KEY
TAH-BIO-BIO26-L31-Q018,BIO26-PDF138-L31-S1-Q018,BIO26-L31,أحياء 3,الجهاز المناعي,138,1,18,D,3,تجميعات الأحياء 2026 — مفتاح الإجابة في PDF p.138,SOURCE_ANSWER_STRIP_EMBEDDED_TEXT,PASS_SOURCE_KEY
TAH-BIO-BIO26-L31-Q019,BIO26-PDF138-L31-S1-Q019,BIO26-L31,أحياء 3,الجهاز المناعي,138,1,19,D,3,تجميعات الأحياء 2026 — مفتاح الإجابة في PDF p.138,SOURCE_ANSWER_STRIP_EMBEDDED_TEXT,PASS_SOURCE_KEY
TAH-BIO-BIO26-L31-Q020,BIO26-PDF138-L31-S1-Q020,BIO26-L31,أحياء 3,الجهاز المناعي,138,1,20,D,3,تجميعات الأحياء 2026 — مفتاح الإجابة في PDF p.138,SOURCE_ANSWER_STRIP_EMBEDDED_TEXT,PASS_SOURCE_KEY
TAH-BIO-BIO26-L31-Q021,BIO26-PDF138-L31-S1-Q021,BIO26-L31,أحياء 3,الجهاز المناعي,138,1,21,B,1,تجميعات الأحياء 2026 — مفتاح الإجابة في PDF p.138,SOURCE_ANSWER_STRIP_EMBEDDED_TEXT,PASS_SOURCE_KEY
TAH-BIO-BIO26-L31-Q022,BIO26-PDF138-L31-S1-Q022,BIO26-L31,أحياء 3,الجهاز المناعي,138,1,22,D,3,تجميعات الأحياء 2026 — مفتاح الإجابة في PDF p.138,SOURCE_ANSWER_STRIP_EMBEDDED_TEXT,PASS_SOURCE_KEY
TAH-BIO-BIO26-L31-Q023,BIO26-PDF138-L31-S1-Q023,BIO26-L31,أحياء 3,الجهاز المناعي,138,1,23,A,0,تجميعات الأحياء 2026 — مفتاح الإجابة في PDF p.138,SOURCE_ANSWER_STRIP_EMBEDDED_TEXT,PASS_SOURCE_KEY
TAH-BIO-BIO26-L31-Q024,BIO26-PDF139-L31-S2-Q024,BIO26-L31,أحياء 3,الجهاز المناعي,139,2,24,B,1,تجميعات الأحياء 2026 — مفتاح الإجابة في PDF p.139,SOURCE_ANSWER_STRIP_EMBEDDED_TEXT,PASS_SOURCE_KEY
TAH-BIO-BIO26-L31-Q025,BIO26-PDF139-L31-S2-Q025,BIO26-L31,أحياء 3,الجهاز المناعي,139,2,25,A,0,تجميعات الأحياء 2026 — مفتاح الإجابة في PDF p.139,SOURCE_ANSWER_STRIP_EMBEDDED_TEXT,PASS_SOURCE_KEY
TAH-BIO-BIO26-L31-Q026,BIO26-PDF139-L31-S2-Q026,BIO26-L31,أحياء 3,الجهاز المناعي,139,2,26,C,2,تجميعات الأحياء 2026 — مفتاح الإجابة في PDF p.139,SOURCE_ANSWER_STRIP_EMBEDDED_TEXT,PASS_SOURCE_KEY
TAH-BIO-BIO26-L31-Q027,BIO26-PDF139-L31-S2-Q027,BIO26-L31,أحياء 3,الجهاز المناعي,139,2,27,A,0,تجميعات الأحياء 2026 — مفتاح الإجابة في PDF p.139,SOURCE_ANSWER_STRIP_EMBEDDED_TEXT,PASS_SOURCE_KEY
TAH-BIO-BIO26-L31-Q028,BIO26-PDF139-L31-S2-Q028,BIO26-L31,أحياء 3,الجهاز المناعي,139,2,28,D,3,تجميعات الأحياء 2026 — مفتاح الإجابة في PDF p.139,SOURCE_ANSWER_STRIP_EMBEDDED_TEXT,PASS_SOURCE_KEY
TAH-BIO-BIO26-L31-Q029,BIO26-PDF139-L31-S2-Q029,BIO26-L31,أحياء 3,الجهاز المناعي,139,2,29,D,3,تجميعات الأحياء 2026 — مفتاح الإجابة في PDF p.139,SOURCE_ANSWER_STRIP_EMBEDDED_TEXT,PASS_SOURCE_KEY
TAH-BIO-BIO26-L31-Q030,BIO26-PDF139-L31-S2-Q030,BIO26-L31,أحياء 3,الجهاز المناعي,139,2,30,C,2,تجميعات الأحياء 2026 — مفتاح الإجابة في PDF p.139,SOURCE_ANSWER_STRIP_EMBEDDED_TEXT,PASS_SOURCE_KEY
TAH-BIO-BIO26-L31-Q031,BIO26-PDF139-L31-S2-Q031,BIO26-L31,أحياء 3,الجهاز المناعي,139,2,31,D,3,تجميعات الأحياء 2026 — مفتاح الإجابة في PDF p.139,SOURCE_ANSWER_STRIP_EMBEDDED_TEXT,PASS_SOURCE_KEY
TAH-BIO-BIO26-L31-Q032,BIO26-PDF139-L31-S2-Q032,BIO26-L31,أحياء 3,الجهاز المناعي,139,2,32,D,3,تجميعات الأحياء 2026 — مفتاح الإجابة في PDF p.139,SOURCE_ANSWER_STRIP_EMBEDDED_TEXT,PASS_SOURCE_KEY
TAH-BIO-BIO26-L31-Q033,BIO26-PDF139-L31-S2-Q033,BIO26-L31,أحياء 3,الجهاز المناعي,139,2,33,C,2,تجميعات الأحياء 2026 — مفتاح الإجابة في PDF p.139,SOURCE_ANSWER_STRIP_EMBEDDED_TEXT,PASS_SOURCE_KEY
TAH-BIO-BIO26-L31-Q034,BIO26-PDF139-L31-S2-Q034,BIO26-L31,أحياء 3,الجهاز المناعي,139,2,34,B,1,تجميعات الأحياء 2026 — مفتاح الإجابة في PDF p.139,SOURCE_ANSWER_STRIP_EMBEDDED_TEXT,PASS_SOURCE_KEY
TAH-BIO-BIO26-L31-Q035,BIO26-PDF139-L31-S2-Q035,BIO26-L31,أحياء 3,الجهاز المناعي,139,2,35,B,1,تجميعات الأحياء 2026 — مفتاح الإجابة في PDF p.139,SOURCE_ANSWER_STRIP_EMBEDDED_TEXT,PASS_SOURCE_KEY
TAH-BIO-BIO26-L31-Q036,BIO26-PDF139-L31-S2-Q036,BIO26-L31,أحياء 3,الجهاز المناعي,139,2,36,B,1,تجميعات الأحياء 2026 — مفتاح الإجابة في PDF p.139,SOURCE_ANSWER_STRIP_EMBEDDED_TEXT,PASS_SOURCE_KEY
TAH-BIO-BIO26-L31-Q037,BIO26-PDF139-L31-S2-Q037,BIO26-L31,أحياء 3,الجهاز المناعي,139,2,37,B,1,تجميعات الأحياء 2026 — مفتاح الإجابة في PDF p.139,SOURCE_ANSWER_STRIP_EMBEDDED_TEXT,PASS_SOURCE_KEY
TAH-BIO-BIO26-L31-Q038,BIO26-PDF139-L31-S2-Q038,BIO26-L31,أحياء 3,الجهاز المناعي,139,2,38,A,0,تجميعات الأحياء 2026 — مفتاح الإجابة في PDF p.139,SOURCE_ANSWER_STRIP_EMBEDDED_TEXT,PASS_SOURCE_KEY
TAH-BIO-BIO26-L31-Q039,BIO26-PDF139-L31-S2-Q039,BIO26-L31,أحياء 3,الجهاز المناعي,139,2,39,A,0,تجميعات الأحياء 2026 — مفتاح الإجابة في PDF p.139,SOURCE_ANSWER_STRIP_EMBEDDED_TEXT,PASS_SOURCE_KEY
TAH-BIO-BIO26-L31-Q040,BIO26-PDF139-L31-S2-Q040,BIO26-L31,أحياء 3,الجهاز المناعي,139,2,40,C,2,تجميعات الأحياء 2026 — مفتاح الإجابة في PDF p.139,SOURCE_ANSWER_STRIP_EMBEDDED_TEXT,PASS_SOURCE_KEY
TAH-BIO-BIO26-L31-Q041,BIO26-PDF139-L31-S2-Q041,BIO26-L31,أحياء 3,الجهاز المناعي,139,2,41,B,1,تجميعات الأحياء 2026 — مفتاح الإجابة في PDF p.139,SOURCE_ANSWER_STRIP_EMBEDDED_TEXT,PASS_SOURCE_KEY
TAH-BIO-BIO26-L32-Q001,BIO26-PDF141-L32-S1-Q001,BIO26-L32,أحياء 4,التراكيب الخلوية,141,1,1,D,3,تجميعات الأحياء 2026 — مفتاح الإجابة في PDF p.141,SOURCE_ANSWER_STRIP_EMBEDDED_TEXT,PASS_SOURCE_KEY
TAH-BIO-BIO26-L32-Q002,BIO26-PDF141-L32-S1-Q002,BIO26-L32,أحياء 4,التراكيب الخلوية,141,1,2,B,1,تجميعات الأحياء 2026 — مفتاح الإجابة في PDF p.141,SOURCE_ANSWER_STRIP_EMBEDDED_TEXT,PASS_SOURCE_KEY
TAH-BIO-BIO26-L32-Q003,BIO26-PDF141-L32-S1-Q003,BIO26-L32,أحياء 4,التراكيب الخلوية,141,1,3,A,0,تجميعات الأحياء 2026 — مفتاح الإجابة في PDF p.141,SOURCE_ANSWER_STRIP_EMBEDDED_TEXT,PASS_SOURCE_KEY
TAH-BIO-BIO26-L32-Q004,BIO26-PDF141-L32-S1-Q004,BIO26-L32,أحياء 4,التراكيب الخلوية,141,1,4,A,0,تجميعات الأحياء 2026 — مفتاح الإجابة في PDF p.141,SOURCE_ANSWER_STRIP_EMBEDDED_TEXT,PASS_SOURCE_KEY
TAH-BIO-BIO26-L32-Q005,BIO26-PDF141-L32-S1-Q005,BIO26-L32,أحياء 4,التراكيب الخلوية,141,1,5,A,0,تجميعات الأحياء 2026 — مفتاح الإجابة في PDF p.141,SOURCE_ANSWER_STRIP_EMBEDDED_TEXT,PASS_SOURCE_KEY
TAH-BIO-BIO26-L32-Q006,BIO26-PDF141-L32-S1-Q006,BIO26-L32,أحياء 4,التراكيب الخلوية,141,1,6,D,3,تجميعات الأحياء 2026 — مفتاح الإجابة في PDF p.141,SOURCE_ANSWER_STRIP_EMBEDDED_TEXT,PASS_SOURCE_KEY
TAH-BIO-BIO26-L32-Q007,BIO26-PDF141-L32-S1-Q007,BIO26-L32,أحياء 4,التراكيب الخلوية,141,1,7,A,0,تجميعات الأحياء 2026 — مفتاح الإجابة في PDF p.141,SOURCE_ANSWER_STRIP_EMBEDDED_TEXT,PASS_SOURCE_KEY
TAH-BIO-BIO26-L32-Q008,BIO26-PDF141-L32-S1-Q008,BIO26-L32,أحياء 4,التراكيب الخلوية,141,1,8,D,3,تجميعات الأحياء 2026 — مفتاح الإجابة في PDF p.141,SOURCE_ANSWER_STRIP_EMBEDDED_TEXT,PASS_SOURCE_KEY
TAH-BIO-BIO26-L32-Q009,BIO26-PDF141-L32-S1-Q009,BIO26-L32,أحياء 4,التراكيب الخلوية,141,1,9,B,1,تجميعات الأحياء 2026 — مفتاح الإجابة في PDF p.141,SOURCE_ANSWER_STRIP_EMBEDDED_TEXT,PASS_SOURCE_KEY
TAH-BIO-BIO26-L32-Q010,BIO26-PDF141-L32-S1-Q010,BIO26-L32,أحياء 4,التراكيب الخلوية,141,1,10,A,0,تجميعات الأحياء 2026 — مفتاح الإجابة في PDF p.141,SOURCE_ANSWER_STRIP_EMBEDDED_TEXT,PASS_SOURCE_KEY
TAH-BIO-BIO26-L32-Q011,BIO26-PDF141-L32-S1-Q011,BIO26-L32,أحياء 4,التراكيب الخلوية,141,1,11,D,3,تجميعات الأحياء 2026 — مفتاح الإجابة في PDF p.141,SOURCE_ANSWER_STRIP_EMBEDDED_TEXT,PASS_SOURCE_KEY
TAH-BIO-BIO26-L32-Q012,BIO26-PDF141-L32-S1-Q012,BIO26-L32,أحياء 4,التراكيب الخلوية,141,1,12,B,1,تجميعات الأحياء 2026 — مفتاح الإجابة في PDF p.141,SOURCE_ANSWER_STRIP_EMBEDDED_TEXT,PASS_SOURCE_KEY
TAH-BIO-BIO26-L32-Q013,BIO26-PDF141-L32-S1-Q013,BIO26-L32,أحياء 4,التراكيب الخلوية,141,1,13,D,3,تجميعات الأحياء 2026 — مفتاح الإجابة في PDF p.141,SOURCE_ANSWER_STRIP_EMBEDDED_TEXT,PASS_SOURCE_KEY
TAH-BIO-BIO26-L32-Q014,BIO26-PDF141-L32-S1-Q014,BIO26-L32,أحياء 4,التراكيب الخلوية,141,1,14,C,2,تجميعات الأحياء 2026 — مفتاح الإجابة في PDF p.141,SOURCE_ANSWER_STRIP_EMBEDDED_TEXT,PASS_SOURCE_KEY
TAH-BIO-BIO26-L32-Q015,BIO26-PDF141-L32-S1-Q015,BIO26-L32,أحياء 4,التراكيب الخلوية,141,1,15,A,0,تجميعات الأحياء 2026 — مفتاح الإجابة في PDF p.141,SOURCE_ANSWER_STRIP_EMBEDDED_TEXT,PASS_SOURCE_KEY
TAH-BIO-BIO26-L32-Q016,BIO26-PDF141-L32-S1-Q016,BIO26-L32,أحياء 4,التراكيب الخلوية,141,1,16,D,3,تجميعات الأحياء 2026 — مفتاح الإجابة في PDF p.141,SOURCE_ANSWER_STRIP_EMBEDDED_TEXT,PASS_SOURCE_KEY
TAH-BIO-BIO26-L32-Q017,BIO26-PDF142-L32-S1-Q017,BIO26-L32,أحياء 4,التراكيب الخلوية,142,1,17,C,2,تجميعات الأحياء 2026 — مفتاح الإجابة في PDF p.142,SOURCE_ANSWER_STRIP_EMBEDDED_TEXT,PASS_SOURCE_KEY
TAH-BIO-BIO26-L32-Q018,BIO26-PDF142-L32-S1-Q018,BIO26-L32,أحياء 4,التراكيب الخلوية,142,1,18,A,0,تجميعات الأحياء 2026 — مفتاح الإجابة في PDF p.142,SOURCE_ANSWER_STRIP_EMBEDDED_TEXT,PASS_SOURCE_KEY
TAH-BIO-BIO26-L32-Q019,BIO26-PDF142-L32-S1-Q019,BIO26-L32,أحياء 4,التراكيب الخلوية,142,1,19,C,2,تجميعات الأحياء 2026 — مفتاح الإجابة في PDF p.142,SOURCE_ANSWER_STRIP_EMBEDDED_TEXT,PASS_SOURCE_KEY
TAH-BIO-BIO26-L32-Q020,BIO26-PDF142-L32-S1-Q020,BIO26-L32,أحياء 4,التراكيب الخلوية,142,1,20,C,2,تجميعات الأحياء 2026 — مفتاح الإجابة في PDF p.142,SOURCE_ANSWER_STRIP_EMBEDDED_TEXT,PASS_SOURCE_KEY
TAH-BIO-BIO26-L32-Q021,BIO26-PDF142-L32-S1-Q021,BIO26-L32,أحياء 4,التراكيب الخلوية,142,1,21,A,0,تجميعات الأحياء 2026 — مفتاح الإجابة في PDF p.142,SOURCE_ANSWER_STRIP_EMBEDDED_TEXT,PASS_SOURCE_KEY
TAH-BIO-BIO26-L32-Q022,BIO26-PDF142-L32-S1-Q022,BIO26-L32,أحياء 4,التراكيب الخلوية,142,1,22,C,2,تجميعات الأحياء 2026 — مفتاح الإجابة في PDF p.142,SOURCE_ANSWER_STRIP_EMBEDDED_TEXT,PASS_SOURCE_KEY
TAH-BIO-BIO26-L32-Q023,BIO26-PDF142-L32-S1-Q023,BIO26-L32,أحياء 4,التراكيب الخلوية,142,1,23,B,1,تجميعات الأحياء 2026 — مفتاح الإجابة في PDF p.142,SOURCE_ANSWER_STRIP_EMBEDDED_TEXT,PASS_SOURCE_KEY
TAH-BIO-BIO26-L32-Q024,BIO26-PDF142-L32-S1-Q024,BIO26-L32,أحياء 4,التراكيب الخلوية,142,1,24,C,2,تجميعات الأحياء 2026 — مفتاح الإجابة في PDF p.142,SOURCE_ANSWER_STRIP_EMBEDDED_TEXT,PASS_SOURCE_KEY
TAH-BIO-BIO26-L32-Q025,BIO26-PDF142-L32-S1-Q025,BIO26-L32,أحياء 4,التراكيب الخلوية,142,1,25,B,1,تجميعات الأحياء 2026 — مفتاح الإجابة في PDF p.142,SOURCE_ANSWER_STRIP_EMBEDDED_TEXT,PASS_SOURCE_KEY
TAH-BIO-BIO26-L32-Q026,BIO26-PDF142-L32-S1-Q026,BIO26-L32,أحياء 4,التراكيب الخلوية,142,1,26,B,1,تجميعات الأحياء 2026 — مفتاح الإجابة في PDF p.142,SOURCE_ANSWER_STRIP_EMBEDDED_TEXT,PASS_SOURCE_KEY
TAH-BIO-BIO26-L32-Q027,BIO26-PDF142-L32-S1-Q027,BIO26-L32,أحياء 4,التراكيب الخلوية,142,1,27,B,1,تجميعات الأحياء 2026 — مفتاح الإجابة في PDF p.142,SOURCE_ANSWER_STRIP_EMBEDDED_TEXT,PASS_SOURCE_KEY
TAH-BIO-BIO26-L32-Q028,BIO26-PDF142-L32-S1-Q028,BIO26-L32,أحياء 4,التراكيب الخلوية,142,1,28,D,3,تجميعات الأحياء 2026 — مفتاح الإجابة في PDF p.142,SOURCE_ANSWER_STRIP_EMBEDDED_TEXT,PASS_SOURCE_KEY
TAH-BIO-BIO26-L32-Q029,BIO26-PDF142-L32-S1-Q029,BIO26-L32,أحياء 4,التراكيب الخلوية,142,1,29,B,1,تجميعات الأحياء 2026 — مفتاح الإجابة في PDF p.142,SOURCE_ANSWER_STRIP_EMBEDDED_TEXT,PASS_SOURCE_KEY
TAH-BIO-BIO26-L32-Q030,BIO26-PDF142-L32-S1-Q030,BIO26-L32,أحياء 4,التراكيب الخلوية,142,1,30,B,1,تجميعات الأحياء 2026 — مفتاح الإجابة في PDF p.142,SOURCE_ANSWER_STRIP_EMBEDDED_TEXT,PASS_SOURCE_KEY
TAH-BIO-BIO26-L32-Q031,BIO26-PDF142-L32-S1-Q031,BIO26-L32,أحياء 4,التراكيب الخلوية,142,1,31,D,3,تجميعات الأحياء 2026 — مفتاح الإجابة في PDF p.142,SOURCE_ANSWER_STRIP_EMBEDDED_TEXT,PASS_SOURCE_KEY
TAH-BIO-BIO26-L32-Q032,BIO26-PDF142-L32-S1-Q032,BIO26-L32,أحياء 4,التراكيب الخلوية,142,1,32,A,0,تجميعات الأحياء 2026 — مفتاح الإجابة في PDF p.142,SOURCE_ANSWER_STRIP_EMBEDDED_TEXT,PASS_SOURCE_KEY
TAH-BIO-BIO26-L32-Q033,BIO26-PDF142-L32-S1-Q033,BIO26-L32,أحياء 4,التراكيب الخلوية,142,1,33,B,1,تجميعات الأحياء 2026 — مفتاح الإجابة في PDF p.142,SOURCE_ANSWER_STRIP_EMBEDDED_TEXT,PASS_SOURCE_KEY
TAH-BIO-BIO26-L32-Q034,BIO26-PDF143-L32-S1-Q034,BIO26-L32,أحياء 4,التراكيب الخلوية,143,1,34,C,2,تجميعات الأحياء 2026 — مفتاح الإجابة في PDF p.143,SOURCE_ANSWER_STRIP_EMBEDDED_TEXT,PASS_SOURCE_KEY
TAH-BIO-BIO26-L32-Q035,BIO26-PDF143-L32-S1-Q035,BIO26-L32,أحياء 4,التراكيب الخلوية,143,1,35,A,0,تجميعات الأحياء 2026 — مفتاح الإجابة في PDF p.143,SOURCE_ANSWER_STRIP_EMBEDDED_TEXT,PASS_SOURCE_KEY
TAH-BIO-BIO26-L32-Q036,BIO26-PDF143-L32-S1-Q036,BIO26-L32,أحياء 4,التراكيب الخلوية,143,1,36,A,0,تجميعات الأحياء 2026 — مفتاح الإجابة في PDF p.143,SOURCE_ANSWER_STRIP_EMBEDDED_TEXT,PASS_SOURCE_KEY
TAH-BIO-BIO26-L32-Q037,BIO26-PDF143-L32-S1-Q037,BIO26-L32,أحياء 4,التراكيب الخلوية,143,1,37,B,1,تجميعات الأحياء 2026 — مفتاح الإجابة في PDF p.143,SOURCE_ANSWER_STRIP_EMBEDDED_TEXT,PASS_SOURCE_KEY
TAH-BIO-BIO26-L32-Q038,BIO26-PDF143-L32-S1-Q038,BIO26-L32,أحياء 4,التراكيب الخلوية,143,1,38,B,1,تجميعات الأحياء 2026 — مفتاح الإجابة في PDF p.143,SOURCE_ANSWER_STRIP_EMBEDDED_TEXT,PASS_SOURCE_KEY
TAH-BIO-BIO26-L32-Q039,BIO26-PDF143-L32-S1-Q039,BIO26-L32,أحياء 4,التراكيب الخلوية,143,1,39,B,1,تجميعات الأحياء 2026 — مفتاح الإجابة في PDF p.143,SOURCE_ANSWER_STRIP_EMBEDDED_TEXT,PASS_SOURCE_KEY
TAH-BIO-BIO26-L32-Q040,BIO26-PDF143-L32-S1-Q040,BIO26-L32,أحياء 4,التراكيب الخلوية,143,1,40,A,0,تجميعات الأحياء 2026 — مفتاح الإجابة في PDF p.143,SOURCE_ANSWER_STRIP_EMBEDDED_TEXT,PASS_SOURCE_KEY
TAH-BIO-BIO26-L32-Q041,BIO26-PDF143-L32-S1-Q041,BIO26-L32,أحياء 4,التراكيب الخلوية,143,1,41,C,2,تجميعات الأحياء 2026 — مفتاح الإجابة في PDF p.143,SOURCE_ANSWER_STRIP_EMBEDDED_TEXT,PASS_SOURCE_KEY
TAH-BIO-BIO26-L32-Q042,BIO26-PDF143-L32-S1-Q042,BIO26-L32,أحياء 4,التراكيب الخلوية,143,1,42,B,1,تجميعات الأحياء 2026 — مفتاح الإجابة في PDF p.143,SOURCE_ANSWER_STRIP_EMBEDDED_TEXT,PASS_SOURCE_KEY
TAH-BIO-BIO26-L32-Q043,BIO26-PDF143-L32-S1-Q043,BIO26-L32,أحياء 4,التراكيب الخلوية,143,1,43,A,0,تجميعات الأحياء 2026 — مفتاح الإجابة في PDF p.143,SOURCE_ANSWER_STRIP_EMBEDDED_TEXT,PASS_SOURCE_KEY
TAH-BIO-BIO26-L32-Q044,BIO26-PDF143-L32-S1-Q044,BIO26-L32,أحياء 4,التراكيب الخلوية,143,1,44,C,2,تجميعات الأحياء 2026 — مفتاح الإجابة في PDF p.143,SOURCE_ANSWER_STRIP_EMBEDDED_TEXT,PASS_SOURCE_KEY
TAH-BIO-BIO26-L32-Q045,BIO26-PDF143-L32-S1-Q045,BIO26-L32,أحياء 4,التراكيب الخلوية,143,1,45,B,1,تجميعات الأحياء 2026 — مفتاح الإجابة في PDF p.143,SOURCE_ANSWER_STRIP_EMBEDDED_TEXT,PASS_SOURCE_KEY
TAH-BIO-BIO26-L32-Q046,BIO26-PDF143-L32-S1-Q046,BIO26-L32,أحياء 4,التراكيب الخلوية,143,1,46,C,2,تجميعات الأحياء 2026 — مفتاح الإجابة في PDF p.143,SOURCE_ANSWER_STRIP_EMBEDDED_TEXT,PASS_SOURCE_KEY
TAH-BIO-BIO26-L32-Q047,BIO26-PDF143-L32-S1-Q047,BIO26-L32,أحياء 4,التراكيب الخلوية,143,1,47,D,3,تجميعات الأحياء 2026 — مفتاح الإجابة في PDF p.143,SOURCE_ANSWER_STRIP_EMBEDDED_TEXT,PASS_SOURCE_KEY
TAH-BIO-BIO26-L32-Q048,BIO26-PDF143-L32-S1-Q048,BIO26-L32,أحياء 4,التراكيب الخلوية,143,1,48,C,2,تجميعات الأحياء 2026 — مفتاح الإجابة في PDF p.143,SOURCE_ANSWER_STRIP_EMBEDDED_TEXT,PASS_SOURCE_KEY
TAH-BIO-BIO26-L32-Q049,BIO26-PDF143-L32-S1-Q049,BIO26-L32,أحياء 4,التراكيب الخلوية,143,1,49,A,0,تجميعات الأحياء 2026 — مفتاح الإجابة في PDF p.143,SOURCE_ANSWER_STRIP_EMBEDDED_TEXT,PASS_SOURCE_KEY
TAH-BIO-BIO26-L32-Q050,BIO26-PDF144-L32-S1-Q050,BIO26-L32,أحياء 4,التراكيب الخلوية,144,1,50,A,0,تجميعات الأحياء 2026 — مفتاح الإجابة في PDF p.144,SOURCE_ANSWER_STRIP_EMBEDDED_TEXT,PASS_SOURCE_KEY
TAH-BIO-BIO26-L32-Q051,BIO26-PDF144-L32-S1-Q051,BIO26-L32,أحياء 4,التراكيب الخلوية,144,1,51,A,0,تجميعات الأحياء 2026 — مفتاح الإجابة في PDF p.144,SOURCE_ANSWER_STRIP_EMBEDDED_TEXT,PASS_SOURCE_KEY
TAH-BIO-BIO26-L32-Q052,BIO26-PDF144-L32-S1-Q052,BIO26-L32,أحياء 4,التراكيب الخلوية,144,1,52,A,0,تجميعات الأحياء 2026 — مفتاح الإجابة في PDF p.144,SOURCE_ANSWER_STRIP_EMBEDDED_TEXT,PASS_SOURCE_KEY
TAH-BIO-BIO26-L32-Q053,BIO26-PDF144-L32-S1-Q053,BIO26-L32,أحياء 4,التراكيب الخلوية,144,1,53,B,1,تجميعات الأحياء 2026 — مفتاح الإجابة في PDF p.144,SOURCE_ANSWER_STRIP_EMBEDDED_TEXT,PASS_SOURCE_KEY
TAH-BIO-BIO26-L32-Q054,BIO26-PDF144-L32-S1-Q054,BIO26-L32,أحياء 4,التراكيب الخلوية,144,1,54,D,3,تجميعات الأحياء 2026 — مفتاح الإجابة في PDF p.144,SOURCE_ANSWER_STRIP_EMBEDDED_TEXT,PASS_SOURCE_KEY
TAH-BIO-BIO26-L32-Q055,BIO26-PDF144-L32-S1-Q055,BIO26-L32,أحياء 4,التراكيب الخلوية,144,1,55,A,0,تجميعات الأحياء 2026 — مفتاح الإجابة في PDF p.144,SOURCE_ANSWER_STRIP_EMBEDDED_TEXT,PASS_SOURCE_KEY
TAH-BIO-BIO26-L32-Q056,BIO26-PDF144-L32-S1-Q056,BIO26-L32,أحياء 4,التراكيب الخلوية,144,1,56,D,3,تجميعات الأحياء 2026 — مفتاح الإجابة في PDF p.144,SOURCE_ANSWER_STRIP_EMBEDDED_TEXT,PASS_SOURCE_KEY
TAH-BIO-BIO26-L32-Q057,BIO26-PDF144-L32-S1-Q057,BIO26-L32,أحياء 4,التراكيب الخلوية,144,1,57,B,1,تجميعات الأحياء 2026 — مفتاح الإجابة في PDF p.144,SOURCE_ANSWER_STRIP_EMBEDDED_TEXT,PASS_SOURCE_KEY
TAH-BIO-BIO26-L32-Q058,BIO26-PDF144-L32-S1-Q058,BIO26-L32,أحياء 4,التراكيب الخلوية,144,1,58,B,1,تجميعات الأحياء 2026 — مفتاح الإجابة في PDF p.144,SOURCE_ANSWER_STRIP_EMBEDDED_TEXT,PASS_SOURCE_KEY
TAH-BIO-BIO26-L32-Q059,BIO26-PDF144-L32-S1-Q059,BIO26-L32,أحياء 4,التراكيب الخلوية,144,1,59,C,2,تجميعات الأحياء 2026 — مفتاح الإجابة في PDF p.144,SOURCE_ANSWER_STRIP_EMBEDDED_TEXT,PASS_SOURCE_KEY
TAH-BIO-BIO26-L32-Q060,BIO26-PDF145-L32-S1-Q060,BIO26-L32,أحياء 4,التراكيب الخلوية,145,1,60,D,3,تجميعات الأحياء 2026 — مفتاح الإجابة في PDF p.145,SOURCE_ANSWER_STRIP_EMBEDDED_TEXT,PASS_SOURCE_KEY
TAH-BIO-BIO26-L32-Q061,BIO26-PDF145-L32-S1-Q061,BIO26-L32,أحياء 4,التراكيب الخلوية,145,1,61,C,2,تجميعات الأحياء 2026 — مفتاح الإجابة في PDF p.145,SOURCE_ANSWER_STRIP_EMBEDDED_TEXT,PASS_SOURCE_KEY
TAH-BIO-BIO26-L32-Q062,BIO26-PDF145-L32-S1-Q062,BIO26-L32,أحياء 4,التراكيب الخلوية,145,1,62,D,3,تجميعات الأحياء 2026 — مفتاح الإجابة في PDF p.145,SOURCE_ANSWER_STRIP_EMBEDDED_TEXT,PASS_SOURCE_KEY
TAH-BIO-BIO26-L32-Q063,BIO26-PDF145-L32-S1-Q063,BIO26-L32,أحياء 4,التراكيب الخلوية,145,1,63,B,1,تجميعات الأحياء 2026 — مفتاح الإجابة في PDF p.145,SOURCE_ANSWER_STRIP_EMBEDDED_TEXT,PASS_SOURCE_KEY
TAH-BIO-BIO26-L32-Q064,BIO26-PDF145-L32-S1-Q064,BIO26-L32,أحياء 4,التراكيب الخلوية,145,1,64,A,0,تجميعات الأحياء 2026 — مفتاح الإجابة في PDF p.145,SOURCE_ANSWER_STRIP_EMBEDDED_TEXT,PASS_SOURCE_KEY
TAH-BIO-BIO26-L32-Q065,BIO26-PDF145-L32-S1-Q065,BIO26-L32,أحياء 4,التراكيب الخلوية,145,1,65,C,2,تجميعات الأحياء 2026 — مفتاح الإجابة في PDF p.145,SOURCE_ANSWER_STRIP_EMBEDDED_TEXT,PASS_SOURCE_KEY
TAH-BIO-BIO26-L32-Q066,BIO26-PDF145-L32-S1-Q066,BIO26-L32,أحياء 4,التراكيب الخلوية,145,1,66,B,1,تجميعات الأحياء 2026 — مفتاح الإجابة في PDF p.145,SOURCE_ANSWER_STRIP_EMBEDDED_TEXT,PASS_SOURCE_KEY
TAH-BIO-BIO26-L32-Q067,BIO26-PDF145-L32-S1-Q067,BIO26-L32,أحياء 4,التراكيب الخلوية,145,1,67,B,1,تجميعات الأحياء 2026 — مفتاح الإجابة في PDF p.145,SOURCE_ANSWER_STRIP_EMBEDDED_TEXT,PASS_SOURCE_KEY
TAH-BIO-BIO26-L32-Q068,BIO26-PDF145-L32-S1-Q068,BIO26-L32,أحياء 4,التراكيب الخلوية,145,1,68,A,0,تجميعات الأحياء 2026 — مفتاح الإجابة في PDF p.145,SOURCE_ANSWER_STRIP_EMBEDDED_TEXT,PASS_SOURCE_KEY
TAH-BIO-BIO26-L32-Q069,BIO26-PDF145-L32-S1-Q069,BIO26-L32,أحياء 4,التراكيب الخلوية,145,1,69,B,1,تجميعات الأحياء 2026 — مفتاح الإجابة في PDF p.145,SOURCE_ANSWER_STRIP_EMBEDDED_TEXT,PASS_SOURCE_KEY
TAH-BIO-BIO26-L32-Q070,BIO26-PDF146-L32-S1-Q070,BIO26-L32,أحياء 4,التراكيب الخلوية,146,1,70,B,1,تجميعات الأحياء 2026 — مفتاح الإجابة في PDF p.146,SOURCE_ANSWER_STRIP_EMBEDDED_TEXT,PASS_SOURCE_KEY
TAH-BIO-BIO26-L32-Q071,BIO26-PDF146-L32-S1-Q071,BIO26-L32,أحياء 4,التراكيب الخلوية,146,1,71,D,3,تجميعات الأحياء 2026 — مفتاح الإجابة في PDF p.146,SOURCE_ANSWER_STRIP_EMBEDDED_TEXT,PASS_SOURCE_KEY
TAH-BIO-BIO26-L32-Q072,BIO26-PDF146-L32-S1-Q072,BIO26-L32,أحياء 4,التراكيب الخلوية,146,1,72,A,0,تجميعات الأحياء 2026 — مفتاح الإجابة في PDF p.146,SOURCE_ANSWER_STRIP_EMBEDDED_TEXT,PASS_SOURCE_KEY
TAH-BIO-BIO26-L32-Q073,BIO26-PDF146-L32-S1-Q073,BIO26-L32,أحياء 4,التراكيب الخلوية,146,1,73,A,0,تجميعات الأحياء 2026 — مفتاح الإجابة في PDF p.146,SOURCE_ANSWER_STRIP_EMBEDDED_TEXT,PASS_SOURCE_KEY
TAH-BIO-BIO26-L32-Q074,BIO26-PDF146-L32-S1-Q074,BIO26-L32,أحياء 4,التراكيب الخلوية,146,1,74,C,2,تجميعات الأحياء 2026 — مفتاح الإجابة في PDF p.146,SOURCE_ANSWER_STRIP_EMBEDDED_TEXT,PASS_SOURCE_KEY
TAH-BIO-BIO26-L32-Q075,BIO26-PDF146-L32-S1-Q075,BIO26-L32,أحياء 4,التراكيب الخلوية,146,1,75,B,1,تجميعات الأحياء 2026 — مفتاح الإجابة في PDF p.146,SOURCE_ANSWER_STRIP_EMBEDDED_TEXT,PASS_SOURCE_KEY
TAH-BIO-BIO26-L32-Q076,BIO26-PDF146-L32-S1-Q076,BIO26-L32,أحياء 4,التراكيب الخلوية,146,1,76,B,1,تجميعات الأحياء 2026 — مفتاح الإجابة في PDF p.146,SOURCE_ANSWER_STRIP_EMBEDDED_TEXT,PASS_SOURCE_KEY
TAH-BIO-BIO26-L32-Q077,BIO26-PDF146-L32-S1-Q077,BIO26-L32,أحياء 4,التراكيب الخلوية,146,1,77,A,0,تجميعات الأحياء 2026 — مفتاح الإجابة في PDF p.146,SOURCE_ANSWER_STRIP_EMBEDDED_TEXT,PASS_SOURCE_KEY
TAH-BIO-BIO26-L32-Q078,BIO26-PDF146-L32-S1-Q078,BIO26-L32,أحياء 4,التراكيب الخلوية,146,1,78,D,3,تجميعات الأحياء 2026 — مفتاح الإجابة في PDF p.146,SOURCE_ANSWER_STRIP_EMBEDDED_TEXT,PASS_SOURCE_KEY
TAH-BIO-BIO26-L32-Q079,BIO26-PDF146-L32-S1-Q079,BIO26-L32,أحياء 4,التراكيب الخلوية,146,1,79,C,2,تجميعات الأحياء 2026 — مفتاح الإجابة في PDF p.146,SOURCE_ANSWER_STRIP_EMBEDDED_TEXT,PASS_SOURCE_KEY
TAH-BIO-BIO26-L32-Q080,BIO26-PDF147-L32-S2-Q080,BIO26-L32,أحياء 4,التراكيب الخلوية,147,2,80,C,2,تجميعات الأحياء 2026 — مفتاح الإجابة في PDF p.147,SOURCE_ANSWER_STRIP_EMBEDDED_TEXT,PASS_SOURCE_KEY
TAH-BIO-BIO26-L32-Q081,BIO26-PDF147-L32-S2-Q081,BIO26-L32,أحياء 4,التراكيب الخلوية,147,2,81,A,0,تجميعات الأحياء 2026 — مفتاح الإجابة في PDF p.147,SOURCE_ANSWER_STRIP_EMBEDDED_TEXT,PASS_SOURCE_KEY
TAH-BIO-BIO26-L32-Q082,BIO26-PDF147-L32-S2-Q082,BIO26-L32,أحياء 4,التراكيب الخلوية,147,2,82,B,1,تجميعات الأحياء 2026 — مفتاح الإجابة في PDF p.147,SOURCE_ANSWER_STRIP_EMBEDDED_TEXT,PASS_SOURCE_KEY
TAH-BIO-BIO26-L32-Q083,BIO26-PDF147-L32-S2-Q083,BIO26-L32,أحياء 4,التراكيب الخلوية,147,2,83,C,2,تجميعات الأحياء 2026 — مفتاح الإجابة في PDF p.147,SOURCE_ANSWER_STRIP_EMBEDDED_TEXT,PASS_SOURCE_KEY
TAH-BIO-BIO26-L32-Q084,BIO26-PDF147-L32-S2-Q084,BIO26-L32,أحياء 4,التراكيب الخلوية,147,2,84,C,2,تجميعات الأحياء 2026 — مفتاح الإجابة في PDF p.147,SOURCE_ANSWER_STRIP_EMBEDDED_TEXT,PASS_SOURCE_KEY
TAH-BIO-BIO26-L32-Q085,BIO26-PDF147-L32-S2-Q085,BIO26-L32,أحياء 4,التراكيب الخلوية,147,2,85,B,1,تجميعات الأحياء 2026 — مفتاح الإجابة في PDF p.147,SOURCE_ANSWER_STRIP_EMBEDDED_TEXT,PASS_SOURCE_KEY
TAH-BIO-BIO26-L32-Q086,BIO26-PDF147-L32-S2-Q086,BIO26-L32,أحياء 4,التراكيب الخلوية,147,2,86,B,1,تجميعات الأحياء 2026 — مفتاح الإجابة في PDF p.147,SOURCE_ANSWER_STRIP_EMBEDDED_TEXT,PASS_SOURCE_KEY
TAH-BIO-BIO26-L32-Q087,BIO26-PDF147-L32-S2-Q087,BIO26-L32,أحياء 4,التراكيب الخلوية,147,2,87,B,1,تجميعات الأحياء 2026 — مفتاح الإجابة في PDF p.147,SOURCE_ANSWER_STRIP_EMBEDDED_TEXT,PASS_SOURCE_KEY
TAH-BIO-BIO26-L32-Q088,BIO26-PDF147-L32-S2-Q088,BIO26-L32,أحياء 4,التراكيب الخلوية,147,2,88,A,0,تجميعات الأحياء 2026 — مفتاح الإجابة في PDF p.147,SOURCE_ANSWER_STRIP_EMBEDDED_TEXT,PASS_SOURCE_KEY
TAH-BIO-BIO26-L32-Q089,BIO26-PDF147-L32-S2-Q089,BIO26-L32,أحياء 4,التراكيب الخلوية,147,2,89,D,3,تجميعات الأحياء 2026 — مفتاح الإجابة في PDF p.147,SOURCE_ANSWER_STRIP_EMBEDDED_TEXT,PASS_SOURCE_KEY
TAH-BIO-BIO26-L32-Q090,BIO26-PDF147-L32-S2-Q090,BIO26-L32,أحياء 4,التراكيب الخلوية,147,2,90,B,1,تجميعات الأحياء 2026 — مفتاح الإجابة في PDF p.147,SOURCE_ANSWER_STRIP_EMBEDDED_TEXT,PASS_SOURCE_KEY
TAH-BIO-BIO26-L32-Q091,BIO26-PDF147-L32-S2-Q091,BIO26-L32,أحياء 4,التراكيب الخلوية,147,2,91,A,0,تجميعات الأحياء 2026 — مفتاح الإجابة في PDF p.147,SOURCE_ANSWER_STRIP_EMBEDDED_TEXT,PASS_SOURCE_KEY
TAH-BIO-BIO26-L32-Q092,BIO26-PDF147-L32-S2-Q092,BIO26-L32,أحياء 4,التراكيب الخلوية,147,2,92,D,3,تجميعات الأحياء 2026 — مفتاح الإجابة في PDF p.147,SOURCE_ANSWER_STRIP_EMBEDDED_TEXT,PASS_SOURCE_KEY
TAH-BIO-BIO26-L32-Q093,BIO26-PDF147-L32-S2-Q093,BIO26-L32,أحياء 4,التراكيب الخلوية,147,2,93,A,0,تجميعات الأحياء 2026 — مفتاح الإجابة في PDF p.147,SOURCE_ANSWER_STRIP_EMBEDDED_TEXT,PASS_SOURCE_KEY
TAH-BIO-BIO26-L32-Q094,BIO26-PDF147-L32-S2-Q094,BIO26-L32,أحياء 4,التراكيب الخلوية,147,2,94,C,2,تجميعات الأحياء 2026 — مفتاح الإجابة في PDF p.147,SOURCE_ANSWER_STRIP_EMBEDDED_TEXT,PASS_SOURCE_KEY
TAH-BIO-BIO26-L32-Q095,BIO26-PDF147-L32-S2-Q095,BIO26-L32,أحياء 4,التراكيب الخلوية,147,2,95,A,0,تجميعات الأحياء 2026 — مفتاح الإجابة في PDF p.147,SOURCE_ANSWER_STRIP_EMBEDDED_TEXT,PASS_SOURCE_KEY
TAH-BIO-BIO26-L32-Q096,BIO26-PDF147-L32-S2-Q096,BIO26-L32,أحياء 4,التراكيب الخلوية,147,2,96,B,1,تجميعات الأحياء 2026 — مفتاح الإجابة في PDF p.147,SOURCE_ANSWER_STRIP_EMBEDDED_TEXT,PASS_SOURCE_KEY
TAH-BIO-BIO26-L32-Q097,BIO26-PDF148-L32-S2-Q097,BIO26-L32,أحياء 4,التراكيب الخلوية,148,2,97,B,1,تجميعات الأحياء 2026 — مفتاح الإجابة في PDF p.148,SOURCE_ANSWER_STRIP_EMBEDDED_TEXT,PASS_SOURCE_KEY
TAH-BIO-BIO26-L32-Q098,BIO26-PDF148-L32-S2-Q098,BIO26-L32,أحياء 4,التراكيب الخلوية,148,2,98,C,2,تجميعات الأحياء 2026 — مفتاح الإجابة في PDF p.148,SOURCE_ANSWER_STRIP_EMBEDDED_TEXT,PASS_SOURCE_KEY
TAH-BIO-BIO26-L32-Q099,BIO26-PDF148-L32-S2-Q099,BIO26-L32,أحياء 4,التراكيب الخلوية,148,2,99,A,0,تجميعات الأحياء 2026 — مفتاح الإجابة في PDF p.148,SOURCE_ANSWER_STRIP_EMBEDDED_TEXT,PASS_SOURCE_KEY
TAH-BIO-BIO26-L32-Q100,BIO26-PDF148-L32-S2-Q100,BIO26-L32,أحياء 4,التراكيب الخلوية,148,2,100,A,0,تجميعات الأحياء 2026 — مفتاح الإجابة في PDF p.148,SOURCE_ANSWER_STRIP_EMBEDDED_TEXT,PASS_SOURCE_KEY
TAH-BIO-BIO26-L32-Q101,BIO26-PDF148-L32-S2-Q101,BIO26-L32,أحياء 4,التراكيب الخلوية,148,2,101,A,0,تجميعات الأحياء 2026 — مفتاح الإجابة في PDF p.148,SOURCE_ANSWER_STRIP_EMBEDDED_TEXT,PASS_SOURCE_KEY
TAH-BIO-BIO26-L32-Q102,BIO26-PDF148-L32-S2-Q102,BIO26-L32,أحياء 4,التراكيب الخلوية,148,2,102,D,3,تجميعات الأحياء 2026 — مفتاح الإجابة في PDF p.148,SOURCE_ANSWER_STRIP_EMBEDDED_TEXT,PASS_SOURCE_KEY
TAH-BIO-BIO26-L32-Q103,BIO26-PDF148-L32-S2-Q103,BIO26-L32,أحياء 4,التراكيب الخلوية,148,2,103,C,2,تجميعات الأحياء 2026 — مفتاح الإجابة في PDF p.148,SOURCE_ANSWER_STRIP_EMBEDDED_TEXT,PASS_SOURCE_KEY
TAH-BIO-BIO26-L32-Q104,BIO26-PDF148-L32-S2-Q104,BIO26-L32,أحياء 4,التراكيب الخلوية,148,2,104,B,1,تجميعات الأحياء 2026 — مفتاح الإجابة في PDF p.148,SOURCE_ANSWER_STRIP_EMBEDDED_TEXT,PASS_SOURCE_KEY
TAH-BIO-BIO26-L32-Q105,BIO26-PDF148-L32-S2-Q105,BIO26-L32,أحياء 4,التراكيب الخلوية,148,2,105,C,2,تجميعات الأحياء 2026 — مفتاح الإجابة في PDF p.148,SOURCE_ANSWER_STRIP_EMBEDDED_TEXT,PASS_SOURCE_KEY
TAH-BIO-BIO26-L32-Q106,BIO26-PDF148-L32-S2-Q106,BIO26-L32,أحياء 4,التراكيب الخلوية,148,2,106,D,3,تجميعات الأحياء 2026 — مفتاح الإجابة في PDF p.148,SOURCE_ANSWER_STRIP_EMBEDDED_TEXT,PASS_SOURCE_KEY
TAH-BIO-BIO26-L32-Q107,BIO26-PDF148-L32-S2-Q107,BIO26-L32,أحياء 4,التراكيب الخلوية,148,2,107,B,1,تجميعات الأحياء 2026 — مفتاح الإجابة في PDF p.148,SOURCE_ANSWER_STRIP_EMBEDDED_TEXT,PASS_SOURCE_KEY
TAH-BIO-BIO26-L33-Q001,BIO26-PDF149-L33-S1-Q001,BIO26-L33,أحياء 4,كيمياء الخلية,149,1,1,B,1,تجميعات الأحياء 2026 — مفتاح الإجابة في PDF p.149,SOURCE_ANSWER_STRIP_EMBEDDED_TEXT,PASS_SOURCE_KEY
TAH-BIO-BIO26-L33-Q002,BIO26-PDF149-L33-S1-Q002,BIO26-L33,أحياء 4,كيمياء الخلية,149,1,2,C,2,تجميعات الأحياء 2026 — مفتاح الإجابة في PDF p.149,SOURCE_ANSWER_STRIP_EMBEDDED_TEXT,PASS_SOURCE_KEY
TAH-BIO-BIO26-L33-Q003,BIO26-PDF149-L33-S1-Q003,BIO26-L33,أحياء 4,كيمياء الخلية,149,1,3,B,1,تجميعات الأحياء 2026 — مفتاح الإجابة في PDF p.149,SOURCE_ANSWER_STRIP_EMBEDDED_TEXT,PASS_SOURCE_KEY
TAH-BIO-BIO26-L33-Q004,BIO26-PDF149-L33-S1-Q004,BIO26-L33,أحياء 4,كيمياء الخلية,149,1,4,D,3,تجميعات الأحياء 2026 — مفتاح الإجابة في PDF p.149,SOURCE_ANSWER_STRIP_EMBEDDED_TEXT,PASS_SOURCE_KEY
TAH-BIO-BIO26-L33-Q005,BIO26-PDF149-L33-S1-Q005,BIO26-L33,أحياء 4,كيمياء الخلية,149,1,5,D,3,تجميعات الأحياء 2026 — مفتاح الإجابة في PDF p.149,SOURCE_ANSWER_STRIP_EMBEDDED_TEXT,PASS_SOURCE_KEY
TAH-BIO-BIO26-L33-Q006,BIO26-PDF149-L33-S1-Q006,BIO26-L33,أحياء 4,كيمياء الخلية,149,1,6,C,2,تجميعات الأحياء 2026 — مفتاح الإجابة في PDF p.149,SOURCE_ANSWER_STRIP_EMBEDDED_TEXT,PASS_SOURCE_KEY
TAH-BIO-BIO26-L33-Q007,BIO26-PDF149-L33-S1-Q007,BIO26-L33,أحياء 4,كيمياء الخلية,149,1,7,C,2,تجميعات الأحياء 2026 — مفتاح الإجابة في PDF p.149,SOURCE_ANSWER_STRIP_EMBEDDED_TEXT,PASS_SOURCE_KEY
TAH-BIO-BIO26-L33-Q008,BIO26-PDF149-L33-S1-Q008,BIO26-L33,أحياء 4,كيمياء الخلية,149,1,8,C,2,تجميعات الأحياء 2026 — مفتاح الإجابة في PDF p.149,SOURCE_ANSWER_STRIP_EMBEDDED_TEXT,PASS_SOURCE_KEY
TAH-BIO-BIO26-L33-Q009,BIO26-PDF149-L33-S1-Q009,BIO26-L33,أحياء 4,كيمياء الخلية,149,1,9,A,0,تجميعات الأحياء 2026 — مفتاح الإجابة في PDF p.149,SOURCE_ANSWER_STRIP_EMBEDDED_TEXT,PASS_SOURCE_KEY
TAH-BIO-BIO26-L33-Q010,BIO26-PDF149-L33-S1-Q010,BIO26-L33,أحياء 4,كيمياء الخلية,149,1,10,D,3,تجميعات الأحياء 2026 — مفتاح الإجابة في PDF p.149,SOURCE_ANSWER_STRIP_EMBEDDED_TEXT,PASS_SOURCE_KEY
TAH-BIO-BIO26-L33-Q011,BIO26-PDF149-L33-S1-Q011,BIO26-L33,أحياء 4,كيمياء الخلية,149,1,11,C,2,تجميعات الأحياء 2026 — مفتاح الإجابة في PDF p.149,SOURCE_ANSWER_STRIP_EMBEDDED_TEXT,PASS_SOURCE_KEY
TAH-BIO-BIO26-L33-Q012,BIO26-PDF149-L33-S1-Q012,BIO26-L33,أحياء 4,كيمياء الخلية,149,1,12,C,2,تجميعات الأحياء 2026 — مفتاح الإجابة في PDF p.149,SOURCE_ANSWER_STRIP_EMBEDDED_TEXT,PASS_SOURCE_KEY
TAH-BIO-BIO26-L33-Q013,BIO26-PDF149-L33-S1-Q013,BIO26-L33,أحياء 4,كيمياء الخلية,149,1,13,A,0,تجميعات الأحياء 2026 — مفتاح الإجابة في PDF p.149,SOURCE_ANSWER_STRIP_EMBEDDED_TEXT,PASS_SOURCE_KEY
TAH-BIO-BIO26-L33-Q014,BIO26-PDF149-L33-S1-Q014,BIO26-L33,أحياء 4,كيمياء الخلية,149,1,14,B,1,تجميعات الأحياء 2026 — مفتاح الإجابة في PDF p.149,SOURCE_ANSWER_STRIP_EMBEDDED_TEXT,PASS_SOURCE_KEY
TAH-BIO-BIO26-L33-Q015,BIO26-PDF149-L33-S1-Q015,BIO26-L33,أحياء 4,كيمياء الخلية,149,1,15,B,1,تجميعات الأحياء 2026 — مفتاح الإجابة في PDF p.149,SOURCE_ANSWER_STRIP_EMBEDDED_TEXT,PASS_SOURCE_KEY
TAH-BIO-BIO26-L33-Q016,BIO26-PDF149-L33-S1-Q016,BIO26-L33,أحياء 4,كيمياء الخلية,149,1,16,B,1,تجميعات الأحياء 2026 — مفتاح الإجابة في PDF p.149,SOURCE_ANSWER_STRIP_EMBEDDED_TEXT,PASS_SOURCE_KEY
TAH-BIO-BIO26-L33-Q017,BIO26-PDF149-L33-S1-Q017,BIO26-L33,أحياء 4,كيمياء الخلية,149,1,17,D,3,تجميعات الأحياء 2026 — مفتاح الإجابة في PDF p.149,SOURCE_ANSWER_STRIP_EMBEDDED_TEXT,PASS_SOURCE_KEY
TAH-BIO-BIO26-L33-Q018,BIO26-PDF150-L33-S1-Q018,BIO26-L33,أحياء 4,كيمياء الخلية,150,1,18,B,1,تجميعات الأحياء 2026 — مفتاح الإجابة في PDF p.150,SOURCE_ANSWER_STRIP_EMBEDDED_TEXT,PASS_SOURCE_KEY
TAH-BIO-BIO26-L33-Q019,BIO26-PDF150-L33-S1-Q019,BIO26-L33,أحياء 4,كيمياء الخلية,150,1,19,C,2,تجميعات الأحياء 2026 — مفتاح الإجابة في PDF p.150,SOURCE_ANSWER_STRIP_EMBEDDED_TEXT,PASS_SOURCE_KEY
TAH-BIO-BIO26-L33-Q020,BIO26-PDF150-L33-S1-Q020,BIO26-L33,أحياء 4,كيمياء الخلية,150,1,20,C,2,تجميعات الأحياء 2026 — مفتاح الإجابة في PDF p.150,SOURCE_ANSWER_STRIP_EMBEDDED_TEXT,PASS_SOURCE_KEY
TAH-BIO-BIO26-L33-Q021,BIO26-PDF151-L33-S2-Q021,BIO26-L33,أحياء 4,كيمياء الخلية,151,2,21,B,1,تجميعات الأحياء 2026 — مفتاح الإجابة في PDF p.151,SOURCE_ANSWER_STRIP_EMBEDDED_TEXT,PASS_SOURCE_KEY
TAH-BIO-BIO26-L33-Q022,BIO26-PDF151-L33-S2-Q022,BIO26-L33,أحياء 4,كيمياء الخلية,151,2,22,D,3,تجميعات الأحياء 2026 — مفتاح الإجابة في PDF p.151,SOURCE_ANSWER_STRIP_EMBEDDED_TEXT,PASS_SOURCE_KEY
TAH-BIO-BIO26-L33-Q023,BIO26-PDF151-L33-S2-Q023,BIO26-L33,أحياء 4,كيمياء الخلية,151,2,23,C,2,تجميعات الأحياء 2026 — مفتاح الإجابة في PDF p.151,SOURCE_ANSWER_STRIP_EMBEDDED_TEXT,PASS_SOURCE_KEY
TAH-BIO-BIO26-L33-Q024,BIO26-PDF151-L33-S2-Q024,BIO26-L33,أحياء 4,كيمياء الخلية,151,2,24,B,1,تجميعات الأحياء 2026 — مفتاح الإجابة في PDF p.151,SOURCE_ANSWER_STRIP_EMBEDDED_TEXT,PASS_SOURCE_KEY
TAH-BIO-BIO26-L33-Q025,BIO26-PDF151-L33-S2-Q025,BIO26-L33,أحياء 4,كيمياء الخلية,151,2,25,B,1,تجميعات الأحياء 2026 — مفتاح الإجابة في PDF p.151,SOURCE_ANSWER_STRIP_EMBEDDED_TEXT,PASS_SOURCE_KEY
TAH-BIO-BIO26-L33-Q026,BIO26-PDF151-L33-S2-Q026,BIO26-L33,أحياء 4,كيمياء الخلية,151,2,26,D,3,تجميعات الأحياء 2026 — مفتاح الإجابة في PDF p.151,SOURCE_ANSWER_STRIP_EMBEDDED_TEXT,PASS_SOURCE_KEY
TAH-BIO-BIO26-L33-Q027,BIO26-PDF151-L33-S2-Q027,BIO26-L33,أحياء 4,كيمياء الخلية,151,2,27,C,2,تجميعات الأحياء 2026 — مفتاح الإجابة في PDF p.151,SOURCE_ANSWER_STRIP_EMBEDDED_TEXT,PASS_SOURCE_KEY
TAH-BIO-BIO26-L33-Q028,BIO26-PDF151-L33-S2-Q028,BIO26-L33,أحياء 4,كيمياء الخلية,151,2,28,C,2,تجميعات الأحياء 2026 — مفتاح الإجابة في PDF p.151,SOURCE_ANSWER_STRIP_EMBEDDED_TEXT,PASS_SOURCE_KEY
TAH-BIO-BIO26-L33-Q029,BIO26-PDF151-L33-S2-Q029,BIO26-L33,أحياء 4,كيمياء الخلية,151,2,29,A,0,تجميعات الأحياء 2026 — مفتاح الإجابة في PDF p.151,SOURCE_ANSWER_STRIP_EMBEDDED_TEXT,PASS_SOURCE_KEY
TAH-BIO-BIO26-L33-Q030,BIO26-PDF151-L33-S2-Q030,BIO26-L33,أحياء 4,كيمياء الخلية,151,2,30,C,2,تجميعات الأحياء 2026 — مفتاح الإجابة في PDF p.151,SOURCE_ANSWER_STRIP_EMBEDDED_TEXT,PASS_SOURCE_KEY
TAH-BIO-BIO26-L33-Q031,BIO26-PDF151-L33-S2-Q031,BIO26-L33,أحياء 4,كيمياء الخلية,151,2,31,A,0,تجميعات الأحياء 2026 — مفتاح الإجابة في PDF p.151,SOURCE_ANSWER_STRIP_EMBEDDED_TEXT,PASS_SOURCE_KEY
TAH-BIO-BIO26-L33-Q032,BIO26-PDF151-L33-S2-Q032,BIO26-L33,أحياء 4,كيمياء الخلية,151,2,32,B,1,تجميعات الأحياء 2026 — مفتاح الإجابة في PDF p.151,SOURCE_ANSWER_STRIP_EMBEDDED_TEXT,PASS_SOURCE_KEY
TAH-BIO-BIO26-L33-Q033,BIO26-PDF151-L33-S2-Q033,BIO26-L33,أحياء 4,كيمياء الخلية,151,2,33,D,3,تجميعات الأحياء 2026 — مفتاح الإجابة في PDF p.151,SOURCE_ANSWER_STRIP_EMBEDDED_TEXT,PASS_SOURCE_KEY
TAH-BIO-BIO26-L33-Q034,BIO26-PDF151-L33-S2-Q034,BIO26-L33,أحياء 4,كيمياء الخلية,151,2,34,B,1,تجميعات الأحياء 2026 — مفتاح الإجابة في PDF p.151,SOURCE_ANSWER_STRIP_EMBEDDED_TEXT,PASS_SOURCE_KEY
TAH-BIO-BIO26-L33-Q035,BIO26-PDF151-L33-S2-Q035,BIO26-L33,أحياء 4,كيمياء الخلية,151,2,35,A,0,تجميعات الأحياء 2026 — مفتاح الإجابة في PDF p.151,SOURCE_ANSWER_STRIP_EMBEDDED_TEXT,PASS_SOURCE_KEY
TAH-BIO-BIO26-L33-Q036,BIO26-PDF151-L33-S2-Q036,BIO26-L33,أحياء 4,كيمياء الخلية,151,2,36,A,0,تجميعات الأحياء 2026 — مفتاح الإجابة في PDF p.151,SOURCE_ANSWER_STRIP_EMBEDDED_TEXT,PASS_SOURCE_KEY
TAH-BIO-BIO26-L33-Q037,BIO26-PDF151-L33-S2-Q037,BIO26-L33,أحياء 4,كيمياء الخلية,151,2,37,B,1,تجميعات الأحياء 2026 — مفتاح الإجابة في PDF p.151,SOURCE_ANSWER_STRIP_EMBEDDED_TEXT,PASS_SOURCE_KEY
TAH-BIO-BIO26-L33-Q038,BIO26-PDF151-L33-S2-Q038,BIO26-L33,أحياء 4,كيمياء الخلية,151,2,38,B,1,تجميعات الأحياء 2026 — مفتاح الإجابة في PDF p.151,SOURCE_ANSWER_STRIP_EMBEDDED_TEXT,PASS_SOURCE_KEY
TAH-BIO-BIO26-L33-Q039,BIO26-PDF151-L33-S2-Q039,BIO26-L33,أحياء 4,كيمياء الخلية,151,2,39,D,3,تجميعات الأحياء 2026 — مفتاح الإجابة في PDF p.151,SOURCE_ANSWER_STRIP_EMBEDDED_TEXT,PASS_SOURCE_KEY
TAH-BIO-BIO26-L34-Q001,BIO26-PDF152-L34-S1-Q001,BIO26-L34,أحياء 4,الطاقة الخلوية,152,1,1,B,1,تجميعات الأحياء 2026 — مفتاح الإجابة في PDF p.152,SOURCE_ANSWER_STRIP_EMBEDDED_TEXT,PASS_SOURCE_KEY
TAH-BIO-BIO26-L34-Q002,BIO26-PDF152-L34-S1-Q002,BIO26-L34,أحياء 4,الطاقة الخلوية,152,1,2,D,3,تجميعات الأحياء 2026 — مفتاح الإجابة في PDF p.152,SOURCE_ANSWER_STRIP_EMBEDDED_TEXT,PASS_SOURCE_KEY
TAH-BIO-BIO26-L34-Q003,BIO26-PDF152-L34-S1-Q003,BIO26-L34,أحياء 4,الطاقة الخلوية,152,1,3,C,2,تجميعات الأحياء 2026 — مفتاح الإجابة في PDF p.152,SOURCE_ANSWER_STRIP_EMBEDDED_TEXT,PASS_SOURCE_KEY
TAH-BIO-BIO26-L34-Q004,BIO26-PDF152-L34-S1-Q004,BIO26-L34,أحياء 4,الطاقة الخلوية,152,1,4,C,2,تجميعات الأحياء 2026 — مفتاح الإجابة في PDF p.152,SOURCE_ANSWER_STRIP_EMBEDDED_TEXT,PASS_SOURCE_KEY
TAH-BIO-BIO26-L34-Q005,BIO26-PDF152-L34-S1-Q005,BIO26-L34,أحياء 4,الطاقة الخلوية,152,1,5,A,0,تجميعات الأحياء 2026 — مفتاح الإجابة في PDF p.152,SOURCE_ANSWER_STRIP_EMBEDDED_TEXT,PASS_SOURCE_KEY
TAH-BIO-BIO26-L34-Q006,BIO26-PDF152-L34-S1-Q006,BIO26-L34,أحياء 4,الطاقة الخلوية,152,1,6,A,0,تجميعات الأحياء 2026 — مفتاح الإجابة في PDF p.152,SOURCE_ANSWER_STRIP_EMBEDDED_TEXT,PASS_SOURCE_KEY
TAH-BIO-BIO26-L34-Q007,BIO26-PDF152-L34-S1-Q007,BIO26-L34,أحياء 4,الطاقة الخلوية,152,1,7,D,3,تجميعات الأحياء 2026 — مفتاح الإجابة في PDF p.152,SOURCE_ANSWER_STRIP_EMBEDDED_TEXT,PASS_SOURCE_KEY
TAH-BIO-BIO26-L34-Q008,BIO26-PDF152-L34-S1-Q008,BIO26-L34,أحياء 4,الطاقة الخلوية,152,1,8,D,3,تجميعات الأحياء 2026 — مفتاح الإجابة في PDF p.152,SOURCE_ANSWER_STRIP_EMBEDDED_TEXT,PASS_SOURCE_KEY
TAH-BIO-BIO26-L34-Q009,BIO26-PDF152-L34-S1-Q009,BIO26-L34,أحياء 4,الطاقة الخلوية,152,1,9,B,1,تجميعات الأحياء 2026 — مفتاح الإجابة في PDF p.152,SOURCE_ANSWER_STRIP_EMBEDDED_TEXT,PASS_SOURCE_KEY
TAH-BIO-BIO26-L34-Q010,BIO26-PDF152-L34-S1-Q010,BIO26-L34,أحياء 4,الطاقة الخلوية,152,1,10,A,0,تجميعات الأحياء 2026 — مفتاح الإجابة في PDF p.152,SOURCE_ANSWER_STRIP_EMBEDDED_TEXT,PASS_SOURCE_KEY
TAH-BIO-BIO26-L34-Q011,BIO26-PDF152-L34-S1-Q011,BIO26-L34,أحياء 4,الطاقة الخلوية,152,1,11,B,1,تجميعات الأحياء 2026 — مفتاح الإجابة في PDF p.152,SOURCE_ANSWER_STRIP_EMBEDDED_TEXT,PASS_SOURCE_KEY
TAH-BIO-BIO26-L34-Q012,BIO26-PDF152-L34-S1-Q012,BIO26-L34,أحياء 4,الطاقة الخلوية,152,1,12,D,3,تجميعات الأحياء 2026 — مفتاح الإجابة في PDF p.152,SOURCE_ANSWER_STRIP_EMBEDDED_TEXT,PASS_SOURCE_KEY
TAH-BIO-BIO26-L34-Q013,BIO26-PDF152-L34-S1-Q013,BIO26-L34,أحياء 4,الطاقة الخلوية,152,1,13,C,2,تجميعات الأحياء 2026 — مفتاح الإجابة في PDF p.152,SOURCE_ANSWER_STRIP_EMBEDDED_TEXT,PASS_SOURCE_KEY
TAH-BIO-BIO26-L34-Q014,BIO26-PDF152-L34-S1-Q014,BIO26-L34,أحياء 4,الطاقة الخلوية,152,1,14,C,2,تجميعات الأحياء 2026 — مفتاح الإجابة في PDF p.152,SOURCE_ANSWER_STRIP_EMBEDDED_TEXT,PASS_SOURCE_KEY
TAH-BIO-BIO26-L34-Q015,BIO26-PDF152-L34-S1-Q015,BIO26-L34,أحياء 4,الطاقة الخلوية,152,1,15,C,2,تجميعات الأحياء 2026 — مفتاح الإجابة في PDF p.152,SOURCE_ANSWER_STRIP_EMBEDDED_TEXT,PASS_SOURCE_KEY
TAH-BIO-BIO26-L34-Q016,BIO26-PDF152-L34-S1-Q016,BIO26-L34,أحياء 4,الطاقة الخلوية,152,1,16,B,1,تجميعات الأحياء 2026 — مفتاح الإجابة في PDF p.152,SOURCE_ANSWER_STRIP_EMBEDDED_TEXT,PASS_SOURCE_KEY
TAH-BIO-BIO26-L34-Q017,BIO26-PDF152-L34-S1-Q017,BIO26-L34,أحياء 4,الطاقة الخلوية,152,1,17,C,2,تجميعات الأحياء 2026 — مفتاح الإجابة في PDF p.152,SOURCE_ANSWER_STRIP_EMBEDDED_TEXT,PASS_SOURCE_KEY
TAH-BIO-BIO26-L34-Q018,BIO26-PDF153-L34-S1-Q018,BIO26-L34,أحياء 4,الطاقة الخلوية,153,1,18,A,0,تجميعات الأحياء 2026 — مفتاح الإجابة في PDF p.153,SOURCE_ANSWER_STRIP_EMBEDDED_TEXT,PASS_SOURCE_KEY
TAH-BIO-BIO26-L34-Q019,BIO26-PDF153-L34-S1-Q019,BIO26-L34,أحياء 4,الطاقة الخلوية,153,1,19,A,0,تجميعات الأحياء 2026 — مفتاح الإجابة في PDF p.153,SOURCE_ANSWER_STRIP_EMBEDDED_TEXT,PASS_SOURCE_KEY
TAH-BIO-BIO26-L34-Q020,BIO26-PDF153-L34-S1-Q020,BIO26-L34,أحياء 4,الطاقة الخلوية,153,1,20,D,3,تجميعات الأحياء 2026 — مفتاح الإجابة في PDF p.153,SOURCE_ANSWER_STRIP_EMBEDDED_TEXT,PASS_SOURCE_KEY
TAH-BIO-BIO26-L34-Q021,BIO26-PDF153-L34-S1-Q021,BIO26-L34,أحياء 4,الطاقة الخلوية,153,1,21,B,1,تجميعات الأحياء 2026 — مفتاح الإجابة في PDF p.153,SOURCE_ANSWER_STRIP_EMBEDDED_TEXT,PASS_SOURCE_KEY
TAH-BIO-BIO26-L34-Q022,BIO26-PDF153-L34-S1-Q022,BIO26-L34,أحياء 4,الطاقة الخلوية,153,1,22,D,3,تجميعات الأحياء 2026 — مفتاح الإجابة في PDF p.153,SOURCE_ANSWER_STRIP_EMBEDDED_TEXT,PASS_SOURCE_KEY
TAH-BIO-BIO26-L34-Q023,BIO26-PDF153-L34-S1-Q023,BIO26-L34,أحياء 4,الطاقة الخلوية,153,1,23,A,0,تجميعات الأحياء 2026 — مفتاح الإجابة في PDF p.153,SOURCE_ANSWER_STRIP_EMBEDDED_TEXT,PASS_SOURCE_KEY
TAH-BIO-BIO26-L34-Q024,BIO26-PDF153-L34-S1-Q024,BIO26-L34,أحياء 4,الطاقة الخلوية,153,1,24,A,0,تجميعات الأحياء 2026 — مفتاح الإجابة في PDF p.153,SOURCE_ANSWER_STRIP_EMBEDDED_TEXT,PASS_SOURCE_KEY
TAH-BIO-BIO26-L34-Q025,BIO26-PDF153-L34-S1-Q025,BIO26-L34,أحياء 4,الطاقة الخلوية,153,1,25,B,1,تجميعات الأحياء 2026 — مفتاح الإجابة في PDF p.153,SOURCE_ANSWER_STRIP_EMBEDDED_TEXT,PASS_SOURCE_KEY
TAH-BIO-BIO26-L34-Q026,BIO26-PDF154-L34-S2-Q026,BIO26-L34,أحياء 4,الطاقة الخلوية,154,2,26,D,3,تجميعات الأحياء 2026 — مفتاح الإجابة في PDF p.154,SOURCE_ANSWER_STRIP_EMBEDDED_TEXT,PASS_SOURCE_KEY
TAH-BIO-BIO26-L34-Q027,BIO26-PDF154-L34-S2-Q027,BIO26-L34,أحياء 4,الطاقة الخلوية,154,2,27,D,3,تجميعات الأحياء 2026 — مفتاح الإجابة في PDF p.154,SOURCE_ANSWER_STRIP_EMBEDDED_TEXT,PASS_SOURCE_KEY
TAH-BIO-BIO26-L34-Q028,BIO26-PDF154-L34-S2-Q028,BIO26-L34,أحياء 4,الطاقة الخلوية,154,2,28,B,1,تجميعات الأحياء 2026 — مفتاح الإجابة في PDF p.154,SOURCE_ANSWER_STRIP_EMBEDDED_TEXT,PASS_SOURCE_KEY
TAH-BIO-BIO26-L34-Q029,BIO26-PDF154-L34-S2-Q029,BIO26-L34,أحياء 4,الطاقة الخلوية,154,2,29,C,2,تجميعات الأحياء 2026 — مفتاح الإجابة في PDF p.154,SOURCE_ANSWER_STRIP_EMBEDDED_TEXT,PASS_SOURCE_KEY
TAH-BIO-BIO26-L34-Q030,BIO26-PDF154-L34-S2-Q030,BIO26-L34,أحياء 4,الطاقة الخلوية,154,2,30,B,1,تجميعات الأحياء 2026 — مفتاح الإجابة في PDF p.154,SOURCE_ANSWER_STRIP_EMBEDDED_TEXT,PASS_SOURCE_KEY
TAH-BIO-BIO26-L34-Q031,BIO26-PDF154-L34-S2-Q031,BIO26-L34,أحياء 4,الطاقة الخلوية,154,2,31,D,3,تجميعات الأحياء 2026 — مفتاح الإجابة في PDF p.154,SOURCE_ANSWER_STRIP_EMBEDDED_TEXT,PASS_SOURCE_KEY
TAH-BIO-BIO26-L34-Q032,BIO26-PDF154-L34-S2-Q032,BIO26-L34,أحياء 4,الطاقة الخلوية,154,2,32,B,1,تجميعات الأحياء 2026 — مفتاح الإجابة في PDF p.154,SOURCE_ANSWER_STRIP_EMBEDDED_TEXT,PASS_SOURCE_KEY
TAH-BIO-BIO26-L34-Q033,BIO26-PDF154-L34-S2-Q033,BIO26-L34,أحياء 4,الطاقة الخلوية,154,2,33,B,1,تجميعات الأحياء 2026 — مفتاح الإجابة في PDF p.154,SOURCE_ANSWER_STRIP_EMBEDDED_TEXT,PASS_SOURCE_KEY
TAH-BIO-BIO26-L34-Q034,BIO26-PDF154-L34-S2-Q034,BIO26-L34,أحياء 4,الطاقة الخلوية,154,2,34,A,0,تجميعات الأحياء 2026 — مفتاح الإجابة في PDF p.154,SOURCE_ANSWER_STRIP_EMBEDDED_TEXT,PASS_SOURCE_KEY
TAH-BIO-BIO26-L35-Q001,BIO26-PDF155-L35-S1-Q001,BIO26-L35,أحياء 4,البناء الضوئي والتنفس الخلوي,155,1,1,B,1,تجميعات الأحياء 2026 — مفتاح الإجابة في PDF p.155,SOURCE_ANSWER_STRIP_EMBEDDED_TEXT,PASS_SOURCE_KEY
TAH-BIO-BIO26-L35-Q002,BIO26-PDF155-L35-S1-Q002,BIO26-L35,أحياء 4,البناء الضوئي والتنفس الخلوي,155,1,2,C,2,تجميعات الأحياء 2026 — مفتاح الإجابة في PDF p.155,SOURCE_ANSWER_STRIP_EMBEDDED_TEXT,PASS_SOURCE_KEY
TAH-BIO-BIO26-L35-Q003,BIO26-PDF155-L35-S1-Q003,BIO26-L35,أحياء 4,البناء الضوئي والتنفس الخلوي,155,1,3,A,0,تجميعات الأحياء 2026 — مفتاح الإجابة في PDF p.155,SOURCE_ANSWER_STRIP_EMBEDDED_TEXT,PASS_SOURCE_KEY
TAH-BIO-BIO26-L35-Q004,BIO26-PDF155-L35-S1-Q004,BIO26-L35,أحياء 4,البناء الضوئي والتنفس الخلوي,155,1,4,C,2,تجميعات الأحياء 2026 — مفتاح الإجابة في PDF p.155,SOURCE_ANSWER_STRIP_EMBEDDED_TEXT,PASS_SOURCE_KEY
TAH-BIO-BIO26-L35-Q005,BIO26-PDF155-L35-S1-Q005,BIO26-L35,أحياء 4,البناء الضوئي والتنفس الخلوي,155,1,5,A,0,تجميعات الأحياء 2026 — مفتاح الإجابة في PDF p.155,SOURCE_ANSWER_STRIP_EMBEDDED_TEXT,PASS_SOURCE_KEY
TAH-BIO-BIO26-L35-Q006,BIO26-PDF155-L35-S1-Q006,BIO26-L35,أحياء 4,البناء الضوئي والتنفس الخلوي,155,1,6,A,0,تجميعات الأحياء 2026 — مفتاح الإجابة في PDF p.155,SOURCE_ANSWER_STRIP_EMBEDDED_TEXT,PASS_SOURCE_KEY
TAH-BIO-BIO26-L35-Q007,BIO26-PDF155-L35-S1-Q007,BIO26-L35,أحياء 4,البناء الضوئي والتنفس الخلوي,155,1,7,D,3,تجميعات الأحياء 2026 — مفتاح الإجابة في PDF p.155,SOURCE_ANSWER_STRIP_EMBEDDED_TEXT,PASS_SOURCE_KEY
TAH-BIO-BIO26-L35-Q008,BIO26-PDF155-L35-S1-Q008,BIO26-L35,أحياء 4,البناء الضوئي والتنفس الخلوي,155,1,8,D,3,تجميعات الأحياء 2026 — مفتاح الإجابة في PDF p.155,SOURCE_ANSWER_STRIP_EMBEDDED_TEXT,PASS_SOURCE_KEY
TAH-BIO-BIO26-L35-Q009,BIO26-PDF155-L35-S1-Q009,BIO26-L35,أحياء 4,البناء الضوئي والتنفس الخلوي,155,1,9,B,1,تجميعات الأحياء 2026 — مفتاح الإجابة في PDF p.155,SOURCE_ANSWER_STRIP_EMBEDDED_TEXT,PASS_SOURCE_KEY
TAH-BIO-BIO26-L35-Q010,BIO26-PDF155-L35-S1-Q010,BIO26-L35,أحياء 4,البناء الضوئي والتنفس الخلوي,155,1,10,C,2,تجميعات الأحياء 2026 — مفتاح الإجابة في PDF p.155,SOURCE_ANSWER_STRIP_EMBEDDED_TEXT,PASS_SOURCE_KEY
TAH-BIO-BIO26-L35-Q011,BIO26-PDF155-L35-S1-Q011,BIO26-L35,أحياء 4,البناء الضوئي والتنفس الخلوي,155,1,11,A,0,تجميعات الأحياء 2026 — مفتاح الإجابة في PDF p.155,SOURCE_ANSWER_STRIP_EMBEDDED_TEXT,PASS_SOURCE_KEY
TAH-BIO-BIO26-L35-Q012,BIO26-PDF155-L35-S1-Q012,BIO26-L35,أحياء 4,البناء الضوئي والتنفس الخلوي,155,1,12,A,0,تجميعات الأحياء 2026 — مفتاح الإجابة في PDF p.155,SOURCE_ANSWER_STRIP_EMBEDDED_TEXT,PASS_SOURCE_KEY
TAH-BIO-BIO26-L35-Q013,BIO26-PDF155-L35-S1-Q013,BIO26-L35,أحياء 4,البناء الضوئي والتنفس الخلوي,155,1,13,C,2,تجميعات الأحياء 2026 — مفتاح الإجابة في PDF p.155,SOURCE_ANSWER_STRIP_EMBEDDED_TEXT,PASS_SOURCE_KEY
TAH-BIO-BIO26-L35-Q014,BIO26-PDF155-L35-S1-Q014,BIO26-L35,أحياء 4,البناء الضوئي والتنفس الخلوي,155,1,14,D,3,تجميعات الأحياء 2026 — مفتاح الإجابة في PDF p.155,SOURCE_ANSWER_STRIP_EMBEDDED_TEXT,PASS_SOURCE_KEY
TAH-BIO-BIO26-L35-Q015,BIO26-PDF155-L35-S1-Q015,BIO26-L35,أحياء 4,البناء الضوئي والتنفس الخلوي,155,1,15,C,2,تجميعات الأحياء 2026 — مفتاح الإجابة في PDF p.155,SOURCE_ANSWER_STRIP_EMBEDDED_TEXT,PASS_SOURCE_KEY
TAH-BIO-BIO26-L35-Q016,BIO26-PDF156-L35-S1-Q016,BIO26-L35,أحياء 4,البناء الضوئي والتنفس الخلوي,156,1,16,C,2,تجميعات الأحياء 2026 — مفتاح الإجابة في PDF p.156,SOURCE_ANSWER_STRIP_EMBEDDED_TEXT,PASS_SOURCE_KEY
TAH-BIO-BIO26-L35-Q017,BIO26-PDF156-L35-S1-Q017,BIO26-L35,أحياء 4,البناء الضوئي والتنفس الخلوي,156,1,17,B,1,تجميعات الأحياء 2026 — مفتاح الإجابة في PDF p.156,SOURCE_ANSWER_STRIP_EMBEDDED_TEXT,PASS_SOURCE_KEY
TAH-BIO-BIO26-L35-Q018,BIO26-PDF156-L35-S1-Q018,BIO26-L35,أحياء 4,البناء الضوئي والتنفس الخلوي,156,1,18,B,1,تجميعات الأحياء 2026 — مفتاح الإجابة في PDF p.156,SOURCE_ANSWER_STRIP_EMBEDDED_TEXT,PASS_SOURCE_KEY
TAH-BIO-BIO26-L35-Q019,BIO26-PDF156-L35-S1-Q019,BIO26-L35,أحياء 4,البناء الضوئي والتنفس الخلوي,156,1,19,C,2,تجميعات الأحياء 2026 — مفتاح الإجابة في PDF p.156,SOURCE_ANSWER_STRIP_EMBEDDED_TEXT,PASS_SOURCE_KEY
TAH-BIO-BIO26-L35-Q020,BIO26-PDF156-L35-S1-Q020,BIO26-L35,أحياء 4,البناء الضوئي والتنفس الخلوي,156,1,20,C,2,تجميعات الأحياء 2026 — مفتاح الإجابة في PDF p.156,SOURCE_ANSWER_STRIP_EMBEDDED_TEXT,PASS_SOURCE_KEY
TAH-BIO-BIO26-L35-Q021,BIO26-PDF156-L35-S1-Q021,BIO26-L35,أحياء 4,البناء الضوئي والتنفس الخلوي,156,1,21,C,2,تجميعات الأحياء 2026 — مفتاح الإجابة في PDF p.156,SOURCE_ANSWER_STRIP_EMBEDDED_TEXT,PASS_SOURCE_KEY
TAH-BIO-BIO26-L35-Q022,BIO26-PDF156-L35-S1-Q022,BIO26-L35,أحياء 4,البناء الضوئي والتنفس الخلوي,156,1,22,C,2,تجميعات الأحياء 2026 — مفتاح الإجابة في PDF p.156,SOURCE_ANSWER_STRIP_EMBEDDED_TEXT,PASS_SOURCE_KEY
TAH-BIO-BIO26-L35-Q023,BIO26-PDF156-L35-S1-Q023,BIO26-L35,أحياء 4,البناء الضوئي والتنفس الخلوي,156,1,23,B,1,تجميعات الأحياء 2026 — مفتاح الإجابة في PDF p.156,SOURCE_ANSWER_STRIP_EMBEDDED_TEXT,PASS_SOURCE_KEY
TAH-BIO-BIO26-L35-Q024,BIO26-PDF156-L35-S1-Q024,BIO26-L35,أحياء 4,البناء الضوئي والتنفس الخلوي,156,1,24,B,1,تجميعات الأحياء 2026 — مفتاح الإجابة في PDF p.156,SOURCE_ANSWER_STRIP_EMBEDDED_TEXT,PASS_SOURCE_KEY
TAH-BIO-BIO26-L35-Q025,BIO26-PDF156-L35-S1-Q025,BIO26-L35,أحياء 4,البناء الضوئي والتنفس الخلوي,156,1,25,B,1,تجميعات الأحياء 2026 — مفتاح الإجابة في PDF p.156,SOURCE_ANSWER_STRIP_EMBEDDED_TEXT,PASS_SOURCE_KEY
TAH-BIO-BIO26-L35-Q026,BIO26-PDF156-L35-S1-Q026,BIO26-L35,أحياء 4,البناء الضوئي والتنفس الخلوي,156,1,26,A,0,تجميعات الأحياء 2026 — مفتاح الإجابة في PDF p.156,SOURCE_ANSWER_STRIP_EMBEDDED_TEXT,PASS_SOURCE_KEY
TAH-BIO-BIO26-L35-Q027,BIO26-PDF156-L35-S1-Q027,BIO26-L35,أحياء 4,البناء الضوئي والتنفس الخلوي,156,1,27,B,1,تجميعات الأحياء 2026 — مفتاح الإجابة في PDF p.156,SOURCE_ANSWER_STRIP_EMBEDDED_TEXT,PASS_SOURCE_KEY
TAH-BIO-BIO26-L35-Q028,BIO26-PDF156-L35-S1-Q028,BIO26-L35,أحياء 4,البناء الضوئي والتنفس الخلوي,156,1,28,B,1,تجميعات الأحياء 2026 — مفتاح الإجابة في PDF p.156,SOURCE_ANSWER_STRIP_EMBEDDED_TEXT,PASS_SOURCE_KEY
TAH-BIO-BIO26-L35-Q029,BIO26-PDF157-L35-S1-Q029,BIO26-L35,أحياء 4,البناء الضوئي والتنفس الخلوي,157,1,29,B,1,تجميعات الأحياء 2026 — مفتاح الإجابة في PDF p.157,SOURCE_ANSWER_STRIP_EMBEDDED_TEXT,PASS_SOURCE_KEY
TAH-BIO-BIO26-L35-Q030,BIO26-PDF157-L35-S1-Q030,BIO26-L35,أحياء 4,البناء الضوئي والتنفس الخلوي,157,1,30,D,3,تجميعات الأحياء 2026 — مفتاح الإجابة في PDF p.157,SOURCE_ANSWER_STRIP_EMBEDDED_TEXT,PASS_SOURCE_KEY
TAH-BIO-BIO26-L35-Q031,BIO26-PDF157-L35-S1-Q031,BIO26-L35,أحياء 4,البناء الضوئي والتنفس الخلوي,157,1,31,C,2,تجميعات الأحياء 2026 — مفتاح الإجابة في PDF p.157,SOURCE_ANSWER_STRIP_EMBEDDED_TEXT,PASS_SOURCE_KEY
TAH-BIO-BIO26-L35-Q032,BIO26-PDF157-L35-S1-Q032,BIO26-L35,أحياء 4,البناء الضوئي والتنفس الخلوي,157,1,32,A,0,تجميعات الأحياء 2026 — مفتاح الإجابة في PDF p.157,SOURCE_ANSWER_STRIP_EMBEDDED_TEXT,PASS_SOURCE_KEY
TAH-BIO-BIO26-L35-Q033,BIO26-PDF157-L35-S1-Q033,BIO26-L35,أحياء 4,البناء الضوئي والتنفس الخلوي,157,1,33,A,0,تجميعات الأحياء 2026 — مفتاح الإجابة في PDF p.157,SOURCE_ANSWER_STRIP_EMBEDDED_TEXT,PASS_SOURCE_KEY
TAH-BIO-BIO26-L35-Q034,BIO26-PDF157-L35-S1-Q034,BIO26-L35,أحياء 4,البناء الضوئي والتنفس الخلوي,157,1,34,A,0,تجميعات الأحياء 2026 — مفتاح الإجابة في PDF p.157,SOURCE_ANSWER_STRIP_EMBEDDED_TEXT,PASS_SOURCE_KEY
TAH-BIO-BIO26-L35-Q035,BIO26-PDF157-L35-S1-Q035,BIO26-L35,أحياء 4,البناء الضوئي والتنفس الخلوي,157,1,35,B,1,تجميعات الأحياء 2026 — مفتاح الإجابة في PDF p.157,SOURCE_ANSWER_STRIP_EMBEDDED_TEXT,PASS_SOURCE_KEY
TAH-BIO-BIO26-L35-Q036,BIO26-PDF157-L35-S1-Q036,BIO26-L35,أحياء 4,البناء الضوئي والتنفس الخلوي,157,1,36,A,0,تجميعات الأحياء 2026 — مفتاح الإجابة في PDF p.157,SOURCE_ANSWER_STRIP_EMBEDDED_TEXT,PASS_SOURCE_KEY
TAH-BIO-BIO26-L35-Q037,BIO26-PDF157-L35-S1-Q037,BIO26-L35,أحياء 4,البناء الضوئي والتنفس الخلوي,157,1,37,C,2,تجميعات الأحياء 2026 — مفتاح الإجابة في PDF p.157,SOURCE_ANSWER_STRIP_EMBEDDED_TEXT,PASS_SOURCE_KEY
TAH-BIO-BIO26-L35-Q038,BIO26-PDF158-L35-S2-Q038,BIO26-L35,أحياء 4,البناء الضوئي والتنفس الخلوي,158,2,38,A,0,تجميعات الأحياء 2026 — مفتاح الإجابة في PDF p.158,SOURCE_ANSWER_STRIP_EMBEDDED_TEXT,PASS_SOURCE_KEY
TAH-BIO-BIO26-L35-Q039,BIO26-PDF158-L35-S2-Q039,BIO26-L35,أحياء 4,البناء الضوئي والتنفس الخلوي,158,2,39,B,1,تجميعات الأحياء 2026 — مفتاح الإجابة في PDF p.158,SOURCE_ANSWER_STRIP_EMBEDDED_TEXT,PASS_SOURCE_KEY
TAH-BIO-BIO26-L35-Q040,BIO26-PDF158-L35-S2-Q040,BIO26-L35,أحياء 4,البناء الضوئي والتنفس الخلوي,158,2,40,A,0,تجميعات الأحياء 2026 — مفتاح الإجابة في PDF p.158,SOURCE_ANSWER_STRIP_EMBEDDED_TEXT,PASS_SOURCE_KEY
TAH-BIO-BIO26-L35-Q041,BIO26-PDF158-L35-S2-Q041,BIO26-L35,أحياء 4,البناء الضوئي والتنفس الخلوي,158,2,41,A,0,تجميعات الأحياء 2026 — مفتاح الإجابة في PDF p.158,SOURCE_ANSWER_STRIP_EMBEDDED_TEXT,PASS_SOURCE_KEY
TAH-BIO-BIO26-L35-Q042,BIO26-PDF158-L35-S2-Q042,BIO26-L35,أحياء 4,البناء الضوئي والتنفس الخلوي,158,2,42,A,0,تجميعات الأحياء 2026 — مفتاح الإجابة في PDF p.158,SOURCE_ANSWER_STRIP_EMBEDDED_TEXT,PASS_SOURCE_KEY
TAH-BIO-BIO26-L35-Q043,BIO26-PDF158-L35-S2-Q043,BIO26-L35,أحياء 4,البناء الضوئي والتنفس الخلوي,158,2,43,D,3,تجميعات الأحياء 2026 — مفتاح الإجابة في PDF p.158,SOURCE_ANSWER_STRIP_EMBEDDED_TEXT,PASS_SOURCE_KEY
TAH-BIO-BIO26-L35-Q044,BIO26-PDF158-L35-S2-Q044,BIO26-L35,أحياء 4,البناء الضوئي والتنفس الخلوي,158,2,44,A,0,تجميعات الأحياء 2026 — مفتاح الإجابة في PDF p.158,SOURCE_ANSWER_STRIP_EMBEDDED_TEXT,PASS_SOURCE_KEY
TAH-BIO-BIO26-L35-Q045,BIO26-PDF158-L35-S2-Q045,BIO26-L35,أحياء 4,البناء الضوئي والتنفس الخلوي,158,2,45,A,0,تجميعات الأحياء 2026 — مفتاح الإجابة في PDF p.158,SOURCE_ANSWER_STRIP_EMBEDDED_TEXT,PASS_SOURCE_KEY
TAH-BIO-BIO26-L35-Q046,BIO26-PDF158-L35-S2-Q046,BIO26-L35,أحياء 4,البناء الضوئي والتنفس الخلوي,158,2,46,D,3,تجميعات الأحياء 2026 — مفتاح الإجابة في PDF p.158,SOURCE_ANSWER_STRIP_EMBEDDED_TEXT,PASS_SOURCE_KEY
TAH-BIO-BIO26-L35-Q047,BIO26-PDF158-L35-S2-Q047,BIO26-L35,أحياء 4,البناء الضوئي والتنفس الخلوي,158,2,47,D,3,تجميعات الأحياء 2026 — مفتاح الإجابة في PDF p.158,SOURCE_ANSWER_STRIP_EMBEDDED_TEXT,PASS_SOURCE_KEY
TAH-BIO-BIO26-L35-Q048,BIO26-PDF158-L35-S2-Q048,BIO26-L35,أحياء 4,البناء الضوئي والتنفس الخلوي,158,2,48,C,2,تجميعات الأحياء 2026 — مفتاح الإجابة في PDF p.158,SOURCE_ANSWER_STRIP_EMBEDDED_TEXT,PASS_SOURCE_KEY
TAH-BIO-BIO26-L35-Q049,BIO26-PDF158-L35-S2-Q049,BIO26-L35,أحياء 4,البناء الضوئي والتنفس الخلوي,158,2,49,C,2,تجميعات الأحياء 2026 — مفتاح الإجابة في PDF p.158,SOURCE_ANSWER_STRIP_EMBEDDED_TEXT,PASS_SOURCE_KEY
TAH-BIO-BIO26-L35-Q050,BIO26-PDF158-L35-S2-Q050,BIO26-L35,أحياء 4,البناء الضوئي والتنفس الخلوي,158,2,50,D,3,تجميعات الأحياء 2026 — مفتاح الإجابة في PDF p.158,SOURCE_ANSWER_STRIP_EMBEDDED_TEXT,PASS_SOURCE_KEY
TAH-BIO-BIO26-L35-Q051,BIO26-PDF158-L35-S2-Q051,BIO26-L35,أحياء 4,البناء الضوئي والتنفس الخلوي,158,2,51,B,1,تجميعات الأحياء 2026 — مفتاح الإجابة في PDF p.158,SOURCE_ANSWER_STRIP_EMBEDDED_TEXT,PASS_SOURCE_KEY
TAH-BIO-BIO26-L35-Q052,BIO26-PDF158-L35-S2-Q052,BIO26-L35,أحياء 4,البناء الضوئي والتنفس الخلوي,158,2,52,B,1,تجميعات الأحياء 2026 — مفتاح الإجابة في PDF p.158,SOURCE_ANSWER_STRIP_EMBEDDED_TEXT,PASS_SOURCE_KEY
TAH-BIO-BIO26-L35-Q053,BIO26-PDF158-L35-S2-Q053,BIO26-L35,أحياء 4,البناء الضوئي والتنفس الخلوي,158,2,53,B,1,تجميعات الأحياء 2026 — مفتاح الإجابة في PDF p.158,SOURCE_ANSWER_STRIP_EMBEDDED_TEXT,PASS_SOURCE_KEY
TAH-BIO-BIO26-L35-Q054,BIO26-PDF158-L35-S2-Q054,BIO26-L35,أحياء 4,البناء الضوئي والتنفس الخلوي,158,2,54,B,1,تجميعات الأحياء 2026 — مفتاح الإجابة في PDF p.158,SOURCE_ANSWER_STRIP_EMBEDDED_TEXT,PASS_SOURCE_KEY
TAH-BIO-BIO26-L35-Q055,BIO26-PDF158-L35-S2-Q055,BIO26-L35,أحياء 4,البناء الضوئي والتنفس الخلوي,158,2,55,D,3,تجميعات الأحياء 2026 — مفتاح الإجابة في PDF p.158,SOURCE_ANSWER_STRIP_EMBEDDED_TEXT,PASS_SOURCE_KEY
TAH-BIO-BIO26-L35-Q056,BIO26-PDF159-L35-S2-Q056,BIO26-L35,أحياء 4,البناء الضوئي والتنفس الخلوي,159,2,56,D,3,تجميعات الأحياء 2026 — مفتاح الإجابة في PDF p.159,SOURCE_ANSWER_STRIP_EMBEDDED_TEXT,PASS_SOURCE_KEY
TAH-BIO-BIO26-L35-Q057,BIO26-PDF159-L35-S2-Q057,BIO26-L35,أحياء 4,البناء الضوئي والتنفس الخلوي,159,2,57,A,0,تجميعات الأحياء 2026 — مفتاح الإجابة في PDF p.159,SOURCE_ANSWER_STRIP_EMBEDDED_TEXT,PASS_SOURCE_KEY
TAH-BIO-BIO26-L35-Q058,BIO26-PDF159-L35-S2-Q058,BIO26-L35,أحياء 4,البناء الضوئي والتنفس الخلوي,159,2,58,B,1,تجميعات الأحياء 2026 — مفتاح الإجابة في PDF p.159,SOURCE_ANSWER_STRIP_EMBEDDED_TEXT,PASS_SOURCE_KEY
TAH-BIO-BIO26-L36-Q001,BIO26-PDF160-L36-S1-Q001,BIO26-L36,أحياء 4,التكاثر الخلوي,160,1,1,C,2,تجميعات الأحياء 2026 — مفتاح الإجابة في PDF p.160,SOURCE_ANSWER_STRIP_EMBEDDED_TEXT,PASS_SOURCE_KEY
TAH-BIO-BIO26-L36-Q002,BIO26-PDF160-L36-S1-Q002,BIO26-L36,أحياء 4,التكاثر الخلوي,160,1,2,C,2,تجميعات الأحياء 2026 — مفتاح الإجابة في PDF p.160,SOURCE_ANSWER_STRIP_EMBEDDED_TEXT,PASS_SOURCE_KEY
TAH-BIO-BIO26-L36-Q003,BIO26-PDF160-L36-S1-Q003,BIO26-L36,أحياء 4,التكاثر الخلوي,160,1,3,D,3,تجميعات الأحياء 2026 — مفتاح الإجابة في PDF p.160,SOURCE_ANSWER_STRIP_EMBEDDED_TEXT,PASS_SOURCE_KEY
TAH-BIO-BIO26-L36-Q004,BIO26-PDF160-L36-S1-Q004,BIO26-L36,أحياء 4,التكاثر الخلوي,160,1,4,A,0,تجميعات الأحياء 2026 — مفتاح الإجابة في PDF p.160,SOURCE_ANSWER_STRIP_EMBEDDED_TEXT,PASS_SOURCE_KEY
TAH-BIO-BIO26-L36-Q005,BIO26-PDF160-L36-S1-Q005,BIO26-L36,أحياء 4,التكاثر الخلوي,160,1,5,D,3,تجميعات الأحياء 2026 — مفتاح الإجابة في PDF p.160,SOURCE_ANSWER_STRIP_EMBEDDED_TEXT,PASS_SOURCE_KEY
TAH-BIO-BIO26-L36-Q006,BIO26-PDF160-L36-S1-Q006,BIO26-L36,أحياء 4,التكاثر الخلوي,160,1,6,C,2,تجميعات الأحياء 2026 — مفتاح الإجابة في PDF p.160,SOURCE_ANSWER_STRIP_EMBEDDED_TEXT,PASS_SOURCE_KEY
TAH-BIO-BIO26-L36-Q007,BIO26-PDF160-L36-S1-Q007,BIO26-L36,أحياء 4,التكاثر الخلوي,160,1,7,B,1,تجميعات الأحياء 2026 — مفتاح الإجابة في PDF p.160,SOURCE_ANSWER_STRIP_EMBEDDED_TEXT,PASS_SOURCE_KEY
TAH-BIO-BIO26-L36-Q008,BIO26-PDF160-L36-S1-Q008,BIO26-L36,أحياء 4,التكاثر الخلوي,160,1,8,B,1,تجميعات الأحياء 2026 — مفتاح الإجابة في PDF p.160,SOURCE_ANSWER_STRIP_EMBEDDED_TEXT,PASS_SOURCE_KEY
TAH-BIO-BIO26-L36-Q009,BIO26-PDF160-L36-S1-Q009,BIO26-L36,أحياء 4,التكاثر الخلوي,160,1,9,D,3,تجميعات الأحياء 2026 — مفتاح الإجابة في PDF p.160,SOURCE_ANSWER_STRIP_EMBEDDED_TEXT,PASS_SOURCE_KEY
TAH-BIO-BIO26-L36-Q010,BIO26-PDF160-L36-S1-Q010,BIO26-L36,أحياء 4,التكاثر الخلوي,160,1,10,A,0,تجميعات الأحياء 2026 — مفتاح الإجابة في PDF p.160,SOURCE_ANSWER_STRIP_EMBEDDED_TEXT,PASS_SOURCE_KEY
TAH-BIO-BIO26-L36-Q011,BIO26-PDF160-L36-S1-Q011,BIO26-L36,أحياء 4,التكاثر الخلوي,160,1,11,A,0,تجميعات الأحياء 2026 — مفتاح الإجابة في PDF p.160,SOURCE_ANSWER_STRIP_EMBEDDED_TEXT,PASS_SOURCE_KEY
TAH-BIO-BIO26-L36-Q012,BIO26-PDF160-L36-S1-Q012,BIO26-L36,أحياء 4,التكاثر الخلوي,160,1,12,C,2,تجميعات الأحياء 2026 — مفتاح الإجابة في PDF p.160,SOURCE_ANSWER_STRIP_EMBEDDED_TEXT,PASS_SOURCE_KEY
TAH-BIO-BIO26-L36-Q013,BIO26-PDF160-L36-S1-Q013,BIO26-L36,أحياء 4,التكاثر الخلوي,160,1,13,C,2,تجميعات الأحياء 2026 — مفتاح الإجابة في PDF p.160,SOURCE_ANSWER_STRIP_EMBEDDED_TEXT,PASS_SOURCE_KEY
TAH-BIO-BIO26-L36-Q014,BIO26-PDF160-L36-S1-Q014,BIO26-L36,أحياء 4,التكاثر الخلوي,160,1,14,B,1,تجميعات الأحياء 2026 — مفتاح الإجابة في PDF p.160,SOURCE_ANSWER_STRIP_EMBEDDED_TEXT,PASS_SOURCE_KEY
TAH-BIO-BIO26-L36-Q015,BIO26-PDF160-L36-S1-Q015,BIO26-L36,أحياء 4,التكاثر الخلوي,160,1,15,B,1,تجميعات الأحياء 2026 — مفتاح الإجابة في PDF p.160,SOURCE_ANSWER_STRIP_EMBEDDED_TEXT,PASS_SOURCE_KEY
TAH-BIO-BIO26-L36-Q016,BIO26-PDF161-L36-S1-Q016,BIO26-L36,أحياء 4,التكاثر الخلوي,161,1,16,B,1,تجميعات الأحياء 2026 — مفتاح الإجابة في PDF p.161,SOURCE_ANSWER_STRIP_EMBEDDED_TEXT,PASS_SOURCE_KEY
TAH-BIO-BIO26-L36-Q017,BIO26-PDF161-L36-S1-Q017,BIO26-L36,أحياء 4,التكاثر الخلوي,161,1,17,A,0,تجميعات الأحياء 2026 — مفتاح الإجابة في PDF p.161,SOURCE_ANSWER_STRIP_EMBEDDED_TEXT,PASS_SOURCE_KEY
TAH-BIO-BIO26-L36-Q018,BIO26-PDF161-L36-S1-Q018,BIO26-L36,أحياء 4,التكاثر الخلوي,161,1,18,C,2,تجميعات الأحياء 2026 — مفتاح الإجابة في PDF p.161,SOURCE_ANSWER_STRIP_EMBEDDED_TEXT,PASS_SOURCE_KEY
TAH-BIO-BIO26-L36-Q019,BIO26-PDF161-L36-S1-Q019,BIO26-L36,أحياء 4,التكاثر الخلوي,161,1,19,A,0,تجميعات الأحياء 2026 — مفتاح الإجابة في PDF p.161,SOURCE_ANSWER_STRIP_EMBEDDED_TEXT,PASS_SOURCE_KEY
TAH-BIO-BIO26-L36-Q020,BIO26-PDF161-L36-S1-Q020,BIO26-L36,أحياء 4,التكاثر الخلوي,161,1,20,D,3,تجميعات الأحياء 2026 — مفتاح الإجابة في PDF p.161,SOURCE_ANSWER_STRIP_EMBEDDED_TEXT,PASS_SOURCE_KEY
TAH-BIO-BIO26-L36-Q021,BIO26-PDF161-L36-S1-Q021,BIO26-L36,أحياء 4,التكاثر الخلوي,161,1,21,B,1,تجميعات الأحياء 2026 — مفتاح الإجابة في PDF p.161,SOURCE_ANSWER_STRIP_EMBEDDED_TEXT,PASS_SOURCE_KEY
TAH-BIO-BIO26-L36-Q022,BIO26-PDF161-L36-S1-Q022,BIO26-L36,أحياء 4,التكاثر الخلوي,161,1,22,C,2,تجميعات الأحياء 2026 — مفتاح الإجابة في PDF p.161,SOURCE_ANSWER_STRIP_EMBEDDED_TEXT,PASS_SOURCE_KEY
TAH-BIO-BIO26-L36-Q023,BIO26-PDF161-L36-S1-Q023,BIO26-L36,أحياء 4,التكاثر الخلوي,161,1,23,B,1,تجميعات الأحياء 2026 — مفتاح الإجابة في PDF p.161,SOURCE_ANSWER_STRIP_EMBEDDED_TEXT,PASS_SOURCE_KEY
TAH-BIO-BIO26-L36-Q024,BIO26-PDF161-L36-S1-Q024,BIO26-L36,أحياء 4,التكاثر الخلوي,161,1,24,C,2,تجميعات الأحياء 2026 — مفتاح الإجابة في PDF p.161,SOURCE_ANSWER_STRIP_EMBEDDED_TEXT,PASS_SOURCE_KEY
TAH-BIO-BIO26-L36-Q025,BIO26-PDF161-L36-S1-Q025,BIO26-L36,أحياء 4,التكاثر الخلوي,161,1,25,B,1,تجميعات الأحياء 2026 — مفتاح الإجابة في PDF p.161,SOURCE_ANSWER_STRIP_EMBEDDED_TEXT,PASS_SOURCE_KEY
TAH-BIO-BIO26-L36-Q026,BIO26-PDF161-L36-S1-Q026,BIO26-L36,أحياء 4,التكاثر الخلوي,161,1,26,A,0,تجميعات الأحياء 2026 — مفتاح الإجابة في PDF p.161,SOURCE_ANSWER_STRIP_EMBEDDED_TEXT,PASS_SOURCE_KEY
TAH-BIO-BIO26-L36-Q027,BIO26-PDF161-L36-S1-Q027,BIO26-L36,أحياء 4,التكاثر الخلوي,161,1,27,D,3,تجميعات الأحياء 2026 — مفتاح الإجابة في PDF p.161,SOURCE_ANSWER_STRIP_EMBEDDED_TEXT,PASS_SOURCE_KEY
TAH-BIO-BIO26-L36-Q028,BIO26-PDF161-L36-S1-Q028,BIO26-L36,أحياء 4,التكاثر الخلوي,161,1,28,A,0,تجميعات الأحياء 2026 — مفتاح الإجابة في PDF p.161,SOURCE_ANSWER_STRIP_EMBEDDED_TEXT,PASS_SOURCE_KEY
TAH-BIO-BIO26-L36-Q029,BIO26-PDF161-L36-S1-Q029,BIO26-L36,أحياء 4,التكاثر الخلوي,161,1,29,C,2,تجميعات الأحياء 2026 — مفتاح الإجابة في PDF p.161,SOURCE_ANSWER_STRIP_EMBEDDED_TEXT,PASS_SOURCE_KEY
TAH-BIO-BIO26-L36-Q030,BIO26-PDF161-L36-S1-Q030,BIO26-L36,أحياء 4,التكاثر الخلوي,161,1,30,A,0,تجميعات الأحياء 2026 — مفتاح الإجابة في PDF p.161,SOURCE_ANSWER_STRIP_EMBEDDED_TEXT,PASS_SOURCE_KEY
TAH-BIO-BIO26-L36-Q031,BIO26-PDF161-L36-S1-Q031,BIO26-L36,أحياء 4,التكاثر الخلوي,161,1,31,B,1,تجميعات الأحياء 2026 — مفتاح الإجابة في PDF p.161,SOURCE_ANSWER_STRIP_EMBEDDED_TEXT,PASS_SOURCE_KEY
TAH-BIO-BIO26-L36-Q032,BIO26-PDF162-L36-S1-Q032,BIO26-L36,أحياء 4,التكاثر الخلوي,162,1,32,B,1,تجميعات الأحياء 2026 — مفتاح الإجابة في PDF p.162,SOURCE_ANSWER_STRIP_EMBEDDED_TEXT,PASS_SOURCE_KEY
TAH-BIO-BIO26-L36-Q033,BIO26-PDF162-L36-S1-Q033,BIO26-L36,أحياء 4,التكاثر الخلوي,162,1,33,A,0,تجميعات الأحياء 2026 — مفتاح الإجابة في PDF p.162,SOURCE_ANSWER_STRIP_EMBEDDED_TEXT,PASS_SOURCE_KEY
TAH-BIO-BIO26-L36-Q034,BIO26-PDF162-L36-S1-Q034,BIO26-L36,أحياء 4,التكاثر الخلوي,162,1,34,A,0,تجميعات الأحياء 2026 — مفتاح الإجابة في PDF p.162,SOURCE_ANSWER_STRIP_EMBEDDED_TEXT,PASS_SOURCE_KEY
TAH-BIO-BIO26-L36-Q035,BIO26-PDF162-L36-S1-Q035,BIO26-L36,أحياء 4,التكاثر الخلوي,162,1,35,A,0,تجميعات الأحياء 2026 — مفتاح الإجابة في PDF p.162,SOURCE_ANSWER_STRIP_EMBEDDED_TEXT,PASS_SOURCE_KEY
TAH-BIO-BIO26-L36-Q036,BIO26-PDF162-L36-S1-Q036,BIO26-L36,أحياء 4,التكاثر الخلوي,162,1,36,B,1,تجميعات الأحياء 2026 — مفتاح الإجابة في PDF p.162,SOURCE_ANSWER_STRIP_EMBEDDED_TEXT,PASS_SOURCE_KEY
TAH-BIO-BIO26-L36-Q037,BIO26-PDF162-L36-S1-Q037,BIO26-L36,أحياء 4,التكاثر الخلوي,162,1,37,D,3,تجميعات الأحياء 2026 — مفتاح الإجابة في PDF p.162,SOURCE_ANSWER_STRIP_EMBEDDED_TEXT,PASS_SOURCE_KEY
TAH-BIO-BIO26-L36-Q038,BIO26-PDF162-L36-S1-Q038,BIO26-L36,أحياء 4,التكاثر الخلوي,162,1,38,A,0,تجميعات الأحياء 2026 — مفتاح الإجابة في PDF p.162,SOURCE_ANSWER_STRIP_EMBEDDED_TEXT,PASS_SOURCE_KEY
TAH-BIO-BIO26-L36-Q039,BIO26-PDF162-L36-S1-Q039,BIO26-L36,أحياء 4,التكاثر الخلوي,162,1,39,B,1,تجميعات الأحياء 2026 — مفتاح الإجابة في PDF p.162,SOURCE_ANSWER_STRIP_EMBEDDED_TEXT,PASS_SOURCE_KEY
TAH-BIO-BIO26-L36-Q040,BIO26-PDF162-L36-S1-Q040,BIO26-L36,أحياء 4,التكاثر الخلوي,162,1,40,C,2,تجميعات الأحياء 2026 — مفتاح الإجابة في PDF p.162,SOURCE_ANSWER_STRIP_EMBEDDED_TEXT,PASS_SOURCE_KEY
TAH-BIO-BIO26-L36-Q041,BIO26-PDF163-L36-S1-Q041,BIO26-L36,أحياء 4,التكاثر الخلوي,163,1,41,B,1,تجميعات الأحياء 2026 — مفتاح الإجابة في PDF p.163,SOURCE_ANSWER_STRIP_EMBEDDED_TEXT,PASS_SOURCE_KEY
TAH-BIO-BIO26-L36-Q042,BIO26-PDF163-L36-S1-Q042,BIO26-L36,أحياء 4,التكاثر الخلوي,163,1,42,A,0,تجميعات الأحياء 2026 — مفتاح الإجابة في PDF p.163,SOURCE_ANSWER_STRIP_EMBEDDED_TEXT,PASS_SOURCE_KEY
TAH-BIO-BIO26-L36-Q043,BIO26-PDF163-L36-S1-Q043,BIO26-L36,أحياء 4,التكاثر الخلوي,163,1,43,C,2,تجميعات الأحياء 2026 — مفتاح الإجابة في PDF p.163,SOURCE_ANSWER_STRIP_EMBEDDED_TEXT,PASS_SOURCE_KEY
TAH-BIO-BIO26-L36-Q044,BIO26-PDF163-L36-S1-Q044,BIO26-L36,أحياء 4,التكاثر الخلوي,163,1,44,A,0,تجميعات الأحياء 2026 — مفتاح الإجابة في PDF p.163,SOURCE_ANSWER_STRIP_EMBEDDED_TEXT,PASS_SOURCE_KEY
TAH-BIO-BIO26-L36-Q045,BIO26-PDF163-L36-S1-Q045,BIO26-L36,أحياء 4,التكاثر الخلوي,163,1,45,A,0,تجميعات الأحياء 2026 — مفتاح الإجابة في PDF p.163,SOURCE_ANSWER_STRIP_EMBEDDED_TEXT,PASS_SOURCE_KEY
TAH-BIO-BIO26-L36-Q046,BIO26-PDF163-L36-S1-Q046,BIO26-L36,أحياء 4,التكاثر الخلوي,163,1,46,D,3,تجميعات الأحياء 2026 — مفتاح الإجابة في PDF p.163,SOURCE_ANSWER_STRIP_EMBEDDED_TEXT,PASS_SOURCE_KEY
TAH-BIO-BIO26-L36-Q047,BIO26-PDF163-L36-S1-Q047,BIO26-L36,أحياء 4,التكاثر الخلوي,163,1,47,B,1,تجميعات الأحياء 2026 — مفتاح الإجابة في PDF p.163,SOURCE_ANSWER_STRIP_EMBEDDED_TEXT,PASS_SOURCE_KEY
TAH-BIO-BIO26-L36-Q048,BIO26-PDF164-L36-S2-Q048,BIO26-L36,أحياء 4,التكاثر الخلوي,164,2,48,A,0,تجميعات الأحياء 2026 — مفتاح الإجابة في PDF p.164,SOURCE_ANSWER_STRIP_VISUAL,PASS_SOURCE_KEY
TAH-BIO-BIO26-L36-Q049,BIO26-PDF164-L36-S2-Q049,BIO26-L36,أحياء 4,التكاثر الخلوي,164,2,49,C,2,تجميعات الأحياء 2026 — مفتاح الإجابة في PDF p.164,SOURCE_ANSWER_STRIP_VISUAL,PASS_SOURCE_KEY
TAH-BIO-BIO26-L36-Q050,BIO26-PDF164-L36-S2-Q050,BIO26-L36,أحياء 4,التكاثر الخلوي,164,2,50,B,1,تجميعات الأحياء 2026 — مفتاح الإجابة في PDF p.164,SOURCE_ANSWER_STRIP_VISUAL,PASS_SOURCE_KEY
TAH-BIO-BIO26-L36-Q051,BIO26-PDF164-L36-S2-Q051,BIO26-L36,أحياء 4,التكاثر الخلوي,164,2,51,C,2,تجميعات الأحياء 2026 — مفتاح الإجابة في PDF p.164,SOURCE_ANSWER_STRIP_VISUAL,PASS_SOURCE_KEY
TAH-BIO-BIO26-L36-Q052,BIO26-PDF164-L36-S2-Q052,BIO26-L36,أحياء 4,التكاثر الخلوي,164,2,52,C,2,تجميعات الأحياء 2026 — مفتاح الإجابة في PDF p.164,SOURCE_ANSWER_STRIP_VISUAL,PASS_SOURCE_KEY
TAH-BIO-BIO26-L36-Q053,BIO26-PDF164-L36-S2-Q053,BIO26-L36,أحياء 4,التكاثر الخلوي,164,2,53,D,3,تجميعات الأحياء 2026 — مفتاح الإجابة في PDF p.164,SOURCE_ANSWER_STRIP_VISUAL,PASS_SOURCE_KEY
TAH-BIO-BIO26-L36-Q054,BIO26-PDF164-L36-S2-Q054,BIO26-L36,أحياء 4,التكاثر الخلوي,164,2,54,A,0,تجميعات الأحياء 2026 — مفتاح الإجابة في PDF p.164,SOURCE_ANSWER_STRIP_VISUAL,PASS_SOURCE_KEY
TAH-BIO-BIO26-L36-Q055,BIO26-PDF164-L36-S2-Q055,BIO26-L36,أحياء 4,التكاثر الخلوي,164,2,55,B,1,تجميعات الأحياء 2026 — مفتاح الإجابة في PDF p.164,SOURCE_ANSWER_STRIP_VISUAL,PASS_SOURCE_KEY
TAH-BIO-BIO26-L36-Q056,BIO26-PDF164-L36-S2-Q056,BIO26-L36,أحياء 4,التكاثر الخلوي,164,2,56,B,1,تجميعات الأحياء 2026 — مفتاح الإجابة في PDF p.164,SOURCE_ANSWER_STRIP_VISUAL,PASS_SOURCE_KEY
TAH-BIO-BIO26-L36-Q057,BIO26-PDF164-L36-S2-Q057,BIO26-L36,أحياء 4,التكاثر الخلوي,164,2,57,D,3,تجميعات الأحياء 2026 — مفتاح الإجابة في PDF p.164,SOURCE_ANSWER_STRIP_VISUAL,PASS_SOURCE_KEY
TAH-BIO-BIO26-L36-Q058,BIO26-PDF164-L36-S2-Q058,BIO26-L36,أحياء 4,التكاثر الخلوي,164,2,58,B,1,تجميعات الأحياء 2026 — مفتاح الإجابة في PDF p.164,SOURCE_ANSWER_STRIP_VISUAL,PASS_SOURCE_KEY
TAH-BIO-BIO26-L36-Q059,BIO26-PDF164-L36-S2-Q059,BIO26-L36,أحياء 4,التكاثر الخلوي,164,2,59,B,1,تجميعات الأحياء 2026 — مفتاح الإجابة في PDF p.164,SOURCE_ANSWER_STRIP_VISUAL,PASS_SOURCE_KEY
TAH-BIO-BIO26-L36-Q060,BIO26-PDF164-L36-S2-Q060,BIO26-L36,أحياء 4,التكاثر الخلوي,164,2,60,B,1,تجميعات الأحياء 2026 — مفتاح الإجابة في PDF p.164,SOURCE_ANSWER_STRIP_VISUAL,PASS_SOURCE_KEY
TAH-BIO-BIO26-L36-Q061,BIO26-PDF164-L36-S2-Q061,BIO26-L36,أحياء 4,التكاثر الخلوي,164,2,61,A,0,تجميعات الأحياء 2026 — مفتاح الإجابة في PDF p.164,SOURCE_ANSWER_STRIP_VISUAL,PASS_SOURCE_KEY
TAH-BIO-BIO26-L36-Q062,BIO26-PDF164-L36-S2-Q062,BIO26-L36,أحياء 4,التكاثر الخلوي,164,2,62,D,3,تجميعات الأحياء 2026 — مفتاح الإجابة في PDF p.164,SOURCE_ANSWER_STRIP_VISUAL,PASS_SOURCE_KEY
TAH-BIO-BIO26-L36-Q063,BIO26-PDF164-L36-S2-Q063,BIO26-L36,أحياء 4,التكاثر الخلوي,164,2,63,B,1,تجميعات الأحياء 2026 — مفتاح الإجابة في PDF p.164,SOURCE_ANSWER_STRIP_VISUAL,PASS_SOURCE_KEY
TAH-BIO-BIO26-L36-Q064,BIO26-PDF165-L36-S2-Q064,BIO26-L36,أحياء 4,التكاثر الخلوي,165,2,64,B,1,تجميعات الأحياء 2026 — مفتاح الإجابة في PDF p.165,SOURCE_ANSWER_STRIP_EMBEDDED_TEXT,PASS_SOURCE_KEY
TAH-BIO-BIO26-L36-Q065,BIO26-PDF165-L36-S2-Q065,BIO26-L36,أحياء 4,التكاثر الخلوي,165,2,65,B,1,تجميعات الأحياء 2026 — مفتاح الإجابة في PDF p.165,SOURCE_ANSWER_STRIP_EMBEDDED_TEXT,PASS_SOURCE_KEY
TAH-BIO-BIO26-L36-Q066,BIO26-PDF165-L36-S2-Q066,BIO26-L36,أحياء 4,التكاثر الخلوي,165,2,66,D,3,تجميعات الأحياء 2026 — مفتاح الإجابة في PDF p.165,SOURCE_ANSWER_STRIP_EMBEDDED_TEXT,PASS_SOURCE_KEY
TAH-BIO-BIO26-L36-Q067,BIO26-PDF165-L36-S2-Q067,BIO26-L36,أحياء 4,التكاثر الخلوي,165,2,67,A,0,تجميعات الأحياء 2026 — مفتاح الإجابة في PDF p.165,SOURCE_ANSWER_STRIP_EMBEDDED_TEXT,PASS_SOURCE_KEY
TAH-BIO-BIO26-L36-Q068,BIO26-PDF165-L36-S2-Q068,BIO26-L36,أحياء 4,التكاثر الخلوي,165,2,68,A,0,تجميعات الأحياء 2026 — مفتاح الإجابة في PDF p.165,SOURCE_ANSWER_STRIP_EMBEDDED_TEXT,PASS_SOURCE_KEY
TAH-BIO-BIO26-L36-Q069,BIO26-PDF165-L36-S2-Q069,BIO26-L36,أحياء 4,التكاثر الخلوي,165,2,69,A,0,تجميعات الأحياء 2026 — مفتاح الإجابة في PDF p.165,SOURCE_ANSWER_STRIP_EMBEDDED_TEXT,PASS_SOURCE_KEY
TAH-BIO-BIO26-L36-Q070,BIO26-PDF165-L36-S2-Q070,BIO26-L36,أحياء 4,التكاثر الخلوي,165,2,70,C,2,تجميعات الأحياء 2026 — مفتاح الإجابة في PDF p.165,SOURCE_ANSWER_STRIP_EMBEDDED_TEXT,PASS_SOURCE_KEY
TAH-BIO-BIO26-L36-Q071,BIO26-PDF165-L36-S2-Q071,BIO26-L36,أحياء 4,التكاثر الخلوي,165,2,71,B,1,تجميعات الأحياء 2026 — مفتاح الإجابة في PDF p.165,SOURCE_ANSWER_STRIP_EMBEDDED_TEXT,PASS_SOURCE_KEY
TAH-BIO-BIO26-L36-Q072,BIO26-PDF165-L36-S2-Q072,BIO26-L36,أحياء 4,التكاثر الخلوي,165,2,72,A,0,تجميعات الأحياء 2026 — مفتاح الإجابة في PDF p.165,SOURCE_ANSWER_STRIP_EMBEDDED_TEXT,PASS_SOURCE_KEY
TAH-BIO-BIO26-L36-Q073,BIO26-PDF165-L36-S2-Q073,BIO26-L36,أحياء 4,التكاثر الخلوي,165,2,73,D,3,تجميعات الأحياء 2026 — مفتاح الإجابة في PDF p.165,SOURCE_ANSWER_STRIP_EMBEDDED_TEXT,PASS_SOURCE_KEY
TAH-BIO-BIO26-L36-Q074,BIO26-PDF165-L36-S2-Q074,BIO26-L36,أحياء 4,التكاثر الخلوي,165,2,74,C,2,تجميعات الأحياء 2026 — مفتاح الإجابة في PDF p.165,SOURCE_ANSWER_STRIP_EMBEDDED_TEXT,PASS_SOURCE_KEY
TAH-BIO-BIO26-L36-Q075,BIO26-PDF165-L36-S2-Q075,BIO26-L36,أحياء 4,التكاثر الخلوي,165,2,75,C,2,تجميعات الأحياء 2026 — مفتاح الإجابة في PDF p.165,SOURCE_ANSWER_STRIP_EMBEDDED_TEXT,PASS_SOURCE_KEY
TAH-BIO-BIO26-L36-Q076,BIO26-PDF165-L36-S2-Q076,BIO26-L36,أحياء 4,التكاثر الخلوي,165,2,76,D,3,تجميعات الأحياء 2026 — مفتاح الإجابة في PDF p.165,SOURCE_ANSWER_STRIP_EMBEDDED_TEXT,PASS_SOURCE_KEY
TAH-BIO-BIO26-L36-Q077,BIO26-PDF165-L36-S2-Q077,BIO26-L36,أحياء 4,التكاثر الخلوي,165,2,77,C,2,تجميعات الأحياء 2026 — مفتاح الإجابة في PDF p.165,SOURCE_ANSWER_STRIP_EMBEDDED_TEXT,PASS_SOURCE_KEY
TAH-BIO-BIO26-L36-Q078,BIO26-PDF165-L36-S2-Q078,BIO26-L36,أحياء 4,التكاثر الخلوي,165,2,78,B,1,تجميعات الأحياء 2026 — مفتاح الإجابة في PDF p.165,SOURCE_ANSWER_STRIP_EMBEDDED_TEXT,PASS_SOURCE_KEY
TAH-BIO-BIO26-L36-Q079,BIO26-PDF165-L36-S2-Q079,BIO26-L36,أحياء 4,التكاثر الخلوي,165,2,79,A,0,تجميعات الأحياء 2026 — مفتاح الإجابة في PDF p.165,SOURCE_ANSWER_STRIP_EMBEDDED_TEXT,PASS_SOURCE_KEY
TAH-BIO-BIO26-L36-Q080,BIO26-PDF165-L36-S2-Q080,BIO26-L36,أحياء 4,التكاثر الخلوي,165,2,80,C,2,تجميعات الأحياء 2026 — مفتاح الإجابة في PDF p.165,SOURCE_ANSWER_STRIP_EMBEDDED_TEXT,PASS_SOURCE_KEY
TAH-BIO-BIO26-L36-Q081,BIO26-PDF165-L36-S2-Q081,BIO26-L36,أحياء 4,التكاثر الخلوي,165,2,81,B,1,تجميعات الأحياء 2026 — مفتاح الإجابة في PDF p.165,SOURCE_ANSWER_STRIP_EMBEDDED_TEXT,PASS_SOURCE_KEY
TAH-BIO-BIO26-L36-Q082,BIO26-PDF166-L36-S2-Q082,BIO26-L36,أحياء 4,التكاثر الخلوي,166,2,82,B,1,تجميعات الأحياء 2026 — مفتاح الإجابة في PDF p.166,SOURCE_ANSWER_STRIP_EMBEDDED_TEXT,PASS_SOURCE_KEY
TAH-BIO-BIO26-L36-Q083,BIO26-PDF166-L36-S2-Q083,BIO26-L36,أحياء 4,التكاثر الخلوي,166,2,83,C,2,تجميعات الأحياء 2026 — مفتاح الإجابة في PDF p.166,SOURCE_ANSWER_STRIP_EMBEDDED_TEXT,PASS_SOURCE_KEY
TAH-BIO-BIO26-L36-Q084,BIO26-PDF166-L36-S2-Q084,BIO26-L36,أحياء 4,التكاثر الخلوي,166,2,84,D,3,تجميعات الأحياء 2026 — مفتاح الإجابة في PDF p.166,SOURCE_ANSWER_STRIP_EMBEDDED_TEXT,PASS_SOURCE_KEY
TAH-BIO-BIO26-L36-Q085,BIO26-PDF166-L36-S2-Q085,BIO26-L36,أحياء 4,التكاثر الخلوي,166,2,85,D,3,تجميعات الأحياء 2026 — مفتاح الإجابة في PDF p.166,SOURCE_ANSWER_STRIP_EMBEDDED_TEXT,PASS_SOURCE_KEY
TAH-BIO-BIO26-L36-Q086,BIO26-PDF166-L36-S2-Q086,BIO26-L36,أحياء 4,التكاثر الخلوي,166,2,86,A,0,تجميعات الأحياء 2026 — مفتاح الإجابة في PDF p.166,SOURCE_ANSWER_STRIP_EMBEDDED_TEXT,PASS_SOURCE_KEY
TAH-BIO-BIO26-L36-Q087,BIO26-PDF166-L36-S2-Q087,BIO26-L36,أحياء 4,التكاثر الخلوي,166,2,87,B,1,تجميعات الأحياء 2026 — مفتاح الإجابة في PDF p.166,SOURCE_ANSWER_STRIP_EMBEDDED_TEXT,PASS_SOURCE_KEY
TAH-BIO-BIO26-L37-Q001,BIO26-PDF167-L37-S1-Q001,BIO26-L37,أحياء 4,الانقسام المنصف,167,1,1,D,3,تجميعات الأحياء 2026 — مفتاح الإجابة في PDF p.167,SOURCE_ANSWER_STRIP_EMBEDDED_TEXT,PASS_SOURCE_KEY
TAH-BIO-BIO26-L37-Q002,BIO26-PDF167-L37-S1-Q002,BIO26-L37,أحياء 4,الانقسام المنصف,167,1,2,B,1,تجميعات الأحياء 2026 — مفتاح الإجابة في PDF p.167,SOURCE_ANSWER_STRIP_EMBEDDED_TEXT,PASS_SOURCE_KEY
TAH-BIO-BIO26-L37-Q003,BIO26-PDF167-L37-S1-Q003,BIO26-L37,أحياء 4,الانقسام المنصف,167,1,3,B,1,تجميعات الأحياء 2026 — مفتاح الإجابة في PDF p.167,SOURCE_ANSWER_STRIP_EMBEDDED_TEXT,PASS_SOURCE_KEY
TAH-BIO-BIO26-L37-Q004,BIO26-PDF167-L37-S1-Q004,BIO26-L37,أحياء 4,الانقسام المنصف,167,1,4,C,2,تجميعات الأحياء 2026 — مفتاح الإجابة في PDF p.167,SOURCE_ANSWER_STRIP_EMBEDDED_TEXT,PASS_SOURCE_KEY
TAH-BIO-BIO26-L37-Q005,BIO26-PDF167-L37-S1-Q005,BIO26-L37,أحياء 4,الانقسام المنصف,167,1,5,C,2,تجميعات الأحياء 2026 — مفتاح الإجابة في PDF p.167,SOURCE_ANSWER_STRIP_EMBEDDED_TEXT,PASS_SOURCE_KEY
TAH-BIO-BIO26-L37-Q006,BIO26-PDF167-L37-S1-Q006,BIO26-L37,أحياء 4,الانقسام المنصف,167,1,6,C,2,تجميعات الأحياء 2026 — مفتاح الإجابة في PDF p.167,SOURCE_ANSWER_STRIP_EMBEDDED_TEXT,PASS_SOURCE_KEY
TAH-BIO-BIO26-L37-Q007,BIO26-PDF167-L37-S1-Q007,BIO26-L37,أحياء 4,الانقسام المنصف,167,1,7,A,0,تجميعات الأحياء 2026 — مفتاح الإجابة في PDF p.167,SOURCE_ANSWER_STRIP_EMBEDDED_TEXT,PASS_SOURCE_KEY
TAH-BIO-BIO26-L37-Q008,BIO26-PDF167-L37-S1-Q008,BIO26-L37,أحياء 4,الانقسام المنصف,167,1,8,B,1,تجميعات الأحياء 2026 — مفتاح الإجابة في PDF p.167,SOURCE_ANSWER_STRIP_EMBEDDED_TEXT,PASS_SOURCE_KEY
TAH-BIO-BIO26-L37-Q009,BIO26-PDF167-L37-S1-Q009,BIO26-L37,أحياء 4,الانقسام المنصف,167,1,9,C,2,تجميعات الأحياء 2026 — مفتاح الإجابة في PDF p.167,SOURCE_ANSWER_STRIP_EMBEDDED_TEXT,PASS_SOURCE_KEY
TAH-BIO-BIO26-L37-Q010,BIO26-PDF167-L37-S1-Q010,BIO26-L37,أحياء 4,الانقسام المنصف,167,1,10,A,0,تجميعات الأحياء 2026 — مفتاح الإجابة في PDF p.167,SOURCE_ANSWER_STRIP_EMBEDDED_TEXT,PASS_SOURCE_KEY
TAH-BIO-BIO26-L37-Q011,BIO26-PDF167-L37-S1-Q011,BIO26-L37,أحياء 4,الانقسام المنصف,167,1,11,A,0,تجميعات الأحياء 2026 — مفتاح الإجابة في PDF p.167,SOURCE_ANSWER_STRIP_EMBEDDED_TEXT,PASS_SOURCE_KEY
TAH-BIO-BIO26-L37-Q012,BIO26-PDF167-L37-S1-Q012,BIO26-L37,أحياء 4,الانقسام المنصف,167,1,12,D,3,تجميعات الأحياء 2026 — مفتاح الإجابة في PDF p.167,SOURCE_ANSWER_STRIP_EMBEDDED_TEXT,PASS_SOURCE_KEY
TAH-BIO-BIO26-L37-Q013,BIO26-PDF167-L37-S1-Q013,BIO26-L37,أحياء 4,الانقسام المنصف,167,1,13,A,0,تجميعات الأحياء 2026 — مفتاح الإجابة في PDF p.167,SOURCE_ANSWER_STRIP_EMBEDDED_TEXT,PASS_SOURCE_KEY
TAH-BIO-BIO26-L37-Q014,BIO26-PDF168-L37-S1-Q014,BIO26-L37,أحياء 4,الانقسام المنصف,168,1,14,A,0,تجميعات الأحياء 2026 — مفتاح الإجابة في PDF p.168,SOURCE_ANSWER_STRIP_EMBEDDED_TEXT,PASS_SOURCE_KEY
TAH-BIO-BIO26-L37-Q015,BIO26-PDF168-L37-S1-Q015,BIO26-L37,أحياء 4,الانقسام المنصف,168,1,15,C,2,تجميعات الأحياء 2026 — مفتاح الإجابة في PDF p.168,SOURCE_ANSWER_STRIP_EMBEDDED_TEXT,PASS_SOURCE_KEY
TAH-BIO-BIO26-L37-Q016,BIO26-PDF168-L37-S1-Q016,BIO26-L37,أحياء 4,الانقسام المنصف,168,1,16,A,0,تجميعات الأحياء 2026 — مفتاح الإجابة في PDF p.168,SOURCE_ANSWER_STRIP_EMBEDDED_TEXT,PASS_SOURCE_KEY
TAH-BIO-BIO26-L37-Q017,BIO26-PDF168-L37-S1-Q017,BIO26-L37,أحياء 4,الانقسام المنصف,168,1,17,A,0,تجميعات الأحياء 2026 — مفتاح الإجابة في PDF p.168,SOURCE_ANSWER_STRIP_EMBEDDED_TEXT,PASS_SOURCE_KEY
TAH-BIO-BIO26-L37-Q018,BIO26-PDF168-L37-S1-Q018,BIO26-L37,أحياء 4,الانقسام المنصف,168,1,18,D,3,تجميعات الأحياء 2026 — مفتاح الإجابة في PDF p.168,SOURCE_ANSWER_STRIP_EMBEDDED_TEXT,PASS_SOURCE_KEY
TAH-BIO-BIO26-L37-Q019,BIO26-PDF168-L37-S1-Q019,BIO26-L37,أحياء 4,الانقسام المنصف,168,1,19,D,3,تجميعات الأحياء 2026 — مفتاح الإجابة في PDF p.168,SOURCE_ANSWER_STRIP_EMBEDDED_TEXT,PASS_SOURCE_KEY
TAH-BIO-BIO26-L37-Q020,BIO26-PDF168-L37-S1-Q020,BIO26-L37,أحياء 4,الانقسام المنصف,168,1,20,A,0,تجميعات الأحياء 2026 — مفتاح الإجابة في PDF p.168,SOURCE_ANSWER_STRIP_EMBEDDED_TEXT,PASS_SOURCE_KEY
TAH-BIO-BIO26-L37-Q021,BIO26-PDF168-L37-S1-Q021,BIO26-L37,أحياء 4,الانقسام المنصف,168,1,21,B,1,تجميعات الأحياء 2026 — مفتاح الإجابة في PDF p.168,SOURCE_ANSWER_STRIP_EMBEDDED_TEXT,PASS_SOURCE_KEY
TAH-BIO-BIO26-L37-Q022,BIO26-PDF168-L37-S1-Q022,BIO26-L37,أحياء 4,الانقسام المنصف,168,1,22,D,3,تجميعات الأحياء 2026 — مفتاح الإجابة في PDF p.168,SOURCE_ANSWER_STRIP_EMBEDDED_TEXT,PASS_SOURCE_KEY
TAH-BIO-BIO26-L37-Q023,BIO26-PDF169-L37-S2-Q023,BIO26-L37,أحياء 4,الانقسام المنصف,169,2,23,C,2,تجميعات الأحياء 2026 — مفتاح الإجابة في PDF p.169,SOURCE_ANSWER_STRIP_EMBEDDED_TEXT,PASS_SOURCE_KEY
TAH-BIO-BIO26-L37-Q024,BIO26-PDF169-L37-S2-Q024,BIO26-L37,أحياء 4,الانقسام المنصف,169,2,24,B,1,تجميعات الأحياء 2026 — مفتاح الإجابة في PDF p.169,SOURCE_ANSWER_STRIP_EMBEDDED_TEXT,PASS_SOURCE_KEY
TAH-BIO-BIO26-L37-Q025,BIO26-PDF169-L37-S2-Q025,BIO26-L37,أحياء 4,الانقسام المنصف,169,2,25,A,0,تجميعات الأحياء 2026 — مفتاح الإجابة في PDF p.169,SOURCE_ANSWER_STRIP_EMBEDDED_TEXT,PASS_SOURCE_KEY
TAH-BIO-BIO26-L37-Q026,BIO26-PDF169-L37-S2-Q026,BIO26-L37,أحياء 4,الانقسام المنصف,169,2,26,D,3,تجميعات الأحياء 2026 — مفتاح الإجابة في PDF p.169,SOURCE_ANSWER_STRIP_EMBEDDED_TEXT,PASS_SOURCE_KEY
TAH-BIO-BIO26-L37-Q027,BIO26-PDF169-L37-S2-Q027,BIO26-L37,أحياء 4,الانقسام المنصف,169,2,27,C,2,تجميعات الأحياء 2026 — مفتاح الإجابة في PDF p.169,SOURCE_ANSWER_STRIP_EMBEDDED_TEXT,PASS_SOURCE_KEY
TAH-BIO-BIO26-L37-Q028,BIO26-PDF169-L37-S2-Q028,BIO26-L37,أحياء 4,الانقسام المنصف,169,2,28,A,0,تجميعات الأحياء 2026 — مفتاح الإجابة في PDF p.169,SOURCE_ANSWER_STRIP_EMBEDDED_TEXT,PASS_SOURCE_KEY
TAH-BIO-BIO26-L37-Q029,BIO26-PDF169-L37-S2-Q029,BIO26-L37,أحياء 4,الانقسام المنصف,169,2,29,B,1,تجميعات الأحياء 2026 — مفتاح الإجابة في PDF p.169,SOURCE_ANSWER_STRIP_EMBEDDED_TEXT,PASS_SOURCE_KEY
TAH-BIO-BIO26-L37-Q030,BIO26-PDF169-L37-S2-Q030,BIO26-L37,أحياء 4,الانقسام المنصف,169,2,30,D,3,تجميعات الأحياء 2026 — مفتاح الإجابة في PDF p.169,SOURCE_ANSWER_STRIP_EMBEDDED_TEXT,PASS_SOURCE_KEY
TAH-BIO-BIO26-L37-Q031,BIO26-PDF169-L37-S2-Q031,BIO26-L37,أحياء 4,الانقسام المنصف,169,2,31,D,3,تجميعات الأحياء 2026 — مفتاح الإجابة في PDF p.169,SOURCE_ANSWER_STRIP_EMBEDDED_TEXT,PASS_SOURCE_KEY
TAH-BIO-BIO26-L37-Q032,BIO26-PDF169-L37-S2-Q032,BIO26-L37,أحياء 4,الانقسام المنصف,169,2,32,A,0,تجميعات الأحياء 2026 — مفتاح الإجابة في PDF p.169,SOURCE_ANSWER_STRIP_EMBEDDED_TEXT,PASS_SOURCE_KEY
TAH-BIO-BIO26-L37-Q033,BIO26-PDF169-L37-S2-Q033,BIO26-L37,أحياء 4,الانقسام المنصف,169,2,33,B,1,تجميعات الأحياء 2026 — مفتاح الإجابة في PDF p.169,SOURCE_ANSWER_STRIP_EMBEDDED_TEXT,PASS_SOURCE_KEY
TAH-BIO-BIO26-L37-Q034,BIO26-PDF169-L37-S2-Q034,BIO26-L37,أحياء 4,الانقسام المنصف,169,2,34,B,1,تجميعات الأحياء 2026 — مفتاح الإجابة في PDF p.169,SOURCE_ANSWER_STRIP_EMBEDDED_TEXT,PASS_SOURCE_KEY
TAH-BIO-BIO26-L37-Q035,BIO26-PDF169-L37-S2-Q035,BIO26-L37,أحياء 4,الانقسام المنصف,169,2,35,D,3,تجميعات الأحياء 2026 — مفتاح الإجابة في PDF p.169,SOURCE_ANSWER_STRIP_EMBEDDED_TEXT,PASS_SOURCE_KEY
TAH-BIO-BIO26-L37-Q036,BIO26-PDF169-L37-S2-Q036,BIO26-L37,أحياء 4,الانقسام المنصف,169,2,36,A,0,تجميعات الأحياء 2026 — مفتاح الإجابة في PDF p.169,SOURCE_ANSWER_STRIP_EMBEDDED_TEXT,PASS_SOURCE_KEY
TAH-BIO-BIO26-L37-Q037,BIO26-PDF169-L37-S2-Q037,BIO26-L37,أحياء 4,الانقسام المنصف,169,2,37,B,1,تجميعات الأحياء 2026 — مفتاح الإجابة في PDF p.169,SOURCE_ANSWER_STRIP_EMBEDDED_TEXT,PASS_SOURCE_KEY
TAH-BIO-BIO26-L37-Q038,BIO26-PDF169-L37-S2-Q038,BIO26-L37,أحياء 4,الانقسام المنصف,169,2,38,C,2,تجميعات الأحياء 2026 — مفتاح الإجابة في PDF p.169,SOURCE_ANSWER_STRIP_EMBEDDED_TEXT,PASS_SOURCE_KEY
TAH-BIO-BIO26-L38-Q001,BIO26-PDF170-L38-S1-Q001,BIO26-L38,أحياء 4,الوراثة المندلية,170,1,1,D,3,تجميعات الأحياء 2026 — مفتاح الإجابة في PDF p.170,SOURCE_ANSWER_STRIP_EMBEDDED_TEXT,PASS_SOURCE_KEY
TAH-BIO-BIO26-L38-Q002,BIO26-PDF170-L38-S1-Q002,BIO26-L38,أحياء 4,الوراثة المندلية,170,1,2,B,1,تجميعات الأحياء 2026 — مفتاح الإجابة في PDF p.170,SOURCE_ANSWER_STRIP_EMBEDDED_TEXT,PASS_SOURCE_KEY
TAH-BIO-BIO26-L38-Q003,BIO26-PDF170-L38-S1-Q003,BIO26-L38,أحياء 4,الوراثة المندلية,170,1,3,B,1,تجميعات الأحياء 2026 — مفتاح الإجابة في PDF p.170,SOURCE_ANSWER_STRIP_EMBEDDED_TEXT,PASS_SOURCE_KEY
TAH-BIO-BIO26-L38-Q004,BIO26-PDF170-L38-S1-Q004,BIO26-L38,أحياء 4,الوراثة المندلية,170,1,4,D,3,تجميعات الأحياء 2026 — مفتاح الإجابة في PDF p.170,SOURCE_ANSWER_STRIP_EMBEDDED_TEXT,PASS_SOURCE_KEY
TAH-BIO-BIO26-L38-Q005,BIO26-PDF170-L38-S1-Q005,BIO26-L38,أحياء 4,الوراثة المندلية,170,1,5,A,0,تجميعات الأحياء 2026 — مفتاح الإجابة في PDF p.170,SOURCE_ANSWER_STRIP_EMBEDDED_TEXT,PASS_SOURCE_KEY
TAH-BIO-BIO26-L38-Q006,BIO26-PDF170-L38-S1-Q006,BIO26-L38,أحياء 4,الوراثة المندلية,170,1,6,A,0,تجميعات الأحياء 2026 — مفتاح الإجابة في PDF p.170,SOURCE_ANSWER_STRIP_EMBEDDED_TEXT,PASS_SOURCE_KEY
TAH-BIO-BIO26-L38-Q007,BIO26-PDF170-L38-S1-Q007,BIO26-L38,أحياء 4,الوراثة المندلية,170,1,7,D,3,تجميعات الأحياء 2026 — مفتاح الإجابة في PDF p.170,SOURCE_ANSWER_STRIP_EMBEDDED_TEXT,PASS_SOURCE_KEY
TAH-BIO-BIO26-L38-Q008,BIO26-PDF170-L38-S1-Q008,BIO26-L38,أحياء 4,الوراثة المندلية,170,1,8,D,3,تجميعات الأحياء 2026 — مفتاح الإجابة في PDF p.170,SOURCE_ANSWER_STRIP_EMBEDDED_TEXT,PASS_SOURCE_KEY
TAH-BIO-BIO26-L38-Q009,BIO26-PDF170-L38-S1-Q009,BIO26-L38,أحياء 4,الوراثة المندلية,170,1,9,D,3,تجميعات الأحياء 2026 — مفتاح الإجابة في PDF p.170,SOURCE_ANSWER_STRIP_EMBEDDED_TEXT,PASS_SOURCE_KEY
TAH-BIO-BIO26-L38-Q010,BIO26-PDF170-L38-S1-Q010,BIO26-L38,أحياء 4,الوراثة المندلية,170,1,10,D,3,تجميعات الأحياء 2026 — مفتاح الإجابة في PDF p.170,SOURCE_ANSWER_STRIP_EMBEDDED_TEXT,PASS_SOURCE_KEY
TAH-BIO-BIO26-L38-Q011,BIO26-PDF170-L38-S1-Q011,BIO26-L38,أحياء 4,الوراثة المندلية,170,1,11,A,0,تجميعات الأحياء 2026 — مفتاح الإجابة في PDF p.170,SOURCE_ANSWER_STRIP_EMBEDDED_TEXT,PASS_SOURCE_KEY
TAH-BIO-BIO26-L38-Q012,BIO26-PDF170-L38-S1-Q012,BIO26-L38,أحياء 4,الوراثة المندلية,170,1,12,D,3,تجميعات الأحياء 2026 — مفتاح الإجابة في PDF p.170,SOURCE_ANSWER_STRIP_EMBEDDED_TEXT,PASS_SOURCE_KEY
TAH-BIO-BIO26-L38-Q013,BIO26-PDF170-L38-S1-Q013,BIO26-L38,أحياء 4,الوراثة المندلية,170,1,13,D,3,تجميعات الأحياء 2026 — مفتاح الإجابة في PDF p.170,SOURCE_ANSWER_STRIP_EMBEDDED_TEXT,PASS_SOURCE_KEY
TAH-BIO-BIO26-L38-Q014,BIO26-PDF170-L38-S1-Q014,BIO26-L38,أحياء 4,الوراثة المندلية,170,1,14,A,0,تجميعات الأحياء 2026 — مفتاح الإجابة في PDF p.170,SOURCE_ANSWER_STRIP_EMBEDDED_TEXT,PASS_SOURCE_KEY
TAH-BIO-BIO26-L38-Q015,BIO26-PDF170-L38-S1-Q015,BIO26-L38,أحياء 4,الوراثة المندلية,170,1,15,B,1,تجميعات الأحياء 2026 — مفتاح الإجابة في PDF p.170,SOURCE_ANSWER_STRIP_EMBEDDED_TEXT,PASS_SOURCE_KEY
TAH-BIO-BIO26-L38-Q016,BIO26-PDF170-L38-S1-Q016,BIO26-L38,أحياء 4,الوراثة المندلية,170,1,16,C,2,تجميعات الأحياء 2026 — مفتاح الإجابة في PDF p.170,SOURCE_ANSWER_STRIP_EMBEDDED_TEXT,PASS_SOURCE_KEY
TAH-BIO-BIO26-L38-Q017,BIO26-PDF171-L38-S1-Q017,BIO26-L38,أحياء 4,الوراثة المندلية,171,1,17,C,2,تجميعات الأحياء 2026 — مفتاح الإجابة في PDF p.171,SOURCE_ANSWER_STRIP_EMBEDDED_TEXT,PASS_SOURCE_KEY
TAH-BIO-BIO26-L38-Q018,BIO26-PDF171-L38-S1-Q018,BIO26-L38,أحياء 4,الوراثة المندلية,171,1,18,C,2,تجميعات الأحياء 2026 — مفتاح الإجابة في PDF p.171,SOURCE_ANSWER_STRIP_EMBEDDED_TEXT,PASS_SOURCE_KEY
TAH-BIO-BIO26-L38-Q019,BIO26-PDF171-L38-S1-Q019,BIO26-L38,أحياء 4,الوراثة المندلية,171,1,19,D,3,تجميعات الأحياء 2026 — مفتاح الإجابة في PDF p.171,SOURCE_ANSWER_STRIP_EMBEDDED_TEXT,PASS_SOURCE_KEY
TAH-BIO-BIO26-L38-Q020,BIO26-PDF171-L38-S1-Q020,BIO26-L38,أحياء 4,الوراثة المندلية,171,1,20,D,3,تجميعات الأحياء 2026 — مفتاح الإجابة في PDF p.171,SOURCE_ANSWER_STRIP_EMBEDDED_TEXT,PASS_SOURCE_KEY
TAH-BIO-BIO26-L38-Q021,BIO26-PDF171-L38-S1-Q021,BIO26-L38,أحياء 4,الوراثة المندلية,171,1,21,D,3,تجميعات الأحياء 2026 — مفتاح الإجابة في PDF p.171,SOURCE_ANSWER_STRIP_EMBEDDED_TEXT,PASS_SOURCE_KEY
TAH-BIO-BIO26-L38-Q022,BIO26-PDF171-L38-S1-Q022,BIO26-L38,أحياء 4,الوراثة المندلية,171,1,22,A,0,تجميعات الأحياء 2026 — مفتاح الإجابة في PDF p.171,SOURCE_ANSWER_STRIP_EMBEDDED_TEXT,PASS_SOURCE_KEY
TAH-BIO-BIO26-L38-Q023,BIO26-PDF171-L38-S1-Q023,BIO26-L38,أحياء 4,الوراثة المندلية,171,1,23,D,3,تجميعات الأحياء 2026 — مفتاح الإجابة في PDF p.171,SOURCE_ANSWER_STRIP_EMBEDDED_TEXT,PASS_SOURCE_KEY
TAH-BIO-BIO26-L38-Q024,BIO26-PDF171-L38-S1-Q024,BIO26-L38,أحياء 4,الوراثة المندلية,171,1,24,D,3,تجميعات الأحياء 2026 — مفتاح الإجابة في PDF p.171,SOURCE_ANSWER_STRIP_EMBEDDED_TEXT,PASS_SOURCE_KEY
TAH-BIO-BIO26-L38-Q025,BIO26-PDF171-L38-S1-Q025,BIO26-L38,أحياء 4,الوراثة المندلية,171,1,25,D,3,تجميعات الأحياء 2026 — مفتاح الإجابة في PDF p.171,SOURCE_ANSWER_STRIP_EMBEDDED_TEXT,PASS_SOURCE_KEY
TAH-BIO-BIO26-L38-Q026,BIO26-PDF171-L38-S1-Q026,BIO26-L38,أحياء 4,الوراثة المندلية,171,1,26,B,1,تجميعات الأحياء 2026 — مفتاح الإجابة في PDF p.171,SOURCE_ANSWER_STRIP_EMBEDDED_TEXT,PASS_SOURCE_KEY
TAH-BIO-BIO26-L38-Q027,BIO26-PDF171-L38-S1-Q027,BIO26-L38,أحياء 4,الوراثة المندلية,171,1,27,B,1,تجميعات الأحياء 2026 — مفتاح الإجابة في PDF p.171,SOURCE_ANSWER_STRIP_EMBEDDED_TEXT,PASS_SOURCE_KEY
TAH-BIO-BIO26-L38-Q028,BIO26-PDF171-L38-S1-Q028,BIO26-L38,أحياء 4,الوراثة المندلية,171,1,28,C,2,تجميعات الأحياء 2026 — مفتاح الإجابة في PDF p.171,SOURCE_ANSWER_STRIP_EMBEDDED_TEXT,PASS_SOURCE_KEY
TAH-BIO-BIO26-L38-Q029,BIO26-PDF171-L38-S1-Q029,BIO26-L38,أحياء 4,الوراثة المندلية,171,1,29,C,2,تجميعات الأحياء 2026 — مفتاح الإجابة في PDF p.171,SOURCE_ANSWER_STRIP_EMBEDDED_TEXT,PASS_SOURCE_KEY
TAH-BIO-BIO26-L38-Q030,BIO26-PDF171-L38-S1-Q030,BIO26-L38,أحياء 4,الوراثة المندلية,171,1,30,B,1,تجميعات الأحياء 2026 — مفتاح الإجابة في PDF p.171,SOURCE_ANSWER_STRIP_EMBEDDED_TEXT,PASS_SOURCE_KEY
TAH-BIO-BIO26-L38-Q031,BIO26-PDF172-L38-S1-Q031,BIO26-L38,أحياء 4,الوراثة المندلية,172,1,31,C,2,تجميعات الأحياء 2026 — مفتاح الإجابة في PDF p.172,SOURCE_ANSWER_STRIP_EMBEDDED_TEXT,PASS_SOURCE_KEY
TAH-BIO-BIO26-L38-Q032,BIO26-PDF172-L38-S1-Q032,BIO26-L38,أحياء 4,الوراثة المندلية,172,1,32,C,2,تجميعات الأحياء 2026 — مفتاح الإجابة في PDF p.172,SOURCE_ANSWER_STRIP_EMBEDDED_TEXT,PASS_SOURCE_KEY
TAH-BIO-BIO26-L38-Q033,BIO26-PDF172-L38-S1-Q033,BIO26-L38,أحياء 4,الوراثة المندلية,172,1,33,D,3,تجميعات الأحياء 2026 — مفتاح الإجابة في PDF p.172,SOURCE_ANSWER_STRIP_EMBEDDED_TEXT,PASS_SOURCE_KEY
TAH-BIO-BIO26-L38-Q034,BIO26-PDF172-L38-S1-Q034,BIO26-L38,أحياء 4,الوراثة المندلية,172,1,34,A,0,تجميعات الأحياء 2026 — مفتاح الإجابة في PDF p.172,SOURCE_ANSWER_STRIP_EMBEDDED_TEXT,PASS_SOURCE_KEY
TAH-BIO-BIO26-L38-Q035,BIO26-PDF172-L38-S1-Q035,BIO26-L38,أحياء 4,الوراثة المندلية,172,1,35,A,0,تجميعات الأحياء 2026 — مفتاح الإجابة في PDF p.172,SOURCE_ANSWER_STRIP_EMBEDDED_TEXT,PASS_SOURCE_KEY
TAH-BIO-BIO26-L38-Q036,BIO26-PDF173-L38-S2-Q036,BIO26-L38,أحياء 4,الوراثة المندلية,173,2,36,B,1,تجميعات الأحياء 2026 — مفتاح الإجابة في PDF p.173,SOURCE_ANSWER_STRIP_EMBEDDED_TEXT,PASS_SOURCE_KEY
TAH-BIO-BIO26-L38-Q037,BIO26-PDF173-L38-S2-Q037,BIO26-L38,أحياء 4,الوراثة المندلية,173,2,37,A,0,تجميعات الأحياء 2026 — مفتاح الإجابة في PDF p.173,SOURCE_ANSWER_STRIP_EMBEDDED_TEXT,PASS_SOURCE_KEY
TAH-BIO-BIO26-L38-Q038,BIO26-PDF173-L38-S2-Q038,BIO26-L38,أحياء 4,الوراثة المندلية,173,2,38,B,1,تجميعات الأحياء 2026 — مفتاح الإجابة في PDF p.173,SOURCE_ANSWER_STRIP_EMBEDDED_TEXT,PASS_SOURCE_KEY
TAH-BIO-BIO26-L38-Q039,BIO26-PDF173-L38-S2-Q039,BIO26-L38,أحياء 4,الوراثة المندلية,173,2,39,B,1,تجميعات الأحياء 2026 — مفتاح الإجابة في PDF p.173,SOURCE_ANSWER_STRIP_EMBEDDED_TEXT,PASS_SOURCE_KEY
TAH-BIO-BIO26-L38-Q040,BIO26-PDF173-L38-S2-Q040,BIO26-L38,أحياء 4,الوراثة المندلية,173,2,40,A,0,تجميعات الأحياء 2026 — مفتاح الإجابة في PDF p.173,SOURCE_ANSWER_STRIP_EMBEDDED_TEXT,PASS_SOURCE_KEY
TAH-BIO-BIO26-L38-Q041,BIO26-PDF173-L38-S2-Q041,BIO26-L38,أحياء 4,الوراثة المندلية,173,2,41,C,2,تجميعات الأحياء 2026 — مفتاح الإجابة في PDF p.173,SOURCE_ANSWER_STRIP_EMBEDDED_TEXT,PASS_SOURCE_KEY
TAH-BIO-BIO26-L38-Q042,BIO26-PDF173-L38-S2-Q042,BIO26-L38,أحياء 4,الوراثة المندلية,173,2,42,D,3,تجميعات الأحياء 2026 — مفتاح الإجابة في PDF p.173,SOURCE_ANSWER_STRIP_EMBEDDED_TEXT,PASS_SOURCE_KEY
TAH-BIO-BIO26-L38-Q043,BIO26-PDF173-L38-S2-Q043,BIO26-L38,أحياء 4,الوراثة المندلية,173,2,43,C,2,تجميعات الأحياء 2026 — مفتاح الإجابة في PDF p.173,SOURCE_ANSWER_STRIP_EMBEDDED_TEXT,PASS_SOURCE_KEY
TAH-BIO-BIO26-L38-Q044,BIO26-PDF173-L38-S2-Q044,BIO26-L38,أحياء 4,الوراثة المندلية,173,2,44,D,3,تجميعات الأحياء 2026 — مفتاح الإجابة في PDF p.173,SOURCE_ANSWER_STRIP_EMBEDDED_TEXT,PASS_SOURCE_KEY
TAH-BIO-BIO26-L38-Q045,BIO26-PDF173-L38-S2-Q045,BIO26-L38,أحياء 4,الوراثة المندلية,173,2,45,A,0,تجميعات الأحياء 2026 — مفتاح الإجابة في PDF p.173,SOURCE_ANSWER_STRIP_EMBEDDED_TEXT,PASS_SOURCE_KEY
TAH-BIO-BIO26-L38-Q046,BIO26-PDF173-L38-S2-Q046,BIO26-L38,أحياء 4,الوراثة المندلية,173,2,46,A,0,تجميعات الأحياء 2026 — مفتاح الإجابة في PDF p.173,SOURCE_ANSWER_STRIP_EMBEDDED_TEXT,PASS_SOURCE_KEY
TAH-BIO-BIO26-L38-Q047,BIO26-PDF173-L38-S2-Q047,BIO26-L38,أحياء 4,الوراثة المندلية,173,2,47,B,1,تجميعات الأحياء 2026 — مفتاح الإجابة في PDF p.173,SOURCE_ANSWER_STRIP_EMBEDDED_TEXT,PASS_SOURCE_KEY
TAH-BIO-BIO26-L38-Q048,BIO26-PDF173-L38-S2-Q048,BIO26-L38,أحياء 4,الوراثة المندلية,173,2,48,A,0,تجميعات الأحياء 2026 — مفتاح الإجابة في PDF p.173,SOURCE_ANSWER_STRIP_EMBEDDED_TEXT,PASS_SOURCE_KEY
TAH-BIO-BIO26-L38-Q049,BIO26-PDF173-L38-S2-Q049,BIO26-L38,أحياء 4,الوراثة المندلية,173,2,49,B,1,تجميعات الأحياء 2026 — مفتاح الإجابة في PDF p.173,SOURCE_ANSWER_STRIP_EMBEDDED_TEXT,PASS_SOURCE_KEY
TAH-BIO-BIO26-L38-Q050,BIO26-PDF174-L38-S2-Q050,BIO26-L38,أحياء 4,الوراثة المندلية,174,2,50,B,1,تجميعات الأحياء 2026 — مفتاح الإجابة في PDF p.174,SOURCE_ANSWER_STRIP_EMBEDDED_TEXT,PASS_SOURCE_KEY
TAH-BIO-BIO26-L38-Q051,BIO26-PDF174-L38-S2-Q051,BIO26-L38,أحياء 4,الوراثة المندلية,174,2,51,C,2,تجميعات الأحياء 2026 — مفتاح الإجابة في PDF p.174,SOURCE_ANSWER_STRIP_EMBEDDED_TEXT,PASS_SOURCE_KEY
TAH-BIO-BIO26-L38-Q052,BIO26-PDF174-L38-S2-Q052,BIO26-L38,أحياء 4,الوراثة المندلية,174,2,52,B,1,تجميعات الأحياء 2026 — مفتاح الإجابة في PDF p.174,SOURCE_ANSWER_STRIP_EMBEDDED_TEXT,PASS_SOURCE_KEY
TAH-BIO-BIO26-L38-Q053,BIO26-PDF174-L38-S2-Q053,BIO26-L38,أحياء 4,الوراثة المندلية,174,2,53,B,1,تجميعات الأحياء 2026 — مفتاح الإجابة في PDF p.174,SOURCE_ANSWER_STRIP_EMBEDDED_TEXT,PASS_SOURCE_KEY
TAH-BIO-BIO26-L39-Q001,BIO26-PDF175-L39-S1-Q001,BIO26-L39,أحياء 4,الوراثة المعقدة والبشرية,175,1,1,B,1,تجميعات الأحياء 2026 — مفتاح الإجابة في PDF p.175,SOURCE_ANSWER_STRIP_EMBEDDED_TEXT,PASS_SOURCE_KEY
TAH-BIO-BIO26-L39-Q002,BIO26-PDF175-L39-S1-Q002,BIO26-L39,أحياء 4,الوراثة المعقدة والبشرية,175,1,2,C,2,تجميعات الأحياء 2026 — مفتاح الإجابة في PDF p.175,SOURCE_ANSWER_STRIP_EMBEDDED_TEXT,PASS_SOURCE_KEY
TAH-BIO-BIO26-L39-Q003,BIO26-PDF175-L39-S1-Q003,BIO26-L39,أحياء 4,الوراثة المعقدة والبشرية,175,1,3,A,0,تجميعات الأحياء 2026 — مفتاح الإجابة في PDF p.175,SOURCE_ANSWER_STRIP_EMBEDDED_TEXT,PASS_SOURCE_KEY
TAH-BIO-BIO26-L39-Q004,BIO26-PDF175-L39-S1-Q004,BIO26-L39,أحياء 4,الوراثة المعقدة والبشرية,175,1,4,A,0,تجميعات الأحياء 2026 — مفتاح الإجابة في PDF p.175,SOURCE_ANSWER_STRIP_EMBEDDED_TEXT,PASS_SOURCE_KEY
TAH-BIO-BIO26-L39-Q005,BIO26-PDF175-L39-S1-Q005,BIO26-L39,أحياء 4,الوراثة المعقدة والبشرية,175,1,5,B,1,تجميعات الأحياء 2026 — مفتاح الإجابة في PDF p.175,SOURCE_ANSWER_STRIP_EMBEDDED_TEXT,PASS_SOURCE_KEY
TAH-BIO-BIO26-L39-Q006,BIO26-PDF175-L39-S1-Q006,BIO26-L39,أحياء 4,الوراثة المعقدة والبشرية,175,1,6,D,3,تجميعات الأحياء 2026 — مفتاح الإجابة في PDF p.175,SOURCE_ANSWER_STRIP_EMBEDDED_TEXT,PASS_SOURCE_KEY
TAH-BIO-BIO26-L39-Q007,BIO26-PDF175-L39-S1-Q007,BIO26-L39,أحياء 4,الوراثة المعقدة والبشرية,175,1,7,A,0,تجميعات الأحياء 2026 — مفتاح الإجابة في PDF p.175,SOURCE_ANSWER_STRIP_EMBEDDED_TEXT,PASS_SOURCE_KEY
TAH-BIO-BIO26-L39-Q008,BIO26-PDF175-L39-S1-Q008,BIO26-L39,أحياء 4,الوراثة المعقدة والبشرية,175,1,8,C,2,تجميعات الأحياء 2026 — مفتاح الإجابة في PDF p.175,SOURCE_ANSWER_STRIP_EMBEDDED_TEXT,PASS_SOURCE_KEY
TAH-BIO-BIO26-L39-Q009,BIO26-PDF175-L39-S1-Q009,BIO26-L39,أحياء 4,الوراثة المعقدة والبشرية,175,1,9,C,2,تجميعات الأحياء 2026 — مفتاح الإجابة في PDF p.175,SOURCE_ANSWER_STRIP_EMBEDDED_TEXT,PASS_SOURCE_KEY
TAH-BIO-BIO26-L39-Q010,BIO26-PDF175-L39-S1-Q010,BIO26-L39,أحياء 4,الوراثة المعقدة والبشرية,175,1,10,A,0,تجميعات الأحياء 2026 — مفتاح الإجابة في PDF p.175,SOURCE_ANSWER_STRIP_EMBEDDED_TEXT,PASS_SOURCE_KEY
TAH-BIO-BIO26-L39-Q011,BIO26-PDF175-L39-S1-Q011,BIO26-L39,أحياء 4,الوراثة المعقدة والبشرية,175,1,11,C,2,تجميعات الأحياء 2026 — مفتاح الإجابة في PDF p.175,SOURCE_ANSWER_STRIP_EMBEDDED_TEXT,PASS_SOURCE_KEY
TAH-BIO-BIO26-L39-Q012,BIO26-PDF175-L39-S1-Q012,BIO26-L39,أحياء 4,الوراثة المعقدة والبشرية,175,1,12,C,2,تجميعات الأحياء 2026 — مفتاح الإجابة في PDF p.175,SOURCE_ANSWER_STRIP_EMBEDDED_TEXT,PASS_SOURCE_KEY
TAH-BIO-BIO26-L39-Q013,BIO26-PDF175-L39-S1-Q013,BIO26-L39,أحياء 4,الوراثة المعقدة والبشرية,175,1,13,B,1,تجميعات الأحياء 2026 — مفتاح الإجابة في PDF p.175,SOURCE_ANSWER_STRIP_EMBEDDED_TEXT,PASS_SOURCE_KEY
TAH-BIO-BIO26-L39-Q014,BIO26-PDF175-L39-S1-Q014,BIO26-L39,أحياء 4,الوراثة المعقدة والبشرية,175,1,14,D,3,تجميعات الأحياء 2026 — مفتاح الإجابة في PDF p.175,SOURCE_ANSWER_STRIP_EMBEDDED_TEXT,PASS_SOURCE_KEY
TAH-BIO-BIO26-L39-Q015,BIO26-PDF175-L39-S1-Q015,BIO26-L39,أحياء 4,الوراثة المعقدة والبشرية,175,1,15,B,1,تجميعات الأحياء 2026 — مفتاح الإجابة في PDF p.175,SOURCE_ANSWER_STRIP_EMBEDDED_TEXT,PASS_SOURCE_KEY
TAH-BIO-BIO26-L39-Q016,BIO26-PDF175-L39-S1-Q016,BIO26-L39,أحياء 4,الوراثة المعقدة والبشرية,175,1,16,B,1,تجميعات الأحياء 2026 — مفتاح الإجابة في PDF p.175,SOURCE_ANSWER_STRIP_EMBEDDED_TEXT,PASS_SOURCE_KEY
TAH-BIO-BIO26-L39-Q017,BIO26-PDF175-L39-S1-Q017,BIO26-L39,أحياء 4,الوراثة المعقدة والبشرية,175,1,17,A,0,تجميعات الأحياء 2026 — مفتاح الإجابة في PDF p.175,SOURCE_ANSWER_STRIP_EMBEDDED_TEXT,PASS_SOURCE_KEY
TAH-BIO-BIO26-L39-Q018,BIO26-PDF176-L39-S1-Q018,BIO26-L39,أحياء 4,الوراثة المعقدة والبشرية,176,1,18,D,3,تجميعات الأحياء 2026 — مفتاح الإجابة في PDF p.176,SOURCE_ANSWER_STRIP_EMBEDDED_TEXT,PASS_SOURCE_KEY
TAH-BIO-BIO26-L39-Q019,BIO26-PDF176-L39-S1-Q019,BIO26-L39,أحياء 4,الوراثة المعقدة والبشرية,176,1,19,D,3,تجميعات الأحياء 2026 — مفتاح الإجابة في PDF p.176,SOURCE_ANSWER_STRIP_EMBEDDED_TEXT,PASS_SOURCE_KEY
TAH-BIO-BIO26-L39-Q020,BIO26-PDF176-L39-S1-Q020,BIO26-L39,أحياء 4,الوراثة المعقدة والبشرية,176,1,20,C,2,تجميعات الأحياء 2026 — مفتاح الإجابة في PDF p.176,SOURCE_ANSWER_STRIP_EMBEDDED_TEXT,PASS_SOURCE_KEY
TAH-BIO-BIO26-L39-Q021,BIO26-PDF176-L39-S1-Q021,BIO26-L39,أحياء 4,الوراثة المعقدة والبشرية,176,1,21,B,1,تجميعات الأحياء 2026 — مفتاح الإجابة في PDF p.176,SOURCE_ANSWER_STRIP_EMBEDDED_TEXT,PASS_SOURCE_KEY
TAH-BIO-BIO26-L39-Q022,BIO26-PDF176-L39-S1-Q022,BIO26-L39,أحياء 4,الوراثة المعقدة والبشرية,176,1,22,D,3,تجميعات الأحياء 2026 — مفتاح الإجابة في PDF p.176,SOURCE_ANSWER_STRIP_EMBEDDED_TEXT,PASS_SOURCE_KEY
TAH-BIO-BIO26-L39-Q023,BIO26-PDF176-L39-S1-Q023,BIO26-L39,أحياء 4,الوراثة المعقدة والبشرية,176,1,23,D,3,تجميعات الأحياء 2026 — مفتاح الإجابة في PDF p.176,SOURCE_ANSWER_STRIP_EMBEDDED_TEXT,PASS_SOURCE_KEY
TAH-BIO-BIO26-L39-Q024,BIO26-PDF176-L39-S1-Q024,BIO26-L39,أحياء 4,الوراثة المعقدة والبشرية,176,1,24,C,2,تجميعات الأحياء 2026 — مفتاح الإجابة في PDF p.176,SOURCE_ANSWER_STRIP_EMBEDDED_TEXT,PASS_SOURCE_KEY
TAH-BIO-BIO26-L39-Q025,BIO26-PDF176-L39-S1-Q025,BIO26-L39,أحياء 4,الوراثة المعقدة والبشرية,176,1,25,B,1,تجميعات الأحياء 2026 — مفتاح الإجابة في PDF p.176,SOURCE_ANSWER_STRIP_EMBEDDED_TEXT,PASS_SOURCE_KEY
TAH-BIO-BIO26-L39-Q026,BIO26-PDF176-L39-S1-Q026,BIO26-L39,أحياء 4,الوراثة المعقدة والبشرية,176,1,26,C,2,تجميعات الأحياء 2026 — مفتاح الإجابة في PDF p.176,SOURCE_ANSWER_STRIP_EMBEDDED_TEXT,PASS_SOURCE_KEY
TAH-BIO-BIO26-L39-Q027,BIO26-PDF176-L39-S1-Q027,BIO26-L39,أحياء 4,الوراثة المعقدة والبشرية,176,1,27,A,0,تجميعات الأحياء 2026 — مفتاح الإجابة في PDF p.176,SOURCE_ANSWER_STRIP_EMBEDDED_TEXT,PASS_SOURCE_KEY
TAH-BIO-BIO26-L39-Q028,BIO26-PDF176-L39-S1-Q028,BIO26-L39,أحياء 4,الوراثة المعقدة والبشرية,176,1,28,B,1,تجميعات الأحياء 2026 — مفتاح الإجابة في PDF p.176,SOURCE_ANSWER_STRIP_EMBEDDED_TEXT,PASS_SOURCE_KEY
TAH-BIO-BIO26-L39-Q029,BIO26-PDF176-L39-S1-Q029,BIO26-L39,أحياء 4,الوراثة المعقدة والبشرية,176,1,29,A,0,تجميعات الأحياء 2026 — مفتاح الإجابة في PDF p.176,SOURCE_ANSWER_STRIP_EMBEDDED_TEXT,PASS_SOURCE_KEY
TAH-BIO-BIO26-L39-Q030,BIO26-PDF176-L39-S1-Q030,BIO26-L39,أحياء 4,الوراثة المعقدة والبشرية,176,1,30,B,1,تجميعات الأحياء 2026 — مفتاح الإجابة في PDF p.176,SOURCE_ANSWER_STRIP_EMBEDDED_TEXT,PASS_SOURCE_KEY
TAH-BIO-BIO26-L39-Q031,BIO26-PDF176-L39-S1-Q031,BIO26-L39,أحياء 4,الوراثة المعقدة والبشرية,176,1,31,D,3,تجميعات الأحياء 2026 — مفتاح الإجابة في PDF p.176,SOURCE_ANSWER_STRIP_EMBEDDED_TEXT,PASS_SOURCE_KEY
TAH-BIO-BIO26-L39-Q032,BIO26-PDF176-L39-S1-Q032,BIO26-L39,أحياء 4,الوراثة المعقدة والبشرية,176,1,32,C,2,تجميعات الأحياء 2026 — مفتاح الإجابة في PDF p.176,SOURCE_ANSWER_STRIP_EMBEDDED_TEXT,PASS_SOURCE_KEY
TAH-BIO-BIO26-L39-Q033,BIO26-PDF176-L39-S1-Q033,BIO26-L39,أحياء 4,الوراثة المعقدة والبشرية,176,1,33,A,0,تجميعات الأحياء 2026 — مفتاح الإجابة في PDF p.176,SOURCE_ANSWER_STRIP_EMBEDDED_TEXT,PASS_SOURCE_KEY
TAH-BIO-BIO26-L39-Q034,BIO26-PDF176-L39-S1-Q034,BIO26-L39,أحياء 4,الوراثة المعقدة والبشرية,176,1,34,D,3,تجميعات الأحياء 2026 — مفتاح الإجابة في PDF p.176,SOURCE_ANSWER_STRIP_EMBEDDED_TEXT,PASS_SOURCE_KEY
TAH-BIO-BIO26-L39-Q035,BIO26-PDF176-L39-S1-Q035,BIO26-L39,أحياء 4,الوراثة المعقدة والبشرية,176,1,35,A,0,تجميعات الأحياء 2026 — مفتاح الإجابة في PDF p.176,SOURCE_ANSWER_STRIP_EMBEDDED_TEXT,PASS_SOURCE_KEY
TAH-BIO-BIO26-L39-Q036,BIO26-PDF176-L39-S1-Q036,BIO26-L39,أحياء 4,الوراثة المعقدة والبشرية,176,1,36,C,2,تجميعات الأحياء 2026 — مفتاح الإجابة في PDF p.176,SOURCE_ANSWER_STRIP_EMBEDDED_TEXT,PASS_SOURCE_KEY
TAH-BIO-BIO26-L39-Q037,BIO26-PDF177-L39-S1-Q037,BIO26-L39,أحياء 4,الوراثة المعقدة والبشرية,177,1,37,C,2,تجميعات الأحياء 2026 — مفتاح الإجابة في PDF p.177,SOURCE_ANSWER_STRIP_EMBEDDED_TEXT,PASS_SOURCE_KEY
TAH-BIO-BIO26-L39-Q038,BIO26-PDF177-L39-S1-Q038,BIO26-L39,أحياء 4,الوراثة المعقدة والبشرية,177,1,38,D,3,تجميعات الأحياء 2026 — مفتاح الإجابة في PDF p.177,SOURCE_ANSWER_STRIP_EMBEDDED_TEXT,PASS_SOURCE_KEY
TAH-BIO-BIO26-L39-Q039,BIO26-PDF177-L39-S1-Q039,BIO26-L39,أحياء 4,الوراثة المعقدة والبشرية,177,1,39,A,0,تجميعات الأحياء 2026 — مفتاح الإجابة في PDF p.177,SOURCE_ANSWER_STRIP_EMBEDDED_TEXT,PASS_SOURCE_KEY
TAH-BIO-BIO26-L39-Q040,BIO26-PDF177-L39-S1-Q040,BIO26-L39,أحياء 4,الوراثة المعقدة والبشرية,177,1,40,A,0,تجميعات الأحياء 2026 — مفتاح الإجابة في PDF p.177,SOURCE_ANSWER_STRIP_EMBEDDED_TEXT,PASS_SOURCE_KEY
TAH-BIO-BIO26-L39-Q041,BIO26-PDF177-L39-S1-Q041,BIO26-L39,أحياء 4,الوراثة المعقدة والبشرية,177,1,41,A,0,تجميعات الأحياء 2026 — مفتاح الإجابة في PDF p.177,SOURCE_ANSWER_STRIP_EMBEDDED_TEXT,PASS_SOURCE_KEY
TAH-BIO-BIO26-L39-Q042,BIO26-PDF177-L39-S1-Q042,BIO26-L39,أحياء 4,الوراثة المعقدة والبشرية,177,1,42,B,1,تجميعات الأحياء 2026 — مفتاح الإجابة في PDF p.177,SOURCE_ANSWER_STRIP_EMBEDDED_TEXT,PASS_SOURCE_KEY
TAH-BIO-BIO26-L39-Q043,BIO26-PDF177-L39-S1-Q043,BIO26-L39,أحياء 4,الوراثة المعقدة والبشرية,177,1,43,A,0,تجميعات الأحياء 2026 — مفتاح الإجابة في PDF p.177,SOURCE_ANSWER_STRIP_EMBEDDED_TEXT,PASS_SOURCE_KEY
TAH-BIO-BIO26-L39-Q044,BIO26-PDF177-L39-S1-Q044,BIO26-L39,أحياء 4,الوراثة المعقدة والبشرية,177,1,44,D,3,تجميعات الأحياء 2026 — مفتاح الإجابة في PDF p.177,SOURCE_ANSWER_STRIP_EMBEDDED_TEXT,PASS_SOURCE_KEY
TAH-BIO-BIO26-L39-Q045,BIO26-PDF177-L39-S1-Q045,BIO26-L39,أحياء 4,الوراثة المعقدة والبشرية,177,1,45,C,2,تجميعات الأحياء 2026 — مفتاح الإجابة في PDF p.177,SOURCE_ANSWER_STRIP_EMBEDDED_TEXT,PASS_SOURCE_KEY
TAH-BIO-BIO26-L39-Q046,BIO26-PDF177-L39-S1-Q046,BIO26-L39,أحياء 4,الوراثة المعقدة والبشرية,177,1,46,C,2,تجميعات الأحياء 2026 — مفتاح الإجابة في PDF p.177,SOURCE_ANSWER_STRIP_EMBEDDED_TEXT,PASS_SOURCE_KEY
TAH-BIO-BIO26-L39-Q047,BIO26-PDF177-L39-S1-Q047,BIO26-L39,أحياء 4,الوراثة المعقدة والبشرية,177,1,47,D,3,تجميعات الأحياء 2026 — مفتاح الإجابة في PDF p.177,SOURCE_ANSWER_STRIP_EMBEDDED_TEXT,PASS_SOURCE_KEY
TAH-BIO-BIO26-L39-Q048,BIO26-PDF177-L39-S1-Q048,BIO26-L39,أحياء 4,الوراثة المعقدة والبشرية,177,1,48,D,3,تجميعات الأحياء 2026 — مفتاح الإجابة في PDF p.177,SOURCE_ANSWER_STRIP_EMBEDDED_TEXT,PASS_SOURCE_KEY
TAH-BIO-BIO26-L39-Q049,BIO26-PDF177-L39-S1-Q049,BIO26-L39,أحياء 4,الوراثة المعقدة والبشرية,177,1,49,D,3,تجميعات الأحياء 2026 — مفتاح الإجابة في PDF p.177,SOURCE_ANSWER_STRIP_EMBEDDED_TEXT,PASS_SOURCE_KEY
TAH-BIO-BIO26-L39-Q050,BIO26-PDF177-L39-S1-Q050,BIO26-L39,أحياء 4,الوراثة المعقدة والبشرية,177,1,50,B,1,تجميعات الأحياء 2026 — مفتاح الإجابة في PDF p.177,SOURCE_ANSWER_STRIP_EMBEDDED_TEXT,PASS_SOURCE_KEY
TAH-BIO-BIO26-L39-Q051,BIO26-PDF177-L39-S1-Q051,BIO26-L39,أحياء 4,الوراثة المعقدة والبشرية,177,1,51,B,1,تجميعات الأحياء 2026 — مفتاح الإجابة في PDF p.177,SOURCE_ANSWER_STRIP_EMBEDDED_TEXT,PASS_SOURCE_KEY
TAH-BIO-BIO26-L39-Q052,BIO26-PDF177-L39-S1-Q052,BIO26-L39,أحياء 4,الوراثة المعقدة والبشرية,177,1,52,D,3,تجميعات الأحياء 2026 — مفتاح الإجابة في PDF p.177,SOURCE_ANSWER_STRIP_EMBEDDED_TEXT,PASS_SOURCE_KEY
TAH-BIO-BIO26-L39-Q053,BIO26-PDF177-L39-S1-Q053,BIO26-L39,أحياء 4,الوراثة المعقدة والبشرية,177,1,53,A,0,تجميعات الأحياء 2026 — مفتاح الإجابة في PDF p.177,SOURCE_ANSWER_STRIP_EMBEDDED_TEXT,PASS_SOURCE_KEY
TAH-BIO-BIO26-L39-Q054,BIO26-PDF178-L39-S1-Q054,BIO26-L39,أحياء 4,الوراثة المعقدة والبشرية,178,1,54,A,0,تجميعات الأحياء 2026 — مفتاح الإجابة في PDF p.178,SOURCE_ANSWER_STRIP_EMBEDDED_TEXT,PASS_SOURCE_KEY
TAH-BIO-BIO26-L39-Q055,BIO26-PDF178-L39-S1-Q055,BIO26-L39,أحياء 4,الوراثة المعقدة والبشرية,178,1,55,C,2,تجميعات الأحياء 2026 — مفتاح الإجابة في PDF p.178,SOURCE_ANSWER_STRIP_EMBEDDED_TEXT,PASS_SOURCE_KEY
TAH-BIO-BIO26-L39-Q056,BIO26-PDF178-L39-S1-Q056,BIO26-L39,أحياء 4,الوراثة المعقدة والبشرية,178,1,56,A,0,تجميعات الأحياء 2026 — مفتاح الإجابة في PDF p.178,SOURCE_ANSWER_STRIP_EMBEDDED_TEXT,PASS_SOURCE_KEY
TAH-BIO-BIO26-L39-Q057,BIO26-PDF178-L39-S1-Q057,BIO26-L39,أحياء 4,الوراثة المعقدة والبشرية,178,1,57,C,2,تجميعات الأحياء 2026 — مفتاح الإجابة في PDF p.178,SOURCE_ANSWER_STRIP_EMBEDDED_TEXT,PASS_SOURCE_KEY
TAH-BIO-BIO26-L39-Q058,BIO26-PDF178-L39-S1-Q058,BIO26-L39,أحياء 4,الوراثة المعقدة والبشرية,178,1,58,B,1,تجميعات الأحياء 2026 — مفتاح الإجابة في PDF p.178,SOURCE_ANSWER_STRIP_EMBEDDED_TEXT,PASS_SOURCE_KEY
TAH-BIO-BIO26-L39-Q059,BIO26-PDF178-L39-S1-Q059,BIO26-L39,أحياء 4,الوراثة المعقدة والبشرية,178,1,59,A,0,تجميعات الأحياء 2026 — مفتاح الإجابة في PDF p.178,SOURCE_ANSWER_STRIP_EMBEDDED_TEXT,PASS_SOURCE_KEY
TAH-BIO-BIO26-L39-Q060,BIO26-PDF178-L39-S1-Q060,BIO26-L39,أحياء 4,الوراثة المعقدة والبشرية,178,1,60,B,1,تجميعات الأحياء 2026 — مفتاح الإجابة في PDF p.178,SOURCE_ANSWER_STRIP_EMBEDDED_TEXT,PASS_SOURCE_KEY
TAH-BIO-BIO26-L39-Q061,BIO26-PDF178-L39-S1-Q061,BIO26-L39,أحياء 4,الوراثة المعقدة والبشرية,178,1,61,B,1,تجميعات الأحياء 2026 — مفتاح الإجابة في PDF p.178,SOURCE_ANSWER_STRIP_EMBEDDED_TEXT,PASS_SOURCE_KEY
TAH-BIO-BIO26-L39-Q062,BIO26-PDF178-L39-S1-Q062,BIO26-L39,أحياء 4,الوراثة المعقدة والبشرية,178,1,62,D,3,تجميعات الأحياء 2026 — مفتاح الإجابة في PDF p.178,SOURCE_ANSWER_STRIP_EMBEDDED_TEXT,PASS_SOURCE_KEY
TAH-BIO-BIO26-L39-Q063,BIO26-PDF178-L39-S1-Q063,BIO26-L39,أحياء 4,الوراثة المعقدة والبشرية,178,1,63,B,1,تجميعات الأحياء 2026 — مفتاح الإجابة في PDF p.178,SOURCE_ANSWER_STRIP_EMBEDDED_TEXT,PASS_SOURCE_KEY
TAH-BIO-BIO26-L39-Q064,BIO26-PDF178-L39-S1-Q064,BIO26-L39,أحياء 4,الوراثة المعقدة والبشرية,178,1,64,C,2,تجميعات الأحياء 2026 — مفتاح الإجابة في PDF p.178,SOURCE_ANSWER_STRIP_EMBEDDED_TEXT,PASS_SOURCE_KEY
TAH-BIO-BIO26-L39-Q065,BIO26-PDF179-L39-S1-Q065,BIO26-L39,أحياء 4,الوراثة المعقدة والبشرية,179,1,65,B,1,تجميعات الأحياء 2026 — مفتاح الإجابة في PDF p.179,SOURCE_ANSWER_STRIP_EMBEDDED_TEXT,PASS_SOURCE_KEY
TAH-BIO-BIO26-L39-Q066,BIO26-PDF179-L39-S1-Q066,BIO26-L39,أحياء 4,الوراثة المعقدة والبشرية,179,1,66,C,2,تجميعات الأحياء 2026 — مفتاح الإجابة في PDF p.179,SOURCE_ANSWER_STRIP_EMBEDDED_TEXT,PASS_SOURCE_KEY
TAH-BIO-BIO26-L39-Q067,BIO26-PDF179-L39-S1-Q067,BIO26-L39,أحياء 4,الوراثة المعقدة والبشرية,179,1,67,C,2,تجميعات الأحياء 2026 — مفتاح الإجابة في PDF p.179,SOURCE_ANSWER_STRIP_EMBEDDED_TEXT,PASS_SOURCE_KEY
TAH-BIO-BIO26-L39-Q068,BIO26-PDF179-L39-S1-Q068,BIO26-L39,أحياء 4,الوراثة المعقدة والبشرية,179,1,68,D,3,تجميعات الأحياء 2026 — مفتاح الإجابة في PDF p.179,SOURCE_ANSWER_STRIP_EMBEDDED_TEXT,PASS_SOURCE_KEY
TAH-BIO-BIO26-L39-Q069,BIO26-PDF179-L39-S1-Q069,BIO26-L39,أحياء 4,الوراثة المعقدة والبشرية,179,1,69,B,1,تجميعات الأحياء 2026 — مفتاح الإجابة في PDF p.179,SOURCE_ANSWER_STRIP_EMBEDDED_TEXT,PASS_SOURCE_KEY
TAH-BIO-BIO26-L39-Q070,BIO26-PDF179-L39-S1-Q070,BIO26-L39,أحياء 4,الوراثة المعقدة والبشرية,179,1,70,A,0,تجميعات الأحياء 2026 — مفتاح الإجابة في PDF p.179,SOURCE_ANSWER_STRIP_EMBEDDED_TEXT,PASS_SOURCE_KEY
TAH-BIO-BIO26-L39-Q071,BIO26-PDF179-L39-S1-Q071,BIO26-L39,أحياء 4,الوراثة المعقدة والبشرية,179,1,71,A,0,تجميعات الأحياء 2026 — مفتاح الإجابة في PDF p.179,SOURCE_ANSWER_STRIP_EMBEDDED_TEXT,PASS_SOURCE_KEY
TAH-BIO-BIO26-L39-Q072,BIO26-PDF179-L39-S1-Q072,BIO26-L39,أحياء 4,الوراثة المعقدة والبشرية,179,1,72,A,0,تجميعات الأحياء 2026 — مفتاح الإجابة في PDF p.179,SOURCE_ANSWER_STRIP_EMBEDDED_TEXT,PASS_SOURCE_KEY
TAH-BIO-BIO26-L39-Q073,BIO26-PDF179-L39-S1-Q073,BIO26-L39,أحياء 4,الوراثة المعقدة والبشرية,179,1,73,C,2,تجميعات الأحياء 2026 — مفتاح الإجابة في PDF p.179,SOURCE_ANSWER_STRIP_EMBEDDED_TEXT,PASS_SOURCE_KEY
TAH-BIO-BIO26-L39-Q074,BIO26-PDF179-L39-S1-Q074,BIO26-L39,أحياء 4,الوراثة المعقدة والبشرية,179,1,74,C,2,تجميعات الأحياء 2026 — مفتاح الإجابة في PDF p.179,SOURCE_ANSWER_STRIP_EMBEDDED_TEXT,PASS_SOURCE_KEY
TAH-BIO-BIO26-L39-Q075,BIO26-PDF180-L39-S1-Q075,BIO26-L39,أحياء 4,الوراثة المعقدة والبشرية,180,1,75,D,3,تجميعات الأحياء 2026 — مفتاح الإجابة في PDF p.180,SOURCE_ANSWER_STRIP_EMBEDDED_TEXT,PASS_SOURCE_KEY
TAH-BIO-BIO26-L39-Q076,BIO26-PDF180-L39-S1-Q076,BIO26-L39,أحياء 4,الوراثة المعقدة والبشرية,180,1,76,D,3,تجميعات الأحياء 2026 — مفتاح الإجابة في PDF p.180,SOURCE_ANSWER_STRIP_EMBEDDED_TEXT,PASS_SOURCE_KEY
TAH-BIO-BIO26-L39-Q077,BIO26-PDF180-L39-S1-Q077,BIO26-L39,أحياء 4,الوراثة المعقدة والبشرية,180,1,77,B,1,تجميعات الأحياء 2026 — مفتاح الإجابة في PDF p.180,SOURCE_ANSWER_STRIP_EMBEDDED_TEXT,PASS_SOURCE_KEY
TAH-BIO-BIO26-L39-Q078,BIO26-PDF180-L39-S1-Q078,BIO26-L39,أحياء 4,الوراثة المعقدة والبشرية,180,1,78,C,2,تجميعات الأحياء 2026 — مفتاح الإجابة في PDF p.180,SOURCE_ANSWER_STRIP_EMBEDDED_TEXT,PASS_SOURCE_KEY
TAH-BIO-BIO26-L39-Q079,BIO26-PDF180-L39-S1-Q079,BIO26-L39,أحياء 4,الوراثة المعقدة والبشرية,180,1,79,B,1,تجميعات الأحياء 2026 — مفتاح الإجابة في PDF p.180,SOURCE_ANSWER_STRIP_EMBEDDED_TEXT,PASS_SOURCE_KEY
TAH-BIO-BIO26-L39-Q080,BIO26-PDF180-L39-S1-Q080,BIO26-L39,أحياء 4,الوراثة المعقدة والبشرية,180,1,80,A,0,تجميعات الأحياء 2026 — مفتاح الإجابة في PDF p.180,SOURCE_ANSWER_STRIP_EMBEDDED_TEXT,PASS_SOURCE_KEY
TAH-BIO-BIO26-L39-Q081,BIO26-PDF181-L39-S2-Q081,BIO26-L39,أحياء 4,الوراثة المعقدة والبشرية,181,2,81,A,0,تجميعات الأحياء 2026 — مفتاح الإجابة في PDF p.181,SOURCE_ANSWER_STRIP_EMBEDDED_TEXT,PASS_SOURCE_KEY
TAH-BIO-BIO26-L39-Q082,BIO26-PDF181-L39-S2-Q082,BIO26-L39,أحياء 4,الوراثة المعقدة والبشرية,181,2,82,C,2,تجميعات الأحياء 2026 — مفتاح الإجابة في PDF p.181,SOURCE_ANSWER_STRIP_EMBEDDED_TEXT,PASS_SOURCE_KEY
TAH-BIO-BIO26-L39-Q083,BIO26-PDF181-L39-S2-Q083,BIO26-L39,أحياء 4,الوراثة المعقدة والبشرية,181,2,83,D,3,تجميعات الأحياء 2026 — مفتاح الإجابة في PDF p.181,SOURCE_ANSWER_STRIP_EMBEDDED_TEXT,PASS_SOURCE_KEY
TAH-BIO-BIO26-L39-Q084,BIO26-PDF181-L39-S2-Q084,BIO26-L39,أحياء 4,الوراثة المعقدة والبشرية,181,2,84,D,3,تجميعات الأحياء 2026 — مفتاح الإجابة في PDF p.181,SOURCE_ANSWER_STRIP_EMBEDDED_TEXT,PASS_SOURCE_KEY
TAH-BIO-BIO26-L39-Q085,BIO26-PDF181-L39-S2-Q085,BIO26-L39,أحياء 4,الوراثة المعقدة والبشرية,181,2,85,B,1,تجميعات الأحياء 2026 — مفتاح الإجابة في PDF p.181,SOURCE_ANSWER_STRIP_EMBEDDED_TEXT,PASS_SOURCE_KEY
TAH-BIO-BIO26-L39-Q086,BIO26-PDF181-L39-S2-Q086,BIO26-L39,أحياء 4,الوراثة المعقدة والبشرية,181,2,86,C,2,تجميعات الأحياء 2026 — مفتاح الإجابة في PDF p.181,SOURCE_ANSWER_STRIP_EMBEDDED_TEXT,PASS_SOURCE_KEY
TAH-BIO-BIO26-L39-Q087,BIO26-PDF181-L39-S2-Q087,BIO26-L39,أحياء 4,الوراثة المعقدة والبشرية,181,2,87,C,2,تجميعات الأحياء 2026 — مفتاح الإجابة في PDF p.181,SOURCE_ANSWER_STRIP_EMBEDDED_TEXT,PASS_SOURCE_KEY
TAH-BIO-BIO26-L39-Q088,BIO26-PDF181-L39-S2-Q088,BIO26-L39,أحياء 4,الوراثة المعقدة والبشرية,181,2,88,A,0,تجميعات الأحياء 2026 — مفتاح الإجابة في PDF p.181,SOURCE_ANSWER_STRIP_EMBEDDED_TEXT,PASS_SOURCE_KEY
TAH-BIO-BIO26-L39-Q089,BIO26-PDF181-L39-S2-Q089,BIO26-L39,أحياء 4,الوراثة المعقدة والبشرية,181,2,89,B,1,تجميعات الأحياء 2026 — مفتاح الإجابة في PDF p.181,SOURCE_ANSWER_STRIP_EMBEDDED_TEXT,PASS_SOURCE_KEY
TAH-BIO-BIO26-L39-Q090,BIO26-PDF181-L39-S2-Q090,BIO26-L39,أحياء 4,الوراثة المعقدة والبشرية,181,2,90,A,0,تجميعات الأحياء 2026 — مفتاح الإجابة في PDF p.181,SOURCE_ANSWER_STRIP_EMBEDDED_TEXT,PASS_SOURCE_KEY
TAH-BIO-BIO26-L39-Q091,BIO26-PDF181-L39-S2-Q091,BIO26-L39,أحياء 4,الوراثة المعقدة والبشرية,181,2,91,B,1,تجميعات الأحياء 2026 — مفتاح الإجابة في PDF p.181,SOURCE_ANSWER_STRIP_EMBEDDED_TEXT,PASS_SOURCE_KEY
TAH-BIO-BIO26-L39-Q092,BIO26-PDF181-L39-S2-Q092,BIO26-L39,أحياء 4,الوراثة المعقدة والبشرية,181,2,92,C,2,تجميعات الأحياء 2026 — مفتاح الإجابة في PDF p.181,SOURCE_ANSWER_STRIP_EMBEDDED_TEXT,PASS_SOURCE_KEY
TAH-BIO-BIO26-L39-Q093,BIO26-PDF181-L39-S2-Q093,BIO26-L39,أحياء 4,الوراثة المعقدة والبشرية,181,2,93,A,0,تجميعات الأحياء 2026 — مفتاح الإجابة في PDF p.181,SOURCE_ANSWER_STRIP_EMBEDDED_TEXT,PASS_SOURCE_KEY
TAH-BIO-BIO26-L39-Q094,BIO26-PDF181-L39-S2-Q094,BIO26-L39,أحياء 4,الوراثة المعقدة والبشرية,181,2,94,D,3,تجميعات الأحياء 2026 — مفتاح الإجابة في PDF p.181,SOURCE_ANSWER_STRIP_EMBEDDED_TEXT,PASS_SOURCE_KEY
TAH-BIO-BIO26-L39-Q095,BIO26-PDF181-L39-S2-Q095,BIO26-L39,أحياء 4,الوراثة المعقدة والبشرية,181,2,95,C,2,تجميعات الأحياء 2026 — مفتاح الإجابة في PDF p.181,SOURCE_ANSWER_STRIP_EMBEDDED_TEXT,PASS_SOURCE_KEY
TAH-BIO-BIO26-L39-Q096,BIO26-PDF181-L39-S2-Q096,BIO26-L39,أحياء 4,الوراثة المعقدة والبشرية,181,2,96,C,2,تجميعات الأحياء 2026 — مفتاح الإجابة في PDF p.181,SOURCE_ANSWER_STRIP_EMBEDDED_TEXT,PASS_SOURCE_KEY
TAH-BIO-BIO26-L39-Q097,BIO26-PDF182-L39-S2-Q097,BIO26-L39,أحياء 4,الوراثة المعقدة والبشرية,182,2,97,B,1,تجميعات الأحياء 2026 — مفتاح الإجابة في PDF p.182,SOURCE_ANSWER_STRIP_EMBEDDED_TEXT,PASS_SOURCE_KEY
TAH-BIO-BIO26-L39-Q098,BIO26-PDF182-L39-S2-Q098,BIO26-L39,أحياء 4,الوراثة المعقدة والبشرية,182,2,98,D,3,تجميعات الأحياء 2026 — مفتاح الإجابة في PDF p.182,SOURCE_ANSWER_STRIP_EMBEDDED_TEXT,PASS_SOURCE_KEY
TAH-BIO-BIO26-L39-Q099,BIO26-PDF182-L39-S2-Q099,BIO26-L39,أحياء 4,الوراثة المعقدة والبشرية,182,2,99,C,2,تجميعات الأحياء 2026 — مفتاح الإجابة في PDF p.182,SOURCE_ANSWER_STRIP_EMBEDDED_TEXT,PASS_SOURCE_KEY
TAH-BIO-BIO26-L39-Q100,BIO26-PDF182-L39-S2-Q100,BIO26-L39,أحياء 4,الوراثة المعقدة والبشرية,182,2,100,B,1,تجميعات الأحياء 2026 — مفتاح الإجابة في PDF p.182,SOURCE_ANSWER_STRIP_EMBEDDED_TEXT,PASS_SOURCE_KEY
TAH-BIO-BIO26-L39-Q101,BIO26-PDF182-L39-S2-Q101,BIO26-L39,أحياء 4,الوراثة المعقدة والبشرية,182,2,101,B,1,تجميعات الأحياء 2026 — مفتاح الإجابة في PDF p.182,SOURCE_ANSWER_STRIP_EMBEDDED_TEXT,PASS_SOURCE_KEY
TAH-BIO-BIO26-L39-Q102,BIO26-PDF182-L39-S2-Q102,BIO26-L39,أحياء 4,الوراثة المعقدة والبشرية,182,2,102,A,0,تجميعات الأحياء 2026 — مفتاح الإجابة في PDF p.182,SOURCE_ANSWER_STRIP_EMBEDDED_TEXT,PASS_SOURCE_KEY
TAH-BIO-BIO26-L39-Q103,BIO26-PDF182-L39-S2-Q103,BIO26-L39,أحياء 4,الوراثة المعقدة والبشرية,182,2,103,C,2,تجميعات الأحياء 2026 — مفتاح الإجابة في PDF p.182,SOURCE_ANSWER_STRIP_EMBEDDED_TEXT,PASS_SOURCE_KEY
TAH-BIO-BIO26-L39-Q104,BIO26-PDF182-L39-S2-Q104,BIO26-L39,أحياء 4,الوراثة المعقدة والبشرية,182,2,104,D,3,تجميعات الأحياء 2026 — مفتاح الإجابة في PDF p.182,SOURCE_ANSWER_STRIP_EMBEDDED_TEXT,PASS_SOURCE_KEY
TAH-BIO-BIO26-L39-Q105,BIO26-PDF182-L39-S2-Q105,BIO26-L39,أحياء 4,الوراثة المعقدة والبشرية,182,2,105,B,1,تجميعات الأحياء 2026 — مفتاح الإجابة في PDF p.182,SOURCE_ANSWER_STRIP_EMBEDDED_TEXT,PASS_SOURCE_KEY
TAH-BIO-BIO26-L39-Q106,BIO26-PDF182-L39-S2-Q106,BIO26-L39,أحياء 4,الوراثة المعقدة والبشرية,182,2,106,A,0,تجميعات الأحياء 2026 — مفتاح الإجابة في PDF p.182,SOURCE_ANSWER_STRIP_EMBEDDED_TEXT,PASS_SOURCE_KEY
TAH-BIO-BIO26-L39-Q107,BIO26-PDF182-L39-S2-Q107,BIO26-L39,أحياء 4,الوراثة المعقدة والبشرية,182,2,107,C,2,تجميعات الأحياء 2026 — مفتاح الإجابة في PDF p.182,SOURCE_ANSWER_STRIP_EMBEDDED_TEXT,PASS_SOURCE_KEY
TAH-BIO-BIO26-L39-Q108,BIO26-PDF182-L39-S2-Q108,BIO26-L39,أحياء 4,الوراثة المعقدة والبشرية,182,2,108,C,2,تجميعات الأحياء 2026 — مفتاح الإجابة في PDF p.182,SOURCE_ANSWER_STRIP_EMBEDDED_TEXT,PASS_SOURCE_KEY
TAH-BIO-BIO26-L39-Q109,BIO26-PDF182-L39-S2-Q109,BIO26-L39,أحياء 4,الوراثة المعقدة والبشرية,182,2,109,B,1,تجميعات الأحياء 2026 — مفتاح الإجابة في PDF p.182,SOURCE_ANSWER_STRIP_EMBEDDED_TEXT,PASS_SOURCE_KEY
TAH-BIO-BIO26-L39-Q110,BIO26-PDF182-L39-S2-Q110,BIO26-L39,أحياء 4,الوراثة المعقدة والبشرية,182,2,110,B,1,تجميعات الأحياء 2026 — مفتاح الإجابة في PDF p.182,SOURCE_ANSWER_STRIP_EMBEDDED_TEXT,PASS_SOURCE_KEY
TAH-BIO-BIO26-L39-Q111,BIO26-PDF182-L39-S2-Q111,BIO26-L39,أحياء 4,الوراثة المعقدة والبشرية,182,2,111,A,0,تجميعات الأحياء 2026 — مفتاح الإجابة في PDF p.182,SOURCE_ANSWER_STRIP_EMBEDDED_TEXT,PASS_SOURCE_KEY
TAH-BIO-BIO26-L39-Q112,BIO26-PDF182-L39-S2-Q112,BIO26-L39,أحياء 4,الوراثة المعقدة والبشرية,182,2,112,A,0,تجميعات الأحياء 2026 — مفتاح الإجابة في PDF p.182,SOURCE_ANSWER_STRIP_EMBEDDED_TEXT,PASS_SOURCE_KEY
TAH-BIO-BIO26-L39-Q113,BIO26-PDF182-L39-S2-Q113,BIO26-L39,أحياء 4,الوراثة المعقدة والبشرية,182,2,113,D,3,تجميعات الأحياء 2026 — مفتاح الإجابة في PDF p.182,SOURCE_ANSWER_STRIP_EMBEDDED_TEXT,PASS_SOURCE_KEY
TAH-BIO-BIO26-L39-Q114,BIO26-PDF182-L39-S2-Q114,BIO26-L39,أحياء 4,الوراثة المعقدة والبشرية,182,2,114,C,2,تجميعات الأحياء 2026 — مفتاح الإجابة في PDF p.182,SOURCE_ANSWER_STRIP_EMBEDDED_TEXT,PASS_SOURCE_KEY
TAH-BIO-BIO26-L39-Q115,BIO26-PDF182-L39-S2-Q115,BIO26-L39,أحياء 4,الوراثة المعقدة والبشرية,182,2,115,D,3,تجميعات الأحياء 2026 — مفتاح الإجابة في PDF p.182,SOURCE_ANSWER_STRIP_EMBEDDED_TEXT,PASS_SOURCE_KEY
TAH-BIO-BIO26-L39-Q116,BIO26-PDF183-L39-S2-Q116,BIO26-L39,أحياء 4,الوراثة المعقدة والبشرية,183,2,116,B,1,تجميعات الأحياء 2026 — مفتاح الإجابة في PDF p.183,SOURCE_ANSWER_STRIP_EMBEDDED_TEXT,PASS_SOURCE_KEY
TAH-BIO-BIO26-L39-Q117,BIO26-PDF183-L39-S2-Q117,BIO26-L39,أحياء 4,الوراثة المعقدة والبشرية,183,2,117,B,1,تجميعات الأحياء 2026 — مفتاح الإجابة في PDF p.183,SOURCE_ANSWER_STRIP_EMBEDDED_TEXT,PASS_SOURCE_KEY
TAH-BIO-BIO26-L39-Q118,BIO26-PDF183-L39-S2-Q118,BIO26-L39,أحياء 4,الوراثة المعقدة والبشرية,183,2,118,B,1,تجميعات الأحياء 2026 — مفتاح الإجابة في PDF p.183,SOURCE_ANSWER_STRIP_EMBEDDED_TEXT,PASS_SOURCE_KEY
TAH-BIO-BIO26-L39-Q119,BIO26-PDF183-L39-S2-Q119,BIO26-L39,أحياء 4,الوراثة المعقدة والبشرية,183,2,119,D,3,تجميعات الأحياء 2026 — مفتاح الإجابة في PDF p.183,SOURCE_ANSWER_STRIP_EMBEDDED_TEXT,PASS_SOURCE_KEY
TAH-BIO-BIO26-L39-Q120,BIO26-PDF183-L39-S2-Q120,BIO26-L39,أحياء 4,الوراثة المعقدة والبشرية,183,2,120,A,0,تجميعات الأحياء 2026 — مفتاح الإجابة في PDF p.183,SOURCE_ANSWER_STRIP_EMBEDDED_TEXT,PASS_SOURCE_KEY
TAH-BIO-BIO26-L39-Q121,BIO26-PDF183-L39-S2-Q121,BIO26-L39,أحياء 4,الوراثة المعقدة والبشرية,183,2,121,C,2,تجميعات الأحياء 2026 — مفتاح الإجابة في PDF p.183,SOURCE_ANSWER_STRIP_EMBEDDED_TEXT,PASS_SOURCE_KEY
TAH-BIO-BIO26-L39-Q122,BIO26-PDF183-L39-S2-Q122,BIO26-L39,أحياء 4,الوراثة المعقدة والبشرية,183,2,122,C,2,تجميعات الأحياء 2026 — مفتاح الإجابة في PDF p.183,SOURCE_ANSWER_STRIP_EMBEDDED_TEXT,PASS_SOURCE_KEY
TAH-BIO-BIO26-L39-Q123,BIO26-PDF183-L39-S2-Q123,BIO26-L39,أحياء 4,الوراثة المعقدة والبشرية,183,2,123,C,2,تجميعات الأحياء 2026 — مفتاح الإجابة في PDF p.183,SOURCE_ANSWER_STRIP_EMBEDDED_TEXT,PASS_SOURCE_KEY
TAH-BIO-BIO26-L39-Q124,BIO26-PDF183-L39-S2-Q124,BIO26-L39,أحياء 4,الوراثة المعقدة والبشرية,183,2,124,D,3,تجميعات الأحياء 2026 — مفتاح الإجابة في PDF p.183,SOURCE_ANSWER_STRIP_EMBEDDED_TEXT,PASS_SOURCE_KEY
TAH-BIO-BIO26-L39-Q125,BIO26-PDF183-L39-S2-Q125,BIO26-L39,أحياء 4,الوراثة المعقدة والبشرية,183,2,125,B,1,تجميعات الأحياء 2026 — مفتاح الإجابة في PDF p.183,SOURCE_ANSWER_STRIP_EMBEDDED_TEXT,PASS_SOURCE_KEY
TAH-BIO-BIO26-L40-Q001,BIO26-PDF184-L40-S1-Q001,BIO26-L40,أحياء 4,المادة الوراثية,184,1,1,B,1,تجميعات الأحياء 2026 — مفتاح الإجابة في PDF p.184,SOURCE_ANSWER_STRIP_EMBEDDED_TEXT,PASS_SOURCE_KEY
TAH-BIO-BIO26-L40-Q002,BIO26-PDF184-L40-S1-Q002,BIO26-L40,أحياء 4,المادة الوراثية,184,1,2,C,2,تجميعات الأحياء 2026 — مفتاح الإجابة في PDF p.184,SOURCE_ANSWER_STRIP_EMBEDDED_TEXT,PASS_SOURCE_KEY
TAH-BIO-BIO26-L40-Q003,BIO26-PDF184-L40-S1-Q003,BIO26-L40,أحياء 4,المادة الوراثية,184,1,3,A,0,تجميعات الأحياء 2026 — مفتاح الإجابة في PDF p.184,SOURCE_ANSWER_STRIP_EMBEDDED_TEXT,PASS_SOURCE_KEY
TAH-BIO-BIO26-L40-Q004,BIO26-PDF184-L40-S1-Q004,BIO26-L40,أحياء 4,المادة الوراثية,184,1,4,C,2,تجميعات الأحياء 2026 — مفتاح الإجابة في PDF p.184,SOURCE_ANSWER_STRIP_EMBEDDED_TEXT,PASS_SOURCE_KEY
TAH-BIO-BIO26-L40-Q005,BIO26-PDF184-L40-S1-Q005,BIO26-L40,أحياء 4,المادة الوراثية,184,1,5,B,1,تجميعات الأحياء 2026 — مفتاح الإجابة في PDF p.184,SOURCE_ANSWER_STRIP_EMBEDDED_TEXT,PASS_SOURCE_KEY
TAH-BIO-BIO26-L40-Q006,BIO26-PDF184-L40-S1-Q006,BIO26-L40,أحياء 4,المادة الوراثية,184,1,6,A,0,تجميعات الأحياء 2026 — مفتاح الإجابة في PDF p.184,SOURCE_ANSWER_STRIP_EMBEDDED_TEXT,PASS_SOURCE_KEY
TAH-BIO-BIO26-L40-Q007,BIO26-PDF184-L40-S1-Q007,BIO26-L40,أحياء 4,المادة الوراثية,184,1,7,B,1,تجميعات الأحياء 2026 — مفتاح الإجابة في PDF p.184,SOURCE_ANSWER_STRIP_EMBEDDED_TEXT,PASS_SOURCE_KEY
TAH-BIO-BIO26-L40-Q008,BIO26-PDF184-L40-S1-Q008,BIO26-L40,أحياء 4,المادة الوراثية,184,1,8,D,3,تجميعات الأحياء 2026 — مفتاح الإجابة في PDF p.184,SOURCE_ANSWER_STRIP_EMBEDDED_TEXT,PASS_SOURCE_KEY
TAH-BIO-BIO26-L40-Q009,BIO26-PDF184-L40-S1-Q009,BIO26-L40,أحياء 4,المادة الوراثية,184,1,9,B,1,تجميعات الأحياء 2026 — مفتاح الإجابة في PDF p.184,SOURCE_ANSWER_STRIP_EMBEDDED_TEXT,PASS_SOURCE_KEY
TAH-BIO-BIO26-L40-Q010,BIO26-PDF184-L40-S1-Q010,BIO26-L40,أحياء 4,المادة الوراثية,184,1,10,C,2,تجميعات الأحياء 2026 — مفتاح الإجابة في PDF p.184,SOURCE_ANSWER_STRIP_EMBEDDED_TEXT,PASS_SOURCE_KEY
TAH-BIO-BIO26-L40-Q011,BIO26-PDF184-L40-S1-Q011,BIO26-L40,أحياء 4,المادة الوراثية,184,1,11,D,3,تجميعات الأحياء 2026 — مفتاح الإجابة في PDF p.184,SOURCE_ANSWER_STRIP_EMBEDDED_TEXT,PASS_SOURCE_KEY
TAH-BIO-BIO26-L40-Q012,BIO26-PDF184-L40-S1-Q012,BIO26-L40,أحياء 4,المادة الوراثية,184,1,12,A,0,تجميعات الأحياء 2026 — مفتاح الإجابة في PDF p.184,SOURCE_ANSWER_STRIP_EMBEDDED_TEXT,PASS_SOURCE_KEY
TAH-BIO-BIO26-L40-Q013,BIO26-PDF184-L40-S1-Q013,BIO26-L40,أحياء 4,المادة الوراثية,184,1,13,A,0,تجميعات الأحياء 2026 — مفتاح الإجابة في PDF p.184,SOURCE_ANSWER_STRIP_EMBEDDED_TEXT,PASS_SOURCE_KEY
TAH-BIO-BIO26-L40-Q014,BIO26-PDF184-L40-S1-Q014,BIO26-L40,أحياء 4,المادة الوراثية,184,1,14,D,3,تجميعات الأحياء 2026 — مفتاح الإجابة في PDF p.184,SOURCE_ANSWER_STRIP_EMBEDDED_TEXT,PASS_SOURCE_KEY
TAH-BIO-BIO26-L40-Q015,BIO26-PDF184-L40-S1-Q015,BIO26-L40,أحياء 4,المادة الوراثية,184,1,15,C,2,تجميعات الأحياء 2026 — مفتاح الإجابة في PDF p.184,SOURCE_ANSWER_STRIP_EMBEDDED_TEXT,PASS_SOURCE_KEY
TAH-BIO-BIO26-L40-Q016,BIO26-PDF184-L40-S1-Q016,BIO26-L40,أحياء 4,المادة الوراثية,184,1,16,B,1,تجميعات الأحياء 2026 — مفتاح الإجابة في PDF p.184,SOURCE_ANSWER_STRIP_EMBEDDED_TEXT,PASS_SOURCE_KEY
TAH-BIO-BIO26-L40-Q017,BIO26-PDF185-L40-S1-Q017,BIO26-L40,أحياء 4,المادة الوراثية,185,1,17,B,1,تجميعات الأحياء 2026 — مفتاح الإجابة في PDF p.185,SOURCE_ANSWER_STRIP_EMBEDDED_TEXT,PASS_SOURCE_KEY
TAH-BIO-BIO26-L40-Q018,BIO26-PDF185-L40-S1-Q018,BIO26-L40,أحياء 4,المادة الوراثية,185,1,18,B,1,تجميعات الأحياء 2026 — مفتاح الإجابة في PDF p.185,SOURCE_ANSWER_STRIP_EMBEDDED_TEXT,PASS_SOURCE_KEY
TAH-BIO-BIO26-L40-Q019,BIO26-PDF185-L40-S1-Q019,BIO26-L40,أحياء 4,المادة الوراثية,185,1,19,B,1,تجميعات الأحياء 2026 — مفتاح الإجابة في PDF p.185,SOURCE_ANSWER_STRIP_EMBEDDED_TEXT,PASS_SOURCE_KEY
TAH-BIO-BIO26-L40-Q020,BIO26-PDF185-L40-S1-Q020,BIO26-L40,أحياء 4,المادة الوراثية,185,1,20,C,2,تجميعات الأحياء 2026 — مفتاح الإجابة في PDF p.185,SOURCE_ANSWER_STRIP_EMBEDDED_TEXT,PASS_SOURCE_KEY
TAH-BIO-BIO26-L40-Q021,BIO26-PDF185-L40-S1-Q021,BIO26-L40,أحياء 4,المادة الوراثية,185,1,21,A,0,تجميعات الأحياء 2026 — مفتاح الإجابة في PDF p.185,SOURCE_ANSWER_STRIP_EMBEDDED_TEXT,PASS_SOURCE_KEY
TAH-BIO-BIO26-L40-Q022,BIO26-PDF185-L40-S1-Q022,BIO26-L40,أحياء 4,المادة الوراثية,185,1,22,B,1,تجميعات الأحياء 2026 — مفتاح الإجابة في PDF p.185,SOURCE_ANSWER_STRIP_EMBEDDED_TEXT,PASS_SOURCE_KEY
TAH-BIO-BIO26-L40-Q023,BIO26-PDF185-L40-S1-Q023,BIO26-L40,أحياء 4,المادة الوراثية,185,1,23,B,1,تجميعات الأحياء 2026 — مفتاح الإجابة في PDF p.185,SOURCE_ANSWER_STRIP_EMBEDDED_TEXT,PASS_SOURCE_KEY
TAH-BIO-BIO26-L40-Q024,BIO26-PDF185-L40-S1-Q024,BIO26-L40,أحياء 4,المادة الوراثية,185,1,24,A,0,تجميعات الأحياء 2026 — مفتاح الإجابة في PDF p.185,SOURCE_ANSWER_STRIP_EMBEDDED_TEXT,PASS_SOURCE_KEY
TAH-BIO-BIO26-L40-Q025,BIO26-PDF185-L40-S1-Q025,BIO26-L40,أحياء 4,المادة الوراثية,185,1,25,C,2,تجميعات الأحياء 2026 — مفتاح الإجابة في PDF p.185,SOURCE_ANSWER_STRIP_EMBEDDED_TEXT,PASS_SOURCE_KEY
TAH-BIO-BIO26-L40-Q026,BIO26-PDF185-L40-S1-Q026,BIO26-L40,أحياء 4,المادة الوراثية,185,1,26,A,0,تجميعات الأحياء 2026 — مفتاح الإجابة في PDF p.185,SOURCE_ANSWER_STRIP_EMBEDDED_TEXT,PASS_SOURCE_KEY
TAH-BIO-BIO26-L40-Q027,BIO26-PDF185-L40-S1-Q027,BIO26-L40,أحياء 4,المادة الوراثية,185,1,27,C,2,تجميعات الأحياء 2026 — مفتاح الإجابة في PDF p.185,SOURCE_ANSWER_STRIP_EMBEDDED_TEXT,PASS_SOURCE_KEY
TAH-BIO-BIO26-L40-Q028,BIO26-PDF185-L40-S1-Q028,BIO26-L40,أحياء 4,المادة الوراثية,185,1,28,C,2,تجميعات الأحياء 2026 — مفتاح الإجابة في PDF p.185,SOURCE_ANSWER_STRIP_EMBEDDED_TEXT,PASS_SOURCE_KEY
TAH-BIO-BIO26-L40-Q029,BIO26-PDF185-L40-S1-Q029,BIO26-L40,أحياء 4,المادة الوراثية,185,1,29,A,0,تجميعات الأحياء 2026 — مفتاح الإجابة في PDF p.185,SOURCE_ANSWER_STRIP_EMBEDDED_TEXT,PASS_SOURCE_KEY
TAH-BIO-BIO26-L40-Q030,BIO26-PDF185-L40-S1-Q030,BIO26-L40,أحياء 4,المادة الوراثية,185,1,30,B,1,تجميعات الأحياء 2026 — مفتاح الإجابة في PDF p.185,SOURCE_ANSWER_STRIP_EMBEDDED_TEXT,PASS_SOURCE_KEY
TAH-BIO-BIO26-L40-Q031,BIO26-PDF185-L40-S1-Q031,BIO26-L40,أحياء 4,المادة الوراثية,185,1,31,B,1,تجميعات الأحياء 2026 — مفتاح الإجابة في PDF p.185,SOURCE_ANSWER_STRIP_EMBEDDED_TEXT,PASS_SOURCE_KEY
TAH-BIO-BIO26-L40-Q032,BIO26-PDF185-L40-S1-Q032,BIO26-L40,أحياء 4,المادة الوراثية,185,1,32,A,0,تجميعات الأحياء 2026 — مفتاح الإجابة في PDF p.185,SOURCE_ANSWER_STRIP_EMBEDDED_TEXT,PASS_SOURCE_KEY
TAH-BIO-BIO26-L40-Q033,BIO26-PDF185-L40-S1-Q033,BIO26-L40,أحياء 4,المادة الوراثية,185,1,33,A,0,تجميعات الأحياء 2026 — مفتاح الإجابة في PDF p.185,SOURCE_ANSWER_STRIP_EMBEDDED_TEXT,PASS_SOURCE_KEY
TAH-BIO-BIO26-L40-Q034,BIO26-PDF185-L40-S1-Q034,BIO26-L40,أحياء 4,المادة الوراثية,185,1,34,B,1,تجميعات الأحياء 2026 — مفتاح الإجابة في PDF p.185,SOURCE_ANSWER_STRIP_EMBEDDED_TEXT,PASS_SOURCE_KEY
TAH-BIO-BIO26-L40-Q035,BIO26-PDF185-L40-S1-Q035,BIO26-L40,أحياء 4,المادة الوراثية,185,1,35,D,3,تجميعات الأحياء 2026 — مفتاح الإجابة في PDF p.185,SOURCE_ANSWER_STRIP_EMBEDDED_TEXT,PASS_SOURCE_KEY
TAH-BIO-BIO26-L40-Q036,BIO26-PDF186-L40-S1-Q036,BIO26-L40,أحياء 4,المادة الوراثية,186,1,36,B,1,تجميعات الأحياء 2026 — مفتاح الإجابة في PDF p.186,SOURCE_ANSWER_STRIP_EMBEDDED_TEXT,PASS_SOURCE_KEY
TAH-BIO-BIO26-L40-Q037,BIO26-PDF186-L40-S1-Q037,BIO26-L40,أحياء 4,المادة الوراثية,186,1,37,A,0,تجميعات الأحياء 2026 — مفتاح الإجابة في PDF p.186,SOURCE_ANSWER_STRIP_EMBEDDED_TEXT,PASS_SOURCE_KEY
TAH-BIO-BIO26-L40-Q038,BIO26-PDF186-L40-S1-Q038,BIO26-L40,أحياء 4,المادة الوراثية,186,1,38,C,2,تجميعات الأحياء 2026 — مفتاح الإجابة في PDF p.186,SOURCE_ANSWER_STRIP_EMBEDDED_TEXT,PASS_SOURCE_KEY
TAH-BIO-BIO26-L40-Q039,BIO26-PDF186-L40-S1-Q039,BIO26-L40,أحياء 4,المادة الوراثية,186,1,39,B,1,تجميعات الأحياء 2026 — مفتاح الإجابة في PDF p.186,SOURCE_ANSWER_STRIP_EMBEDDED_TEXT,PASS_SOURCE_KEY
TAH-BIO-BIO26-L40-Q040,BIO26-PDF186-L40-S1-Q040,BIO26-L40,أحياء 4,المادة الوراثية,186,1,40,C,2,تجميعات الأحياء 2026 — مفتاح الإجابة في PDF p.186,SOURCE_ANSWER_STRIP_EMBEDDED_TEXT,PASS_SOURCE_KEY
TAH-BIO-BIO26-L40-Q041,BIO26-PDF186-L40-S1-Q041,BIO26-L40,أحياء 4,المادة الوراثية,186,1,41,B,1,تجميعات الأحياء 2026 — مفتاح الإجابة في PDF p.186,SOURCE_ANSWER_STRIP_EMBEDDED_TEXT,PASS_SOURCE_KEY
TAH-BIO-BIO26-L40-Q042,BIO26-PDF186-L40-S1-Q042,BIO26-L40,أحياء 4,المادة الوراثية,186,1,42,D,3,تجميعات الأحياء 2026 — مفتاح الإجابة في PDF p.186,SOURCE_ANSWER_STRIP_EMBEDDED_TEXT,PASS_SOURCE_KEY
TAH-BIO-BIO26-L40-Q043,BIO26-PDF186-L40-S1-Q043,BIO26-L40,أحياء 4,المادة الوراثية,186,1,43,B,1,تجميعات الأحياء 2026 — مفتاح الإجابة في PDF p.186,SOURCE_ANSWER_STRIP_EMBEDDED_TEXT,PASS_SOURCE_KEY
TAH-BIO-BIO26-L40-Q044,BIO26-PDF186-L40-S1-Q044,BIO26-L40,أحياء 4,المادة الوراثية,186,1,44,C,2,تجميعات الأحياء 2026 — مفتاح الإجابة في PDF p.186,SOURCE_ANSWER_STRIP_EMBEDDED_TEXT,PASS_SOURCE_KEY
TAH-BIO-BIO26-L40-Q045,BIO26-PDF186-L40-S1-Q045,BIO26-L40,أحياء 4,المادة الوراثية,186,1,45,A,0,تجميعات الأحياء 2026 — مفتاح الإجابة في PDF p.186,SOURCE_ANSWER_STRIP_EMBEDDED_TEXT,PASS_SOURCE_KEY
TAH-BIO-BIO26-L40-Q046,BIO26-PDF186-L40-S1-Q046,BIO26-L40,أحياء 4,المادة الوراثية,186,1,46,A,0,تجميعات الأحياء 2026 — مفتاح الإجابة في PDF p.186,SOURCE_ANSWER_STRIP_EMBEDDED_TEXT,PASS_SOURCE_KEY
TAH-BIO-BIO26-L40-Q047,BIO26-PDF186-L40-S1-Q047,BIO26-L40,أحياء 4,المادة الوراثية,186,1,47,C,2,تجميعات الأحياء 2026 — مفتاح الإجابة في PDF p.186,SOURCE_ANSWER_STRIP_EMBEDDED_TEXT,PASS_SOURCE_KEY
TAH-BIO-BIO26-L40-Q048,BIO26-PDF186-L40-S1-Q048,BIO26-L40,أحياء 4,المادة الوراثية,186,1,48,C,2,تجميعات الأحياء 2026 — مفتاح الإجابة في PDF p.186,SOURCE_ANSWER_STRIP_EMBEDDED_TEXT,PASS_SOURCE_KEY
TAH-BIO-BIO26-L40-Q049,BIO26-PDF186-L40-S1-Q049,BIO26-L40,أحياء 4,المادة الوراثية,186,1,49,D,3,تجميعات الأحياء 2026 — مفتاح الإجابة في PDF p.186,SOURCE_ANSWER_STRIP_EMBEDDED_TEXT,PASS_SOURCE_KEY
TAH-BIO-BIO26-L40-Q050,BIO26-PDF187-L40-S1-Q050,BIO26-L40,أحياء 4,المادة الوراثية,187,1,50,B,1,تجميعات الأحياء 2026 — مفتاح الإجابة في PDF p.187,SOURCE_ANSWER_STRIP_EMBEDDED_TEXT,PASS_SOURCE_KEY
TAH-BIO-BIO26-L40-Q051,BIO26-PDF187-L40-S1-Q051,BIO26-L40,أحياء 4,المادة الوراثية,187,1,51,D,3,تجميعات الأحياء 2026 — مفتاح الإجابة في PDF p.187,SOURCE_ANSWER_STRIP_EMBEDDED_TEXT,PASS_SOURCE_KEY
TAH-BIO-BIO26-L40-Q052,BIO26-PDF187-L40-S1-Q052,BIO26-L40,أحياء 4,المادة الوراثية,187,1,52,C,2,تجميعات الأحياء 2026 — مفتاح الإجابة في PDF p.187,SOURCE_ANSWER_STRIP_EMBEDDED_TEXT,PASS_SOURCE_KEY
TAH-BIO-BIO26-L40-Q053,BIO26-PDF187-L40-S1-Q053,BIO26-L40,أحياء 4,المادة الوراثية,187,1,53,C,2,تجميعات الأحياء 2026 — مفتاح الإجابة في PDF p.187,SOURCE_ANSWER_STRIP_EMBEDDED_TEXT,PASS_SOURCE_KEY
TAH-BIO-BIO26-L40-Q054,BIO26-PDF187-L40-S1-Q054,BIO26-L40,أحياء 4,المادة الوراثية,187,1,54,C,2,تجميعات الأحياء 2026 — مفتاح الإجابة في PDF p.187,SOURCE_ANSWER_STRIP_EMBEDDED_TEXT,PASS_SOURCE_KEY
TAH-BIO-BIO26-L40-Q055,BIO26-PDF187-L40-S1-Q055,BIO26-L40,أحياء 4,المادة الوراثية,187,1,55,B,1,تجميعات الأحياء 2026 — مفتاح الإجابة في PDF p.187,SOURCE_ANSWER_STRIP_EMBEDDED_TEXT,PASS_SOURCE_KEY
TAH-BIO-BIO26-L40-Q056,BIO26-PDF188-L40-S2-Q056,BIO26-L40,أحياء 4,المادة الوراثية,188,2,56,A,0,تجميعات الأحياء 2026 — مفتاح الإجابة في PDF p.188,SOURCE_ANSWER_STRIP_EMBEDDED_TEXT,PASS_SOURCE_KEY
TAH-BIO-BIO26-L40-Q057,BIO26-PDF188-L40-S2-Q057,BIO26-L40,أحياء 4,المادة الوراثية,188,2,57,B,1,تجميعات الأحياء 2026 — مفتاح الإجابة في PDF p.188,SOURCE_ANSWER_STRIP_EMBEDDED_TEXT,PASS_SOURCE_KEY
TAH-BIO-BIO26-L40-Q058,BIO26-PDF188-L40-S2-Q058,BIO26-L40,أحياء 4,المادة الوراثية,188,2,58,A,0,تجميعات الأحياء 2026 — مفتاح الإجابة في PDF p.188,SOURCE_ANSWER_STRIP_EMBEDDED_TEXT,PASS_SOURCE_KEY
TAH-BIO-BIO26-L40-Q059,BIO26-PDF188-L40-S2-Q059,BIO26-L40,أحياء 4,المادة الوراثية,188,2,59,A,0,تجميعات الأحياء 2026 — مفتاح الإجابة في PDF p.188,SOURCE_ANSWER_STRIP_EMBEDDED_TEXT,PASS_SOURCE_KEY
TAH-BIO-BIO26-L40-Q060,BIO26-PDF188-L40-S2-Q060,BIO26-L40,أحياء 4,المادة الوراثية,188,2,60,C,2,تجميعات الأحياء 2026 — مفتاح الإجابة في PDF p.188,SOURCE_ANSWER_STRIP_EMBEDDED_TEXT,PASS_SOURCE_KEY
TAH-BIO-BIO26-L40-Q061,BIO26-PDF188-L40-S2-Q061,BIO26-L40,أحياء 4,المادة الوراثية,188,2,61,C,2,تجميعات الأحياء 2026 — مفتاح الإجابة في PDF p.188,SOURCE_ANSWER_STRIP_EMBEDDED_TEXT,PASS_SOURCE_KEY
TAH-BIO-BIO26-L40-Q062,BIO26-PDF188-L40-S2-Q062,BIO26-L40,أحياء 4,المادة الوراثية,188,2,62,C,2,تجميعات الأحياء 2026 — مفتاح الإجابة في PDF p.188,SOURCE_ANSWER_STRIP_EMBEDDED_TEXT,PASS_SOURCE_KEY
TAH-BIO-BIO26-L40-Q063,BIO26-PDF188-L40-S2-Q063,BIO26-L40,أحياء 4,المادة الوراثية,188,2,63,D,3,تجميعات الأحياء 2026 — مفتاح الإجابة في PDF p.188,SOURCE_ANSWER_STRIP_EMBEDDED_TEXT,PASS_SOURCE_KEY
TAH-BIO-BIO26-L40-Q064,BIO26-PDF188-L40-S2-Q064,BIO26-L40,أحياء 4,المادة الوراثية,188,2,64,C,2,تجميعات الأحياء 2026 — مفتاح الإجابة في PDF p.188,SOURCE_ANSWER_STRIP_EMBEDDED_TEXT,PASS_SOURCE_KEY
TAH-BIO-BIO26-L40-Q065,BIO26-PDF188-L40-S2-Q065,BIO26-L40,أحياء 4,المادة الوراثية,188,2,65,A,0,تجميعات الأحياء 2026 — مفتاح الإجابة في PDF p.188,SOURCE_ANSWER_STRIP_EMBEDDED_TEXT,PASS_SOURCE_KEY
TAH-BIO-BIO26-L40-Q066,BIO26-PDF188-L40-S2-Q066,BIO26-L40,أحياء 4,المادة الوراثية,188,2,66,C,2,تجميعات الأحياء 2026 — مفتاح الإجابة في PDF p.188,SOURCE_ANSWER_STRIP_EMBEDDED_TEXT,PASS_SOURCE_KEY
TAH-BIO-BIO26-L40-Q067,BIO26-PDF188-L40-S2-Q067,BIO26-L40,أحياء 4,المادة الوراثية,188,2,67,A,0,تجميعات الأحياء 2026 — مفتاح الإجابة في PDF p.188,SOURCE_ANSWER_STRIP_EMBEDDED_TEXT,PASS_SOURCE_KEY
TAH-BIO-BIO26-L40-Q068,BIO26-PDF188-L40-S2-Q068,BIO26-L40,أحياء 4,المادة الوراثية,188,2,68,A,0,تجميعات الأحياء 2026 — مفتاح الإجابة في PDF p.188,SOURCE_ANSWER_STRIP_EMBEDDED_TEXT,PASS_SOURCE_KEY
TAH-BIO-BIO26-L40-Q069,BIO26-PDF188-L40-S2-Q069,BIO26-L40,أحياء 4,المادة الوراثية,188,2,69,A,0,تجميعات الأحياء 2026 — مفتاح الإجابة في PDF p.188,SOURCE_ANSWER_STRIP_EMBEDDED_TEXT,PASS_SOURCE_KEY
TAH-BIO-BIO26-L40-Q070,BIO26-PDF188-L40-S2-Q070,BIO26-L40,أحياء 4,المادة الوراثية,188,2,70,C,2,تجميعات الأحياء 2026 — مفتاح الإجابة في PDF p.188,SOURCE_ANSWER_STRIP_EMBEDDED_TEXT,PASS_SOURCE_KEY
TAH-BIO-BIO26-L40-Q071,BIO26-PDF188-L40-S2-Q071,BIO26-L40,أحياء 4,المادة الوراثية,188,2,71,A,0,تجميعات الأحياء 2026 — مفتاح الإجابة في PDF p.188,SOURCE_ANSWER_STRIP_EMBEDDED_TEXT,PASS_SOURCE_KEY
TAH-BIO-BIO26-L40-Q072,BIO26-PDF188-L40-S2-Q072,BIO26-L40,أحياء 4,المادة الوراثية,188,2,72,A,0,تجميعات الأحياء 2026 — مفتاح الإجابة في PDF p.188,SOURCE_ANSWER_STRIP_EMBEDDED_TEXT,PASS_SOURCE_KEY
TAH-BIO-BIO26-L40-Q073,BIO26-PDF188-L40-S2-Q073,BIO26-L40,أحياء 4,المادة الوراثية,188,2,73,B,1,تجميعات الأحياء 2026 — مفتاح الإجابة في PDF p.188,SOURCE_ANSWER_STRIP_EMBEDDED_TEXT,PASS_SOURCE_KEY
TAH-BIO-BIO26-L40-Q074,BIO26-PDF188-L40-S2-Q074,BIO26-L40,أحياء 4,المادة الوراثية,188,2,74,A,0,تجميعات الأحياء 2026 — مفتاح الإجابة في PDF p.188,SOURCE_ANSWER_STRIP_EMBEDDED_TEXT,PASS_SOURCE_KEY
TAH-BIO-BIO26-L40-Q075,BIO26-PDF188-L40-S2-Q075,BIO26-L40,أحياء 4,المادة الوراثية,188,2,75,A,0,تجميعات الأحياء 2026 — مفتاح الإجابة في PDF p.188,SOURCE_ANSWER_STRIP_EMBEDDED_TEXT,PASS_SOURCE_KEY
TAH-BIO-BIO26-L40-Q076,BIO26-PDF189-L40-S2-Q076,BIO26-L40,أحياء 4,المادة الوراثية,189,2,76,A,0,تجميعات الأحياء 2026 — مفتاح الإجابة في PDF p.189,SOURCE_ANSWER_STRIP_EMBEDDED_TEXT,PASS_SOURCE_KEY
TAH-BIO-BIO26-L40-Q077,BIO26-PDF189-L40-S2-Q077,BIO26-L40,أحياء 4,المادة الوراثية,189,2,77,B,1,تجميعات الأحياء 2026 — مفتاح الإجابة في PDF p.189,SOURCE_ANSWER_STRIP_EMBEDDED_TEXT,PASS_SOURCE_KEY
TAH-BIO-BIO26-L40-Q078,BIO26-PDF189-L40-S2-Q078,BIO26-L40,أحياء 4,المادة الوراثية,189,2,78,D,3,تجميعات الأحياء 2026 — مفتاح الإجابة في PDF p.189,SOURCE_ANSWER_STRIP_EMBEDDED_TEXT,PASS_SOURCE_KEY
TAH-BIO-BIO26-L40-Q079,BIO26-PDF189-L40-S2-Q079,BIO26-L40,أحياء 4,المادة الوراثية,189,2,79,C,2,تجميعات الأحياء 2026 — مفتاح الإجابة في PDF p.189,SOURCE_ANSWER_STRIP_EMBEDDED_TEXT,PASS_SOURCE_KEY
TAH-BIO-BIO26-L40-Q080,BIO26-PDF189-L40-S2-Q080,BIO26-L40,أحياء 4,المادة الوراثية,189,2,80,B,1,تجميعات الأحياء 2026 — مفتاح الإجابة في PDF p.189,SOURCE_ANSWER_STRIP_EMBEDDED_TEXT,PASS_SOURCE_KEY
TAH-BIO-BIO26-L40-Q081,BIO26-PDF189-L40-S2-Q081,BIO26-L40,أحياء 4,المادة الوراثية,189,2,81,D,3,تجميعات الأحياء 2026 — مفتاح الإجابة في PDF p.189,SOURCE_ANSWER_STRIP_EMBEDDED_TEXT,PASS_SOURCE_KEY
TAH-BIO-BIO26-L40-Q082,BIO26-PDF189-L40-S2-Q082,BIO26-L40,أحياء 4,المادة الوراثية,189,2,82,C,2,تجميعات الأحياء 2026 — مفتاح الإجابة في PDF p.189,SOURCE_ANSWER_STRIP_EMBEDDED_TEXT,PASS_SOURCE_KEY
TAH-BIO-BIO26-L40-Q083,BIO26-PDF189-L40-S2-Q083,BIO26-L40,أحياء 4,المادة الوراثية,189,2,83,A,0,تجميعات الأحياء 2026 — مفتاح الإجابة في PDF p.189,SOURCE_ANSWER_STRIP_EMBEDDED_TEXT,PASS_SOURCE_KEY
TAH-BIO-BIO26-L40-Q084,BIO26-PDF189-L40-S2-Q084,BIO26-L40,أحياء 4,المادة الوراثية,189,2,84,B,1,تجميعات الأحياء 2026 — مفتاح الإجابة في PDF p.189,SOURCE_ANSWER_STRIP_EMBEDDED_TEXT,PASS_SOURCE_KEY
TAH-BIO-BIO26-L40-Q085,BIO26-PDF189-L40-S2-Q085,BIO26-L40,أحياء 4,المادة الوراثية,189,2,85,A,0,تجميعات الأحياء 2026 — مفتاح الإجابة في PDF p.189,SOURCE_ANSWER_STRIP_EMBEDDED_TEXT,PASS_SOURCE_KEY
TAH-BIO-BIO26-L40-Q086,BIO26-PDF189-L40-S2-Q086,BIO26-L40,أحياء 4,المادة الوراثية,189,2,86,A,0,تجميعات الأحياء 2026 — مفتاح الإجابة في PDF p.189,SOURCE_ANSWER_STRIP_EMBEDDED_TEXT,PASS_SOURCE_KEY
TAH-BIO-BIO26-L40-Q087,BIO26-PDF189-L40-S2-Q087,BIO26-L40,أحياء 4,المادة الوراثية,189,2,87,D,3,تجميعات الأحياء 2026 — مفتاح الإجابة في PDF p.189,SOURCE_ANSWER_STRIP_EMBEDDED_TEXT,PASS_SOURCE_KEY
TAH-BIO-BIO26-L40-Q088,BIO26-PDF189-L40-S2-Q088,BIO26-L40,أحياء 4,المادة الوراثية,189,2,88,B,1,تجميعات الأحياء 2026 — مفتاح الإجابة في PDF p.189,SOURCE_ANSWER_STRIP_EMBEDDED_TEXT,PASS_SOURCE_KEY
TAH-BIO-BIO26-L40-Q089,BIO26-PDF189-L40-S2-Q089,BIO26-L40,أحياء 4,المادة الوراثية,189,2,89,A,0,تجميعات الأحياء 2026 — مفتاح الإجابة في PDF p.189,SOURCE_ANSWER_STRIP_EMBEDDED_TEXT,PASS_SOURCE_KEY
TAH-BIO-BIO26-L40-Q090,BIO26-PDF189-L40-S2-Q090,BIO26-L40,أحياء 4,المادة الوراثية,189,2,90,C,2,تجميعات الأحياء 2026 — مفتاح الإجابة في PDF p.189,SOURCE_ANSWER_STRIP_EMBEDDED_TEXT,PASS_SOURCE_KEY
TAH-BIO-BIO26-L40-Q091,BIO26-PDF189-L40-S2-Q091,BIO26-L40,أحياء 4,المادة الوراثية,189,2,91,D,3,تجميعات الأحياء 2026 — مفتاح الإجابة في PDF p.189,SOURCE_ANSWER_STRIP_EMBEDDED_TEXT,PASS_SOURCE_KEY
TAH-BIO-BIO26-L40-Q092,BIO26-PDF189-L40-S2-Q092,BIO26-L40,أحياء 4,المادة الوراثية,189,2,92,D,3,تجميعات الأحياء 2026 — مفتاح الإجابة في PDF p.189,SOURCE_ANSWER_STRIP_EMBEDDED_TEXT,PASS_SOURCE_KEY
TAH-BIO-BIO26-L40-Q093,BIO26-PDF189-L40-S2-Q093,BIO26-L40,أحياء 4,المادة الوراثية,189,2,93,D,3,تجميعات الأحياء 2026 — مفتاح الإجابة في PDF p.189,SOURCE_ANSWER_STRIP_EMBEDDED_TEXT,PASS_SOURCE_KEY
TAH-BIO-BIO26-L40-Q094,BIO26-PDF190-L40-S2-Q094,BIO26-L40,أحياء 4,المادة الوراثية,190,2,94,B,1,تجميعات الأحياء 2026 — مفتاح الإجابة في PDF p.190,SOURCE_ANSWER_STRIP_EMBEDDED_TEXT,PASS_SOURCE_KEY
TAH-BIO-BIO26-L40-Q095,BIO26-PDF190-L40-S2-Q095,BIO26-L40,أحياء 4,المادة الوراثية,190,2,95,C,2,تجميعات الأحياء 2026 — مفتاح الإجابة في PDF p.190,SOURCE_ANSWER_STRIP_EMBEDDED_TEXT,PASS_SOURCE_KEY
TAH-BIO-BIO26-L40-Q096,BIO26-PDF190-L40-S2-Q096,BIO26-L40,أحياء 4,المادة الوراثية,190,2,96,A,0,تجميعات الأحياء 2026 — مفتاح الإجابة في PDF p.190,SOURCE_ANSWER_STRIP_EMBEDDED_TEXT,PASS_SOURCE_KEY
TAH-BIO-BIO26-L40-Q097,BIO26-PDF190-L40-S2-Q097,BIO26-L40,أحياء 4,المادة الوراثية,190,2,97,B,1,تجميعات الأحياء 2026 — مفتاح الإجابة في PDF p.190,SOURCE_ANSWER_STRIP_EMBEDDED_TEXT,PASS_SOURCE_KEY
TAH-BIO-BIO26-L40-Q098,BIO26-PDF190-L40-S2-Q098,BIO26-L40,أحياء 4,المادة الوراثية,190,2,98,D,3,تجميعات الأحياء 2026 — مفتاح الإجابة في PDF p.190,SOURCE_ANSWER_STRIP_EMBEDDED_TEXT,PASS_SOURCE_KEY
TAH-BIO-BIO26-L40-Q099,BIO26-PDF190-L40-S2-Q099,BIO26-L40,أحياء 4,المادة الوراثية,190,2,99,C,2,تجميعات الأحياء 2026 — مفتاح الإجابة في PDF p.190,SOURCE_ANSWER_STRIP_EMBEDDED_TEXT,PASS_SOURCE_KEY
TAH-BIO-BIO26-L40-Q100,BIO26-PDF190-L40-S2-Q100,BIO26-L40,أحياء 4,المادة الوراثية,190,2,100,D,3,تجميعات الأحياء 2026 — مفتاح الإجابة في PDF p.190,SOURCE_ANSWER_STRIP_EMBEDDED_TEXT,PASS_SOURCE_KEY
TAH-BIO-BIO26-L40-Q101,BIO26-PDF190-L40-S2-Q101,BIO26-L40,أحياء 4,المادة الوراثية,190,2,101,B,1,تجميعات الأحياء 2026 — مفتاح الإجابة في PDF p.190,SOURCE_ANSWER_STRIP_EMBEDDED_TEXT,PASS_SOURCE_KEY
TAH-BIO-BIO26-L40-Q102,BIO26-PDF190-L40-S2-Q102,BIO26-L40,أحياء 4,المادة الوراثية,190,2,102,A,0,تجميعات الأحياء 2026 — مفتاح الإجابة في PDF p.190,SOURCE_ANSWER_STRIP_EMBEDDED_TEXT,PASS_SOURCE_KEY
TAH-BIO-BIO26-L40-Q103,BIO26-PDF190-L40-S2-Q103,BIO26-L40,أحياء 4,المادة الوراثية,190,2,103,C,2,تجميعات الأحياء 2026 — مفتاح الإجابة في PDF p.190,SOURCE_ANSWER_STRIP_EMBEDDED_TEXT,PASS_SOURCE_KEY
TAH-BIO-BIO26-L41-Q001,BIO26-PDF192-L41-S1-Q001,BIO26-L41,علم البيئة,المخلوقات الحية وعلاقاتها المتبادلة,192,1,1,C,2,تجميعات الأحياء 2026 — مفتاح الإجابة في PDF p.192,SOURCE_ANSWER_STRIP_EMBEDDED_TEXT,PASS_SOURCE_KEY
TAH-BIO-BIO26-L41-Q002,BIO26-PDF192-L41-S1-Q002,BIO26-L41,علم البيئة,المخلوقات الحية وعلاقاتها المتبادلة,192,1,2,A,0,تجميعات الأحياء 2026 — مفتاح الإجابة في PDF p.192,SOURCE_ANSWER_STRIP_EMBEDDED_TEXT,PASS_SOURCE_KEY
TAH-BIO-BIO26-L41-Q003,BIO26-PDF192-L41-S1-Q003,BIO26-L41,علم البيئة,المخلوقات الحية وعلاقاتها المتبادلة,192,1,3,A,0,تجميعات الأحياء 2026 — مفتاح الإجابة في PDF p.192,SOURCE_ANSWER_STRIP_EMBEDDED_TEXT,PASS_SOURCE_KEY
TAH-BIO-BIO26-L41-Q004,BIO26-PDF192-L41-S1-Q004,BIO26-L41,علم البيئة,المخلوقات الحية وعلاقاتها المتبادلة,192,1,4,B,1,تجميعات الأحياء 2026 — مفتاح الإجابة في PDF p.192,SOURCE_ANSWER_STRIP_EMBEDDED_TEXT,PASS_SOURCE_KEY
TAH-BIO-BIO26-L41-Q005,BIO26-PDF192-L41-S1-Q005,BIO26-L41,علم البيئة,المخلوقات الحية وعلاقاتها المتبادلة,192,1,5,B,1,تجميعات الأحياء 2026 — مفتاح الإجابة في PDF p.192,SOURCE_ANSWER_STRIP_EMBEDDED_TEXT,PASS_SOURCE_KEY
TAH-BIO-BIO26-L41-Q006,BIO26-PDF192-L41-S1-Q006,BIO26-L41,علم البيئة,المخلوقات الحية وعلاقاتها المتبادلة,192,1,6,B,1,تجميعات الأحياء 2026 — مفتاح الإجابة في PDF p.192,SOURCE_ANSWER_STRIP_EMBEDDED_TEXT,PASS_SOURCE_KEY
TAH-BIO-BIO26-L41-Q007,BIO26-PDF192-L41-S1-Q007,BIO26-L41,علم البيئة,المخلوقات الحية وعلاقاتها المتبادلة,192,1,7,D,3,تجميعات الأحياء 2026 — مفتاح الإجابة في PDF p.192,SOURCE_ANSWER_STRIP_EMBEDDED_TEXT,PASS_SOURCE_KEY
TAH-BIO-BIO26-L41-Q008,BIO26-PDF192-L41-S1-Q008,BIO26-L41,علم البيئة,المخلوقات الحية وعلاقاتها المتبادلة,192,1,8,C,2,تجميعات الأحياء 2026 — مفتاح الإجابة في PDF p.192,SOURCE_ANSWER_STRIP_EMBEDDED_TEXT,PASS_SOURCE_KEY
TAH-BIO-BIO26-L41-Q009,BIO26-PDF192-L41-S1-Q009,BIO26-L41,علم البيئة,المخلوقات الحية وعلاقاتها المتبادلة,192,1,9,D,3,تجميعات الأحياء 2026 — مفتاح الإجابة في PDF p.192,SOURCE_ANSWER_STRIP_EMBEDDED_TEXT,PASS_SOURCE_KEY
TAH-BIO-BIO26-L41-Q010,BIO26-PDF192-L41-S1-Q010,BIO26-L41,علم البيئة,المخلوقات الحية وعلاقاتها المتبادلة,192,1,10,D,3,تجميعات الأحياء 2026 — مفتاح الإجابة في PDF p.192,SOURCE_ANSWER_STRIP_EMBEDDED_TEXT,PASS_SOURCE_KEY
TAH-BIO-BIO26-L41-Q011,BIO26-PDF192-L41-S1-Q011,BIO26-L41,علم البيئة,المخلوقات الحية وعلاقاتها المتبادلة,192,1,11,C,2,تجميعات الأحياء 2026 — مفتاح الإجابة في PDF p.192,SOURCE_ANSWER_STRIP_EMBEDDED_TEXT,PASS_SOURCE_KEY
TAH-BIO-BIO26-L41-Q012,BIO26-PDF192-L41-S1-Q012,BIO26-L41,علم البيئة,المخلوقات الحية وعلاقاتها المتبادلة,192,1,12,D,3,تجميعات الأحياء 2026 — مفتاح الإجابة في PDF p.192,SOURCE_ANSWER_STRIP_EMBEDDED_TEXT,PASS_SOURCE_KEY
TAH-BIO-BIO26-L41-Q013,BIO26-PDF192-L41-S1-Q013,BIO26-L41,علم البيئة,المخلوقات الحية وعلاقاتها المتبادلة,192,1,13,C,2,تجميعات الأحياء 2026 — مفتاح الإجابة في PDF p.192,SOURCE_ANSWER_STRIP_EMBEDDED_TEXT,PASS_SOURCE_KEY
TAH-BIO-BIO26-L41-Q014,BIO26-PDF192-L41-S1-Q014,BIO26-L41,علم البيئة,المخلوقات الحية وعلاقاتها المتبادلة,192,1,14,D,3,تجميعات الأحياء 2026 — مفتاح الإجابة في PDF p.192,SOURCE_ANSWER_STRIP_EMBEDDED_TEXT,PASS_SOURCE_KEY
TAH-BIO-BIO26-L41-Q015,BIO26-PDF192-L41-S1-Q015,BIO26-L41,علم البيئة,المخلوقات الحية وعلاقاتها المتبادلة,192,1,15,A,0,تجميعات الأحياء 2026 — مفتاح الإجابة في PDF p.192,SOURCE_ANSWER_STRIP_EMBEDDED_TEXT,PASS_SOURCE_KEY
TAH-BIO-BIO26-L41-Q016,BIO26-PDF192-L41-S1-Q016,BIO26-L41,علم البيئة,المخلوقات الحية وعلاقاتها المتبادلة,192,1,16,A,0,تجميعات الأحياء 2026 — مفتاح الإجابة في PDF p.192,SOURCE_ANSWER_STRIP_EMBEDDED_TEXT,PASS_SOURCE_KEY
TAH-BIO-BIO26-L41-Q017,BIO26-PDF193-L41-S1-Q017,BIO26-L41,علم البيئة,المخلوقات الحية وعلاقاتها المتبادلة,193,1,17,C,2,تجميعات الأحياء 2026 — مفتاح الإجابة في PDF p.193,SOURCE_ANSWER_STRIP_EMBEDDED_TEXT,PASS_SOURCE_KEY
TAH-BIO-BIO26-L41-Q018,BIO26-PDF193-L41-S1-Q018,BIO26-L41,علم البيئة,المخلوقات الحية وعلاقاتها المتبادلة,193,1,18,C,2,تجميعات الأحياء 2026 — مفتاح الإجابة في PDF p.193,SOURCE_ANSWER_STRIP_EMBEDDED_TEXT,PASS_SOURCE_KEY
TAH-BIO-BIO26-L41-Q019,BIO26-PDF193-L41-S1-Q019,BIO26-L41,علم البيئة,المخلوقات الحية وعلاقاتها المتبادلة,193,1,19,C,2,تجميعات الأحياء 2026 — مفتاح الإجابة في PDF p.193,SOURCE_ANSWER_STRIP_EMBEDDED_TEXT,PASS_SOURCE_KEY
TAH-BIO-BIO26-L41-Q020,BIO26-PDF193-L41-S1-Q020,BIO26-L41,علم البيئة,المخلوقات الحية وعلاقاتها المتبادلة,193,1,20,B,1,تجميعات الأحياء 2026 — مفتاح الإجابة في PDF p.193,SOURCE_ANSWER_STRIP_EMBEDDED_TEXT,PASS_SOURCE_KEY
TAH-BIO-BIO26-L41-Q021,BIO26-PDF193-L41-S1-Q021,BIO26-L41,علم البيئة,المخلوقات الحية وعلاقاتها المتبادلة,193,1,21,D,3,تجميعات الأحياء 2026 — مفتاح الإجابة في PDF p.193,SOURCE_ANSWER_STRIP_EMBEDDED_TEXT,PASS_SOURCE_KEY
TAH-BIO-BIO26-L41-Q022,BIO26-PDF193-L41-S1-Q022,BIO26-L41,علم البيئة,المخلوقات الحية وعلاقاتها المتبادلة,193,1,22,A,0,تجميعات الأحياء 2026 — مفتاح الإجابة في PDF p.193,SOURCE_ANSWER_STRIP_EMBEDDED_TEXT,PASS_SOURCE_KEY
TAH-BIO-BIO26-L41-Q023,BIO26-PDF193-L41-S1-Q023,BIO26-L41,علم البيئة,المخلوقات الحية وعلاقاتها المتبادلة,193,1,23,B,1,تجميعات الأحياء 2026 — مفتاح الإجابة في PDF p.193,SOURCE_ANSWER_STRIP_EMBEDDED_TEXT,PASS_SOURCE_KEY
TAH-BIO-BIO26-L41-Q024,BIO26-PDF193-L41-S1-Q024,BIO26-L41,علم البيئة,المخلوقات الحية وعلاقاتها المتبادلة,193,1,24,A,0,تجميعات الأحياء 2026 — مفتاح الإجابة في PDF p.193,SOURCE_ANSWER_STRIP_EMBEDDED_TEXT,PASS_SOURCE_KEY
TAH-BIO-BIO26-L41-Q025,BIO26-PDF193-L41-S1-Q025,BIO26-L41,علم البيئة,المخلوقات الحية وعلاقاتها المتبادلة,193,1,25,B,1,تجميعات الأحياء 2026 — مفتاح الإجابة في PDF p.193,SOURCE_ANSWER_STRIP_EMBEDDED_TEXT,PASS_SOURCE_KEY
TAH-BIO-BIO26-L41-Q026,BIO26-PDF193-L41-S1-Q026,BIO26-L41,علم البيئة,المخلوقات الحية وعلاقاتها المتبادلة,193,1,26,A,0,تجميعات الأحياء 2026 — مفتاح الإجابة في PDF p.193,SOURCE_ANSWER_STRIP_EMBEDDED_TEXT,PASS_SOURCE_KEY
TAH-BIO-BIO26-L41-Q027,BIO26-PDF193-L41-S1-Q027,BIO26-L41,علم البيئة,المخلوقات الحية وعلاقاتها المتبادلة,193,1,27,A,0,تجميعات الأحياء 2026 — مفتاح الإجابة في PDF p.193,SOURCE_ANSWER_STRIP_EMBEDDED_TEXT,PASS_SOURCE_KEY
TAH-BIO-BIO26-L41-Q028,BIO26-PDF193-L41-S1-Q028,BIO26-L41,علم البيئة,المخلوقات الحية وعلاقاتها المتبادلة,193,1,28,A,0,تجميعات الأحياء 2026 — مفتاح الإجابة في PDF p.193,SOURCE_ANSWER_STRIP_EMBEDDED_TEXT,PASS_SOURCE_KEY
TAH-BIO-BIO26-L41-Q029,BIO26-PDF193-L41-S1-Q029,BIO26-L41,علم البيئة,المخلوقات الحية وعلاقاتها المتبادلة,193,1,29,B,1,تجميعات الأحياء 2026 — مفتاح الإجابة في PDF p.193,SOURCE_ANSWER_STRIP_EMBEDDED_TEXT,PASS_SOURCE_KEY
TAH-BIO-BIO26-L41-Q030,BIO26-PDF193-L41-S1-Q030,BIO26-L41,علم البيئة,المخلوقات الحية وعلاقاتها المتبادلة,193,1,30,A,0,تجميعات الأحياء 2026 — مفتاح الإجابة في PDF p.193,SOURCE_ANSWER_STRIP_EMBEDDED_TEXT,PASS_SOURCE_KEY
TAH-BIO-BIO26-L41-Q031,BIO26-PDF193-L41-S1-Q031,BIO26-L41,علم البيئة,المخلوقات الحية وعلاقاتها المتبادلة,193,1,31,B,1,تجميعات الأحياء 2026 — مفتاح الإجابة في PDF p.193,SOURCE_ANSWER_STRIP_EMBEDDED_TEXT,PASS_SOURCE_KEY
TAH-BIO-BIO26-L41-Q032,BIO26-PDF193-L41-S1-Q032,BIO26-L41,علم البيئة,المخلوقات الحية وعلاقاتها المتبادلة,193,1,32,B,1,تجميعات الأحياء 2026 — مفتاح الإجابة في PDF p.193,SOURCE_ANSWER_STRIP_EMBEDDED_TEXT,PASS_SOURCE_KEY
TAH-BIO-BIO26-L41-Q033,BIO26-PDF193-L41-S1-Q033,BIO26-L41,علم البيئة,المخلوقات الحية وعلاقاتها المتبادلة,193,1,33,B,1,تجميعات الأحياء 2026 — مفتاح الإجابة في PDF p.193,SOURCE_ANSWER_STRIP_EMBEDDED_TEXT,PASS_SOURCE_KEY
TAH-BIO-BIO26-L41-Q034,BIO26-PDF193-L41-S1-Q034,BIO26-L41,علم البيئة,المخلوقات الحية وعلاقاتها المتبادلة,193,1,34,D,3,تجميعات الأحياء 2026 — مفتاح الإجابة في PDF p.193,SOURCE_ANSWER_STRIP_EMBEDDED_TEXT,PASS_SOURCE_KEY
TAH-BIO-BIO26-L41-Q035,BIO26-PDF193-L41-S1-Q035,BIO26-L41,علم البيئة,المخلوقات الحية وعلاقاتها المتبادلة,193,1,35,B,1,تجميعات الأحياء 2026 — مفتاح الإجابة في PDF p.193,SOURCE_ANSWER_STRIP_EMBEDDED_TEXT,PASS_SOURCE_KEY
TAH-BIO-BIO26-L41-Q036,BIO26-PDF193-L41-S1-Q036,BIO26-L41,علم البيئة,المخلوقات الحية وعلاقاتها المتبادلة,193,1,36,A,0,تجميعات الأحياء 2026 — مفتاح الإجابة في PDF p.193,SOURCE_ANSWER_STRIP_EMBEDDED_TEXT,PASS_SOURCE_KEY
TAH-BIO-BIO26-L41-Q037,BIO26-PDF194-L41-S1-Q037,BIO26-L41,علم البيئة,المخلوقات الحية وعلاقاتها المتبادلة,194,1,37,A,0,تجميعات الأحياء 2026 — مفتاح الإجابة في PDF p.194,SOURCE_ANSWER_STRIP_EMBEDDED_TEXT,PASS_SOURCE_KEY
TAH-BIO-BIO26-L41-Q038,BIO26-PDF194-L41-S1-Q038,BIO26-L41,علم البيئة,المخلوقات الحية وعلاقاتها المتبادلة,194,1,38,A,0,تجميعات الأحياء 2026 — مفتاح الإجابة في PDF p.194,SOURCE_ANSWER_STRIP_EMBEDDED_TEXT,PASS_SOURCE_KEY
TAH-BIO-BIO26-L41-Q039,BIO26-PDF194-L41-S1-Q039,BIO26-L41,علم البيئة,المخلوقات الحية وعلاقاتها المتبادلة,194,1,39,B,1,تجميعات الأحياء 2026 — مفتاح الإجابة في PDF p.194,SOURCE_ANSWER_STRIP_EMBEDDED_TEXT,PASS_SOURCE_KEY
TAH-BIO-BIO26-L41-Q040,BIO26-PDF194-L41-S1-Q040,BIO26-L41,علم البيئة,المخلوقات الحية وعلاقاتها المتبادلة,194,1,40,A,0,تجميعات الأحياء 2026 — مفتاح الإجابة في PDF p.194,SOURCE_ANSWER_STRIP_EMBEDDED_TEXT,PASS_SOURCE_KEY
TAH-BIO-BIO26-L41-Q041,BIO26-PDF194-L41-S1-Q041,BIO26-L41,علم البيئة,المخلوقات الحية وعلاقاتها المتبادلة,194,1,41,C,2,تجميعات الأحياء 2026 — مفتاح الإجابة في PDF p.194,SOURCE_ANSWER_STRIP_EMBEDDED_TEXT,PASS_SOURCE_KEY
TAH-BIO-BIO26-L41-Q042,BIO26-PDF194-L41-S1-Q042,BIO26-L41,علم البيئة,المخلوقات الحية وعلاقاتها المتبادلة,194,1,42,A,0,تجميعات الأحياء 2026 — مفتاح الإجابة في PDF p.194,SOURCE_ANSWER_STRIP_EMBEDDED_TEXT,PASS_SOURCE_KEY
TAH-BIO-BIO26-L41-Q043,BIO26-PDF194-L41-S1-Q043,BIO26-L41,علم البيئة,المخلوقات الحية وعلاقاتها المتبادلة,194,1,43,A,0,تجميعات الأحياء 2026 — مفتاح الإجابة في PDF p.194,SOURCE_ANSWER_STRIP_EMBEDDED_TEXT,PASS_SOURCE_KEY
TAH-BIO-BIO26-L41-Q044,BIO26-PDF194-L41-S1-Q044,BIO26-L41,علم البيئة,المخلوقات الحية وعلاقاتها المتبادلة,194,1,44,A,0,تجميعات الأحياء 2026 — مفتاح الإجابة في PDF p.194,SOURCE_ANSWER_STRIP_EMBEDDED_TEXT,PASS_SOURCE_KEY
TAH-BIO-BIO26-L41-Q045,BIO26-PDF194-L41-S1-Q045,BIO26-L41,علم البيئة,المخلوقات الحية وعلاقاتها المتبادلة,194,1,45,B,1,تجميعات الأحياء 2026 — مفتاح الإجابة في PDF p.194,SOURCE_ANSWER_STRIP_EMBEDDED_TEXT,PASS_SOURCE_KEY
TAH-BIO-BIO26-L41-Q046,BIO26-PDF194-L41-S1-Q046,BIO26-L41,علم البيئة,المخلوقات الحية وعلاقاتها المتبادلة,194,1,46,B,1,تجميعات الأحياء 2026 — مفتاح الإجابة في PDF p.194,SOURCE_ANSWER_STRIP_EMBEDDED_TEXT,PASS_SOURCE_KEY
TAH-BIO-BIO26-L41-Q047,BIO26-PDF195-L41-S2-Q047,BIO26-L41,علم البيئة,المخلوقات الحية وعلاقاتها المتبادلة,195,2,47,B,1,تجميعات الأحياء 2026 — مفتاح الإجابة في PDF p.195,SOURCE_ANSWER_STRIP_EMBEDDED_TEXT,PASS_SOURCE_KEY
TAH-BIO-BIO26-L41-Q048,BIO26-PDF195-L41-S2-Q048,BIO26-L41,علم البيئة,المخلوقات الحية وعلاقاتها المتبادلة,195,2,48,A,0,تجميعات الأحياء 2026 — مفتاح الإجابة في PDF p.195,SOURCE_ANSWER_STRIP_EMBEDDED_TEXT,PASS_SOURCE_KEY
TAH-BIO-BIO26-L41-Q049,BIO26-PDF195-L41-S2-Q049,BIO26-L41,علم البيئة,المخلوقات الحية وعلاقاتها المتبادلة,195,2,49,A,0,تجميعات الأحياء 2026 — مفتاح الإجابة في PDF p.195,SOURCE_ANSWER_STRIP_EMBEDDED_TEXT,PASS_SOURCE_KEY
TAH-BIO-BIO26-L41-Q050,BIO26-PDF195-L41-S2-Q050,BIO26-L41,علم البيئة,المخلوقات الحية وعلاقاتها المتبادلة,195,2,50,C,2,تجميعات الأحياء 2026 — مفتاح الإجابة في PDF p.195,SOURCE_ANSWER_STRIP_EMBEDDED_TEXT,PASS_SOURCE_KEY
TAH-BIO-BIO26-L41-Q051,BIO26-PDF195-L41-S2-Q051,BIO26-L41,علم البيئة,المخلوقات الحية وعلاقاتها المتبادلة,195,2,51,B,1,تجميعات الأحياء 2026 — مفتاح الإجابة في PDF p.195,SOURCE_ANSWER_STRIP_EMBEDDED_TEXT,PASS_SOURCE_KEY
TAH-BIO-BIO26-L41-Q052,BIO26-PDF195-L41-S2-Q052,BIO26-L41,علم البيئة,المخلوقات الحية وعلاقاتها المتبادلة,195,2,52,C,2,تجميعات الأحياء 2026 — مفتاح الإجابة في PDF p.195,SOURCE_ANSWER_STRIP_EMBEDDED_TEXT,PASS_SOURCE_KEY
TAH-BIO-BIO26-L41-Q053,BIO26-PDF195-L41-S2-Q053,BIO26-L41,علم البيئة,المخلوقات الحية وعلاقاتها المتبادلة,195,2,53,D,3,تجميعات الأحياء 2026 — مفتاح الإجابة في PDF p.195,SOURCE_ANSWER_STRIP_EMBEDDED_TEXT,PASS_SOURCE_KEY
TAH-BIO-BIO26-L41-Q054,BIO26-PDF195-L41-S2-Q054,BIO26-L41,علم البيئة,المخلوقات الحية وعلاقاتها المتبادلة,195,2,54,A,0,تجميعات الأحياء 2026 — مفتاح الإجابة في PDF p.195,SOURCE_ANSWER_STRIP_EMBEDDED_TEXT,PASS_SOURCE_KEY
TAH-BIO-BIO26-L41-Q055,BIO26-PDF195-L41-S2-Q055,BIO26-L41,علم البيئة,المخلوقات الحية وعلاقاتها المتبادلة,195,2,55,D,3,تجميعات الأحياء 2026 — مفتاح الإجابة في PDF p.195,SOURCE_ANSWER_STRIP_EMBEDDED_TEXT,PASS_SOURCE_KEY
TAH-BIO-BIO26-L41-Q056,BIO26-PDF195-L41-S2-Q056,BIO26-L41,علم البيئة,المخلوقات الحية وعلاقاتها المتبادلة,195,2,56,C,2,تجميعات الأحياء 2026 — مفتاح الإجابة في PDF p.195,SOURCE_ANSWER_STRIP_EMBEDDED_TEXT,PASS_SOURCE_KEY
TAH-BIO-BIO26-L41-Q057,BIO26-PDF195-L41-S2-Q057,BIO26-L41,علم البيئة,المخلوقات الحية وعلاقاتها المتبادلة,195,2,57,B,1,تجميعات الأحياء 2026 — مفتاح الإجابة في PDF p.195,SOURCE_ANSWER_STRIP_EMBEDDED_TEXT,PASS_SOURCE_KEY
TAH-BIO-BIO26-L41-Q058,BIO26-PDF195-L41-S2-Q058,BIO26-L41,علم البيئة,المخلوقات الحية وعلاقاتها المتبادلة,195,2,58,A,0,تجميعات الأحياء 2026 — مفتاح الإجابة في PDF p.195,SOURCE_ANSWER_STRIP_EMBEDDED_TEXT,PASS_SOURCE_KEY
TAH-BIO-BIO26-L41-Q059,BIO26-PDF195-L41-S2-Q059,BIO26-L41,علم البيئة,المخلوقات الحية وعلاقاتها المتبادلة,195,2,59,A,0,تجميعات الأحياء 2026 — مفتاح الإجابة في PDF p.195,SOURCE_ANSWER_STRIP_EMBEDDED_TEXT,PASS_SOURCE_KEY
TAH-BIO-BIO26-L41-Q060,BIO26-PDF195-L41-S2-Q060,BIO26-L41,علم البيئة,المخلوقات الحية وعلاقاتها المتبادلة,195,2,60,A,0,تجميعات الأحياء 2026 — مفتاح الإجابة في PDF p.195,SOURCE_ANSWER_STRIP_EMBEDDED_TEXT,PASS_SOURCE_KEY
TAH-BIO-BIO26-L41-Q061,BIO26-PDF195-L41-S2-Q061,BIO26-L41,علم البيئة,المخلوقات الحية وعلاقاتها المتبادلة,195,2,61,B,1,تجميعات الأحياء 2026 — مفتاح الإجابة في PDF p.195,SOURCE_ANSWER_STRIP_EMBEDDED_TEXT,PASS_SOURCE_KEY
TAH-BIO-BIO26-L42-Q001,BIO26-PDF196-L42-S1-Q001,BIO26-L42,علم البيئة,انتقال الطاقة في النظام البيئي,196,1,1,D,3,تجميعات الأحياء 2026 — مفتاح الإجابة في PDF p.196,SOURCE_ANSWER_STRIP_EMBEDDED_TEXT,PASS_SOURCE_KEY
TAH-BIO-BIO26-L42-Q002,BIO26-PDF196-L42-S1-Q002,BIO26-L42,علم البيئة,انتقال الطاقة في النظام البيئي,196,1,2,C,2,تجميعات الأحياء 2026 — مفتاح الإجابة في PDF p.196,SOURCE_ANSWER_STRIP_EMBEDDED_TEXT,PASS_SOURCE_KEY
TAH-BIO-BIO26-L42-Q003,BIO26-PDF196-L42-S1-Q003,BIO26-L42,علم البيئة,انتقال الطاقة في النظام البيئي,196,1,3,A,0,تجميعات الأحياء 2026 — مفتاح الإجابة في PDF p.196,SOURCE_ANSWER_STRIP_EMBEDDED_TEXT,PASS_SOURCE_KEY
TAH-BIO-BIO26-L42-Q004,BIO26-PDF196-L42-S1-Q004,BIO26-L42,علم البيئة,انتقال الطاقة في النظام البيئي,196,1,4,A,0,تجميعات الأحياء 2026 — مفتاح الإجابة في PDF p.196,SOURCE_ANSWER_STRIP_EMBEDDED_TEXT,PASS_SOURCE_KEY
TAH-BIO-BIO26-L42-Q005,BIO26-PDF196-L42-S1-Q005,BIO26-L42,علم البيئة,انتقال الطاقة في النظام البيئي,196,1,5,B,1,تجميعات الأحياء 2026 — مفتاح الإجابة في PDF p.196,SOURCE_ANSWER_STRIP_EMBEDDED_TEXT,PASS_SOURCE_KEY
TAH-BIO-BIO26-L42-Q006,BIO26-PDF196-L42-S1-Q006,BIO26-L42,علم البيئة,انتقال الطاقة في النظام البيئي,196,1,6,A,0,تجميعات الأحياء 2026 — مفتاح الإجابة في PDF p.196,SOURCE_ANSWER_STRIP_EMBEDDED_TEXT,PASS_SOURCE_KEY
TAH-BIO-BIO26-L42-Q007,BIO26-PDF196-L42-S1-Q007,BIO26-L42,علم البيئة,انتقال الطاقة في النظام البيئي,196,1,7,D,3,تجميعات الأحياء 2026 — مفتاح الإجابة في PDF p.196,SOURCE_ANSWER_STRIP_EMBEDDED_TEXT,PASS_SOURCE_KEY
TAH-BIO-BIO26-L42-Q008,BIO26-PDF196-L42-S1-Q008,BIO26-L42,علم البيئة,انتقال الطاقة في النظام البيئي,196,1,8,A,0,تجميعات الأحياء 2026 — مفتاح الإجابة في PDF p.196,SOURCE_ANSWER_STRIP_EMBEDDED_TEXT,PASS_SOURCE_KEY
TAH-BIO-BIO26-L42-Q009,BIO26-PDF196-L42-S1-Q009,BIO26-L42,علم البيئة,انتقال الطاقة في النظام البيئي,196,1,9,D,3,تجميعات الأحياء 2026 — مفتاح الإجابة في PDF p.196,SOURCE_ANSWER_STRIP_EMBEDDED_TEXT,PASS_SOURCE_KEY
TAH-BIO-BIO26-L42-Q010,BIO26-PDF196-L42-S1-Q010,BIO26-L42,علم البيئة,انتقال الطاقة في النظام البيئي,196,1,10,C,2,تجميعات الأحياء 2026 — مفتاح الإجابة في PDF p.196,SOURCE_ANSWER_STRIP_EMBEDDED_TEXT,PASS_SOURCE_KEY
TAH-BIO-BIO26-L42-Q011,BIO26-PDF196-L42-S1-Q011,BIO26-L42,علم البيئة,انتقال الطاقة في النظام البيئي,196,1,11,A,0,تجميعات الأحياء 2026 — مفتاح الإجابة في PDF p.196,SOURCE_ANSWER_STRIP_EMBEDDED_TEXT,PASS_SOURCE_KEY
TAH-BIO-BIO26-L42-Q012,BIO26-PDF196-L42-S1-Q012,BIO26-L42,علم البيئة,انتقال الطاقة في النظام البيئي,196,1,12,A,0,تجميعات الأحياء 2026 — مفتاح الإجابة في PDF p.196,SOURCE_ANSWER_STRIP_EMBEDDED_TEXT,PASS_SOURCE_KEY
TAH-BIO-BIO26-L42-Q013,BIO26-PDF196-L42-S1-Q013,BIO26-L42,علم البيئة,انتقال الطاقة في النظام البيئي,196,1,13,A,0,تجميعات الأحياء 2026 — مفتاح الإجابة في PDF p.196,SOURCE_ANSWER_STRIP_EMBEDDED_TEXT,PASS_SOURCE_KEY
TAH-BIO-BIO26-L42-Q014,BIO26-PDF196-L42-S1-Q014,BIO26-L42,علم البيئة,انتقال الطاقة في النظام البيئي,196,1,14,A,0,تجميعات الأحياء 2026 — مفتاح الإجابة في PDF p.196,SOURCE_ANSWER_STRIP_EMBEDDED_TEXT,PASS_SOURCE_KEY
TAH-BIO-BIO26-L42-Q015,BIO26-PDF196-L42-S1-Q015,BIO26-L42,علم البيئة,انتقال الطاقة في النظام البيئي,196,1,15,B,1,تجميعات الأحياء 2026 — مفتاح الإجابة في PDF p.196,SOURCE_ANSWER_STRIP_EMBEDDED_TEXT,PASS_SOURCE_KEY
TAH-BIO-BIO26-L42-Q016,BIO26-PDF196-L42-S1-Q016,BIO26-L42,علم البيئة,انتقال الطاقة في النظام البيئي,196,1,16,B,1,تجميعات الأحياء 2026 — مفتاح الإجابة في PDF p.196,SOURCE_ANSWER_STRIP_EMBEDDED_TEXT,PASS_SOURCE_KEY
TAH-BIO-BIO26-L42-Q017,BIO26-PDF196-L42-S1-Q017,BIO26-L42,علم البيئة,انتقال الطاقة في النظام البيئي,196,1,17,C,2,تجميعات الأحياء 2026 — مفتاح الإجابة في PDF p.196,SOURCE_ANSWER_STRIP_EMBEDDED_TEXT,PASS_SOURCE_KEY
TAH-BIO-BIO26-L42-Q018,BIO26-PDF196-L42-S1-Q018,BIO26-L42,علم البيئة,انتقال الطاقة في النظام البيئي,196,1,18,D,3,تجميعات الأحياء 2026 — مفتاح الإجابة في PDF p.196,SOURCE_ANSWER_STRIP_EMBEDDED_TEXT,PASS_SOURCE_KEY
TAH-BIO-BIO26-L42-Q019,BIO26-PDF196-L42-S1-Q019,BIO26-L42,علم البيئة,انتقال الطاقة في النظام البيئي,196,1,19,B,1,تجميعات الأحياء 2026 — مفتاح الإجابة في PDF p.196,SOURCE_ANSWER_STRIP_EMBEDDED_TEXT,PASS_SOURCE_KEY
TAH-BIO-BIO26-L42-Q020,BIO26-PDF197-L42-S1-Q020,BIO26-L42,علم البيئة,انتقال الطاقة في النظام البيئي,197,1,20,C,2,تجميعات الأحياء 2026 — مفتاح الإجابة في PDF p.197,SOURCE_ANSWER_STRIP_EMBEDDED_TEXT,PASS_SOURCE_KEY
TAH-BIO-BIO26-L42-Q021,BIO26-PDF197-L42-S1-Q021,BIO26-L42,علم البيئة,انتقال الطاقة في النظام البيئي,197,1,21,B,1,تجميعات الأحياء 2026 — مفتاح الإجابة في PDF p.197,SOURCE_ANSWER_STRIP_EMBEDDED_TEXT,PASS_SOURCE_KEY
TAH-BIO-BIO26-L42-Q022,BIO26-PDF197-L42-S1-Q022,BIO26-L42,علم البيئة,انتقال الطاقة في النظام البيئي,197,1,22,A,0,تجميعات الأحياء 2026 — مفتاح الإجابة في PDF p.197,SOURCE_ANSWER_STRIP_EMBEDDED_TEXT,PASS_SOURCE_KEY
TAH-BIO-BIO26-L42-Q023,BIO26-PDF197-L42-S1-Q023,BIO26-L42,علم البيئة,انتقال الطاقة في النظام البيئي,197,1,23,B,1,تجميعات الأحياء 2026 — مفتاح الإجابة في PDF p.197,SOURCE_ANSWER_STRIP_EMBEDDED_TEXT,PASS_SOURCE_KEY
TAH-BIO-BIO26-L42-Q024,BIO26-PDF197-L42-S1-Q024,BIO26-L42,علم البيئة,انتقال الطاقة في النظام البيئي,197,1,24,B,1,تجميعات الأحياء 2026 — مفتاح الإجابة في PDF p.197,SOURCE_ANSWER_STRIP_EMBEDDED_TEXT,PASS_SOURCE_KEY
TAH-BIO-BIO26-L42-Q025,BIO26-PDF197-L42-S1-Q025,BIO26-L42,علم البيئة,انتقال الطاقة في النظام البيئي,197,1,25,C,2,تجميعات الأحياء 2026 — مفتاح الإجابة في PDF p.197,SOURCE_ANSWER_STRIP_EMBEDDED_TEXT,PASS_SOURCE_KEY
TAH-BIO-BIO26-L42-Q026,BIO26-PDF197-L42-S1-Q026,BIO26-L42,علم البيئة,انتقال الطاقة في النظام البيئي,197,1,26,C,2,تجميعات الأحياء 2026 — مفتاح الإجابة في PDF p.197,SOURCE_ANSWER_STRIP_EMBEDDED_TEXT,PASS_SOURCE_KEY
TAH-BIO-BIO26-L42-Q027,BIO26-PDF197-L42-S1-Q027,BIO26-L42,علم البيئة,انتقال الطاقة في النظام البيئي,197,1,27,B,1,تجميعات الأحياء 2026 — مفتاح الإجابة في PDF p.197,SOURCE_ANSWER_STRIP_EMBEDDED_TEXT,PASS_SOURCE_KEY
TAH-BIO-BIO26-L42-Q028,BIO26-PDF197-L42-S1-Q028,BIO26-L42,علم البيئة,انتقال الطاقة في النظام البيئي,197,1,28,B,1,تجميعات الأحياء 2026 — مفتاح الإجابة في PDF p.197,SOURCE_ANSWER_STRIP_EMBEDDED_TEXT,PASS_SOURCE_KEY
TAH-BIO-BIO26-L42-Q029,BIO26-PDF197-L42-S1-Q029,BIO26-L42,علم البيئة,انتقال الطاقة في النظام البيئي,197,1,29,A,0,تجميعات الأحياء 2026 — مفتاح الإجابة في PDF p.197,SOURCE_ANSWER_STRIP_EMBEDDED_TEXT,PASS_SOURCE_KEY
TAH-BIO-BIO26-L42-Q030,BIO26-PDF198-L42-S1-Q030,BIO26-L42,علم البيئة,انتقال الطاقة في النظام البيئي,198,1,30,D,3,تجميعات الأحياء 2026 — مفتاح الإجابة في PDF p.198,SOURCE_ANSWER_STRIP_EMBEDDED_TEXT,PASS_SOURCE_KEY
TAH-BIO-BIO26-L42-Q031,BIO26-PDF198-L42-S1-Q031,BIO26-L42,علم البيئة,انتقال الطاقة في النظام البيئي,198,1,31,C,2,تجميعات الأحياء 2026 — مفتاح الإجابة في PDF p.198,SOURCE_ANSWER_STRIP_EMBEDDED_TEXT,PASS_SOURCE_KEY
TAH-BIO-BIO26-L42-Q032,BIO26-PDF198-L42-S1-Q032,BIO26-L42,علم البيئة,انتقال الطاقة في النظام البيئي,198,1,32,A,0,تجميعات الأحياء 2026 — مفتاح الإجابة في PDF p.198,SOURCE_ANSWER_STRIP_EMBEDDED_TEXT,PASS_SOURCE_KEY
TAH-BIO-BIO26-L42-Q033,BIO26-PDF198-L42-S1-Q033,BIO26-L42,علم البيئة,انتقال الطاقة في النظام البيئي,198,1,33,A,0,تجميعات الأحياء 2026 — مفتاح الإجابة في PDF p.198,SOURCE_ANSWER_STRIP_EMBEDDED_TEXT,PASS_SOURCE_KEY
TAH-BIO-BIO26-L42-Q034,BIO26-PDF198-L42-S1-Q034,BIO26-L42,علم البيئة,انتقال الطاقة في النظام البيئي,198,1,34,A,0,تجميعات الأحياء 2026 — مفتاح الإجابة في PDF p.198,SOURCE_ANSWER_STRIP_EMBEDDED_TEXT,PASS_SOURCE_KEY
TAH-BIO-BIO26-L42-Q035,BIO26-PDF198-L42-S1-Q035,BIO26-L42,علم البيئة,انتقال الطاقة في النظام البيئي,198,1,35,D,3,تجميعات الأحياء 2026 — مفتاح الإجابة في PDF p.198,SOURCE_ANSWER_STRIP_EMBEDDED_TEXT,PASS_SOURCE_KEY
TAH-BIO-BIO26-L42-Q036,BIO26-PDF198-L42-S1-Q036,BIO26-L42,علم البيئة,انتقال الطاقة في النظام البيئي,198,1,36,D,3,تجميعات الأحياء 2026 — مفتاح الإجابة في PDF p.198,SOURCE_ANSWER_STRIP_EMBEDDED_TEXT,PASS_SOURCE_KEY
TAH-BIO-BIO26-L42-Q037,BIO26-PDF198-L42-S1-Q037,BIO26-L42,علم البيئة,انتقال الطاقة في النظام البيئي,198,1,37,D,3,تجميعات الأحياء 2026 — مفتاح الإجابة في PDF p.198,SOURCE_ANSWER_STRIP_EMBEDDED_TEXT,PASS_SOURCE_KEY
TAH-BIO-BIO26-L42-Q038,BIO26-PDF199-L42-S1-Q038,BIO26-L42,علم البيئة,انتقال الطاقة في النظام البيئي,199,1,38,A,0,تجميعات الأحياء 2026 — مفتاح الإجابة في PDF p.199,SOURCE_ANSWER_STRIP_EMBEDDED_TEXT,PASS_SOURCE_KEY
TAH-BIO-BIO26-L42-Q039,BIO26-PDF199-L42-S1-Q039,BIO26-L42,علم البيئة,انتقال الطاقة في النظام البيئي,199,1,39,C,2,تجميعات الأحياء 2026 — مفتاح الإجابة في PDF p.199,SOURCE_ANSWER_STRIP_EMBEDDED_TEXT,PASS_SOURCE_KEY
TAH-BIO-BIO26-L42-Q040,BIO26-PDF199-L42-S1-Q040,BIO26-L42,علم البيئة,انتقال الطاقة في النظام البيئي,199,1,40,C,2,تجميعات الأحياء 2026 — مفتاح الإجابة في PDF p.199,SOURCE_ANSWER_STRIP_EMBEDDED_TEXT,PASS_SOURCE_KEY
TAH-BIO-BIO26-L42-Q041,BIO26-PDF199-L42-S1-Q041,BIO26-L42,علم البيئة,انتقال الطاقة في النظام البيئي,199,1,41,D,3,تجميعات الأحياء 2026 — مفتاح الإجابة في PDF p.199,SOURCE_ANSWER_STRIP_EMBEDDED_TEXT,PASS_SOURCE_KEY
TAH-BIO-BIO26-L42-Q042,BIO26-PDF199-L42-S1-Q042,BIO26-L42,علم البيئة,انتقال الطاقة في النظام البيئي,199,1,42,A,0,تجميعات الأحياء 2026 — مفتاح الإجابة في PDF p.199,SOURCE_ANSWER_STRIP_EMBEDDED_TEXT,PASS_SOURCE_KEY
TAH-BIO-BIO26-L42-Q043,BIO26-PDF199-L42-S1-Q043,BIO26-L42,علم البيئة,انتقال الطاقة في النظام البيئي,199,1,43,B,1,تجميعات الأحياء 2026 — مفتاح الإجابة في PDF p.199,SOURCE_ANSWER_STRIP_EMBEDDED_TEXT,PASS_SOURCE_KEY
TAH-BIO-BIO26-L42-Q044,BIO26-PDF199-L42-S1-Q044,BIO26-L42,علم البيئة,انتقال الطاقة في النظام البيئي,199,1,44,A,0,تجميعات الأحياء 2026 — مفتاح الإجابة في PDF p.199,SOURCE_ANSWER_STRIP_EMBEDDED_TEXT,PASS_SOURCE_KEY
TAH-BIO-BIO26-L42-Q045,BIO26-PDF199-L42-S1-Q045,BIO26-L42,علم البيئة,انتقال الطاقة في النظام البيئي,199,1,45,C,2,تجميعات الأحياء 2026 — مفتاح الإجابة في PDF p.199,SOURCE_ANSWER_STRIP_EMBEDDED_TEXT,PASS_SOURCE_KEY
TAH-BIO-BIO26-L42-Q046,BIO26-PDF200-L42-S1-Q046,BIO26-L42,علم البيئة,انتقال الطاقة في النظام البيئي,200,1,46,B,1,تجميعات الأحياء 2026 — مفتاح الإجابة في PDF p.200,SOURCE_ANSWER_STRIP_EMBEDDED_TEXT,PASS_SOURCE_KEY
TAH-BIO-BIO26-L42-Q047,BIO26-PDF200-L42-S1-Q047,BIO26-L42,علم البيئة,انتقال الطاقة في النظام البيئي,200,1,47,B,1,تجميعات الأحياء 2026 — مفتاح الإجابة في PDF p.200,SOURCE_ANSWER_STRIP_EMBEDDED_TEXT,PASS_SOURCE_KEY
TAH-BIO-BIO26-L42-Q048,BIO26-PDF200-L42-S1-Q048,BIO26-L42,علم البيئة,انتقال الطاقة في النظام البيئي,200,1,48,C,2,تجميعات الأحياء 2026 — مفتاح الإجابة في PDF p.200,SOURCE_ANSWER_STRIP_EMBEDDED_TEXT,PASS_SOURCE_KEY
TAH-BIO-BIO26-L42-Q049,BIO26-PDF201-L42-S2-Q049,BIO26-L42,علم البيئة,انتقال الطاقة في النظام البيئي,201,2,49,B,1,تجميعات الأحياء 2026 — مفتاح الإجابة في PDF p.201,SOURCE_ANSWER_STRIP_EMBEDDED_TEXT,PASS_SOURCE_KEY
TAH-BIO-BIO26-L42-Q050,BIO26-PDF201-L42-S2-Q050,BIO26-L42,علم البيئة,انتقال الطاقة في النظام البيئي,201,2,50,B,1,تجميعات الأحياء 2026 — مفتاح الإجابة في PDF p.201,SOURCE_ANSWER_STRIP_EMBEDDED_TEXT,PASS_SOURCE_KEY
TAH-BIO-BIO26-L42-Q051,BIO26-PDF201-L42-S2-Q051,BIO26-L42,علم البيئة,انتقال الطاقة في النظام البيئي,201,2,51,D,3,تجميعات الأحياء 2026 — مفتاح الإجابة في PDF p.201,SOURCE_ANSWER_STRIP_EMBEDDED_TEXT,PASS_SOURCE_KEY
TAH-BIO-BIO26-L42-Q052,BIO26-PDF201-L42-S2-Q052,BIO26-L42,علم البيئة,انتقال الطاقة في النظام البيئي,201,2,52,C,2,تجميعات الأحياء 2026 — مفتاح الإجابة في PDF p.201,SOURCE_ANSWER_STRIP_EMBEDDED_TEXT,PASS_SOURCE_KEY
TAH-BIO-BIO26-L42-Q053,BIO26-PDF201-L42-S2-Q053,BIO26-L42,علم البيئة,انتقال الطاقة في النظام البيئي,201,2,53,C,2,تجميعات الأحياء 2026 — مفتاح الإجابة في PDF p.201,SOURCE_ANSWER_STRIP_EMBEDDED_TEXT,PASS_SOURCE_KEY
TAH-BIO-BIO26-L42-Q054,BIO26-PDF201-L42-S2-Q054,BIO26-L42,علم البيئة,انتقال الطاقة في النظام البيئي,201,2,54,B,1,تجميعات الأحياء 2026 — مفتاح الإجابة في PDF p.201,SOURCE_ANSWER_STRIP_EMBEDDED_TEXT,PASS_SOURCE_KEY
TAH-BIO-BIO26-L42-Q055,BIO26-PDF201-L42-S2-Q055,BIO26-L42,علم البيئة,انتقال الطاقة في النظام البيئي,201,2,55,D,3,تجميعات الأحياء 2026 — مفتاح الإجابة في PDF p.201,SOURCE_ANSWER_STRIP_EMBEDDED_TEXT,PASS_SOURCE_KEY
TAH-BIO-BIO26-L42-Q056,BIO26-PDF201-L42-S2-Q056,BIO26-L42,علم البيئة,انتقال الطاقة في النظام البيئي,201,2,56,A,0,تجميعات الأحياء 2026 — مفتاح الإجابة في PDF p.201,SOURCE_ANSWER_STRIP_EMBEDDED_TEXT,PASS_SOURCE_KEY
TAH-BIO-BIO26-L42-Q057,BIO26-PDF201-L42-S2-Q057,BIO26-L42,علم البيئة,انتقال الطاقة في النظام البيئي,201,2,57,A,0,تجميعات الأحياء 2026 — مفتاح الإجابة في PDF p.201,SOURCE_ANSWER_STRIP_EMBEDDED_TEXT,PASS_SOURCE_KEY
TAH-BIO-BIO26-L42-Q058,BIO26-PDF201-L42-S2-Q058,BIO26-L42,علم البيئة,انتقال الطاقة في النظام البيئي,201,2,58,D,3,تجميعات الأحياء 2026 — مفتاح الإجابة في PDF p.201,SOURCE_ANSWER_STRIP_EMBEDDED_TEXT,PASS_SOURCE_KEY
TAH-BIO-BIO26-L42-Q059,BIO26-PDF201-L42-S2-Q059,BIO26-L42,علم البيئة,انتقال الطاقة في النظام البيئي,201,2,59,C,2,تجميعات الأحياء 2026 — مفتاح الإجابة في PDF p.201,SOURCE_ANSWER_STRIP_EMBEDDED_TEXT,PASS_SOURCE_KEY
TAH-BIO-BIO26-L42-Q060,BIO26-PDF201-L42-S2-Q060,BIO26-L42,علم البيئة,انتقال الطاقة في النظام البيئي,201,2,60,B,1,تجميعات الأحياء 2026 — مفتاح الإجابة في PDF p.201,SOURCE_ANSWER_STRIP_EMBEDDED_TEXT,PASS_SOURCE_KEY
TAH-BIO-BIO26-L42-Q061,BIO26-PDF201-L42-S2-Q061,BIO26-L42,علم البيئة,انتقال الطاقة في النظام البيئي,201,2,61,A,0,تجميعات الأحياء 2026 — مفتاح الإجابة في PDF p.201,SOURCE_ANSWER_STRIP_EMBEDDED_TEXT,PASS_SOURCE_KEY
TAH-BIO-BIO26-L42-Q062,BIO26-PDF201-L42-S2-Q062,BIO26-L42,علم البيئة,انتقال الطاقة في النظام البيئي,201,2,62,D,3,تجميعات الأحياء 2026 — مفتاح الإجابة في PDF p.201,SOURCE_ANSWER_STRIP_EMBEDDED_TEXT,PASS_SOURCE_KEY
TAH-BIO-BIO26-L43-Q001,BIO26-PDF202-L43-S1-Q001,BIO26-L43,علم البيئة,تدوير المواد,202,1,1,D,3,تجميعات الأحياء 2026 — مفتاح الإجابة في PDF p.202,SOURCE_ANSWER_STRIP_EMBEDDED_TEXT,PASS_SOURCE_KEY
TAH-BIO-BIO26-L43-Q002,BIO26-PDF202-L43-S1-Q002,BIO26-L43,علم البيئة,تدوير المواد,202,1,2,D,3,تجميعات الأحياء 2026 — مفتاح الإجابة في PDF p.202,SOURCE_ANSWER_STRIP_EMBEDDED_TEXT,PASS_SOURCE_KEY
TAH-BIO-BIO26-L43-Q003,BIO26-PDF202-L43-S1-Q003,BIO26-L43,علم البيئة,تدوير المواد,202,1,3,D,3,تجميعات الأحياء 2026 — مفتاح الإجابة في PDF p.202,SOURCE_ANSWER_STRIP_EMBEDDED_TEXT,PASS_SOURCE_KEY
TAH-BIO-BIO26-L43-Q004,BIO26-PDF202-L43-S1-Q004,BIO26-L43,علم البيئة,تدوير المواد,202,1,4,C,2,تجميعات الأحياء 2026 — مفتاح الإجابة في PDF p.202,SOURCE_ANSWER_STRIP_EMBEDDED_TEXT,PASS_SOURCE_KEY
TAH-BIO-BIO26-L43-Q005,BIO26-PDF202-L43-S1-Q005,BIO26-L43,علم البيئة,تدوير المواد,202,1,5,A,0,تجميعات الأحياء 2026 — مفتاح الإجابة في PDF p.202,SOURCE_ANSWER_STRIP_EMBEDDED_TEXT,PASS_SOURCE_KEY
TAH-BIO-BIO26-L43-Q006,BIO26-PDF202-L43-S1-Q006,BIO26-L43,علم البيئة,تدوير المواد,202,1,6,B,1,تجميعات الأحياء 2026 — مفتاح الإجابة في PDF p.202,SOURCE_ANSWER_STRIP_EMBEDDED_TEXT,PASS_SOURCE_KEY
TAH-BIO-BIO26-L43-Q007,BIO26-PDF202-L43-S1-Q007,BIO26-L43,علم البيئة,تدوير المواد,202,1,7,C,2,تجميعات الأحياء 2026 — مفتاح الإجابة في PDF p.202,SOURCE_ANSWER_STRIP_EMBEDDED_TEXT,PASS_SOURCE_KEY
TAH-BIO-BIO26-L43-Q008,BIO26-PDF202-L43-S1-Q008,BIO26-L43,علم البيئة,تدوير المواد,202,1,8,C,2,تجميعات الأحياء 2026 — مفتاح الإجابة في PDF p.202,SOURCE_ANSWER_STRIP_EMBEDDED_TEXT,PASS_SOURCE_KEY
TAH-BIO-BIO26-L43-Q009,BIO26-PDF202-L43-S1-Q009,BIO26-L43,علم البيئة,تدوير المواد,202,1,9,D,3,تجميعات الأحياء 2026 — مفتاح الإجابة في PDF p.202,SOURCE_ANSWER_STRIP_EMBEDDED_TEXT,PASS_SOURCE_KEY
TAH-BIO-BIO26-L43-Q010,BIO26-PDF202-L43-S1-Q010,BIO26-L43,علم البيئة,تدوير المواد,202,1,10,C,2,تجميعات الأحياء 2026 — مفتاح الإجابة في PDF p.202,SOURCE_ANSWER_STRIP_EMBEDDED_TEXT,PASS_SOURCE_KEY
TAH-BIO-BIO26-L43-Q011,BIO26-PDF202-L43-S1-Q011,BIO26-L43,علم البيئة,تدوير المواد,202,1,11,C,2,تجميعات الأحياء 2026 — مفتاح الإجابة في PDF p.202,SOURCE_ANSWER_STRIP_EMBEDDED_TEXT,PASS_SOURCE_KEY
TAH-BIO-BIO26-L43-Q012,BIO26-PDF203-L43-S1-Q012,BIO26-L43,علم البيئة,تدوير المواد,203,1,12,D,3,تجميعات الأحياء 2026 — مفتاح الإجابة في PDF p.203,SOURCE_ANSWER_STRIP_EMBEDDED_TEXT,PASS_SOURCE_KEY
TAH-BIO-BIO26-L43-Q013,BIO26-PDF203-L43-S1-Q013,BIO26-L43,علم البيئة,تدوير المواد,203,1,13,B,1,تجميعات الأحياء 2026 — مفتاح الإجابة في PDF p.203,SOURCE_ANSWER_STRIP_EMBEDDED_TEXT,PASS_SOURCE_KEY
TAH-BIO-BIO26-L43-Q014,BIO26-PDF203-L43-S1-Q014,BIO26-L43,علم البيئة,تدوير المواد,203,1,14,D,3,تجميعات الأحياء 2026 — مفتاح الإجابة في PDF p.203,SOURCE_ANSWER_STRIP_EMBEDDED_TEXT,PASS_SOURCE_KEY
TAH-BIO-BIO26-L43-Q015,BIO26-PDF203-L43-S1-Q015,BIO26-L43,علم البيئة,تدوير المواد,203,1,15,B,1,تجميعات الأحياء 2026 — مفتاح الإجابة في PDF p.203,SOURCE_ANSWER_STRIP_EMBEDDED_TEXT,PASS_SOURCE_KEY
TAH-BIO-BIO26-L43-Q016,BIO26-PDF203-L43-S1-Q016,BIO26-L43,علم البيئة,تدوير المواد,203,1,16,B,1,تجميعات الأحياء 2026 — مفتاح الإجابة في PDF p.203,SOURCE_ANSWER_STRIP_EMBEDDED_TEXT,PASS_SOURCE_KEY
TAH-BIO-BIO26-L43-Q017,BIO26-PDF203-L43-S1-Q017,BIO26-L43,علم البيئة,تدوير المواد,203,1,17,C,2,تجميعات الأحياء 2026 — مفتاح الإجابة في PDF p.203,SOURCE_ANSWER_STRIP_EMBEDDED_TEXT,PASS_SOURCE_KEY
TAH-BIO-BIO26-L43-Q018,BIO26-PDF204-L43-S2-Q018,BIO26-L43,علم البيئة,تدوير المواد,204,2,18,D,3,تجميعات الأحياء 2026 — مفتاح الإجابة في PDF p.204,SOURCE_ANSWER_STRIP_EMBEDDED_TEXT,PASS_SOURCE_KEY
TAH-BIO-BIO26-L43-Q019,BIO26-PDF204-L43-S2-Q019,BIO26-L43,علم البيئة,تدوير المواد,204,2,19,D,3,تجميعات الأحياء 2026 — مفتاح الإجابة في PDF p.204,SOURCE_ANSWER_STRIP_EMBEDDED_TEXT,PASS_SOURCE_KEY
TAH-BIO-BIO26-L43-Q020,BIO26-PDF204-L43-S2-Q020,BIO26-L43,علم البيئة,تدوير المواد,204,2,20,C,2,تجميعات الأحياء 2026 — مفتاح الإجابة في PDF p.204,SOURCE_ANSWER_STRIP_EMBEDDED_TEXT,PASS_SOURCE_KEY
TAH-BIO-BIO26-L43-Q021,BIO26-PDF204-L43-S2-Q021,BIO26-L43,علم البيئة,تدوير المواد,204,2,21,D,3,تجميعات الأحياء 2026 — مفتاح الإجابة في PDF p.204,SOURCE_ANSWER_STRIP_EMBEDDED_TEXT,PASS_SOURCE_KEY
TAH-BIO-BIO26-L43-Q022,BIO26-PDF204-L43-S2-Q022,BIO26-L43,علم البيئة,تدوير المواد,204,2,22,A,0,تجميعات الأحياء 2026 — مفتاح الإجابة في PDF p.204,SOURCE_ANSWER_STRIP_EMBEDDED_TEXT,PASS_SOURCE_KEY
TAH-BIO-BIO26-L43-Q023,BIO26-PDF204-L43-S2-Q023,BIO26-L43,علم البيئة,تدوير المواد,204,2,23,D,3,تجميعات الأحياء 2026 — مفتاح الإجابة في PDF p.204,SOURCE_ANSWER_STRIP_EMBEDDED_TEXT,PASS_SOURCE_KEY
TAH-BIO-BIO26-L43-Q024,BIO26-PDF204-L43-S2-Q024,BIO26-L43,علم البيئة,تدوير المواد,204,2,24,C,2,تجميعات الأحياء 2026 — مفتاح الإجابة في PDF p.204,SOURCE_ANSWER_STRIP_EMBEDDED_TEXT,PASS_SOURCE_KEY
TAH-BIO-BIO26-L43-Q025,BIO26-PDF204-L43-S2-Q025,BIO26-L43,علم البيئة,تدوير المواد,204,2,25,B,1,تجميعات الأحياء 2026 — مفتاح الإجابة في PDF p.204,SOURCE_ANSWER_STRIP_EMBEDDED_TEXT,PASS_SOURCE_KEY
TAH-BIO-BIO26-L43-Q026,BIO26-PDF204-L43-S2-Q026,BIO26-L43,علم البيئة,تدوير المواد,204,2,26,A,0,تجميعات الأحياء 2026 — مفتاح الإجابة في PDF p.204,SOURCE_ANSWER_STRIP_EMBEDDED_TEXT,PASS_SOURCE_KEY
TAH-BIO-BIO26-L43-Q027,BIO26-PDF204-L43-S2-Q027,BIO26-L43,علم البيئة,تدوير المواد,204,2,27,C,2,تجميعات الأحياء 2026 — مفتاح الإجابة في PDF p.204,SOURCE_ANSWER_STRIP_EMBEDDED_TEXT,PASS_SOURCE_KEY
TAH-BIO-BIO26-L43-Q028,BIO26-PDF204-L43-S2-Q028,BIO26-L43,علم البيئة,تدوير المواد,204,2,28,A,0,تجميعات الأحياء 2026 — مفتاح الإجابة في PDF p.204,SOURCE_ANSWER_STRIP_EMBEDDED_TEXT,PASS_SOURCE_KEY
TAH-BIO-BIO26-L43-Q029,BIO26-PDF204-L43-S2-Q029,BIO26-L43,علم البيئة,تدوير المواد,204,2,29,A,0,تجميعات الأحياء 2026 — مفتاح الإجابة في PDF p.204,SOURCE_ANSWER_STRIP_EMBEDDED_TEXT,PASS_SOURCE_KEY
TAH-BIO-BIO26-L44-Q001,BIO26-PDF205-L44-S1-Q001,BIO26-L44,علم البيئة,المجتمعات والمناطق الحيوية,205,1,1,D,3,تجميعات الأحياء 2026 — مفتاح الإجابة في PDF p.205,SOURCE_ANSWER_STRIP_EMBEDDED_TEXT,PASS_SOURCE_KEY
TAH-BIO-BIO26-L44-Q002,BIO26-PDF205-L44-S1-Q002,BIO26-L44,علم البيئة,المجتمعات والمناطق الحيوية,205,1,2,C,2,تجميعات الأحياء 2026 — مفتاح الإجابة في PDF p.205,SOURCE_ANSWER_STRIP_EMBEDDED_TEXT,PASS_SOURCE_KEY
TAH-BIO-BIO26-L44-Q003,BIO26-PDF205-L44-S1-Q003,BIO26-L44,علم البيئة,المجتمعات والمناطق الحيوية,205,1,3,C,2,تجميعات الأحياء 2026 — مفتاح الإجابة في PDF p.205,SOURCE_ANSWER_STRIP_EMBEDDED_TEXT,PASS_SOURCE_KEY
TAH-BIO-BIO26-L44-Q004,BIO26-PDF205-L44-S1-Q004,BIO26-L44,علم البيئة,المجتمعات والمناطق الحيوية,205,1,4,A,0,تجميعات الأحياء 2026 — مفتاح الإجابة في PDF p.205,SOURCE_ANSWER_STRIP_EMBEDDED_TEXT,PASS_SOURCE_KEY
TAH-BIO-BIO26-L44-Q005,BIO26-PDF205-L44-S1-Q005,BIO26-L44,علم البيئة,المجتمعات والمناطق الحيوية,205,1,5,D,3,تجميعات الأحياء 2026 — مفتاح الإجابة في PDF p.205,SOURCE_ANSWER_STRIP_EMBEDDED_TEXT,PASS_SOURCE_KEY
TAH-BIO-BIO26-L44-Q006,BIO26-PDF205-L44-S1-Q006,BIO26-L44,علم البيئة,المجتمعات والمناطق الحيوية,205,1,6,C,2,تجميعات الأحياء 2026 — مفتاح الإجابة في PDF p.205,SOURCE_ANSWER_STRIP_EMBEDDED_TEXT,PASS_SOURCE_KEY
TAH-BIO-BIO26-L44-Q007,BIO26-PDF205-L44-S1-Q007,BIO26-L44,علم البيئة,المجتمعات والمناطق الحيوية,205,1,7,B,1,تجميعات الأحياء 2026 — مفتاح الإجابة في PDF p.205,SOURCE_ANSWER_STRIP_EMBEDDED_TEXT,PASS_SOURCE_KEY
TAH-BIO-BIO26-L44-Q008,BIO26-PDF205-L44-S1-Q008,BIO26-L44,علم البيئة,المجتمعات والمناطق الحيوية,205,1,8,B,1,تجميعات الأحياء 2026 — مفتاح الإجابة في PDF p.205,SOURCE_ANSWER_STRIP_EMBEDDED_TEXT,PASS_SOURCE_KEY
TAH-BIO-BIO26-L44-Q009,BIO26-PDF205-L44-S1-Q009,BIO26-L44,علم البيئة,المجتمعات والمناطق الحيوية,205,1,9,A,0,تجميعات الأحياء 2026 — مفتاح الإجابة في PDF p.205,SOURCE_ANSWER_STRIP_EMBEDDED_TEXT,PASS_SOURCE_KEY
TAH-BIO-BIO26-L44-Q010,BIO26-PDF205-L44-S1-Q010,BIO26-L44,علم البيئة,المجتمعات والمناطق الحيوية,205,1,10,A,0,تجميعات الأحياء 2026 — مفتاح الإجابة في PDF p.205,SOURCE_ANSWER_STRIP_EMBEDDED_TEXT,PASS_SOURCE_KEY
TAH-BIO-BIO26-L44-Q011,BIO26-PDF205-L44-S1-Q011,BIO26-L44,علم البيئة,المجتمعات والمناطق الحيوية,205,1,11,B,1,تجميعات الأحياء 2026 — مفتاح الإجابة في PDF p.205,SOURCE_ANSWER_STRIP_EMBEDDED_TEXT,PASS_SOURCE_KEY
TAH-BIO-BIO26-L44-Q012,BIO26-PDF205-L44-S1-Q012,BIO26-L44,علم البيئة,المجتمعات والمناطق الحيوية,205,1,12,A,0,تجميعات الأحياء 2026 — مفتاح الإجابة في PDF p.205,SOURCE_ANSWER_STRIP_EMBEDDED_TEXT,PASS_SOURCE_KEY
TAH-BIO-BIO26-L44-Q013,BIO26-PDF205-L44-S1-Q013,BIO26-L44,علم البيئة,المجتمعات والمناطق الحيوية,205,1,13,C,2,تجميعات الأحياء 2026 — مفتاح الإجابة في PDF p.205,SOURCE_ANSWER_STRIP_EMBEDDED_TEXT,PASS_SOURCE_KEY
TAH-BIO-BIO26-L44-Q014,BIO26-PDF205-L44-S1-Q014,BIO26-L44,علم البيئة,المجتمعات والمناطق الحيوية,205,1,14,D,3,تجميعات الأحياء 2026 — مفتاح الإجابة في PDF p.205,SOURCE_ANSWER_STRIP_EMBEDDED_TEXT,PASS_SOURCE_KEY
TAH-BIO-BIO26-L44-Q015,BIO26-PDF205-L44-S1-Q015,BIO26-L44,علم البيئة,المجتمعات والمناطق الحيوية,205,1,15,C,2,تجميعات الأحياء 2026 — مفتاح الإجابة في PDF p.205,SOURCE_ANSWER_STRIP_EMBEDDED_TEXT,PASS_SOURCE_KEY
TAH-BIO-BIO26-L44-Q016,BIO26-PDF206-L44-S1-Q016,BIO26-L44,علم البيئة,المجتمعات والمناطق الحيوية,206,1,16,A,0,تجميعات الأحياء 2026 — مفتاح الإجابة في PDF p.206,SOURCE_ANSWER_STRIP_EMBEDDED_TEXT,PASS_SOURCE_KEY
TAH-BIO-BIO26-L44-Q017,BIO26-PDF206-L44-S1-Q017,BIO26-L44,علم البيئة,المجتمعات والمناطق الحيوية,206,1,17,B,1,تجميعات الأحياء 2026 — مفتاح الإجابة في PDF p.206,SOURCE_ANSWER_STRIP_EMBEDDED_TEXT,PASS_SOURCE_KEY
TAH-BIO-BIO26-L44-Q018,BIO26-PDF206-L44-S1-Q018,BIO26-L44,علم البيئة,المجتمعات والمناطق الحيوية,206,1,18,B,1,تجميعات الأحياء 2026 — مفتاح الإجابة في PDF p.206,SOURCE_ANSWER_STRIP_EMBEDDED_TEXT,PASS_SOURCE_KEY
TAH-BIO-BIO26-L44-Q019,BIO26-PDF206-L44-S1-Q019,BIO26-L44,علم البيئة,المجتمعات والمناطق الحيوية,206,1,19,C,2,تجميعات الأحياء 2026 — مفتاح الإجابة في PDF p.206,SOURCE_ANSWER_STRIP_EMBEDDED_TEXT,PASS_SOURCE_KEY
TAH-BIO-BIO26-L44-Q020,BIO26-PDF206-L44-S1-Q020,BIO26-L44,علم البيئة,المجتمعات والمناطق الحيوية,206,1,20,A,0,تجميعات الأحياء 2026 — مفتاح الإجابة في PDF p.206,SOURCE_ANSWER_STRIP_EMBEDDED_TEXT,PASS_SOURCE_KEY
TAH-BIO-BIO26-L44-Q021,BIO26-PDF206-L44-S1-Q021,BIO26-L44,علم البيئة,المجتمعات والمناطق الحيوية,206,1,21,B,1,تجميعات الأحياء 2026 — مفتاح الإجابة في PDF p.206,SOURCE_ANSWER_STRIP_EMBEDDED_TEXT,PASS_SOURCE_KEY
TAH-BIO-BIO26-L44-Q022,BIO26-PDF206-L44-S1-Q022,BIO26-L44,علم البيئة,المجتمعات والمناطق الحيوية,206,1,22,B,1,تجميعات الأحياء 2026 — مفتاح الإجابة في PDF p.206,SOURCE_ANSWER_STRIP_EMBEDDED_TEXT,PASS_SOURCE_KEY
TAH-BIO-BIO26-L44-Q023,BIO26-PDF206-L44-S1-Q023,BIO26-L44,علم البيئة,المجتمعات والمناطق الحيوية,206,1,23,B,1,تجميعات الأحياء 2026 — مفتاح الإجابة في PDF p.206,SOURCE_ANSWER_STRIP_EMBEDDED_TEXT,PASS_SOURCE_KEY
TAH-BIO-BIO26-L44-Q024,BIO26-PDF206-L44-S1-Q024,BIO26-L44,علم البيئة,المجتمعات والمناطق الحيوية,206,1,24,D,3,تجميعات الأحياء 2026 — مفتاح الإجابة في PDF p.206,SOURCE_ANSWER_STRIP_EMBEDDED_TEXT,PASS_SOURCE_KEY
TAH-BIO-BIO26-L44-Q025,BIO26-PDF206-L44-S1-Q025,BIO26-L44,علم البيئة,المجتمعات والمناطق الحيوية,206,1,25,A,0,تجميعات الأحياء 2026 — مفتاح الإجابة في PDF p.206,SOURCE_ANSWER_STRIP_EMBEDDED_TEXT,PASS_SOURCE_KEY
TAH-BIO-BIO26-L44-Q026,BIO26-PDF206-L44-S1-Q026,BIO26-L44,علم البيئة,المجتمعات والمناطق الحيوية,206,1,26,A,0,تجميعات الأحياء 2026 — مفتاح الإجابة في PDF p.206,SOURCE_ANSWER_STRIP_EMBEDDED_TEXT,PASS_SOURCE_KEY
TAH-BIO-BIO26-L44-Q027,BIO26-PDF207-L44-S2-Q027,BIO26-L44,علم البيئة,المجتمعات والمناطق الحيوية,207,2,27,B,1,تجميعات الأحياء 2026 — مفتاح الإجابة في PDF p.207,SOURCE_ANSWER_STRIP_EMBEDDED_TEXT,PASS_SOURCE_KEY
TAH-BIO-BIO26-L44-Q028,BIO26-PDF207-L44-S2-Q028,BIO26-L44,علم البيئة,المجتمعات والمناطق الحيوية,207,2,28,B,1,تجميعات الأحياء 2026 — مفتاح الإجابة في PDF p.207,SOURCE_ANSWER_STRIP_EMBEDDED_TEXT,PASS_SOURCE_KEY
TAH-BIO-BIO26-L44-Q029,BIO26-PDF207-L44-S2-Q029,BIO26-L44,علم البيئة,المجتمعات والمناطق الحيوية,207,2,29,B,1,تجميعات الأحياء 2026 — مفتاح الإجابة في PDF p.207,SOURCE_ANSWER_STRIP_EMBEDDED_TEXT,PASS_SOURCE_KEY
TAH-BIO-BIO26-L44-Q030,BIO26-PDF207-L44-S2-Q030,BIO26-L44,علم البيئة,المجتمعات والمناطق الحيوية,207,2,30,A,0,تجميعات الأحياء 2026 — مفتاح الإجابة في PDF p.207,SOURCE_ANSWER_STRIP_EMBEDDED_TEXT,PASS_SOURCE_KEY
TAH-BIO-BIO26-L44-Q031,BIO26-PDF207-L44-S2-Q031,BIO26-L44,علم البيئة,المجتمعات والمناطق الحيوية,207,2,31,C,2,تجميعات الأحياء 2026 — مفتاح الإجابة في PDF p.207,SOURCE_ANSWER_STRIP_EMBEDDED_TEXT,PASS_SOURCE_KEY
TAH-BIO-BIO26-L44-Q032,BIO26-PDF207-L44-S2-Q032,BIO26-L44,علم البيئة,المجتمعات والمناطق الحيوية,207,2,32,D,3,تجميعات الأحياء 2026 — مفتاح الإجابة في PDF p.207,SOURCE_ANSWER_STRIP_EMBEDDED_TEXT,PASS_SOURCE_KEY
TAH-BIO-BIO26-L44-Q033,BIO26-PDF207-L44-S2-Q033,BIO26-L44,علم البيئة,المجتمعات والمناطق الحيوية,207,2,33,A,0,تجميعات الأحياء 2026 — مفتاح الإجابة في PDF p.207,SOURCE_ANSWER_STRIP_EMBEDDED_TEXT,PASS_SOURCE_KEY
TAH-BIO-BIO26-L44-Q034,BIO26-PDF207-L44-S2-Q034,BIO26-L44,علم البيئة,المجتمعات والمناطق الحيوية,207,2,34,B,1,تجميعات الأحياء 2026 — مفتاح الإجابة في PDF p.207,SOURCE_ANSWER_STRIP_EMBEDDED_TEXT,PASS_SOURCE_KEY
TAH-BIO-BIO26-L44-Q035,BIO26-PDF207-L44-S2-Q035,BIO26-L44,علم البيئة,المجتمعات والمناطق الحيوية,207,2,35,B,1,تجميعات الأحياء 2026 — مفتاح الإجابة في PDF p.207,SOURCE_ANSWER_STRIP_EMBEDDED_TEXT,PASS_SOURCE_KEY
TAH-BIO-BIO26-L44-Q036,BIO26-PDF207-L44-S2-Q036,BIO26-L44,علم البيئة,المجتمعات والمناطق الحيوية,207,2,36,D,3,تجميعات الأحياء 2026 — مفتاح الإجابة في PDF p.207,SOURCE_ANSWER_STRIP_EMBEDDED_TEXT,PASS_SOURCE_KEY
TAH-BIO-BIO26-L44-Q037,BIO26-PDF207-L44-S2-Q037,BIO26-L44,علم البيئة,المجتمعات والمناطق الحيوية,207,2,37,A,0,تجميعات الأحياء 2026 — مفتاح الإجابة في PDF p.207,SOURCE_ANSWER_STRIP_EMBEDDED_TEXT,PASS_SOURCE_KEY
TAH-BIO-BIO26-L44-Q038,BIO26-PDF207-L44-S2-Q038,BIO26-L44,علم البيئة,المجتمعات والمناطق الحيوية,207,2,38,D,3,تجميعات الأحياء 2026 — مفتاح الإجابة في PDF p.207,SOURCE_ANSWER_STRIP_EMBEDDED_TEXT,PASS_SOURCE_KEY
TAH-BIO-BIO26-L44-Q039,BIO26-PDF207-L44-S2-Q039,BIO26-L44,علم البيئة,المجتمعات والمناطق الحيوية,207,2,39,A,0,تجميعات الأحياء 2026 — مفتاح الإجابة في PDF p.207,SOURCE_ANSWER_STRIP_EMBEDDED_TEXT,PASS_SOURCE_KEY
TAH-BIO-BIO26-L44-Q040,BIO26-PDF207-L44-S2-Q040,BIO26-L44,علم البيئة,المجتمعات والمناطق الحيوية,207,2,40,B,1,تجميعات الأحياء 2026 — مفتاح الإجابة في PDF p.207,SOURCE_ANSWER_STRIP_EMBEDDED_TEXT,PASS_SOURCE_KEY
TAH-BIO-BIO26-L44-Q041,BIO26-PDF207-L44-S2-Q041,BIO26-L44,علم البيئة,المجتمعات والمناطق الحيوية,207,2,41,D,3,تجميعات الأحياء 2026 — مفتاح الإجابة في PDF p.207,SOURCE_ANSWER_STRIP_EMBEDDED_TEXT,PASS_SOURCE_KEY
TAH-BIO-BIO26-L44-Q042,BIO26-PDF207-L44-S2-Q042,BIO26-L44,علم البيئة,المجتمعات والمناطق الحيوية,207,2,42,D,3,تجميعات الأحياء 2026 — مفتاح الإجابة في PDF p.207,SOURCE_ANSWER_STRIP_EMBEDDED_TEXT,PASS_SOURCE_KEY
TAH-BIO-BIO26-L45-Q001,BIO26-PDF208-L45-S1-Q001,BIO26-L45,علم البيئة,الأنظمة البيئية المائية,208,1,1,D,3,تجميعات الأحياء 2026 — مفتاح الإجابة في PDF p.208,SOURCE_ANSWER_STRIP_EMBEDDED_TEXT,PASS_SOURCE_KEY
TAH-BIO-BIO26-L45-Q002,BIO26-PDF208-L45-S1-Q002,BIO26-L45,علم البيئة,الأنظمة البيئية المائية,208,1,2,D,3,تجميعات الأحياء 2026 — مفتاح الإجابة في PDF p.208,SOURCE_ANSWER_STRIP_EMBEDDED_TEXT,PASS_SOURCE_KEY
TAH-BIO-BIO26-L45-Q003,BIO26-PDF208-L45-S1-Q003,BIO26-L45,علم البيئة,الأنظمة البيئية المائية,208,1,3,A,0,تجميعات الأحياء 2026 — مفتاح الإجابة في PDF p.208,SOURCE_ANSWER_STRIP_EMBEDDED_TEXT,PASS_SOURCE_KEY
TAH-BIO-BIO26-L45-Q004,BIO26-PDF208-L45-S1-Q004,BIO26-L45,علم البيئة,الأنظمة البيئية المائية,208,1,4,A,0,تجميعات الأحياء 2026 — مفتاح الإجابة في PDF p.208,SOURCE_ANSWER_STRIP_EMBEDDED_TEXT,PASS_SOURCE_KEY
TAH-BIO-BIO26-L45-Q005,BIO26-PDF208-L45-S1-Q005,BIO26-L45,علم البيئة,الأنظمة البيئية المائية,208,1,5,D,3,تجميعات الأحياء 2026 — مفتاح الإجابة في PDF p.208,SOURCE_ANSWER_STRIP_EMBEDDED_TEXT,PASS_SOURCE_KEY
TAH-BIO-BIO26-L45-Q006,BIO26-PDF208-L45-S1-Q006,BIO26-L45,علم البيئة,الأنظمة البيئية المائية,208,1,6,B,1,تجميعات الأحياء 2026 — مفتاح الإجابة في PDF p.208,SOURCE_ANSWER_STRIP_EMBEDDED_TEXT,PASS_SOURCE_KEY
TAH-BIO-BIO26-L45-Q007,BIO26-PDF208-L45-S1-Q007,BIO26-L45,علم البيئة,الأنظمة البيئية المائية,208,1,7,B,1,تجميعات الأحياء 2026 — مفتاح الإجابة في PDF p.208,SOURCE_ANSWER_STRIP_EMBEDDED_TEXT,PASS_SOURCE_KEY
TAH-BIO-BIO26-L45-Q008,BIO26-PDF208-L45-S1-Q008,BIO26-L45,علم البيئة,الأنظمة البيئية المائية,208,1,8,D,3,تجميعات الأحياء 2026 — مفتاح الإجابة في PDF p.208,SOURCE_ANSWER_STRIP_EMBEDDED_TEXT,PASS_SOURCE_KEY
TAH-BIO-BIO26-L45-Q009,BIO26-PDF208-L45-S1-Q009,BIO26-L45,علم البيئة,الأنظمة البيئية المائية,208,1,9,D,3,تجميعات الأحياء 2026 — مفتاح الإجابة في PDF p.208,SOURCE_ANSWER_STRIP_EMBEDDED_TEXT,PASS_SOURCE_KEY
TAH-BIO-BIO26-L45-Q010,BIO26-PDF208-L45-S1-Q010,BIO26-L45,علم البيئة,الأنظمة البيئية المائية,208,1,10,A,0,تجميعات الأحياء 2026 — مفتاح الإجابة في PDF p.208,SOURCE_ANSWER_STRIP_EMBEDDED_TEXT,PASS_SOURCE_KEY
TAH-BIO-BIO26-L45-Q011,BIO26-PDF209-L45-S2-Q011,BIO26-L45,علم البيئة,الأنظمة البيئية المائية,209,2,11,A,0,تجميعات الأحياء 2026 — مفتاح الإجابة في PDF p.209,SOURCE_ANSWER_STRIP_EMBEDDED_TEXT,PASS_SOURCE_KEY
TAH-BIO-BIO26-L45-Q012,BIO26-PDF209-L45-S2-Q012,BIO26-L45,علم البيئة,الأنظمة البيئية المائية,209,2,12,D,3,تجميعات الأحياء 2026 — مفتاح الإجابة في PDF p.209,SOURCE_ANSWER_STRIP_EMBEDDED_TEXT,PASS_SOURCE_KEY
TAH-BIO-BIO26-L45-Q013,BIO26-PDF209-L45-S2-Q013,BIO26-L45,علم البيئة,الأنظمة البيئية المائية,209,2,13,B,1,تجميعات الأحياء 2026 — مفتاح الإجابة في PDF p.209,SOURCE_ANSWER_STRIP_EMBEDDED_TEXT,PASS_SOURCE_KEY
TAH-BIO-BIO26-L45-Q014,BIO26-PDF209-L45-S2-Q014,BIO26-L45,علم البيئة,الأنظمة البيئية المائية,209,2,14,D,3,تجميعات الأحياء 2026 — مفتاح الإجابة في PDF p.209,SOURCE_ANSWER_STRIP_EMBEDDED_TEXT,PASS_SOURCE_KEY
TAH-BIO-BIO26-L45-Q015,BIO26-PDF209-L45-S2-Q015,BIO26-L45,علم البيئة,الأنظمة البيئية المائية,209,2,15,B,1,تجميعات الأحياء 2026 — مفتاح الإجابة في PDF p.209,SOURCE_ANSWER_STRIP_EMBEDDED_TEXT,PASS_SOURCE_KEY
TAH-BIO-BIO26-L45-Q016,BIO26-PDF209-L45-S2-Q016,BIO26-L45,علم البيئة,الأنظمة البيئية المائية,209,2,16,C,2,تجميعات الأحياء 2026 — مفتاح الإجابة في PDF p.209,SOURCE_ANSWER_STRIP_EMBEDDED_TEXT,PASS_SOURCE_KEY
TAH-BIO-BIO26-L45-Q017,BIO26-PDF209-L45-S2-Q017,BIO26-L45,علم البيئة,الأنظمة البيئية المائية,209,2,17,C,2,تجميعات الأحياء 2026 — مفتاح الإجابة في PDF p.209,SOURCE_ANSWER_STRIP_EMBEDDED_TEXT,PASS_SOURCE_KEY
TAH-BIO-BIO26-L45-Q018,BIO26-PDF209-L45-S2-Q018,BIO26-L45,علم البيئة,الأنظمة البيئية المائية,209,2,18,C,2,تجميعات الأحياء 2026 — مفتاح الإجابة في PDF p.209,SOURCE_ANSWER_STRIP_EMBEDDED_TEXT,PASS_SOURCE_KEY
TAH-BIO-BIO26-L45-Q019,BIO26-PDF209-L45-S2-Q019,BIO26-L45,علم البيئة,الأنظمة البيئية المائية,209,2,19,A,0,تجميعات الأحياء 2026 — مفتاح الإجابة في PDF p.209,SOURCE_ANSWER_STRIP_EMBEDDED_TEXT,PASS_SOURCE_KEY
TAH-BIO-BIO26-L45-Q020,BIO26-PDF209-L45-S2-Q020,BIO26-L45,علم البيئة,الأنظمة البيئية المائية,209,2,20,C,2,تجميعات الأحياء 2026 — مفتاح الإجابة في PDF p.209,SOURCE_ANSWER_STRIP_EMBEDDED_TEXT,PASS_SOURCE_KEY
TAH-BIO-BIO26-L46-Q001,BIO26-PDF210-L46-S1-Q001,BIO26-L46,علم البيئة,علم بيئة الجماعات الحيوية,210,1,1,A,0,تجميعات الأحياء 2026 — مفتاح الإجابة في PDF p.210,SOURCE_ANSWER_STRIP_EMBEDDED_TEXT,PASS_SOURCE_KEY
TAH-BIO-BIO26-L46-Q002,BIO26-PDF210-L46-S1-Q002,BIO26-L46,علم البيئة,علم بيئة الجماعات الحيوية,210,1,2,C,2,تجميعات الأحياء 2026 — مفتاح الإجابة في PDF p.210,SOURCE_ANSWER_STRIP_EMBEDDED_TEXT,PASS_SOURCE_KEY
TAH-BIO-BIO26-L46-Q003,BIO26-PDF210-L46-S1-Q003,BIO26-L46,علم البيئة,علم بيئة الجماعات الحيوية,210,1,3,A,0,تجميعات الأحياء 2026 — مفتاح الإجابة في PDF p.210,SOURCE_ANSWER_STRIP_EMBEDDED_TEXT,PASS_SOURCE_KEY
TAH-BIO-BIO26-L46-Q004,BIO26-PDF210-L46-S1-Q004,BIO26-L46,علم البيئة,علم بيئة الجماعات الحيوية,210,1,4,A,0,تجميعات الأحياء 2026 — مفتاح الإجابة في PDF p.210,SOURCE_ANSWER_STRIP_EMBEDDED_TEXT,PASS_SOURCE_KEY
TAH-BIO-BIO26-L46-Q005,BIO26-PDF210-L46-S1-Q005,BIO26-L46,علم البيئة,علم بيئة الجماعات الحيوية,210,1,5,C,2,تجميعات الأحياء 2026 — مفتاح الإجابة في PDF p.210,SOURCE_ANSWER_STRIP_EMBEDDED_TEXT,PASS_SOURCE_KEY
TAH-BIO-BIO26-L46-Q006,BIO26-PDF210-L46-S1-Q006,BIO26-L46,علم البيئة,علم بيئة الجماعات الحيوية,210,1,6,D,3,تجميعات الأحياء 2026 — مفتاح الإجابة في PDF p.210,SOURCE_ANSWER_STRIP_EMBEDDED_TEXT,PASS_SOURCE_KEY
TAH-BIO-BIO26-L46-Q007,BIO26-PDF210-L46-S1-Q007,BIO26-L46,علم البيئة,علم بيئة الجماعات الحيوية,210,1,7,D,3,تجميعات الأحياء 2026 — مفتاح الإجابة في PDF p.210,SOURCE_ANSWER_STRIP_EMBEDDED_TEXT,PASS_SOURCE_KEY
TAH-BIO-BIO26-L46-Q008,BIO26-PDF210-L46-S1-Q008,BIO26-L46,علم البيئة,علم بيئة الجماعات الحيوية,210,1,8,C,2,تجميعات الأحياء 2026 — مفتاح الإجابة في PDF p.210,SOURCE_ANSWER_STRIP_EMBEDDED_TEXT,PASS_SOURCE_KEY
TAH-BIO-BIO26-L46-Q009,BIO26-PDF210-L46-S1-Q009,BIO26-L46,علم البيئة,علم بيئة الجماعات الحيوية,210,1,9,B,1,تجميعات الأحياء 2026 — مفتاح الإجابة في PDF p.210,SOURCE_ANSWER_STRIP_EMBEDDED_TEXT,PASS_SOURCE_KEY
TAH-BIO-BIO26-L46-Q010,BIO26-PDF210-L46-S1-Q010,BIO26-L46,علم البيئة,علم بيئة الجماعات الحيوية,210,1,10,C,2,تجميعات الأحياء 2026 — مفتاح الإجابة في PDF p.210,SOURCE_ANSWER_STRIP_EMBEDDED_TEXT,PASS_SOURCE_KEY
TAH-BIO-BIO26-L46-Q011,BIO26-PDF210-L46-S1-Q011,BIO26-L46,علم البيئة,علم بيئة الجماعات الحيوية,210,1,11,D,3,تجميعات الأحياء 2026 — مفتاح الإجابة في PDF p.210,SOURCE_ANSWER_STRIP_EMBEDDED_TEXT,PASS_SOURCE_KEY
TAH-BIO-BIO26-L46-Q012,BIO26-PDF210-L46-S1-Q012,BIO26-L46,علم البيئة,علم بيئة الجماعات الحيوية,210,1,12,D,3,تجميعات الأحياء 2026 — مفتاح الإجابة في PDF p.210,SOURCE_ANSWER_STRIP_EMBEDDED_TEXT,PASS_SOURCE_KEY
TAH-BIO-BIO26-L46-Q013,BIO26-PDF210-L46-S1-Q013,BIO26-L46,علم البيئة,علم بيئة الجماعات الحيوية,210,1,13,D,3,تجميعات الأحياء 2026 — مفتاح الإجابة في PDF p.210,SOURCE_ANSWER_STRIP_EMBEDDED_TEXT,PASS_SOURCE_KEY
TAH-BIO-BIO26-L46-Q014,BIO26-PDF210-L46-S1-Q014,BIO26-L46,علم البيئة,علم بيئة الجماعات الحيوية,210,1,14,D,3,تجميعات الأحياء 2026 — مفتاح الإجابة في PDF p.210,SOURCE_ANSWER_STRIP_EMBEDDED_TEXT,PASS_SOURCE_KEY
TAH-BIO-BIO26-L46-Q015,BIO26-PDF210-L46-S1-Q015,BIO26-L46,علم البيئة,علم بيئة الجماعات الحيوية,210,1,15,C,2,تجميعات الأحياء 2026 — مفتاح الإجابة في PDF p.210,SOURCE_ANSWER_STRIP_EMBEDDED_TEXT,PASS_SOURCE_KEY
TAH-BIO-BIO26-L46-Q016,BIO26-PDF210-L46-S1-Q016,BIO26-L46,علم البيئة,علم بيئة الجماعات الحيوية,210,1,16,C,2,تجميعات الأحياء 2026 — مفتاح الإجابة في PDF p.210,SOURCE_ANSWER_STRIP_EMBEDDED_TEXT,PASS_SOURCE_KEY
TAH-BIO-BIO26-L46-Q017,BIO26-PDF210-L46-S1-Q017,BIO26-L46,علم البيئة,علم بيئة الجماعات الحيوية,210,1,17,A,0,تجميعات الأحياء 2026 — مفتاح الإجابة في PDF p.210,SOURCE_ANSWER_STRIP_EMBEDDED_TEXT,PASS_SOURCE_KEY
TAH-BIO-BIO26-L46-Q018,BIO26-PDF211-L46-S1-Q018,BIO26-L46,علم البيئة,علم بيئة الجماعات الحيوية,211,1,18,B,1,تجميعات الأحياء 2026 — مفتاح الإجابة في PDF p.211,SOURCE_ANSWER_STRIP_EMBEDDED_TEXT,PASS_SOURCE_KEY
TAH-BIO-BIO26-L46-Q019,BIO26-PDF211-L46-S1-Q019,BIO26-L46,علم البيئة,علم بيئة الجماعات الحيوية,211,1,19,D,3,تجميعات الأحياء 2026 — مفتاح الإجابة في PDF p.211,SOURCE_ANSWER_STRIP_EMBEDDED_TEXT,PASS_SOURCE_KEY
TAH-BIO-BIO26-L46-Q020,BIO26-PDF211-L46-S1-Q020,BIO26-L46,علم البيئة,علم بيئة الجماعات الحيوية,211,1,20,B,1,تجميعات الأحياء 2026 — مفتاح الإجابة في PDF p.211,SOURCE_ANSWER_STRIP_EMBEDDED_TEXT,PASS_SOURCE_KEY
TAH-BIO-BIO26-L46-Q021,BIO26-PDF211-L46-S1-Q021,BIO26-L46,علم البيئة,علم بيئة الجماعات الحيوية,211,1,21,A,0,تجميعات الأحياء 2026 — مفتاح الإجابة في PDF p.211,SOURCE_ANSWER_STRIP_EMBEDDED_TEXT,PASS_SOURCE_KEY
TAH-BIO-BIO26-L46-Q022,BIO26-PDF211-L46-S1-Q022,BIO26-L46,علم البيئة,علم بيئة الجماعات الحيوية,211,1,22,D,3,تجميعات الأحياء 2026 — مفتاح الإجابة في PDF p.211,SOURCE_ANSWER_STRIP_EMBEDDED_TEXT,PASS_SOURCE_KEY
TAH-BIO-BIO26-L46-Q023,BIO26-PDF211-L46-S1-Q023,BIO26-L46,علم البيئة,علم بيئة الجماعات الحيوية,211,1,23,C,2,تجميعات الأحياء 2026 — مفتاح الإجابة في PDF p.211,SOURCE_ANSWER_STRIP_EMBEDDED_TEXT,PASS_SOURCE_KEY
TAH-BIO-BIO26-L46-Q024,BIO26-PDF211-L46-S1-Q024,BIO26-L46,علم البيئة,علم بيئة الجماعات الحيوية,211,1,24,A,0,تجميعات الأحياء 2026 — مفتاح الإجابة في PDF p.211,SOURCE_ANSWER_STRIP_EMBEDDED_TEXT,PASS_SOURCE_KEY
TAH-BIO-BIO26-L46-Q025,BIO26-PDF211-L46-S1-Q025,BIO26-L46,علم البيئة,علم بيئة الجماعات الحيوية,211,1,25,D,3,تجميعات الأحياء 2026 — مفتاح الإجابة في PDF p.211,SOURCE_ANSWER_STRIP_EMBEDDED_TEXT,PASS_SOURCE_KEY
TAH-BIO-BIO26-L46-Q026,BIO26-PDF211-L46-S1-Q026,BIO26-L46,علم البيئة,علم بيئة الجماعات الحيوية,211,1,26,B,1,تجميعات الأحياء 2026 — مفتاح الإجابة في PDF p.211,SOURCE_ANSWER_STRIP_EMBEDDED_TEXT,PASS_SOURCE_KEY
TAH-BIO-BIO26-L46-Q027,BIO26-PDF212-L46-S1-Q027,BIO26-L46,علم البيئة,علم بيئة الجماعات الحيوية,212,1,27,A,0,تجميعات الأحياء 2026 — مفتاح الإجابة في PDF p.212,SOURCE_ANSWER_STRIP_EMBEDDED_TEXT,PASS_SOURCE_KEY
TAH-BIO-BIO26-L46-Q028,BIO26-PDF212-L46-S1-Q028,BIO26-L46,علم البيئة,علم بيئة الجماعات الحيوية,212,1,28,B,1,تجميعات الأحياء 2026 — مفتاح الإجابة في PDF p.212,SOURCE_ANSWER_STRIP_EMBEDDED_TEXT,PASS_SOURCE_KEY
TAH-BIO-BIO26-L46-Q029,BIO26-PDF212-L46-S1-Q029,BIO26-L46,علم البيئة,علم بيئة الجماعات الحيوية,212,1,29,C,2,تجميعات الأحياء 2026 — مفتاح الإجابة في PDF p.212,SOURCE_ANSWER_STRIP_EMBEDDED_TEXT,PASS_SOURCE_KEY
TAH-BIO-BIO26-L46-Q030,BIO26-PDF212-L46-S1-Q030,BIO26-L46,علم البيئة,علم بيئة الجماعات الحيوية,212,1,30,A,0,تجميعات الأحياء 2026 — مفتاح الإجابة في PDF p.212,SOURCE_ANSWER_STRIP_EMBEDDED_TEXT,PASS_SOURCE_KEY
TAH-BIO-BIO26-L46-Q031,BIO26-PDF212-L46-S1-Q031,BIO26-L46,علم البيئة,علم بيئة الجماعات الحيوية,212,1,31,D,3,تجميعات الأحياء 2026 — مفتاح الإجابة في PDF p.212,SOURCE_ANSWER_STRIP_EMBEDDED_TEXT,PASS_SOURCE_KEY
TAH-BIO-BIO26-L46-Q032,BIO26-PDF212-L46-S1-Q032,BIO26-L46,علم البيئة,علم بيئة الجماعات الحيوية,212,1,32,A,0,تجميعات الأحياء 2026 — مفتاح الإجابة في PDF p.212,SOURCE_ANSWER_STRIP_EMBEDDED_TEXT,PASS_SOURCE_KEY
TAH-BIO-BIO26-L46-Q033,BIO26-PDF213-L46-S2-Q033,BIO26-L46,علم البيئة,علم بيئة الجماعات الحيوية,213,2,33,B,1,تجميعات الأحياء 2026 — مفتاح الإجابة في PDF p.213,SOURCE_ANSWER_STRIP_EMBEDDED_TEXT,PASS_SOURCE_KEY
TAH-BIO-BIO26-L46-Q034,BIO26-PDF213-L46-S2-Q034,BIO26-L46,علم البيئة,علم بيئة الجماعات الحيوية,213,2,34,A,0,تجميعات الأحياء 2026 — مفتاح الإجابة في PDF p.213,SOURCE_ANSWER_STRIP_EMBEDDED_TEXT,PASS_SOURCE_KEY
TAH-BIO-BIO26-L46-Q035,BIO26-PDF213-L46-S2-Q035,BIO26-L46,علم البيئة,علم بيئة الجماعات الحيوية,213,2,35,C,2,تجميعات الأحياء 2026 — مفتاح الإجابة في PDF p.213,SOURCE_ANSWER_STRIP_EMBEDDED_TEXT,PASS_SOURCE_KEY
TAH-BIO-BIO26-L46-Q036,BIO26-PDF213-L46-S2-Q036,BIO26-L46,علم البيئة,علم بيئة الجماعات الحيوية,213,2,36,A,0,تجميعات الأحياء 2026 — مفتاح الإجابة في PDF p.213,SOURCE_ANSWER_STRIP_EMBEDDED_TEXT,PASS_SOURCE_KEY
TAH-BIO-BIO26-L46-Q037,BIO26-PDF213-L46-S2-Q037,BIO26-L46,علم البيئة,علم بيئة الجماعات الحيوية,213,2,37,A,0,تجميعات الأحياء 2026 — مفتاح الإجابة في PDF p.213,SOURCE_ANSWER_STRIP_EMBEDDED_TEXT,PASS_SOURCE_KEY
TAH-BIO-BIO26-L46-Q038,BIO26-PDF213-L46-S2-Q038,BIO26-L46,علم البيئة,علم بيئة الجماعات الحيوية,213,2,38,B,1,تجميعات الأحياء 2026 — مفتاح الإجابة في PDF p.213,SOURCE_ANSWER_STRIP_EMBEDDED_TEXT,PASS_SOURCE_KEY
TAH-BIO-BIO26-L46-Q039,BIO26-PDF213-L46-S2-Q039,BIO26-L46,علم البيئة,علم بيئة الجماعات الحيوية,213,2,39,D,3,تجميعات الأحياء 2026 — مفتاح الإجابة في PDF p.213,SOURCE_ANSWER_STRIP_EMBEDDED_TEXT,PASS_SOURCE_KEY
TAH-BIO-BIO26-L46-Q040,BIO26-PDF213-L46-S2-Q040,BIO26-L46,علم البيئة,علم بيئة الجماعات الحيوية,213,2,40,C,2,تجميعات الأحياء 2026 — مفتاح الإجابة في PDF p.213,SOURCE_ANSWER_STRIP_EMBEDDED_TEXT,PASS_SOURCE_KEY
TAH-BIO-BIO26-L46-Q041,BIO26-PDF213-L46-S2-Q041,BIO26-L46,علم البيئة,علم بيئة الجماعات الحيوية,213,2,41,C,2,تجميعات الأحياء 2026 — مفتاح الإجابة في PDF p.213,SOURCE_ANSWER_STRIP_EMBEDDED_TEXT,PASS_SOURCE_KEY
TAH-BIO-BIO26-L46-Q042,BIO26-PDF213-L46-S2-Q042,BIO26-L46,علم البيئة,علم بيئة الجماعات الحيوية,213,2,42,C,2,تجميعات الأحياء 2026 — مفتاح الإجابة في PDF p.213,SOURCE_ANSWER_STRIP_EMBEDDED_TEXT,PASS_SOURCE_KEY
TAH-BIO-BIO26-L46-Q043,BIO26-PDF213-L46-S2-Q043,BIO26-L46,علم البيئة,علم بيئة الجماعات الحيوية,213,2,43,B,1,تجميعات الأحياء 2026 — مفتاح الإجابة في PDF p.213,SOURCE_ANSWER_STRIP_EMBEDDED_TEXT,PASS_SOURCE_KEY
TAH-BIO-BIO26-L46-Q044,BIO26-PDF213-L46-S2-Q044,BIO26-L46,علم البيئة,علم بيئة الجماعات الحيوية,213,2,44,C,2,تجميعات الأحياء 2026 — مفتاح الإجابة في PDF p.213,SOURCE_ANSWER_STRIP_EMBEDDED_TEXT,PASS_SOURCE_KEY
TAH-BIO-BIO26-L46-Q045,BIO26-PDF213-L46-S2-Q045,BIO26-L46,علم البيئة,علم بيئة الجماعات الحيوية,213,2,45,D,3,تجميعات الأحياء 2026 — مفتاح الإجابة في PDF p.213,SOURCE_ANSWER_STRIP_EMBEDDED_TEXT,PASS_SOURCE_KEY
TAH-BIO-BIO26-L46-Q046,BIO26-PDF213-L46-S2-Q046,BIO26-L46,علم البيئة,علم بيئة الجماعات الحيوية,213,2,46,A,0,تجميعات الأحياء 2026 — مفتاح الإجابة في PDF p.213,SOURCE_ANSWER_STRIP_EMBEDDED_TEXT,PASS_SOURCE_KEY
TAH-BIO-BIO26-L46-Q047,BIO26-PDF213-L46-S2-Q047,BIO26-L46,علم البيئة,علم بيئة الجماعات الحيوية,213,2,47,B,1,تجميعات الأحياء 2026 — مفتاح الإجابة في PDF p.213,SOURCE_ANSWER_STRIP_EMBEDDED_TEXT,PASS_SOURCE_KEY
TAH-BIO-BIO26-L46-Q048,BIO26-PDF213-L46-S2-Q048,BIO26-L46,علم البيئة,علم بيئة الجماعات الحيوية,213,2,48,A,0,تجميعات الأحياء 2026 — مفتاح الإجابة في PDF p.213,SOURCE_ANSWER_STRIP_EMBEDDED_TEXT,PASS_SOURCE_KEY
TAH-BIO-BIO26-L46-Q049,BIO26-PDF214-L46-S2-Q049,BIO26-L46,علم البيئة,علم بيئة الجماعات الحيوية,214,2,49,B,1,تجميعات الأحياء 2026 — مفتاح الإجابة في PDF p.214,SOURCE_ANSWER_STRIP_EMBEDDED_TEXT,PASS_SOURCE_KEY
TAH-BIO-BIO26-L46-Q050,BIO26-PDF214-L46-S2-Q050,BIO26-L46,علم البيئة,علم بيئة الجماعات الحيوية,214,2,50,A,0,تجميعات الأحياء 2026 — مفتاح الإجابة في PDF p.214,SOURCE_ANSWER_STRIP_EMBEDDED_TEXT,PASS_SOURCE_KEY
TAH-BIO-BIO26-L46-Q051,BIO26-PDF214-L46-S2-Q051,BIO26-L46,علم البيئة,علم بيئة الجماعات الحيوية,214,2,51,A,0,تجميعات الأحياء 2026 — مفتاح الإجابة في PDF p.214,SOURCE_ANSWER_STRIP_EMBEDDED_TEXT,PASS_SOURCE_KEY
TAH-BIO-BIO26-L46-Q052,BIO26-PDF214-L46-S2-Q052,BIO26-L46,علم البيئة,علم بيئة الجماعات الحيوية,214,2,52,A,0,تجميعات الأحياء 2026 — مفتاح الإجابة في PDF p.214,SOURCE_ANSWER_STRIP_EMBEDDED_TEXT,PASS_SOURCE_KEY
TAH-BIO-BIO26-L46-Q053,BIO26-PDF214-L46-S2-Q053,BIO26-L46,علم البيئة,علم بيئة الجماعات الحيوية,214,2,53,C,2,تجميعات الأحياء 2026 — مفتاح الإجابة في PDF p.214,SOURCE_ANSWER_STRIP_EMBEDDED_TEXT,PASS_SOURCE_KEY
TAH-BIO-BIO26-L47-Q001,BIO26-PDF215-L47-S1-Q001,BIO26-L47,علم البيئة,التنوع الحيوي والمحافظة عليه,215,1,1,B,1,تجميعات الأحياء 2026 — مفتاح الإجابة في PDF p.215,SOURCE_ANSWER_STRIP_EMBEDDED_TEXT,PASS_SOURCE_KEY
TAH-BIO-BIO26-L47-Q002,BIO26-PDF215-L47-S1-Q002,BIO26-L47,علم البيئة,التنوع الحيوي والمحافظة عليه,215,1,2,A,0,تجميعات الأحياء 2026 — مفتاح الإجابة في PDF p.215,SOURCE_ANSWER_STRIP_EMBEDDED_TEXT,PASS_SOURCE_KEY
TAH-BIO-BIO26-L47-Q003,BIO26-PDF215-L47-S1-Q003,BIO26-L47,علم البيئة,التنوع الحيوي والمحافظة عليه,215,1,3,D,3,تجميعات الأحياء 2026 — مفتاح الإجابة في PDF p.215,SOURCE_ANSWER_STRIP_EMBEDDED_TEXT,PASS_SOURCE_KEY
TAH-BIO-BIO26-L47-Q004,BIO26-PDF215-L47-S1-Q004,BIO26-L47,علم البيئة,التنوع الحيوي والمحافظة عليه,215,1,4,C,2,تجميعات الأحياء 2026 — مفتاح الإجابة في PDF p.215,SOURCE_ANSWER_STRIP_EMBEDDED_TEXT,PASS_SOURCE_KEY
TAH-BIO-BIO26-L47-Q005,BIO26-PDF215-L47-S1-Q005,BIO26-L47,علم البيئة,التنوع الحيوي والمحافظة عليه,215,1,5,A,0,تجميعات الأحياء 2026 — مفتاح الإجابة في PDF p.215,SOURCE_ANSWER_STRIP_EMBEDDED_TEXT,PASS_SOURCE_KEY
TAH-BIO-BIO26-L47-Q006,BIO26-PDF215-L47-S1-Q006,BIO26-L47,علم البيئة,التنوع الحيوي والمحافظة عليه,215,1,6,A,0,تجميعات الأحياء 2026 — مفتاح الإجابة في PDF p.215,SOURCE_ANSWER_STRIP_EMBEDDED_TEXT,PASS_SOURCE_KEY
TAH-BIO-BIO26-L47-Q007,BIO26-PDF215-L47-S1-Q007,BIO26-L47,علم البيئة,التنوع الحيوي والمحافظة عليه,215,1,7,D,3,تجميعات الأحياء 2026 — مفتاح الإجابة في PDF p.215,SOURCE_ANSWER_STRIP_EMBEDDED_TEXT,PASS_SOURCE_KEY
TAH-BIO-BIO26-L47-Q008,BIO26-PDF215-L47-S1-Q008,BIO26-L47,علم البيئة,التنوع الحيوي والمحافظة عليه,215,1,8,B,1,تجميعات الأحياء 2026 — مفتاح الإجابة في PDF p.215,SOURCE_ANSWER_STRIP_EMBEDDED_TEXT,PASS_SOURCE_KEY
TAH-BIO-BIO26-L47-Q009,BIO26-PDF215-L47-S1-Q009,BIO26-L47,علم البيئة,التنوع الحيوي والمحافظة عليه,215,1,9,D,3,تجميعات الأحياء 2026 — مفتاح الإجابة في PDF p.215,SOURCE_ANSWER_STRIP_EMBEDDED_TEXT,PASS_SOURCE_KEY
TAH-BIO-BIO26-L47-Q010,BIO26-PDF215-L47-S1-Q010,BIO26-L47,علم البيئة,التنوع الحيوي والمحافظة عليه,215,1,10,D,3,تجميعات الأحياء 2026 — مفتاح الإجابة في PDF p.215,SOURCE_ANSWER_STRIP_EMBEDDED_TEXT,PASS_SOURCE_KEY
TAH-BIO-BIO26-L47-Q011,BIO26-PDF215-L47-S1-Q011,BIO26-L47,علم البيئة,التنوع الحيوي والمحافظة عليه,215,1,11,A,0,تجميعات الأحياء 2026 — مفتاح الإجابة في PDF p.215,SOURCE_ANSWER_STRIP_EMBEDDED_TEXT,PASS_SOURCE_KEY
TAH-BIO-BIO26-L47-Q012,BIO26-PDF215-L47-S1-Q012,BIO26-L47,علم البيئة,التنوع الحيوي والمحافظة عليه,215,1,12,C,2,تجميعات الأحياء 2026 — مفتاح الإجابة في PDF p.215,SOURCE_ANSWER_STRIP_EMBEDDED_TEXT,PASS_SOURCE_KEY
TAH-BIO-BIO26-L47-Q013,BIO26-PDF215-L47-S1-Q013,BIO26-L47,علم البيئة,التنوع الحيوي والمحافظة عليه,215,1,13,A,0,تجميعات الأحياء 2026 — مفتاح الإجابة في PDF p.215,SOURCE_ANSWER_STRIP_EMBEDDED_TEXT,PASS_SOURCE_KEY
TAH-BIO-BIO26-L47-Q014,BIO26-PDF215-L47-S1-Q014,BIO26-L47,علم البيئة,التنوع الحيوي والمحافظة عليه,215,1,14,B,1,تجميعات الأحياء 2026 — مفتاح الإجابة في PDF p.215,SOURCE_ANSWER_STRIP_EMBEDDED_TEXT,PASS_SOURCE_KEY
TAH-BIO-BIO26-L47-Q015,BIO26-PDF215-L47-S1-Q015,BIO26-L47,علم البيئة,التنوع الحيوي والمحافظة عليه,215,1,15,C,2,تجميعات الأحياء 2026 — مفتاح الإجابة في PDF p.215,SOURCE_ANSWER_STRIP_EMBEDDED_TEXT,PASS_SOURCE_KEY
TAH-BIO-BIO26-L47-Q016,BIO26-PDF215-L47-S1-Q016,BIO26-L47,علم البيئة,التنوع الحيوي والمحافظة عليه,215,1,16,B,1,تجميعات الأحياء 2026 — مفتاح الإجابة في PDF p.215,SOURCE_ANSWER_STRIP_EMBEDDED_TEXT,PASS_SOURCE_KEY
TAH-BIO-BIO26-L47-Q017,BIO26-PDF216-L47-S1-Q017,BIO26-L47,علم البيئة,التنوع الحيوي والمحافظة عليه,216,1,17,A,0,تجميعات الأحياء 2026 — مفتاح الإجابة في PDF p.216,SOURCE_ANSWER_STRIP_EMBEDDED_TEXT,PASS_SOURCE_KEY
TAH-BIO-BIO26-L47-Q018,BIO26-PDF216-L47-S1-Q018,BIO26-L47,علم البيئة,التنوع الحيوي والمحافظة عليه,216,1,18,B,1,تجميعات الأحياء 2026 — مفتاح الإجابة في PDF p.216,SOURCE_ANSWER_STRIP_EMBEDDED_TEXT,PASS_SOURCE_KEY
TAH-BIO-BIO26-L47-Q019,BIO26-PDF216-L47-S1-Q019,BIO26-L47,علم البيئة,التنوع الحيوي والمحافظة عليه,216,1,19,A,0,تجميعات الأحياء 2026 — مفتاح الإجابة في PDF p.216,SOURCE_ANSWER_STRIP_EMBEDDED_TEXT,PASS_SOURCE_KEY
TAH-BIO-BIO26-L47-Q020,BIO26-PDF216-L47-S1-Q020,BIO26-L47,علم البيئة,التنوع الحيوي والمحافظة عليه,216,1,20,B,1,تجميعات الأحياء 2026 — مفتاح الإجابة في PDF p.216,SOURCE_ANSWER_STRIP_EMBEDDED_TEXT,PASS_SOURCE_KEY
TAH-BIO-BIO26-L47-Q021,BIO26-PDF216-L47-S1-Q021,BIO26-L47,علم البيئة,التنوع الحيوي والمحافظة عليه,216,1,21,C,2,تجميعات الأحياء 2026 — مفتاح الإجابة في PDF p.216,SOURCE_ANSWER_STRIP_EMBEDDED_TEXT,PASS_SOURCE_KEY
TAH-BIO-BIO26-L47-Q022,BIO26-PDF216-L47-S1-Q022,BIO26-L47,علم البيئة,التنوع الحيوي والمحافظة عليه,216,1,22,A,0,تجميعات الأحياء 2026 — مفتاح الإجابة في PDF p.216,SOURCE_ANSWER_STRIP_EMBEDDED_TEXT,PASS_SOURCE_KEY
TAH-BIO-BIO26-L47-Q023,BIO26-PDF216-L47-S1-Q023,BIO26-L47,علم البيئة,التنوع الحيوي والمحافظة عليه,216,1,23,C,2,تجميعات الأحياء 2026 — مفتاح الإجابة في PDF p.216,SOURCE_ANSWER_STRIP_EMBEDDED_TEXT,PASS_SOURCE_KEY
TAH-BIO-BIO26-L47-Q024,BIO26-PDF216-L47-S1-Q024,BIO26-L47,علم البيئة,التنوع الحيوي والمحافظة عليه,216,1,24,B,1,تجميعات الأحياء 2026 — مفتاح الإجابة في PDF p.216,SOURCE_ANSWER_STRIP_EMBEDDED_TEXT,PASS_SOURCE_KEY
TAH-BIO-BIO26-L47-Q025,BIO26-PDF216-L47-S1-Q025,BIO26-L47,علم البيئة,التنوع الحيوي والمحافظة عليه,216,1,25,D,3,تجميعات الأحياء 2026 — مفتاح الإجابة في PDF p.216,SOURCE_ANSWER_STRIP_EMBEDDED_TEXT,PASS_SOURCE_KEY
TAH-BIO-BIO26-L47-Q026,BIO26-PDF216-L47-S1-Q026,BIO26-L47,علم البيئة,التنوع الحيوي والمحافظة عليه,216,1,26,B,1,تجميعات الأحياء 2026 — مفتاح الإجابة في PDF p.216,SOURCE_ANSWER_STRIP_EMBEDDED_TEXT,PASS_SOURCE_KEY
TAH-BIO-BIO26-L47-Q027,BIO26-PDF216-L47-S1-Q027,BIO26-L47,علم البيئة,التنوع الحيوي والمحافظة عليه,216,1,27,B,1,تجميعات الأحياء 2026 — مفتاح الإجابة في PDF p.216,SOURCE_ANSWER_STRIP_EMBEDDED_TEXT,PASS_SOURCE_KEY
TAH-BIO-BIO26-L47-Q028,BIO26-PDF216-L47-S1-Q028,BIO26-L47,علم البيئة,التنوع الحيوي والمحافظة عليه,216,1,28,C,2,تجميعات الأحياء 2026 — مفتاح الإجابة في PDF p.216,SOURCE_ANSWER_STRIP_EMBEDDED_TEXT,PASS_SOURCE_KEY
TAH-BIO-BIO26-L47-Q029,BIO26-PDF216-L47-S1-Q029,BIO26-L47,علم البيئة,التنوع الحيوي والمحافظة عليه,216,1,29,D,3,تجميعات الأحياء 2026 — مفتاح الإجابة في PDF p.216,SOURCE_ANSWER_STRIP_EMBEDDED_TEXT,PASS_SOURCE_KEY
TAH-BIO-BIO26-L47-Q030,BIO26-PDF216-L47-S1-Q030,BIO26-L47,علم البيئة,التنوع الحيوي والمحافظة عليه,216,1,30,A,0,تجميعات الأحياء 2026 — مفتاح الإجابة في PDF p.216,SOURCE_ANSWER_STRIP_EMBEDDED_TEXT,PASS_SOURCE_KEY
TAH-BIO-BIO26-L47-Q031,BIO26-PDF216-L47-S1-Q031,BIO26-L47,علم البيئة,التنوع الحيوي والمحافظة عليه,216,1,31,B,1,تجميعات الأحياء 2026 — مفتاح الإجابة في PDF p.216,SOURCE_ANSWER_STRIP_EMBEDDED_TEXT,PASS_SOURCE_KEY
TAH-BIO-BIO26-L47-Q032,BIO26-PDF216-L47-S1-Q032,BIO26-L47,علم البيئة,التنوع الحيوي والمحافظة عليه,216,1,32,D,3,تجميعات الأحياء 2026 — مفتاح الإجابة في PDF p.216,SOURCE_ANSWER_STRIP_EMBEDDED_TEXT,PASS_SOURCE_KEY
TAH-BIO-BIO26-L47-Q033,BIO26-PDF216-L47-S1-Q033,BIO26-L47,علم البيئة,التنوع الحيوي والمحافظة عليه,216,1,33,D,3,تجميعات الأحياء 2026 — مفتاح الإجابة في PDF p.216,SOURCE_ANSWER_STRIP_EMBEDDED_TEXT,PASS_SOURCE_KEY
TAH-BIO-BIO26-L47-Q034,BIO26-PDF216-L47-S1-Q034,BIO26-L47,علم البيئة,التنوع الحيوي والمحافظة عليه,216,1,34,A,0,تجميعات الأحياء 2026 — مفتاح الإجابة في PDF p.216,SOURCE_ANSWER_STRIP_EMBEDDED_TEXT,PASS_SOURCE_KEY
TAH-BIO-BIO26-L47-Q035,BIO26-PDF217-L47-S1-Q035,BIO26-L47,علم البيئة,التنوع الحيوي والمحافظة عليه,217,1,35,D,3,تجميعات الأحياء 2026 — مفتاح الإجابة في PDF p.217,SOURCE_ANSWER_STRIP_EMBEDDED_TEXT,PASS_SOURCE_KEY
TAH-BIO-BIO26-L47-Q036,BIO26-PDF217-L47-S1-Q036,BIO26-L47,علم البيئة,التنوع الحيوي والمحافظة عليه,217,1,36,B,1,تجميعات الأحياء 2026 — مفتاح الإجابة في PDF p.217,SOURCE_ANSWER_STRIP_EMBEDDED_TEXT,PASS_SOURCE_KEY
TAH-BIO-BIO26-L47-Q037,BIO26-PDF217-L47-S1-Q037,BIO26-L47,علم البيئة,التنوع الحيوي والمحافظة عليه,217,1,37,C,2,تجميعات الأحياء 2026 — مفتاح الإجابة في PDF p.217,SOURCE_ANSWER_STRIP_EMBEDDED_TEXT,PASS_SOURCE_KEY
TAH-BIO-BIO26-L47-Q038,BIO26-PDF217-L47-S1-Q038,BIO26-L47,علم البيئة,التنوع الحيوي والمحافظة عليه,217,1,38,D,3,تجميعات الأحياء 2026 — مفتاح الإجابة في PDF p.217,SOURCE_ANSWER_STRIP_EMBEDDED_TEXT,PASS_SOURCE_KEY
TAH-BIO-BIO26-L47-Q039,BIO26-PDF217-L47-S1-Q039,BIO26-L47,علم البيئة,التنوع الحيوي والمحافظة عليه,217,1,39,D,3,تجميعات الأحياء 2026 — مفتاح الإجابة في PDF p.217,SOURCE_ANSWER_STRIP_EMBEDDED_TEXT,PASS_SOURCE_KEY
TAH-BIO-BIO26-L47-Q040,BIO26-PDF217-L47-S1-Q040,BIO26-L47,علم البيئة,التنوع الحيوي والمحافظة عليه,217,1,40,D,3,تجميعات الأحياء 2026 — مفتاح الإجابة في PDF p.217,SOURCE_ANSWER_STRIP_EMBEDDED_TEXT,PASS_SOURCE_KEY
TAH-BIO-BIO26-L47-Q041,BIO26-PDF217-L47-S1-Q041,BIO26-L47,علم البيئة,التنوع الحيوي والمحافظة عليه,217,1,41,C,2,تجميعات الأحياء 2026 — مفتاح الإجابة في PDF p.217,SOURCE_ANSWER_STRIP_EMBEDDED_TEXT,PASS_SOURCE_KEY
TAH-BIO-BIO26-L47-Q042,BIO26-PDF217-L47-S1-Q042,BIO26-L47,علم البيئة,التنوع الحيوي والمحافظة عليه,217,1,42,C,2,تجميعات الأحياء 2026 — مفتاح الإجابة في PDF p.217,SOURCE_ANSWER_STRIP_EMBEDDED_TEXT,PASS_SOURCE_KEY
TAH-BIO-BIO26-L47-Q043,BIO26-PDF217-L47-S1-Q043,BIO26-L47,علم البيئة,التنوع الحيوي والمحافظة عليه,217,1,43,A,0,تجميعات الأحياء 2026 — مفتاح الإجابة في PDF p.217,SOURCE_ANSWER_STRIP_EMBEDDED_TEXT,PASS_SOURCE_KEY
TAH-BIO-BIO26-L47-Q044,BIO26-PDF217-L47-S1-Q044,BIO26-L47,علم البيئة,التنوع الحيوي والمحافظة عليه,217,1,44,A,0,تجميعات الأحياء 2026 — مفتاح الإجابة في PDF p.217,SOURCE_ANSWER_STRIP_EMBEDDED_TEXT,PASS_SOURCE_KEY
TAH-BIO-BIO26-L47-Q045,BIO26-PDF217-L47-S1-Q045,BIO26-L47,علم البيئة,التنوع الحيوي والمحافظة عليه,217,1,45,D,3,تجميعات الأحياء 2026 — مفتاح الإجابة في PDF p.217,SOURCE_ANSWER_STRIP_EMBEDDED_TEXT,PASS_SOURCE_KEY
TAH-BIO-BIO26-L47-Q046,BIO26-PDF218-L47-S1-Q046,BIO26-L47,علم البيئة,التنوع الحيوي والمحافظة عليه,218,1,46,B,1,تجميعات الأحياء 2026 — مفتاح الإجابة في PDF p.218,SOURCE_ANSWER_STRIP_EMBEDDED_TEXT,PASS_SOURCE_KEY
TAH-BIO-BIO26-L47-Q047,BIO26-PDF218-L47-S1-Q047,BIO26-L47,علم البيئة,التنوع الحيوي والمحافظة عليه,218,1,47,A,0,تجميعات الأحياء 2026 — مفتاح الإجابة في PDF p.218,SOURCE_ANSWER_STRIP_EMBEDDED_TEXT,PASS_SOURCE_KEY
TAH-BIO-BIO26-L47-Q048,BIO26-PDF218-L47-S1-Q048,BIO26-L47,علم البيئة,التنوع الحيوي والمحافظة عليه,218,1,48,B,1,تجميعات الأحياء 2026 — مفتاح الإجابة في PDF p.218,SOURCE_ANSWER_STRIP_EMBEDDED_TEXT,PASS_SOURCE_KEY
TAH-BIO-BIO26-L47-Q049,BIO26-PDF218-L47-S1-Q049,BIO26-L47,علم البيئة,التنوع الحيوي والمحافظة عليه,218,1,49,D,3,تجميعات الأحياء 2026 — مفتاح الإجابة في PDF p.218,SOURCE_ANSWER_STRIP_EMBEDDED_TEXT,PASS_SOURCE_KEY
TAH-BIO-BIO26-L47-Q050,BIO26-PDF219-L47-S2-Q050,BIO26-L47,علم البيئة,التنوع الحيوي والمحافظة عليه,219,2,50,C,2,تجميعات الأحياء 2026 — مفتاح الإجابة في PDF p.219,SOURCE_ANSWER_STRIP_EMBEDDED_TEXT,PASS_SOURCE_KEY
TAH-BIO-BIO26-L47-Q051,BIO26-PDF219-L47-S2-Q051,BIO26-L47,علم البيئة,التنوع الحيوي والمحافظة عليه,219,2,51,B,1,تجميعات الأحياء 2026 — مفتاح الإجابة في PDF p.219,SOURCE_ANSWER_STRIP_EMBEDDED_TEXT,PASS_SOURCE_KEY
TAH-BIO-BIO26-L47-Q052,BIO26-PDF219-L47-S2-Q052,BIO26-L47,علم البيئة,التنوع الحيوي والمحافظة عليه,219,2,52,A,0,تجميعات الأحياء 2026 — مفتاح الإجابة في PDF p.219,SOURCE_ANSWER_STRIP_EMBEDDED_TEXT,PASS_SOURCE_KEY
TAH-BIO-BIO26-L47-Q053,BIO26-PDF219-L47-S2-Q053,BIO26-L47,علم البيئة,التنوع الحيوي والمحافظة عليه,219,2,53,A,0,تجميعات الأحياء 2026 — مفتاح الإجابة في PDF p.219,SOURCE_ANSWER_STRIP_EMBEDDED_TEXT,PASS_SOURCE_KEY
TAH-BIO-BIO26-L47-Q054,BIO26-PDF219-L47-S2-Q054,BIO26-L47,علم البيئة,التنوع الحيوي والمحافظة عليه,219,2,54,A,0,تجميعات الأحياء 2026 — مفتاح الإجابة في PDF p.219,SOURCE_ANSWER_STRIP_EMBEDDED_TEXT,PASS_SOURCE_KEY
TAH-BIO-BIO26-L47-Q055,BIO26-PDF219-L47-S2-Q055,BIO26-L47,علم البيئة,التنوع الحيوي والمحافظة عليه,219,2,55,A,0,تجميعات الأحياء 2026 — مفتاح الإجابة في PDF p.219,SOURCE_ANSWER_STRIP_EMBEDDED_TEXT,PASS_SOURCE_KEY
TAH-BIO-BIO26-L47-Q056,BIO26-PDF219-L47-S2-Q056,BIO26-L47,علم البيئة,التنوع الحيوي والمحافظة عليه,219,2,56,B,1,تجميعات الأحياء 2026 — مفتاح الإجابة في PDF p.219,SOURCE_ANSWER_STRIP_EMBEDDED_TEXT,PASS_SOURCE_KEY
TAH-BIO-BIO26-L47-Q057,BIO26-PDF219-L47-S2-Q057,BIO26-L47,علم البيئة,التنوع الحيوي والمحافظة عليه,219,2,57,D,3,تجميعات الأحياء 2026 — مفتاح الإجابة في PDF p.219,SOURCE_ANSWER_STRIP_EMBEDDED_TEXT,PASS_SOURCE_KEY
TAH-BIO-BIO26-L47-Q058,BIO26-PDF219-L47-S2-Q058,BIO26-L47,علم البيئة,التنوع الحيوي والمحافظة عليه,219,2,58,B,1,تجميعات الأحياء 2026 — مفتاح الإجابة في PDF p.219,SOURCE_ANSWER_STRIP_EMBEDDED_TEXT,PASS_SOURCE_KEY
TAH-BIO-BIO26-L47-Q059,BIO26-PDF219-L47-S2-Q059,BIO26-L47,علم البيئة,التنوع الحيوي والمحافظة عليه,219,2,59,B,1,تجميعات الأحياء 2026 — مفتاح الإجابة في PDF p.219,SOURCE_ANSWER_STRIP_EMBEDDED_TEXT,PASS_SOURCE_KEY
TAH-BIO-BIO26-L47-Q060,BIO26-PDF219-L47-S2-Q060,BIO26-L47,علم البيئة,التنوع الحيوي والمحافظة عليه,219,2,60,C,2,تجميعات الأحياء 2026 — مفتاح الإجابة في PDF p.219,SOURCE_ANSWER_STRIP_EMBEDDED_TEXT,PASS_SOURCE_KEY
TAH-BIO-BIO26-L47-Q061,BIO26-PDF219-L47-S2-Q061,BIO26-L47,علم البيئة,التنوع الحيوي والمحافظة عليه,219,2,61,A,0,تجميعات الأحياء 2026 — مفتاح الإجابة في PDF p.219,SOURCE_ANSWER_STRIP_EMBEDDED_TEXT,PASS_SOURCE_KEY
TAH-BIO-BIO26-L47-Q062,BIO26-PDF219-L47-S2-Q062,BIO26-L47,علم البيئة,التنوع الحيوي والمحافظة عليه,219,2,62,C,2,تجميعات الأحياء 2026 — مفتاح الإجابة في PDF p.219,SOURCE_ANSWER_STRIP_EMBEDDED_TEXT,PASS_SOURCE_KEY
TAH-BIO-BIO26-L47-Q063,BIO26-PDF219-L47-S2-Q063,BIO26-L47,علم البيئة,التنوع الحيوي والمحافظة عليه,219,2,63,D,3,تجميعات الأحياء 2026 — مفتاح الإجابة في PDF p.219,SOURCE_ANSWER_STRIP_EMBEDDED_TEXT,PASS_SOURCE_KEY
TAH-BIO-BIO26-L47-Q064,BIO26-PDF219-L47-S2-Q064,BIO26-L47,علم البيئة,التنوع الحيوي والمحافظة عليه,219,2,64,B,1,تجميعات الأحياء 2026 — مفتاح الإجابة في PDF p.219,SOURCE_ANSWER_STRIP_EMBEDDED_TEXT,PASS_SOURCE_KEY
TAH-BIO-BIO26-L47-Q065,BIO26-PDF219-L47-S2-Q065,BIO26-L47,علم البيئة,التنوع الحيوي والمحافظة عليه,219,2,65,D,3,تجميعات الأحياء 2026 — مفتاح الإجابة في PDF p.219,SOURCE_ANSWER_STRIP_EMBEDDED_TEXT,PASS_SOURCE_KEY
TAH-BIO-BIO26-L47-Q066,BIO26-PDF219-L47-S2-Q066,BIO26-L47,علم البيئة,التنوع الحيوي والمحافظة عليه,219,2,66,C,2,تجميعات الأحياء 2026 — مفتاح الإجابة في PDF p.219,SOURCE_ANSWER_STRIP_EMBEDDED_TEXT,PASS_SOURCE_KEY
TAH-BIO-BIO26-L47-Q067,BIO26-PDF220-L47-S2-Q067,BIO26-L47,علم البيئة,التنوع الحيوي والمحافظة عليه,220,2,67,A,0,تجميعات الأحياء 2026 — مفتاح الإجابة في PDF p.220,SOURCE_ANSWER_STRIP_EMBEDDED_TEXT,PASS_SOURCE_KEY
TAH-BIO-BIO26-L47-Q068,BIO26-PDF220-L47-S2-Q068,BIO26-L47,علم البيئة,التنوع الحيوي والمحافظة عليه,220,2,68,A,0,تجميعات الأحياء 2026 — مفتاح الإجابة في PDF p.220,SOURCE_ANSWER_STRIP_EMBEDDED_TEXT,PASS_SOURCE_KEY
TAH-BIO-BIO26-L47-Q069,BIO26-PDF220-L47-S2-Q069,BIO26-L47,علم البيئة,التنوع الحيوي والمحافظة عليه,220,2,69,C,2,تجميعات الأحياء 2026 — مفتاح الإجابة في PDF p.220,SOURCE_ANSWER_STRIP_EMBEDDED_TEXT,PASS_SOURCE_KEY
TAH-BIO-BIO26-L47-Q070,BIO26-PDF220-L47-S2-Q070,BIO26-L47,علم البيئة,التنوع الحيوي والمحافظة عليه,220,2,70,C,2,تجميعات الأحياء 2026 — مفتاح الإجابة في PDF p.220,SOURCE_ANSWER_STRIP_EMBEDDED_TEXT,PASS_SOURCE_KEY
TAH-BIO-BIO26-L47-Q071,BIO26-PDF220-L47-S2-Q071,BIO26-L47,علم البيئة,التنوع الحيوي والمحافظة عليه,220,2,71,A,0,تجميعات الأحياء 2026 — مفتاح الإجابة في PDF p.220,SOURCE_ANSWER_STRIP_EMBEDDED_TEXT,PASS_SOURCE_KEY
TAH-BIO-BIO26-L47-Q072,BIO26-PDF220-L47-S2-Q072,BIO26-L47,علم البيئة,التنوع الحيوي والمحافظة عليه,220,2,72,B,1,تجميعات الأحياء 2026 — مفتاح الإجابة في PDF p.220,SOURCE_ANSWER_STRIP_EMBEDDED_TEXT,PASS_SOURCE_KEY
TAH-BIO-BIO26-L47-Q073,BIO26-PDF220-L47-S2-Q073,BIO26-L47,علم البيئة,التنوع الحيوي والمحافظة عليه,220,2,73,B,1,تجميعات الأحياء 2026 — مفتاح الإجابة في PDF p.220,SOURCE_ANSWER_STRIP_EMBEDDED_TEXT,PASS_SOURCE_KEY
TAH-BIO-BIO26-L47-Q074,BIO26-PDF220-L47-S2-Q074,BIO26-L47,علم البيئة,التنوع الحيوي والمحافظة عليه,220,2,74,A,0,تجميعات الأحياء 2026 — مفتاح الإجابة في PDF p.220,SOURCE_ANSWER_STRIP_EMBEDDED_TEXT,PASS_SOURCE_KEY
TAH-BIO-BIO26-L47-Q075,BIO26-PDF220-L47-S2-Q075,BIO26-L47,علم البيئة,التنوع الحيوي والمحافظة عليه,220,2,75,A,0,تجميعات الأحياء 2026 — مفتاح الإجابة في PDF p.220,SOURCE_ANSWER_STRIP_EMBEDDED_TEXT,PASS_SOURCE_KEY
TAH-BIO-BIO26-L47-Q076,BIO26-PDF220-L47-S2-Q076,BIO26-L47,علم البيئة,التنوع الحيوي والمحافظة عليه,220,2,76,D,3,تجميعات الأحياء 2026 — مفتاح الإجابة في PDF p.220,SOURCE_ANSWER_STRIP_EMBEDDED_TEXT,PASS_SOURCE_KEY
TAH-BIO-BIO26-L47-Q077,BIO26-PDF220-L47-S2-Q077,BIO26-L47,علم البيئة,التنوع الحيوي والمحافظة عليه,220,2,77,A,0,تجميعات الأحياء 2026 — مفتاح الإجابة في PDF p.220,SOURCE_ANSWER_STRIP_EMBEDDED_TEXT,PASS_SOURCE_KEY
TAH-BIO-BIO26-L47-Q078,BIO26-PDF220-L47-S2-Q078,BIO26-L47,علم البيئة,التنوع الحيوي والمحافظة عليه,220,2,78,A,0,تجميعات الأحياء 2026 — مفتاح الإجابة في PDF p.220,SOURCE_ANSWER_STRIP_EMBEDDED_TEXT,PASS_SOURCE_KEY
TAH-BIO-BIO26-L48-Q001,BIO26-PDF221-L48-S1-Q001,BIO26-L48,علم البيئة,سلوك الحيوان,221,1,1,B,1,تجميعات الأحياء 2026 — مفتاح الإجابة في PDF p.221,SOURCE_ANSWER_STRIP_EMBEDDED_TEXT,PASS_SOURCE_KEY
TAH-BIO-BIO26-L48-Q002,BIO26-PDF221-L48-S1-Q002,BIO26-L48,علم البيئة,سلوك الحيوان,221,1,2,B,1,تجميعات الأحياء 2026 — مفتاح الإجابة في PDF p.221,SOURCE_ANSWER_STRIP_EMBEDDED_TEXT,PASS_SOURCE_KEY
TAH-BIO-BIO26-L48-Q003,BIO26-PDF221-L48-S1-Q003,BIO26-L48,علم البيئة,سلوك الحيوان,221,1,3,B,1,تجميعات الأحياء 2026 — مفتاح الإجابة في PDF p.221,SOURCE_ANSWER_STRIP_EMBEDDED_TEXT,PASS_SOURCE_KEY
TAH-BIO-BIO26-L48-Q004,BIO26-PDF221-L48-S1-Q004,BIO26-L48,علم البيئة,سلوك الحيوان,221,1,4,C,2,تجميعات الأحياء 2026 — مفتاح الإجابة في PDF p.221,SOURCE_ANSWER_STRIP_EMBEDDED_TEXT,PASS_SOURCE_KEY
TAH-BIO-BIO26-L48-Q005,BIO26-PDF221-L48-S1-Q005,BIO26-L48,علم البيئة,سلوك الحيوان,221,1,5,C,2,تجميعات الأحياء 2026 — مفتاح الإجابة في PDF p.221,SOURCE_ANSWER_STRIP_EMBEDDED_TEXT,PASS_SOURCE_KEY
TAH-BIO-BIO26-L48-Q006,BIO26-PDF221-L48-S1-Q006,BIO26-L48,علم البيئة,سلوك الحيوان,221,1,6,B,1,تجميعات الأحياء 2026 — مفتاح الإجابة في PDF p.221,SOURCE_ANSWER_STRIP_EMBEDDED_TEXT,PASS_SOURCE_KEY
TAH-BIO-BIO26-L48-Q007,BIO26-PDF221-L48-S1-Q007,BIO26-L48,علم البيئة,سلوك الحيوان,221,1,7,C,2,تجميعات الأحياء 2026 — مفتاح الإجابة في PDF p.221,SOURCE_ANSWER_STRIP_EMBEDDED_TEXT,PASS_SOURCE_KEY
TAH-BIO-BIO26-L48-Q008,BIO26-PDF221-L48-S1-Q008,BIO26-L48,علم البيئة,سلوك الحيوان,221,1,8,B,1,تجميعات الأحياء 2026 — مفتاح الإجابة في PDF p.221,SOURCE_ANSWER_STRIP_EMBEDDED_TEXT,PASS_SOURCE_KEY
TAH-BIO-BIO26-L48-Q009,BIO26-PDF221-L48-S1-Q009,BIO26-L48,علم البيئة,سلوك الحيوان,221,1,9,C,2,تجميعات الأحياء 2026 — مفتاح الإجابة في PDF p.221,SOURCE_ANSWER_STRIP_EMBEDDED_TEXT,PASS_SOURCE_KEY
TAH-BIO-BIO26-L48-Q010,BIO26-PDF221-L48-S1-Q010,BIO26-L48,علم البيئة,سلوك الحيوان,221,1,10,D,3,تجميعات الأحياء 2026 — مفتاح الإجابة في PDF p.221,SOURCE_ANSWER_STRIP_EMBEDDED_TEXT,PASS_SOURCE_KEY
TAH-BIO-BIO26-L48-Q011,BIO26-PDF221-L48-S1-Q011,BIO26-L48,علم البيئة,سلوك الحيوان,221,1,11,B,1,تجميعات الأحياء 2026 — مفتاح الإجابة في PDF p.221,SOURCE_ANSWER_STRIP_EMBEDDED_TEXT,PASS_SOURCE_KEY
TAH-BIO-BIO26-L48-Q012,BIO26-PDF221-L48-S1-Q012,BIO26-L48,علم البيئة,سلوك الحيوان,221,1,12,B,1,تجميعات الأحياء 2026 — مفتاح الإجابة في PDF p.221,SOURCE_ANSWER_STRIP_EMBEDDED_TEXT,PASS_SOURCE_KEY
TAH-BIO-BIO26-L48-Q013,BIO26-PDF221-L48-S1-Q013,BIO26-L48,علم البيئة,سلوك الحيوان,221,1,13,C,2,تجميعات الأحياء 2026 — مفتاح الإجابة في PDF p.221,SOURCE_ANSWER_STRIP_EMBEDDED_TEXT,PASS_SOURCE_KEY
TAH-BIO-BIO26-L48-Q014,BIO26-PDF221-L48-S1-Q014,BIO26-L48,علم البيئة,سلوك الحيوان,221,1,14,C,2,تجميعات الأحياء 2026 — مفتاح الإجابة في PDF p.221,SOURCE_ANSWER_STRIP_EMBEDDED_TEXT,PASS_SOURCE_KEY
TAH-BIO-BIO26-L48-Q015,BIO26-PDF221-L48-S1-Q015,BIO26-L48,علم البيئة,سلوك الحيوان,221,1,15,C,2,تجميعات الأحياء 2026 — مفتاح الإجابة في PDF p.221,SOURCE_ANSWER_STRIP_EMBEDDED_TEXT,PASS_SOURCE_KEY
TAH-BIO-BIO26-L48-Q016,BIO26-PDF221-L48-S1-Q016,BIO26-L48,علم البيئة,سلوك الحيوان,221,1,16,C,2,تجميعات الأحياء 2026 — مفتاح الإجابة في PDF p.221,SOURCE_ANSWER_STRIP_EMBEDDED_TEXT,PASS_SOURCE_KEY
TAH-BIO-BIO26-L48-Q017,BIO26-PDF222-L48-S1-Q017,BIO26-L48,علم البيئة,سلوك الحيوان,222,1,17,B,1,تجميعات الأحياء 2026 — مفتاح الإجابة في PDF p.222,SOURCE_ANSWER_STRIP_EMBEDDED_TEXT,PASS_SOURCE_KEY
TAH-BIO-BIO26-L48-Q018,BIO26-PDF222-L48-S1-Q018,BIO26-L48,علم البيئة,سلوك الحيوان,222,1,18,D,3,تجميعات الأحياء 2026 — مفتاح الإجابة في PDF p.222,SOURCE_ANSWER_STRIP_EMBEDDED_TEXT,PASS_SOURCE_KEY
TAH-BIO-BIO26-L48-Q019,BIO26-PDF222-L48-S1-Q019,BIO26-L48,علم البيئة,سلوك الحيوان,222,1,19,B,1,تجميعات الأحياء 2026 — مفتاح الإجابة في PDF p.222,SOURCE_ANSWER_STRIP_EMBEDDED_TEXT,PASS_SOURCE_KEY
TAH-BIO-BIO26-L48-Q020,BIO26-PDF222-L48-S1-Q020,BIO26-L48,علم البيئة,سلوك الحيوان,222,1,20,A,0,تجميعات الأحياء 2026 — مفتاح الإجابة في PDF p.222,SOURCE_ANSWER_STRIP_EMBEDDED_TEXT,PASS_SOURCE_KEY
TAH-BIO-BIO26-L48-Q021,BIO26-PDF222-L48-S1-Q021,BIO26-L48,علم البيئة,سلوك الحيوان,222,1,21,A,0,تجميعات الأحياء 2026 — مفتاح الإجابة في PDF p.222,SOURCE_ANSWER_STRIP_EMBEDDED_TEXT,PASS_SOURCE_KEY
TAH-BIO-BIO26-L48-Q022,BIO26-PDF222-L48-S1-Q022,BIO26-L48,علم البيئة,سلوك الحيوان,222,1,22,C,2,تجميعات الأحياء 2026 — مفتاح الإجابة في PDF p.222,SOURCE_ANSWER_STRIP_EMBEDDED_TEXT,PASS_SOURCE_KEY
TAH-BIO-BIO26-L48-Q023,BIO26-PDF222-L48-S1-Q023,BIO26-L48,علم البيئة,سلوك الحيوان,222,1,23,C,2,تجميعات الأحياء 2026 — مفتاح الإجابة في PDF p.222,SOURCE_ANSWER_STRIP_EMBEDDED_TEXT,PASS_SOURCE_KEY
TAH-BIO-BIO26-L48-Q024,BIO26-PDF222-L48-S1-Q024,BIO26-L48,علم البيئة,سلوك الحيوان,222,1,24,C,2,تجميعات الأحياء 2026 — مفتاح الإجابة في PDF p.222,SOURCE_ANSWER_STRIP_EMBEDDED_TEXT,PASS_SOURCE_KEY
TAH-BIO-BIO26-L48-Q025,BIO26-PDF222-L48-S1-Q025,BIO26-L48,علم البيئة,سلوك الحيوان,222,1,25,B,1,تجميعات الأحياء 2026 — مفتاح الإجابة في PDF p.222,SOURCE_ANSWER_STRIP_EMBEDDED_TEXT,PASS_SOURCE_KEY
TAH-BIO-BIO26-L48-Q026,BIO26-PDF222-L48-S1-Q026,BIO26-L48,علم البيئة,سلوك الحيوان,222,1,26,B,1,تجميعات الأحياء 2026 — مفتاح الإجابة في PDF p.222,SOURCE_ANSWER_STRIP_EMBEDDED_TEXT,PASS_SOURCE_KEY
TAH-BIO-BIO26-L48-Q027,BIO26-PDF222-L48-S1-Q027,BIO26-L48,علم البيئة,سلوك الحيوان,222,1,27,A,0,تجميعات الأحياء 2026 — مفتاح الإجابة في PDF p.222,SOURCE_ANSWER_STRIP_EMBEDDED_TEXT,PASS_SOURCE_KEY
TAH-BIO-BIO26-L48-Q028,BIO26-PDF222-L48-S1-Q028,BIO26-L48,علم البيئة,سلوك الحيوان,222,1,28,C,2,تجميعات الأحياء 2026 — مفتاح الإجابة في PDF p.222,SOURCE_ANSWER_STRIP_EMBEDDED_TEXT,PASS_SOURCE_KEY
TAH-BIO-BIO26-L48-Q029,BIO26-PDF222-L48-S1-Q029,BIO26-L48,علم البيئة,سلوك الحيوان,222,1,29,A,0,تجميعات الأحياء 2026 — مفتاح الإجابة في PDF p.222,SOURCE_ANSWER_STRIP_EMBEDDED_TEXT,PASS_SOURCE_KEY
TAH-BIO-BIO26-L48-Q030,BIO26-PDF222-L48-S1-Q030,BIO26-L48,علم البيئة,سلوك الحيوان,222,1,30,D,3,تجميعات الأحياء 2026 — مفتاح الإجابة في PDF p.222,SOURCE_ANSWER_STRIP_EMBEDDED_TEXT,PASS_SOURCE_KEY
TAH-BIO-BIO26-L48-Q031,BIO26-PDF222-L48-S1-Q031,BIO26-L48,علم البيئة,سلوك الحيوان,222,1,31,B,1,تجميعات الأحياء 2026 — مفتاح الإجابة في PDF p.222,SOURCE_ANSWER_STRIP_EMBEDDED_TEXT,PASS_SOURCE_KEY
TAH-BIO-BIO26-L48-Q032,BIO26-PDF222-L48-S1-Q032,BIO26-L48,علم البيئة,سلوك الحيوان,222,1,32,B,1,تجميعات الأحياء 2026 — مفتاح الإجابة في PDF p.222,SOURCE_ANSWER_STRIP_EMBEDDED_TEXT,PASS_SOURCE_KEY
TAH-BIO-BIO26-L48-Q033,BIO26-PDF222-L48-S1-Q033,BIO26-L48,علم البيئة,سلوك الحيوان,222,1,33,A,0,تجميعات الأحياء 2026 — مفتاح الإجابة في PDF p.222,SOURCE_ANSWER_STRIP_EMBEDDED_TEXT,PASS_SOURCE_KEY
TAH-BIO-BIO26-L48-Q034,BIO26-PDF222-L48-S1-Q034,BIO26-L48,علم البيئة,سلوك الحيوان,222,1,34,B,1,تجميعات الأحياء 2026 — مفتاح الإجابة في PDF p.222,SOURCE_ANSWER_STRIP_EMBEDDED_TEXT,PASS_SOURCE_KEY
TAH-BIO-BIO26-L48-Q035,BIO26-PDF222-L48-S1-Q035,BIO26-L48,علم البيئة,سلوك الحيوان,222,1,35,D,3,تجميعات الأحياء 2026 — مفتاح الإجابة في PDF p.222,SOURCE_ANSWER_STRIP_EMBEDDED_TEXT,PASS_SOURCE_KEY
TAH-BIO-BIO26-L48-Q036,BIO26-PDF223-L48-S1-Q036,BIO26-L48,علم البيئة,سلوك الحيوان,223,1,36,A,0,تجميعات الأحياء 2026 — مفتاح الإجابة في PDF p.223,SOURCE_ANSWER_STRIP_EMBEDDED_TEXT,PASS_SOURCE_KEY
TAH-BIO-BIO26-L48-Q037,BIO26-PDF223-L48-S1-Q037,BIO26-L48,علم البيئة,سلوك الحيوان,223,1,37,A,0,تجميعات الأحياء 2026 — مفتاح الإجابة في PDF p.223,SOURCE_ANSWER_STRIP_EMBEDDED_TEXT,PASS_SOURCE_KEY
TAH-BIO-BIO26-L48-Q038,BIO26-PDF223-L48-S1-Q038,BIO26-L48,علم البيئة,سلوك الحيوان,223,1,38,B,1,تجميعات الأحياء 2026 — مفتاح الإجابة في PDF p.223,SOURCE_ANSWER_STRIP_EMBEDDED_TEXT,PASS_SOURCE_KEY
TAH-BIO-BIO26-L48-Q039,BIO26-PDF223-L48-S1-Q039,BIO26-L48,علم البيئة,سلوك الحيوان,223,1,39,B,1,تجميعات الأحياء 2026 — مفتاح الإجابة في PDF p.223,SOURCE_ANSWER_STRIP_EMBEDDED_TEXT,PASS_SOURCE_KEY
TAH-BIO-BIO26-L48-Q040,BIO26-PDF223-L48-S1-Q040,BIO26-L48,علم البيئة,سلوك الحيوان,223,1,40,A,0,تجميعات الأحياء 2026 — مفتاح الإجابة في PDF p.223,SOURCE_ANSWER_STRIP_EMBEDDED_TEXT,PASS_SOURCE_KEY
TAH-BIO-BIO26-L48-Q041,BIO26-PDF223-L48-S1-Q041,BIO26-L48,علم البيئة,سلوك الحيوان,223,1,41,D,3,تجميعات الأحياء 2026 — مفتاح الإجابة في PDF p.223,SOURCE_ANSWER_STRIP_EMBEDDED_TEXT,PASS_SOURCE_KEY
TAH-BIO-BIO26-L48-Q042,BIO26-PDF223-L48-S1-Q042,BIO26-L48,علم البيئة,سلوك الحيوان,223,1,42,D,3,تجميعات الأحياء 2026 — مفتاح الإجابة في PDF p.223,SOURCE_ANSWER_STRIP_EMBEDDED_TEXT,PASS_SOURCE_KEY
TAH-BIO-BIO26-L48-Q043,BIO26-PDF223-L48-S1-Q043,BIO26-L48,علم البيئة,سلوك الحيوان,223,1,43,A,0,تجميعات الأحياء 2026 — مفتاح الإجابة في PDF p.223,SOURCE_ANSWER_STRIP_EMBEDDED_TEXT,PASS_SOURCE_KEY
TAH-BIO-BIO26-L48-Q044,BIO26-PDF223-L48-S1-Q044,BIO26-L48,علم البيئة,سلوك الحيوان,223,1,44,D,3,تجميعات الأحياء 2026 — مفتاح الإجابة في PDF p.223,SOURCE_ANSWER_STRIP_EMBEDDED_TEXT,PASS_SOURCE_KEY
TAH-BIO-BIO26-L48-Q045,BIO26-PDF223-L48-S1-Q045,BIO26-L48,علم البيئة,سلوك الحيوان,223,1,45,A,0,تجميعات الأحياء 2026 — مفتاح الإجابة في PDF p.223,SOURCE_ANSWER_STRIP_EMBEDDED_TEXT,PASS_SOURCE_KEY
TAH-BIO-BIO26-L48-Q046,BIO26-PDF223-L48-S1-Q046,BIO26-L48,علم البيئة,سلوك الحيوان,223,1,46,A,0,تجميعات الأحياء 2026 — مفتاح الإجابة في PDF p.223,SOURCE_ANSWER_STRIP_EMBEDDED_TEXT,PASS_SOURCE_KEY
TAH-BIO-BIO26-L48-Q047,BIO26-PDF223-L48-S1-Q047,BIO26-L48,علم البيئة,سلوك الحيوان,223,1,47,B,1,تجميعات الأحياء 2026 — مفتاح الإجابة في PDF p.223,SOURCE_ANSWER_STRIP_EMBEDDED_TEXT,PASS_SOURCE_KEY
TAH-BIO-BIO26-L48-Q048,BIO26-PDF223-L48-S1-Q048,BIO26-L48,علم البيئة,سلوك الحيوان,223,1,48,A,0,تجميعات الأحياء 2026 — مفتاح الإجابة في PDF p.223,SOURCE_ANSWER_STRIP_EMBEDDED_TEXT,PASS_SOURCE_KEY
TAH-BIO-BIO26-L48-Q049,BIO26-PDF224-L48-S2-Q049,BIO26-L48,علم البيئة,سلوك الحيوان,224,2,49,A,0,تجميعات الأحياء 2026 — مفتاح الإجابة في PDF p.224,SOURCE_ANSWER_STRIP_EMBEDDED_TEXT,PASS_SOURCE_KEY
TAH-BIO-BIO26-L48-Q050,BIO26-PDF224-L48-S2-Q050,BIO26-L48,علم البيئة,سلوك الحيوان,224,2,50,D,3,تجميعات الأحياء 2026 — مفتاح الإجابة في PDF p.224,SOURCE_ANSWER_STRIP_EMBEDDED_TEXT,PASS_SOURCE_KEY
TAH-BIO-BIO26-L48-Q051,BIO26-PDF224-L48-S2-Q051,BIO26-L48,علم البيئة,سلوك الحيوان,224,2,51,D,3,تجميعات الأحياء 2026 — مفتاح الإجابة في PDF p.224,SOURCE_ANSWER_STRIP_EMBEDDED_TEXT,PASS_SOURCE_KEY
TAH-BIO-BIO26-L48-Q052,BIO26-PDF224-L48-S2-Q052,BIO26-L48,علم البيئة,سلوك الحيوان,224,2,52,C,2,تجميعات الأحياء 2026 — مفتاح الإجابة في PDF p.224,SOURCE_ANSWER_STRIP_EMBEDDED_TEXT,PASS_SOURCE_KEY
TAH-BIO-BIO26-L48-Q053,BIO26-PDF224-L48-S2-Q053,BIO26-L48,علم البيئة,سلوك الحيوان,224,2,53,B,1,تجميعات الأحياء 2026 — مفتاح الإجابة في PDF p.224,SOURCE_ANSWER_STRIP_EMBEDDED_TEXT,PASS_SOURCE_KEY
TAH-BIO-BIO26-L48-Q054,BIO26-PDF224-L48-S2-Q054,BIO26-L48,علم البيئة,سلوك الحيوان,224,2,54,D,3,تجميعات الأحياء 2026 — مفتاح الإجابة في PDF p.224,SOURCE_ANSWER_STRIP_EMBEDDED_TEXT,PASS_SOURCE_KEY
TAH-BIO-BIO26-L48-Q055,BIO26-PDF224-L48-S2-Q055,BIO26-L48,علم البيئة,سلوك الحيوان,224,2,55,B,1,تجميعات الأحياء 2026 — مفتاح الإجابة في PDF p.224,SOURCE_ANSWER_STRIP_EMBEDDED_TEXT,PASS_SOURCE_KEY
TAH-BIO-BIO26-L48-Q056,BIO26-PDF224-L48-S2-Q056,BIO26-L48,علم البيئة,سلوك الحيوان,224,2,56,A,0,تجميعات الأحياء 2026 — مفتاح الإجابة في PDF p.224,SOURCE_ANSWER_STRIP_EMBEDDED_TEXT,PASS_SOURCE_KEY
TAH-BIO-BIO26-L48-Q057,BIO26-PDF224-L48-S2-Q057,BIO26-L48,علم البيئة,سلوك الحيوان,224,2,57,B,1,تجميعات الأحياء 2026 — مفتاح الإجابة في PDF p.224,SOURCE_ANSWER_STRIP_EMBEDDED_TEXT,PASS_SOURCE_KEY
TAH-BIO-BIO26-L48-Q058,BIO26-PDF224-L48-S2-Q058,BIO26-L48,علم البيئة,سلوك الحيوان,224,2,58,A,0,تجميعات الأحياء 2026 — مفتاح الإجابة في PDF p.224,SOURCE_ANSWER_STRIP_EMBEDDED_TEXT,PASS_SOURCE_KEY
TAH-BIO-BIO26-L48-Q059,BIO26-PDF224-L48-S2-Q059,BIO26-L48,علم البيئة,سلوك الحيوان,224,2,59,D,3,تجميعات الأحياء 2026 — مفتاح الإجابة في PDF p.224,SOURCE_ANSWER_STRIP_EMBEDDED_TEXT,PASS_SOURCE_KEY
TAH-BIO-BIO26-L48-Q060,BIO26-PDF224-L48-S2-Q060,BIO26-L48,علم البيئة,سلوك الحيوان,224,2,60,B,1,تجميعات الأحياء 2026 — مفتاح الإجابة في PDF p.224,SOURCE_ANSWER_STRIP_EMBEDDED_TEXT,PASS_SOURCE_KEY
TAH-BIO-BIO26-L48-Q061,BIO26-PDF224-L48-S2-Q061,BIO26-L48,علم البيئة,سلوك الحيوان,224,2,61,A,0,تجميعات الأحياء 2026 — مفتاح الإجابة في PDF p.224,SOURCE_ANSWER_STRIP_EMBEDDED_TEXT,PASS_SOURCE_KEY
TAH-BIO-BIO26-L48-Q062,BIO26-PDF224-L48-S2-Q062,BIO26-L48,علم البيئة,سلوك الحيوان,224,2,62,C,2,تجميعات الأحياء 2026 — مفتاح الإجابة في PDF p.224,SOURCE_ANSWER_STRIP_EMBEDDED_TEXT,PASS_SOURCE_KEY
TAH-BIO-BIO26-L48-Q063,BIO26-PDF224-L48-S2-Q063,BIO26-L48,علم البيئة,سلوك الحيوان,224,2,63,D,3,تجميعات الأحياء 2026 — مفتاح الإجابة في PDF p.224,SOURCE_ANSWER_STRIP_EMBEDDED_TEXT,PASS_SOURCE_KEY
TAH-BIO-BIO26-L48-Q064,BIO26-PDF224-L48-S2-Q064,BIO26-L48,علم البيئة,سلوك الحيوان,224,2,64,A,0,تجميعات الأحياء 2026 — مفتاح الإجابة في PDF p.224,SOURCE_ANSWER_STRIP_EMBEDDED_TEXT,PASS_SOURCE_KEY
TAH-BIO-BIO26-L48-Q065,BIO26-PDF224-L48-S2-Q065,BIO26-L48,علم البيئة,سلوك الحيوان,224,2,65,A,0,تجميعات الأحياء 2026 — مفتاح الإجابة في PDF p.224,SOURCE_ANSWER_STRIP_EMBEDDED_TEXT,PASS_SOURCE_KEY
TAH-BIO-BIO26-L48-Q066,BIO26-PDF225-L48-S2-Q066,BIO26-L48,علم البيئة,سلوك الحيوان,225,2,66,D,3,تجميعات الأحياء 2026 — مفتاح الإجابة في PDF p.225,SOURCE_ANSWER_STRIP_EMBEDDED_TEXT,PASS_SOURCE_KEY
TAH-BIO-BIO26-L48-Q067,BIO26-PDF225-L48-S2-Q067,BIO26-L48,علم البيئة,سلوك الحيوان,225,2,67,A,0,تجميعات الأحياء 2026 — مفتاح الإجابة في PDF p.225,SOURCE_ANSWER_STRIP_EMBEDDED_TEXT,PASS_SOURCE_KEY
TAH-BIO-BIO26-L48-Q068,BIO26-PDF225-L48-S2-Q068,BIO26-L48,علم البيئة,سلوك الحيوان,225,2,68,A,0,تجميعات الأحياء 2026 — مفتاح الإجابة في PDF p.225,SOURCE_ANSWER_STRIP_EMBEDDED_TEXT,PASS_SOURCE_KEY
TAH-BIO-BIO26-L48-Q069,BIO26-PDF225-L48-S2-Q069,BIO26-L48,علم البيئة,سلوك الحيوان,225,2,69,D,3,تجميعات الأحياء 2026 — مفتاح الإجابة في PDF p.225,SOURCE_ANSWER_STRIP_EMBEDDED_TEXT,PASS_SOURCE_KEY
TAH-BIO-BIO26-L48-Q070,BIO26-PDF225-L48-S2-Q070,BIO26-L48,علم البيئة,سلوك الحيوان,225,2,70,C,2,تجميعات الأحياء 2026 — مفتاح الإجابة في PDF p.225,SOURCE_ANSWER_STRIP_EMBEDDED_TEXT,PASS_SOURCE_KEY
TAH-BIO-BIO26-L48-Q071,BIO26-PDF225-L48-S2-Q071,BIO26-L48,علم البيئة,سلوك الحيوان,225,2,71,C,2,تجميعات الأحياء 2026 — مفتاح الإجابة في PDF p.225,SOURCE_ANSWER_STRIP_EMBEDDED_TEXT,PASS_SOURCE_KEY
TAH-BIO-BIO26-L48-Q072,BIO26-PDF225-L48-S2-Q072,BIO26-L48,علم البيئة,سلوك الحيوان,225,2,72,B,1,تجميعات الأحياء 2026 — مفتاح الإجابة في PDF p.225,SOURCE_ANSWER_STRIP_EMBEDDED_TEXT,PASS_SOURCE_KEY
TAH-BIO-BIO26-L48-Q073,BIO26-PDF225-L48-S2-Q073,BIO26-L48,علم البيئة,سلوك الحيوان,225,2,73,C,2,تجميعات الأحياء 2026 — مفتاح الإجابة في PDF p.225,SOURCE_ANSWER_STRIP_EMBEDDED_TEXT,PASS_SOURCE_KEY
TAH-BIO-BIO26-L48-Q074,BIO26-PDF225-L48-S2-Q074,BIO26-L48,علم البيئة,سلوك الحيوان,225,2,74,A,0,تجميعات الأحياء 2026 — مفتاح الإجابة في PDF p.225,SOURCE_ANSWER_STRIP_EMBEDDED_TEXT,PASS_SOURCE_KEY
TAH-BIO-BIO26-L48-Q075,BIO26-PDF225-L48-S2-Q075,BIO26-L48,علم البيئة,سلوك الحيوان,225,2,75,A,0,تجميعات الأحياء 2026 — مفتاح الإجابة في PDF p.225,SOURCE_ANSWER_STRIP_EMBEDDED_TEXT,PASS_SOURCE_KEY
TAH-BIO-BIO26-L48-Q076,BIO26-PDF225-L48-S2-Q076,BIO26-L48,علم البيئة,سلوك الحيوان,225,2,76,B,1,تجميعات الأحياء 2026 — مفتاح الإجابة في PDF p.225,SOURCE_ANSWER_STRIP_EMBEDDED_TEXT,PASS_SOURCE_KEY
TAH-BIO-BIO26-L48-Q077,BIO26-PDF225-L48-S2-Q077,BIO26-L48,علم البيئة,سلوك الحيوان,225,2,77,B,1,تجميعات الأحياء 2026 — مفتاح الإجابة في PDF p.225,SOURCE_ANSWER_STRIP_EMBEDDED_TEXT,PASS_SOURCE_KEY
TAH-BIO-BIO26-L48-Q078,BIO26-PDF225-L48-S2-Q078,BIO26-L48,علم البيئة,سلوك الحيوان,225,2,78,C,2,تجميعات الأحياء 2026 — مفتاح الإجابة في PDF p.225,SOURCE_ANSWER_STRIP_EMBEDDED_TEXT,PASS_SOURCE_KEY
TAH-BIO-BIO26-L48-Q079,BIO26-PDF225-L48-S2-Q079,BIO26-L48,علم البيئة,سلوك الحيوان,225,2,79,A,0,تجميعات الأحياء 2026 — مفتاح الإجابة في PDF p.225,SOURCE_ANSWER_STRIP_EMBEDDED_TEXT,PASS_SOURCE_KEY
TAH-BIO-BIO26-L48-Q080,BIO26-PDF225-L48-S2-Q080,BIO26-L48,علم البيئة,سلوك الحيوان,225,2,80,A,0,تجميعات الأحياء 2026 — مفتاح الإجابة في PDF p.225,SOURCE_ANSWER_STRIP_EMBEDDED_TEXT,PASS_SOURCE_KEY
